2025-10-28 15:01:22,658 - train_greyscale_FA_MoE.py - ckpt_root: output/acdc_wholeheart_uncond_fa_ec_moe_greyscale_uvit_mid_4by4_l6r9_minmax/ckpts
dataset:
  SNR_scale: 4.0
  Y_bound: !!python/tuple
  - 774.0
  Y_entropy: !!python/tuple
  - 5.287
  - 2.936
  - 3.005
  - 1.94
  - 2.216
  - 1.866
  - 1.186
  - 1.561
  - 1.581
  - 1.169
  - 1.024
  - 1.252
  - 1.071
  - 1.0
  - 1.0
  - 1.0
  Y_max: !!python/tuple
  - 774.0
  - 112.375
  - 125.812
  - 49.0
  - 58.5
  - 46.5
  - 20.344
  - 32.906
  - 33.406
  - 19.953
  - 15.953
  - 22.0
  - 16.984
  - 12.812
  - 11.68
  - 7.461
  Y_mean: !!python/tuple
  - 241.045
  - -0.725
  - 0.44
  - 0.107
  - 0.009
  - 0.154
  - -0.057
  - 0.0
  - -0.008
  - 0.019
  - 0.009
  - -0.012
  - 0.005
  - 0.002
  - 0.004
  - -0.002
  Y_min: !!python/tuple
  - 9.5
  - -119.312
  - -122.375
  - -51.25
  - -58.906
  - -49.5
  - -20.688
  - -32.906
  - -33.094
  - -19.891
  - -15.891
  - -21.75
  - -16.969
  - -12.773
  - -11.648
  - -7.492
  Y_std: !!python/tuple
  - 182.467
  - 32.821
  - 34.996
  - 14.001
  - 17.621
  - 13.189
  - 5.79
  - 9.609
  - 9.805
  - 5.652
  - 4.634
  - 6.502
  - 4.963
  - 3.796
  - 3.44
  - 2.178
  block_sz: 4
  dataset_type: wholeheart
  frequency_aware_tokens: true
  greyscale: true
  low_freqs: 12
  name: acdc_uncond
  num_fa_length: 6
  num_fa_repeats: 9
  num_fa_repeats_x: 3
  num_fa_repeats_y: 3
  path: data/scratch/datasets/ACDC/Unlabeled/Wholeheart
  resolution: 96
  reweight: true
  reweight_dim: -1
  tempature: 1.0
  tokens: 128
  tokenwise_normalization: minmax
lr_scheduler:
  name: customized
  warmup_steps: 5000
mixed_precision: 'no'
name: acdc_wholeheart_uncond_uvit_FA_EC_MoE_greyscale_mid_4by4
nnet:
  MoE:
    aux_loss_alpha: 0.0
    depth: 1
    noise_eps: 0.01
    num_experts: 4
    router: topk
    top_k: 2
    type: ecmoe
  depth: 16
  embed_dim: 768
  in_chans: 54
  low_freqs: 12
  mlp_ratio: 4
  mlp_time_embed: true
  name: uvit_greyscale_moe
  num_classes: -1
  num_heads: 12
  qkv_bias: false
  tokens: 128
  use_moe: true
optimizer:
  betas: !!python/tuple
  - 0.99
  - 0.99
  lr: 0.0002
  name: adamw
  weight_decay: 0.03
pred: noise_pred
private:
  accountant: prv
  dp_method: dpsgd
  max_grad_norm: 1.0
  noise_multiplier: 0.5
  secure_mode: false
  target_delta: 1.0e-05
  target_epsilon: 10
  use_dp: false
sample:
  algorithm: euler_maruyama_ode
  mini_batch_size: 500
  n_samples: 50000
  path: data/scratch/samples
  sample_steps: 100
  save_npz: ''
  save_start: 20000
sample_dir: output/acdc_wholeheart_uncond_fa_ec_moe_greyscale_uvit_mid_4by4_l6r9_minmax/samples
seed: 1234
train:
  batch_size: 512
  eval_interval: 25000
  log_interval: 100
  mode: uncond
  n_steps: 500000
  save_interval: 20000
workdir: output/acdc_wholeheart_uncond_fa_ec_moe_greyscale_uvit_mid_4by4_l6r9_minmax

2025-10-28 15:01:22,768 - train_greyscale_FA_MoE.py - dataset samples: 25023
2025-10-28 15:01:22,768 - train_greyscale_FA_MoE.py - Using minmax for positional token normalization
2025-10-28 15:01:30,316 - utils.py - nnet has 163145526 parameters
2025-10-28 15:01:30,983 - train_greyscale_FA_MoE.py - using [5.287 2.936 3.005 1.94  2.216 1.866 1.186 1.561 1.581 1.169 1.024 1.252
 1.071 1.    1.    1.   ] for loss reweighting
2025-10-28 15:01:30,983 - train_greyscale_FA_MoE.py - Using temperature 1.0 for loss reweighting
2025-10-28 15:01:31,007 - train_greyscale_FA_MoE.py - Start fitting, step=0, mixed_precision=no
2025-10-28 15:06:53,205 - train_greyscale_FA_MoE.py - {'step': '100', 'lr': '4e-06', 'total_loss': '0.777754', 'main_loss': '0.777754', 'time_per_step': '2.99384'}
2025-10-28 15:11:50,450 - train_greyscale_FA_MoE.py - {'step': '200', 'lr': '8e-06', 'total_loss': '0.454518', 'main_loss': '0.454518', 'time_per_step': '2.79426'}
2025-10-28 15:16:46,832 - train_greyscale_FA_MoE.py - {'step': '300', 'lr': '1.2e-05', 'total_loss': '0.373877', 'main_loss': '0.373877', 'time_per_step': '2.86979'}
2025-10-28 15:21:45,206 - train_greyscale_FA_MoE.py - {'step': '400', 'lr': '1.6e-05', 'total_loss': '0.294391', 'main_loss': '0.294391', 'time_per_step': '2.69856'}
2025-10-28 15:26:43,884 - train_greyscale_FA_MoE.py - {'step': '500', 'lr': '2e-05', 'total_loss': '0.222122', 'main_loss': '0.222122', 'time_per_step': '2.98738'}
2025-10-28 15:31:43,010 - train_greyscale_FA_MoE.py - {'step': '600', 'lr': '2.4e-05', 'total_loss': '0.190229', 'main_loss': '0.190229', 'time_per_step': '2.72935'}
2025-10-28 15:36:41,732 - train_greyscale_FA_MoE.py - {'step': '700', 'lr': '2.8e-05', 'total_loss': '0.180408', 'main_loss': '0.180408', 'time_per_step': '2.74381'}
2025-10-28 15:41:39,571 - train_greyscale_FA_MoE.py - {'step': '800', 'lr': '3.2e-05', 'total_loss': '0.15758', 'main_loss': '0.15758', 'time_per_step': '2.69092'}
2025-10-28 15:46:37,424 - train_greyscale_FA_MoE.py - {'step': '900', 'lr': '3.6e-05', 'total_loss': '0.155723', 'main_loss': '0.155723', 'time_per_step': '3.04208'}
2025-10-28 15:51:35,357 - train_greyscale_FA_MoE.py - {'step': '1000', 'lr': '4e-05', 'total_loss': '0.153728', 'main_loss': '0.153728', 'time_per_step': '3.01101'}
2025-10-28 15:56:33,206 - train_greyscale_FA_MoE.py - {'step': '1100', 'lr': '4.4e-05', 'total_loss': '0.149425', 'main_loss': '0.149425', 'time_per_step': '2.21134'}
2025-10-28 16:01:28,460 - train_greyscale_FA_MoE.py - {'step': '1200', 'lr': '4.8e-05', 'total_loss': '0.169119', 'main_loss': '0.169119', 'time_per_step': '2.13583'}
2025-10-28 16:06:31,527 - train_greyscale_FA_MoE.py - {'step': '1300', 'lr': '5.2e-05', 'total_loss': '0.147495', 'main_loss': '0.147495', 'time_per_step': '2.95495'}
2025-10-28 16:11:28,181 - train_greyscale_FA_MoE.py - {'step': '1400', 'lr': '5.6e-05', 'total_loss': '0.15095', 'main_loss': '0.15095', 'time_per_step': '2.87836'}
2025-10-28 16:16:26,314 - train_greyscale_FA_MoE.py - {'step': '1500', 'lr': '6e-05', 'total_loss': '0.142605', 'main_loss': '0.142605', 'time_per_step': '2.73103'}
2025-10-28 16:21:24,706 - train_greyscale_FA_MoE.py - {'step': '1600', 'lr': '6.4e-05', 'total_loss': '0.138927', 'main_loss': '0.138927', 'time_per_step': '2.85432'}
2025-10-28 16:26:22,926 - train_greyscale_FA_MoE.py - {'step': '1700', 'lr': '6.8e-05', 'total_loss': '0.156091', 'main_loss': '0.156091', 'time_per_step': '3.02773'}
2025-10-28 16:31:21,041 - train_greyscale_FA_MoE.py - {'step': '1800', 'lr': '7.2e-05', 'total_loss': '0.127921', 'main_loss': '0.127921', 'time_per_step': '2.94991'}
2025-10-28 16:36:18,451 - train_greyscale_FA_MoE.py - {'step': '1900', 'lr': '7.6e-05', 'total_loss': '0.123499', 'main_loss': '0.123499', 'time_per_step': '3.0835'}
2025-10-28 16:41:16,202 - train_greyscale_FA_MoE.py - {'step': '2000', 'lr': '8e-05', 'total_loss': '0.122946', 'main_loss': '0.122946', 'time_per_step': '2.91212'}
2025-10-28 16:46:14,620 - train_greyscale_FA_MoE.py - {'step': '2100', 'lr': '8.4e-05', 'total_loss': '0.125535', 'main_loss': '0.125535', 'time_per_step': '2.67349'}
2025-10-28 16:51:12,056 - train_greyscale_FA_MoE.py - {'step': '2200', 'lr': '8.8e-05', 'total_loss': '0.131998', 'main_loss': '0.131998', 'time_per_step': '2.97651'}
2025-10-28 16:56:09,625 - train_greyscale_FA_MoE.py - {'step': '2300', 'lr': '9.2e-05', 'total_loss': '0.127722', 'main_loss': '0.127722', 'time_per_step': '2.1828'}
2025-10-28 17:01:04,224 - train_greyscale_FA_MoE.py - {'step': '2400', 'lr': '9.6e-05', 'total_loss': '0.128762', 'main_loss': '0.128762', 'time_per_step': '2.19605'}
2025-10-28 17:06:07,482 - train_greyscale_FA_MoE.py - {'step': '2500', 'lr': '0.0001', 'total_loss': '0.128081', 'main_loss': '0.128081', 'time_per_step': '2.73296'}
2025-10-28 17:11:04,676 - train_greyscale_FA_MoE.py - {'step': '2600', 'lr': '0.000104', 'total_loss': '0.118631', 'main_loss': '0.118631', 'time_per_step': '2.89204'}
2025-10-28 17:16:03,254 - train_greyscale_FA_MoE.py - {'step': '2700', 'lr': '0.000108', 'total_loss': '0.101666', 'main_loss': '0.101666', 'time_per_step': '3.03702'}
2025-10-28 17:21:01,425 - train_greyscale_FA_MoE.py - {'step': '2800', 'lr': '0.000112', 'total_loss': '0.122841', 'main_loss': '0.122841', 'time_per_step': '2.87053'}
2025-10-28 17:25:59,219 - train_greyscale_FA_MoE.py - {'step': '2900', 'lr': '0.000116', 'total_loss': '0.120794', 'main_loss': '0.120794', 'time_per_step': '2.89175'}
2025-10-28 17:30:57,054 - train_greyscale_FA_MoE.py - {'step': '3000', 'lr': '0.00012', 'total_loss': '0.119035', 'main_loss': '0.119035', 'time_per_step': '2.71088'}
2025-10-28 17:35:55,921 - train_greyscale_FA_MoE.py - {'step': '3100', 'lr': '0.000124', 'total_loss': '0.115225', 'main_loss': '0.115225', 'time_per_step': '3.03348'}
2025-10-28 17:40:54,755 - train_greyscale_FA_MoE.py - {'step': '3200', 'lr': '0.000128', 'total_loss': '0.111658', 'main_loss': '0.111658', 'time_per_step': '2.65909'}
2025-10-28 17:45:52,963 - train_greyscale_FA_MoE.py - {'step': '3300', 'lr': '0.000132', 'total_loss': '0.118129', 'main_loss': '0.118129', 'time_per_step': '2.92359'}
2025-10-28 17:50:52,470 - train_greyscale_FA_MoE.py - {'step': '3400', 'lr': '0.000136', 'total_loss': '0.103247', 'main_loss': '0.103247', 'time_per_step': '2.95028'}
2025-10-28 17:55:50,205 - train_greyscale_FA_MoE.py - {'step': '3500', 'lr': '0.00014', 'total_loss': '0.112389', 'main_loss': '0.112389', 'time_per_step': '2.16913'}
2025-10-28 18:00:45,863 - train_greyscale_FA_MoE.py - {'step': '3600', 'lr': '0.000144', 'total_loss': '0.116337', 'main_loss': '0.116337', 'time_per_step': '2.14233'}
2025-10-28 18:05:48,432 - train_greyscale_FA_MoE.py - {'step': '3700', 'lr': '0.000148', 'total_loss': '0.0953835', 'main_loss': '0.0953835', 'time_per_step': '2.67289'}
2025-10-28 18:10:48,181 - train_greyscale_FA_MoE.py - {'step': '3800', 'lr': '0.000152', 'total_loss': '0.110935', 'main_loss': '0.110935', 'time_per_step': '3.02974'}
2025-10-28 18:15:47,147 - train_greyscale_FA_MoE.py - {'step': '3900', 'lr': '0.000156', 'total_loss': '0.0960111', 'main_loss': '0.0960111', 'time_per_step': '2.99448'}
2025-10-28 18:20:44,994 - train_greyscale_FA_MoE.py - {'step': '4000', 'lr': '0.00016', 'total_loss': '0.09688', 'main_loss': '0.09688', 'time_per_step': '2.96148'}
2025-10-28 18:25:43,526 - train_greyscale_FA_MoE.py - {'step': '4100', 'lr': '0.000164', 'total_loss': '0.104775', 'main_loss': '0.104775', 'time_per_step': '2.97354'}
2025-10-28 18:30:42,536 - train_greyscale_FA_MoE.py - {'step': '4200', 'lr': '0.000168', 'total_loss': '0.0953141', 'main_loss': '0.0953141', 'time_per_step': '2.96022'}
2025-10-28 18:35:41,388 - train_greyscale_FA_MoE.py - {'step': '4300', 'lr': '0.000172', 'total_loss': '0.0944662', 'main_loss': '0.0944662', 'time_per_step': '2.95373'}
2025-10-28 18:40:39,409 - train_greyscale_FA_MoE.py - {'step': '4400', 'lr': '0.000176', 'total_loss': '0.0950499', 'main_loss': '0.0950499', 'time_per_step': '2.91466'}
2025-10-28 18:45:36,446 - train_greyscale_FA_MoE.py - {'step': '4500', 'lr': '0.00018', 'total_loss': '0.0942171', 'main_loss': '0.0942171', 'time_per_step': '2.71086'}
2025-10-28 18:50:33,099 - train_greyscale_FA_MoE.py - {'step': '4600', 'lr': '0.000184', 'total_loss': '0.0869426', 'main_loss': '0.0869426', 'time_per_step': '2.8016'}
2025-10-28 18:55:28,379 - train_greyscale_FA_MoE.py - {'step': '4700', 'lr': '0.000188', 'total_loss': '0.0907022', 'main_loss': '0.0907022', 'time_per_step': '2.14161'}
2025-10-28 19:00:23,291 - train_greyscale_FA_MoE.py - {'step': '4800', 'lr': '0.000192', 'total_loss': '0.0861886', 'main_loss': '0.0861886', 'time_per_step': '2.14261'}
2025-10-28 19:05:26,033 - train_greyscale_FA_MoE.py - {'step': '4900', 'lr': '0.000196', 'total_loss': '0.0821924', 'main_loss': '0.0821924', 'time_per_step': '2.84396'}
2025-10-28 19:10:23,265 - train_greyscale_FA_MoE.py - {'step': '5000', 'lr': '0.0002', 'total_loss': '0.0918752', 'main_loss': '0.0918752', 'time_per_step': '2.95755'}
2025-10-28 19:15:22,606 - train_greyscale_FA_MoE.py - {'step': '5100', 'lr': '0.0002', 'total_loss': '0.085334', 'main_loss': '0.085334', 'time_per_step': '2.90606'}
2025-10-28 19:20:20,051 - train_greyscale_FA_MoE.py - {'step': '5200', 'lr': '0.0002', 'total_loss': '0.0874758', 'main_loss': '0.0874758', 'time_per_step': '2.997'}
2025-10-28 19:25:17,434 - train_greyscale_FA_MoE.py - {'step': '5300', 'lr': '0.0002', 'total_loss': '0.0823127', 'main_loss': '0.0823127', 'time_per_step': '3.01415'}
2025-10-28 19:30:14,727 - train_greyscale_FA_MoE.py - {'step': '5400', 'lr': '0.0002', 'total_loss': '0.0787644', 'main_loss': '0.0787644', 'time_per_step': '2.89022'}
2025-10-28 19:35:11,911 - train_greyscale_FA_MoE.py - {'step': '5500', 'lr': '0.0002', 'total_loss': '0.0815723', 'main_loss': '0.0815723', 'time_per_step': '2.92243'}
2025-10-28 19:40:08,493 - train_greyscale_FA_MoE.py - {'step': '5600', 'lr': '0.0002', 'total_loss': '0.0888475', 'main_loss': '0.0888475', 'time_per_step': '2.84954'}
2025-10-28 19:45:05,998 - train_greyscale_FA_MoE.py - {'step': '5700', 'lr': '0.0002', 'total_loss': '0.0813132', 'main_loss': '0.0813132', 'time_per_step': '2.87692'}
2025-10-28 19:50:02,739 - train_greyscale_FA_MoE.py - {'step': '5800', 'lr': '0.0002', 'total_loss': '0.0749153', 'main_loss': '0.0749153', 'time_per_step': '2.94798'}
2025-10-28 19:54:58,827 - train_greyscale_FA_MoE.py - {'step': '5900', 'lr': '0.0002', 'total_loss': '0.0811082', 'main_loss': '0.0811082', 'time_per_step': '2.14283'}
2025-10-28 19:59:53,151 - train_greyscale_FA_MoE.py - {'step': '6000', 'lr': '0.0002', 'total_loss': '0.0903231', 'main_loss': '0.0903231', 'time_per_step': '2.13255'}
2025-10-28 20:04:56,120 - train_greyscale_FA_MoE.py - {'step': '6100', 'lr': '0.0002', 'total_loss': '0.0702451', 'main_loss': '0.0702451', 'time_per_step': '3.0284'}
2025-10-28 20:09:53,893 - train_greyscale_FA_MoE.py - {'step': '6200', 'lr': '0.0002', 'total_loss': '0.0825855', 'main_loss': '0.0825855', 'time_per_step': '2.85927'}
2025-10-28 20:14:53,105 - train_greyscale_FA_MoE.py - {'step': '6300', 'lr': '0.0002', 'total_loss': '0.0829451', 'main_loss': '0.0829451', 'time_per_step': '2.73628'}
2025-10-28 20:19:52,033 - train_greyscale_FA_MoE.py - {'step': '6400', 'lr': '0.0002', 'total_loss': '0.0729075', 'main_loss': '0.0729075', 'time_per_step': '2.94872'}
2025-10-28 20:24:49,687 - train_greyscale_FA_MoE.py - {'step': '6500', 'lr': '0.0002', 'total_loss': '0.0774781', 'main_loss': '0.0774781', 'time_per_step': '2.74744'}
2025-10-28 20:29:48,744 - train_greyscale_FA_MoE.py - {'step': '6600', 'lr': '0.0002', 'total_loss': '0.074783', 'main_loss': '0.074783', 'time_per_step': '2.76081'}
2025-10-28 20:34:46,490 - train_greyscale_FA_MoE.py - {'step': '6700', 'lr': '0.0002', 'total_loss': '0.0620591', 'main_loss': '0.0620591', 'time_per_step': '3.04242'}
2025-10-28 20:39:45,586 - train_greyscale_FA_MoE.py - {'step': '6800', 'lr': '0.0002', 'total_loss': '0.0790552', 'main_loss': '0.0790552', 'time_per_step': '2.87906'}
2025-10-28 20:44:43,903 - train_greyscale_FA_MoE.py - {'step': '6900', 'lr': '0.0002', 'total_loss': '0.0731675', 'main_loss': '0.0731675', 'time_per_step': '2.78774'}
2025-10-28 20:49:40,705 - train_greyscale_FA_MoE.py - {'step': '7000', 'lr': '0.0002', 'total_loss': '0.0750929', 'main_loss': '0.0750929', 'time_per_step': '2.70366'}
2025-10-28 20:54:38,036 - train_greyscale_FA_MoE.py - {'step': '7100', 'lr': '0.0002', 'total_loss': '0.0716159', 'main_loss': '0.0716159', 'time_per_step': '2.18113'}
2025-10-28 20:59:33,111 - train_greyscale_FA_MoE.py - {'step': '7200', 'lr': '0.0002', 'total_loss': '0.0750145', 'main_loss': '0.0750145', 'time_per_step': '2.20939'}
2025-10-28 21:04:35,867 - train_greyscale_FA_MoE.py - {'step': '7300', 'lr': '0.0002', 'total_loss': '0.0734234', 'main_loss': '0.0734234', 'time_per_step': '2.80028'}
2025-10-28 21:09:34,063 - train_greyscale_FA_MoE.py - {'step': '7400', 'lr': '0.0002', 'total_loss': '0.0749663', 'main_loss': '0.0749663', 'time_per_step': '2.87829'}
2025-10-28 21:14:32,926 - train_greyscale_FA_MoE.py - {'step': '7500', 'lr': '0.0002', 'total_loss': '0.0631001', 'main_loss': '0.0631001', 'time_per_step': '2.93818'}
2025-10-28 21:19:31,582 - train_greyscale_FA_MoE.py - {'step': '7600', 'lr': '0.0002', 'total_loss': '0.0664498', 'main_loss': '0.0664498', 'time_per_step': '2.96796'}
2025-10-28 21:24:30,278 - train_greyscale_FA_MoE.py - {'step': '7700', 'lr': '0.0002', 'total_loss': '0.0693386', 'main_loss': '0.0693386', 'time_per_step': '2.99017'}
2025-10-28 21:29:28,808 - train_greyscale_FA_MoE.py - {'step': '7800', 'lr': '0.0002', 'total_loss': '0.0665493', 'main_loss': '0.0665493', 'time_per_step': '3.02235'}
2025-10-28 21:34:25,964 - train_greyscale_FA_MoE.py - {'step': '7900', 'lr': '0.0002', 'total_loss': '0.0800535', 'main_loss': '0.0800535', 'time_per_step': '2.88521'}
2025-10-28 21:39:24,853 - train_greyscale_FA_MoE.py - {'step': '8000', 'lr': '0.0002', 'total_loss': '0.0701291', 'main_loss': '0.0701291', 'time_per_step': '2.72672'}
2025-10-28 21:44:23,661 - train_greyscale_FA_MoE.py - {'step': '8100', 'lr': '0.0002', 'total_loss': '0.0611335', 'main_loss': '0.0611335', 'time_per_step': '2.98514'}
2025-10-28 21:49:22,071 - train_greyscale_FA_MoE.py - {'step': '8200', 'lr': '0.0002', 'total_loss': '0.0671636', 'main_loss': '0.0671636', 'time_per_step': '2.87581'}
2025-10-28 21:54:19,226 - train_greyscale_FA_MoE.py - {'step': '8300', 'lr': '0.0002', 'total_loss': '0.0751787', 'main_loss': '0.0751787', 'time_per_step': '2.14419'}
2025-10-28 21:59:14,559 - train_greyscale_FA_MoE.py - {'step': '8400', 'lr': '0.0002', 'total_loss': '0.0715572', 'main_loss': '0.0715572', 'time_per_step': '2.14573'}
2025-10-28 22:04:18,571 - train_greyscale_FA_MoE.py - {'step': '8500', 'lr': '0.0002', 'total_loss': '0.0719679', 'main_loss': '0.0719679', 'time_per_step': '3.01829'}
2025-10-28 22:09:15,851 - train_greyscale_FA_MoE.py - {'step': '8600', 'lr': '0.0002', 'total_loss': '0.0684858', 'main_loss': '0.0684858', 'time_per_step': '2.93568'}
2025-10-28 22:14:13,683 - train_greyscale_FA_MoE.py - {'step': '8700', 'lr': '0.0002', 'total_loss': '0.0722908', 'main_loss': '0.0722908', 'time_per_step': '2.78704'}
2025-10-28 22:19:11,208 - train_greyscale_FA_MoE.py - {'step': '8800', 'lr': '0.0002', 'total_loss': '0.0735387', 'main_loss': '0.0735387', 'time_per_step': '2.95001'}
2025-10-28 22:24:08,309 - train_greyscale_FA_MoE.py - {'step': '8900', 'lr': '0.0002', 'total_loss': '0.0605242', 'main_loss': '0.0605242', 'time_per_step': '2.69713'}
2025-10-28 22:29:05,760 - train_greyscale_FA_MoE.py - {'step': '9000', 'lr': '0.0002', 'total_loss': '0.052758', 'main_loss': '0.052758', 'time_per_step': '3.03311'}
2025-10-28 22:34:01,811 - train_greyscale_FA_MoE.py - {'step': '9100', 'lr': '0.0002', 'total_loss': '0.062265', 'main_loss': '0.062265', 'time_per_step': '2.87824'}
2025-10-28 22:39:01,082 - train_greyscale_FA_MoE.py - {'step': '9200', 'lr': '0.0002', 'total_loss': '0.0769056', 'main_loss': '0.0769056', 'time_per_step': '2.76515'}
2025-10-28 22:43:58,645 - train_greyscale_FA_MoE.py - {'step': '9300', 'lr': '0.0002', 'total_loss': '0.0689315', 'main_loss': '0.0689315', 'time_per_step': '2.8531'}
2025-10-28 22:48:56,290 - train_greyscale_FA_MoE.py - {'step': '9400', 'lr': '0.0002', 'total_loss': '0.0589143', 'main_loss': '0.0589143', 'time_per_step': '2.93695'}
2025-10-28 22:53:53,323 - train_greyscale_FA_MoE.py - {'step': '9500', 'lr': '0.0002', 'total_loss': '0.0702855', 'main_loss': '0.0702855', 'time_per_step': '2.12373'}
2025-10-28 22:58:49,445 - train_greyscale_FA_MoE.py - {'step': '9600', 'lr': '0.0002', 'total_loss': '0.0679069', 'main_loss': '0.0679069', 'time_per_step': '2.13144'}
2025-10-28 23:03:52,937 - train_greyscale_FA_MoE.py - {'step': '9700', 'lr': '0.0002', 'total_loss': '0.0735981', 'main_loss': '0.0735981', 'time_per_step': '2.8823'}
2025-10-28 23:08:51,770 - train_greyscale_FA_MoE.py - {'step': '9800', 'lr': '0.0002', 'total_loss': '0.0579624', 'main_loss': '0.0579624', 'time_per_step': '3.01208'}
2025-10-28 23:13:50,363 - train_greyscale_FA_MoE.py - {'step': '9900', 'lr': '0.0002', 'total_loss': '0.062128', 'main_loss': '0.062128', 'time_per_step': '2.97367'}
2025-10-28 23:18:47,001 - train_greyscale_FA_MoE.py - {'step': '10000', 'lr': '0.0002', 'total_loss': '0.0538076', 'main_loss': '0.0538076', 'time_per_step': '2.86161'}
2025-10-28 23:23:46,642 - train_greyscale_FA_MoE.py - {'step': '10100', 'lr': '0.0002', 'total_loss': '0.0727362', 'main_loss': '0.0727362', 'time_per_step': '2.79424'}
2025-10-28 23:28:45,557 - train_greyscale_FA_MoE.py - {'step': '10200', 'lr': '0.0002', 'total_loss': '0.0676488', 'main_loss': '0.0676488', 'time_per_step': '2.84657'}
2025-10-28 23:33:44,320 - train_greyscale_FA_MoE.py - {'step': '10300', 'lr': '0.0002', 'total_loss': '0.0555504', 'main_loss': '0.0555504', 'time_per_step': '2.7348'}
2025-10-28 23:38:41,511 - train_greyscale_FA_MoE.py - {'step': '10400', 'lr': '0.0002', 'total_loss': '0.0701772', 'main_loss': '0.0701772', 'time_per_step': '2.7628'}
2025-10-28 23:43:39,314 - train_greyscale_FA_MoE.py - {'step': '10500', 'lr': '0.0002', 'total_loss': '0.0566684', 'main_loss': '0.0566684', 'time_per_step': '2.88486'}
2025-10-28 23:48:37,426 - train_greyscale_FA_MoE.py - {'step': '10600', 'lr': '0.0002', 'total_loss': '0.0642443', 'main_loss': '0.0642443', 'time_per_step': '2.75629'}
2025-10-28 23:53:36,050 - train_greyscale_FA_MoE.py - {'step': '10700', 'lr': '0.0002', 'total_loss': '0.064857', 'main_loss': '0.064857', 'time_per_step': '2.12889'}
2025-10-28 23:58:31,402 - train_greyscale_FA_MoE.py - {'step': '10800', 'lr': '0.0002', 'total_loss': '0.0656347', 'main_loss': '0.0656347', 'time_per_step': '2.13633'}
2025-10-29 00:03:36,427 - train_greyscale_FA_MoE.py - {'step': '10900', 'lr': '0.0002', 'total_loss': '0.0655413', 'main_loss': '0.0655413', 'time_per_step': '2.93594'}
2025-10-29 00:08:34,042 - train_greyscale_FA_MoE.py - {'step': '11000', 'lr': '0.0002', 'total_loss': '0.0776333', 'main_loss': '0.0776333', 'time_per_step': '3.08585'}
2025-10-29 00:13:30,699 - train_greyscale_FA_MoE.py - {'step': '11100', 'lr': '0.0002', 'total_loss': '0.0592007', 'main_loss': '0.0592007', 'time_per_step': '2.99845'}
2025-10-29 00:18:28,615 - train_greyscale_FA_MoE.py - {'step': '11200', 'lr': '0.0002', 'total_loss': '0.0642996', 'main_loss': '0.0642996', 'time_per_step': '2.64732'}
2025-10-29 00:23:27,283 - train_greyscale_FA_MoE.py - {'step': '11300', 'lr': '0.0002', 'total_loss': '0.0596197', 'main_loss': '0.0596197', 'time_per_step': '2.75023'}
2025-10-29 00:28:24,327 - train_greyscale_FA_MoE.py - {'step': '11400', 'lr': '0.0002', 'total_loss': '0.0670343', 'main_loss': '0.0670343', 'time_per_step': '2.67881'}
2025-10-29 00:33:21,619 - train_greyscale_FA_MoE.py - {'step': '11500', 'lr': '0.0002', 'total_loss': '0.0693454', 'main_loss': '0.0693454', 'time_per_step': '2.84367'}
2025-10-29 00:38:21,641 - train_greyscale_FA_MoE.py - {'step': '11600', 'lr': '0.0002', 'total_loss': '0.0651376', 'main_loss': '0.0651376', 'time_per_step': '2.87746'}
2025-10-29 00:43:19,147 - train_greyscale_FA_MoE.py - {'step': '11700', 'lr': '0.0002', 'total_loss': '0.0603776', 'main_loss': '0.0603776', 'time_per_step': '2.86015'}
2025-10-29 00:48:17,342 - train_greyscale_FA_MoE.py - {'step': '11800', 'lr': '0.0002', 'total_loss': '0.0641873', 'main_loss': '0.0641873', 'time_per_step': '2.75786'}
2025-10-29 00:53:14,133 - train_greyscale_FA_MoE.py - {'step': '11900', 'lr': '0.0002', 'total_loss': '0.0593998', 'main_loss': '0.0593998', 'time_per_step': '2.15052'}
2025-10-29 00:58:09,924 - train_greyscale_FA_MoE.py - {'step': '12000', 'lr': '0.0002', 'total_loss': '0.0644131', 'main_loss': '0.0644131', 'time_per_step': '2.14345'}
2025-10-29 01:03:12,244 - train_greyscale_FA_MoE.py - {'step': '12100', 'lr': '0.0002', 'total_loss': '0.0475373', 'main_loss': '0.0475373', 'time_per_step': '3.02544'}
2025-10-29 01:08:10,842 - train_greyscale_FA_MoE.py - {'step': '12200', 'lr': '0.0002', 'total_loss': '0.0656243', 'main_loss': '0.0656243', 'time_per_step': '2.99048'}
2025-10-29 01:13:09,208 - train_greyscale_FA_MoE.py - {'step': '12300', 'lr': '0.0002', 'total_loss': '0.0573541', 'main_loss': '0.0573541', 'time_per_step': '2.95507'}
2025-10-29 01:18:07,700 - train_greyscale_FA_MoE.py - {'step': '12400', 'lr': '0.0002', 'total_loss': '0.0580105', 'main_loss': '0.0580105', 'time_per_step': '2.93814'}
2025-10-29 01:23:06,276 - train_greyscale_FA_MoE.py - {'step': '12500', 'lr': '0.0002', 'total_loss': '0.0695148', 'main_loss': '0.0695148', 'time_per_step': '2.96164'}
2025-10-29 01:28:04,678 - train_greyscale_FA_MoE.py - {'step': '12600', 'lr': '0.0002', 'total_loss': '0.0675209', 'main_loss': '0.0675209', 'time_per_step': '3.05677'}
2025-10-29 01:33:02,483 - train_greyscale_FA_MoE.py - {'step': '12700', 'lr': '0.0002', 'total_loss': '0.0539894', 'main_loss': '0.0539894', 'time_per_step': '2.69771'}
2025-10-29 01:37:59,960 - train_greyscale_FA_MoE.py - {'step': '12800', 'lr': '0.0002', 'total_loss': '0.0567161', 'main_loss': '0.0567161', 'time_per_step': '2.72422'}
2025-10-29 01:42:57,879 - train_greyscale_FA_MoE.py - {'step': '12900', 'lr': '0.0002', 'total_loss': '0.0542888', 'main_loss': '0.0542888', 'time_per_step': '2.98315'}
2025-10-29 01:47:56,214 - train_greyscale_FA_MoE.py - {'step': '13000', 'lr': '0.0002', 'total_loss': '0.0613416', 'main_loss': '0.0613416', 'time_per_step': '2.88532'}
2025-10-29 01:52:53,832 - train_greyscale_FA_MoE.py - {'step': '13100', 'lr': '0.0002', 'total_loss': '0.0575018', 'main_loss': '0.0575018', 'time_per_step': '2.15172'}
2025-10-29 01:57:48,661 - train_greyscale_FA_MoE.py - {'step': '13200', 'lr': '0.0002', 'total_loss': '0.058728', 'main_loss': '0.058728', 'time_per_step': '2.1386'}
2025-10-29 02:02:51,480 - train_greyscale_FA_MoE.py - {'step': '13300', 'lr': '0.0002', 'total_loss': '0.0486461', 'main_loss': '0.0486461', 'time_per_step': '2.98564'}
2025-10-29 02:07:49,628 - train_greyscale_FA_MoE.py - {'step': '13400', 'lr': '0.0002', 'total_loss': '0.0489625', 'main_loss': '0.0489625', 'time_per_step': '2.91787'}
2025-10-29 02:12:46,440 - train_greyscale_FA_MoE.py - {'step': '13500', 'lr': '0.0002', 'total_loss': '0.0613702', 'main_loss': '0.0613702', 'time_per_step': '2.75135'}
2025-10-29 02:17:44,621 - train_greyscale_FA_MoE.py - {'step': '13600', 'lr': '0.0002', 'total_loss': '0.050646', 'main_loss': '0.050646', 'time_per_step': '2.81671'}
2025-10-29 02:22:44,361 - train_greyscale_FA_MoE.py - {'step': '13700', 'lr': '0.0002', 'total_loss': '0.060463', 'main_loss': '0.060463', 'time_per_step': '2.8315'}
2025-10-29 02:27:42,008 - train_greyscale_FA_MoE.py - {'step': '13800', 'lr': '0.0002', 'total_loss': '0.0546551', 'main_loss': '0.0546551', 'time_per_step': '2.71674'}
2025-10-29 02:32:40,110 - train_greyscale_FA_MoE.py - {'step': '13900', 'lr': '0.0002', 'total_loss': '0.0521103', 'main_loss': '0.0521103', 'time_per_step': '2.97634'}
2025-10-29 02:37:38,039 - train_greyscale_FA_MoE.py - {'step': '14000', 'lr': '0.0002', 'total_loss': '0.0570463', 'main_loss': '0.0570463', 'time_per_step': '2.96656'}
2025-10-29 02:42:36,009 - train_greyscale_FA_MoE.py - {'step': '14100', 'lr': '0.0002', 'total_loss': '0.0593129', 'main_loss': '0.0593129', 'time_per_step': '2.99468'}
2025-10-29 02:47:34,385 - train_greyscale_FA_MoE.py - {'step': '14200', 'lr': '0.0002', 'total_loss': '0.0477548', 'main_loss': '0.0477548', 'time_per_step': '3.03698'}
2025-10-29 02:52:30,828 - train_greyscale_FA_MoE.py - {'step': '14300', 'lr': '0.0002', 'total_loss': '0.0561162', 'main_loss': '0.0561162', 'time_per_step': '2.14969'}
2025-10-29 02:57:25,451 - train_greyscale_FA_MoE.py - {'step': '14400', 'lr': '0.0002', 'total_loss': '0.0692425', 'main_loss': '0.0692425', 'time_per_step': '2.14084'}
2025-10-29 03:02:29,146 - train_greyscale_FA_MoE.py - {'step': '14500', 'lr': '0.0002', 'total_loss': '0.0629144', 'main_loss': '0.0629144', 'time_per_step': '2.70068'}
2025-10-29 03:07:26,144 - train_greyscale_FA_MoE.py - {'step': '14600', 'lr': '0.0002', 'total_loss': '0.0554936', 'main_loss': '0.0554936', 'time_per_step': '2.78522'}
2025-10-29 03:12:24,361 - train_greyscale_FA_MoE.py - {'step': '14700', 'lr': '0.0002', 'total_loss': '0.062601', 'main_loss': '0.062601', 'time_per_step': '2.71512'}
2025-10-29 03:17:21,850 - train_greyscale_FA_MoE.py - {'step': '14800', 'lr': '0.0002', 'total_loss': '0.0520408', 'main_loss': '0.0520408', 'time_per_step': '2.69648'}
2025-10-29 03:22:21,246 - train_greyscale_FA_MoE.py - {'step': '14900', 'lr': '0.0002', 'total_loss': '0.0495744', 'main_loss': '0.0495744', 'time_per_step': '2.81023'}
2025-10-29 03:27:18,845 - train_greyscale_FA_MoE.py - {'step': '15000', 'lr': '0.0002', 'total_loss': '0.0520929', 'main_loss': '0.0520929', 'time_per_step': '2.97323'}
2025-10-29 03:32:17,000 - train_greyscale_FA_MoE.py - {'step': '15100', 'lr': '0.0002', 'total_loss': '0.0523121', 'main_loss': '0.0523121', 'time_per_step': '2.96343'}
2025-10-29 03:37:13,290 - train_greyscale_FA_MoE.py - {'step': '15200', 'lr': '0.0002', 'total_loss': '0.0555568', 'main_loss': '0.0555568', 'time_per_step': '2.80341'}
2025-10-29 03:42:12,307 - train_greyscale_FA_MoE.py - {'step': '15300', 'lr': '0.0002', 'total_loss': '0.052719', 'main_loss': '0.052719', 'time_per_step': '2.80192'}
2025-10-29 03:47:10,249 - train_greyscale_FA_MoE.py - {'step': '15400', 'lr': '0.0002', 'total_loss': '0.0463207', 'main_loss': '0.0463207', 'time_per_step': '2.7435'}
2025-10-29 03:52:06,911 - train_greyscale_FA_MoE.py - {'step': '15500', 'lr': '0.0002', 'total_loss': '0.0513378', 'main_loss': '0.0513378', 'time_per_step': '2.19243'}
2025-10-29 03:57:00,508 - train_greyscale_FA_MoE.py - {'step': '15600', 'lr': '0.0002', 'total_loss': '0.0596724', 'main_loss': '0.0596724', 'time_per_step': '2.13862'}
2025-10-29 04:02:03,461 - train_greyscale_FA_MoE.py - {'step': '15700', 'lr': '0.0002', 'total_loss': '0.0488769', 'main_loss': '0.0488769', 'time_per_step': '3.01622'}
2025-10-29 04:07:02,637 - train_greyscale_FA_MoE.py - {'step': '15800', 'lr': '0.0002', 'total_loss': '0.055489', 'main_loss': '0.055489', 'time_per_step': '2.78657'}
2025-10-29 04:11:58,769 - train_greyscale_FA_MoE.py - {'step': '15900', 'lr': '0.0002', 'total_loss': '0.0503865', 'main_loss': '0.0503865', 'time_per_step': '2.88745'}
2025-10-29 04:16:55,924 - train_greyscale_FA_MoE.py - {'step': '16000', 'lr': '0.0002', 'total_loss': '0.0560261', 'main_loss': '0.0560261', 'time_per_step': '2.899'}
2025-10-29 04:21:54,031 - train_greyscale_FA_MoE.py - {'step': '16100', 'lr': '0.0002', 'total_loss': '0.054815', 'main_loss': '0.054815', 'time_per_step': '2.99143'}
2025-10-29 04:26:52,219 - train_greyscale_FA_MoE.py - {'step': '16200', 'lr': '0.0002', 'total_loss': '0.0541973', 'main_loss': '0.0541973', 'time_per_step': '2.85839'}
2025-10-29 04:31:51,283 - train_greyscale_FA_MoE.py - {'step': '16300', 'lr': '0.0002', 'total_loss': '0.0504136', 'main_loss': '0.0504136', 'time_per_step': '2.98604'}
2025-10-29 04:36:49,257 - train_greyscale_FA_MoE.py - {'step': '16400', 'lr': '0.0002', 'total_loss': '0.0534201', 'main_loss': '0.0534201', 'time_per_step': '2.86878'}
2025-10-29 04:41:46,412 - train_greyscale_FA_MoE.py - {'step': '16500', 'lr': '0.0002', 'total_loss': '0.047097', 'main_loss': '0.047097', 'time_per_step': '2.73835'}
2025-10-29 04:46:45,314 - train_greyscale_FA_MoE.py - {'step': '16600', 'lr': '0.0002', 'total_loss': '0.0448731', 'main_loss': '0.0448731', 'time_per_step': '2.85712'}
2025-10-29 04:51:41,853 - train_greyscale_FA_MoE.py - {'step': '16700', 'lr': '0.0002', 'total_loss': '0.0473976', 'main_loss': '0.0473976', 'time_per_step': '2.13968'}
2025-10-29 04:56:37,185 - train_greyscale_FA_MoE.py - {'step': '16800', 'lr': '0.0002', 'total_loss': '0.0539851', 'main_loss': '0.0539851', 'time_per_step': '2.13689'}
2025-10-29 05:01:39,878 - train_greyscale_FA_MoE.py - {'step': '16900', 'lr': '0.0002', 'total_loss': '0.0517241', 'main_loss': '0.0517241', 'time_per_step': '2.82296'}
2025-10-29 05:06:38,253 - train_greyscale_FA_MoE.py - {'step': '17000', 'lr': '0.0002', 'total_loss': '0.0460928', 'main_loss': '0.0460928', 'time_per_step': '2.8687'}
2025-10-29 05:11:35,673 - train_greyscale_FA_MoE.py - {'step': '17100', 'lr': '0.0002', 'total_loss': '0.0511168', 'main_loss': '0.0511168', 'time_per_step': '2.82075'}
2025-10-29 05:16:33,990 - train_greyscale_FA_MoE.py - {'step': '17200', 'lr': '0.0002', 'total_loss': '0.0547349', 'main_loss': '0.0547349', 'time_per_step': '2.92853'}
2025-10-29 05:21:31,100 - train_greyscale_FA_MoE.py - {'step': '17300', 'lr': '0.0002', 'total_loss': '0.0523327', 'main_loss': '0.0523327', 'time_per_step': '2.7287'}
2025-10-29 05:26:30,614 - train_greyscale_FA_MoE.py - {'step': '17400', 'lr': '0.0002', 'total_loss': '0.0464726', 'main_loss': '0.0464726', 'time_per_step': '2.74607'}
2025-10-29 05:31:28,548 - train_greyscale_FA_MoE.py - {'step': '17500', 'lr': '0.0002', 'total_loss': '0.0522923', 'main_loss': '0.0522923', 'time_per_step': '2.97323'}
2025-10-29 05:36:24,349 - train_greyscale_FA_MoE.py - {'step': '17600', 'lr': '0.0002', 'total_loss': '0.0444703', 'main_loss': '0.0444703', 'time_per_step': '2.73869'}
2025-10-29 05:41:23,433 - train_greyscale_FA_MoE.py - {'step': '17700', 'lr': '0.0002', 'total_loss': '0.0496593', 'main_loss': '0.0496593', 'time_per_step': '2.94907'}
2025-10-29 05:46:20,962 - train_greyscale_FA_MoE.py - {'step': '17800', 'lr': '0.0002', 'total_loss': '0.0480457', 'main_loss': '0.0480457', 'time_per_step': '2.92498'}
2025-10-29 05:51:19,429 - train_greyscale_FA_MoE.py - {'step': '17900', 'lr': '0.0002', 'total_loss': '0.0523848', 'main_loss': '0.0523848', 'time_per_step': '2.13632'}
2025-10-29 05:56:14,200 - train_greyscale_FA_MoE.py - {'step': '18000', 'lr': '0.0002', 'total_loss': '0.0500353', 'main_loss': '0.0500353', 'time_per_step': '2.13892'}
2025-10-29 06:01:17,919 - train_greyscale_FA_MoE.py - {'step': '18100', 'lr': '0.0002', 'total_loss': '0.0477753', 'main_loss': '0.0477753', 'time_per_step': '2.89307'}
2025-10-29 06:06:16,187 - train_greyscale_FA_MoE.py - {'step': '18200', 'lr': '0.0002', 'total_loss': '0.0568956', 'main_loss': '0.0568956', 'time_per_step': '2.8455'}
2025-10-29 06:11:13,868 - train_greyscale_FA_MoE.py - {'step': '18300', 'lr': '0.0002', 'total_loss': '0.0557794', 'main_loss': '0.0557794', 'time_per_step': '3.10277'}
2025-10-29 06:16:10,653 - train_greyscale_FA_MoE.py - {'step': '18400', 'lr': '0.0002', 'total_loss': '0.0533404', 'main_loss': '0.0533404', 'time_per_step': '2.65909'}
2025-10-29 06:21:08,829 - train_greyscale_FA_MoE.py - {'step': '18500', 'lr': '0.0002', 'total_loss': '0.0572449', 'main_loss': '0.0572449', 'time_per_step': '2.93941'}
2025-10-29 06:26:07,028 - train_greyscale_FA_MoE.py - {'step': '18600', 'lr': '0.0002', 'total_loss': '0.055547', 'main_loss': '0.055547', 'time_per_step': '2.89262'}
2025-10-29 06:31:04,313 - train_greyscale_FA_MoE.py - {'step': '18700', 'lr': '0.0002', 'total_loss': '0.0554313', 'main_loss': '0.0554313', 'time_per_step': '2.76613'}
2025-10-29 06:36:03,448 - train_greyscale_FA_MoE.py - {'step': '18800', 'lr': '0.0002', 'total_loss': '0.0482096', 'main_loss': '0.0482096', 'time_per_step': '3.09884'}
2025-10-29 06:40:59,695 - train_greyscale_FA_MoE.py - {'step': '18900', 'lr': '0.0002', 'total_loss': '0.0525161', 'main_loss': '0.0525161', 'time_per_step': '2.79627'}
2025-10-29 06:45:56,545 - train_greyscale_FA_MoE.py - {'step': '19000', 'lr': '0.0002', 'total_loss': '0.0456282', 'main_loss': '0.0456282', 'time_per_step': '2.79693'}
2025-10-29 06:50:54,887 - train_greyscale_FA_MoE.py - {'step': '19100', 'lr': '0.0002', 'total_loss': '0.0455098', 'main_loss': '0.0455098', 'time_per_step': '2.14023'}
2025-10-29 06:55:48,348 - train_greyscale_FA_MoE.py - {'step': '19200', 'lr': '0.0002', 'total_loss': '0.0539516', 'main_loss': '0.0539516', 'time_per_step': '2.13576'}
2025-10-29 07:00:52,114 - train_greyscale_FA_MoE.py - {'step': '19300', 'lr': '0.0002', 'total_loss': '0.0534515', 'main_loss': '0.0534515', 'time_per_step': '2.73024'}
2025-10-29 07:05:50,630 - train_greyscale_FA_MoE.py - {'step': '19400', 'lr': '0.0002', 'total_loss': '0.0544326', 'main_loss': '0.0544326', 'time_per_step': '2.75489'}
2025-10-29 07:10:48,442 - train_greyscale_FA_MoE.py - {'step': '19500', 'lr': '0.0002', 'total_loss': '0.0420003', 'main_loss': '0.0420003', 'time_per_step': '2.68645'}
2025-10-29 07:15:45,497 - train_greyscale_FA_MoE.py - {'step': '19600', 'lr': '0.0002', 'total_loss': '0.0405867', 'main_loss': '0.0405867', 'time_per_step': '2.72039'}
2025-10-29 07:20:43,245 - train_greyscale_FA_MoE.py - {'step': '19700', 'lr': '0.0002', 'total_loss': '0.0411345', 'main_loss': '0.0411345', 'time_per_step': '2.95214'}
2025-10-29 07:25:39,867 - train_greyscale_FA_MoE.py - {'step': '19800', 'lr': '0.0002', 'total_loss': '0.0526526', 'main_loss': '0.0526526', 'time_per_step': '2.67769'}
2025-10-29 07:30:37,869 - train_greyscale_FA_MoE.py - {'step': '19900', 'lr': '0.0002', 'total_loss': '0.0474311', 'main_loss': '0.0474311', 'time_per_step': '2.87681'}
2025-10-29 07:35:36,831 - train_greyscale_FA_MoE.py - {'step': '20000', 'lr': '0.0002', 'total_loss': '0.0485458', 'main_loss': '0.0485458', 'time_per_step': '2.91607'}
2025-10-29 07:35:36,899 - train_greyscale_FA_MoE.py - Save and eval checkpoint 20000...
2025-10-29 07:35:39,210 - train_greyscale_FA_MoE.py - eval_step: n_samples=50000, sample_steps=50, algorithm=dpm_solver, mini_batch_size=500, samples save into output/acdc_wholeheart_uncond_fa_ec_moe_greyscale_uvit_mid_4by4_l6r9_minmax/samples/acdc_wholeheart_uncond_uvit_FA_EC_MoE_greyscale_mid_4by4_20000_dpm
2025-10-29 08:26:00,575 - train_greyscale_FA_MoE.py - step=20000 fid50000=677.3333000980276
2025-10-29 08:31:19,544 - train_greyscale_FA_MoE.py - {'step': '20100', 'lr': '0.0002', 'total_loss': '0.0545402', 'main_loss': '0.0545402', 'time_per_step': '2.87093'}
2025-10-29 08:36:16,097 - train_greyscale_FA_MoE.py - {'step': '20200', 'lr': '0.0002', 'total_loss': '0.0438172', 'main_loss': '0.0438172', 'time_per_step': '2.79722'}
2025-10-29 08:41:12,685 - train_greyscale_FA_MoE.py - {'step': '20300', 'lr': '0.0002', 'total_loss': '0.0485606', 'main_loss': '0.0485606', 'time_per_step': '2.14015'}
2025-10-29 08:46:09,728 - train_greyscale_FA_MoE.py - {'step': '20400', 'lr': '0.0002', 'total_loss': '0.0468046', 'main_loss': '0.0468046', 'time_per_step': '2.13823'}
2025-10-29 08:51:13,254 - train_greyscale_FA_MoE.py - {'step': '20500', 'lr': '0.0002', 'total_loss': '0.0469014', 'main_loss': '0.0469014', 'time_per_step': '2.97463'}
2025-10-29 08:56:10,056 - train_greyscale_FA_MoE.py - {'step': '20600', 'lr': '0.0002', 'total_loss': '0.0476382', 'main_loss': '0.0476382', 'time_per_step': '2.9265'}
2025-10-29 09:01:08,374 - train_greyscale_FA_MoE.py - {'step': '20700', 'lr': '0.0002', 'total_loss': '0.0473338', 'main_loss': '0.0473338', 'time_per_step': '2.68066'}
2025-10-29 09:06:06,044 - train_greyscale_FA_MoE.py - {'step': '20800', 'lr': '0.0002', 'total_loss': '0.0452835', 'main_loss': '0.0452835', 'time_per_step': '2.72959'}
2025-10-29 09:11:04,742 - train_greyscale_FA_MoE.py - {'step': '20900', 'lr': '0.0002', 'total_loss': '0.0463518', 'main_loss': '0.0463518', 'time_per_step': '2.82057'}
2025-10-29 09:16:03,381 - train_greyscale_FA_MoE.py - {'step': '21000', 'lr': '0.0002', 'total_loss': '0.0444542', 'main_loss': '0.0444542', 'time_per_step': '3.08319'}
2025-10-29 09:21:02,639 - train_greyscale_FA_MoE.py - {'step': '21100', 'lr': '0.0002', 'total_loss': '0.0430114', 'main_loss': '0.0430114', 'time_per_step': '2.99753'}
2025-10-29 09:25:59,628 - train_greyscale_FA_MoE.py - {'step': '21200', 'lr': '0.0002', 'total_loss': '0.0523578', 'main_loss': '0.0523578', 'time_per_step': '2.68777'}
2025-10-29 09:30:57,565 - train_greyscale_FA_MoE.py - {'step': '21300', 'lr': '0.0002', 'total_loss': '0.0539497', 'main_loss': '0.0539497', 'time_per_step': '2.96141'}
2025-10-29 09:35:54,160 - train_greyscale_FA_MoE.py - {'step': '21400', 'lr': '0.0002', 'total_loss': '0.0479766', 'main_loss': '0.0479766', 'time_per_step': '2.72638'}
2025-10-29 09:40:51,037 - train_greyscale_FA_MoE.py - {'step': '21500', 'lr': '0.0002', 'total_loss': '0.0505076', 'main_loss': '0.0505076', 'time_per_step': '2.18881'}
2025-10-29 09:45:45,754 - train_greyscale_FA_MoE.py - {'step': '21600', 'lr': '0.0002', 'total_loss': '0.0552499', 'main_loss': '0.0552499', 'time_per_step': '2.13827'}
2025-10-29 09:50:49,169 - train_greyscale_FA_MoE.py - {'step': '21700', 'lr': '0.0002', 'total_loss': '0.0439282', 'main_loss': '0.0439282', 'time_per_step': '2.6847'}
2025-10-29 09:55:47,130 - train_greyscale_FA_MoE.py - {'step': '21800', 'lr': '0.0002', 'total_loss': '0.0470143', 'main_loss': '0.0470143', 'time_per_step': '2.89794'}
2025-10-29 10:00:45,779 - train_greyscale_FA_MoE.py - {'step': '21900', 'lr': '0.0002', 'total_loss': '0.0576301', 'main_loss': '0.0576301', 'time_per_step': '2.87607'}
2025-10-29 10:05:43,643 - train_greyscale_FA_MoE.py - {'step': '22000', 'lr': '0.0002', 'total_loss': '0.0534841', 'main_loss': '0.0534841', 'time_per_step': '3.08457'}
2025-10-29 10:10:42,349 - train_greyscale_FA_MoE.py - {'step': '22100', 'lr': '0.0002', 'total_loss': '0.0388801', 'main_loss': '0.0388801', 'time_per_step': '3.00147'}
2025-10-29 10:15:40,860 - train_greyscale_FA_MoE.py - {'step': '22200', 'lr': '0.0002', 'total_loss': '0.0517769', 'main_loss': '0.0517769', 'time_per_step': '2.88533'}
2025-10-29 10:20:38,287 - train_greyscale_FA_MoE.py - {'step': '22300', 'lr': '0.0002', 'total_loss': '0.060417', 'main_loss': '0.060417', 'time_per_step': '2.68433'}
2025-10-29 10:25:35,358 - train_greyscale_FA_MoE.py - {'step': '22400', 'lr': '0.0002', 'total_loss': '0.0500568', 'main_loss': '0.0500568', 'time_per_step': '2.98188'}
2025-10-29 10:30:32,943 - train_greyscale_FA_MoE.py - {'step': '22500', 'lr': '0.0002', 'total_loss': '0.0560501', 'main_loss': '0.0560501', 'time_per_step': '2.75466'}
2025-10-29 10:35:30,864 - train_greyscale_FA_MoE.py - {'step': '22600', 'lr': '0.0002', 'total_loss': '0.0526162', 'main_loss': '0.0526162', 'time_per_step': '2.78536'}
2025-10-29 10:40:28,411 - train_greyscale_FA_MoE.py - {'step': '22700', 'lr': '0.0002', 'total_loss': '0.0484377', 'main_loss': '0.0484377', 'time_per_step': '2.16892'}
2025-10-29 10:45:23,803 - train_greyscale_FA_MoE.py - {'step': '22800', 'lr': '0.0002', 'total_loss': '0.046166', 'main_loss': '0.046166', 'time_per_step': '2.13178'}
2025-10-29 10:50:24,991 - train_greyscale_FA_MoE.py - {'step': '22900', 'lr': '0.0002', 'total_loss': '0.0445938', 'main_loss': '0.0445938', 'time_per_step': '2.95723'}
2025-10-29 10:55:21,894 - train_greyscale_FA_MoE.py - {'step': '23000', 'lr': '0.0002', 'total_loss': '0.049281', 'main_loss': '0.049281', 'time_per_step': '2.96368'}
2025-10-29 11:00:20,250 - train_greyscale_FA_MoE.py - {'step': '23100', 'lr': '0.0002', 'total_loss': '0.0500069', 'main_loss': '0.0500069', 'time_per_step': '2.73348'}
2025-10-29 11:05:17,591 - train_greyscale_FA_MoE.py - {'step': '23200', 'lr': '0.0002', 'total_loss': '0.0507602', 'main_loss': '0.0507602', 'time_per_step': '2.96108'}
2025-10-29 11:10:15,599 - train_greyscale_FA_MoE.py - {'step': '23300', 'lr': '0.0002', 'total_loss': '0.0525681', 'main_loss': '0.0525681', 'time_per_step': '2.98924'}
2025-10-29 11:15:13,239 - train_greyscale_FA_MoE.py - {'step': '23400', 'lr': '0.0002', 'total_loss': '0.0483817', 'main_loss': '0.0483817', 'time_per_step': '2.77992'}
2025-10-29 11:20:12,043 - train_greyscale_FA_MoE.py - {'step': '23500', 'lr': '0.0002', 'total_loss': '0.053353', 'main_loss': '0.053353', 'time_per_step': '2.65734'}
2025-10-29 11:25:08,665 - train_greyscale_FA_MoE.py - {'step': '23600', 'lr': '0.0002', 'total_loss': '0.0515405', 'main_loss': '0.0515405', 'time_per_step': '2.76126'}
2025-10-29 11:30:06,456 - train_greyscale_FA_MoE.py - {'step': '23700', 'lr': '0.0002', 'total_loss': '0.0505997', 'main_loss': '0.0505997', 'time_per_step': '2.6857'}
2025-10-29 11:35:04,569 - train_greyscale_FA_MoE.py - {'step': '23800', 'lr': '0.0002', 'total_loss': '0.0471132', 'main_loss': '0.0471132', 'time_per_step': '3.05744'}
2025-10-29 11:40:03,318 - train_greyscale_FA_MoE.py - {'step': '23900', 'lr': '0.0002', 'total_loss': '0.0471737', 'main_loss': '0.0471737', 'time_per_step': '3.40281'}
2025-10-29 11:44:57,992 - train_greyscale_FA_MoE.py - {'step': '24000', 'lr': '0.0002', 'total_loss': '0.0461875', 'main_loss': '0.0461875', 'time_per_step': '2.13095'}
2025-10-29 11:50:00,286 - train_greyscale_FA_MoE.py - {'step': '24100', 'lr': '0.0002', 'total_loss': '0.0446427', 'main_loss': '0.0446427', 'time_per_step': '2.97732'}
2025-10-29 11:54:56,412 - train_greyscale_FA_MoE.py - {'step': '24200', 'lr': '0.0002', 'total_loss': '0.0486043', 'main_loss': '0.0486043', 'time_per_step': '3.00839'}
2025-10-29 11:59:55,606 - train_greyscale_FA_MoE.py - {'step': '24300', 'lr': '0.0002', 'total_loss': '0.0450838', 'main_loss': '0.0450838', 'time_per_step': '2.977'}
2025-10-29 12:04:55,316 - train_greyscale_FA_MoE.py - {'step': '24400', 'lr': '0.0002', 'total_loss': '0.0448353', 'main_loss': '0.0448353', 'time_per_step': '2.70572'}
2025-10-29 12:09:52,512 - train_greyscale_FA_MoE.py - {'step': '24500', 'lr': '0.0002', 'total_loss': '0.0501561', 'main_loss': '0.0501561', 'time_per_step': '3.00716'}
2025-10-29 12:14:49,579 - train_greyscale_FA_MoE.py - {'step': '24600', 'lr': '0.0002', 'total_loss': '0.0489306', 'main_loss': '0.0489306', 'time_per_step': '2.80033'}
2025-10-29 12:19:48,190 - train_greyscale_FA_MoE.py - {'step': '24700', 'lr': '0.0002', 'total_loss': '0.0436857', 'main_loss': '0.0436857', 'time_per_step': '2.95346'}
2025-10-29 12:24:47,518 - train_greyscale_FA_MoE.py - {'step': '24800', 'lr': '0.0002', 'total_loss': '0.0467001', 'main_loss': '0.0467001', 'time_per_step': '2.86311'}
2025-10-29 12:29:43,848 - train_greyscale_FA_MoE.py - {'step': '24900', 'lr': '0.0002', 'total_loss': '0.0424437', 'main_loss': '0.0424437', 'time_per_step': '2.97131'}
2025-10-29 12:34:40,481 - train_greyscale_FA_MoE.py - {'step': '25000', 'lr': '0.0002', 'total_loss': '0.0496166', 'main_loss': '0.0496166', 'time_per_step': '2.97163'}
2025-10-29 12:34:40,500 - train_greyscale_FA_MoE.py - Saved expert distribution of layer in_block_0 to output/acdc_wholeheart_uncond_fa_ec_moe_greyscale_uvit_mid_4by4_l6r9_minmax/samples/expert_distribution_in_block_0_step25000.npy
2025-10-29 12:34:41,713 - train_greyscale_FA_MoE.py - Saved expert distribution of layer out_block_7 to output/acdc_wholeheart_uncond_fa_ec_moe_greyscale_uvit_mid_4by4_l6r9_minmax/samples/expert_distribution_out_block_7_step25000.npy
2025-10-29 12:34:43,027 - train_greyscale_FA_MoE.py - Save a grid of 16 samples into output/acdc_wholeheart_uncond_fa_ec_moe_greyscale_uvit_mid_4by4_l6r9_minmax/samples/25000.png by DPM-Solver
2025-10-29 12:39:45,977 - train_greyscale_FA_MoE.py - {'step': '25100', 'lr': '0.0002', 'total_loss': '0.0396021', 'main_loss': '0.0396021', 'time_per_step': '2.13001'}
2025-10-29 12:44:41,296 - train_greyscale_FA_MoE.py - {'step': '25200', 'lr': '0.0002', 'total_loss': '0.0507381', 'main_loss': '0.0507381', 'time_per_step': '2.13506'}
2025-10-29 12:49:43,189 - train_greyscale_FA_MoE.py - {'step': '25300', 'lr': '0.0002', 'total_loss': '0.0419566', 'main_loss': '0.0419566', 'time_per_step': '2.76343'}
2025-10-29 12:54:41,161 - train_greyscale_FA_MoE.py - {'step': '25400', 'lr': '0.0002', 'total_loss': '0.0456675', 'main_loss': '0.0456675', 'time_per_step': '2.92247'}
2025-10-29 12:59:39,811 - train_greyscale_FA_MoE.py - {'step': '25500', 'lr': '0.0002', 'total_loss': '0.0488367', 'main_loss': '0.0488367', 'time_per_step': '2.91003'}
2025-10-29 13:04:37,308 - train_greyscale_FA_MoE.py - {'step': '25600', 'lr': '0.0002', 'total_loss': '0.0497535', 'main_loss': '0.0497535', 'time_per_step': '2.66995'}
2025-10-29 13:09:35,190 - train_greyscale_FA_MoE.py - {'step': '25700', 'lr': '0.0002', 'total_loss': '0.0431117', 'main_loss': '0.0431117', 'time_per_step': '3.04132'}
2025-10-29 13:14:33,439 - train_greyscale_FA_MoE.py - {'step': '25800', 'lr': '0.0002', 'total_loss': '0.039993', 'main_loss': '0.039993', 'time_per_step': '3.04323'}
2025-10-29 13:19:29,463 - train_greyscale_FA_MoE.py - {'step': '25900', 'lr': '0.0002', 'total_loss': '0.0425224', 'main_loss': '0.0425224', 'time_per_step': '2.7411'}
2025-10-29 13:24:27,545 - train_greyscale_FA_MoE.py - {'step': '26000', 'lr': '0.0002', 'total_loss': '0.0490867', 'main_loss': '0.0490867', 'time_per_step': '2.68193'}
2025-10-29 13:29:23,953 - train_greyscale_FA_MoE.py - {'step': '26100', 'lr': '0.0002', 'total_loss': '0.0506087', 'main_loss': '0.0506087', 'time_per_step': '2.81912'}
2025-10-29 13:34:21,587 - train_greyscale_FA_MoE.py - {'step': '26200', 'lr': '0.0002', 'total_loss': '0.0405072', 'main_loss': '0.0405072', 'time_per_step': '2.97993'}
2025-10-29 13:39:19,154 - train_greyscale_FA_MoE.py - {'step': '26300', 'lr': '0.0002', 'total_loss': '0.0406665', 'main_loss': '0.0406665', 'time_per_step': '2.20059'}
2025-10-29 13:44:13,459 - train_greyscale_FA_MoE.py - {'step': '26400', 'lr': '0.0002', 'total_loss': '0.0433631', 'main_loss': '0.0433631', 'time_per_step': '2.13314'}
2025-10-29 13:49:13,922 - train_greyscale_FA_MoE.py - {'step': '26500', 'lr': '0.0002', 'total_loss': '0.0417308', 'main_loss': '0.0417308', 'time_per_step': '2.70506'}
2025-10-29 13:54:12,474 - train_greyscale_FA_MoE.py - {'step': '26600', 'lr': '0.0002', 'total_loss': '0.0543779', 'main_loss': '0.0543779', 'time_per_step': '3.00909'}
2025-10-29 13:59:11,161 - train_greyscale_FA_MoE.py - {'step': '26700', 'lr': '0.0002', 'total_loss': '0.0525822', 'main_loss': '0.0525822', 'time_per_step': '2.9536'}
2025-10-29 14:04:09,846 - train_greyscale_FA_MoE.py - {'step': '26800', 'lr': '0.0002', 'total_loss': '0.0492235', 'main_loss': '0.0492235', 'time_per_step': '2.99852'}
2025-10-29 14:09:08,293 - train_greyscale_FA_MoE.py - {'step': '26900', 'lr': '0.0002', 'total_loss': '0.0474972', 'main_loss': '0.0474972', 'time_per_step': '2.74686'}
2025-10-29 14:14:06,628 - train_greyscale_FA_MoE.py - {'step': '27000', 'lr': '0.0002', 'total_loss': '0.0447367', 'main_loss': '0.0447367', 'time_per_step': '2.77555'}
2025-10-29 14:19:02,608 - train_greyscale_FA_MoE.py - {'step': '27100', 'lr': '0.0002', 'total_loss': '0.0487097', 'main_loss': '0.0487097', 'time_per_step': '2.98106'}
2025-10-29 14:24:00,747 - train_greyscale_FA_MoE.py - {'step': '27200', 'lr': '0.0002', 'total_loss': '0.0365503', 'main_loss': '0.0365503', 'time_per_step': '2.95261'}
2025-10-29 14:28:59,264 - train_greyscale_FA_MoE.py - {'step': '27300', 'lr': '0.0002', 'total_loss': '0.0560346', 'main_loss': '0.0560346', 'time_per_step': '2.76351'}
2025-10-29 14:33:56,312 - train_greyscale_FA_MoE.py - {'step': '27400', 'lr': '0.0002', 'total_loss': '0.0503302', 'main_loss': '0.0503302', 'time_per_step': '2.95906'}
2025-10-29 14:38:53,282 - train_greyscale_FA_MoE.py - {'step': '27500', 'lr': '0.0002', 'total_loss': '0.0451373', 'main_loss': '0.0451373', 'time_per_step': '2.18461'}
2025-10-29 14:43:48,020 - train_greyscale_FA_MoE.py - {'step': '27600', 'lr': '0.0002', 'total_loss': '0.047573', 'main_loss': '0.047573', 'time_per_step': '2.13499'}
2025-10-29 14:48:51,403 - train_greyscale_FA_MoE.py - {'step': '27700', 'lr': '0.0002', 'total_loss': '0.0470762', 'main_loss': '0.0470762', 'time_per_step': '2.9603'}
2025-10-29 14:53:49,695 - train_greyscale_FA_MoE.py - {'step': '27800', 'lr': '0.0002', 'total_loss': '0.0520078', 'main_loss': '0.0520078', 'time_per_step': '2.86652'}
2025-10-29 14:58:47,135 - train_greyscale_FA_MoE.py - {'step': '27900', 'lr': '0.0002', 'total_loss': '0.0527819', 'main_loss': '0.0527819', 'time_per_step': '3.05696'}
2025-10-29 15:03:46,635 - train_greyscale_FA_MoE.py - {'step': '28000', 'lr': '0.0002', 'total_loss': '0.0490248', 'main_loss': '0.0490248', 'time_per_step': '3.05651'}
2025-10-29 15:08:44,012 - train_greyscale_FA_MoE.py - {'step': '28100', 'lr': '0.0002', 'total_loss': '0.0413384', 'main_loss': '0.0413384', 'time_per_step': '2.99735'}
2025-10-29 15:13:41,020 - train_greyscale_FA_MoE.py - {'step': '28200', 'lr': '0.0002', 'total_loss': '0.0461497', 'main_loss': '0.0461497', 'time_per_step': '2.72708'}
2025-10-29 15:18:38,418 - train_greyscale_FA_MoE.py - {'step': '28300', 'lr': '0.0002', 'total_loss': '0.0462109', 'main_loss': '0.0462109', 'time_per_step': '2.82138'}
2025-10-29 15:23:36,588 - train_greyscale_FA_MoE.py - {'step': '28400', 'lr': '0.0002', 'total_loss': '0.0455321', 'main_loss': '0.0455321', 'time_per_step': '2.7649'}
2025-10-29 15:28:33,636 - train_greyscale_FA_MoE.py - {'step': '28500', 'lr': '0.0002', 'total_loss': '0.0444935', 'main_loss': '0.0444935', 'time_per_step': '3.01874'}
2025-10-29 15:33:30,869 - train_greyscale_FA_MoE.py - {'step': '28600', 'lr': '0.0002', 'total_loss': '0.0469508', 'main_loss': '0.0469508', 'time_per_step': '2.74474'}
2025-10-29 15:38:28,496 - train_greyscale_FA_MoE.py - {'step': '28700', 'lr': '0.0002', 'total_loss': '0.0444717', 'main_loss': '0.0444717', 'time_per_step': '2.13509'}
2025-10-29 15:43:23,242 - train_greyscale_FA_MoE.py - {'step': '28800', 'lr': '0.0002', 'total_loss': '0.0442212', 'main_loss': '0.0442212', 'time_per_step': '2.13197'}
2025-10-29 15:48:25,357 - train_greyscale_FA_MoE.py - {'step': '28900', 'lr': '0.0002', 'total_loss': '0.0454446', 'main_loss': '0.0454446', 'time_per_step': '2.91685'}
2025-10-29 15:53:21,850 - train_greyscale_FA_MoE.py - {'step': '29000', 'lr': '0.0002', 'total_loss': '0.0471904', 'main_loss': '0.0471904', 'time_per_step': '2.71722'}
2025-10-29 15:58:20,209 - train_greyscale_FA_MoE.py - {'step': '29100', 'lr': '0.0002', 'total_loss': '0.0450779', 'main_loss': '0.0450779', 'time_per_step': '2.78172'}
2025-10-29 16:03:19,553 - train_greyscale_FA_MoE.py - {'step': '29200', 'lr': '0.0002', 'total_loss': '0.0457864', 'main_loss': '0.0457864', 'time_per_step': '2.75575'}
2025-10-29 16:08:17,934 - train_greyscale_FA_MoE.py - {'step': '29300', 'lr': '0.0002', 'total_loss': '0.0550859', 'main_loss': '0.0550859', 'time_per_step': '3.02027'}
2025-10-29 16:13:15,190 - train_greyscale_FA_MoE.py - {'step': '29400', 'lr': '0.0002', 'total_loss': '0.0383081', 'main_loss': '0.0383081', 'time_per_step': '2.75393'}
2025-10-29 16:18:12,032 - train_greyscale_FA_MoE.py - {'step': '29500', 'lr': '0.0002', 'total_loss': '0.0466271', 'main_loss': '0.0466271', 'time_per_step': '2.75909'}
2025-10-29 16:23:10,717 - train_greyscale_FA_MoE.py - {'step': '29600', 'lr': '0.0002', 'total_loss': '0.0491834', 'main_loss': '0.0491834', 'time_per_step': '2.67141'}
2025-10-29 16:28:09,793 - train_greyscale_FA_MoE.py - {'step': '29700', 'lr': '0.0002', 'total_loss': '0.0475001', 'main_loss': '0.0475001', 'time_per_step': '2.73842'}
2025-10-29 16:33:09,300 - train_greyscale_FA_MoE.py - {'step': '29800', 'lr': '0.0002', 'total_loss': '0.0397947', 'main_loss': '0.0397947', 'time_per_step': '2.9447'}
2025-10-29 16:38:07,029 - train_greyscale_FA_MoE.py - {'step': '29900', 'lr': '0.0002', 'total_loss': '0.0436616', 'main_loss': '0.0436616', 'time_per_step': '2.13359'}
2025-10-29 16:42:59,420 - train_greyscale_FA_MoE.py - {'step': '30000', 'lr': '0.0002', 'total_loss': '0.0445225', 'main_loss': '0.0445225', 'time_per_step': '2.1363'}
2025-10-29 16:48:01,917 - train_greyscale_FA_MoE.py - {'step': '30100', 'lr': '0.0002', 'total_loss': '0.0477237', 'main_loss': '0.0477237', 'time_per_step': '2.85589'}
2025-10-29 16:52:59,332 - train_greyscale_FA_MoE.py - {'step': '30200', 'lr': '0.0002', 'total_loss': '0.0469267', 'main_loss': '0.0469267', 'time_per_step': '3.06062'}
2025-10-29 16:57:56,881 - train_greyscale_FA_MoE.py - {'step': '30300', 'lr': '0.0002', 'total_loss': '0.0406081', 'main_loss': '0.0406081', 'time_per_step': '2.87675'}
2025-10-29 17:02:54,047 - train_greyscale_FA_MoE.py - {'step': '30400', 'lr': '0.0002', 'total_loss': '0.0487382', 'main_loss': '0.0487382', 'time_per_step': '2.79249'}
2025-10-29 17:07:51,099 - train_greyscale_FA_MoE.py - {'step': '30500', 'lr': '0.0002', 'total_loss': '0.0408768', 'main_loss': '0.0408768', 'time_per_step': '2.74828'}
2025-10-29 17:12:49,249 - train_greyscale_FA_MoE.py - {'step': '30600', 'lr': '0.0002', 'total_loss': '0.0467131', 'main_loss': '0.0467131', 'time_per_step': '2.73577'}
2025-10-29 17:17:47,492 - train_greyscale_FA_MoE.py - {'step': '30700', 'lr': '0.0002', 'total_loss': '0.0480517', 'main_loss': '0.0480517', 'time_per_step': '2.68702'}
2025-10-29 17:22:44,988 - train_greyscale_FA_MoE.py - {'step': '30800', 'lr': '0.0002', 'total_loss': '0.0460611', 'main_loss': '0.0460611', 'time_per_step': '2.95573'}
2025-10-29 17:27:44,818 - train_greyscale_FA_MoE.py - {'step': '30900', 'lr': '0.0002', 'total_loss': '0.0478962', 'main_loss': '0.0478962', 'time_per_step': '2.98012'}
2025-10-29 17:32:43,364 - train_greyscale_FA_MoE.py - {'step': '31000', 'lr': '0.0002', 'total_loss': '0.0443944', 'main_loss': '0.0443944', 'time_per_step': '2.69134'}
2025-10-29 17:37:40,673 - train_greyscale_FA_MoE.py - {'step': '31100', 'lr': '0.0002', 'total_loss': '0.0397002', 'main_loss': '0.0397002', 'time_per_step': '2.15383'}
2025-10-29 17:42:35,277 - train_greyscale_FA_MoE.py - {'step': '31200', 'lr': '0.0002', 'total_loss': '0.0418653', 'main_loss': '0.0418653', 'time_per_step': '2.12529'}
2025-10-29 17:47:37,111 - train_greyscale_FA_MoE.py - {'step': '31300', 'lr': '0.0002', 'total_loss': '0.0439869', 'main_loss': '0.0439869', 'time_per_step': '2.6929'}
2025-10-29 17:52:34,721 - train_greyscale_FA_MoE.py - {'step': '31400', 'lr': '0.0002', 'total_loss': '0.0374596', 'main_loss': '0.0374596', 'time_per_step': '2.98321'}
2025-10-29 17:57:32,610 - train_greyscale_FA_MoE.py - {'step': '31500', 'lr': '0.0002', 'total_loss': '0.0463249', 'main_loss': '0.0463249', 'time_per_step': '2.7038'}
2025-10-29 18:02:29,162 - train_greyscale_FA_MoE.py - {'step': '31600', 'lr': '0.0002', 'total_loss': '0.0477492', 'main_loss': '0.0477492', 'time_per_step': '2.86263'}
2025-10-29 18:07:26,157 - train_greyscale_FA_MoE.py - {'step': '31700', 'lr': '0.0002', 'total_loss': '0.0419775', 'main_loss': '0.0419775', 'time_per_step': '2.66016'}
2025-10-29 18:12:24,289 - train_greyscale_FA_MoE.py - {'step': '31800', 'lr': '0.0002', 'total_loss': '0.044398', 'main_loss': '0.044398', 'time_per_step': '3.02585'}
2025-10-29 18:17:21,760 - train_greyscale_FA_MoE.py - {'step': '31900', 'lr': '0.0002', 'total_loss': '0.0534335', 'main_loss': '0.0534335', 'time_per_step': '2.92882'}
2025-10-29 18:22:18,860 - train_greyscale_FA_MoE.py - {'step': '32000', 'lr': '0.0002', 'total_loss': '0.0432693', 'main_loss': '0.0432693', 'time_per_step': '2.96187'}
2025-10-29 18:27:19,157 - train_greyscale_FA_MoE.py - {'step': '32100', 'lr': '0.0002', 'total_loss': '0.0465628', 'main_loss': '0.0465628', 'time_per_step': '2.73701'}
2025-10-29 18:32:18,637 - train_greyscale_FA_MoE.py - {'step': '32200', 'lr': '0.0002', 'total_loss': '0.0388727', 'main_loss': '0.0388727', 'time_per_step': '2.8447'}
2025-10-29 18:37:15,820 - train_greyscale_FA_MoE.py - {'step': '32300', 'lr': '0.0002', 'total_loss': '0.0445787', 'main_loss': '0.0445787', 'time_per_step': '2.11883'}
2025-10-29 18:42:11,231 - train_greyscale_FA_MoE.py - {'step': '32400', 'lr': '0.0002', 'total_loss': '0.0336937', 'main_loss': '0.0336937', 'time_per_step': '2.12154'}
2025-10-29 18:47:13,706 - train_greyscale_FA_MoE.py - {'step': '32500', 'lr': '0.0002', 'total_loss': '0.0427', 'main_loss': '0.0427', 'time_per_step': '2.72727'}
2025-10-29 18:52:12,359 - train_greyscale_FA_MoE.py - {'step': '32600', 'lr': '0.0002', 'total_loss': '0.0455036', 'main_loss': '0.0455036', 'time_per_step': '2.71544'}
2025-10-29 18:57:12,621 - train_greyscale_FA_MoE.py - {'step': '32700', 'lr': '0.0002', 'total_loss': '0.0449562', 'main_loss': '0.0449562', 'time_per_step': '2.9917'}
2025-10-29 19:02:12,066 - train_greyscale_FA_MoE.py - {'step': '32800', 'lr': '0.0002', 'total_loss': '0.0344217', 'main_loss': '0.0344217', 'time_per_step': '2.87314'}
2025-10-29 19:07:12,346 - train_greyscale_FA_MoE.py - {'step': '32900', 'lr': '0.0002', 'total_loss': '0.0432338', 'main_loss': '0.0432338', 'time_per_step': '2.98695'}
2025-10-29 19:12:08,947 - train_greyscale_FA_MoE.py - {'step': '33000', 'lr': '0.0002', 'total_loss': '0.0406265', 'main_loss': '0.0406265', 'time_per_step': '2.94216'}
2025-10-29 19:17:07,259 - train_greyscale_FA_MoE.py - {'step': '33100', 'lr': '0.0002', 'total_loss': '0.0489834', 'main_loss': '0.0489834', 'time_per_step': '3.00382'}
2025-10-29 19:22:05,623 - train_greyscale_FA_MoE.py - {'step': '33200', 'lr': '0.0002', 'total_loss': '0.0518098', 'main_loss': '0.0518098', 'time_per_step': '2.99475'}
2025-10-29 19:27:03,311 - train_greyscale_FA_MoE.py - {'step': '33300', 'lr': '0.0002', 'total_loss': '0.0396593', 'main_loss': '0.0396593', 'time_per_step': '2.90271'}
2025-10-29 19:32:03,012 - train_greyscale_FA_MoE.py - {'step': '33400', 'lr': '0.0002', 'total_loss': '0.0379354', 'main_loss': '0.0379354', 'time_per_step': '2.96306'}
2025-10-29 19:37:01,306 - train_greyscale_FA_MoE.py - {'step': '33500', 'lr': '0.0002', 'total_loss': '0.0468993', 'main_loss': '0.0468993', 'time_per_step': '2.17913'}
2025-10-29 19:41:58,204 - train_greyscale_FA_MoE.py - {'step': '33600', 'lr': '0.0002', 'total_loss': '0.04672', 'main_loss': '0.04672', 'time_per_step': '2.12387'}
2025-10-29 19:47:02,200 - train_greyscale_FA_MoE.py - {'step': '33700', 'lr': '0.0002', 'total_loss': '0.0377929', 'main_loss': '0.0377929', 'time_per_step': '2.85197'}
2025-10-29 19:51:59,179 - train_greyscale_FA_MoE.py - {'step': '33800', 'lr': '0.0002', 'total_loss': '0.0467068', 'main_loss': '0.0467068', 'time_per_step': '3.05133'}
2025-10-29 19:56:57,034 - train_greyscale_FA_MoE.py - {'step': '33900', 'lr': '0.0002', 'total_loss': '0.0429986', 'main_loss': '0.0429986', 'time_per_step': '2.89177'}
2025-10-29 20:01:55,366 - train_greyscale_FA_MoE.py - {'step': '34000', 'lr': '0.0002', 'total_loss': '0.0452902', 'main_loss': '0.0452902', 'time_per_step': '2.74737'}
2025-10-29 20:06:55,613 - train_greyscale_FA_MoE.py - {'step': '34100', 'lr': '0.0002', 'total_loss': '0.0395202', 'main_loss': '0.0395202', 'time_per_step': '2.9428'}
2025-10-29 20:11:53,571 - train_greyscale_FA_MoE.py - {'step': '34200', 'lr': '0.0002', 'total_loss': '0.0457273', 'main_loss': '0.0457273', 'time_per_step': '2.81689'}
2025-10-29 20:16:51,069 - train_greyscale_FA_MoE.py - {'step': '34300', 'lr': '0.0002', 'total_loss': '0.0509015', 'main_loss': '0.0509015', 'time_per_step': '2.79231'}
2025-10-29 20:21:49,362 - train_greyscale_FA_MoE.py - {'step': '34400', 'lr': '0.0002', 'total_loss': '0.0409584', 'main_loss': '0.0409584', 'time_per_step': '2.94772'}
2025-10-29 20:26:47,726 - train_greyscale_FA_MoE.py - {'step': '34500', 'lr': '0.0002', 'total_loss': '0.0473366', 'main_loss': '0.0473366', 'time_per_step': '2.98692'}
2025-10-29 20:31:45,856 - train_greyscale_FA_MoE.py - {'step': '34600', 'lr': '0.0002', 'total_loss': '0.0386981', 'main_loss': '0.0386981', 'time_per_step': '2.67105'}
2025-10-29 20:36:45,659 - train_greyscale_FA_MoE.py - {'step': '34700', 'lr': '0.0002', 'total_loss': '0.0361371', 'main_loss': '0.0361371', 'time_per_step': '2.15657'}
2025-10-29 20:41:41,095 - train_greyscale_FA_MoE.py - {'step': '34800', 'lr': '0.0002', 'total_loss': '0.0419822', 'main_loss': '0.0419822', 'time_per_step': '2.11985'}
2025-10-29 20:46:45,821 - train_greyscale_FA_MoE.py - {'step': '34900', 'lr': '0.0002', 'total_loss': '0.0326401', 'main_loss': '0.0326401', 'time_per_step': '3.07936'}
2025-10-29 20:51:47,024 - train_greyscale_FA_MoE.py - {'step': '35000', 'lr': '0.0002', 'total_loss': '0.0328651', 'main_loss': '0.0328651', 'time_per_step': '2.87876'}
2025-10-29 20:56:46,814 - train_greyscale_FA_MoE.py - {'step': '35100', 'lr': '0.0002', 'total_loss': '0.0426342', 'main_loss': '0.0426342', 'time_per_step': '2.82101'}
2025-10-29 21:01:47,334 - train_greyscale_FA_MoE.py - {'step': '35200', 'lr': '0.0002', 'total_loss': '0.0470737', 'main_loss': '0.0470737', 'time_per_step': '2.99047'}
2025-10-29 21:06:47,466 - train_greyscale_FA_MoE.py - {'step': '35300', 'lr': '0.0002', 'total_loss': '0.0388065', 'main_loss': '0.0388065', 'time_per_step': '2.85869'}
2025-10-29 21:11:47,148 - train_greyscale_FA_MoE.py - {'step': '35400', 'lr': '0.0002', 'total_loss': '0.0444426', 'main_loss': '0.0444426', 'time_per_step': '2.87511'}
2025-10-29 21:16:48,014 - train_greyscale_FA_MoE.py - {'step': '35500', 'lr': '0.0002', 'total_loss': '0.0531389', 'main_loss': '0.0531389', 'time_per_step': '2.97297'}
2025-10-29 21:21:48,325 - train_greyscale_FA_MoE.py - {'step': '35600', 'lr': '0.0002', 'total_loss': '0.049566', 'main_loss': '0.049566', 'time_per_step': '3.00094'}
2025-10-29 21:26:49,193 - train_greyscale_FA_MoE.py - {'step': '35700', 'lr': '0.0002', 'total_loss': '0.0442125', 'main_loss': '0.0442125', 'time_per_step': '2.9767'}
2025-10-29 21:31:49,145 - train_greyscale_FA_MoE.py - {'step': '35800', 'lr': '0.0002', 'total_loss': '0.0428452', 'main_loss': '0.0428452', 'time_per_step': '2.80934'}
2025-10-29 21:36:49,046 - train_greyscale_FA_MoE.py - {'step': '35900', 'lr': '0.0002', 'total_loss': '0.0374471', 'main_loss': '0.0374471', 'time_per_step': '2.2051'}
2025-10-29 21:41:45,914 - train_greyscale_FA_MoE.py - {'step': '36000', 'lr': '0.0002', 'total_loss': '0.0447192', 'main_loss': '0.0447192', 'time_per_step': '2.1272'}
2025-10-29 21:46:50,658 - train_greyscale_FA_MoE.py - {'step': '36100', 'lr': '0.0002', 'total_loss': '0.0428713', 'main_loss': '0.0428713', 'time_per_step': '2.88233'}
2025-10-29 21:51:50,557 - train_greyscale_FA_MoE.py - {'step': '36200', 'lr': '0.0002', 'total_loss': '0.0462775', 'main_loss': '0.0462775', 'time_per_step': '2.77241'}
2025-10-29 21:56:51,266 - train_greyscale_FA_MoE.py - {'step': '36300', 'lr': '0.0002', 'total_loss': '0.0469662', 'main_loss': '0.0469662', 'time_per_step': '2.99421'}
2025-10-29 22:01:51,227 - train_greyscale_FA_MoE.py - {'step': '36400', 'lr': '0.0002', 'total_loss': '0.0409107', 'main_loss': '0.0409107', 'time_per_step': '2.85052'}
2025-10-29 22:06:51,489 - train_greyscale_FA_MoE.py - {'step': '36500', 'lr': '0.0002', 'total_loss': '0.0341229', 'main_loss': '0.0341229', 'time_per_step': '2.71495'}
2025-10-29 22:11:52,134 - train_greyscale_FA_MoE.py - {'step': '36600', 'lr': '0.0002', 'total_loss': '0.0409987', 'main_loss': '0.0409987', 'time_per_step': '2.83095'}
2025-10-29 22:16:52,778 - train_greyscale_FA_MoE.py - {'step': '36700', 'lr': '0.0002', 'total_loss': '0.0385993', 'main_loss': '0.0385993', 'time_per_step': '2.94424'}
2025-10-29 22:21:51,889 - train_greyscale_FA_MoE.py - {'step': '36800', 'lr': '0.0002', 'total_loss': '0.0406971', 'main_loss': '0.0406971', 'time_per_step': '2.84421'}
2025-10-29 22:26:51,913 - train_greyscale_FA_MoE.py - {'step': '36900', 'lr': '0.0002', 'total_loss': '0.0553709', 'main_loss': '0.0553709', 'time_per_step': '2.85135'}
2025-10-29 22:31:52,559 - train_greyscale_FA_MoE.py - {'step': '37000', 'lr': '0.0002', 'total_loss': '0.0406326', 'main_loss': '0.0406326', 'time_per_step': '2.89719'}
2025-10-29 22:36:51,928 - train_greyscale_FA_MoE.py - {'step': '37100', 'lr': '0.0002', 'total_loss': '0.0538379', 'main_loss': '0.0538379', 'time_per_step': '2.15497'}
2025-10-29 22:41:48,420 - train_greyscale_FA_MoE.py - {'step': '37200', 'lr': '0.0002', 'total_loss': '0.0453998', 'main_loss': '0.0453998', 'time_per_step': '2.12873'}
2025-10-29 22:46:54,125 - train_greyscale_FA_MoE.py - {'step': '37300', 'lr': '0.0002', 'total_loss': '0.0411262', 'main_loss': '0.0411262', 'time_per_step': '2.82686'}
2025-10-29 22:51:55,492 - train_greyscale_FA_MoE.py - {'step': '37400', 'lr': '0.0002', 'total_loss': '0.0391216', 'main_loss': '0.0391216', 'time_per_step': '2.9837'}
2025-10-29 22:56:56,398 - train_greyscale_FA_MoE.py - {'step': '37500', 'lr': '0.0002', 'total_loss': '0.037201', 'main_loss': '0.037201', 'time_per_step': '2.98937'}
2025-10-29 23:01:56,468 - train_greyscale_FA_MoE.py - {'step': '37600', 'lr': '0.0002', 'total_loss': '0.041572', 'main_loss': '0.041572', 'time_per_step': '2.94407'}
2025-10-29 23:06:55,864 - train_greyscale_FA_MoE.py - {'step': '37700', 'lr': '0.0002', 'total_loss': '0.0335629', 'main_loss': '0.0335629', 'time_per_step': '2.685'}
2025-10-29 23:11:56,383 - train_greyscale_FA_MoE.py - {'step': '37800', 'lr': '0.0002', 'total_loss': '0.041456', 'main_loss': '0.041456', 'time_per_step': '2.84302'}
2025-10-29 23:16:56,406 - train_greyscale_FA_MoE.py - {'step': '37900', 'lr': '0.0002', 'total_loss': '0.0470088', 'main_loss': '0.0470088', 'time_per_step': '2.97436'}
2025-10-29 23:21:56,534 - train_greyscale_FA_MoE.py - {'step': '38000', 'lr': '0.0002', 'total_loss': '0.0456683', 'main_loss': '0.0456683', 'time_per_step': '2.95025'}
2025-10-29 23:26:56,517 - train_greyscale_FA_MoE.py - {'step': '38100', 'lr': '0.0002', 'total_loss': '0.0421983', 'main_loss': '0.0421983', 'time_per_step': '2.83032'}
2025-10-29 23:31:56,243 - train_greyscale_FA_MoE.py - {'step': '38200', 'lr': '0.0002', 'total_loss': '0.043067', 'main_loss': '0.043067', 'time_per_step': '2.91553'}
2025-10-29 23:36:55,653 - train_greyscale_FA_MoE.py - {'step': '38300', 'lr': '0.0002', 'total_loss': '0.0500598', 'main_loss': '0.0500598', 'time_per_step': '2.14243'}
2025-10-29 23:41:52,891 - train_greyscale_FA_MoE.py - {'step': '38400', 'lr': '0.0002', 'total_loss': '0.0374556', 'main_loss': '0.0374556', 'time_per_step': '2.12948'}
2025-10-29 23:46:56,765 - train_greyscale_FA_MoE.py - {'step': '38500', 'lr': '0.0002', 'total_loss': '0.0441267', 'main_loss': '0.0441267', 'time_per_step': '2.91477'}
2025-10-29 23:51:55,341 - train_greyscale_FA_MoE.py - {'step': '38600', 'lr': '0.0002', 'total_loss': '0.0368423', 'main_loss': '0.0368423', 'time_per_step': '3.00274'}
2025-10-29 23:56:56,302 - train_greyscale_FA_MoE.py - {'step': '38700', 'lr': '0.0002', 'total_loss': '0.0400547', 'main_loss': '0.0400547', 'time_per_step': '2.75142'}
2025-10-30 00:01:56,301 - train_greyscale_FA_MoE.py - {'step': '38800', 'lr': '0.0002', 'total_loss': '0.0461087', 'main_loss': '0.0461087', 'time_per_step': '2.85998'}
2025-10-30 00:06:55,450 - train_greyscale_FA_MoE.py - {'step': '38900', 'lr': '0.0002', 'total_loss': '0.0452577', 'main_loss': '0.0452577', 'time_per_step': '2.94299'}
2025-10-30 00:11:54,247 - train_greyscale_FA_MoE.py - {'step': '39000', 'lr': '0.0002', 'total_loss': '0.0385706', 'main_loss': '0.0385706', 'time_per_step': '2.9541'}
2025-10-30 00:16:52,969 - train_greyscale_FA_MoE.py - {'step': '39100', 'lr': '0.0002', 'total_loss': '0.0363437', 'main_loss': '0.0363437', 'time_per_step': '2.81986'}
2025-10-30 00:21:52,729 - train_greyscale_FA_MoE.py - {'step': '39200', 'lr': '0.0002', 'total_loss': '0.0449347', 'main_loss': '0.0449347', 'time_per_step': '2.77445'}
2025-10-30 00:26:52,029 - train_greyscale_FA_MoE.py - {'step': '39300', 'lr': '0.0002', 'total_loss': '0.0375258', 'main_loss': '0.0375258', 'time_per_step': '2.94159'}
2025-10-30 00:31:51,961 - train_greyscale_FA_MoE.py - {'step': '39400', 'lr': '0.0002', 'total_loss': '0.0430389', 'main_loss': '0.0430389', 'time_per_step': '2.84623'}
2025-10-30 00:36:52,556 - train_greyscale_FA_MoE.py - {'step': '39500', 'lr': '0.0002', 'total_loss': '0.0357432', 'main_loss': '0.0357432', 'time_per_step': '2.13219'}
2025-10-30 00:41:48,186 - train_greyscale_FA_MoE.py - {'step': '39600', 'lr': '0.0002', 'total_loss': '0.0361759', 'main_loss': '0.0361759', 'time_per_step': '2.12412'}
2025-10-30 00:46:51,361 - train_greyscale_FA_MoE.py - {'step': '39700', 'lr': '0.0002', 'total_loss': '0.0385694', 'main_loss': '0.0385694', 'time_per_step': '2.91116'}
2025-10-30 00:51:50,160 - train_greyscale_FA_MoE.py - {'step': '39800', 'lr': '0.0002', 'total_loss': '0.0434668', 'main_loss': '0.0434668', 'time_per_step': '2.73469'}
2025-10-30 00:56:49,130 - train_greyscale_FA_MoE.py - {'step': '39900', 'lr': '0.0002', 'total_loss': '0.0384482', 'main_loss': '0.0384482', 'time_per_step': '2.89725'}
2025-10-30 01:01:47,295 - train_greyscale_FA_MoE.py - {'step': '40000', 'lr': '0.0002', 'total_loss': '0.0419081', 'main_loss': '0.0419081', 'time_per_step': '2.99082'}
2025-10-30 01:01:47,343 - train_greyscale_FA_MoE.py - Save and eval checkpoint 40000...
2025-10-30 01:01:49,665 - train_greyscale_FA_MoE.py - eval_step: n_samples=50000, sample_steps=50, algorithm=dpm_solver, mini_batch_size=500, samples save into output/acdc_wholeheart_uncond_fa_ec_moe_greyscale_uvit_mid_4by4_l6r9_minmax/samples/acdc_wholeheart_uncond_uvit_FA_EC_MoE_greyscale_mid_4by4_40000_dpm
2025-10-30 01:52:39,792 - train_greyscale_FA_MoE.py - step=40000 fid50000=170.809968020141
2025-10-30 01:57:58,367 - train_greyscale_FA_MoE.py - {'step': '40100', 'lr': '0.0002', 'total_loss': '0.0461487', 'main_loss': '0.0461487', 'time_per_step': '2.80689'}
2025-10-30 02:02:57,516 - train_greyscale_FA_MoE.py - {'step': '40200', 'lr': '0.0002', 'total_loss': '0.0360725', 'main_loss': '0.0360725', 'time_per_step': '2.90224'}
2025-10-30 02:07:58,336 - train_greyscale_FA_MoE.py - {'step': '40300', 'lr': '0.0002', 'total_loss': '0.0404709', 'main_loss': '0.0404709', 'time_per_step': '2.83771'}
2025-10-30 02:12:56,893 - train_greyscale_FA_MoE.py - {'step': '40400', 'lr': '0.0002', 'total_loss': '0.0509041', 'main_loss': '0.0509041', 'time_per_step': '2.71658'}
2025-10-30 02:17:57,645 - train_greyscale_FA_MoE.py - {'step': '40500', 'lr': '0.0002', 'total_loss': '0.0460336', 'main_loss': '0.0460336', 'time_per_step': '2.59957'}
2025-10-30 02:22:57,164 - train_greyscale_FA_MoE.py - {'step': '40600', 'lr': '0.0002', 'total_loss': '0.0381762', 'main_loss': '0.0381762', 'time_per_step': '2.91735'}
2025-10-30 02:27:54,758 - train_greyscale_FA_MoE.py - {'step': '40700', 'lr': '0.0002', 'total_loss': '0.0407913', 'main_loss': '0.0407913', 'time_per_step': '2.13758'}
2025-10-30 02:32:50,551 - train_greyscale_FA_MoE.py - {'step': '40800', 'lr': '0.0002', 'total_loss': '0.0460331', 'main_loss': '0.0460331', 'time_per_step': '2.12617'}
2025-10-30 02:37:55,566 - train_greyscale_FA_MoE.py - {'step': '40900', 'lr': '0.0002', 'total_loss': '0.037511', 'main_loss': '0.037511', 'time_per_step': '2.77562'}
2025-10-30 02:42:53,658 - train_greyscale_FA_MoE.py - {'step': '41000', 'lr': '0.0002', 'total_loss': '0.035172', 'main_loss': '0.035172', 'time_per_step': '2.99226'}
2025-10-30 02:47:52,314 - train_greyscale_FA_MoE.py - {'step': '41100', 'lr': '0.0002', 'total_loss': '0.0467946', 'main_loss': '0.0467946', 'time_per_step': '2.81761'}
2025-10-30 02:52:50,162 - train_greyscale_FA_MoE.py - {'step': '41200', 'lr': '0.0002', 'total_loss': '0.0406274', 'main_loss': '0.0406274', 'time_per_step': '2.92017'}
2025-10-30 02:57:49,557 - train_greyscale_FA_MoE.py - {'step': '41300', 'lr': '0.0002', 'total_loss': '0.0411178', 'main_loss': '0.0411178', 'time_per_step': '2.75834'}
2025-10-30 03:02:48,934 - train_greyscale_FA_MoE.py - {'step': '41400', 'lr': '0.0002', 'total_loss': '0.0388579', 'main_loss': '0.0388579', 'time_per_step': '2.94427'}
2025-10-30 03:07:49,131 - train_greyscale_FA_MoE.py - {'step': '41500', 'lr': '0.0002', 'total_loss': '0.0504518', 'main_loss': '0.0504518', 'time_per_step': '2.87484'}
2025-10-30 03:12:47,584 - train_greyscale_FA_MoE.py - {'step': '41600', 'lr': '0.0002', 'total_loss': '0.0400343', 'main_loss': '0.0400343', 'time_per_step': '3.02968'}
2025-10-30 03:17:47,083 - train_greyscale_FA_MoE.py - {'step': '41700', 'lr': '0.0002', 'total_loss': '0.0420343', 'main_loss': '0.0420343', 'time_per_step': '2.88741'}
2025-10-30 03:22:45,206 - train_greyscale_FA_MoE.py - {'step': '41800', 'lr': '0.0002', 'total_loss': '0.0400966', 'main_loss': '0.0400966', 'time_per_step': '2.75789'}
2025-10-30 03:27:43,476 - train_greyscale_FA_MoE.py - {'step': '41900', 'lr': '0.0002', 'total_loss': '0.0436434', 'main_loss': '0.0436434', 'time_per_step': '2.13945'}
2025-10-30 03:32:37,776 - train_greyscale_FA_MoE.py - {'step': '42000', 'lr': '0.0002', 'total_loss': '0.0405713', 'main_loss': '0.0405713', 'time_per_step': '2.13259'}
2025-10-30 03:37:40,633 - train_greyscale_FA_MoE.py - {'step': '42100', 'lr': '0.0002', 'total_loss': '0.040639', 'main_loss': '0.040639', 'time_per_step': '3.07224'}
2025-10-30 03:42:38,331 - train_greyscale_FA_MoE.py - {'step': '42200', 'lr': '0.0002', 'total_loss': '0.0411643', 'main_loss': '0.0411643', 'time_per_step': '2.85495'}
2025-10-30 03:47:36,211 - train_greyscale_FA_MoE.py - {'step': '42300', 'lr': '0.0002', 'total_loss': '0.0413951', 'main_loss': '0.0413951', 'time_per_step': '2.948'}
2025-10-30 03:52:34,443 - train_greyscale_FA_MoE.py - {'step': '42400', 'lr': '0.0002', 'total_loss': '0.0441745', 'main_loss': '0.0441745', 'time_per_step': '2.94557'}
2025-10-30 03:57:33,540 - train_greyscale_FA_MoE.py - {'step': '42500', 'lr': '0.0002', 'total_loss': '0.0448896', 'main_loss': '0.0448896', 'time_per_step': '3.1168'}
2025-10-30 04:02:31,766 - train_greyscale_FA_MoE.py - {'step': '42600', 'lr': '0.0002', 'total_loss': '0.0363346', 'main_loss': '0.0363346', 'time_per_step': '3.03045'}
2025-10-30 04:07:30,481 - train_greyscale_FA_MoE.py - {'step': '42700', 'lr': '0.0002', 'total_loss': '0.0425564', 'main_loss': '0.0425564', 'time_per_step': '2.91571'}
2025-10-30 04:12:28,264 - train_greyscale_FA_MoE.py - {'step': '42800', 'lr': '0.0002', 'total_loss': '0.0379014', 'main_loss': '0.0379014', 'time_per_step': '2.68536'}
2025-10-30 04:17:27,866 - train_greyscale_FA_MoE.py - {'step': '42900', 'lr': '0.0002', 'total_loss': '0.0442048', 'main_loss': '0.0442048', 'time_per_step': '2.93185'}
2025-10-30 04:22:26,235 - train_greyscale_FA_MoE.py - {'step': '43000', 'lr': '0.0002', 'total_loss': '0.0429722', 'main_loss': '0.0429722', 'time_per_step': '2.84874'}
2025-10-30 04:27:24,638 - train_greyscale_FA_MoE.py - {'step': '43100', 'lr': '0.0002', 'total_loss': '0.0370309', 'main_loss': '0.0370309', 'time_per_step': '2.15553'}
2025-10-30 04:32:20,430 - train_greyscale_FA_MoE.py - {'step': '43200', 'lr': '0.0002', 'total_loss': '0.0382556', 'main_loss': '0.0382556', 'time_per_step': '2.12943'}
2025-10-30 04:37:23,751 - train_greyscale_FA_MoE.py - {'step': '43300', 'lr': '0.0002', 'total_loss': '0.0426497', 'main_loss': '0.0426497', 'time_per_step': '2.84462'}
2025-10-30 04:42:22,496 - train_greyscale_FA_MoE.py - {'step': '43400', 'lr': '0.0002', 'total_loss': '0.0397609', 'main_loss': '0.0397609', 'time_per_step': '2.96963'}
2025-10-30 04:47:20,669 - train_greyscale_FA_MoE.py - {'step': '43500', 'lr': '0.0002', 'total_loss': '0.0416163', 'main_loss': '0.0416163', 'time_per_step': '2.7272'}
2025-10-30 04:52:18,990 - train_greyscale_FA_MoE.py - {'step': '43600', 'lr': '0.0002', 'total_loss': '0.0410734', 'main_loss': '0.0410734', 'time_per_step': '2.81559'}
2025-10-30 04:57:18,197 - train_greyscale_FA_MoE.py - {'step': '43700', 'lr': '0.0002', 'total_loss': '0.0387283', 'main_loss': '0.0387283', 'time_per_step': '2.85735'}
2025-10-30 05:02:17,503 - train_greyscale_FA_MoE.py - {'step': '43800', 'lr': '0.0002', 'total_loss': '0.0373126', 'main_loss': '0.0373126', 'time_per_step': '2.95777'}
2025-10-30 05:07:16,634 - train_greyscale_FA_MoE.py - {'step': '43900', 'lr': '0.0002', 'total_loss': '0.045499', 'main_loss': '0.045499', 'time_per_step': '2.91668'}
2025-10-30 05:12:15,813 - train_greyscale_FA_MoE.py - {'step': '44000', 'lr': '0.0002', 'total_loss': '0.0440677', 'main_loss': '0.0440677', 'time_per_step': '2.8973'}
2025-10-30 05:17:13,946 - train_greyscale_FA_MoE.py - {'step': '44100', 'lr': '0.0002', 'total_loss': '0.0413363', 'main_loss': '0.0413363', 'time_per_step': '2.7703'}
2025-10-30 05:22:11,987 - train_greyscale_FA_MoE.py - {'step': '44200', 'lr': '0.0002', 'total_loss': '0.0433198', 'main_loss': '0.0433198', 'time_per_step': '3.024'}
2025-10-30 05:27:08,779 - train_greyscale_FA_MoE.py - {'step': '44300', 'lr': '0.0002', 'total_loss': '0.040135', 'main_loss': '0.040135', 'time_per_step': '2.15053'}
2025-10-30 05:32:04,797 - train_greyscale_FA_MoE.py - {'step': '44400', 'lr': '0.0002', 'total_loss': '0.0437445', 'main_loss': '0.0437445', 'time_per_step': '2.20404'}
2025-10-30 05:37:08,605 - train_greyscale_FA_MoE.py - {'step': '44500', 'lr': '0.0002', 'total_loss': '0.0377834', 'main_loss': '0.0377834', 'time_per_step': '3.01853'}
2025-10-30 05:42:04,948 - train_greyscale_FA_MoE.py - {'step': '44600', 'lr': '0.0002', 'total_loss': '0.0380733', 'main_loss': '0.0380733', 'time_per_step': '2.7769'}
2025-10-30 05:47:02,220 - train_greyscale_FA_MoE.py - {'step': '44700', 'lr': '0.0002', 'total_loss': '0.0375252', 'main_loss': '0.0375252', 'time_per_step': '2.66237'}
2025-10-30 05:52:00,532 - train_greyscale_FA_MoE.py - {'step': '44800', 'lr': '0.0002', 'total_loss': '0.0359632', 'main_loss': '0.0359632', 'time_per_step': '2.96435'}
2025-10-30 05:56:58,002 - train_greyscale_FA_MoE.py - {'step': '44900', 'lr': '0.0002', 'total_loss': '0.039709', 'main_loss': '0.039709', 'time_per_step': '2.9458'}
2025-10-30 06:01:57,314 - train_greyscale_FA_MoE.py - {'step': '45000', 'lr': '0.0002', 'total_loss': '0.0372914', 'main_loss': '0.0372914', 'time_per_step': '2.90542'}
2025-10-30 06:06:56,532 - train_greyscale_FA_MoE.py - {'step': '45100', 'lr': '0.0002', 'total_loss': '0.0411969', 'main_loss': '0.0411969', 'time_per_step': '2.96024'}
2025-10-30 06:11:52,862 - train_greyscale_FA_MoE.py - {'step': '45200', 'lr': '0.0002', 'total_loss': '0.0437582', 'main_loss': '0.0437582', 'time_per_step': '2.98302'}
2025-10-30 06:16:49,998 - train_greyscale_FA_MoE.py - {'step': '45300', 'lr': '0.0002', 'total_loss': '0.0496876', 'main_loss': '0.0496876', 'time_per_step': '2.83265'}
2025-10-30 06:21:48,486 - train_greyscale_FA_MoE.py - {'step': '45400', 'lr': '0.0002', 'total_loss': '0.0414086', 'main_loss': '0.0414086', 'time_per_step': '2.91787'}
2025-10-30 06:26:44,562 - train_greyscale_FA_MoE.py - {'step': '45500', 'lr': '0.0002', 'total_loss': '0.0449815', 'main_loss': '0.0449815', 'time_per_step': '2.18422'}
2025-10-30 06:31:40,640 - train_greyscale_FA_MoE.py - {'step': '45600', 'lr': '0.0002', 'total_loss': '0.0457586', 'main_loss': '0.0457586', 'time_per_step': '2.12616'}
2025-10-30 06:36:43,564 - train_greyscale_FA_MoE.py - {'step': '45700', 'lr': '0.0002', 'total_loss': '0.0419293', 'main_loss': '0.0419293', 'time_per_step': '2.99771'}
2025-10-30 06:41:41,149 - train_greyscale_FA_MoE.py - {'step': '45800', 'lr': '0.0002', 'total_loss': '0.0410629', 'main_loss': '0.0410629', 'time_per_step': '2.73808'}
2025-10-30 06:46:38,568 - train_greyscale_FA_MoE.py - {'step': '45900', 'lr': '0.0002', 'total_loss': '0.0405731', 'main_loss': '0.0405731', 'time_per_step': '2.98163'}
2025-10-30 06:51:35,795 - train_greyscale_FA_MoE.py - {'step': '46000', 'lr': '0.0002', 'total_loss': '0.0419753', 'main_loss': '0.0419753', 'time_per_step': '2.99821'}
2025-10-30 06:56:34,772 - train_greyscale_FA_MoE.py - {'step': '46100', 'lr': '0.0002', 'total_loss': '0.0422032', 'main_loss': '0.0422032', 'time_per_step': '2.91644'}
2025-10-30 07:01:32,490 - train_greyscale_FA_MoE.py - {'step': '46200', 'lr': '0.0002', 'total_loss': '0.0480543', 'main_loss': '0.0480543', 'time_per_step': '2.72096'}
2025-10-30 07:06:30,181 - train_greyscale_FA_MoE.py - {'step': '46300', 'lr': '0.0002', 'total_loss': '0.0488685', 'main_loss': '0.0488685', 'time_per_step': '2.9235'}
2025-10-30 07:11:28,129 - train_greyscale_FA_MoE.py - {'step': '46400', 'lr': '0.0002', 'total_loss': '0.0396462', 'main_loss': '0.0396462', 'time_per_step': '2.91919'}
2025-10-30 07:16:26,124 - train_greyscale_FA_MoE.py - {'step': '46500', 'lr': '0.0002', 'total_loss': '0.0431367', 'main_loss': '0.0431367', 'time_per_step': '2.94396'}
2025-10-30 07:21:24,810 - train_greyscale_FA_MoE.py - {'step': '46600', 'lr': '0.0002', 'total_loss': '0.039761', 'main_loss': '0.039761', 'time_per_step': '2.96221'}
2025-10-30 07:26:21,744 - train_greyscale_FA_MoE.py - {'step': '46700', 'lr': '0.0002', 'total_loss': '0.0421569', 'main_loss': '0.0421569', 'time_per_step': '2.1301'}
2025-10-30 07:31:17,715 - train_greyscale_FA_MoE.py - {'step': '46800', 'lr': '0.0002', 'total_loss': '0.0349577', 'main_loss': '0.0349577', 'time_per_step': '2.13134'}
2025-10-30 07:36:23,104 - train_greyscale_FA_MoE.py - {'step': '46900', 'lr': '0.0002', 'total_loss': '0.0419511', 'main_loss': '0.0419511', 'time_per_step': '2.85807'}
2025-10-30 07:41:20,282 - train_greyscale_FA_MoE.py - {'step': '47000', 'lr': '0.0002', 'total_loss': '0.0399101', 'main_loss': '0.0399101', 'time_per_step': '3.00281'}
2025-10-30 07:46:19,736 - train_greyscale_FA_MoE.py - {'step': '47100', 'lr': '0.0002', 'total_loss': '0.0395706', 'main_loss': '0.0395706', 'time_per_step': '2.92958'}
2025-10-30 07:51:17,814 - train_greyscale_FA_MoE.py - {'step': '47200', 'lr': '0.0002', 'total_loss': '0.0404345', 'main_loss': '0.0404345', 'time_per_step': '2.8896'}
2025-10-30 07:56:16,747 - train_greyscale_FA_MoE.py - {'step': '47300', 'lr': '0.0002', 'total_loss': '0.0328278', 'main_loss': '0.0328278', 'time_per_step': '2.961'}
2025-10-30 08:01:13,062 - train_greyscale_FA_MoE.py - {'step': '47400', 'lr': '0.0002', 'total_loss': '0.0405951', 'main_loss': '0.0405951', 'time_per_step': '3.021'}
2025-10-30 08:06:10,921 - train_greyscale_FA_MoE.py - {'step': '47500', 'lr': '0.0002', 'total_loss': '0.0439916', 'main_loss': '0.0439916', 'time_per_step': '2.77527'}
2025-10-30 08:11:08,778 - train_greyscale_FA_MoE.py - {'step': '47600', 'lr': '0.0002', 'total_loss': '0.0375381', 'main_loss': '0.0375381', 'time_per_step': '2.98015'}
2025-10-30 08:16:06,588 - train_greyscale_FA_MoE.py - {'step': '47700', 'lr': '0.0002', 'total_loss': '0.0396154', 'main_loss': '0.0396154', 'time_per_step': '2.73137'}
2025-10-30 08:21:03,157 - train_greyscale_FA_MoE.py - {'step': '47800', 'lr': '0.0002', 'total_loss': '0.0426789', 'main_loss': '0.0426789', 'time_per_step': '3.06252'}
2025-10-30 08:26:00,535 - train_greyscale_FA_MoE.py - {'step': '47900', 'lr': '0.0002', 'total_loss': '0.04112', 'main_loss': '0.04112', 'time_per_step': '2.18857'}
2025-10-30 08:30:55,617 - train_greyscale_FA_MoE.py - {'step': '48000', 'lr': '0.0002', 'total_loss': '0.0336999', 'main_loss': '0.0336999', 'time_per_step': '2.12615'}
2025-10-30 08:35:58,564 - train_greyscale_FA_MoE.py - {'step': '48100', 'lr': '0.0002', 'total_loss': '0.0434095', 'main_loss': '0.0434095', 'time_per_step': '2.91518'}
2025-10-30 08:40:54,332 - train_greyscale_FA_MoE.py - {'step': '48200', 'lr': '0.0002', 'total_loss': '0.0395483', 'main_loss': '0.0395483', 'time_per_step': '2.74405'}
2025-10-30 08:45:50,178 - train_greyscale_FA_MoE.py - {'step': '48300', 'lr': '0.0002', 'total_loss': '0.0488421', 'main_loss': '0.0488421', 'time_per_step': '2.83664'}
2025-10-30 08:50:48,213 - train_greyscale_FA_MoE.py - {'step': '48400', 'lr': '0.0002', 'total_loss': '0.0316814', 'main_loss': '0.0316814', 'time_per_step': '2.9895'}
2025-10-30 08:55:46,173 - train_greyscale_FA_MoE.py - {'step': '48500', 'lr': '0.0002', 'total_loss': '0.040199', 'main_loss': '0.040199', 'time_per_step': '2.79038'}
2025-10-30 09:00:43,543 - train_greyscale_FA_MoE.py - {'step': '48600', 'lr': '0.0002', 'total_loss': '0.0364417', 'main_loss': '0.0364417', 'time_per_step': '2.86001'}
2025-10-30 09:05:40,964 - train_greyscale_FA_MoE.py - {'step': '48700', 'lr': '0.0002', 'total_loss': '0.0405044', 'main_loss': '0.0405044', 'time_per_step': '2.72071'}
2025-10-30 09:10:41,336 - train_greyscale_FA_MoE.py - {'step': '48800', 'lr': '0.0002', 'total_loss': '0.0449919', 'main_loss': '0.0449919', 'time_per_step': '2.784'}
2025-10-30 09:15:37,828 - train_greyscale_FA_MoE.py - {'step': '48900', 'lr': '0.0002', 'total_loss': '0.0404826', 'main_loss': '0.0404826', 'time_per_step': '2.71454'}
2025-10-30 09:20:34,978 - train_greyscale_FA_MoE.py - {'step': '49000', 'lr': '0.0002', 'total_loss': '0.0497461', 'main_loss': '0.0497461', 'time_per_step': '2.8636'}
2025-10-30 09:25:32,370 - train_greyscale_FA_MoE.py - {'step': '49100', 'lr': '0.0002', 'total_loss': '0.0377075', 'main_loss': '0.0377075', 'time_per_step': '2.15034'}
2025-10-30 09:30:26,794 - train_greyscale_FA_MoE.py - {'step': '49200', 'lr': '0.0002', 'total_loss': '0.033141', 'main_loss': '0.033141', 'time_per_step': '2.12879'}
2025-10-30 09:35:32,668 - train_greyscale_FA_MoE.py - {'step': '49300', 'lr': '0.0002', 'total_loss': '0.0405326', 'main_loss': '0.0405326', 'time_per_step': '2.96712'}
2025-10-30 09:40:31,830 - train_greyscale_FA_MoE.py - {'step': '49400', 'lr': '0.0002', 'total_loss': '0.035342', 'main_loss': '0.035342', 'time_per_step': '2.74528'}
2025-10-30 09:45:30,160 - train_greyscale_FA_MoE.py - {'step': '49500', 'lr': '0.0002', 'total_loss': '0.0353098', 'main_loss': '0.0353098', 'time_per_step': '2.97273'}
2025-10-30 09:50:28,477 - train_greyscale_FA_MoE.py - {'step': '49600', 'lr': '0.0002', 'total_loss': '0.0395508', 'main_loss': '0.0395508', 'time_per_step': '2.71651'}
2025-10-30 09:55:25,938 - train_greyscale_FA_MoE.py - {'step': '49700', 'lr': '0.0002', 'total_loss': '0.0426297', 'main_loss': '0.0426297', 'time_per_step': '3.08236'}
2025-10-30 10:00:25,835 - train_greyscale_FA_MoE.py - {'step': '49800', 'lr': '0.0002', 'total_loss': '0.0435552', 'main_loss': '0.0435552', 'time_per_step': '2.98292'}
2025-10-30 10:05:24,577 - train_greyscale_FA_MoE.py - {'step': '49900', 'lr': '0.0002', 'total_loss': '0.0377236', 'main_loss': '0.0377236', 'time_per_step': '2.77079'}
2025-10-30 10:10:21,178 - train_greyscale_FA_MoE.py - {'step': '50000', 'lr': '0.0002', 'total_loss': '0.0385721', 'main_loss': '0.0385721', 'time_per_step': '2.68368'}
2025-10-30 10:10:21,214 - train_greyscale_FA_MoE.py - Saved expert distribution of layer in_block_0 to output/acdc_wholeheart_uncond_fa_ec_moe_greyscale_uvit_mid_4by4_l6r9_minmax/samples/expert_distribution_in_block_0_step50000.npy
2025-10-30 10:10:22,465 - train_greyscale_FA_MoE.py - Saved expert distribution of layer out_block_7 to output/acdc_wholeheart_uncond_fa_ec_moe_greyscale_uvit_mid_4by4_l6r9_minmax/samples/expert_distribution_out_block_7_step50000.npy
2025-10-30 10:10:23,577 - train_greyscale_FA_MoE.py - Save a grid of 16 samples into output/acdc_wholeheart_uncond_fa_ec_moe_greyscale_uvit_mid_4by4_l6r9_minmax/samples/50000.png by DPM-Solver
2025-10-30 10:15:27,851 - train_greyscale_FA_MoE.py - {'step': '50100', 'lr': '0.0002', 'total_loss': '0.0317144', 'main_loss': '0.0317144', 'time_per_step': '2.93881'}
2025-10-30 10:20:26,708 - train_greyscale_FA_MoE.py - {'step': '50200', 'lr': '0.0002', 'total_loss': '0.042485', 'main_loss': '0.042485', 'time_per_step': '2.95586'}
2025-10-30 10:25:25,005 - train_greyscale_FA_MoE.py - {'step': '50300', 'lr': '0.0002', 'total_loss': '0.03841', 'main_loss': '0.03841', 'time_per_step': '2.14118'}
2025-10-30 10:30:20,053 - train_greyscale_FA_MoE.py - {'step': '50400', 'lr': '0.0002', 'total_loss': '0.0413808', 'main_loss': '0.0413808', 'time_per_step': '2.12847'}
2025-10-30 10:35:23,743 - train_greyscale_FA_MoE.py - {'step': '50500', 'lr': '0.0002', 'total_loss': '0.0409509', 'main_loss': '0.0409509', 'time_per_step': '3.11584'}
2025-10-30 10:40:21,126 - train_greyscale_FA_MoE.py - {'step': '50600', 'lr': '0.0002', 'total_loss': '0.0419028', 'main_loss': '0.0419028', 'time_per_step': '2.99327'}
2025-10-30 10:45:19,373 - train_greyscale_FA_MoE.py - {'step': '50700', 'lr': '0.0002', 'total_loss': '0.0346521', 'main_loss': '0.0346521', 'time_per_step': '2.67497'}
2025-10-30 10:50:18,605 - train_greyscale_FA_MoE.py - {'step': '50800', 'lr': '0.0002', 'total_loss': '0.0342951', 'main_loss': '0.0342951', 'time_per_step': '2.95969'}
2025-10-30 10:55:17,201 - train_greyscale_FA_MoE.py - {'step': '50900', 'lr': '0.0002', 'total_loss': '0.0434719', 'main_loss': '0.0434719', 'time_per_step': '3.12601'}
2025-10-30 11:00:15,301 - train_greyscale_FA_MoE.py - {'step': '51000', 'lr': '0.0002', 'total_loss': '0.0424132', 'main_loss': '0.0424132', 'time_per_step': '2.82677'}
2025-10-30 11:05:14,718 - train_greyscale_FA_MoE.py - {'step': '51100', 'lr': '0.0002', 'total_loss': '0.0452124', 'main_loss': '0.0452124', 'time_per_step': '2.96957'}
2025-10-30 11:10:12,638 - train_greyscale_FA_MoE.py - {'step': '51200', 'lr': '0.0002', 'total_loss': '0.0418832', 'main_loss': '0.0418832', 'time_per_step': '2.77866'}
2025-10-30 11:15:10,153 - train_greyscale_FA_MoE.py - {'step': '51300', 'lr': '0.0002', 'total_loss': '0.0424836', 'main_loss': '0.0424836', 'time_per_step': '2.98821'}
2025-10-30 11:20:09,764 - train_greyscale_FA_MoE.py - {'step': '51400', 'lr': '0.0002', 'total_loss': '0.0398915', 'main_loss': '0.0398915', 'time_per_step': '2.93787'}
2025-10-30 11:25:06,766 - train_greyscale_FA_MoE.py - {'step': '51500', 'lr': '0.0002', 'total_loss': '0.0332797', 'main_loss': '0.0332797', 'time_per_step': '2.16952'}
2025-10-30 11:30:01,627 - train_greyscale_FA_MoE.py - {'step': '51600', 'lr': '0.0002', 'total_loss': '0.0412248', 'main_loss': '0.0412248', 'time_per_step': '2.15643'}
2025-10-30 11:35:04,660 - train_greyscale_FA_MoE.py - {'step': '51700', 'lr': '0.0002', 'total_loss': '0.0333896', 'main_loss': '0.0333896', 'time_per_step': '2.95126'}
2025-10-30 11:40:02,311 - train_greyscale_FA_MoE.py - {'step': '51800', 'lr': '0.0002', 'total_loss': '0.0348716', 'main_loss': '0.0348716', 'time_per_step': '2.80121'}
2025-10-30 11:45:00,515 - train_greyscale_FA_MoE.py - {'step': '51900', 'lr': '0.0002', 'total_loss': '0.0457018', 'main_loss': '0.0457018', 'time_per_step': '3.00045'}
2025-10-30 11:49:57,955 - train_greyscale_FA_MoE.py - {'step': '52000', 'lr': '0.0002', 'total_loss': '0.0400259', 'main_loss': '0.0400259', 'time_per_step': '2.98312'}
2025-10-30 11:54:55,372 - train_greyscale_FA_MoE.py - {'step': '52100', 'lr': '0.0002', 'total_loss': '0.0452764', 'main_loss': '0.0452764', 'time_per_step': '2.68555'}
2025-10-30 11:59:54,038 - train_greyscale_FA_MoE.py - {'step': '52200', 'lr': '0.0002', 'total_loss': '0.0408421', 'main_loss': '0.0408421', 'time_per_step': '2.94471'}
2025-10-30 12:04:53,474 - train_greyscale_FA_MoE.py - {'step': '52300', 'lr': '0.0002', 'total_loss': '0.0469909', 'main_loss': '0.0469909', 'time_per_step': '2.98558'}
2025-10-30 12:09:51,084 - train_greyscale_FA_MoE.py - {'step': '52400', 'lr': '0.0002', 'total_loss': '0.0348872', 'main_loss': '0.0348872', 'time_per_step': '2.72897'}
2025-10-30 12:14:48,953 - train_greyscale_FA_MoE.py - {'step': '52500', 'lr': '0.0002', 'total_loss': '0.0364553', 'main_loss': '0.0364553', 'time_per_step': '2.69759'}
2025-10-30 12:19:47,308 - train_greyscale_FA_MoE.py - {'step': '52600', 'lr': '0.0002', 'total_loss': '0.0401332', 'main_loss': '0.0401332', 'time_per_step': '2.84636'}
2025-10-30 12:24:44,873 - train_greyscale_FA_MoE.py - {'step': '52700', 'lr': '0.0002', 'total_loss': '0.0366219', 'main_loss': '0.0366219', 'time_per_step': '2.13512'}
2025-10-30 12:29:39,685 - train_greyscale_FA_MoE.py - {'step': '52800', 'lr': '0.0002', 'total_loss': '0.0373762', 'main_loss': '0.0373762', 'time_per_step': '2.12889'}
2025-10-30 12:34:43,848 - train_greyscale_FA_MoE.py - {'step': '52900', 'lr': '0.0002', 'total_loss': '0.0318609', 'main_loss': '0.0318609', 'time_per_step': '3.03955'}
2025-10-30 12:39:41,905 - train_greyscale_FA_MoE.py - {'step': '53000', 'lr': '0.0002', 'total_loss': '0.0338679', 'main_loss': '0.0338679', 'time_per_step': '2.71269'}
2025-10-30 12:44:39,769 - train_greyscale_FA_MoE.py - {'step': '53100', 'lr': '0.0002', 'total_loss': '0.0419283', 'main_loss': '0.0419283', 'time_per_step': '2.61869'}
2025-10-30 12:49:38,037 - train_greyscale_FA_MoE.py - {'step': '53200', 'lr': '0.0002', 'total_loss': '0.0462569', 'main_loss': '0.0462569', 'time_per_step': '2.71099'}
2025-10-30 12:54:37,030 - train_greyscale_FA_MoE.py - {'step': '53300', 'lr': '0.0002', 'total_loss': '0.0437702', 'main_loss': '0.0437702', 'time_per_step': '2.95548'}
2025-10-30 12:59:34,859 - train_greyscale_FA_MoE.py - {'step': '53400', 'lr': '0.0002', 'total_loss': '0.0314874', 'main_loss': '0.0314874', 'time_per_step': '3.15656'}
2025-10-30 13:04:34,149 - train_greyscale_FA_MoE.py - {'step': '53500', 'lr': '0.0002', 'total_loss': '0.0446363', 'main_loss': '0.0446363', 'time_per_step': '2.96089'}
2025-10-30 13:09:33,123 - train_greyscale_FA_MoE.py - {'step': '53600', 'lr': '0.0002', 'total_loss': '0.0318358', 'main_loss': '0.0318358', 'time_per_step': '2.99402'}
2025-10-30 13:14:31,655 - train_greyscale_FA_MoE.py - {'step': '53700', 'lr': '0.0002', 'total_loss': '0.0497319', 'main_loss': '0.0497319', 'time_per_step': '2.76823'}
2025-10-30 13:19:30,441 - train_greyscale_FA_MoE.py - {'step': '53800', 'lr': '0.0002', 'total_loss': '0.0413565', 'main_loss': '0.0413565', 'time_per_step': '2.81233'}
2025-10-30 13:24:28,333 - train_greyscale_FA_MoE.py - {'step': '53900', 'lr': '0.0002', 'total_loss': '0.0447422', 'main_loss': '0.0447422', 'time_per_step': '2.13807'}
2025-10-30 13:29:24,192 - train_greyscale_FA_MoE.py - {'step': '54000', 'lr': '0.0002', 'total_loss': '0.0398029', 'main_loss': '0.0398029', 'time_per_step': '2.13131'}
2025-10-30 13:34:27,489 - train_greyscale_FA_MoE.py - {'step': '54100', 'lr': '0.0002', 'total_loss': '0.0336298', 'main_loss': '0.0336298', 'time_per_step': '3.02086'}
2025-10-30 13:39:24,436 - train_greyscale_FA_MoE.py - {'step': '54200', 'lr': '0.0002', 'total_loss': '0.0452107', 'main_loss': '0.0452107', 'time_per_step': '2.96135'}
2025-10-30 13:44:22,627 - train_greyscale_FA_MoE.py - {'step': '54300', 'lr': '0.0002', 'total_loss': '0.0439308', 'main_loss': '0.0439308', 'time_per_step': '2.9422'}
2025-10-30 13:49:18,620 - train_greyscale_FA_MoE.py - {'step': '54400', 'lr': '0.0002', 'total_loss': '0.0324319', 'main_loss': '0.0324319', 'time_per_step': '2.69369'}
2025-10-30 13:54:17,548 - train_greyscale_FA_MoE.py - {'step': '54500', 'lr': '0.0002', 'total_loss': '0.034638', 'main_loss': '0.034638', 'time_per_step': '3.05454'}
2025-10-30 13:59:14,966 - train_greyscale_FA_MoE.py - {'step': '54600', 'lr': '0.0002', 'total_loss': '0.0374786', 'main_loss': '0.0374786', 'time_per_step': '2.74388'}
2025-10-30 14:04:15,371 - train_greyscale_FA_MoE.py - {'step': '54700', 'lr': '0.0002', 'total_loss': '0.0456176', 'main_loss': '0.0456176', 'time_per_step': '2.9914'}
2025-10-30 14:09:12,605 - train_greyscale_FA_MoE.py - {'step': '54800', 'lr': '0.0002', 'total_loss': '0.0383263', 'main_loss': '0.0383263', 'time_per_step': '2.89746'}
2025-10-30 14:14:10,733 - train_greyscale_FA_MoE.py - {'step': '54900', 'lr': '0.0002', 'total_loss': '0.0439882', 'main_loss': '0.0439882', 'time_per_step': '2.70084'}
2025-10-30 14:19:10,159 - train_greyscale_FA_MoE.py - {'step': '55000', 'lr': '0.0002', 'total_loss': '0.046696', 'main_loss': '0.046696', 'time_per_step': '2.69776'}
2025-10-30 14:24:07,747 - train_greyscale_FA_MoE.py - {'step': '55100', 'lr': '0.0002', 'total_loss': '0.0350234', 'main_loss': '0.0350234', 'time_per_step': '2.18543'}
2025-10-30 14:29:02,594 - train_greyscale_FA_MoE.py - {'step': '55200', 'lr': '0.0002', 'total_loss': '0.0386951', 'main_loss': '0.0386951', 'time_per_step': '2.12905'}
2025-10-30 14:34:06,064 - train_greyscale_FA_MoE.py - {'step': '55300', 'lr': '0.0002', 'total_loss': '0.0391426', 'main_loss': '0.0391426', 'time_per_step': '2.68318'}
2025-10-30 14:39:03,165 - train_greyscale_FA_MoE.py - {'step': '55400', 'lr': '0.0002', 'total_loss': '0.0365108', 'main_loss': '0.0365108', 'time_per_step': '2.78091'}
2025-10-30 14:44:01,431 - train_greyscale_FA_MoE.py - {'step': '55500', 'lr': '0.0002', 'total_loss': '0.0374028', 'main_loss': '0.0374028', 'time_per_step': '2.95326'}
2025-10-30 14:48:58,936 - train_greyscale_FA_MoE.py - {'step': '55600', 'lr': '0.0002', 'total_loss': '0.0386499', 'main_loss': '0.0386499', 'time_per_step': '3.12292'}
2025-10-30 14:53:55,865 - train_greyscale_FA_MoE.py - {'step': '55700', 'lr': '0.0002', 'total_loss': '0.0379686', 'main_loss': '0.0379686', 'time_per_step': '2.76936'}
2025-10-30 14:58:54,664 - train_greyscale_FA_MoE.py - {'step': '55800', 'lr': '0.0002', 'total_loss': '0.0418161', 'main_loss': '0.0418161', 'time_per_step': '2.84785'}
2025-10-30 15:03:53,510 - train_greyscale_FA_MoE.py - {'step': '55900', 'lr': '0.0002', 'total_loss': '0.0438549', 'main_loss': '0.0438549', 'time_per_step': '2.72631'}
2025-10-30 15:08:51,419 - train_greyscale_FA_MoE.py - {'step': '56000', 'lr': '0.0002', 'total_loss': '0.0395579', 'main_loss': '0.0395579', 'time_per_step': '2.78558'}
2025-10-30 15:13:48,891 - train_greyscale_FA_MoE.py - {'step': '56100', 'lr': '0.0002', 'total_loss': '0.035534', 'main_loss': '0.035534', 'time_per_step': '2.84532'}
2025-10-30 15:18:47,420 - train_greyscale_FA_MoE.py - {'step': '56200', 'lr': '0.0002', 'total_loss': '0.0443598', 'main_loss': '0.0443598', 'time_per_step': '2.7534'}
2025-10-30 15:23:44,211 - train_greyscale_FA_MoE.py - {'step': '56300', 'lr': '0.0002', 'total_loss': '0.0328891', 'main_loss': '0.0328891', 'time_per_step': '2.1311'}
2025-10-30 15:28:39,480 - train_greyscale_FA_MoE.py - {'step': '56400', 'lr': '0.0002', 'total_loss': '0.0330859', 'main_loss': '0.0330859', 'time_per_step': '2.14054'}
2025-10-30 15:33:42,448 - train_greyscale_FA_MoE.py - {'step': '56500', 'lr': '0.0002', 'total_loss': '0.041159', 'main_loss': '0.041159', 'time_per_step': '2.71315'}
2025-10-30 15:38:40,576 - train_greyscale_FA_MoE.py - {'step': '56600', 'lr': '0.0002', 'total_loss': '0.0306091', 'main_loss': '0.0306091', 'time_per_step': '2.6586'}
2025-10-30 15:43:38,674 - train_greyscale_FA_MoE.py - {'step': '56700', 'lr': '0.0002', 'total_loss': '0.0404938', 'main_loss': '0.0404938', 'time_per_step': '2.79599'}
2025-10-30 15:48:37,588 - train_greyscale_FA_MoE.py - {'step': '56800', 'lr': '0.0002', 'total_loss': '0.0431854', 'main_loss': '0.0431854', 'time_per_step': '2.93023'}
2025-10-30 15:53:34,470 - train_greyscale_FA_MoE.py - {'step': '56900', 'lr': '0.0002', 'total_loss': '0.0457303', 'main_loss': '0.0457303', 'time_per_step': '3.09882'}
2025-10-30 15:58:32,374 - train_greyscale_FA_MoE.py - {'step': '57000', 'lr': '0.0002', 'total_loss': '0.0428425', 'main_loss': '0.0428425', 'time_per_step': '2.86501'}
2025-10-30 16:03:30,410 - train_greyscale_FA_MoE.py - {'step': '57100', 'lr': '0.0002', 'total_loss': '0.0367143', 'main_loss': '0.0367143', 'time_per_step': '2.9985'}
2025-10-30 16:08:28,816 - train_greyscale_FA_MoE.py - {'step': '57200', 'lr': '0.0002', 'total_loss': '0.0423943', 'main_loss': '0.0423943', 'time_per_step': '2.72645'}
2025-10-30 16:13:26,118 - train_greyscale_FA_MoE.py - {'step': '57300', 'lr': '0.0002', 'total_loss': '0.0341805', 'main_loss': '0.0341805', 'time_per_step': '2.78166'}
2025-10-30 16:18:27,031 - train_greyscale_FA_MoE.py - {'step': '57400', 'lr': '0.0002', 'total_loss': '0.036598', 'main_loss': '0.036598', 'time_per_step': '2.96525'}
2025-10-30 16:23:26,015 - train_greyscale_FA_MoE.py - {'step': '57500', 'lr': '0.0002', 'total_loss': '0.0375698', 'main_loss': '0.0375698', 'time_per_step': '2.16555'}
2025-10-30 16:28:22,350 - train_greyscale_FA_MoE.py - {'step': '57600', 'lr': '0.0002', 'total_loss': '0.0372514', 'main_loss': '0.0372514', 'time_per_step': '2.14618'}
2025-10-30 16:33:26,407 - train_greyscale_FA_MoE.py - {'step': '57700', 'lr': '0.0002', 'total_loss': '0.0380096', 'main_loss': '0.0380096', 'time_per_step': '2.9309'}
2025-10-30 16:38:23,451 - train_greyscale_FA_MoE.py - {'step': '57800', 'lr': '0.0002', 'total_loss': '0.039577', 'main_loss': '0.039577', 'time_per_step': '3.04147'}
2025-10-30 16:43:21,740 - train_greyscale_FA_MoE.py - {'step': '57900', 'lr': '0.0002', 'total_loss': '0.0329273', 'main_loss': '0.0329273', 'time_per_step': '3.00752'}
2025-10-30 16:48:18,900 - train_greyscale_FA_MoE.py - {'step': '58000', 'lr': '0.0002', 'total_loss': '0.0353808', 'main_loss': '0.0353808', 'time_per_step': '3.08505'}
2025-10-30 16:53:16,579 - train_greyscale_FA_MoE.py - {'step': '58100', 'lr': '0.0002', 'total_loss': '0.0399829', 'main_loss': '0.0399829', 'time_per_step': '2.98181'}
2025-10-30 16:58:14,446 - train_greyscale_FA_MoE.py - {'step': '58200', 'lr': '0.0002', 'total_loss': '0.0374069', 'main_loss': '0.0374069', 'time_per_step': '2.75041'}
2025-10-30 17:03:13,465 - train_greyscale_FA_MoE.py - {'step': '58300', 'lr': '0.0002', 'total_loss': '0.0374725', 'main_loss': '0.0374725', 'time_per_step': '2.66792'}
2025-10-30 17:08:11,657 - train_greyscale_FA_MoE.py - {'step': '58400', 'lr': '0.0002', 'total_loss': '0.0469642', 'main_loss': '0.0469642', 'time_per_step': '2.699'}
2025-10-30 17:13:08,974 - train_greyscale_FA_MoE.py - {'step': '58500', 'lr': '0.0002', 'total_loss': '0.0416348', 'main_loss': '0.0416348', 'time_per_step': '2.7107'}
2025-10-30 17:18:07,885 - train_greyscale_FA_MoE.py - {'step': '58600', 'lr': '0.0002', 'total_loss': '0.038419', 'main_loss': '0.038419', 'time_per_step': '2.7723'}
2025-10-30 17:23:04,311 - train_greyscale_FA_MoE.py - {'step': '58700', 'lr': '0.0002', 'total_loss': '0.0416829', 'main_loss': '0.0416829', 'time_per_step': '2.18727'}
2025-10-30 17:27:58,251 - train_greyscale_FA_MoE.py - {'step': '58800', 'lr': '0.0002', 'total_loss': '0.0367744', 'main_loss': '0.0367744', 'time_per_step': '2.12616'}
2025-10-30 17:33:02,606 - train_greyscale_FA_MoE.py - {'step': '58900', 'lr': '0.0002', 'total_loss': '0.0410891', 'main_loss': '0.0410891', 'time_per_step': '3.04979'}
2025-10-30 17:38:01,493 - train_greyscale_FA_MoE.py - {'step': '59000', 'lr': '0.0002', 'total_loss': '0.0369578', 'main_loss': '0.0369578', 'time_per_step': '3.00191'}
2025-10-30 17:43:00,059 - train_greyscale_FA_MoE.py - {'step': '59100', 'lr': '0.0002', 'total_loss': '0.0424843', 'main_loss': '0.0424843', 'time_per_step': '3.00094'}
2025-10-30 17:47:58,590 - train_greyscale_FA_MoE.py - {'step': '59200', 'lr': '0.0002', 'total_loss': '0.0330398', 'main_loss': '0.0330398', 'time_per_step': '3.03268'}
2025-10-30 17:52:57,076 - train_greyscale_FA_MoE.py - {'step': '59300', 'lr': '0.0002', 'total_loss': '0.0366762', 'main_loss': '0.0366762', 'time_per_step': '2.71159'}
2025-10-30 17:57:55,131 - train_greyscale_FA_MoE.py - {'step': '59400', 'lr': '0.0002', 'total_loss': '0.0379993', 'main_loss': '0.0379993', 'time_per_step': '2.68532'}
2025-10-30 18:02:54,085 - train_greyscale_FA_MoE.py - {'step': '59500', 'lr': '0.0002', 'total_loss': '0.0373238', 'main_loss': '0.0373238', 'time_per_step': '2.8458'}
2025-10-30 18:07:52,713 - train_greyscale_FA_MoE.py - {'step': '59600', 'lr': '0.0002', 'total_loss': '0.0457149', 'main_loss': '0.0457149', 'time_per_step': '3.10033'}
2025-10-30 18:12:51,248 - train_greyscale_FA_MoE.py - {'step': '59700', 'lr': '0.0002', 'total_loss': '0.0397638', 'main_loss': '0.0397638', 'time_per_step': '2.9442'}
2025-10-30 18:17:48,480 - train_greyscale_FA_MoE.py - {'step': '59800', 'lr': '0.0002', 'total_loss': '0.0344354', 'main_loss': '0.0344354', 'time_per_step': '2.97736'}
2025-10-30 18:22:46,431 - train_greyscale_FA_MoE.py - {'step': '59900', 'lr': '0.0002', 'total_loss': '0.0342778', 'main_loss': '0.0342778', 'time_per_step': '2.20378'}
2025-10-30 18:27:41,327 - train_greyscale_FA_MoE.py - {'step': '60000', 'lr': '0.0002', 'total_loss': '0.034422', 'main_loss': '0.034422', 'time_per_step': '2.1254'}
2025-10-30 18:27:41,374 - train_greyscale_FA_MoE.py - Save and eval checkpoint 60000...
2025-10-30 18:27:43,739 - train_greyscale_FA_MoE.py - eval_step: n_samples=50000, sample_steps=50, algorithm=dpm_solver, mini_batch_size=500, samples save into output/acdc_wholeheart_uncond_fa_ec_moe_greyscale_uvit_mid_4by4_l6r9_minmax/samples/acdc_wholeheart_uncond_uvit_FA_EC_MoE_greyscale_mid_4by4_60000_dpm
2025-10-30 19:18:49,347 - train_greyscale_FA_MoE.py - step=60000 fid50000=90.97392028848759
2025-10-30 19:24:24,565 - train_greyscale_FA_MoE.py - {'step': '60100', 'lr': '0.0002', 'total_loss': '0.0367905', 'main_loss': '0.0367905', 'time_per_step': '2.83534'}
2025-10-30 19:29:22,778 - train_greyscale_FA_MoE.py - {'step': '60200', 'lr': '0.0002', 'total_loss': '0.0407833', 'main_loss': '0.0407833', 'time_per_step': '2.98712'}
2025-10-30 19:34:21,244 - train_greyscale_FA_MoE.py - {'step': '60300', 'lr': '0.0002', 'total_loss': '0.0404394', 'main_loss': '0.0404394', 'time_per_step': '2.78298'}
2025-10-30 19:39:19,453 - train_greyscale_FA_MoE.py - {'step': '60400', 'lr': '0.0002', 'total_loss': '0.0374235', 'main_loss': '0.0374235', 'time_per_step': '2.8352'}
2025-10-30 19:44:15,892 - train_greyscale_FA_MoE.py - {'step': '60500', 'lr': '0.0002', 'total_loss': '0.0419034', 'main_loss': '0.0419034', 'time_per_step': '2.91559'}
2025-10-30 19:49:15,060 - train_greyscale_FA_MoE.py - {'step': '60600', 'lr': '0.0002', 'total_loss': '0.0380723', 'main_loss': '0.0380723', 'time_per_step': '2.98451'}
2025-10-30 19:54:14,256 - train_greyscale_FA_MoE.py - {'step': '60700', 'lr': '0.0002', 'total_loss': '0.0346685', 'main_loss': '0.0346685', 'time_per_step': '2.96009'}
2025-10-30 19:59:11,976 - train_greyscale_FA_MoE.py - {'step': '60800', 'lr': '0.0002', 'total_loss': '0.039', 'main_loss': '0.039', 'time_per_step': '2.68873'}
2025-10-30 20:04:10,333 - train_greyscale_FA_MoE.py - {'step': '60900', 'lr': '0.0002', 'total_loss': '0.0338474', 'main_loss': '0.0338474', 'time_per_step': '3.04705'}
2025-10-30 20:09:07,742 - train_greyscale_FA_MoE.py - {'step': '61000', 'lr': '0.0002', 'total_loss': '0.0418333', 'main_loss': '0.0418333', 'time_per_step': '2.69901'}
2025-10-30 20:14:05,790 - train_greyscale_FA_MoE.py - {'step': '61100', 'lr': '0.0002', 'total_loss': '0.0294128', 'main_loss': '0.0294128', 'time_per_step': '2.13675'}
2025-10-30 20:19:01,839 - train_greyscale_FA_MoE.py - {'step': '61200', 'lr': '0.0002', 'total_loss': '0.0400214', 'main_loss': '0.0400214', 'time_per_step': '2.15849'}
2025-10-30 20:24:04,754 - train_greyscale_FA_MoE.py - {'step': '61300', 'lr': '0.0002', 'total_loss': '0.0378905', 'main_loss': '0.0378905', 'time_per_step': '2.93614'}
2025-10-30 20:29:01,014 - train_greyscale_FA_MoE.py - {'step': '61400', 'lr': '0.0002', 'total_loss': '0.0318026', 'main_loss': '0.0318026', 'time_per_step': '2.9597'}
2025-10-30 20:33:59,313 - train_greyscale_FA_MoE.py - {'step': '61500', 'lr': '0.0002', 'total_loss': '0.0394363', 'main_loss': '0.0394363', 'time_per_step': '2.94195'}
2025-10-30 20:38:58,265 - train_greyscale_FA_MoE.py - {'step': '61600', 'lr': '0.0002', 'total_loss': '0.0373984', 'main_loss': '0.0373984', 'time_per_step': '2.69001'}
2025-10-30 20:43:55,733 - train_greyscale_FA_MoE.py - {'step': '61700', 'lr': '0.0002', 'total_loss': '0.0333536', 'main_loss': '0.0333536', 'time_per_step': '2.72969'}
2025-10-30 20:48:53,764 - train_greyscale_FA_MoE.py - {'step': '61800', 'lr': '0.0002', 'total_loss': '0.0413029', 'main_loss': '0.0413029', 'time_per_step': '2.94096'}
2025-10-30 20:53:51,151 - train_greyscale_FA_MoE.py - {'step': '61900', 'lr': '0.0002', 'total_loss': '0.0346768', 'main_loss': '0.0346768', 'time_per_step': '2.70509'}
2025-10-30 20:58:49,149 - train_greyscale_FA_MoE.py - {'step': '62000', 'lr': '0.0002', 'total_loss': '0.0361322', 'main_loss': '0.0361322', 'time_per_step': '2.68083'}
2025-10-30 21:03:47,953 - train_greyscale_FA_MoE.py - {'step': '62100', 'lr': '0.0002', 'total_loss': '0.0432142', 'main_loss': '0.0432142', 'time_per_step': '2.94627'}
2025-10-30 21:08:44,251 - train_greyscale_FA_MoE.py - {'step': '62200', 'lr': '0.0002', 'total_loss': '0.0347452', 'main_loss': '0.0347452', 'time_per_step': '2.82874'}
2025-10-30 21:13:42,064 - train_greyscale_FA_MoE.py - {'step': '62300', 'lr': '0.0002', 'total_loss': '0.0328316', 'main_loss': '0.0328316', 'time_per_step': '2.14406'}
2025-10-30 21:18:36,893 - train_greyscale_FA_MoE.py - {'step': '62400', 'lr': '0.0002', 'total_loss': '0.0331804', 'main_loss': '0.0331804', 'time_per_step': '2.15441'}
2025-10-30 21:23:40,778 - train_greyscale_FA_MoE.py - {'step': '62500', 'lr': '0.0002', 'total_loss': '0.0337697', 'main_loss': '0.0337697', 'time_per_step': '3.02692'}
2025-10-30 21:28:38,266 - train_greyscale_FA_MoE.py - {'step': '62600', 'lr': '0.0002', 'total_loss': '0.0344126', 'main_loss': '0.0344126', 'time_per_step': '2.85948'}
2025-10-30 21:33:36,457 - train_greyscale_FA_MoE.py - {'step': '62700', 'lr': '0.0002', 'total_loss': '0.0366916', 'main_loss': '0.0366916', 'time_per_step': '2.94965'}
2025-10-30 21:38:34,429 - train_greyscale_FA_MoE.py - {'step': '62800', 'lr': '0.0002', 'total_loss': '0.0358127', 'main_loss': '0.0358127', 'time_per_step': '3.04877'}
2025-10-30 21:43:32,303 - train_greyscale_FA_MoE.py - {'step': '62900', 'lr': '0.0002', 'total_loss': '0.0373817', 'main_loss': '0.0373817', 'time_per_step': '2.83681'}
2025-10-30 21:48:29,235 - train_greyscale_FA_MoE.py - {'step': '63000', 'lr': '0.0002', 'total_loss': '0.0385546', 'main_loss': '0.0385546', 'time_per_step': '2.64649'}
2025-10-30 21:53:27,798 - train_greyscale_FA_MoE.py - {'step': '63100', 'lr': '0.0002', 'total_loss': '0.0401027', 'main_loss': '0.0401027', 'time_per_step': '2.71203'}
2025-10-30 21:58:25,446 - train_greyscale_FA_MoE.py - {'step': '63200', 'lr': '0.0002', 'total_loss': '0.0383432', 'main_loss': '0.0383432', 'time_per_step': '2.84631'}
2025-10-30 22:03:24,959 - train_greyscale_FA_MoE.py - {'step': '63300', 'lr': '0.0002', 'total_loss': '0.033519', 'main_loss': '0.033519', 'time_per_step': '2.78196'}
2025-10-30 22:08:22,340 - train_greyscale_FA_MoE.py - {'step': '63400', 'lr': '0.0002', 'total_loss': '0.0368755', 'main_loss': '0.0368755', 'time_per_step': '2.85491'}
2025-10-30 22:13:19,319 - train_greyscale_FA_MoE.py - {'step': '63500', 'lr': '0.0002', 'total_loss': '0.0398383', 'main_loss': '0.0398383', 'time_per_step': '2.13188'}
2025-10-30 22:18:13,563 - train_greyscale_FA_MoE.py - {'step': '63600', 'lr': '0.0002', 'total_loss': '0.0312147', 'main_loss': '0.0312147', 'time_per_step': '2.12842'}
2025-10-30 22:23:16,870 - train_greyscale_FA_MoE.py - {'step': '63700', 'lr': '0.0002', 'total_loss': '0.0376208', 'main_loss': '0.0376208', 'time_per_step': '2.99182'}
2025-10-30 22:28:16,247 - train_greyscale_FA_MoE.py - {'step': '63800', 'lr': '0.0002', 'total_loss': '0.0400782', 'main_loss': '0.0400782', 'time_per_step': '2.995'}
2025-10-30 22:33:13,180 - train_greyscale_FA_MoE.py - {'step': '63900', 'lr': '0.0002', 'total_loss': '0.035809', 'main_loss': '0.035809', 'time_per_step': '2.64446'}
2025-10-30 22:38:10,292 - train_greyscale_FA_MoE.py - {'step': '64000', 'lr': '0.0002', 'total_loss': '0.0405288', 'main_loss': '0.0405288', 'time_per_step': '3.08724'}
2025-10-30 22:43:08,271 - train_greyscale_FA_MoE.py - {'step': '64100', 'lr': '0.0002', 'total_loss': '0.0419414', 'main_loss': '0.0419414', 'time_per_step': '2.9802'}
2025-10-30 22:48:05,921 - train_greyscale_FA_MoE.py - {'step': '64200', 'lr': '0.0002', 'total_loss': '0.034009', 'main_loss': '0.034009', 'time_per_step': '2.66483'}
2025-10-30 22:53:04,245 - train_greyscale_FA_MoE.py - {'step': '64300', 'lr': '0.0002', 'total_loss': '0.0443334', 'main_loss': '0.0443334', 'time_per_step': '2.91686'}
2025-10-30 22:58:03,817 - train_greyscale_FA_MoE.py - {'step': '64400', 'lr': '0.0002', 'total_loss': '0.0351793', 'main_loss': '0.0351793', 'time_per_step': '2.95429'}
2025-10-30 23:03:01,978 - train_greyscale_FA_MoE.py - {'step': '64500', 'lr': '0.0002', 'total_loss': '0.038444', 'main_loss': '0.038444', 'time_per_step': '3.00561'}
2025-10-30 23:08:00,728 - train_greyscale_FA_MoE.py - {'step': '64600', 'lr': '0.0002', 'total_loss': '0.0342157', 'main_loss': '0.0342157', 'time_per_step': '3.03273'}
2025-10-30 23:12:57,310 - train_greyscale_FA_MoE.py - {'step': '64700', 'lr': '0.0002', 'total_loss': '0.0319441', 'main_loss': '0.0319441', 'time_per_step': '2.17784'}
2025-10-30 23:17:52,704 - train_greyscale_FA_MoE.py - {'step': '64800', 'lr': '0.0002', 'total_loss': '0.0304909', 'main_loss': '0.0304909', 'time_per_step': '2.13299'}
2025-10-30 23:22:55,654 - train_greyscale_FA_MoE.py - {'step': '64900', 'lr': '0.0002', 'total_loss': '0.040644', 'main_loss': '0.040644', 'time_per_step': '2.97035'}
2025-10-30 23:27:52,611 - train_greyscale_FA_MoE.py - {'step': '65000', 'lr': '0.0002', 'total_loss': '0.0406738', 'main_loss': '0.0406738', 'time_per_step': '2.92359'}
2025-10-30 23:32:51,341 - train_greyscale_FA_MoE.py - {'step': '65100', 'lr': '0.0002', 'total_loss': '0.0317273', 'main_loss': '0.0317273', 'time_per_step': '3.00709'}
2025-10-30 23:37:50,037 - train_greyscale_FA_MoE.py - {'step': '65200', 'lr': '0.0002', 'total_loss': '0.0358635', 'main_loss': '0.0358635', 'time_per_step': '2.81295'}
2025-10-30 23:42:47,565 - train_greyscale_FA_MoE.py - {'step': '65300', 'lr': '0.0002', 'total_loss': '0.0343348', 'main_loss': '0.0343348', 'time_per_step': '2.74126'}
2025-10-30 23:47:44,032 - train_greyscale_FA_MoE.py - {'step': '65400', 'lr': '0.0002', 'total_loss': '0.0336919', 'main_loss': '0.0336919', 'time_per_step': '2.82995'}
2025-10-30 23:52:41,715 - train_greyscale_FA_MoE.py - {'step': '65500', 'lr': '0.0002', 'total_loss': '0.0336846', 'main_loss': '0.0336846', 'time_per_step': '3.00487'}
2025-10-30 23:57:40,282 - train_greyscale_FA_MoE.py - {'step': '65600', 'lr': '0.0002', 'total_loss': '0.0358886', 'main_loss': '0.0358886', 'time_per_step': '2.7364'}
2025-10-31 00:02:38,232 - train_greyscale_FA_MoE.py - {'step': '65700', 'lr': '0.0002', 'total_loss': '0.0430833', 'main_loss': '0.0430833', 'time_per_step': '2.99709'}
2025-10-31 00:07:36,684 - train_greyscale_FA_MoE.py - {'step': '65800', 'lr': '0.0002', 'total_loss': '0.0331704', 'main_loss': '0.0331704', 'time_per_step': '2.68343'}
2025-10-31 00:12:33,466 - train_greyscale_FA_MoE.py - {'step': '65900', 'lr': '0.0002', 'total_loss': '0.0338101', 'main_loss': '0.0338101', 'time_per_step': '2.18847'}
2025-10-31 00:17:28,868 - train_greyscale_FA_MoE.py - {'step': '66000', 'lr': '0.0002', 'total_loss': '0.0391262', 'main_loss': '0.0391262', 'time_per_step': '2.12526'}
2025-10-31 00:22:30,990 - train_greyscale_FA_MoE.py - {'step': '66100', 'lr': '0.0002', 'total_loss': '0.0350558', 'main_loss': '0.0350558', 'time_per_step': '2.98929'}
2025-10-31 00:27:29,216 - train_greyscale_FA_MoE.py - {'step': '66200', 'lr': '0.0002', 'total_loss': '0.0290983', 'main_loss': '0.0290983', 'time_per_step': '2.99633'}
2025-10-31 00:32:25,838 - train_greyscale_FA_MoE.py - {'step': '66300', 'lr': '0.0002', 'total_loss': '0.0310808', 'main_loss': '0.0310808', 'time_per_step': '2.73062'}
2025-10-31 00:37:25,455 - train_greyscale_FA_MoE.py - {'step': '66400', 'lr': '0.0002', 'total_loss': '0.0425408', 'main_loss': '0.0425408', 'time_per_step': '2.75906'}
2025-10-31 00:42:23,772 - train_greyscale_FA_MoE.py - {'step': '66500', 'lr': '0.0002', 'total_loss': '0.0362071', 'main_loss': '0.0362071', 'time_per_step': '2.78934'}
2025-10-31 00:47:21,806 - train_greyscale_FA_MoE.py - {'step': '66600', 'lr': '0.0002', 'total_loss': '0.04007', 'main_loss': '0.04007', 'time_per_step': '2.78228'}
2025-10-31 00:52:20,562 - train_greyscale_FA_MoE.py - {'step': '66700', 'lr': '0.0002', 'total_loss': '0.0364058', 'main_loss': '0.0364058', 'time_per_step': '2.72272'}
2025-10-31 00:57:18,341 - train_greyscale_FA_MoE.py - {'step': '66800', 'lr': '0.0002', 'total_loss': '0.0346578', 'main_loss': '0.0346578', 'time_per_step': '2.95771'}
2025-10-31 01:02:16,456 - train_greyscale_FA_MoE.py - {'step': '66900', 'lr': '0.0002', 'total_loss': '0.0415176', 'main_loss': '0.0415176', 'time_per_step': '2.74623'}
2025-10-31 01:07:16,280 - train_greyscale_FA_MoE.py - {'step': '67000', 'lr': '0.0002', 'total_loss': '0.0383869', 'main_loss': '0.0383869', 'time_per_step': '2.92829'}
2025-10-31 01:12:13,367 - train_greyscale_FA_MoE.py - {'step': '67100', 'lr': '0.0002', 'total_loss': '0.0325168', 'main_loss': '0.0325168', 'time_per_step': '2.14985'}
2025-10-31 01:17:07,511 - train_greyscale_FA_MoE.py - {'step': '67200', 'lr': '0.0002', 'total_loss': '0.0333996', 'main_loss': '0.0333996', 'time_per_step': '2.15453'}
2025-10-31 01:22:09,752 - train_greyscale_FA_MoE.py - {'step': '67300', 'lr': '0.0002', 'total_loss': '0.0381403', 'main_loss': '0.0381403', 'time_per_step': '2.86277'}
2025-10-31 01:27:09,672 - train_greyscale_FA_MoE.py - {'step': '67400', 'lr': '0.0002', 'total_loss': '0.0348668', 'main_loss': '0.0348668', 'time_per_step': '3.14771'}
2025-10-31 01:32:07,311 - train_greyscale_FA_MoE.py - {'step': '67500', 'lr': '0.0002', 'total_loss': '0.0311313', 'main_loss': '0.0311313', 'time_per_step': '2.8338'}
2025-10-31 01:37:05,999 - train_greyscale_FA_MoE.py - {'step': '67600', 'lr': '0.0002', 'total_loss': '0.0394054', 'main_loss': '0.0394054', 'time_per_step': '2.71938'}
2025-10-31 01:42:03,565 - train_greyscale_FA_MoE.py - {'step': '67700', 'lr': '0.0002', 'total_loss': '0.0381148', 'main_loss': '0.0381148', 'time_per_step': '3.01262'}
2025-10-31 01:47:02,237 - train_greyscale_FA_MoE.py - {'step': '67800', 'lr': '0.0002', 'total_loss': '0.0322816', 'main_loss': '0.0322816', 'time_per_step': '2.88874'}
2025-10-31 01:52:00,056 - train_greyscale_FA_MoE.py - {'step': '67900', 'lr': '0.0002', 'total_loss': '0.0440935', 'main_loss': '0.0440935', 'time_per_step': '2.88678'}
2025-10-31 01:56:59,129 - train_greyscale_FA_MoE.py - {'step': '68000', 'lr': '0.0002', 'total_loss': '0.0308575', 'main_loss': '0.0308575', 'time_per_step': '2.9541'}
2025-10-31 02:01:56,804 - train_greyscale_FA_MoE.py - {'step': '68100', 'lr': '0.0002', 'total_loss': '0.0354474', 'main_loss': '0.0354474', 'time_per_step': '2.84605'}
2025-10-31 02:06:54,975 - train_greyscale_FA_MoE.py - {'step': '68200', 'lr': '0.0002', 'total_loss': '0.0376172', 'main_loss': '0.0376172', 'time_per_step': '3.0015'}
2025-10-31 02:11:51,605 - train_greyscale_FA_MoE.py - {'step': '68300', 'lr': '0.0002', 'total_loss': '0.0396283', 'main_loss': '0.0396283', 'time_per_step': '2.15797'}
2025-10-31 02:16:46,030 - train_greyscale_FA_MoE.py - {'step': '68400', 'lr': '0.0002', 'total_loss': '0.0352773', 'main_loss': '0.0352773', 'time_per_step': '2.12597'}
2025-10-31 02:21:51,444 - train_greyscale_FA_MoE.py - {'step': '68500', 'lr': '0.0002', 'total_loss': '0.0288177', 'main_loss': '0.0288177', 'time_per_step': '2.94356'}
2025-10-31 02:26:50,208 - train_greyscale_FA_MoE.py - {'step': '68600', 'lr': '0.0002', 'total_loss': '0.0382759', 'main_loss': '0.0382759', 'time_per_step': '2.92735'}
2025-10-31 02:31:49,462 - train_greyscale_FA_MoE.py - {'step': '68700', 'lr': '0.0002', 'total_loss': '0.0402933', 'main_loss': '0.0402933', 'time_per_step': '2.9518'}
2025-10-31 02:36:47,908 - train_greyscale_FA_MoE.py - {'step': '68800', 'lr': '0.0002', 'total_loss': '0.0374236', 'main_loss': '0.0374236', 'time_per_step': '2.96113'}
2025-10-31 02:41:47,411 - train_greyscale_FA_MoE.py - {'step': '68900', 'lr': '0.0002', 'total_loss': '0.0363704', 'main_loss': '0.0363704', 'time_per_step': '2.82066'}
2025-10-31 02:46:45,568 - train_greyscale_FA_MoE.py - {'step': '69000', 'lr': '0.0002', 'total_loss': '0.0378279', 'main_loss': '0.0378279', 'time_per_step': '2.75754'}
2025-10-31 02:51:43,919 - train_greyscale_FA_MoE.py - {'step': '69100', 'lr': '0.0002', 'total_loss': '0.0316242', 'main_loss': '0.0316242', 'time_per_step': '2.98074'}
2025-10-31 02:56:43,051 - train_greyscale_FA_MoE.py - {'step': '69200', 'lr': '0.0002', 'total_loss': '0.0377508', 'main_loss': '0.0377508', 'time_per_step': '2.893'}
2025-10-31 03:01:43,702 - train_greyscale_FA_MoE.py - {'step': '69300', 'lr': '0.0002', 'total_loss': '0.0411906', 'main_loss': '0.0411906', 'time_per_step': '2.9871'}
2025-10-31 03:06:42,438 - train_greyscale_FA_MoE.py - {'step': '69400', 'lr': '0.0002', 'total_loss': '0.0360476', 'main_loss': '0.0360476', 'time_per_step': '2.93949'}
2025-10-31 03:11:38,760 - train_greyscale_FA_MoE.py - {'step': '69500', 'lr': '0.0002', 'total_loss': '0.0332267', 'main_loss': '0.0332267', 'time_per_step': '2.18726'}
2025-10-31 03:16:34,862 - train_greyscale_FA_MoE.py - {'step': '69600', 'lr': '0.0002', 'total_loss': '0.0364705', 'main_loss': '0.0364705', 'time_per_step': '2.19571'}
2025-10-31 03:21:37,517 - train_greyscale_FA_MoE.py - {'step': '69700', 'lr': '0.0002', 'total_loss': '0.0423856', 'main_loss': '0.0423856', 'time_per_step': '2.66321'}
2025-10-31 03:26:34,998 - train_greyscale_FA_MoE.py - {'step': '69800', 'lr': '0.0002', 'total_loss': '0.03574', 'main_loss': '0.03574', 'time_per_step': '2.9815'}
2025-10-31 03:31:31,932 - train_greyscale_FA_MoE.py - {'step': '69900', 'lr': '0.0002', 'total_loss': '0.0405335', 'main_loss': '0.0405335', 'time_per_step': '2.73127'}
2025-10-31 03:36:30,475 - train_greyscale_FA_MoE.py - {'step': '70000', 'lr': '0.0002', 'total_loss': '0.0313982', 'main_loss': '0.0313982', 'time_per_step': '2.93208'}
2025-10-31 03:41:28,473 - train_greyscale_FA_MoE.py - {'step': '70100', 'lr': '0.0002', 'total_loss': '0.0375119', 'main_loss': '0.0375119', 'time_per_step': '2.76758'}
2025-10-31 03:46:27,551 - train_greyscale_FA_MoE.py - {'step': '70200', 'lr': '0.0002', 'total_loss': '0.0348246', 'main_loss': '0.0348246', 'time_per_step': '2.68258'}
2025-10-31 03:51:26,600 - train_greyscale_FA_MoE.py - {'step': '70300', 'lr': '0.0002', 'total_loss': '0.0369821', 'main_loss': '0.0369821', 'time_per_step': '2.68181'}
2025-10-31 03:56:25,310 - train_greyscale_FA_MoE.py - {'step': '70400', 'lr': '0.0002', 'total_loss': '0.0323554', 'main_loss': '0.0323554', 'time_per_step': '3.05378'}
2025-10-31 04:01:23,687 - train_greyscale_FA_MoE.py - {'step': '70500', 'lr': '0.0002', 'total_loss': '0.0394549', 'main_loss': '0.0394549', 'time_per_step': '2.90581'}
2025-10-31 04:06:21,881 - train_greyscale_FA_MoE.py - {'step': '70600', 'lr': '0.0002', 'total_loss': '0.0356536', 'main_loss': '0.0356536', 'time_per_step': '2.86828'}
2025-10-31 04:11:19,998 - train_greyscale_FA_MoE.py - {'step': '70700', 'lr': '0.0002', 'total_loss': '0.0364189', 'main_loss': '0.0364189', 'time_per_step': '2.15877'}
2025-10-31 04:16:14,685 - train_greyscale_FA_MoE.py - {'step': '70800', 'lr': '0.0002', 'total_loss': '0.0278765', 'main_loss': '0.0278765', 'time_per_step': '2.1262'}
2025-10-31 04:21:15,613 - train_greyscale_FA_MoE.py - {'step': '70900', 'lr': '0.0002', 'total_loss': '0.0326078', 'main_loss': '0.0326078', 'time_per_step': '2.73208'}
2025-10-31 04:26:14,077 - train_greyscale_FA_MoE.py - {'step': '71000', 'lr': '0.0002', 'total_loss': '0.0347865', 'main_loss': '0.0347865', 'time_per_step': '2.94585'}
2025-10-31 04:31:10,558 - train_greyscale_FA_MoE.py - {'step': '71100', 'lr': '0.0002', 'total_loss': '0.0385083', 'main_loss': '0.0385083', 'time_per_step': '2.98839'}
2025-10-31 04:36:09,413 - train_greyscale_FA_MoE.py - {'step': '71200', 'lr': '0.0002', 'total_loss': '0.0380108', 'main_loss': '0.0380108', 'time_per_step': '2.6875'}
2025-10-31 04:41:08,326 - train_greyscale_FA_MoE.py - {'step': '71300', 'lr': '0.0002', 'total_loss': '0.0290403', 'main_loss': '0.0290403', 'time_per_step': '2.96824'}
2025-10-31 04:46:05,908 - train_greyscale_FA_MoE.py - {'step': '71400', 'lr': '0.0002', 'total_loss': '0.0397895', 'main_loss': '0.0397895', 'time_per_step': '2.85727'}
2025-10-31 04:51:03,660 - train_greyscale_FA_MoE.py - {'step': '71500', 'lr': '0.0002', 'total_loss': '0.0342067', 'main_loss': '0.0342067', 'time_per_step': '2.79514'}
2025-10-31 04:56:01,904 - train_greyscale_FA_MoE.py - {'step': '71600', 'lr': '0.0002', 'total_loss': '0.0357916', 'main_loss': '0.0357916', 'time_per_step': '2.946'}
2025-10-31 05:00:59,279 - train_greyscale_FA_MoE.py - {'step': '71700', 'lr': '0.0002', 'total_loss': '0.0382263', 'main_loss': '0.0382263', 'time_per_step': '2.8892'}
2025-10-31 05:05:58,205 - train_greyscale_FA_MoE.py - {'step': '71800', 'lr': '0.0002', 'total_loss': '0.0305534', 'main_loss': '0.0305534', 'time_per_step': '3.04223'}
2025-10-31 05:10:56,741 - train_greyscale_FA_MoE.py - {'step': '71900', 'lr': '0.0002', 'total_loss': '0.0375438', 'main_loss': '0.0375438', 'time_per_step': '2.15304'}
2025-10-31 05:15:52,253 - train_greyscale_FA_MoE.py - {'step': '72000', 'lr': '0.0002', 'total_loss': '0.0365524', 'main_loss': '0.0365524', 'time_per_step': '2.13425'}
2025-10-31 05:20:54,671 - train_greyscale_FA_MoE.py - {'step': '72100', 'lr': '0.0002', 'total_loss': '0.03391', 'main_loss': '0.03391', 'time_per_step': '2.91149'}
2025-10-31 05:25:52,265 - train_greyscale_FA_MoE.py - {'step': '72200', 'lr': '0.0002', 'total_loss': '0.0333977', 'main_loss': '0.0333977', 'time_per_step': '3.02224'}
2025-10-31 05:30:50,175 - train_greyscale_FA_MoE.py - {'step': '72300', 'lr': '0.0002', 'total_loss': '0.0378741', 'main_loss': '0.0378741', 'time_per_step': '2.83481'}
2025-10-31 05:35:50,093 - train_greyscale_FA_MoE.py - {'step': '72400', 'lr': '0.0002', 'total_loss': '0.0369424', 'main_loss': '0.0369424', 'time_per_step': '2.88547'}
2025-10-31 05:40:48,575 - train_greyscale_FA_MoE.py - {'step': '72500', 'lr': '0.0002', 'total_loss': '0.0379327', 'main_loss': '0.0379327', 'time_per_step': '2.96584'}
2025-10-31 05:45:47,287 - train_greyscale_FA_MoE.py - {'step': '72600', 'lr': '0.0002', 'total_loss': '0.0423592', 'main_loss': '0.0423592', 'time_per_step': '2.99795'}
2025-10-31 05:50:45,542 - train_greyscale_FA_MoE.py - {'step': '72700', 'lr': '0.0002', 'total_loss': '0.0364205', 'main_loss': '0.0364205', 'time_per_step': '2.84209'}
2025-10-31 05:55:41,848 - train_greyscale_FA_MoE.py - {'step': '72800', 'lr': '0.0002', 'total_loss': '0.0357819', 'main_loss': '0.0357819', 'time_per_step': '2.7412'}
2025-10-31 06:00:39,622 - train_greyscale_FA_MoE.py - {'step': '72900', 'lr': '0.0002', 'total_loss': '0.0341508', 'main_loss': '0.0341508', 'time_per_step': '2.94894'}
2025-10-31 06:05:37,519 - train_greyscale_FA_MoE.py - {'step': '73000', 'lr': '0.0002', 'total_loss': '0.036835', 'main_loss': '0.036835', 'time_per_step': '2.67819'}
2025-10-31 06:10:34,946 - train_greyscale_FA_MoE.py - {'step': '73100', 'lr': '0.0002', 'total_loss': '0.040382', 'main_loss': '0.040382', 'time_per_step': '2.25856'}
2025-10-31 06:15:30,934 - train_greyscale_FA_MoE.py - {'step': '73200', 'lr': '0.0002', 'total_loss': '0.0359639', 'main_loss': '0.0359639', 'time_per_step': '2.136'}
2025-10-31 06:20:34,240 - train_greyscale_FA_MoE.py - {'step': '73300', 'lr': '0.0002', 'total_loss': '0.0297357', 'main_loss': '0.0297357', 'time_per_step': '3.02214'}
2025-10-31 06:25:33,547 - train_greyscale_FA_MoE.py - {'step': '73400', 'lr': '0.0002', 'total_loss': '0.0404691', 'main_loss': '0.0404691', 'time_per_step': '3.02379'}
2025-10-31 06:30:30,290 - train_greyscale_FA_MoE.py - {'step': '73500', 'lr': '0.0002', 'total_loss': '0.0331439', 'main_loss': '0.0331439', 'time_per_step': '2.75795'}
2025-10-31 06:35:28,550 - train_greyscale_FA_MoE.py - {'step': '73600', 'lr': '0.0002', 'total_loss': '0.0335966', 'main_loss': '0.0335966', 'time_per_step': '2.66217'}
2025-10-31 06:40:26,360 - train_greyscale_FA_MoE.py - {'step': '73700', 'lr': '0.0002', 'total_loss': '0.0345941', 'main_loss': '0.0345941', 'time_per_step': '2.97948'}
2025-10-31 06:45:23,234 - train_greyscale_FA_MoE.py - {'step': '73800', 'lr': '0.0002', 'total_loss': '0.043454', 'main_loss': '0.043454', 'time_per_step': '2.79638'}
2025-10-31 06:50:21,582 - train_greyscale_FA_MoE.py - {'step': '73900', 'lr': '0.0002', 'total_loss': '0.034415', 'main_loss': '0.034415', 'time_per_step': '2.69429'}
2025-10-31 06:55:19,211 - train_greyscale_FA_MoE.py - {'step': '74000', 'lr': '0.0002', 'total_loss': '0.0388464', 'main_loss': '0.0388464', 'time_per_step': '2.94371'}
2025-10-31 07:00:16,495 - train_greyscale_FA_MoE.py - {'step': '74100', 'lr': '0.0002', 'total_loss': '0.0311341', 'main_loss': '0.0311341', 'time_per_step': '2.8679'}
2025-10-31 07:05:16,201 - train_greyscale_FA_MoE.py - {'step': '74200', 'lr': '0.0002', 'total_loss': '0.0312131', 'main_loss': '0.0312131', 'time_per_step': '3.01587'}
2025-10-31 07:10:13,568 - train_greyscale_FA_MoE.py - {'step': '74300', 'lr': '0.0002', 'total_loss': '0.0393107', 'main_loss': '0.0393107', 'time_per_step': '2.15613'}
2025-10-31 07:15:08,635 - train_greyscale_FA_MoE.py - {'step': '74400', 'lr': '0.0002', 'total_loss': '0.0341072', 'main_loss': '0.0341072', 'time_per_step': '2.1305'}
2025-10-31 07:20:09,866 - train_greyscale_FA_MoE.py - {'step': '74500', 'lr': '0.0002', 'total_loss': '0.0401952', 'main_loss': '0.0401952', 'time_per_step': '2.76397'}
2025-10-31 07:25:08,270 - train_greyscale_FA_MoE.py - {'step': '74600', 'lr': '0.0002', 'total_loss': '0.0347329', 'main_loss': '0.0347329', 'time_per_step': '2.70059'}
2025-10-31 07:30:05,583 - train_greyscale_FA_MoE.py - {'step': '74700', 'lr': '0.0002', 'total_loss': '0.0379376', 'main_loss': '0.0379376', 'time_per_step': '3.1448'}
2025-10-31 07:35:02,594 - train_greyscale_FA_MoE.py - {'step': '74800', 'lr': '0.0002', 'total_loss': '0.0340284', 'main_loss': '0.0340284', 'time_per_step': '2.86295'}
2025-10-31 07:40:01,148 - train_greyscale_FA_MoE.py - {'step': '74900', 'lr': '0.0002', 'total_loss': '0.0323927', 'main_loss': '0.0323927', 'time_per_step': '2.70813'}
2025-10-31 07:45:00,615 - train_greyscale_FA_MoE.py - {'step': '75000', 'lr': '0.0002', 'total_loss': '0.0372608', 'main_loss': '0.0372608', 'time_per_step': '2.93492'}
2025-10-31 07:45:00,642 - train_greyscale_FA_MoE.py - Saved expert distribution of layer in_block_0 to output/acdc_wholeheart_uncond_fa_ec_moe_greyscale_uvit_mid_4by4_l6r9_minmax/samples/expert_distribution_in_block_0_step75000.npy
2025-10-31 07:45:01,758 - train_greyscale_FA_MoE.py - Saved expert distribution of layer out_block_7 to output/acdc_wholeheart_uncond_fa_ec_moe_greyscale_uvit_mid_4by4_l6r9_minmax/samples/expert_distribution_out_block_7_step75000.npy
2025-10-31 07:45:02,863 - train_greyscale_FA_MoE.py - Save a grid of 16 samples into output/acdc_wholeheart_uncond_fa_ec_moe_greyscale_uvit_mid_4by4_l6r9_minmax/samples/75000.png by DPM-Solver
2025-10-31 07:50:07,307 - train_greyscale_FA_MoE.py - {'step': '75100', 'lr': '0.0002', 'total_loss': '0.0356204', 'main_loss': '0.0356204', 'time_per_step': '2.93465'}
2025-10-31 07:55:04,628 - train_greyscale_FA_MoE.py - {'step': '75200', 'lr': '0.0002', 'total_loss': '0.0347033', 'main_loss': '0.0347033', 'time_per_step': '3.05008'}
2025-10-31 08:00:03,563 - train_greyscale_FA_MoE.py - {'step': '75300', 'lr': '0.0002', 'total_loss': '0.0330008', 'main_loss': '0.0330008', 'time_per_step': '2.95587'}
2025-10-31 08:05:03,236 - train_greyscale_FA_MoE.py - {'step': '75400', 'lr': '0.0002', 'total_loss': '0.0347145', 'main_loss': '0.0347145', 'time_per_step': '2.76736'}
2025-10-31 08:10:00,200 - train_greyscale_FA_MoE.py - {'step': '75500', 'lr': '0.0002', 'total_loss': '0.0374141', 'main_loss': '0.0374141', 'time_per_step': '2.23031'}
2025-10-31 08:14:55,913 - train_greyscale_FA_MoE.py - {'step': '75600', 'lr': '0.0002', 'total_loss': '0.0391147', 'main_loss': '0.0391147', 'time_per_step': '2.13002'}
2025-10-31 08:19:59,346 - train_greyscale_FA_MoE.py - {'step': '75700', 'lr': '0.0002', 'total_loss': '0.0349746', 'main_loss': '0.0349746', 'time_per_step': '2.97933'}
2025-10-31 08:24:58,162 - train_greyscale_FA_MoE.py - {'step': '75800', 'lr': '0.0002', 'total_loss': '0.0325966', 'main_loss': '0.0325966', 'time_per_step': '2.97134'}
2025-10-31 08:29:56,990 - train_greyscale_FA_MoE.py - {'step': '75900', 'lr': '0.0002', 'total_loss': '0.0368969', 'main_loss': '0.0368969', 'time_per_step': '3.05856'}
2025-10-31 08:34:55,608 - train_greyscale_FA_MoE.py - {'step': '76000', 'lr': '0.0002', 'total_loss': '0.0439874', 'main_loss': '0.0439874', 'time_per_step': '2.6665'}
2025-10-31 08:39:53,443 - train_greyscale_FA_MoE.py - {'step': '76100', 'lr': '0.0002', 'total_loss': '0.0371027', 'main_loss': '0.0371027', 'time_per_step': '2.78501'}
2025-10-31 08:44:52,139 - train_greyscale_FA_MoE.py - {'step': '76200', 'lr': '0.0002', 'total_loss': '0.04315', 'main_loss': '0.04315', 'time_per_step': '2.68254'}
2025-10-31 08:49:50,065 - train_greyscale_FA_MoE.py - {'step': '76300', 'lr': '0.0002', 'total_loss': '0.0428163', 'main_loss': '0.0428163', 'time_per_step': '2.94315'}
2025-10-31 08:54:47,893 - train_greyscale_FA_MoE.py - {'step': '76400', 'lr': '0.0002', 'total_loss': '0.0349529', 'main_loss': '0.0349529', 'time_per_step': '2.73054'}
2025-10-31 08:59:46,559 - train_greyscale_FA_MoE.py - {'step': '76500', 'lr': '0.0002', 'total_loss': '0.0399885', 'main_loss': '0.0399885', 'time_per_step': '2.71309'}
2025-10-31 09:04:45,807 - train_greyscale_FA_MoE.py - {'step': '76600', 'lr': '0.0002', 'total_loss': '0.0332125', 'main_loss': '0.0332125', 'time_per_step': '2.70903'}
2025-10-31 09:09:44,488 - train_greyscale_FA_MoE.py - {'step': '76700', 'lr': '0.0002', 'total_loss': '0.0388385', 'main_loss': '0.0388385', 'time_per_step': '2.2036'}
2025-10-31 09:14:39,563 - train_greyscale_FA_MoE.py - {'step': '76800', 'lr': '0.0002', 'total_loss': '0.0360543', 'main_loss': '0.0360543', 'time_per_step': '2.14206'}
2025-10-31 09:19:42,179 - train_greyscale_FA_MoE.py - {'step': '76900', 'lr': '0.0002', 'total_loss': '0.0338142', 'main_loss': '0.0338142', 'time_per_step': '2.6795'}
2025-10-31 09:24:40,765 - train_greyscale_FA_MoE.py - {'step': '77000', 'lr': '0.0002', 'total_loss': '0.0350889', 'main_loss': '0.0350889', 'time_per_step': '2.76523'}
2025-10-31 09:29:38,310 - train_greyscale_FA_MoE.py - {'step': '77100', 'lr': '0.0002', 'total_loss': '0.0328872', 'main_loss': '0.0328872', 'time_per_step': '2.94204'}
2025-10-31 09:34:35,028 - train_greyscale_FA_MoE.py - {'step': '77200', 'lr': '0.0002', 'total_loss': '0.0450761', 'main_loss': '0.0450761', 'time_per_step': '3.06979'}
2025-10-31 09:39:32,543 - train_greyscale_FA_MoE.py - {'step': '77300', 'lr': '0.0002', 'total_loss': '0.0325314', 'main_loss': '0.0325314', 'time_per_step': '3.03001'}
2025-10-31 09:44:33,009 - train_greyscale_FA_MoE.py - {'step': '77400', 'lr': '0.0002', 'total_loss': '0.0401854', 'main_loss': '0.0401854', 'time_per_step': '2.97719'}
2025-10-31 09:49:31,100 - train_greyscale_FA_MoE.py - {'step': '77500', 'lr': '0.0002', 'total_loss': '0.0376799', 'main_loss': '0.0376799', 'time_per_step': '2.72437'}
2025-10-31 09:54:29,446 - train_greyscale_FA_MoE.py - {'step': '77600', 'lr': '0.0002', 'total_loss': '0.0350842', 'main_loss': '0.0350842', 'time_per_step': '2.91046'}
2025-10-31 09:59:25,957 - train_greyscale_FA_MoE.py - {'step': '77700', 'lr': '0.0002', 'total_loss': '0.0335722', 'main_loss': '0.0335722', 'time_per_step': '2.90463'}
2025-10-31 10:04:25,037 - train_greyscale_FA_MoE.py - {'step': '77800', 'lr': '0.0002', 'total_loss': '0.0340674', 'main_loss': '0.0340674', 'time_per_step': '2.86276'}
2025-10-31 10:09:22,811 - train_greyscale_FA_MoE.py - {'step': '77900', 'lr': '0.0002', 'total_loss': '0.0358176', 'main_loss': '0.0358176', 'time_per_step': '2.18283'}
2025-10-31 10:14:18,598 - train_greyscale_FA_MoE.py - {'step': '78000', 'lr': '0.0002', 'total_loss': '0.0338916', 'main_loss': '0.0338916', 'time_per_step': '2.13029'}
2025-10-31 10:19:21,547 - train_greyscale_FA_MoE.py - {'step': '78100', 'lr': '0.0002', 'total_loss': '0.0351428', 'main_loss': '0.0351428', 'time_per_step': '2.72425'}
2025-10-31 10:24:20,121 - train_greyscale_FA_MoE.py - {'step': '78200', 'lr': '0.0002', 'total_loss': '0.0367855', 'main_loss': '0.0367855', 'time_per_step': '3.04066'}
2025-10-31 10:29:17,097 - train_greyscale_FA_MoE.py - {'step': '78300', 'lr': '0.0002', 'total_loss': '0.033305', 'main_loss': '0.033305', 'time_per_step': '2.78956'}
2025-10-31 10:34:15,070 - train_greyscale_FA_MoE.py - {'step': '78400', 'lr': '0.0002', 'total_loss': '0.0371385', 'main_loss': '0.0371385', 'time_per_step': '2.75217'}
2025-10-31 10:39:13,334 - train_greyscale_FA_MoE.py - {'step': '78500', 'lr': '0.0002', 'total_loss': '0.0328963', 'main_loss': '0.0328963', 'time_per_step': '2.7601'}
2025-10-31 10:44:11,126 - train_greyscale_FA_MoE.py - {'step': '78600', 'lr': '0.0002', 'total_loss': '0.0330334', 'main_loss': '0.0330334', 'time_per_step': '2.97042'}
2025-10-31 10:49:08,964 - train_greyscale_FA_MoE.py - {'step': '78700', 'lr': '0.0002', 'total_loss': '0.0330644', 'main_loss': '0.0330644', 'time_per_step': '2.77746'}
2025-10-31 10:54:06,365 - train_greyscale_FA_MoE.py - {'step': '78800', 'lr': '0.0002', 'total_loss': '0.040363', 'main_loss': '0.040363', 'time_per_step': '2.92458'}
2025-10-31 10:59:04,259 - train_greyscale_FA_MoE.py - {'step': '78900', 'lr': '0.0002', 'total_loss': '0.0463206', 'main_loss': '0.0463206', 'time_per_step': '3.08035'}
2025-10-31 11:04:02,550 - train_greyscale_FA_MoE.py - {'step': '79000', 'lr': '0.0002', 'total_loss': '0.0325153', 'main_loss': '0.0325153', 'time_per_step': '2.78386'}
2025-10-31 11:08:59,566 - train_greyscale_FA_MoE.py - {'step': '79100', 'lr': '0.0002', 'total_loss': '0.0393883', 'main_loss': '0.0393883', 'time_per_step': '2.1323'}
2025-10-31 11:13:55,030 - train_greyscale_FA_MoE.py - {'step': '79200', 'lr': '0.0002', 'total_loss': '0.0353877', 'main_loss': '0.0353877', 'time_per_step': '2.12702'}
2025-10-31 11:18:57,092 - train_greyscale_FA_MoE.py - {'step': '79300', 'lr': '0.0002', 'total_loss': '0.034377', 'main_loss': '0.034377', 'time_per_step': '3.01293'}
2025-10-31 11:23:54,717 - train_greyscale_FA_MoE.py - {'step': '79400', 'lr': '0.0002', 'total_loss': '0.0372849', 'main_loss': '0.0372849', 'time_per_step': '2.79936'}
2025-10-31 11:28:52,239 - train_greyscale_FA_MoE.py - {'step': '79500', 'lr': '0.0002', 'total_loss': '0.0357796', 'main_loss': '0.0357796', 'time_per_step': '3.02878'}
2025-10-31 11:33:50,167 - train_greyscale_FA_MoE.py - {'step': '79600', 'lr': '0.0002', 'total_loss': '0.033573', 'main_loss': '0.033573', 'time_per_step': '3.06759'}
2025-10-31 11:38:48,213 - train_greyscale_FA_MoE.py - {'step': '79700', 'lr': '0.0002', 'total_loss': '0.0328584', 'main_loss': '0.0328584', 'time_per_step': '2.6698'}
2025-10-31 11:43:47,776 - train_greyscale_FA_MoE.py - {'step': '79800', 'lr': '0.0002', 'total_loss': '0.0318098', 'main_loss': '0.0318098', 'time_per_step': '2.82766'}
2025-10-31 11:48:47,223 - train_greyscale_FA_MoE.py - {'step': '79900', 'lr': '0.0002', 'total_loss': '0.0406494', 'main_loss': '0.0406494', 'time_per_step': '2.95573'}
2025-10-31 11:53:46,407 - train_greyscale_FA_MoE.py - {'step': '80000', 'lr': '0.0002', 'total_loss': '0.0322751', 'main_loss': '0.0322751', 'time_per_step': '2.98699'}
2025-10-31 11:53:46,456 - train_greyscale_FA_MoE.py - Save and eval checkpoint 80000...
2025-10-31 11:53:48,817 - train_greyscale_FA_MoE.py - eval_step: n_samples=50000, sample_steps=50, algorithm=dpm_solver, mini_batch_size=500, samples save into output/acdc_wholeheart_uncond_fa_ec_moe_greyscale_uvit_mid_4by4_l6r9_minmax/samples/acdc_wholeheart_uncond_uvit_FA_EC_MoE_greyscale_mid_4by4_80000_dpm
2025-10-31 12:44:22,111 - train_greyscale_FA_MoE.py - step=80000 fid50000=56.40877220771091
2025-10-31 12:49:29,454 - train_greyscale_FA_MoE.py - {'step': '80100', 'lr': '0.0002', 'total_loss': '0.0389446', 'main_loss': '0.0389446', 'time_per_step': '2.97375'}
2025-10-31 12:54:27,351 - train_greyscale_FA_MoE.py - {'step': '80200', 'lr': '0.0002', 'total_loss': '0.0332985', 'main_loss': '0.0332985', 'time_per_step': '2.98908'}
2025-10-31 12:59:24,693 - train_greyscale_FA_MoE.py - {'step': '80300', 'lr': '0.0002', 'total_loss': '0.037734', 'main_loss': '0.037734', 'time_per_step': '2.14409'}
2025-10-31 13:04:18,890 - train_greyscale_FA_MoE.py - {'step': '80400', 'lr': '0.0002', 'total_loss': '0.0352427', 'main_loss': '0.0352427', 'time_per_step': '2.13325'}
2025-10-31 13:09:22,134 - train_greyscale_FA_MoE.py - {'step': '80500', 'lr': '0.0002', 'total_loss': '0.0409094', 'main_loss': '0.0409094', 'time_per_step': '2.97961'}
2025-10-31 13:14:20,351 - train_greyscale_FA_MoE.py - {'step': '80600', 'lr': '0.0002', 'total_loss': '0.0372933', 'main_loss': '0.0372933', 'time_per_step': '3.02764'}
2025-10-31 13:19:18,311 - train_greyscale_FA_MoE.py - {'step': '80700', 'lr': '0.0002', 'total_loss': '0.0370787', 'main_loss': '0.0370787', 'time_per_step': '2.68203'}
2025-10-31 13:24:16,161 - train_greyscale_FA_MoE.py - {'step': '80800', 'lr': '0.0002', 'total_loss': '0.0318678', 'main_loss': '0.0318678', 'time_per_step': '2.87432'}
2025-10-31 13:29:13,853 - train_greyscale_FA_MoE.py - {'step': '80900', 'lr': '0.0002', 'total_loss': '0.0391019', 'main_loss': '0.0391019', 'time_per_step': '3.03251'}
2025-10-31 13:34:12,696 - train_greyscale_FA_MoE.py - {'step': '81000', 'lr': '0.0002', 'total_loss': '0.0358301', 'main_loss': '0.0358301', 'time_per_step': '2.98725'}
2025-10-31 13:39:10,529 - train_greyscale_FA_MoE.py - {'step': '81100', 'lr': '0.0002', 'total_loss': '0.0353645', 'main_loss': '0.0353645', 'time_per_step': '2.93821'}
2025-10-31 13:44:07,331 - train_greyscale_FA_MoE.py - {'step': '81200', 'lr': '0.0002', 'total_loss': '0.0416539', 'main_loss': '0.0416539', 'time_per_step': '3.05326'}
2025-10-31 13:49:05,088 - train_greyscale_FA_MoE.py - {'step': '81300', 'lr': '0.0002', 'total_loss': '0.0375035', 'main_loss': '0.0375035', 'time_per_step': '2.83891'}
2025-10-31 13:54:03,885 - train_greyscale_FA_MoE.py - {'step': '81400', 'lr': '0.0002', 'total_loss': '0.0337106', 'main_loss': '0.0337106', 'time_per_step': '2.92114'}
2025-10-31 13:59:03,323 - train_greyscale_FA_MoE.py - {'step': '81500', 'lr': '0.0002', 'total_loss': '0.0376777', 'main_loss': '0.0376777', 'time_per_step': '2.22452'}
2025-10-31 14:03:58,235 - train_greyscale_FA_MoE.py - {'step': '81600', 'lr': '0.0002', 'total_loss': '0.0326487', 'main_loss': '0.0326487', 'time_per_step': '2.13428'}
2025-10-31 14:09:01,777 - train_greyscale_FA_MoE.py - {'step': '81700', 'lr': '0.0002', 'total_loss': '0.0334732', 'main_loss': '0.0334732', 'time_per_step': '2.99042'}
2025-10-31 14:14:00,798 - train_greyscale_FA_MoE.py - {'step': '81800', 'lr': '0.0002', 'total_loss': '0.0331612', 'main_loss': '0.0331612', 'time_per_step': '2.96378'}
2025-10-31 14:18:58,105 - train_greyscale_FA_MoE.py - {'step': '81900', 'lr': '0.0002', 'total_loss': '0.0358391', 'main_loss': '0.0358391', 'time_per_step': '2.83085'}
2025-10-31 14:23:57,107 - train_greyscale_FA_MoE.py - {'step': '82000', 'lr': '0.0002', 'total_loss': '0.0322272', 'main_loss': '0.0322272', 'time_per_step': '2.97945'}
2025-10-31 14:28:54,940 - train_greyscale_FA_MoE.py - {'step': '82100', 'lr': '0.0002', 'total_loss': '0.0420166', 'main_loss': '0.0420166', 'time_per_step': '2.75458'}
2025-10-31 14:33:55,186 - train_greyscale_FA_MoE.py - {'step': '82200', 'lr': '0.0002', 'total_loss': '0.0360904', 'main_loss': '0.0360904', 'time_per_step': '3.00601'}
2025-10-31 14:38:51,685 - train_greyscale_FA_MoE.py - {'step': '82300', 'lr': '0.0002', 'total_loss': '0.0322328', 'main_loss': '0.0322328', 'time_per_step': '3.04441'}
2025-10-31 14:43:51,454 - train_greyscale_FA_MoE.py - {'step': '82400', 'lr': '0.0002', 'total_loss': '0.0432267', 'main_loss': '0.0432267', 'time_per_step': '2.98551'}
2025-10-31 14:48:51,452 - train_greyscale_FA_MoE.py - {'step': '82500', 'lr': '0.0002', 'total_loss': '0.0357536', 'main_loss': '0.0357536', 'time_per_step': '2.88213'}
2025-10-31 14:53:50,787 - train_greyscale_FA_MoE.py - {'step': '82600', 'lr': '0.0002', 'total_loss': '0.032787', 'main_loss': '0.032787', 'time_per_step': '2.7133'}
2025-10-31 14:58:49,555 - train_greyscale_FA_MoE.py - {'step': '82700', 'lr': '0.0002', 'total_loss': '0.0407487', 'main_loss': '0.0407487', 'time_per_step': '2.14861'}
2025-10-31 15:03:45,426 - train_greyscale_FA_MoE.py - {'step': '82800', 'lr': '0.0002', 'total_loss': '0.0334736', 'main_loss': '0.0334736', 'time_per_step': '2.12779'}
2025-10-31 15:08:48,015 - train_greyscale_FA_MoE.py - {'step': '82900', 'lr': '0.0002', 'total_loss': '0.032333', 'main_loss': '0.032333', 'time_per_step': '2.71571'}
2025-10-31 15:13:45,979 - train_greyscale_FA_MoE.py - {'step': '83000', 'lr': '0.0002', 'total_loss': '0.0379886', 'main_loss': '0.0379886', 'time_per_step': '2.68192'}
2025-10-31 15:18:43,102 - train_greyscale_FA_MoE.py - {'step': '83100', 'lr': '0.0002', 'total_loss': '0.0349556', 'main_loss': '0.0349556', 'time_per_step': '2.74346'}
2025-10-31 15:23:39,775 - train_greyscale_FA_MoE.py - {'step': '83200', 'lr': '0.0002', 'total_loss': '0.0344964', 'main_loss': '0.0344964', 'time_per_step': '2.77575'}
2025-10-31 15:28:37,572 - train_greyscale_FA_MoE.py - {'step': '83300', 'lr': '0.0002', 'total_loss': '0.0414702', 'main_loss': '0.0414702', 'time_per_step': '2.76777'}
2025-10-31 15:33:36,031 - train_greyscale_FA_MoE.py - {'step': '83400', 'lr': '0.0002', 'total_loss': '0.0309', 'main_loss': '0.0309', 'time_per_step': '2.58045'}
2025-10-31 15:38:34,352 - train_greyscale_FA_MoE.py - {'step': '83500', 'lr': '0.0002', 'total_loss': '0.037186', 'main_loss': '0.037186', 'time_per_step': '3.05499'}
2025-10-31 15:43:32,821 - train_greyscale_FA_MoE.py - {'step': '83600', 'lr': '0.0002', 'total_loss': '0.0348818', 'main_loss': '0.0348818', 'time_per_step': '2.96965'}
2025-10-31 15:48:29,372 - train_greyscale_FA_MoE.py - {'step': '83700', 'lr': '0.0002', 'total_loss': '0.0295562', 'main_loss': '0.0295562', 'time_per_step': '2.82985'}
2025-10-31 15:53:28,117 - train_greyscale_FA_MoE.py - {'step': '83800', 'lr': '0.0002', 'total_loss': '0.0389493', 'main_loss': '0.0389493', 'time_per_step': '2.77172'}
2025-10-31 15:58:24,965 - train_greyscale_FA_MoE.py - {'step': '83900', 'lr': '0.0002', 'total_loss': '0.0319225', 'main_loss': '0.0319225', 'time_per_step': '2.15412'}
2025-10-31 16:03:21,927 - train_greyscale_FA_MoE.py - {'step': '84000', 'lr': '0.0002', 'total_loss': '0.033476', 'main_loss': '0.033476', 'time_per_step': '2.13749'}
2025-10-31 16:08:26,218 - train_greyscale_FA_MoE.py - {'step': '84100', 'lr': '0.0002', 'total_loss': '0.0337108', 'main_loss': '0.0337108', 'time_per_step': '2.69582'}
2025-10-31 16:13:24,234 - train_greyscale_FA_MoE.py - {'step': '84200', 'lr': '0.0002', 'total_loss': '0.0336048', 'main_loss': '0.0336048', 'time_per_step': '3.04169'}
2025-10-31 16:18:21,965 - train_greyscale_FA_MoE.py - {'step': '84300', 'lr': '0.0002', 'total_loss': '0.0427468', 'main_loss': '0.0427468', 'time_per_step': '2.76119'}
2025-10-31 16:23:21,013 - train_greyscale_FA_MoE.py - {'step': '84400', 'lr': '0.0002', 'total_loss': '0.0387224', 'main_loss': '0.0387224', 'time_per_step': '2.706'}
2025-10-31 16:28:17,912 - train_greyscale_FA_MoE.py - {'step': '84500', 'lr': '0.0002', 'total_loss': '0.0345024', 'main_loss': '0.0345024', 'time_per_step': '2.87082'}
2025-10-31 16:33:16,812 - train_greyscale_FA_MoE.py - {'step': '84600', 'lr': '0.0002', 'total_loss': '0.0376562', 'main_loss': '0.0376562', 'time_per_step': '2.93354'}
2025-10-31 16:38:14,399 - train_greyscale_FA_MoE.py - {'step': '84700', 'lr': '0.0002', 'total_loss': '0.0421982', 'main_loss': '0.0421982', 'time_per_step': '2.95066'}
2025-10-31 16:43:12,344 - train_greyscale_FA_MoE.py - {'step': '84800', 'lr': '0.0002', 'total_loss': '0.0391298', 'main_loss': '0.0391298', 'time_per_step': '2.77166'}
2025-10-31 16:48:10,926 - train_greyscale_FA_MoE.py - {'step': '84900', 'lr': '0.0002', 'total_loss': '0.0386956', 'main_loss': '0.0386956', 'time_per_step': '2.99977'}
2025-10-31 16:53:08,479 - train_greyscale_FA_MoE.py - {'step': '85000', 'lr': '0.0002', 'total_loss': '0.034998', 'main_loss': '0.034998', 'time_per_step': '2.85292'}
2025-10-31 16:58:04,807 - train_greyscale_FA_MoE.py - {'step': '85100', 'lr': '0.0002', 'total_loss': '0.0369396', 'main_loss': '0.0369396', 'time_per_step': '2.23766'}
2025-10-31 17:03:00,283 - train_greyscale_FA_MoE.py - {'step': '85200', 'lr': '0.0002', 'total_loss': '0.0277553', 'main_loss': '0.0277553', 'time_per_step': '2.15579'}
2025-10-31 17:08:03,438 - train_greyscale_FA_MoE.py - {'step': '85300', 'lr': '0.0002', 'total_loss': '0.0324531', 'main_loss': '0.0324531', 'time_per_step': '3.02055'}
2025-10-31 17:13:01,528 - train_greyscale_FA_MoE.py - {'step': '85400', 'lr': '0.0002', 'total_loss': '0.0451552', 'main_loss': '0.0451552', 'time_per_step': '3.60402'}
2025-10-31 17:17:59,420 - train_greyscale_FA_MoE.py - {'step': '85500', 'lr': '0.0002', 'total_loss': '0.0353547', 'main_loss': '0.0353547', 'time_per_step': '2.99154'}
2025-10-31 17:22:57,403 - train_greyscale_FA_MoE.py - {'step': '85600', 'lr': '0.0002', 'total_loss': '0.0333492', 'main_loss': '0.0333492', 'time_per_step': '2.94906'}
2025-10-31 17:27:56,084 - train_greyscale_FA_MoE.py - {'step': '85700', 'lr': '0.0002', 'total_loss': '0.0318079', 'main_loss': '0.0318079', 'time_per_step': '2.69715'}
2025-10-31 17:32:53,934 - train_greyscale_FA_MoE.py - {'step': '85800', 'lr': '0.0002', 'total_loss': '0.0284077', 'main_loss': '0.0284077', 'time_per_step': '2.79218'}
2025-10-31 17:37:52,720 - train_greyscale_FA_MoE.py - {'step': '85900', 'lr': '0.0002', 'total_loss': '0.0318831', 'main_loss': '0.0318831', 'time_per_step': '2.96706'}
2025-10-31 17:42:51,464 - train_greyscale_FA_MoE.py - {'step': '86000', 'lr': '0.0002', 'total_loss': '0.0337605', 'main_loss': '0.0337605', 'time_per_step': '2.72399'}
2025-10-31 17:47:47,526 - train_greyscale_FA_MoE.py - {'step': '86100', 'lr': '0.0002', 'total_loss': '0.0395119', 'main_loss': '0.0395119', 'time_per_step': '2.80216'}
2025-10-31 17:52:45,649 - train_greyscale_FA_MoE.py - {'step': '86200', 'lr': '0.0002', 'total_loss': '0.0341887', 'main_loss': '0.0341887', 'time_per_step': '2.95437'}
2025-10-31 17:57:42,539 - train_greyscale_FA_MoE.py - {'step': '86300', 'lr': '0.0002', 'total_loss': '0.0360278', 'main_loss': '0.0360278', 'time_per_step': '2.15065'}
2025-10-31 18:02:38,166 - train_greyscale_FA_MoE.py - {'step': '86400', 'lr': '0.0002', 'total_loss': '0.041222', 'main_loss': '0.041222', 'time_per_step': '2.1317'}
2025-10-31 18:07:40,675 - train_greyscale_FA_MoE.py - {'step': '86500', 'lr': '0.0002', 'total_loss': '0.0322988', 'main_loss': '0.0322988', 'time_per_step': '2.72258'}
2025-10-31 18:12:37,916 - train_greyscale_FA_MoE.py - {'step': '86600', 'lr': '0.0002', 'total_loss': '0.0290943', 'main_loss': '0.0290943', 'time_per_step': '2.67875'}
2025-10-31 18:17:36,058 - train_greyscale_FA_MoE.py - {'step': '86700', 'lr': '0.0002', 'total_loss': '0.0359648', 'main_loss': '0.0359648', 'time_per_step': '2.87501'}
2025-10-31 18:22:34,374 - train_greyscale_FA_MoE.py - {'step': '86800', 'lr': '0.0002', 'total_loss': '0.0361135', 'main_loss': '0.0361135', 'time_per_step': '3.01063'}
2025-10-31 18:27:32,488 - train_greyscale_FA_MoE.py - {'step': '86900', 'lr': '0.0002', 'total_loss': '0.0295935', 'main_loss': '0.0295935', 'time_per_step': '2.91312'}
2025-10-31 18:32:31,176 - train_greyscale_FA_MoE.py - {'step': '87000', 'lr': '0.0002', 'total_loss': '0.0365111', 'main_loss': '0.0365111', 'time_per_step': '2.82335'}
2025-10-31 18:37:29,485 - train_greyscale_FA_MoE.py - {'step': '87100', 'lr': '0.0002', 'total_loss': '0.0367281', 'main_loss': '0.0367281', 'time_per_step': '2.95876'}
2025-10-31 18:42:26,581 - train_greyscale_FA_MoE.py - {'step': '87200', 'lr': '0.0002', 'total_loss': '0.0354237', 'main_loss': '0.0354237', 'time_per_step': '2.82309'}
2025-10-31 18:47:25,782 - train_greyscale_FA_MoE.py - {'step': '87300', 'lr': '0.0002', 'total_loss': '0.0318305', 'main_loss': '0.0318305', 'time_per_step': '2.88049'}
2025-10-31 18:52:23,051 - train_greyscale_FA_MoE.py - {'step': '87400', 'lr': '0.0002', 'total_loss': '0.0289855', 'main_loss': '0.0289855', 'time_per_step': '2.96064'}
2025-10-31 18:57:19,959 - train_greyscale_FA_MoE.py - {'step': '87500', 'lr': '0.0002', 'total_loss': '0.0296572', 'main_loss': '0.0296572', 'time_per_step': '2.13318'}
2025-10-31 19:02:15,821 - train_greyscale_FA_MoE.py - {'step': '87600', 'lr': '0.0002', 'total_loss': '0.0267644', 'main_loss': '0.0267644', 'time_per_step': '2.13236'}
2025-10-31 19:07:18,503 - train_greyscale_FA_MoE.py - {'step': '87700', 'lr': '0.0002', 'total_loss': '0.0319884', 'main_loss': '0.0319884', 'time_per_step': '2.82764'}
2025-10-31 19:12:16,278 - train_greyscale_FA_MoE.py - {'step': '87800', 'lr': '0.0002', 'total_loss': '0.0403699', 'main_loss': '0.0403699', 'time_per_step': '3.0247'}
2025-10-31 19:17:12,195 - train_greyscale_FA_MoE.py - {'step': '87900', 'lr': '0.0002', 'total_loss': '0.0334584', 'main_loss': '0.0334584', 'time_per_step': '2.79417'}
2025-10-31 19:22:10,085 - train_greyscale_FA_MoE.py - {'step': '88000', 'lr': '0.0002', 'total_loss': '0.0380231', 'main_loss': '0.0380231', 'time_per_step': '2.9502'}
2025-10-31 19:27:08,822 - train_greyscale_FA_MoE.py - {'step': '88100', 'lr': '0.0002', 'total_loss': '0.0359365', 'main_loss': '0.0359365', 'time_per_step': '2.71072'}
2025-10-31 19:32:07,268 - train_greyscale_FA_MoE.py - {'step': '88200', 'lr': '0.0002', 'total_loss': '0.0374697', 'main_loss': '0.0374697', 'time_per_step': '2.77954'}
2025-10-31 19:37:05,369 - train_greyscale_FA_MoE.py - {'step': '88300', 'lr': '0.0002', 'total_loss': '0.0365455', 'main_loss': '0.0365455', 'time_per_step': '2.93726'}
2025-10-31 19:42:03,535 - train_greyscale_FA_MoE.py - {'step': '88400', 'lr': '0.0002', 'total_loss': '0.0356101', 'main_loss': '0.0356101', 'time_per_step': '3.00606'}
2025-10-31 19:47:01,078 - train_greyscale_FA_MoE.py - {'step': '88500', 'lr': '0.0002', 'total_loss': '0.036422', 'main_loss': '0.036422', 'time_per_step': '2.76263'}
2025-10-31 19:51:58,244 - train_greyscale_FA_MoE.py - {'step': '88600', 'lr': '0.0002', 'total_loss': '0.0344234', 'main_loss': '0.0344234', 'time_per_step': '2.65421'}
2025-10-31 19:56:56,160 - train_greyscale_FA_MoE.py - {'step': '88700', 'lr': '0.0002', 'total_loss': '0.0313119', 'main_loss': '0.0313119', 'time_per_step': '2.17258'}
2025-10-31 20:01:50,713 - train_greyscale_FA_MoE.py - {'step': '88800', 'lr': '0.0002', 'total_loss': '0.0303076', 'main_loss': '0.0303076', 'time_per_step': '2.12458'}
2025-10-31 20:06:54,697 - train_greyscale_FA_MoE.py - {'step': '88900', 'lr': '0.0002', 'total_loss': '0.0324877', 'main_loss': '0.0324877', 'time_per_step': '2.88027'}
2025-10-31 20:11:53,044 - train_greyscale_FA_MoE.py - {'step': '89000', 'lr': '0.0002', 'total_loss': '0.0268419', 'main_loss': '0.0268419', 'time_per_step': '2.72913'}
2025-10-31 20:16:50,456 - train_greyscale_FA_MoE.py - {'step': '89100', 'lr': '0.0002', 'total_loss': '0.0321516', 'main_loss': '0.0321516', 'time_per_step': '2.91005'}
2025-10-31 20:21:48,568 - train_greyscale_FA_MoE.py - {'step': '89200', 'lr': '0.0002', 'total_loss': '0.0349114', 'main_loss': '0.0349114', 'time_per_step': '2.95821'}
2025-10-31 20:26:47,288 - train_greyscale_FA_MoE.py - {'step': '89300', 'lr': '0.0002', 'total_loss': '0.0318241', 'main_loss': '0.0318241', 'time_per_step': '2.87187'}
2025-10-31 20:31:45,162 - train_greyscale_FA_MoE.py - {'step': '89400', 'lr': '0.0002', 'total_loss': '0.0287852', 'main_loss': '0.0287852', 'time_per_step': '3.01972'}
2025-10-31 20:36:44,862 - train_greyscale_FA_MoE.py - {'step': '89500', 'lr': '0.0002', 'total_loss': '0.0329933', 'main_loss': '0.0329933', 'time_per_step': '2.96104'}
2025-10-31 20:41:42,553 - train_greyscale_FA_MoE.py - {'step': '89600', 'lr': '0.0002', 'total_loss': '0.0366738', 'main_loss': '0.0366738', 'time_per_step': '2.67466'}
2025-10-31 20:46:39,561 - train_greyscale_FA_MoE.py - {'step': '89700', 'lr': '0.0002', 'total_loss': '0.0362937', 'main_loss': '0.0362937', 'time_per_step': '2.79828'}
2025-10-31 20:51:36,799 - train_greyscale_FA_MoE.py - {'step': '89800', 'lr': '0.0002', 'total_loss': '0.0381812', 'main_loss': '0.0381812', 'time_per_step': '2.85859'}
2025-10-31 20:56:34,084 - train_greyscale_FA_MoE.py - {'step': '89900', 'lr': '0.0002', 'total_loss': '0.0335387', 'main_loss': '0.0335387', 'time_per_step': '2.22757'}
2025-10-31 21:01:28,274 - train_greyscale_FA_MoE.py - {'step': '90000', 'lr': '0.0002', 'total_loss': '0.0356381', 'main_loss': '0.0356381', 'time_per_step': '2.13191'}
2025-10-31 21:06:31,213 - train_greyscale_FA_MoE.py - {'step': '90100', 'lr': '0.0002', 'total_loss': '0.0316654', 'main_loss': '0.0316654', 'time_per_step': '2.91295'}
2025-10-31 21:11:28,844 - train_greyscale_FA_MoE.py - {'step': '90200', 'lr': '0.0002', 'total_loss': '0.0371014', 'main_loss': '0.0371014', 'time_per_step': '2.72043'}
2025-10-31 21:16:26,775 - train_greyscale_FA_MoE.py - {'step': '90300', 'lr': '0.0002', 'total_loss': '0.0328413', 'main_loss': '0.0328413', 'time_per_step': '2.6513'}
2025-10-31 21:21:25,254 - train_greyscale_FA_MoE.py - {'step': '90400', 'lr': '0.0002', 'total_loss': '0.0341297', 'main_loss': '0.0341297', 'time_per_step': '2.97089'}
2025-10-31 21:26:23,814 - train_greyscale_FA_MoE.py - {'step': '90500', 'lr': '0.0002', 'total_loss': '0.0349765', 'main_loss': '0.0349765', 'time_per_step': '2.85131'}
2025-10-31 21:31:21,795 - train_greyscale_FA_MoE.py - {'step': '90600', 'lr': '0.0002', 'total_loss': '0.0385775', 'main_loss': '0.0385775', 'time_per_step': '3.07325'}
2025-10-31 21:36:21,272 - train_greyscale_FA_MoE.py - {'step': '90700', 'lr': '0.0002', 'total_loss': '0.0325149', 'main_loss': '0.0325149', 'time_per_step': '2.97159'}
2025-10-31 21:41:18,365 - train_greyscale_FA_MoE.py - {'step': '90800', 'lr': '0.0002', 'total_loss': '0.038823', 'main_loss': '0.038823', 'time_per_step': '2.79159'}
2025-10-31 21:46:16,675 - train_greyscale_FA_MoE.py - {'step': '90900', 'lr': '0.0002', 'total_loss': '0.0419193', 'main_loss': '0.0419193', 'time_per_step': '2.81232'}
2025-10-31 21:51:14,276 - train_greyscale_FA_MoE.py - {'step': '91000', 'lr': '0.0002', 'total_loss': '0.0374018', 'main_loss': '0.0374018', 'time_per_step': '2.69835'}
2025-10-31 21:56:10,478 - train_greyscale_FA_MoE.py - {'step': '91100', 'lr': '0.0002', 'total_loss': '0.0307495', 'main_loss': '0.0307495', 'time_per_step': '2.15262'}
2025-10-31 22:01:04,880 - train_greyscale_FA_MoE.py - {'step': '91200', 'lr': '0.0002', 'total_loss': '0.037517', 'main_loss': '0.037517', 'time_per_step': '2.18191'}
2025-10-31 22:06:08,954 - train_greyscale_FA_MoE.py - {'step': '91300', 'lr': '0.0002', 'total_loss': '0.0300178', 'main_loss': '0.0300178', 'time_per_step': '2.95893'}
2025-10-31 22:11:06,659 - train_greyscale_FA_MoE.py - {'step': '91400', 'lr': '0.0002', 'total_loss': '0.0374107', 'main_loss': '0.0374107', 'time_per_step': '2.93987'}
2025-10-31 22:16:02,820 - train_greyscale_FA_MoE.py - {'step': '91500', 'lr': '0.0002', 'total_loss': '0.0363335', 'main_loss': '0.0363335', 'time_per_step': '2.72185'}
2025-10-31 22:21:00,982 - train_greyscale_FA_MoE.py - {'step': '91600', 'lr': '0.0002', 'total_loss': '0.0382711', 'main_loss': '0.0382711', 'time_per_step': '2.94068'}
2025-10-31 22:25:58,204 - train_greyscale_FA_MoE.py - {'step': '91700', 'lr': '0.0002', 'total_loss': '0.0355503', 'main_loss': '0.0355503', 'time_per_step': '2.95155'}
2025-10-31 22:30:56,595 - train_greyscale_FA_MoE.py - {'step': '91800', 'lr': '0.0002', 'total_loss': '0.0366408', 'main_loss': '0.0366408', 'time_per_step': '2.66641'}
2025-10-31 22:35:54,840 - train_greyscale_FA_MoE.py - {'step': '91900', 'lr': '0.0002', 'total_loss': '0.0365696', 'main_loss': '0.0365696', 'time_per_step': '2.98652'}
2025-10-31 22:40:53,681 - train_greyscale_FA_MoE.py - {'step': '92000', 'lr': '0.0002', 'total_loss': '0.0373326', 'main_loss': '0.0373326', 'time_per_step': '3.04827'}
2025-10-31 22:45:51,952 - train_greyscale_FA_MoE.py - {'step': '92100', 'lr': '0.0002', 'total_loss': '0.0324992', 'main_loss': '0.0324992', 'time_per_step': '2.85658'}
2025-10-31 22:50:50,495 - train_greyscale_FA_MoE.py - {'step': '92200', 'lr': '0.0002', 'total_loss': '0.0353366', 'main_loss': '0.0353366', 'time_per_step': '2.90619'}
2025-10-31 22:55:47,956 - train_greyscale_FA_MoE.py - {'step': '92300', 'lr': '0.0002', 'total_loss': '0.034815', 'main_loss': '0.034815', 'time_per_step': '2.13589'}
2025-10-31 23:00:42,536 - train_greyscale_FA_MoE.py - {'step': '92400', 'lr': '0.0002', 'total_loss': '0.0344106', 'main_loss': '0.0344106', 'time_per_step': '2.12815'}
2025-10-31 23:05:46,869 - train_greyscale_FA_MoE.py - {'step': '92500', 'lr': '0.0002', 'total_loss': '0.0352365', 'main_loss': '0.0352365', 'time_per_step': '2.94812'}
2025-10-31 23:10:44,153 - train_greyscale_FA_MoE.py - {'step': '92600', 'lr': '0.0002', 'total_loss': '0.0371089', 'main_loss': '0.0371089', 'time_per_step': '2.69181'}
2025-10-31 23:15:43,608 - train_greyscale_FA_MoE.py - {'step': '92700', 'lr': '0.0002', 'total_loss': '0.0435752', 'main_loss': '0.0435752', 'time_per_step': '2.99337'}
2025-10-31 23:20:41,004 - train_greyscale_FA_MoE.py - {'step': '92800', 'lr': '0.0002', 'total_loss': '0.0366433', 'main_loss': '0.0366433', 'time_per_step': '2.95215'}
2025-10-31 23:25:39,351 - train_greyscale_FA_MoE.py - {'step': '92900', 'lr': '0.0002', 'total_loss': '0.0318821', 'main_loss': '0.0318821', 'time_per_step': '2.64713'}
2025-10-31 23:30:37,039 - train_greyscale_FA_MoE.py - {'step': '93000', 'lr': '0.0002', 'total_loss': '0.0341265', 'main_loss': '0.0341265', 'time_per_step': '2.9818'}
2025-10-31 23:35:34,806 - train_greyscale_FA_MoE.py - {'step': '93100', 'lr': '0.0002', 'total_loss': '0.0353165', 'main_loss': '0.0353165', 'time_per_step': '2.78684'}
2025-10-31 23:40:33,566 - train_greyscale_FA_MoE.py - {'step': '93200', 'lr': '0.0002', 'total_loss': '0.0307696', 'main_loss': '0.0307696', 'time_per_step': '2.9123'}
2025-10-31 23:45:30,961 - train_greyscale_FA_MoE.py - {'step': '93300', 'lr': '0.0002', 'total_loss': '0.0315047', 'main_loss': '0.0315047', 'time_per_step': '3.05231'}
2025-10-31 23:50:31,259 - train_greyscale_FA_MoE.py - {'step': '93400', 'lr': '0.0002', 'total_loss': '0.0270315', 'main_loss': '0.0270315', 'time_per_step': '2.73415'}
2025-10-31 23:55:28,459 - train_greyscale_FA_MoE.py - {'step': '93500', 'lr': '0.0002', 'total_loss': '0.0281828', 'main_loss': '0.0281828', 'time_per_step': '2.15237'}
2025-11-01 00:00:24,386 - train_greyscale_FA_MoE.py - {'step': '93600', 'lr': '0.0002', 'total_loss': '0.0320645', 'main_loss': '0.0320645', 'time_per_step': '2.12971'}
2025-11-01 00:05:27,107 - train_greyscale_FA_MoE.py - {'step': '93700', 'lr': '0.0002', 'total_loss': '0.0316068', 'main_loss': '0.0316068', 'time_per_step': '2.76975'}
2025-11-01 00:10:26,138 - train_greyscale_FA_MoE.py - {'step': '93800', 'lr': '0.0002', 'total_loss': '0.0361052', 'main_loss': '0.0361052', 'time_per_step': '2.72456'}
2025-11-01 00:15:24,093 - train_greyscale_FA_MoE.py - {'step': '93900', 'lr': '0.0002', 'total_loss': '0.0396112', 'main_loss': '0.0396112', 'time_per_step': '2.91921'}
2025-11-01 00:20:24,443 - train_greyscale_FA_MoE.py - {'step': '94000', 'lr': '0.0002', 'total_loss': '0.0282717', 'main_loss': '0.0282717', 'time_per_step': '2.69172'}
2025-11-01 00:25:23,143 - train_greyscale_FA_MoE.py - {'step': '94100', 'lr': '0.0002', 'total_loss': '0.0331315', 'main_loss': '0.0331315', 'time_per_step': '3.04872'}
2025-11-01 00:30:20,475 - train_greyscale_FA_MoE.py - {'step': '94200', 'lr': '0.0002', 'total_loss': '0.0347221', 'main_loss': '0.0347221', 'time_per_step': '3.03866'}
2025-11-01 00:35:18,393 - train_greyscale_FA_MoE.py - {'step': '94300', 'lr': '0.0002', 'total_loss': '0.0344203', 'main_loss': '0.0344203', 'time_per_step': '2.81'}
2025-11-01 00:40:16,636 - train_greyscale_FA_MoE.py - {'step': '94400', 'lr': '0.0002', 'total_loss': '0.0333993', 'main_loss': '0.0333993', 'time_per_step': '2.92484'}
2025-11-01 00:45:13,355 - train_greyscale_FA_MoE.py - {'step': '94500', 'lr': '0.0002', 'total_loss': '0.034607', 'main_loss': '0.034607', 'time_per_step': '2.91965'}
2025-11-01 00:50:12,141 - train_greyscale_FA_MoE.py - {'step': '94600', 'lr': '0.0002', 'total_loss': '0.0327391', 'main_loss': '0.0327391', 'time_per_step': '2.94378'}
2025-11-01 00:55:08,354 - train_greyscale_FA_MoE.py - {'step': '94700', 'lr': '0.0002', 'total_loss': '0.041644', 'main_loss': '0.041644', 'time_per_step': '2.16898'}
2025-11-01 01:00:04,291 - train_greyscale_FA_MoE.py - {'step': '94800', 'lr': '0.0002', 'total_loss': '0.029207', 'main_loss': '0.029207', 'time_per_step': '2.23672'}
2025-11-01 01:05:07,661 - train_greyscale_FA_MoE.py - {'step': '94900', 'lr': '0.0002', 'total_loss': '0.0355309', 'main_loss': '0.0355309', 'time_per_step': '2.94533'}
2025-11-01 01:10:06,047 - train_greyscale_FA_MoE.py - {'step': '95000', 'lr': '0.0002', 'total_loss': '0.0344128', 'main_loss': '0.0344128', 'time_per_step': '2.9608'}
2025-11-01 01:15:02,025 - train_greyscale_FA_MoE.py - {'step': '95100', 'lr': '0.0002', 'total_loss': '0.0355917', 'main_loss': '0.0355917', 'time_per_step': '3.09462'}
2025-11-01 01:20:00,693 - train_greyscale_FA_MoE.py - {'step': '95200', 'lr': '0.0002', 'total_loss': '0.0356196', 'main_loss': '0.0356196', 'time_per_step': '2.8028'}
2025-11-01 01:24:59,326 - train_greyscale_FA_MoE.py - {'step': '95300', 'lr': '0.0002', 'total_loss': '0.0387579', 'main_loss': '0.0387579', 'time_per_step': '2.92252'}
2025-11-01 01:29:56,812 - train_greyscale_FA_MoE.py - {'step': '95400', 'lr': '0.0002', 'total_loss': '0.0303924', 'main_loss': '0.0303924', 'time_per_step': '2.74964'}
2025-11-01 01:34:54,325 - train_greyscale_FA_MoE.py - {'step': '95500', 'lr': '0.0002', 'total_loss': '0.0336743', 'main_loss': '0.0336743', 'time_per_step': '2.86983'}
2025-11-01 01:39:52,203 - train_greyscale_FA_MoE.py - {'step': '95600', 'lr': '0.0002', 'total_loss': '0.0334536', 'main_loss': '0.0334536', 'time_per_step': '2.90028'}
2025-11-01 01:44:50,285 - train_greyscale_FA_MoE.py - {'step': '95700', 'lr': '0.0002', 'total_loss': '0.0337733', 'main_loss': '0.0337733', 'time_per_step': '2.81481'}
2025-11-01 01:49:48,386 - train_greyscale_FA_MoE.py - {'step': '95800', 'lr': '0.0002', 'total_loss': '0.0406917', 'main_loss': '0.0406917', 'time_per_step': '2.76222'}
2025-11-01 01:54:45,741 - train_greyscale_FA_MoE.py - {'step': '95900', 'lr': '0.0002', 'total_loss': '0.0386978', 'main_loss': '0.0386978', 'time_per_step': '2.13338'}
2025-11-01 01:59:41,886 - train_greyscale_FA_MoE.py - {'step': '96000', 'lr': '0.0002', 'total_loss': '0.0335263', 'main_loss': '0.0335263', 'time_per_step': '2.13167'}
2025-11-01 02:04:45,236 - train_greyscale_FA_MoE.py - {'step': '96100', 'lr': '0.0002', 'total_loss': '0.030354', 'main_loss': '0.030354', 'time_per_step': '2.78993'}
2025-11-01 02:09:42,294 - train_greyscale_FA_MoE.py - {'step': '96200', 'lr': '0.0002', 'total_loss': '0.0306048', 'main_loss': '0.0306048', 'time_per_step': '2.79396'}
2025-11-01 02:14:41,023 - train_greyscale_FA_MoE.py - {'step': '96300', 'lr': '0.0002', 'total_loss': '0.0299549', 'main_loss': '0.0299549', 'time_per_step': '3.02208'}
2025-11-01 02:19:39,110 - train_greyscale_FA_MoE.py - {'step': '96400', 'lr': '0.0002', 'total_loss': '0.0319168', 'main_loss': '0.0319168', 'time_per_step': '2.99863'}
2025-11-01 02:24:39,562 - train_greyscale_FA_MoE.py - {'step': '96500', 'lr': '0.0002', 'total_loss': '0.0361181', 'main_loss': '0.0361181', 'time_per_step': '2.6978'}
2025-11-01 02:29:38,645 - train_greyscale_FA_MoE.py - {'step': '96600', 'lr': '0.0002', 'total_loss': '0.0358613', 'main_loss': '0.0358613', 'time_per_step': '2.9889'}
2025-11-01 02:34:37,253 - train_greyscale_FA_MoE.py - {'step': '96700', 'lr': '0.0002', 'total_loss': '0.0367703', 'main_loss': '0.0367703', 'time_per_step': '2.9462'}
2025-11-01 02:39:35,889 - train_greyscale_FA_MoE.py - {'step': '96800', 'lr': '0.0002', 'total_loss': '0.0292678', 'main_loss': '0.0292678', 'time_per_step': '2.93298'}
2025-11-01 02:44:34,482 - train_greyscale_FA_MoE.py - {'step': '96900', 'lr': '0.0002', 'total_loss': '0.0276708', 'main_loss': '0.0276708', 'time_per_step': '3.03465'}
2025-11-01 02:49:31,550 - train_greyscale_FA_MoE.py - {'step': '97000', 'lr': '0.0002', 'total_loss': '0.0358673', 'main_loss': '0.0358673', 'time_per_step': '3.00564'}
2025-11-01 02:54:27,820 - train_greyscale_FA_MoE.py - {'step': '97100', 'lr': '0.0002', 'total_loss': '0.0315131', 'main_loss': '0.0315131', 'time_per_step': '2.15046'}
2025-11-01 02:59:21,881 - train_greyscale_FA_MoE.py - {'step': '97200', 'lr': '0.0002', 'total_loss': '0.0271544', 'main_loss': '0.0271544', 'time_per_step': '2.12486'}
2025-11-01 03:04:26,741 - train_greyscale_FA_MoE.py - {'step': '97300', 'lr': '0.0002', 'total_loss': '0.0414914', 'main_loss': '0.0414914', 'time_per_step': '2.84496'}
2025-11-01 03:09:25,001 - train_greyscale_FA_MoE.py - {'step': '97400', 'lr': '0.0002', 'total_loss': '0.0282404', 'main_loss': '0.0282404', 'time_per_step': '2.74854'}
2025-11-01 03:14:23,505 - train_greyscale_FA_MoE.py - {'step': '97500', 'lr': '0.0002', 'total_loss': '0.037344', 'main_loss': '0.037344', 'time_per_step': '3.03534'}
2025-11-01 03:19:21,888 - train_greyscale_FA_MoE.py - {'step': '97600', 'lr': '0.0002', 'total_loss': '0.0340491', 'main_loss': '0.0340491', 'time_per_step': '3.00726'}
2025-11-01 03:24:19,604 - train_greyscale_FA_MoE.py - {'step': '97700', 'lr': '0.0002', 'total_loss': '0.0333633', 'main_loss': '0.0333633', 'time_per_step': '2.92034'}
2025-11-01 03:29:17,360 - train_greyscale_FA_MoE.py - {'step': '97800', 'lr': '0.0002', 'total_loss': '0.0278224', 'main_loss': '0.0278224', 'time_per_step': '2.78548'}
2025-11-01 03:34:16,290 - train_greyscale_FA_MoE.py - {'step': '97900', 'lr': '0.0002', 'total_loss': '0.031644', 'main_loss': '0.031644', 'time_per_step': '2.71544'}
2025-11-01 03:39:15,007 - train_greyscale_FA_MoE.py - {'step': '98000', 'lr': '0.0002', 'total_loss': '0.0291424', 'main_loss': '0.0291424', 'time_per_step': '2.68355'}
2025-11-01 03:44:13,092 - train_greyscale_FA_MoE.py - {'step': '98100', 'lr': '0.0002', 'total_loss': '0.0348816', 'main_loss': '0.0348816', 'time_per_step': '2.7346'}
2025-11-01 03:49:11,649 - train_greyscale_FA_MoE.py - {'step': '98200', 'lr': '0.0002', 'total_loss': '0.0372528', 'main_loss': '0.0372528', 'time_per_step': '2.78977'}
2025-11-01 03:54:09,131 - train_greyscale_FA_MoE.py - {'step': '98300', 'lr': '0.0002', 'total_loss': '0.0404492', 'main_loss': '0.0404492', 'time_per_step': '2.13232'}
2025-11-01 03:59:05,378 - train_greyscale_FA_MoE.py - {'step': '98400', 'lr': '0.0002', 'total_loss': '0.0396112', 'main_loss': '0.0396112', 'time_per_step': '2.13257'}
2025-11-01 04:04:10,341 - train_greyscale_FA_MoE.py - {'step': '98500', 'lr': '0.0002', 'total_loss': '0.0319754', 'main_loss': '0.0319754', 'time_per_step': '2.7711'}
2025-11-01 04:09:08,699 - train_greyscale_FA_MoE.py - {'step': '98600', 'lr': '0.0002', 'total_loss': '0.0369931', 'main_loss': '0.0369931', 'time_per_step': '2.75795'}
2025-11-01 04:14:08,184 - train_greyscale_FA_MoE.py - {'step': '98700', 'lr': '0.0002', 'total_loss': '0.0321113', 'main_loss': '0.0321113', 'time_per_step': '2.95855'}
2025-11-01 04:19:04,147 - train_greyscale_FA_MoE.py - {'step': '98800', 'lr': '0.0002', 'total_loss': '0.0313803', 'main_loss': '0.0313803', 'time_per_step': '3.02049'}
2025-11-01 04:24:03,171 - train_greyscale_FA_MoE.py - {'step': '98900', 'lr': '0.0002', 'total_loss': '0.036037', 'main_loss': '0.036037', 'time_per_step': '2.92422'}
2025-11-01 04:29:00,844 - train_greyscale_FA_MoE.py - {'step': '99000', 'lr': '0.0002', 'total_loss': '0.0288919', 'main_loss': '0.0288919', 'time_per_step': '3.05164'}
2025-11-01 04:33:58,364 - train_greyscale_FA_MoE.py - {'step': '99100', 'lr': '0.0002', 'total_loss': '0.0341324', 'main_loss': '0.0341324', 'time_per_step': '2.8013'}
2025-11-01 04:38:57,096 - train_greyscale_FA_MoE.py - {'step': '99200', 'lr': '0.0002', 'total_loss': '0.0314059', 'main_loss': '0.0314059', 'time_per_step': '2.65686'}
2025-11-01 04:43:55,257 - train_greyscale_FA_MoE.py - {'step': '99300', 'lr': '0.0002', 'total_loss': '0.0341135', 'main_loss': '0.0341135', 'time_per_step': '2.89264'}
2025-11-01 04:48:53,499 - train_greyscale_FA_MoE.py - {'step': '99400', 'lr': '0.0002', 'total_loss': '0.0345879', 'main_loss': '0.0345879', 'time_per_step': '2.71852'}
2025-11-01 04:53:49,064 - train_greyscale_FA_MoE.py - {'step': '99500', 'lr': '0.0002', 'total_loss': '0.0381044', 'main_loss': '0.0381044', 'time_per_step': '2.19354'}
2025-11-01 04:58:44,051 - train_greyscale_FA_MoE.py - {'step': '99600', 'lr': '0.0002', 'total_loss': '0.0366911', 'main_loss': '0.0366911', 'time_per_step': '2.12949'}
2025-11-01 05:03:47,614 - train_greyscale_FA_MoE.py - {'step': '99700', 'lr': '0.0002', 'total_loss': '0.0371237', 'main_loss': '0.0371237', 'time_per_step': '2.6907'}
2025-11-01 05:08:46,031 - train_greyscale_FA_MoE.py - {'step': '99800', 'lr': '0.0002', 'total_loss': '0.0251167', 'main_loss': '0.0251167', 'time_per_step': '3.01272'}
2025-11-01 05:13:43,812 - train_greyscale_FA_MoE.py - {'step': '99900', 'lr': '0.0002', 'total_loss': '0.0305899', 'main_loss': '0.0305899', 'time_per_step': '2.95003'}
2025-11-01 05:18:42,344 - train_greyscale_FA_MoE.py - {'step': '100000', 'lr': '0.0002', 'total_loss': '0.0376015', 'main_loss': '0.0376015', 'time_per_step': '2.72251'}
2025-11-01 05:18:42,388 - train_greyscale_FA_MoE.py - Saved expert distribution of layer in_block_0 to output/acdc_wholeheart_uncond_fa_ec_moe_greyscale_uvit_mid_4by4_l6r9_minmax/samples/expert_distribution_in_block_0_step100000.npy
2025-11-01 05:18:43,738 - train_greyscale_FA_MoE.py - Saved expert distribution of layer out_block_7 to output/acdc_wholeheart_uncond_fa_ec_moe_greyscale_uvit_mid_4by4_l6r9_minmax/samples/expert_distribution_out_block_7_step100000.npy
2025-11-01 05:18:44,854 - train_greyscale_FA_MoE.py - Save a grid of 16 samples into output/acdc_wholeheart_uncond_fa_ec_moe_greyscale_uvit_mid_4by4_l6r9_minmax/samples/100000.png by DPM-Solver
2025-11-01 05:18:50,240 - train_greyscale_FA_MoE.py - Save and eval checkpoint 100000...
2025-11-01 05:18:52,584 - train_greyscale_FA_MoE.py - eval_step: n_samples=50000, sample_steps=50, algorithm=dpm_solver, mini_batch_size=500, samples save into output/acdc_wholeheart_uncond_fa_ec_moe_greyscale_uvit_mid_4by4_l6r9_minmax/samples/acdc_wholeheart_uncond_uvit_FA_EC_MoE_greyscale_mid_4by4_100000_dpm
2025-11-01 06:09:26,684 - train_greyscale_FA_MoE.py - step=100000 fid50000=40.604832364489255
2025-11-01 06:14:28,308 - train_greyscale_FA_MoE.py - {'step': '100100', 'lr': '0.0002', 'total_loss': '0.0380368', 'main_loss': '0.0380368', 'time_per_step': '2.97221'}
2025-11-01 06:19:25,321 - train_greyscale_FA_MoE.py - {'step': '100200', 'lr': '0.0002', 'total_loss': '0.0296607', 'main_loss': '0.0296607', 'time_per_step': '2.96803'}
2025-11-01 06:24:25,039 - train_greyscale_FA_MoE.py - {'step': '100300', 'lr': '0.0002', 'total_loss': '0.0390148', 'main_loss': '0.0390148', 'time_per_step': '2.78499'}
2025-11-01 06:29:22,039 - train_greyscale_FA_MoE.py - {'step': '100400', 'lr': '0.0002', 'total_loss': '0.0304256', 'main_loss': '0.0304256', 'time_per_step': '2.92102'}
2025-11-01 06:34:19,768 - train_greyscale_FA_MoE.py - {'step': '100500', 'lr': '0.0002', 'total_loss': '0.038688', 'main_loss': '0.038688', 'time_per_step': '2.78151'}
2025-11-01 06:39:17,668 - train_greyscale_FA_MoE.py - {'step': '100600', 'lr': '0.0002', 'total_loss': '0.0296047', 'main_loss': '0.0296047', 'time_per_step': '2.96451'}
2025-11-01 06:44:13,899 - train_greyscale_FA_MoE.py - {'step': '100700', 'lr': '0.0002', 'total_loss': '0.0372258', 'main_loss': '0.0372258', 'time_per_step': '2.18963'}
2025-11-01 06:49:09,426 - train_greyscale_FA_MoE.py - {'step': '100800', 'lr': '0.0002', 'total_loss': '0.0362921', 'main_loss': '0.0362921', 'time_per_step': '2.12711'}
2025-11-01 06:54:11,801 - train_greyscale_FA_MoE.py - {'step': '100900', 'lr': '0.0002', 'total_loss': '0.0339056', 'main_loss': '0.0339056', 'time_per_step': '2.67288'}
2025-11-01 06:59:08,413 - train_greyscale_FA_MoE.py - {'step': '101000', 'lr': '0.0002', 'total_loss': '0.0309808', 'main_loss': '0.0309808', 'time_per_step': '2.84847'}
2025-11-01 07:04:05,475 - train_greyscale_FA_MoE.py - {'step': '101100', 'lr': '0.0002', 'total_loss': '0.0347841', 'main_loss': '0.0347841', 'time_per_step': '2.77063'}
2025-11-01 07:09:04,651 - train_greyscale_FA_MoE.py - {'step': '101200', 'lr': '0.0002', 'total_loss': '0.0337439', 'main_loss': '0.0337439', 'time_per_step': '2.99403'}
2025-11-01 07:14:02,833 - train_greyscale_FA_MoE.py - {'step': '101300', 'lr': '0.0002', 'total_loss': '0.0368882', 'main_loss': '0.0368882', 'time_per_step': '2.94731'}
2025-11-01 07:18:59,207 - train_greyscale_FA_MoE.py - {'step': '101400', 'lr': '0.0002', 'total_loss': '0.0414071', 'main_loss': '0.0414071', 'time_per_step': '2.84817'}
2025-11-01 07:23:57,051 - train_greyscale_FA_MoE.py - {'step': '101500', 'lr': '0.0002', 'total_loss': '0.0309724', 'main_loss': '0.0309724', 'time_per_step': '2.97085'}
2025-11-01 07:28:55,329 - train_greyscale_FA_MoE.py - {'step': '101600', 'lr': '0.0002', 'total_loss': '0.0405535', 'main_loss': '0.0405535', 'time_per_step': '2.6725'}
2025-11-01 07:33:53,253 - train_greyscale_FA_MoE.py - {'step': '101700', 'lr': '0.0002', 'total_loss': '0.0297996', 'main_loss': '0.0297996', 'time_per_step': '2.67815'}
2025-11-01 07:38:50,041 - train_greyscale_FA_MoE.py - {'step': '101800', 'lr': '0.0002', 'total_loss': '0.0380792', 'main_loss': '0.0380792', 'time_per_step': '2.96572'}
2025-11-01 07:43:48,108 - train_greyscale_FA_MoE.py - {'step': '101900', 'lr': '0.0002', 'total_loss': '0.028733', 'main_loss': '0.028733', 'time_per_step': '2.12839'}
2025-11-01 07:48:42,960 - train_greyscale_FA_MoE.py - {'step': '102000', 'lr': '0.0002', 'total_loss': '0.0344973', 'main_loss': '0.0344973', 'time_per_step': '2.12021'}
2025-11-01 07:53:45,854 - train_greyscale_FA_MoE.py - {'step': '102100', 'lr': '0.0002', 'total_loss': '0.0360125', 'main_loss': '0.0360125', 'time_per_step': '2.79722'}
2025-11-01 07:58:43,530 - train_greyscale_FA_MoE.py - {'step': '102200', 'lr': '0.0002', 'total_loss': '0.032114', 'main_loss': '0.032114', 'time_per_step': '2.70225'}
2025-11-01 08:03:41,179 - train_greyscale_FA_MoE.py - {'step': '102300', 'lr': '0.0002', 'total_loss': '0.0348012', 'main_loss': '0.0348012', 'time_per_step': '2.86986'}
2025-11-01 08:08:39,690 - train_greyscale_FA_MoE.py - {'step': '102400', 'lr': '0.0002', 'total_loss': '0.0296526', 'main_loss': '0.0296526', 'time_per_step': '2.97826'}
2025-11-01 08:13:36,279 - train_greyscale_FA_MoE.py - {'step': '102500', 'lr': '0.0002', 'total_loss': '0.0300581', 'main_loss': '0.0300581', 'time_per_step': '2.9282'}
2025-11-01 08:18:34,165 - train_greyscale_FA_MoE.py - {'step': '102600', 'lr': '0.0002', 'total_loss': '0.0369651', 'main_loss': '0.0369651', 'time_per_step': '3.08351'}
2025-11-01 08:23:31,587 - train_greyscale_FA_MoE.py - {'step': '102700', 'lr': '0.0002', 'total_loss': '0.0377491', 'main_loss': '0.0377491', 'time_per_step': '3.02239'}
2025-11-01 08:28:29,852 - train_greyscale_FA_MoE.py - {'step': '102800', 'lr': '0.0002', 'total_loss': '0.0330601', 'main_loss': '0.0330601', 'time_per_step': '2.94267'}
2025-11-01 08:33:27,213 - train_greyscale_FA_MoE.py - {'step': '102900', 'lr': '0.0002', 'total_loss': '0.0309121', 'main_loss': '0.0309121', 'time_per_step': '3.06761'}
2025-11-01 08:38:25,781 - train_greyscale_FA_MoE.py - {'step': '103000', 'lr': '0.0002', 'total_loss': '0.0321283', 'main_loss': '0.0321283', 'time_per_step': '2.9882'}
2025-11-01 08:43:24,486 - train_greyscale_FA_MoE.py - {'step': '103100', 'lr': '0.0002', 'total_loss': '0.0339459', 'main_loss': '0.0339459', 'time_per_step': '2.15689'}
2025-11-01 08:48:19,364 - train_greyscale_FA_MoE.py - {'step': '103200', 'lr': '0.0002', 'total_loss': '0.0290438', 'main_loss': '0.0290438', 'time_per_step': '2.12706'}
2025-11-01 08:53:22,237 - train_greyscale_FA_MoE.py - {'step': '103300', 'lr': '0.0002', 'total_loss': '0.0306327', 'main_loss': '0.0306327', 'time_per_step': '2.96189'}
2025-11-01 08:58:21,420 - train_greyscale_FA_MoE.py - {'step': '103400', 'lr': '0.0002', 'total_loss': '0.0324007', 'main_loss': '0.0324007', 'time_per_step': '2.97366'}
2025-11-01 09:03:19,343 - train_greyscale_FA_MoE.py - {'step': '103500', 'lr': '0.0002', 'total_loss': '0.0316334', 'main_loss': '0.0316334', 'time_per_step': '2.97795'}
2025-11-01 09:08:17,311 - train_greyscale_FA_MoE.py - {'step': '103600', 'lr': '0.0002', 'total_loss': '0.0351481', 'main_loss': '0.0351481', 'time_per_step': '2.66529'}
2025-11-01 09:13:15,400 - train_greyscale_FA_MoE.py - {'step': '103700', 'lr': '0.0002', 'total_loss': '0.0305812', 'main_loss': '0.0305812', 'time_per_step': '2.739'}
2025-11-01 09:18:13,569 - train_greyscale_FA_MoE.py - {'step': '103800', 'lr': '0.0002', 'total_loss': '0.0341247', 'main_loss': '0.0341247', 'time_per_step': '2.86186'}
2025-11-01 09:23:12,916 - train_greyscale_FA_MoE.py - {'step': '103900', 'lr': '0.0002', 'total_loss': '0.0348014', 'main_loss': '0.0348014', 'time_per_step': '2.96119'}
2025-11-01 09:28:11,873 - train_greyscale_FA_MoE.py - {'step': '104000', 'lr': '0.0002', 'total_loss': '0.0339175', 'main_loss': '0.0339175', 'time_per_step': '2.76926'}
2025-11-01 09:33:08,515 - train_greyscale_FA_MoE.py - {'step': '104100', 'lr': '0.0002', 'total_loss': '0.0330002', 'main_loss': '0.0330002', 'time_per_step': '2.74687'}
2025-11-01 09:38:05,657 - train_greyscale_FA_MoE.py - {'step': '104200', 'lr': '0.0002', 'total_loss': '0.0363395', 'main_loss': '0.0363395', 'time_per_step': '2.72581'}
2025-11-01 09:43:03,541 - train_greyscale_FA_MoE.py - {'step': '104300', 'lr': '0.0002', 'total_loss': '0.0324403', 'main_loss': '0.0324403', 'time_per_step': '2.24427'}
2025-11-01 09:47:59,016 - train_greyscale_FA_MoE.py - {'step': '104400', 'lr': '0.0002', 'total_loss': '0.0331077', 'main_loss': '0.0331077', 'time_per_step': '2.12829'}
2025-11-01 09:53:01,669 - train_greyscale_FA_MoE.py - {'step': '104500', 'lr': '0.0002', 'total_loss': '0.0396225', 'main_loss': '0.0396225', 'time_per_step': '2.865'}
2025-11-01 09:58:00,033 - train_greyscale_FA_MoE.py - {'step': '104600', 'lr': '0.0002', 'total_loss': '0.0405923', 'main_loss': '0.0405923', 'time_per_step': '2.88111'}
2025-11-01 10:02:58,193 - train_greyscale_FA_MoE.py - {'step': '104700', 'lr': '0.0002', 'total_loss': '0.0355717', 'main_loss': '0.0355717', 'time_per_step': '2.66302'}
2025-11-01 10:07:56,576 - train_greyscale_FA_MoE.py - {'step': '104800', 'lr': '0.0002', 'total_loss': '0.0377104', 'main_loss': '0.0377104', 'time_per_step': '2.74464'}
2025-11-01 10:12:54,185 - train_greyscale_FA_MoE.py - {'step': '104900', 'lr': '0.0002', 'total_loss': '0.0328876', 'main_loss': '0.0328876', 'time_per_step': '2.69855'}
2025-11-01 10:17:52,354 - train_greyscale_FA_MoE.py - {'step': '105000', 'lr': '0.0002', 'total_loss': '0.0371696', 'main_loss': '0.0371696', 'time_per_step': '2.7345'}
2025-11-01 10:22:50,712 - train_greyscale_FA_MoE.py - {'step': '105100', 'lr': '0.0002', 'total_loss': '0.0291781', 'main_loss': '0.0291781', 'time_per_step': '2.7025'}
2025-11-01 10:27:48,944 - train_greyscale_FA_MoE.py - {'step': '105200', 'lr': '0.0002', 'total_loss': '0.0406359', 'main_loss': '0.0406359', 'time_per_step': '2.91573'}
2025-11-01 10:32:46,487 - train_greyscale_FA_MoE.py - {'step': '105300', 'lr': '0.0002', 'total_loss': '0.0349578', 'main_loss': '0.0349578', 'time_per_step': '2.73348'}
2025-11-01 10:37:44,704 - train_greyscale_FA_MoE.py - {'step': '105400', 'lr': '0.0002', 'total_loss': '0.0380255', 'main_loss': '0.0380255', 'time_per_step': '2.96873'}
2025-11-01 10:42:41,835 - train_greyscale_FA_MoE.py - {'step': '105500', 'lr': '0.0002', 'total_loss': '0.0324612', 'main_loss': '0.0324612', 'time_per_step': '2.19376'}
2025-11-01 10:47:37,030 - train_greyscale_FA_MoE.py - {'step': '105600', 'lr': '0.0002', 'total_loss': '0.0350231', 'main_loss': '0.0350231', 'time_per_step': '2.12996'}
2025-11-01 10:52:39,241 - train_greyscale_FA_MoE.py - {'step': '105700', 'lr': '0.0002', 'total_loss': '0.0344758', 'main_loss': '0.0344758', 'time_per_step': '2.93895'}
2025-11-01 10:57:37,130 - train_greyscale_FA_MoE.py - {'step': '105800', 'lr': '0.0002', 'total_loss': '0.0321074', 'main_loss': '0.0321074', 'time_per_step': '2.97537'}
2025-11-01 11:02:35,466 - train_greyscale_FA_MoE.py - {'step': '105900', 'lr': '0.0002', 'total_loss': '0.0361866', 'main_loss': '0.0361866', 'time_per_step': '3.03066'}
2025-11-01 11:07:33,455 - train_greyscale_FA_MoE.py - {'step': '106000', 'lr': '0.0002', 'total_loss': '0.0353658', 'main_loss': '0.0353658', 'time_per_step': '2.92204'}
2025-11-01 11:12:31,531 - train_greyscale_FA_MoE.py - {'step': '106100', 'lr': '0.0002', 'total_loss': '0.038663', 'main_loss': '0.038663', 'time_per_step': '3.03626'}
2025-11-01 11:17:29,005 - train_greyscale_FA_MoE.py - {'step': '106200', 'lr': '0.0002', 'total_loss': '0.0363732', 'main_loss': '0.0363732', 'time_per_step': '2.67609'}
2025-11-01 11:22:29,419 - train_greyscale_FA_MoE.py - {'step': '106300', 'lr': '0.0002', 'total_loss': '0.033692', 'main_loss': '0.033692', 'time_per_step': '2.8423'}
2025-11-01 11:27:28,494 - train_greyscale_FA_MoE.py - {'step': '106400', 'lr': '0.0002', 'total_loss': '0.0327788', 'main_loss': '0.0327788', 'time_per_step': '2.93635'}
2025-11-01 11:32:27,763 - train_greyscale_FA_MoE.py - {'step': '106500', 'lr': '0.0002', 'total_loss': '0.030868', 'main_loss': '0.030868', 'time_per_step': '2.99602'}
2025-11-01 11:37:25,509 - train_greyscale_FA_MoE.py - {'step': '106600', 'lr': '0.0002', 'total_loss': '0.035337', 'main_loss': '0.035337', 'time_per_step': '2.75253'}
2025-11-01 11:42:24,504 - train_greyscale_FA_MoE.py - {'step': '106700', 'lr': '0.0002', 'total_loss': '0.0372594', 'main_loss': '0.0372594', 'time_per_step': '2.12406'}
2025-11-01 11:47:20,554 - train_greyscale_FA_MoE.py - {'step': '106800', 'lr': '0.0002', 'total_loss': '0.029496', 'main_loss': '0.029496', 'time_per_step': '2.14246'}
2025-11-01 11:52:23,868 - train_greyscale_FA_MoE.py - {'step': '106900', 'lr': '0.0002', 'total_loss': '0.0334723', 'main_loss': '0.0334723', 'time_per_step': '2.7085'}
2025-11-01 11:57:23,004 - train_greyscale_FA_MoE.py - {'step': '107000', 'lr': '0.0002', 'total_loss': '0.0404974', 'main_loss': '0.0404974', 'time_per_step': '2.9606'}
2025-11-01 12:02:21,251 - train_greyscale_FA_MoE.py - {'step': '107100', 'lr': '0.0002', 'total_loss': '0.0357172', 'main_loss': '0.0357172', 'time_per_step': '2.70125'}
2025-11-01 12:07:20,518 - train_greyscale_FA_MoE.py - {'step': '107200', 'lr': '0.0002', 'total_loss': '0.0297947', 'main_loss': '0.0297947', 'time_per_step': '2.98313'}
2025-11-01 12:12:19,371 - train_greyscale_FA_MoE.py - {'step': '107300', 'lr': '0.0002', 'total_loss': '0.0292331', 'main_loss': '0.0292331', 'time_per_step': '2.71895'}
2025-11-01 12:17:19,601 - train_greyscale_FA_MoE.py - {'step': '107400', 'lr': '0.0002', 'total_loss': '0.0352474', 'main_loss': '0.0352474', 'time_per_step': '2.65118'}
2025-11-01 12:22:20,323 - train_greyscale_FA_MoE.py - {'step': '107500', 'lr': '0.0002', 'total_loss': '0.0309904', 'main_loss': '0.0309904', 'time_per_step': '3.01015'}
2025-11-01 12:27:18,260 - train_greyscale_FA_MoE.py - {'step': '107600', 'lr': '0.0002', 'total_loss': '0.0369372', 'main_loss': '0.0369372', 'time_per_step': '2.98772'}
2025-11-01 12:32:16,419 - train_greyscale_FA_MoE.py - {'step': '107700', 'lr': '0.0002', 'total_loss': '0.0379187', 'main_loss': '0.0379187', 'time_per_step': '2.82965'}
2025-11-01 12:37:16,288 - train_greyscale_FA_MoE.py - {'step': '107800', 'lr': '0.0002', 'total_loss': '0.033834', 'main_loss': '0.033834', 'time_per_step': '2.97564'}
2025-11-01 12:42:15,448 - train_greyscale_FA_MoE.py - {'step': '107900', 'lr': '0.0002', 'total_loss': '0.0314735', 'main_loss': '0.0314735', 'time_per_step': '2.15084'}
2025-11-01 12:47:10,779 - train_greyscale_FA_MoE.py - {'step': '108000', 'lr': '0.0002', 'total_loss': '0.0373971', 'main_loss': '0.0373971', 'time_per_step': '2.14319'}
2025-11-01 12:52:13,367 - train_greyscale_FA_MoE.py - {'step': '108100', 'lr': '0.0002', 'total_loss': '0.0361836', 'main_loss': '0.0361836', 'time_per_step': '3.05919'}
2025-11-01 12:57:11,041 - train_greyscale_FA_MoE.py - {'step': '108200', 'lr': '0.0002', 'total_loss': '0.0347598', 'main_loss': '0.0347598', 'time_per_step': '2.86455'}
2025-11-01 13:02:07,967 - train_greyscale_FA_MoE.py - {'step': '108300', 'lr': '0.0002', 'total_loss': '0.0330571', 'main_loss': '0.0330571', 'time_per_step': '2.87513'}
2025-11-01 13:07:06,774 - train_greyscale_FA_MoE.py - {'step': '108400', 'lr': '0.0002', 'total_loss': '0.0363772', 'main_loss': '0.0363772', 'time_per_step': '3.00426'}
2025-11-01 13:12:03,601 - train_greyscale_FA_MoE.py - {'step': '108500', 'lr': '0.0002', 'total_loss': '0.0356801', 'main_loss': '0.0356801', 'time_per_step': '2.85106'}
2025-11-01 13:17:01,872 - train_greyscale_FA_MoE.py - {'step': '108600', 'lr': '0.0002', 'total_loss': '0.0330211', 'main_loss': '0.0330211', 'time_per_step': '2.95726'}
2025-11-01 13:22:01,033 - train_greyscale_FA_MoE.py - {'step': '108700', 'lr': '0.0002', 'total_loss': '0.0350727', 'main_loss': '0.0350727', 'time_per_step': '3.00801'}
2025-11-01 13:26:59,513 - train_greyscale_FA_MoE.py - {'step': '108800', 'lr': '0.0002', 'total_loss': '0.0336857', 'main_loss': '0.0336857', 'time_per_step': '2.98748'}
2025-11-01 13:31:58,475 - train_greyscale_FA_MoE.py - {'step': '108900', 'lr': '0.0002', 'total_loss': '0.0337426', 'main_loss': '0.0337426', 'time_per_step': '2.66925'}
2025-11-01 13:36:56,959 - train_greyscale_FA_MoE.py - {'step': '109000', 'lr': '0.0002', 'total_loss': '0.0401841', 'main_loss': '0.0401841', 'time_per_step': '2.7344'}
2025-11-01 13:41:56,889 - train_greyscale_FA_MoE.py - {'step': '109100', 'lr': '0.0002', 'total_loss': '0.038543', 'main_loss': '0.038543', 'time_per_step': '2.12968'}
2025-11-01 13:46:52,563 - train_greyscale_FA_MoE.py - {'step': '109200', 'lr': '0.0002', 'total_loss': '0.0341487', 'main_loss': '0.0341487', 'time_per_step': '2.13388'}
2025-11-01 13:51:55,584 - train_greyscale_FA_MoE.py - {'step': '109300', 'lr': '0.0002', 'total_loss': '0.025677', 'main_loss': '0.025677', 'time_per_step': '3.05209'}
2025-11-01 13:58:28,171 - train_greyscale_FA_MoE.py - ckpt_root: output/acdc_wholeheart_uncond_fa_ec_moe_greyscale_uvit_mid_4by4_l6r9_minmax/ckpts
dataset:
  SNR_scale: 4.0
  Y_bound: !!python/tuple
  - 774.0
  Y_entropy: !!python/tuple
  - 5.287
  - 2.936
  - 3.005
  - 1.94
  - 2.216
  - 1.866
  - 1.186
  - 1.561
  - 1.581
  - 1.169
  - 1.024
  - 1.252
  - 1.071
  - 1.0
  - 1.0
  - 1.0
  Y_max: !!python/tuple
  - 774.0
  - 112.375
  - 125.812
  - 49.0
  - 58.5
  - 46.5
  - 20.344
  - 32.906
  - 33.406
  - 19.953
  - 15.953
  - 22.0
  - 16.984
  - 12.812
  - 11.68
  - 7.461
  Y_mean: !!python/tuple
  - 241.045
  - -0.725
  - 0.44
  - 0.107
  - 0.009
  - 0.154
  - -0.057
  - 0.0
  - -0.008
  - 0.019
  - 0.009
  - -0.012
  - 0.005
  - 0.002
  - 0.004
  - -0.002
  Y_min: !!python/tuple
  - 9.5
  - -119.312
  - -122.375
  - -51.25
  - -58.906
  - -49.5
  - -20.688
  - -32.906
  - -33.094
  - -19.891
  - -15.891
  - -21.75
  - -16.969
  - -12.773
  - -11.648
  - -7.492
  Y_std: !!python/tuple
  - 182.467
  - 32.821
  - 34.996
  - 14.001
  - 17.621
  - 13.189
  - 5.79
  - 9.609
  - 9.805
  - 5.652
  - 4.634
  - 6.502
  - 4.963
  - 3.796
  - 3.44
  - 2.178
  block_sz: 4
  dataset_type: wholeheart
  frequency_aware_tokens: true
  greyscale: true
  low_freqs: 12
  name: acdc_uncond
  num_fa_length: 6
  num_fa_repeats: 9
  num_fa_repeats_x: 3
  num_fa_repeats_y: 3
  path: data/scratch/datasets/ACDC/Unlabeled/Wholeheart
  resolution: 96
  reweight: true
  reweight_dim: -1
  tempature: 1.0
  tokens: 128
  tokenwise_normalization: minmax
lr_scheduler:
  name: customized
  warmup_steps: 5000
mixed_precision: 'no'
name: acdc_wholeheart_uncond_uvit_FA_EC_MoE_greyscale_mid_4by4
nnet:
  MoE:
    aux_loss_alpha: 0.0
    depth: 1
    noise_eps: 0.01
    num_experts: 4
    router: topk
    top_k: 2
    type: ecmoe
  depth: 16
  embed_dim: 768
  in_chans: 54
  low_freqs: 12
  mlp_ratio: 4
  mlp_time_embed: true
  name: uvit_greyscale_moe
  num_classes: -1
  num_heads: 12
  qkv_bias: false
  tokens: 128
  use_moe: true
optimizer:
  betas: !!python/tuple
  - 0.99
  - 0.99
  lr: 0.0002
  name: adamw
  weight_decay: 0.03
pred: noise_pred
private:
  accountant: prv
  dp_method: dpsgd
  max_grad_norm: 1.0
  noise_multiplier: 0.5
  secure_mode: false
  target_delta: 1.0e-05
  target_epsilon: 10
  use_dp: false
sample:
  algorithm: euler_maruyama_ode
  mini_batch_size: 500
  n_samples: 50000
  path: data/scratch/samples
  sample_steps: 100
  save_npz: ''
  save_start: 20000
sample_dir: output/acdc_wholeheart_uncond_fa_ec_moe_greyscale_uvit_mid_4by4_l6r9_minmax/samples
seed: 1234
train:
  batch_size: 512
  eval_interval: 25000
  log_interval: 100
  mode: uncond
  n_steps: 500000
  save_interval: 25000
workdir: output/acdc_wholeheart_uncond_fa_ec_moe_greyscale_uvit_mid_4by4_l6r9_minmax

2025-11-01 13:58:28,334 - train_greyscale_FA_MoE.py - dataset samples: 25023
2025-11-01 13:58:28,335 - train_greyscale_FA_MoE.py - Using minmax for positional token normalization
2025-11-01 13:58:37,449 - utils.py - nnet has 163145526 parameters
2025-11-01 13:58:38,221 - utils.py - resume from output/acdc_wholeheart_uncond_fa_ec_moe_greyscale_uvit_mid_4by4_l6r9_minmax/ckpts/100000.ckpt
2025-11-01 13:58:38,221 - utils.py - load from output/acdc_wholeheart_uncond_fa_ec_moe_greyscale_uvit_mid_4by4_l6r9_minmax/ckpts/100000.ckpt
2025-11-01 13:58:48,035 - train_greyscale_FA_MoE.py - using [5.287 2.936 3.005 1.94  2.216 1.866 1.186 1.561 1.581 1.169 1.024 1.252
 1.071 1.    1.    1.   ] for loss reweighting
2025-11-01 13:58:48,037 - train_greyscale_FA_MoE.py - Using temperature 1.0 for loss reweighting
2025-11-01 13:58:48,364 - train_greyscale_FA_MoE.py - Start fitting, step=100000, mixed_precision=no
2025-11-01 14:04:11,464 - train_greyscale_FA_MoE.py - {'step': '100100', 'lr': '0.0002', 'total_loss': '0.0276679', 'main_loss': '0.0276679', 'time_per_step': '2.23768'}
2025-11-01 14:08:02,421 - train_greyscale_FA_MoE.py - {'step': '100200', 'lr': '0.0002', 'total_loss': '0.0290615', 'main_loss': '0.0290615', 'time_per_step': '2.20302'}
2025-11-01 14:11:52,963 - train_greyscale_FA_MoE.py - {'step': '100300', 'lr': '0.0002', 'total_loss': '0.0329963', 'main_loss': '0.0329963', 'time_per_step': '2.25908'}
2025-11-01 14:15:43,433 - train_greyscale_FA_MoE.py - {'step': '100400', 'lr': '0.0002', 'total_loss': '0.0362532', 'main_loss': '0.0362532', 'time_per_step': '2.18583'}
2025-11-01 14:19:34,184 - train_greyscale_FA_MoE.py - {'step': '100500', 'lr': '0.0002', 'total_loss': '0.0350184', 'main_loss': '0.0350184', 'time_per_step': '2.23688'}
2025-11-01 14:23:25,175 - train_greyscale_FA_MoE.py - {'step': '100600', 'lr': '0.0002', 'total_loss': '0.033552', 'main_loss': '0.033552', 'time_per_step': '2.23309'}
2025-11-01 14:27:16,110 - train_greyscale_FA_MoE.py - {'step': '100700', 'lr': '0.0002', 'total_loss': '0.0358353', 'main_loss': '0.0358353', 'time_per_step': '2.25469'}
2025-11-01 14:31:06,827 - train_greyscale_FA_MoE.py - {'step': '100800', 'lr': '0.0002', 'total_loss': '0.0300455', 'main_loss': '0.0300455', 'time_per_step': '2.27023'}
2025-11-01 14:34:57,107 - train_greyscale_FA_MoE.py - {'step': '100900', 'lr': '0.0002', 'total_loss': '0.033376', 'main_loss': '0.033376', 'time_per_step': '2.23966'}
2025-11-01 14:38:47,803 - train_greyscale_FA_MoE.py - {'step': '101000', 'lr': '0.0002', 'total_loss': '0.0335949', 'main_loss': '0.0335949', 'time_per_step': '2.23275'}
2025-11-01 14:42:39,366 - train_greyscale_FA_MoE.py - {'step': '101100', 'lr': '0.0002', 'total_loss': '0.0335665', 'main_loss': '0.0335665', 'time_per_step': '2.1538'}
2025-11-01 14:46:30,275 - train_greyscale_FA_MoE.py - {'step': '101200', 'lr': '0.0002', 'total_loss': '0.0456595', 'main_loss': '0.0456595', 'time_per_step': '2.14648'}
2025-11-01 14:50:21,876 - train_greyscale_FA_MoE.py - {'step': '101300', 'lr': '0.0002', 'total_loss': '0.0361191', 'main_loss': '0.0361191', 'time_per_step': '2.26775'}
2025-11-01 14:54:11,566 - train_greyscale_FA_MoE.py - {'step': '101400', 'lr': '0.0002', 'total_loss': '0.0389116', 'main_loss': '0.0389116', 'time_per_step': '2.24766'}
2025-11-01 14:58:02,284 - train_greyscale_FA_MoE.py - {'step': '101500', 'lr': '0.0002', 'total_loss': '0.0337793', 'main_loss': '0.0337793', 'time_per_step': '2.24698'}
2025-11-01 15:01:53,143 - train_greyscale_FA_MoE.py - {'step': '101600', 'lr': '0.0002', 'total_loss': '0.0334768', 'main_loss': '0.0334768', 'time_per_step': '2.23015'}
2025-11-01 15:05:44,619 - train_greyscale_FA_MoE.py - {'step': '101700', 'lr': '0.0002', 'total_loss': '0.0438464', 'main_loss': '0.0438464', 'time_per_step': '2.23519'}
2025-11-01 15:09:34,820 - train_greyscale_FA_MoE.py - {'step': '101800', 'lr': '0.0002', 'total_loss': '0.0301437', 'main_loss': '0.0301437', 'time_per_step': '2.19828'}
2025-11-01 15:13:25,642 - train_greyscale_FA_MoE.py - {'step': '101900', 'lr': '0.0002', 'total_loss': '0.0268565', 'main_loss': '0.0268565', 'time_per_step': '2.24789'}
2025-11-01 15:17:16,051 - train_greyscale_FA_MoE.py - {'step': '102000', 'lr': '0.0002', 'total_loss': '0.0264127', 'main_loss': '0.0264127', 'time_per_step': '2.38674'}
2025-11-01 15:21:06,533 - train_greyscale_FA_MoE.py - {'step': '102100', 'lr': '0.0002', 'total_loss': '0.0324464', 'main_loss': '0.0324464', 'time_per_step': '2.24225'}
2025-11-01 15:24:55,241 - train_greyscale_FA_MoE.py - {'step': '102200', 'lr': '0.0002', 'total_loss': '0.0345881', 'main_loss': '0.0345881', 'time_per_step': '2.26184'}
2025-11-01 15:28:45,424 - train_greyscale_FA_MoE.py - {'step': '102300', 'lr': '0.0002', 'total_loss': '0.0324988', 'main_loss': '0.0324988', 'time_per_step': '2.12434'}
2025-11-01 15:32:36,596 - train_greyscale_FA_MoE.py - {'step': '102400', 'lr': '0.0002', 'total_loss': '0.0357758', 'main_loss': '0.0357758', 'time_per_step': '2.1294'}
2025-11-01 15:36:28,878 - train_greyscale_FA_MoE.py - {'step': '102500', 'lr': '0.0002', 'total_loss': '0.0327095', 'main_loss': '0.0327095', 'time_per_step': '2.22728'}
2025-11-01 15:40:19,279 - train_greyscale_FA_MoE.py - {'step': '102600', 'lr': '0.0002', 'total_loss': '0.0302888', 'main_loss': '0.0302888', 'time_per_step': '2.29803'}
2025-11-01 15:44:10,585 - train_greyscale_FA_MoE.py - {'step': '102700', 'lr': '0.0002', 'total_loss': '0.0250118', 'main_loss': '0.0250118', 'time_per_step': '2.24571'}
2025-11-01 15:48:00,645 - train_greyscale_FA_MoE.py - {'step': '102800', 'lr': '0.0002', 'total_loss': '0.0382874', 'main_loss': '0.0382874', 'time_per_step': '2.24219'}
2025-11-01 15:51:51,306 - train_greyscale_FA_MoE.py - {'step': '102900', 'lr': '0.0002', 'total_loss': '0.0325951', 'main_loss': '0.0325951', 'time_per_step': '2.24067'}
2025-11-01 15:55:42,891 - train_greyscale_FA_MoE.py - {'step': '103000', 'lr': '0.0002', 'total_loss': '0.03384', 'main_loss': '0.03384', 'time_per_step': '2.24768'}
2025-11-01 15:59:34,236 - train_greyscale_FA_MoE.py - {'step': '103100', 'lr': '0.0002', 'total_loss': '0.0362286', 'main_loss': '0.0362286', 'time_per_step': '2.24965'}
2025-11-01 16:03:25,336 - train_greyscale_FA_MoE.py - {'step': '103200', 'lr': '0.0002', 'total_loss': '0.0357157', 'main_loss': '0.0357157', 'time_per_step': '2.25039'}
2025-11-01 16:07:16,468 - train_greyscale_FA_MoE.py - {'step': '103300', 'lr': '0.0002', 'total_loss': '0.0407496', 'main_loss': '0.0407496', 'time_per_step': '2.22254'}
2025-11-01 16:11:06,293 - train_greyscale_FA_MoE.py - {'step': '103400', 'lr': '0.0002', 'total_loss': '0.0345523', 'main_loss': '0.0345523', 'time_per_step': '2.24932'}
2025-11-01 16:14:57,591 - train_greyscale_FA_MoE.py - {'step': '103500', 'lr': '0.0002', 'total_loss': '0.0377007', 'main_loss': '0.0377007', 'time_per_step': '2.13876'}
2025-11-01 16:18:48,116 - train_greyscale_FA_MoE.py - {'step': '103600', 'lr': '0.0002', 'total_loss': '0.0407503', 'main_loss': '0.0407503', 'time_per_step': '2.1303'}
2025-11-01 16:22:39,391 - train_greyscale_FA_MoE.py - {'step': '103700', 'lr': '0.0002', 'total_loss': '0.0296137', 'main_loss': '0.0296137', 'time_per_step': '2.20582'}
2025-11-01 16:26:29,583 - train_greyscale_FA_MoE.py - {'step': '103800', 'lr': '0.0002', 'total_loss': '0.040364', 'main_loss': '0.040364', 'time_per_step': '2.27412'}
2025-11-01 16:30:19,838 - train_greyscale_FA_MoE.py - {'step': '103900', 'lr': '0.0002', 'total_loss': '0.0301817', 'main_loss': '0.0301817', 'time_per_step': '2.32596'}
2025-11-01 16:34:10,132 - train_greyscale_FA_MoE.py - {'step': '104000', 'lr': '0.0002', 'total_loss': '0.033438', 'main_loss': '0.033438', 'time_per_step': '2.26399'}
2025-11-01 16:38:00,817 - train_greyscale_FA_MoE.py - {'step': '104100', 'lr': '0.0002', 'total_loss': '0.0358396', 'main_loss': '0.0358396', 'time_per_step': '2.25399'}
2025-11-01 16:41:52,168 - train_greyscale_FA_MoE.py - {'step': '104200', 'lr': '0.0002', 'total_loss': '0.0351759', 'main_loss': '0.0351759', 'time_per_step': '2.27313'}
2025-11-01 16:45:41,554 - train_greyscale_FA_MoE.py - {'step': '104300', 'lr': '0.0002', 'total_loss': '0.0339503', 'main_loss': '0.0339503', 'time_per_step': '2.23988'}
2025-11-01 16:49:32,435 - train_greyscale_FA_MoE.py - {'step': '104400', 'lr': '0.0002', 'total_loss': '0.0339277', 'main_loss': '0.0339277', 'time_per_step': '2.20625'}
2025-11-01 16:53:23,576 - train_greyscale_FA_MoE.py - {'step': '104500', 'lr': '0.0002', 'total_loss': '0.0368309', 'main_loss': '0.0368309', 'time_per_step': '2.23199'}
2025-11-01 16:57:14,332 - train_greyscale_FA_MoE.py - {'step': '104600', 'lr': '0.0002', 'total_loss': '0.0315991', 'main_loss': '0.0315991', 'time_per_step': '2.2212'}
2025-11-01 17:01:04,346 - train_greyscale_FA_MoE.py - {'step': '104700', 'lr': '0.0002', 'total_loss': '0.0326409', 'main_loss': '0.0326409', 'time_per_step': '2.13552'}
2025-11-01 17:04:54,286 - train_greyscale_FA_MoE.py - {'step': '104800', 'lr': '0.0002', 'total_loss': '0.0309076', 'main_loss': '0.0309076', 'time_per_step': '2.13707'}
2025-11-01 17:08:46,247 - train_greyscale_FA_MoE.py - {'step': '104900', 'lr': '0.0002', 'total_loss': '0.029086', 'main_loss': '0.029086', 'time_per_step': '2.25305'}
2025-11-01 17:12:37,552 - train_greyscale_FA_MoE.py - {'step': '105000', 'lr': '0.0002', 'total_loss': '0.0358045', 'main_loss': '0.0358045', 'time_per_step': '2.24789'}
2025-11-01 17:16:27,559 - train_greyscale_FA_MoE.py - {'step': '105100', 'lr': '0.0002', 'total_loss': '0.0335357', 'main_loss': '0.0335357', 'time_per_step': '2.18588'}
2025-11-01 17:20:18,128 - train_greyscale_FA_MoE.py - {'step': '105200', 'lr': '0.0002', 'total_loss': '0.0322134', 'main_loss': '0.0322134', 'time_per_step': '2.24631'}
2025-11-01 17:24:08,752 - train_greyscale_FA_MoE.py - {'step': '105300', 'lr': '0.0002', 'total_loss': '0.030605', 'main_loss': '0.030605', 'time_per_step': '2.24032'}
2025-11-01 17:27:59,131 - train_greyscale_FA_MoE.py - {'step': '105400', 'lr': '0.0002', 'total_loss': '0.0315225', 'main_loss': '0.0315225', 'time_per_step': '2.24406'}
2025-11-01 17:31:48,598 - train_greyscale_FA_MoE.py - {'step': '105500', 'lr': '0.0002', 'total_loss': '0.0326119', 'main_loss': '0.0326119', 'time_per_step': '2.25586'}
2025-11-01 17:35:39,313 - train_greyscale_FA_MoE.py - {'step': '105600', 'lr': '0.0002', 'total_loss': '0.0368219', 'main_loss': '0.0368219', 'time_per_step': '2.20904'}
2025-11-01 17:39:31,491 - train_greyscale_FA_MoE.py - {'step': '105700', 'lr': '0.0002', 'total_loss': '0.0323995', 'main_loss': '0.0323995', 'time_per_step': '2.23099'}
2025-11-01 17:43:22,370 - train_greyscale_FA_MoE.py - {'step': '105800', 'lr': '0.0002', 'total_loss': '0.0285724', 'main_loss': '0.0285724', 'time_per_step': '2.25096'}
2025-11-01 17:47:11,964 - train_greyscale_FA_MoE.py - {'step': '105900', 'lr': '0.0002', 'total_loss': '0.0346599', 'main_loss': '0.0346599', 'time_per_step': '2.18964'}
2025-11-01 17:51:02,968 - train_greyscale_FA_MoE.py - {'step': '106000', 'lr': '0.0002', 'total_loss': '0.0405073', 'main_loss': '0.0405073', 'time_per_step': '2.15457'}
2025-11-01 17:54:54,670 - train_greyscale_FA_MoE.py - {'step': '106100', 'lr': '0.0002', 'total_loss': '0.0293843', 'main_loss': '0.0293843', 'time_per_step': '2.22935'}
2025-11-01 17:58:44,877 - train_greyscale_FA_MoE.py - {'step': '106200', 'lr': '0.0002', 'total_loss': '0.0353888', 'main_loss': '0.0353888', 'time_per_step': '2.24797'}
2025-11-01 18:02:34,759 - train_greyscale_FA_MoE.py - {'step': '106300', 'lr': '0.0002', 'total_loss': '0.0341603', 'main_loss': '0.0341603', 'time_per_step': '2.24825'}
2025-11-01 18:06:25,499 - train_greyscale_FA_MoE.py - {'step': '106400', 'lr': '0.0002', 'total_loss': '0.029554', 'main_loss': '0.029554', 'time_per_step': '2.23985'}
2025-11-01 18:10:16,354 - train_greyscale_FA_MoE.py - {'step': '106500', 'lr': '0.0002', 'total_loss': '0.031881', 'main_loss': '0.031881', 'time_per_step': '2.21694'}
2025-11-01 18:14:07,922 - train_greyscale_FA_MoE.py - {'step': '106600', 'lr': '0.0002', 'total_loss': '0.0315925', 'main_loss': '0.0315925', 'time_per_step': '2.18711'}
2025-11-01 18:17:57,345 - train_greyscale_FA_MoE.py - {'step': '106700', 'lr': '0.0002', 'total_loss': '0.025253', 'main_loss': '0.025253', 'time_per_step': '2.23592'}
2025-11-01 18:21:48,138 - train_greyscale_FA_MoE.py - {'step': '106800', 'lr': '0.0002', 'total_loss': '0.0365364', 'main_loss': '0.0365364', 'time_per_step': '2.21886'}
2025-11-01 18:25:38,926 - train_greyscale_FA_MoE.py - {'step': '106900', 'lr': '0.0002', 'total_loss': '0.0325629', 'main_loss': '0.0325629', 'time_per_step': '2.25828'}
2025-11-01 18:29:29,825 - train_greyscale_FA_MoE.py - {'step': '107000', 'lr': '0.0002', 'total_loss': '0.031548', 'main_loss': '0.031548', 'time_per_step': '2.20142'}
2025-11-01 18:33:21,615 - train_greyscale_FA_MoE.py - {'step': '107100', 'lr': '0.0002', 'total_loss': '0.0308508', 'main_loss': '0.0308508', 'time_per_step': '2.15171'}
2025-11-01 18:37:10,920 - train_greyscale_FA_MoE.py - {'step': '107200', 'lr': '0.0002', 'total_loss': '0.0329231', 'main_loss': '0.0329231', 'time_per_step': '2.13404'}
2025-11-01 18:41:03,555 - train_greyscale_FA_MoE.py - {'step': '107300', 'lr': '0.0002', 'total_loss': '0.0322949', 'main_loss': '0.0322949', 'time_per_step': '2.247'}
2025-11-01 18:44:54,951 - train_greyscale_FA_MoE.py - {'step': '107400', 'lr': '0.0002', 'total_loss': '0.0353466', 'main_loss': '0.0353466', 'time_per_step': '2.23772'}
2025-11-01 18:48:45,567 - train_greyscale_FA_MoE.py - {'step': '107500', 'lr': '0.0002', 'total_loss': '0.027385', 'main_loss': '0.027385', 'time_per_step': '2.22179'}
2025-11-01 18:52:35,569 - train_greyscale_FA_MoE.py - {'step': '107600', 'lr': '0.0002', 'total_loss': '0.029592', 'main_loss': '0.029592', 'time_per_step': '2.20891'}
2025-11-01 18:56:25,736 - train_greyscale_FA_MoE.py - {'step': '107700', 'lr': '0.0002', 'total_loss': '0.0324408', 'main_loss': '0.0324408', 'time_per_step': '2.27102'}
2025-11-01 19:00:16,378 - train_greyscale_FA_MoE.py - {'step': '107800', 'lr': '0.0002', 'total_loss': '0.0303717', 'main_loss': '0.0303717', 'time_per_step': '2.26138'}
2025-11-01 19:04:06,897 - train_greyscale_FA_MoE.py - {'step': '107900', 'lr': '0.0002', 'total_loss': '0.0407658', 'main_loss': '0.0407658', 'time_per_step': '2.24149'}
2025-11-01 19:07:57,284 - train_greyscale_FA_MoE.py - {'step': '108000', 'lr': '0.0002', 'total_loss': '0.0329779', 'main_loss': '0.0329779', 'time_per_step': '2.23343'}
2025-11-01 19:11:48,454 - train_greyscale_FA_MoE.py - {'step': '108100', 'lr': '0.0002', 'total_loss': '0.0274495', 'main_loss': '0.0274495', 'time_per_step': '2.23927'}
2025-11-01 19:15:39,935 - train_greyscale_FA_MoE.py - {'step': '108200', 'lr': '0.0002', 'total_loss': '0.0323138', 'main_loss': '0.0323138', 'time_per_step': '2.2558'}
2025-11-01 19:19:30,301 - train_greyscale_FA_MoE.py - {'step': '108300', 'lr': '0.0002', 'total_loss': '0.0357847', 'main_loss': '0.0357847', 'time_per_step': '2.14248'}
2025-11-01 19:23:19,936 - train_greyscale_FA_MoE.py - {'step': '108400', 'lr': '0.0002', 'total_loss': '0.0360122', 'main_loss': '0.0360122', 'time_per_step': '2.19448'}
2025-11-01 19:27:10,861 - train_greyscale_FA_MoE.py - {'step': '108500', 'lr': '0.0002', 'total_loss': '0.0368698', 'main_loss': '0.0368698', 'time_per_step': '2.25633'}
2025-11-01 19:31:02,462 - train_greyscale_FA_MoE.py - {'step': '108600', 'lr': '0.0002', 'total_loss': '0.0328469', 'main_loss': '0.0328469', 'time_per_step': '2.26423'}
2025-11-01 19:34:53,798 - train_greyscale_FA_MoE.py - {'step': '108700', 'lr': '0.0002', 'total_loss': '0.0341103', 'main_loss': '0.0341103', 'time_per_step': '2.2445'}
2025-11-01 19:38:43,731 - train_greyscale_FA_MoE.py - {'step': '108800', 'lr': '0.0002', 'total_loss': '0.0377459', 'main_loss': '0.0377459', 'time_per_step': '2.23498'}
2025-11-01 19:42:36,178 - train_greyscale_FA_MoE.py - {'step': '108900', 'lr': '0.0002', 'total_loss': '0.0279267', 'main_loss': '0.0279267', 'time_per_step': '2.26284'}
2025-11-01 19:46:27,326 - train_greyscale_FA_MoE.py - {'step': '109000', 'lr': '0.0002', 'total_loss': '0.0246118', 'main_loss': '0.0246118', 'time_per_step': '2.2766'}
2025-11-01 19:50:17,307 - train_greyscale_FA_MoE.py - {'step': '109100', 'lr': '0.0002', 'total_loss': '0.0314112', 'main_loss': '0.0314112', 'time_per_step': '2.2669'}
2025-11-01 19:54:06,750 - train_greyscale_FA_MoE.py - {'step': '109200', 'lr': '0.0002', 'total_loss': '0.0394995', 'main_loss': '0.0394995', 'time_per_step': '2.25186'}
2025-11-01 19:57:57,175 - train_greyscale_FA_MoE.py - {'step': '109300', 'lr': '0.0002', 'total_loss': '0.0356135', 'main_loss': '0.0356135', 'time_per_step': '2.21912'}
2025-11-01 20:01:48,097 - train_greyscale_FA_MoE.py - {'step': '109400', 'lr': '0.0002', 'total_loss': '0.0289602', 'main_loss': '0.0289602', 'time_per_step': '2.27745'}
2025-11-01 20:05:39,437 - train_greyscale_FA_MoE.py - {'step': '109500', 'lr': '0.0002', 'total_loss': '0.0374965', 'main_loss': '0.0374965', 'time_per_step': '2.15313'}
2025-11-01 20:09:28,847 - train_greyscale_FA_MoE.py - {'step': '109600', 'lr': '0.0002', 'total_loss': '0.0358906', 'main_loss': '0.0358906', 'time_per_step': '2.13067'}
2025-11-01 20:13:20,964 - train_greyscale_FA_MoE.py - {'step': '109700', 'lr': '0.0002', 'total_loss': '0.039403', 'main_loss': '0.039403', 'time_per_step': '2.20082'}
2025-11-01 20:17:11,499 - train_greyscale_FA_MoE.py - {'step': '109800', 'lr': '0.0002', 'total_loss': '0.0279208', 'main_loss': '0.0279208', 'time_per_step': '2.24164'}
2025-11-01 20:21:01,939 - train_greyscale_FA_MoE.py - {'step': '109900', 'lr': '0.0002', 'total_loss': '0.0312693', 'main_loss': '0.0312693', 'time_per_step': '2.22158'}
2025-11-01 20:24:52,552 - train_greyscale_FA_MoE.py - {'step': '110000', 'lr': '0.0002', 'total_loss': '0.0263855', 'main_loss': '0.0263855', 'time_per_step': '2.22868'}
2025-11-01 20:28:42,332 - train_greyscale_FA_MoE.py - {'step': '110100', 'lr': '0.0002', 'total_loss': '0.0400767', 'main_loss': '0.0400767', 'time_per_step': '2.21717'}
2025-11-01 20:32:32,607 - train_greyscale_FA_MoE.py - {'step': '110200', 'lr': '0.0002', 'total_loss': '0.0378486', 'main_loss': '0.0378486', 'time_per_step': '2.24313'}
2025-11-01 20:36:23,908 - train_greyscale_FA_MoE.py - {'step': '110300', 'lr': '0.0002', 'total_loss': '0.0277926', 'main_loss': '0.0277926', 'time_per_step': '2.24671'}
2025-11-01 20:40:14,583 - train_greyscale_FA_MoE.py - {'step': '110400', 'lr': '0.0002', 'total_loss': '0.0381084', 'main_loss': '0.0381084', 'time_per_step': '2.25275'}
2025-11-01 20:44:04,679 - train_greyscale_FA_MoE.py - {'step': '110500', 'lr': '0.0002', 'total_loss': '0.02811', 'main_loss': '0.02811', 'time_per_step': '2.23327'}
2025-11-01 20:47:55,510 - train_greyscale_FA_MoE.py - {'step': '110600', 'lr': '0.0002', 'total_loss': '0.0322679', 'main_loss': '0.0322679', 'time_per_step': '2.2332'}
2025-11-01 20:51:46,119 - train_greyscale_FA_MoE.py - {'step': '110700', 'lr': '0.0002', 'total_loss': '0.034992', 'main_loss': '0.034992', 'time_per_step': '2.15322'}
2025-11-01 20:55:37,408 - train_greyscale_FA_MoE.py - {'step': '110800', 'lr': '0.0002', 'total_loss': '0.0358081', 'main_loss': '0.0358081', 'time_per_step': '2.13891'}
2025-11-01 20:59:28,050 - train_greyscale_FA_MoE.py - {'step': '110900', 'lr': '0.0002', 'total_loss': '0.0343836', 'main_loss': '0.0343836', 'time_per_step': '2.23707'}
2025-11-01 21:03:18,663 - train_greyscale_FA_MoE.py - {'step': '111000', 'lr': '0.0002', 'total_loss': '0.0451674', 'main_loss': '0.0451674', 'time_per_step': '2.21223'}
2025-11-01 21:07:10,972 - train_greyscale_FA_MoE.py - {'step': '111100', 'lr': '0.0002', 'total_loss': '0.0300799', 'main_loss': '0.0300799', 'time_per_step': '2.2484'}
2025-11-01 21:11:03,909 - train_greyscale_FA_MoE.py - {'step': '111200', 'lr': '0.0002', 'total_loss': '0.0351858', 'main_loss': '0.0351858', 'time_per_step': '2.25009'}
2025-11-01 21:14:55,221 - train_greyscale_FA_MoE.py - {'step': '111300', 'lr': '0.0002', 'total_loss': '0.0323493', 'main_loss': '0.0323493', 'time_per_step': '2.2514'}
2025-11-01 21:18:46,594 - train_greyscale_FA_MoE.py - {'step': '111400', 'lr': '0.0002', 'total_loss': '0.0371688', 'main_loss': '0.0371688', 'time_per_step': '2.23662'}
2025-11-01 21:22:37,685 - train_greyscale_FA_MoE.py - {'step': '111500', 'lr': '0.0002', 'total_loss': '0.0400814', 'main_loss': '0.0400814', 'time_per_step': '2.231'}
2025-11-01 21:26:29,715 - train_greyscale_FA_MoE.py - {'step': '111600', 'lr': '0.0002', 'total_loss': '0.0353244', 'main_loss': '0.0353244', 'time_per_step': '2.26788'}
2025-11-01 21:30:20,528 - train_greyscale_FA_MoE.py - {'step': '111700', 'lr': '0.0002', 'total_loss': '0.0333863', 'main_loss': '0.0333863', 'time_per_step': '2.33371'}
2025-11-01 21:34:13,002 - train_greyscale_FA_MoE.py - {'step': '111800', 'lr': '0.0002', 'total_loss': '0.0360311', 'main_loss': '0.0360311', 'time_per_step': '2.18592'}
2025-11-01 21:38:05,138 - train_greyscale_FA_MoE.py - {'step': '111900', 'lr': '0.0002', 'total_loss': '0.0329109', 'main_loss': '0.0329109', 'time_per_step': '2.13265'}
2025-11-01 21:41:57,403 - train_greyscale_FA_MoE.py - {'step': '112000', 'lr': '0.0002', 'total_loss': '0.0360625', 'main_loss': '0.0360625', 'time_per_step': '2.1369'}
2025-11-01 21:45:48,531 - train_greyscale_FA_MoE.py - {'step': '112100', 'lr': '0.0002', 'total_loss': '0.0231064', 'main_loss': '0.0231064', 'time_per_step': '2.22867'}
2025-11-01 21:49:39,932 - train_greyscale_FA_MoE.py - {'step': '112200', 'lr': '0.0002', 'total_loss': '0.0369286', 'main_loss': '0.0369286', 'time_per_step': '2.25217'}
2025-11-01 21:53:31,638 - train_greyscale_FA_MoE.py - {'step': '112300', 'lr': '0.0002', 'total_loss': '0.0319976', 'main_loss': '0.0319976', 'time_per_step': '2.26374'}
2025-11-01 21:57:23,489 - train_greyscale_FA_MoE.py - {'step': '112400', 'lr': '0.0002', 'total_loss': '0.0323477', 'main_loss': '0.0323477', 'time_per_step': '2.23534'}
2025-11-01 22:01:13,888 - train_greyscale_FA_MoE.py - {'step': '112500', 'lr': '0.0002', 'total_loss': '0.0404973', 'main_loss': '0.0404973', 'time_per_step': '2.18315'}
2025-11-01 22:05:04,486 - train_greyscale_FA_MoE.py - {'step': '112600', 'lr': '0.0002', 'total_loss': '0.0390461', 'main_loss': '0.0390461', 'time_per_step': '2.26568'}
2025-11-01 22:08:56,276 - train_greyscale_FA_MoE.py - {'step': '112700', 'lr': '0.0002', 'total_loss': '0.0285759', 'main_loss': '0.0285759', 'time_per_step': '2.28448'}
2025-11-01 22:12:46,691 - train_greyscale_FA_MoE.py - {'step': '112800', 'lr': '0.0002', 'total_loss': '0.0321841', 'main_loss': '0.0321841', 'time_per_step': '2.19625'}
2025-11-01 22:16:37,544 - train_greyscale_FA_MoE.py - {'step': '112900', 'lr': '0.0002', 'total_loss': '0.0290071', 'main_loss': '0.0290071', 'time_per_step': '2.28197'}
2025-11-01 22:20:27,797 - train_greyscale_FA_MoE.py - {'step': '113000', 'lr': '0.0002', 'total_loss': '0.0332701', 'main_loss': '0.0332701', 'time_per_step': '2.24022'}
2025-11-01 22:24:17,858 - train_greyscale_FA_MoE.py - {'step': '113100', 'lr': '0.0002', 'total_loss': '0.0324273', 'main_loss': '0.0324273', 'time_per_step': '2.16096'}
2025-11-01 22:28:08,611 - train_greyscale_FA_MoE.py - {'step': '113200', 'lr': '0.0002', 'total_loss': '0.03202', 'main_loss': '0.03202', 'time_per_step': '2.12718'}
2025-11-01 22:32:00,089 - train_greyscale_FA_MoE.py - {'step': '113300', 'lr': '0.0002', 'total_loss': '0.0257988', 'main_loss': '0.0257988', 'time_per_step': '2.25368'}
2025-11-01 22:35:50,231 - train_greyscale_FA_MoE.py - {'step': '113400', 'lr': '0.0002', 'total_loss': '0.0263095', 'main_loss': '0.0263095', 'time_per_step': '2.26552'}
2025-11-01 22:39:42,029 - train_greyscale_FA_MoE.py - {'step': '113500', 'lr': '0.0002', 'total_loss': '0.0359156', 'main_loss': '0.0359156', 'time_per_step': '2.2854'}
2025-11-01 22:43:32,532 - train_greyscale_FA_MoE.py - {'step': '113600', 'lr': '0.0002', 'total_loss': '0.0278072', 'main_loss': '0.0278072', 'time_per_step': '2.25441'}
2025-11-01 22:47:23,172 - train_greyscale_FA_MoE.py - {'step': '113700', 'lr': '0.0002', 'total_loss': '0.0356119', 'main_loss': '0.0356119', 'time_per_step': '2.23817'}
2025-11-01 22:51:13,283 - train_greyscale_FA_MoE.py - {'step': '113800', 'lr': '0.0002', 'total_loss': '0.0306101', 'main_loss': '0.0306101', 'time_per_step': '2.23712'}
2025-11-01 22:55:04,589 - train_greyscale_FA_MoE.py - {'step': '113900', 'lr': '0.0002', 'total_loss': '0.0280463', 'main_loss': '0.0280463', 'time_per_step': '2.24701'}
2025-11-01 22:58:55,326 - train_greyscale_FA_MoE.py - {'step': '114000', 'lr': '0.0002', 'total_loss': '0.0325297', 'main_loss': '0.0325297', 'time_per_step': '2.24988'}
2025-11-01 23:02:46,459 - train_greyscale_FA_MoE.py - {'step': '114100', 'lr': '0.0002', 'total_loss': '0.0356017', 'main_loss': '0.0356017', 'time_per_step': '2.2347'}
2025-11-01 23:06:36,666 - train_greyscale_FA_MoE.py - {'step': '114200', 'lr': '0.0002', 'total_loss': '0.0271706', 'main_loss': '0.0271706', 'time_per_step': '2.23174'}
2025-11-01 23:10:27,465 - train_greyscale_FA_MoE.py - {'step': '114300', 'lr': '0.0002', 'total_loss': '0.0317808', 'main_loss': '0.0317808', 'time_per_step': '2.13892'}
2025-11-01 23:14:18,026 - train_greyscale_FA_MoE.py - {'step': '114400', 'lr': '0.0002', 'total_loss': '0.042636', 'main_loss': '0.042636', 'time_per_step': '2.138'}
2025-11-01 23:18:10,106 - train_greyscale_FA_MoE.py - {'step': '114500', 'lr': '0.0002', 'total_loss': '0.0370807', 'main_loss': '0.0370807', 'time_per_step': '2.2406'}
2025-11-01 23:22:00,110 - train_greyscale_FA_MoE.py - {'step': '114600', 'lr': '0.0002', 'total_loss': '0.0321816', 'main_loss': '0.0321816', 'time_per_step': '2.25522'}
2025-11-01 23:25:50,813 - train_greyscale_FA_MoE.py - {'step': '114700', 'lr': '0.0002', 'total_loss': '0.0376233', 'main_loss': '0.0376233', 'time_per_step': '2.28188'}
2025-11-01 23:29:41,765 - train_greyscale_FA_MoE.py - {'step': '114800', 'lr': '0.0002', 'total_loss': '0.0298271', 'main_loss': '0.0298271', 'time_per_step': '2.24373'}
2025-11-01 23:33:32,873 - train_greyscale_FA_MoE.py - {'step': '114900', 'lr': '0.0002', 'total_loss': '0.0287918', 'main_loss': '0.0287918', 'time_per_step': '2.23856'}
2025-11-01 23:37:24,008 - train_greyscale_FA_MoE.py - {'step': '115000', 'lr': '0.0002', 'total_loss': '0.0296887', 'main_loss': '0.0296887', 'time_per_step': '2.25757'}
2025-11-01 23:41:14,981 - train_greyscale_FA_MoE.py - {'step': '115100', 'lr': '0.0002', 'total_loss': '0.0304348', 'main_loss': '0.0304348', 'time_per_step': '2.2664'}
2025-11-01 23:45:06,417 - train_greyscale_FA_MoE.py - {'step': '115200', 'lr': '0.0002', 'total_loss': '0.0328812', 'main_loss': '0.0328812', 'time_per_step': '2.25568'}
2025-11-01 23:48:57,422 - train_greyscale_FA_MoE.py - {'step': '115300', 'lr': '0.0002', 'total_loss': '0.0309298', 'main_loss': '0.0309298', 'time_per_step': '2.25836'}
2025-11-01 23:52:49,257 - train_greyscale_FA_MoE.py - {'step': '115400', 'lr': '0.0002', 'total_loss': '0.0258584', 'main_loss': '0.0258584', 'time_per_step': '2.31409'}
2025-11-01 23:56:39,532 - train_greyscale_FA_MoE.py - {'step': '115500', 'lr': '0.0002', 'total_loss': '0.0299771', 'main_loss': '0.0299771', 'time_per_step': '2.13291'}
2025-11-02 00:00:29,643 - train_greyscale_FA_MoE.py - {'step': '115600', 'lr': '0.0002', 'total_loss': '0.0355986', 'main_loss': '0.0355986', 'time_per_step': '2.14872'}
2025-11-02 00:04:20,682 - train_greyscale_FA_MoE.py - {'step': '115700', 'lr': '0.0002', 'total_loss': '0.0278593', 'main_loss': '0.0278593', 'time_per_step': '2.29085'}
2025-11-02 00:08:12,200 - train_greyscale_FA_MoE.py - {'step': '115800', 'lr': '0.0002', 'total_loss': '0.0336254', 'main_loss': '0.0336254', 'time_per_step': '2.25197'}
2025-11-02 00:12:02,073 - train_greyscale_FA_MoE.py - {'step': '115900', 'lr': '0.0002', 'total_loss': '0.0297229', 'main_loss': '0.0297229', 'time_per_step': '2.25841'}
2025-11-02 00:15:53,379 - train_greyscale_FA_MoE.py - {'step': '116000', 'lr': '0.0002', 'total_loss': '0.0339485', 'main_loss': '0.0339485', 'time_per_step': '2.25162'}
2025-11-02 00:19:44,051 - train_greyscale_FA_MoE.py - {'step': '116100', 'lr': '0.0002', 'total_loss': '0.033507', 'main_loss': '0.033507', 'time_per_step': '2.22879'}
2025-11-02 00:23:34,400 - train_greyscale_FA_MoE.py - {'step': '116200', 'lr': '0.0002', 'total_loss': '0.0329165', 'main_loss': '0.0329165', 'time_per_step': '2.24481'}
2025-11-02 00:27:24,647 - train_greyscale_FA_MoE.py - {'step': '116300', 'lr': '0.0002', 'total_loss': '0.0302694', 'main_loss': '0.0302694', 'time_per_step': '2.25386'}
2025-11-02 00:31:15,478 - train_greyscale_FA_MoE.py - {'step': '116400', 'lr': '0.0002', 'total_loss': '0.0328627', 'main_loss': '0.0328627', 'time_per_step': '2.36634'}
2025-11-02 00:35:06,436 - train_greyscale_FA_MoE.py - {'step': '116500', 'lr': '0.0002', 'total_loss': '0.0267265', 'main_loss': '0.0267265', 'time_per_step': '2.25362'}
2025-11-02 00:38:57,752 - train_greyscale_FA_MoE.py - {'step': '116600', 'lr': '0.0002', 'total_loss': '0.0262143', 'main_loss': '0.0262143', 'time_per_step': '2.23105'}
2025-11-02 00:42:48,857 - train_greyscale_FA_MoE.py - {'step': '116700', 'lr': '0.0002', 'total_loss': '0.0278101', 'main_loss': '0.0278101', 'time_per_step': '2.25701'}
2025-11-02 00:46:39,012 - train_greyscale_FA_MoE.py - {'step': '116800', 'lr': '0.0002', 'total_loss': '0.0331539', 'main_loss': '0.0331539', 'time_per_step': '2.13343'}
2025-11-02 00:50:29,907 - train_greyscale_FA_MoE.py - {'step': '116900', 'lr': '0.0002', 'total_loss': '0.0323779', 'main_loss': '0.0323779', 'time_per_step': '2.23619'}
2025-11-02 00:54:21,015 - train_greyscale_FA_MoE.py - {'step': '117000', 'lr': '0.0002', 'total_loss': '0.0268983', 'main_loss': '0.0268983', 'time_per_step': '2.22943'}
2025-11-02 00:58:11,605 - train_greyscale_FA_MoE.py - {'step': '117100', 'lr': '0.0002', 'total_loss': '0.0314135', 'main_loss': '0.0314135', 'time_per_step': '2.24577'}
2025-11-02 01:02:02,820 - train_greyscale_FA_MoE.py - {'step': '117200', 'lr': '0.0002', 'total_loss': '0.0338045', 'main_loss': '0.0338045', 'time_per_step': '2.24614'}
2025-11-02 01:05:53,931 - train_greyscale_FA_MoE.py - {'step': '117300', 'lr': '0.0002', 'total_loss': '0.0327861', 'main_loss': '0.0327861', 'time_per_step': '2.21412'}
2025-11-02 01:09:44,584 - train_greyscale_FA_MoE.py - {'step': '117400', 'lr': '0.0002', 'total_loss': '0.0269976', 'main_loss': '0.0269976', 'time_per_step': '2.22784'}
2025-11-02 01:13:34,368 - train_greyscale_FA_MoE.py - {'step': '117500', 'lr': '0.0002', 'total_loss': '0.0321122', 'main_loss': '0.0321122', 'time_per_step': '2.23571'}
2025-11-02 01:17:25,054 - train_greyscale_FA_MoE.py - {'step': '117600', 'lr': '0.0002', 'total_loss': '0.0260137', 'main_loss': '0.0260137', 'time_per_step': '2.25223'}
2025-11-02 01:21:16,113 - train_greyscale_FA_MoE.py - {'step': '117700', 'lr': '0.0002', 'total_loss': '0.0291825', 'main_loss': '0.0291825', 'time_per_step': '2.25407'}
2025-11-02 01:25:07,219 - train_greyscale_FA_MoE.py - {'step': '117800', 'lr': '0.0002', 'total_loss': '0.0293555', 'main_loss': '0.0293555', 'time_per_step': '2.2439'}
2025-11-02 01:28:58,451 - train_greyscale_FA_MoE.py - {'step': '117900', 'lr': '0.0002', 'total_loss': '0.0322321', 'main_loss': '0.0322321', 'time_per_step': '2.13519'}
2025-11-02 01:32:47,965 - train_greyscale_FA_MoE.py - {'step': '118000', 'lr': '0.0002', 'total_loss': '0.0305992', 'main_loss': '0.0305992', 'time_per_step': '2.133'}
2025-11-02 01:36:39,275 - train_greyscale_FA_MoE.py - {'step': '118100', 'lr': '0.0002', 'total_loss': '0.0286801', 'main_loss': '0.0286801', 'time_per_step': '2.24217'}
2025-11-02 01:40:30,222 - train_greyscale_FA_MoE.py - {'step': '118200', 'lr': '0.0002', 'total_loss': '0.0350241', 'main_loss': '0.0350241', 'time_per_step': '2.23521'}
2025-11-02 01:44:21,530 - train_greyscale_FA_MoE.py - {'step': '118300', 'lr': '0.0002', 'total_loss': '0.0353859', 'main_loss': '0.0353859', 'time_per_step': '2.23209'}
2025-11-02 01:48:11,360 - train_greyscale_FA_MoE.py - {'step': '118400', 'lr': '0.0002', 'total_loss': '0.0323606', 'main_loss': '0.0323606', 'time_per_step': '2.24271'}
2025-11-02 01:52:02,531 - train_greyscale_FA_MoE.py - {'step': '118500', 'lr': '0.0002', 'total_loss': '0.0361305', 'main_loss': '0.0361305', 'time_per_step': '2.24892'}
2025-11-02 01:55:53,245 - train_greyscale_FA_MoE.py - {'step': '118600', 'lr': '0.0002', 'total_loss': '0.034616', 'main_loss': '0.034616', 'time_per_step': '2.28275'}
2025-11-02 01:59:44,946 - train_greyscale_FA_MoE.py - {'step': '118700', 'lr': '0.0002', 'total_loss': '0.0353001', 'main_loss': '0.0353001', 'time_per_step': '2.25529'}
2025-11-02 02:03:34,712 - train_greyscale_FA_MoE.py - {'step': '118800', 'lr': '0.0002', 'total_loss': '0.0296374', 'main_loss': '0.0296374', 'time_per_step': '2.23215'}
2025-11-02 02:07:25,681 - train_greyscale_FA_MoE.py - {'step': '118900', 'lr': '0.0002', 'total_loss': '0.0328341', 'main_loss': '0.0328341', 'time_per_step': '2.2561'}
2025-11-02 02:11:16,079 - train_greyscale_FA_MoE.py - {'step': '119000', 'lr': '0.0002', 'total_loss': '0.027236', 'main_loss': '0.027236', 'time_per_step': '2.24375'}
2025-11-02 02:15:06,610 - train_greyscale_FA_MoE.py - {'step': '119100', 'lr': '0.0002', 'total_loss': '0.0278912', 'main_loss': '0.0278912', 'time_per_step': '2.13849'}
2025-11-02 02:18:56,417 - train_greyscale_FA_MoE.py - {'step': '119200', 'lr': '0.0002', 'total_loss': '0.0332987', 'main_loss': '0.0332987', 'time_per_step': '2.14418'}
2025-11-02 02:22:47,533 - train_greyscale_FA_MoE.py - {'step': '119300', 'lr': '0.0002', 'total_loss': '0.0332357', 'main_loss': '0.0332357', 'time_per_step': '2.25989'}
2025-11-02 02:26:38,711 - train_greyscale_FA_MoE.py - {'step': '119400', 'lr': '0.0002', 'total_loss': '0.03355', 'main_loss': '0.03355', 'time_per_step': '2.23684'}
2025-11-02 02:30:30,129 - train_greyscale_FA_MoE.py - {'step': '119500', 'lr': '0.0002', 'total_loss': '0.0248365', 'main_loss': '0.0248365', 'time_per_step': '2.23993'}
2025-11-02 02:34:20,610 - train_greyscale_FA_MoE.py - {'step': '119600', 'lr': '0.0002', 'total_loss': '0.0235079', 'main_loss': '0.0235079', 'time_per_step': '2.302'}
2025-11-02 02:38:11,022 - train_greyscale_FA_MoE.py - {'step': '119700', 'lr': '0.0002', 'total_loss': '0.0247962', 'main_loss': '0.0247962', 'time_per_step': '2.25037'}
2025-11-02 02:42:02,571 - train_greyscale_FA_MoE.py - {'step': '119800', 'lr': '0.0002', 'total_loss': '0.0336306', 'main_loss': '0.0336306', 'time_per_step': '2.23865'}
2025-11-02 02:45:53,726 - train_greyscale_FA_MoE.py - {'step': '119900', 'lr': '0.0002', 'total_loss': '0.0299686', 'main_loss': '0.0299686', 'time_per_step': '2.23863'}
2025-11-02 02:49:43,473 - train_greyscale_FA_MoE.py - {'step': '120000', 'lr': '0.0002', 'total_loss': '0.0294414', 'main_loss': '0.0294414', 'time_per_step': '2.22576'}
2025-11-02 02:53:34,439 - train_greyscale_FA_MoE.py - {'step': '120100', 'lr': '0.0002', 'total_loss': '0.0380492', 'main_loss': '0.0380492', 'time_per_step': '2.25705'}
2025-11-02 02:57:25,424 - train_greyscale_FA_MoE.py - {'step': '120200', 'lr': '0.0002', 'total_loss': '0.0329566', 'main_loss': '0.0329566', 'time_per_step': '2.2305'}
2025-11-02 03:01:16,786 - train_greyscale_FA_MoE.py - {'step': '120300', 'lr': '0.0002', 'total_loss': '0.0317361', 'main_loss': '0.0317361', 'time_per_step': '2.14032'}
2025-11-02 03:05:07,562 - train_greyscale_FA_MoE.py - {'step': '120400', 'lr': '0.0002', 'total_loss': '0.0371853', 'main_loss': '0.0371853', 'time_per_step': '2.25362'}
2025-11-02 03:08:57,976 - train_greyscale_FA_MoE.py - {'step': '120500', 'lr': '0.0002', 'total_loss': '0.0311565', 'main_loss': '0.0311565', 'time_per_step': '2.19143'}
2025-11-02 03:12:48,562 - train_greyscale_FA_MoE.py - {'step': '120600', 'lr': '0.0002', 'total_loss': '0.0307132', 'main_loss': '0.0307132', 'time_per_step': '2.24148'}
2025-11-02 03:16:38,582 - train_greyscale_FA_MoE.py - {'step': '120700', 'lr': '0.0002', 'total_loss': '0.0324932', 'main_loss': '0.0324932', 'time_per_step': '2.25138'}
2025-11-02 03:20:28,887 - train_greyscale_FA_MoE.py - {'step': '120800', 'lr': '0.0002', 'total_loss': '0.0346483', 'main_loss': '0.0346483', 'time_per_step': '2.21458'}
2025-11-02 03:24:19,035 - train_greyscale_FA_MoE.py - {'step': '120900', 'lr': '0.0002', 'total_loss': '0.0298298', 'main_loss': '0.0298298', 'time_per_step': '2.31492'}
2025-11-02 03:28:10,041 - train_greyscale_FA_MoE.py - {'step': '121000', 'lr': '0.0002', 'total_loss': '0.0316575', 'main_loss': '0.0316575', 'time_per_step': '2.25265'}
2025-11-02 03:32:01,674 - train_greyscale_FA_MoE.py - {'step': '121100', 'lr': '0.0002', 'total_loss': '0.0289375', 'main_loss': '0.0289375', 'time_per_step': '2.2935'}
2025-11-02 03:35:52,430 - train_greyscale_FA_MoE.py - {'step': '121200', 'lr': '0.0002', 'total_loss': '0.0303278', 'main_loss': '0.0303278', 'time_per_step': '2.22557'}
2025-11-02 03:39:43,124 - train_greyscale_FA_MoE.py - {'step': '121300', 'lr': '0.0002', 'total_loss': '0.0323085', 'main_loss': '0.0323085', 'time_per_step': '2.25652'}
2025-11-02 03:43:34,281 - train_greyscale_FA_MoE.py - {'step': '121400', 'lr': '0.0002', 'total_loss': '0.0365881', 'main_loss': '0.0365881', 'time_per_step': '2.24198'}
2025-11-02 03:47:25,528 - train_greyscale_FA_MoE.py - {'step': '121500', 'lr': '0.0002', 'total_loss': '0.0343923', 'main_loss': '0.0343923', 'time_per_step': '2.13857'}
2025-11-02 03:51:16,582 - train_greyscale_FA_MoE.py - {'step': '121600', 'lr': '0.0002', 'total_loss': '0.0353031', 'main_loss': '0.0353031', 'time_per_step': '2.1459'}
2025-11-02 03:55:07,230 - train_greyscale_FA_MoE.py - {'step': '121700', 'lr': '0.0002', 'total_loss': '0.0319899', 'main_loss': '0.0319899', 'time_per_step': '2.25435'}
2025-11-02 03:58:58,435 - train_greyscale_FA_MoE.py - {'step': '121800', 'lr': '0.0002', 'total_loss': '0.0282639', 'main_loss': '0.0282639', 'time_per_step': '2.25504'}
2025-11-02 04:02:48,873 - train_greyscale_FA_MoE.py - {'step': '121900', 'lr': '0.0002', 'total_loss': '0.0299588', 'main_loss': '0.0299588', 'time_per_step': '2.31116'}
2025-11-02 04:06:39,945 - train_greyscale_FA_MoE.py - {'step': '122000', 'lr': '0.0002', 'total_loss': '0.0341882', 'main_loss': '0.0341882', 'time_per_step': '2.22586'}
2025-11-02 04:10:29,783 - train_greyscale_FA_MoE.py - {'step': '122100', 'lr': '0.0002', 'total_loss': '0.0321783', 'main_loss': '0.0321783', 'time_per_step': '2.23716'}
2025-11-02 04:14:20,526 - train_greyscale_FA_MoE.py - {'step': '122200', 'lr': '0.0002', 'total_loss': '0.033703', 'main_loss': '0.033703', 'time_per_step': '2.27222'}
2025-11-02 04:18:11,482 - train_greyscale_FA_MoE.py - {'step': '122300', 'lr': '0.0002', 'total_loss': '0.0346476', 'main_loss': '0.0346476', 'time_per_step': '2.26405'}
2025-11-02 04:22:02,630 - train_greyscale_FA_MoE.py - {'step': '122400', 'lr': '0.0002', 'total_loss': '0.0299388', 'main_loss': '0.0299388', 'time_per_step': '2.23556'}
2025-11-02 04:25:52,895 - train_greyscale_FA_MoE.py - {'step': '122500', 'lr': '0.0002', 'total_loss': '0.0368217', 'main_loss': '0.0368217', 'time_per_step': '2.24751'}
2025-11-02 04:29:44,027 - train_greyscale_FA_MoE.py - {'step': '122600', 'lr': '0.0002', 'total_loss': '0.0341024', 'main_loss': '0.0341024', 'time_per_step': '2.23862'}
2025-11-02 04:33:35,193 - train_greyscale_FA_MoE.py - {'step': '122700', 'lr': '0.0002', 'total_loss': '0.0389429', 'main_loss': '0.0389429', 'time_per_step': '2.16143'}
2025-11-02 04:37:25,708 - train_greyscale_FA_MoE.py - {'step': '122800', 'lr': '0.0002', 'total_loss': '0.0298128', 'main_loss': '0.0298128', 'time_per_step': '2.13492'}
2025-11-02 04:41:17,662 - train_greyscale_FA_MoE.py - {'step': '122900', 'lr': '0.0002', 'total_loss': '0.0263493', 'main_loss': '0.0263493', 'time_per_step': '2.24189'}
2025-11-02 04:45:09,048 - train_greyscale_FA_MoE.py - {'step': '123000', 'lr': '0.0002', 'total_loss': '0.0311616', 'main_loss': '0.0311616', 'time_per_step': '2.23929'}
2025-11-02 04:49:00,037 - train_greyscale_FA_MoE.py - {'step': '123100', 'lr': '0.0002', 'total_loss': '0.0295478', 'main_loss': '0.0295478', 'time_per_step': '2.23279'}
2025-11-02 04:52:51,445 - train_greyscale_FA_MoE.py - {'step': '123200', 'lr': '0.0002', 'total_loss': '0.034984', 'main_loss': '0.034984', 'time_per_step': '2.25752'}
2025-11-02 04:56:42,459 - train_greyscale_FA_MoE.py - {'step': '123300', 'lr': '0.0002', 'total_loss': '0.0362348', 'main_loss': '0.0362348', 'time_per_step': '2.24315'}
2025-11-02 05:00:32,417 - train_greyscale_FA_MoE.py - {'step': '123400', 'lr': '0.0002', 'total_loss': '0.0341402', 'main_loss': '0.0341402', 'time_per_step': '2.21191'}
2025-11-02 05:04:23,841 - train_greyscale_FA_MoE.py - {'step': '123500', 'lr': '0.0002', 'total_loss': '0.0429436', 'main_loss': '0.0429436', 'time_per_step': '2.22366'}
2025-11-02 05:08:14,861 - train_greyscale_FA_MoE.py - {'step': '123600', 'lr': '0.0002', 'total_loss': '0.0252028', 'main_loss': '0.0252028', 'time_per_step': '2.23434'}
2025-11-02 05:12:06,100 - train_greyscale_FA_MoE.py - {'step': '123700', 'lr': '0.0002', 'total_loss': '0.0297193', 'main_loss': '0.0297193', 'time_per_step': '2.25351'}
2025-11-02 05:15:56,253 - train_greyscale_FA_MoE.py - {'step': '123800', 'lr': '0.0002', 'total_loss': '0.0302416', 'main_loss': '0.0302416', 'time_per_step': '2.25164'}
2025-11-02 05:19:47,045 - train_greyscale_FA_MoE.py - {'step': '123900', 'lr': '0.0002', 'total_loss': '0.0266933', 'main_loss': '0.0266933', 'time_per_step': '2.14521'}
2025-11-02 05:23:36,918 - train_greyscale_FA_MoE.py - {'step': '124000', 'lr': '0.0002', 'total_loss': '0.0314709', 'main_loss': '0.0314709', 'time_per_step': '2.15315'}
2025-11-02 05:27:28,085 - train_greyscale_FA_MoE.py - {'step': '124100', 'lr': '0.0002', 'total_loss': '0.0391094', 'main_loss': '0.0391094', 'time_per_step': '2.24019'}
2025-11-02 05:31:18,230 - train_greyscale_FA_MoE.py - {'step': '124200', 'lr': '0.0002', 'total_loss': '0.0346487', 'main_loss': '0.0346487', 'time_per_step': '2.25991'}
2025-11-02 05:35:08,443 - train_greyscale_FA_MoE.py - {'step': '124300', 'lr': '0.0002', 'total_loss': '0.02679', 'main_loss': '0.02679', 'time_per_step': '2.22111'}
2025-11-02 05:38:59,953 - train_greyscale_FA_MoE.py - {'step': '124400', 'lr': '0.0002', 'total_loss': '0.0325176', 'main_loss': '0.0325176', 'time_per_step': '2.24458'}
2025-11-02 05:42:51,456 - train_greyscale_FA_MoE.py - {'step': '124500', 'lr': '0.0002', 'total_loss': '0.0322434', 'main_loss': '0.0322434', 'time_per_step': '2.28403'}
2025-11-02 05:46:41,395 - train_greyscale_FA_MoE.py - {'step': '124600', 'lr': '0.0002', 'total_loss': '0.0313716', 'main_loss': '0.0313716', 'time_per_step': '2.25511'}
2025-11-02 05:50:32,368 - train_greyscale_FA_MoE.py - {'step': '124700', 'lr': '0.0002', 'total_loss': '0.0285432', 'main_loss': '0.0285432', 'time_per_step': '2.23908'}
2025-11-02 05:54:23,513 - train_greyscale_FA_MoE.py - {'step': '124800', 'lr': '0.0002', 'total_loss': '0.0354092', 'main_loss': '0.0354092', 'time_per_step': '2.22964'}
2025-11-02 05:58:14,618 - train_greyscale_FA_MoE.py - {'step': '124900', 'lr': '0.0002', 'total_loss': '0.0278666', 'main_loss': '0.0278666', 'time_per_step': '2.25111'}
2025-11-02 06:02:04,761 - train_greyscale_FA_MoE.py - {'step': '125000', 'lr': '0.0002', 'total_loss': '0.0232469', 'main_loss': '0.0232469', 'time_per_step': '2.26324'}
2025-11-02 06:02:04,763 - train_greyscale_FA_MoE.py - Save a grid of 16 samples into output/acdc_wholeheart_uncond_fa_ec_moe_greyscale_uvit_mid_4by4_l6r9_minmax/samples/125000.png by DPM-Solver
2025-11-02 06:02:10,910 - train_greyscale_FA_MoE.py - Saved sample grid image to output/acdc_wholeheart_uncond_fa_ec_moe_greyscale_uvit_mid_4by4_l6r9_minmax/samples/125000.png
2025-11-02 06:02:11,311 - train_greyscale_FA_MoE.py - Save and eval checkpoint 125000...
2025-11-02 10:14:22,465 - train_greyscale_FA_MoE.py - ckpt_root: output/acdc_wholeheart_uncond_fa_ec_moe_greyscale_uvit_mid_4by4_l6r9_minmax/ckpts
dataset:
  SNR_scale: 4.0
  Y_bound: !!python/tuple
  - 774.0
  Y_entropy: !!python/tuple
  - 5.287
  - 2.936
  - 3.005
  - 1.94
  - 2.216
  - 1.866
  - 1.186
  - 1.561
  - 1.581
  - 1.169
  - 1.024
  - 1.252
  - 1.071
  - 1.0
  - 1.0
  - 1.0
  Y_max: !!python/tuple
  - 774.0
  - 112.375
  - 125.812
  - 49.0
  - 58.5
  - 46.5
  - 20.344
  - 32.906
  - 33.406
  - 19.953
  - 15.953
  - 22.0
  - 16.984
  - 12.812
  - 11.68
  - 7.461
  Y_mean: !!python/tuple
  - 241.045
  - -0.725
  - 0.44
  - 0.107
  - 0.009
  - 0.154
  - -0.057
  - 0.0
  - -0.008
  - 0.019
  - 0.009
  - -0.012
  - 0.005
  - 0.002
  - 0.004
  - -0.002
  Y_min: !!python/tuple
  - 9.5
  - -119.312
  - -122.375
  - -51.25
  - -58.906
  - -49.5
  - -20.688
  - -32.906
  - -33.094
  - -19.891
  - -15.891
  - -21.75
  - -16.969
  - -12.773
  - -11.648
  - -7.492
  Y_std: !!python/tuple
  - 182.467
  - 32.821
  - 34.996
  - 14.001
  - 17.621
  - 13.189
  - 5.79
  - 9.609
  - 9.805
  - 5.652
  - 4.634
  - 6.502
  - 4.963
  - 3.796
  - 3.44
  - 2.178
  block_sz: 4
  dataset_type: wholeheart
  frequency_aware_tokens: true
  greyscale: true
  low_freqs: 12
  name: acdc_uncond
  num_fa_length: 6
  num_fa_repeats: 9
  num_fa_repeats_x: 3
  num_fa_repeats_y: 3
  path: data/scratch/datasets/ACDC/Unlabeled/Wholeheart
  resolution: 96
  reweight: true
  reweight_dim: -1
  tempature: 1.0
  tokens: 128
  tokenwise_normalization: minmax
lr_scheduler:
  name: customized
  warmup_steps: 5000
mixed_precision: 'no'
name: acdc_wholeheart_uncond_uvit_FA_EC_MoE_greyscale_mid_4by4
nnet:
  MoE:
    aux_loss_alpha: 0.0
    depth: 1
    noise_eps: 0.01
    num_experts: 4
    router: topk
    top_k: 2
    type: ecmoe
  depth: 16
  embed_dim: 768
  in_chans: 54
  low_freqs: 12
  mlp_ratio: 4
  mlp_time_embed: true
  name: uvit_greyscale_moe
  num_classes: -1
  num_heads: 12
  qkv_bias: false
  tokens: 128
  use_moe: true
optimizer:
  betas: !!python/tuple
  - 0.99
  - 0.99
  lr: 0.0002
  name: adamw
  weight_decay: 0.03
pred: noise_pred
private:
  accountant: prv
  dp_method: dpsgd
  max_grad_norm: 1.0
  noise_multiplier: 0.5
  secure_mode: false
  target_delta: 1.0e-05
  target_epsilon: 10
  use_dp: false
sample:
  algorithm: euler_maruyama_ode
  mini_batch_size: 500
  n_samples: 50000
  path: data/scratch/samples
  sample_steps: 100
  save_npz: ''
  save_start: 20000
sample_dir: output/acdc_wholeheart_uncond_fa_ec_moe_greyscale_uvit_mid_4by4_l6r9_minmax/samples
seed: 1234
train:
  batch_size: 512
  eval_interval: 25000
  log_interval: 100
  mode: uncond
  n_steps: 500000
  save_interval: 25000
workdir: output/acdc_wholeheart_uncond_fa_ec_moe_greyscale_uvit_mid_4by4_l6r9_minmax

2025-11-02 10:14:22,664 - train_greyscale_FA_MoE.py - dataset samples: 25023
2025-11-02 10:14:22,664 - train_greyscale_FA_MoE.py - Using minmax for positional token normalization
2025-11-02 10:14:31,367 - utils.py - nnet has 163145526 parameters
2025-11-02 10:14:31,972 - utils.py - resume from output/acdc_wholeheart_uncond_fa_ec_moe_greyscale_uvit_mid_4by4_l6r9_minmax/ckpts/125000.ckpt
2025-11-02 10:14:31,972 - utils.py - load from output/acdc_wholeheart_uncond_fa_ec_moe_greyscale_uvit_mid_4by4_l6r9_minmax/ckpts/125000.ckpt
2025-11-02 10:14:41,526 - train_greyscale_FA_MoE.py - using [5.287 2.936 3.005 1.94  2.216 1.866 1.186 1.561 1.581 1.169 1.024 1.252
 1.071 1.    1.    1.   ] for loss reweighting
2025-11-02 10:14:41,532 - train_greyscale_FA_MoE.py - Using temperature 1.0 for loss reweighting
2025-11-02 10:14:41,562 - train_greyscale_FA_MoE.py - Start fitting, step=125000, mixed_precision=no
2025-11-02 10:18:55,228 - train_greyscale_FA_MoE.py - {'step': '125100', 'lr': '0.0002', 'total_loss': '0.0252477', 'main_loss': '0.0252477', 'time_per_step': '2.22128'}
2025-11-02 10:22:46,530 - train_greyscale_FA_MoE.py - {'step': '125200', 'lr': '0.0002', 'total_loss': '0.0260825', 'main_loss': '0.0260825', 'time_per_step': '2.24851'}
2025-11-02 10:26:37,114 - train_greyscale_FA_MoE.py - {'step': '125300', 'lr': '0.0002', 'total_loss': '0.0301751', 'main_loss': '0.0301751', 'time_per_step': '2.23817'}
2025-11-02 10:30:28,475 - train_greyscale_FA_MoE.py - {'step': '125400', 'lr': '0.0002', 'total_loss': '0.0330419', 'main_loss': '0.0330419', 'time_per_step': '2.23694'}
2025-11-02 10:34:18,577 - train_greyscale_FA_MoE.py - {'step': '125500', 'lr': '0.0002', 'total_loss': '0.0321776', 'main_loss': '0.0321776', 'time_per_step': '2.24899'}
2025-11-02 10:38:09,718 - train_greyscale_FA_MoE.py - {'step': '125600', 'lr': '0.0002', 'total_loss': '0.0307852', 'main_loss': '0.0307852', 'time_per_step': '2.24794'}
2025-11-02 10:42:02,154 - train_greyscale_FA_MoE.py - {'step': '125700', 'lr': '0.0002', 'total_loss': '0.0330659', 'main_loss': '0.0330659', 'time_per_step': '2.25157'}
2025-11-02 10:45:53,298 - train_greyscale_FA_MoE.py - {'step': '125800', 'lr': '0.0002', 'total_loss': '0.0277868', 'main_loss': '0.0277868', 'time_per_step': '2.30691'}
2025-11-02 10:49:43,692 - train_greyscale_FA_MoE.py - {'step': '125900', 'lr': '0.0002', 'total_loss': '0.0308695', 'main_loss': '0.0308695', 'time_per_step': '2.23602'}
2025-11-02 10:53:34,770 - train_greyscale_FA_MoE.py - {'step': '126000', 'lr': '0.0002', 'total_loss': '0.0308218', 'main_loss': '0.0308218', 'time_per_step': '2.23689'}
2025-11-02 10:57:25,758 - train_greyscale_FA_MoE.py - {'step': '126100', 'lr': '0.0002', 'total_loss': '0.0309771', 'main_loss': '0.0309771', 'time_per_step': '2.13884'}
2025-11-02 11:01:15,997 - train_greyscale_FA_MoE.py - {'step': '126200', 'lr': '0.0002', 'total_loss': '0.0426261', 'main_loss': '0.0426261', 'time_per_step': '2.24111'}
2025-11-02 11:05:07,007 - train_greyscale_FA_MoE.py - {'step': '126300', 'lr': '0.0002', 'total_loss': '0.0333562', 'main_loss': '0.0333562', 'time_per_step': '2.24503'}
2025-11-02 11:08:57,704 - train_greyscale_FA_MoE.py - {'step': '126400', 'lr': '0.0002', 'total_loss': '0.0361495', 'main_loss': '0.0361495', 'time_per_step': '2.24329'}
2025-11-02 11:12:49,555 - train_greyscale_FA_MoE.py - {'step': '126500', 'lr': '0.0002', 'total_loss': '0.0311457', 'main_loss': '0.0311457', 'time_per_step': '2.27884'}
2025-11-02 11:16:40,122 - train_greyscale_FA_MoE.py - {'step': '126600', 'lr': '0.0002', 'total_loss': '0.0309432', 'main_loss': '0.0309432', 'time_per_step': '2.29556'}
2025-11-02 11:20:30,134 - train_greyscale_FA_MoE.py - {'step': '126700', 'lr': '0.0002', 'total_loss': '0.040931', 'main_loss': '0.040931', 'time_per_step': '2.23126'}
2025-11-02 11:24:21,007 - train_greyscale_FA_MoE.py - {'step': '126800', 'lr': '0.0002', 'total_loss': '0.0278504', 'main_loss': '0.0278504', 'time_per_step': '2.21908'}
2025-11-02 11:28:12,197 - train_greyscale_FA_MoE.py - {'step': '126900', 'lr': '0.0002', 'total_loss': '0.0246453', 'main_loss': '0.0246453', 'time_per_step': '2.24267'}
2025-11-02 11:32:03,672 - train_greyscale_FA_MoE.py - {'step': '127000', 'lr': '0.0002', 'total_loss': '0.0242339', 'main_loss': '0.0242339', 'time_per_step': '2.25141'}
2025-11-02 11:35:54,089 - train_greyscale_FA_MoE.py - {'step': '127100', 'lr': '0.0002', 'total_loss': '0.030057', 'main_loss': '0.030057', 'time_per_step': '2.28475'}
2025-11-02 11:39:45,343 - train_greyscale_FA_MoE.py - {'step': '127200', 'lr': '0.0002', 'total_loss': '0.0321038', 'main_loss': '0.0321038', 'time_per_step': '2.2243'}
2025-11-02 11:43:36,522 - train_greyscale_FA_MoE.py - {'step': '127300', 'lr': '0.0002', 'total_loss': '0.0305047', 'main_loss': '0.0305047', 'time_per_step': '2.14381'}
2025-11-02 11:47:27,275 - train_greyscale_FA_MoE.py - {'step': '127400', 'lr': '0.0002', 'total_loss': '0.0333507', 'main_loss': '0.0333507', 'time_per_step': '2.13094'}
2025-11-02 11:51:19,141 - train_greyscale_FA_MoE.py - {'step': '127500', 'lr': '0.0002', 'total_loss': '0.0303034', 'main_loss': '0.0303034', 'time_per_step': '2.22633'}
2025-11-02 11:55:09,181 - train_greyscale_FA_MoE.py - {'step': '127600', 'lr': '0.0002', 'total_loss': '0.027673', 'main_loss': '0.027673', 'time_per_step': '2.24521'}
2025-11-02 11:59:00,312 - train_greyscale_FA_MoE.py - {'step': '127700', 'lr': '0.0002', 'total_loss': '0.0230553', 'main_loss': '0.0230553', 'time_per_step': '2.26567'}
2025-11-02 12:02:50,895 - train_greyscale_FA_MoE.py - {'step': '127800', 'lr': '0.0002', 'total_loss': '0.0359214', 'main_loss': '0.0359214', 'time_per_step': '2.23103'}
2025-11-02 12:06:42,115 - train_greyscale_FA_MoE.py - {'step': '127900', 'lr': '0.0002', 'total_loss': '0.0302188', 'main_loss': '0.0302188', 'time_per_step': '2.24004'}
2025-11-02 12:10:32,217 - train_greyscale_FA_MoE.py - {'step': '128000', 'lr': '0.0002', 'total_loss': '0.0315471', 'main_loss': '0.0315471', 'time_per_step': '2.23818'}
2025-11-02 12:14:23,727 - train_greyscale_FA_MoE.py - {'step': '128100', 'lr': '0.0002', 'total_loss': '0.033902', 'main_loss': '0.033902', 'time_per_step': '2.30421'}
2025-11-02 12:18:14,161 - train_greyscale_FA_MoE.py - {'step': '128200', 'lr': '0.0002', 'total_loss': '0.0332514', 'main_loss': '0.0332514', 'time_per_step': '2.24353'}
2025-11-02 12:22:05,676 - train_greyscale_FA_MoE.py - {'step': '128300', 'lr': '0.0002', 'total_loss': '0.038148', 'main_loss': '0.038148', 'time_per_step': '2.24155'}
2025-11-02 12:25:56,128 - train_greyscale_FA_MoE.py - {'step': '128400', 'lr': '0.0002', 'total_loss': '0.0323026', 'main_loss': '0.0323026', 'time_per_step': '2.24384'}
2025-11-02 12:29:47,613 - train_greyscale_FA_MoE.py - {'step': '128500', 'lr': '0.0002', 'total_loss': '0.0352243', 'main_loss': '0.0352243', 'time_per_step': '2.15211'}
2025-11-02 12:33:38,251 - train_greyscale_FA_MoE.py - {'step': '128600', 'lr': '0.0002', 'total_loss': '0.0380004', 'main_loss': '0.0380004', 'time_per_step': '2.11668'}
2025-11-02 12:37:30,314 - train_greyscale_FA_MoE.py - {'step': '128700', 'lr': '0.0002', 'total_loss': '0.0274128', 'main_loss': '0.0274128', 'time_per_step': '2.26184'}
2025-11-02 12:41:21,085 - train_greyscale_FA_MoE.py - {'step': '128800', 'lr': '0.0002', 'total_loss': '0.0380938', 'main_loss': '0.0380938', 'time_per_step': '2.25658'}
2025-11-02 12:45:12,158 - train_greyscale_FA_MoE.py - {'step': '128900', 'lr': '0.0002', 'total_loss': '0.0280718', 'main_loss': '0.0280718', 'time_per_step': '2.25339'}
2025-11-02 12:49:03,250 - train_greyscale_FA_MoE.py - {'step': '129000', 'lr': '0.0002', 'total_loss': '0.0312295', 'main_loss': '0.0312295', 'time_per_step': '2.22563'}
2025-11-02 12:52:54,879 - train_greyscale_FA_MoE.py - {'step': '129100', 'lr': '0.0002', 'total_loss': '0.0332497', 'main_loss': '0.0332497', 'time_per_step': '2.25561'}
2025-11-02 12:56:45,624 - train_greyscale_FA_MoE.py - {'step': '129200', 'lr': '0.0002', 'total_loss': '0.0327603', 'main_loss': '0.0327603', 'time_per_step': '2.26361'}
2025-11-02 13:00:36,753 - train_greyscale_FA_MoE.py - {'step': '129300', 'lr': '0.0002', 'total_loss': '0.0316595', 'main_loss': '0.0316595', 'time_per_step': '2.20908'}
2025-11-02 13:04:27,995 - train_greyscale_FA_MoE.py - {'step': '129400', 'lr': '0.0002', 'total_loss': '0.0317818', 'main_loss': '0.0317818', 'time_per_step': '2.25923'}
2025-11-02 13:08:18,608 - train_greyscale_FA_MoE.py - {'step': '129500', 'lr': '0.0002', 'total_loss': '0.0345425', 'main_loss': '0.0345425', 'time_per_step': '2.23669'}
2025-11-02 13:12:09,703 - train_greyscale_FA_MoE.py - {'step': '129600', 'lr': '0.0002', 'total_loss': '0.0297376', 'main_loss': '0.0297376', 'time_per_step': '2.24657'}
2025-11-02 13:15:59,999 - train_greyscale_FA_MoE.py - {'step': '129700', 'lr': '0.0002', 'total_loss': '0.0303924', 'main_loss': '0.0303924', 'time_per_step': '2.13959'}
2025-11-02 13:19:50,760 - train_greyscale_FA_MoE.py - {'step': '129800', 'lr': '0.0002', 'total_loss': '0.0286885', 'main_loss': '0.0286885', 'time_per_step': '2.1879'}
2025-11-02 13:23:42,047 - train_greyscale_FA_MoE.py - {'step': '129900', 'lr': '0.0002', 'total_loss': '0.0269517', 'main_loss': '0.0269517', 'time_per_step': '2.24524'}
2025-11-02 13:27:33,201 - train_greyscale_FA_MoE.py - {'step': '130000', 'lr': '0.0002', 'total_loss': '0.0335989', 'main_loss': '0.0335989', 'time_per_step': '2.28098'}
2025-11-02 13:31:23,484 - train_greyscale_FA_MoE.py - {'step': '130100', 'lr': '0.0002', 'total_loss': '0.0313828', 'main_loss': '0.0313828', 'time_per_step': '2.36326'}
2025-11-02 13:35:14,606 - train_greyscale_FA_MoE.py - {'step': '130200', 'lr': '0.0002', 'total_loss': '0.0301783', 'main_loss': '0.0301783', 'time_per_step': '2.19835'}
2025-11-02 13:39:05,359 - train_greyscale_FA_MoE.py - {'step': '130300', 'lr': '0.0002', 'total_loss': '0.0285803', 'main_loss': '0.0285803', 'time_per_step': '2.21587'}
2025-11-02 13:42:57,749 - train_greyscale_FA_MoE.py - {'step': '130400', 'lr': '0.0002', 'total_loss': '0.0294771', 'main_loss': '0.0294771', 'time_per_step': '2.22117'}
2025-11-02 13:46:48,059 - train_greyscale_FA_MoE.py - {'step': '130500', 'lr': '0.0002', 'total_loss': '0.0303643', 'main_loss': '0.0303643', 'time_per_step': '2.22668'}
2025-11-02 13:50:39,389 - train_greyscale_FA_MoE.py - {'step': '130600', 'lr': '0.0002', 'total_loss': '0.0345691', 'main_loss': '0.0345691', 'time_per_step': '2.24889'}
2025-11-02 13:54:30,911 - train_greyscale_FA_MoE.py - {'step': '130700', 'lr': '0.0002', 'total_loss': '0.0302176', 'main_loss': '0.0302176', 'time_per_step': '2.26491'}
2025-11-02 13:58:21,531 - train_greyscale_FA_MoE.py - {'step': '130800', 'lr': '0.0002', 'total_loss': '0.0265595', 'main_loss': '0.0265595', 'time_per_step': '2.24296'}
2025-11-02 14:02:11,397 - train_greyscale_FA_MoE.py - {'step': '130900', 'lr': '0.0002', 'total_loss': '0.0325782', 'main_loss': '0.0325782', 'time_per_step': '2.15388'}
2025-11-02 14:06:02,560 - train_greyscale_FA_MoE.py - {'step': '131000', 'lr': '0.0002', 'total_loss': '0.0381974', 'main_loss': '0.0381974', 'time_per_step': '2.13056'}
2025-11-02 14:09:54,902 - train_greyscale_FA_MoE.py - {'step': '131100', 'lr': '0.0002', 'total_loss': '0.0272942', 'main_loss': '0.0272942', 'time_per_step': '2.26047'}
2025-11-02 14:13:46,261 - train_greyscale_FA_MoE.py - {'step': '131200', 'lr': '0.0002', 'total_loss': '0.0331063', 'main_loss': '0.0331063', 'time_per_step': '2.2526'}
2025-11-02 14:17:36,757 - train_greyscale_FA_MoE.py - {'step': '131300', 'lr': '0.0002', 'total_loss': '0.032085', 'main_loss': '0.032085', 'time_per_step': '2.23834'}
2025-11-02 14:21:27,597 - train_greyscale_FA_MoE.py - {'step': '131400', 'lr': '0.0002', 'total_loss': '0.0275255', 'main_loss': '0.0275255', 'time_per_step': '2.20131'}
2025-11-02 14:25:18,582 - train_greyscale_FA_MoE.py - {'step': '131500', 'lr': '0.0002', 'total_loss': '0.029699', 'main_loss': '0.029699', 'time_per_step': '2.21237'}
2025-11-02 14:29:10,148 - train_greyscale_FA_MoE.py - {'step': '131600', 'lr': '0.0002', 'total_loss': '0.0294726', 'main_loss': '0.0294726', 'time_per_step': '2.29702'}
2025-11-02 14:33:00,300 - train_greyscale_FA_MoE.py - {'step': '131700', 'lr': '0.0002', 'total_loss': '0.0235001', 'main_loss': '0.0235001', 'time_per_step': '2.21687'}
2025-11-02 14:36:51,010 - train_greyscale_FA_MoE.py - {'step': '131800', 'lr': '0.0002', 'total_loss': '0.0343851', 'main_loss': '0.0343851', 'time_per_step': '2.2555'}
2025-11-02 14:40:42,866 - train_greyscale_FA_MoE.py - {'step': '131900', 'lr': '0.0002', 'total_loss': '0.0305414', 'main_loss': '0.0305414', 'time_per_step': '2.25539'}
2025-11-02 14:44:34,528 - train_greyscale_FA_MoE.py - {'step': '132000', 'lr': '0.0002', 'total_loss': '0.0293681', 'main_loss': '0.0293681', 'time_per_step': '2.22626'}
2025-11-02 14:48:25,861 - train_greyscale_FA_MoE.py - {'step': '132100', 'lr': '0.0002', 'total_loss': '0.0288651', 'main_loss': '0.0288651', 'time_per_step': '2.13235'}
2025-11-02 14:52:15,659 - train_greyscale_FA_MoE.py - {'step': '132200', 'lr': '0.0002', 'total_loss': '0.0309035', 'main_loss': '0.0309035', 'time_per_step': '2.30368'}
2025-11-02 14:56:07,190 - train_greyscale_FA_MoE.py - {'step': '132300', 'lr': '0.0002', 'total_loss': '0.0302927', 'main_loss': '0.0302927', 'time_per_step': '2.19348'}
2025-11-02 14:59:57,829 - train_greyscale_FA_MoE.py - {'step': '132400', 'lr': '0.0002', 'total_loss': '0.0331147', 'main_loss': '0.0331147', 'time_per_step': '2.25524'}
2025-11-02 15:03:48,060 - train_greyscale_FA_MoE.py - {'step': '132500', 'lr': '0.0002', 'total_loss': '0.0256418', 'main_loss': '0.0256418', 'time_per_step': '2.22961'}
2025-11-02 15:07:38,760 - train_greyscale_FA_MoE.py - {'step': '132600', 'lr': '0.0002', 'total_loss': '0.0277524', 'main_loss': '0.0277524', 'time_per_step': '2.22854'}
2025-11-02 15:11:30,176 - train_greyscale_FA_MoE.py - {'step': '132700', 'lr': '0.0002', 'total_loss': '0.030302', 'main_loss': '0.030302', 'time_per_step': '2.24709'}
2025-11-02 15:15:20,852 - train_greyscale_FA_MoE.py - {'step': '132800', 'lr': '0.0002', 'total_loss': '0.0283745', 'main_loss': '0.0283745', 'time_per_step': '2.23389'}
2025-11-02 15:19:11,434 - train_greyscale_FA_MoE.py - {'step': '132900', 'lr': '0.0002', 'total_loss': '0.0384106', 'main_loss': '0.0384106', 'time_per_step': '2.22765'}
2025-11-02 15:23:01,540 - train_greyscale_FA_MoE.py - {'step': '133000', 'lr': '0.0002', 'total_loss': '0.0308467', 'main_loss': '0.0308467', 'time_per_step': '2.20973'}
2025-11-02 15:26:50,111 - train_greyscale_FA_MoE.py - {'step': '133100', 'lr': '0.0002', 'total_loss': '0.0256752', 'main_loss': '0.0256752', 'time_per_step': '2.2433'}
2025-11-02 15:30:39,717 - train_greyscale_FA_MoE.py - {'step': '133200', 'lr': '0.0002', 'total_loss': '0.0304071', 'main_loss': '0.0304071', 'time_per_step': '2.205'}
2025-11-02 15:34:30,238 - train_greyscale_FA_MoE.py - {'step': '133300', 'lr': '0.0002', 'total_loss': '0.0335049', 'main_loss': '0.0335049', 'time_per_step': '2.13277'}
2025-11-02 15:38:20,429 - train_greyscale_FA_MoE.py - {'step': '133400', 'lr': '0.0002', 'total_loss': '0.0339563', 'main_loss': '0.0339563', 'time_per_step': '2.13703'}
2025-11-02 15:42:13,087 - train_greyscale_FA_MoE.py - {'step': '133500', 'lr': '0.0002', 'total_loss': '0.0346515', 'main_loss': '0.0346515', 'time_per_step': '2.25004'}
2025-11-02 15:46:03,513 - train_greyscale_FA_MoE.py - {'step': '133600', 'lr': '0.0002', 'total_loss': '0.0308843', 'main_loss': '0.0308843', 'time_per_step': '2.24022'}
2025-11-02 15:49:53,876 - train_greyscale_FA_MoE.py - {'step': '133700', 'lr': '0.0002', 'total_loss': '0.0321166', 'main_loss': '0.0321166', 'time_per_step': '2.30634'}
2025-11-02 15:53:44,002 - train_greyscale_FA_MoE.py - {'step': '133800', 'lr': '0.0002', 'total_loss': '0.0355729', 'main_loss': '0.0355729', 'time_per_step': '2.22374'}
2025-11-02 15:57:34,409 - train_greyscale_FA_MoE.py - {'step': '133900', 'lr': '0.0002', 'total_loss': '0.0261737', 'main_loss': '0.0261737', 'time_per_step': '2.26605'}
2025-11-02 16:01:25,579 - train_greyscale_FA_MoE.py - {'step': '134000', 'lr': '0.0002', 'total_loss': '0.0229455', 'main_loss': '0.0229455', 'time_per_step': '2.23313'}
2025-11-02 16:05:16,903 - train_greyscale_FA_MoE.py - {'step': '134100', 'lr': '0.0002', 'total_loss': '0.0295083', 'main_loss': '0.0295083', 'time_per_step': '2.2302'}
2025-11-02 16:09:07,173 - train_greyscale_FA_MoE.py - {'step': '134200', 'lr': '0.0002', 'total_loss': '0.0371185', 'main_loss': '0.0371185', 'time_per_step': '2.25113'}
2025-11-02 16:12:58,290 - train_greyscale_FA_MoE.py - {'step': '134300', 'lr': '0.0002', 'total_loss': '0.0334626', 'main_loss': '0.0334626', 'time_per_step': '2.25216'}
2025-11-02 16:16:49,038 - train_greyscale_FA_MoE.py - {'step': '134400', 'lr': '0.0002', 'total_loss': '0.0272983', 'main_loss': '0.0272983', 'time_per_step': '2.2248'}
2025-11-02 16:20:39,225 - train_greyscale_FA_MoE.py - {'step': '134500', 'lr': '0.0002', 'total_loss': '0.0354002', 'main_loss': '0.0354002', 'time_per_step': '2.15094'}
2025-11-02 16:24:28,980 - train_greyscale_FA_MoE.py - {'step': '134600', 'lr': '0.0002', 'total_loss': '0.0338395', 'main_loss': '0.0338395', 'time_per_step': '2.13828'}
2025-11-02 16:28:20,071 - train_greyscale_FA_MoE.py - {'step': '134700', 'lr': '0.0002', 'total_loss': '0.0372469', 'main_loss': '0.0372469', 'time_per_step': '2.23391'}
2025-11-02 16:32:11,283 - train_greyscale_FA_MoE.py - {'step': '134800', 'lr': '0.0002', 'total_loss': '0.0260677', 'main_loss': '0.0260677', 'time_per_step': '2.2384'}
2025-11-02 16:36:03,058 - train_greyscale_FA_MoE.py - {'step': '134900', 'lr': '0.0002', 'total_loss': '0.0293939', 'main_loss': '0.0293939', 'time_per_step': '2.27588'}
2025-11-02 16:39:55,375 - train_greyscale_FA_MoE.py - {'step': '135000', 'lr': '0.0002', 'total_loss': '0.024682', 'main_loss': '0.024682', 'time_per_step': '3.48321'}
2025-11-02 16:43:45,668 - train_greyscale_FA_MoE.py - {'step': '135100', 'lr': '0.0002', 'total_loss': '0.0379408', 'main_loss': '0.0379408', 'time_per_step': '2.24118'}
2025-11-02 16:47:36,177 - train_greyscale_FA_MoE.py - {'step': '135200', 'lr': '0.0002', 'total_loss': '0.0358388', 'main_loss': '0.0358388', 'time_per_step': '2.23401'}
2025-11-02 16:51:27,492 - train_greyscale_FA_MoE.py - {'step': '135300', 'lr': '0.0002', 'total_loss': '0.0259544', 'main_loss': '0.0259544', 'time_per_step': '2.23629'}
2025-11-02 16:55:18,980 - train_greyscale_FA_MoE.py - {'step': '135400', 'lr': '0.0002', 'total_loss': '0.0360247', 'main_loss': '0.0360247', 'time_per_step': '2.24527'}
2025-11-02 16:59:08,872 - train_greyscale_FA_MoE.py - {'step': '135500', 'lr': '0.0002', 'total_loss': '0.0264169', 'main_loss': '0.0264169', 'time_per_step': '2.24165'}
2025-11-02 17:03:00,234 - train_greyscale_FA_MoE.py - {'step': '135600', 'lr': '0.0002', 'total_loss': '0.0301723', 'main_loss': '0.0301723', 'time_per_step': '2.2535'}
2025-11-02 17:06:51,322 - train_greyscale_FA_MoE.py - {'step': '135700', 'lr': '0.0002', 'total_loss': '0.0331838', 'main_loss': '0.0331838', 'time_per_step': '2.12688'}
2025-11-02 17:10:41,921 - train_greyscale_FA_MoE.py - {'step': '135800', 'lr': '0.0002', 'total_loss': '0.0338534', 'main_loss': '0.0338534', 'time_per_step': '2.15852'}
2025-11-02 17:14:33,020 - train_greyscale_FA_MoE.py - {'step': '135900', 'lr': '0.0002', 'total_loss': '0.0323359', 'main_loss': '0.0323359', 'time_per_step': '2.20642'}
2025-11-02 17:18:23,267 - train_greyscale_FA_MoE.py - {'step': '136000', 'lr': '0.0002', 'total_loss': '0.0427495', 'main_loss': '0.0427495', 'time_per_step': '2.3018'}
2025-11-02 17:22:13,341 - train_greyscale_FA_MoE.py - {'step': '136100', 'lr': '0.0002', 'total_loss': '0.0281712', 'main_loss': '0.0281712', 'time_per_step': '2.21947'}
2025-11-02 17:26:04,891 - train_greyscale_FA_MoE.py - {'step': '136200', 'lr': '0.0002', 'total_loss': '0.0332073', 'main_loss': '0.0332073', 'time_per_step': '2.21985'}
2025-11-02 17:29:54,931 - train_greyscale_FA_MoE.py - {'step': '136300', 'lr': '0.0002', 'total_loss': '0.0303579', 'main_loss': '0.0303579', 'time_per_step': '2.23762'}
2025-11-02 17:33:45,989 - train_greyscale_FA_MoE.py - {'step': '136400', 'lr': '0.0002', 'total_loss': '0.0349851', 'main_loss': '0.0349851', 'time_per_step': '2.22852'}
2025-11-02 17:37:36,983 - train_greyscale_FA_MoE.py - {'step': '136500', 'lr': '0.0002', 'total_loss': '0.0380416', 'main_loss': '0.0380416', 'time_per_step': '2.24952'}
2025-11-02 17:41:29,026 - train_greyscale_FA_MoE.py - {'step': '136600', 'lr': '0.0002', 'total_loss': '0.0333272', 'main_loss': '0.0333272', 'time_per_step': '2.25531'}
2025-11-02 17:45:19,104 - train_greyscale_FA_MoE.py - {'step': '136700', 'lr': '0.0002', 'total_loss': '0.0315044', 'main_loss': '0.0315044', 'time_per_step': '2.23162'}
2025-11-02 17:49:10,713 - train_greyscale_FA_MoE.py - {'step': '136800', 'lr': '0.0002', 'total_loss': '0.0341411', 'main_loss': '0.0341411', 'time_per_step': '2.25722'}
2025-11-02 17:53:02,026 - train_greyscale_FA_MoE.py - {'step': '136900', 'lr': '0.0002', 'total_loss': '0.0311973', 'main_loss': '0.0311973', 'time_per_step': '2.15235'}
2025-11-02 17:56:52,573 - train_greyscale_FA_MoE.py - {'step': '137000', 'lr': '0.0002', 'total_loss': '0.0341315', 'main_loss': '0.0341315', 'time_per_step': '2.17087'}
2025-11-02 18:00:43,552 - train_greyscale_FA_MoE.py - {'step': '137100', 'lr': '0.0002', 'total_loss': '0.021683', 'main_loss': '0.021683', 'time_per_step': '2.26155'}
2025-11-02 18:04:34,523 - train_greyscale_FA_MoE.py - {'step': '137200', 'lr': '0.0002', 'total_loss': '0.0349552', 'main_loss': '0.0349552', 'time_per_step': '2.23088'}
2025-11-02 18:08:25,580 - train_greyscale_FA_MoE.py - {'step': '137300', 'lr': '0.0002', 'total_loss': '0.0302155', 'main_loss': '0.0302155', 'time_per_step': '2.25518'}
2025-11-02 18:12:16,725 - train_greyscale_FA_MoE.py - {'step': '137400', 'lr': '0.0002', 'total_loss': '0.0305701', 'main_loss': '0.0305701', 'time_per_step': '2.2356'}
2025-11-02 18:16:07,137 - train_greyscale_FA_MoE.py - {'step': '137500', 'lr': '0.0002', 'total_loss': '0.0383393', 'main_loss': '0.0383393', 'time_per_step': '2.2544'}
2025-11-02 18:19:58,262 - train_greyscale_FA_MoE.py - {'step': '137600', 'lr': '0.0002', 'total_loss': '0.0368122', 'main_loss': '0.0368122', 'time_per_step': '2.23487'}
2025-11-02 18:23:48,956 - train_greyscale_FA_MoE.py - {'step': '137700', 'lr': '0.0002', 'total_loss': '0.0269367', 'main_loss': '0.0269367', 'time_per_step': '2.23784'}
2025-11-02 18:27:39,929 - train_greyscale_FA_MoE.py - {'step': '137800', 'lr': '0.0002', 'total_loss': '0.0305141', 'main_loss': '0.0305141', 'time_per_step': '2.24299'}
2025-11-02 18:31:31,545 - train_greyscale_FA_MoE.py - {'step': '137900', 'lr': '0.0002', 'total_loss': '0.0275149', 'main_loss': '0.0275149', 'time_per_step': '2.25054'}
2025-11-02 18:35:21,759 - train_greyscale_FA_MoE.py - {'step': '138000', 'lr': '0.0002', 'total_loss': '0.0311681', 'main_loss': '0.0311681', 'time_per_step': '2.30255'}
2025-11-02 18:39:13,319 - train_greyscale_FA_MoE.py - {'step': '138100', 'lr': '0.0002', 'total_loss': '0.0306099', 'main_loss': '0.0306099', 'time_per_step': '2.12106'}
2025-11-02 18:43:04,123 - train_greyscale_FA_MoE.py - {'step': '138200', 'lr': '0.0002', 'total_loss': '0.0301834', 'main_loss': '0.0301834', 'time_per_step': '2.14047'}
2025-11-02 18:46:56,673 - train_greyscale_FA_MoE.py - {'step': '138300', 'lr': '0.0002', 'total_loss': '0.0243791', 'main_loss': '0.0243791', 'time_per_step': '2.24418'}
2025-11-02 18:50:46,468 - train_greyscale_FA_MoE.py - {'step': '138400', 'lr': '0.0002', 'total_loss': '0.0247831', 'main_loss': '0.0247831', 'time_per_step': '2.25599'}
2025-11-02 18:54:37,502 - train_greyscale_FA_MoE.py - {'step': '138500', 'lr': '0.0002', 'total_loss': '0.034097', 'main_loss': '0.034097', 'time_per_step': '2.24347'}
2025-11-02 18:58:28,133 - train_greyscale_FA_MoE.py - {'step': '138600', 'lr': '0.0002', 'total_loss': '0.0261068', 'main_loss': '0.0261068', 'time_per_step': '2.25579'}
2025-11-02 19:02:18,635 - train_greyscale_FA_MoE.py - {'step': '138700', 'lr': '0.0002', 'total_loss': '0.0337749', 'main_loss': '0.0337749', 'time_per_step': '2.24285'}
2025-11-02 19:06:08,875 - train_greyscale_FA_MoE.py - {'step': '138800', 'lr': '0.0002', 'total_loss': '0.0288334', 'main_loss': '0.0288334', 'time_per_step': '2.25209'}
2025-11-02 19:10:00,228 - train_greyscale_FA_MoE.py - {'step': '138900', 'lr': '0.0002', 'total_loss': '0.0262422', 'main_loss': '0.0262422', 'time_per_step': '2.22265'}
2025-11-02 19:13:51,683 - train_greyscale_FA_MoE.py - {'step': '139000', 'lr': '0.0002', 'total_loss': '0.030697', 'main_loss': '0.030697', 'time_per_step': '2.25247'}
2025-11-02 19:17:42,279 - train_greyscale_FA_MoE.py - {'step': '139100', 'lr': '0.0002', 'total_loss': '0.0336886', 'main_loss': '0.0336886', 'time_per_step': '2.23907'}
2025-11-02 19:21:32,531 - train_greyscale_FA_MoE.py - {'step': '139200', 'lr': '0.0002', 'total_loss': '0.0256371', 'main_loss': '0.0256371', 'time_per_step': '2.24171'}
2025-11-02 19:25:23,274 - train_greyscale_FA_MoE.py - {'step': '139300', 'lr': '0.0002', 'total_loss': '0.0298861', 'main_loss': '0.0298861', 'time_per_step': '2.16749'}
2025-11-02 19:29:14,007 - train_greyscale_FA_MoE.py - {'step': '139400', 'lr': '0.0002', 'total_loss': '0.040639', 'main_loss': '0.040639', 'time_per_step': '2.12659'}
2025-11-02 19:33:05,541 - train_greyscale_FA_MoE.py - {'step': '139500', 'lr': '0.0002', 'total_loss': '0.0352537', 'main_loss': '0.0352537', 'time_per_step': '2.21902'}
2025-11-02 19:36:55,998 - train_greyscale_FA_MoE.py - {'step': '139600', 'lr': '0.0002', 'total_loss': '0.0304241', 'main_loss': '0.0304241', 'time_per_step': '2.24969'}
2025-11-02 19:40:47,800 - train_greyscale_FA_MoE.py - {'step': '139700', 'lr': '0.0002', 'total_loss': '0.0357512', 'main_loss': '0.0357512', 'time_per_step': '2.24597'}
2025-11-02 19:44:39,291 - train_greyscale_FA_MoE.py - {'step': '139800', 'lr': '0.0002', 'total_loss': '0.028221', 'main_loss': '0.028221', 'time_per_step': '2.21886'}
2025-11-02 19:48:30,416 - train_greyscale_FA_MoE.py - {'step': '139900', 'lr': '0.0002', 'total_loss': '0.0273266', 'main_loss': '0.0273266', 'time_per_step': '2.23325'}
2025-11-02 19:52:20,644 - train_greyscale_FA_MoE.py - {'step': '140000', 'lr': '0.0002', 'total_loss': '0.0282171', 'main_loss': '0.0282171', 'time_per_step': '2.24571'}
2025-11-02 19:56:11,949 - train_greyscale_FA_MoE.py - {'step': '140100', 'lr': '0.0002', 'total_loss': '0.0288078', 'main_loss': '0.0288078', 'time_per_step': '2.21778'}
2025-11-02 20:00:03,128 - train_greyscale_FA_MoE.py - {'step': '140200', 'lr': '0.0002', 'total_loss': '0.0311547', 'main_loss': '0.0311547', 'time_per_step': '2.25882'}
2025-11-02 20:03:54,369 - train_greyscale_FA_MoE.py - {'step': '140300', 'lr': '0.0002', 'total_loss': '0.0293982', 'main_loss': '0.0293982', 'time_per_step': '2.27706'}
2025-11-02 20:07:45,205 - train_greyscale_FA_MoE.py - {'step': '140400', 'lr': '0.0002', 'total_loss': '0.024352', 'main_loss': '0.024352', 'time_per_step': '2.24958'}
2025-11-02 20:11:35,474 - train_greyscale_FA_MoE.py - {'step': '140500', 'lr': '0.0002', 'total_loss': '0.0281302', 'main_loss': '0.0281302', 'time_per_step': '2.13046'}
2025-11-02 20:15:26,215 - train_greyscale_FA_MoE.py - {'step': '140600', 'lr': '0.0002', 'total_loss': '0.0334964', 'main_loss': '0.0334964', 'time_per_step': '2.12139'}
2025-11-02 20:19:18,064 - train_greyscale_FA_MoE.py - {'step': '140700', 'lr': '0.0002', 'total_loss': '0.0263505', 'main_loss': '0.0263505', 'time_per_step': '2.22032'}
2025-11-02 20:23:09,186 - train_greyscale_FA_MoE.py - {'step': '140800', 'lr': '0.0002', 'total_loss': '0.0317363', 'main_loss': '0.0317363', 'time_per_step': '2.24366'}
2025-11-02 20:26:59,761 - train_greyscale_FA_MoE.py - {'step': '140900', 'lr': '0.0002', 'total_loss': '0.0279686', 'main_loss': '0.0279686', 'time_per_step': '2.23039'}
2025-11-02 20:30:51,312 - train_greyscale_FA_MoE.py - {'step': '141000', 'lr': '0.0002', 'total_loss': '0.0323355', 'main_loss': '0.0323355', 'time_per_step': '2.2755'}
2025-11-02 20:34:41,921 - train_greyscale_FA_MoE.py - {'step': '141100', 'lr': '0.0002', 'total_loss': '0.0320092', 'main_loss': '0.0320092', 'time_per_step': '2.25003'}
2025-11-02 20:38:32,519 - train_greyscale_FA_MoE.py - {'step': '141200', 'lr': '0.0002', 'total_loss': '0.031272', 'main_loss': '0.031272', 'time_per_step': '2.2491'}
2025-11-02 20:42:23,534 - train_greyscale_FA_MoE.py - {'step': '141300', 'lr': '0.0002', 'total_loss': '0.0287216', 'main_loss': '0.0287216', 'time_per_step': '2.33452'}
2025-11-02 20:46:14,500 - train_greyscale_FA_MoE.py - {'step': '141400', 'lr': '0.0002', 'total_loss': '0.0311967', 'main_loss': '0.0311967', 'time_per_step': '2.20947'}
2025-11-02 20:50:05,237 - train_greyscale_FA_MoE.py - {'step': '141500', 'lr': '0.0002', 'total_loss': '0.0253057', 'main_loss': '0.0253057', 'time_per_step': '2.24006'}
2025-11-02 20:53:56,474 - train_greyscale_FA_MoE.py - {'step': '141600', 'lr': '0.0002', 'total_loss': '0.0248807', 'main_loss': '0.0248807', 'time_per_step': '2.24637'}
2025-11-02 20:57:46,889 - train_greyscale_FA_MoE.py - {'step': '141700', 'lr': '0.0002', 'total_loss': '0.026168', 'main_loss': '0.026168', 'time_per_step': '2.13077'}
2025-11-02 21:01:37,572 - train_greyscale_FA_MoE.py - {'step': '141800', 'lr': '0.0002', 'total_loss': '0.0314817', 'main_loss': '0.0314817', 'time_per_step': '2.14266'}
2025-11-02 21:05:28,845 - train_greyscale_FA_MoE.py - {'step': '141900', 'lr': '0.0002', 'total_loss': '0.0308424', 'main_loss': '0.0308424', 'time_per_step': '2.27001'}
2025-11-02 21:09:25,367 - train_greyscale_FA_MoE.py - {'step': '142000', 'lr': '0.0002', 'total_loss': '0.0254121', 'main_loss': '0.0254121', 'time_per_step': '2.30763'}
2025-11-02 21:13:15,940 - train_greyscale_FA_MoE.py - {'step': '142100', 'lr': '0.0002', 'total_loss': '0.0297898', 'main_loss': '0.0297898', 'time_per_step': '2.34715'}
2025-11-02 21:17:07,062 - train_greyscale_FA_MoE.py - {'step': '142200', 'lr': '0.0002', 'total_loss': '0.0322256', 'main_loss': '0.0322256', 'time_per_step': '2.24351'}
2025-11-02 21:20:59,005 - train_greyscale_FA_MoE.py - {'step': '142300', 'lr': '0.0002', 'total_loss': '0.0310359', 'main_loss': '0.0310359', 'time_per_step': '2.28445'}
2025-11-02 21:24:49,609 - train_greyscale_FA_MoE.py - {'step': '142400', 'lr': '0.0002', 'total_loss': '0.0253981', 'main_loss': '0.0253981', 'time_per_step': '2.26054'}
2025-11-02 21:28:40,358 - train_greyscale_FA_MoE.py - {'step': '142500', 'lr': '0.0002', 'total_loss': '0.0303661', 'main_loss': '0.0303661', 'time_per_step': '2.29175'}
2025-11-02 21:32:32,554 - train_greyscale_FA_MoE.py - {'step': '142600', 'lr': '0.0002', 'total_loss': '0.0246256', 'main_loss': '0.0246256', 'time_per_step': '2.23034'}
2025-11-02 21:36:23,745 - train_greyscale_FA_MoE.py - {'step': '142700', 'lr': '0.0002', 'total_loss': '0.0277472', 'main_loss': '0.0277472', 'time_per_step': '2.32882'}
2025-11-02 21:40:15,904 - train_greyscale_FA_MoE.py - {'step': '142800', 'lr': '0.0002', 'total_loss': '0.0277401', 'main_loss': '0.0277401', 'time_per_step': '2.38188'}
2025-11-02 21:44:07,690 - train_greyscale_FA_MoE.py - {'step': '142900', 'lr': '0.0002', 'total_loss': '0.0307878', 'main_loss': '0.0307878', 'time_per_step': '2.13374'}
2025-11-02 21:47:57,119 - train_greyscale_FA_MoE.py - {'step': '143000', 'lr': '0.0002', 'total_loss': '0.0290338', 'main_loss': '0.0290338', 'time_per_step': '2.1395'}
2025-11-02 21:51:48,528 - train_greyscale_FA_MoE.py - {'step': '143100', 'lr': '0.0002', 'total_loss': '0.0270161', 'main_loss': '0.0270161', 'time_per_step': '2.23325'}
2025-11-02 21:55:40,930 - train_greyscale_FA_MoE.py - {'step': '143200', 'lr': '0.0002', 'total_loss': '0.0332556', 'main_loss': '0.0332556', 'time_per_step': '2.25268'}
2025-11-02 21:59:31,312 - train_greyscale_FA_MoE.py - {'step': '143300', 'lr': '0.0002', 'total_loss': '0.0334649', 'main_loss': '0.0334649', 'time_per_step': '2.20677'}
2025-11-02 22:03:21,373 - train_greyscale_FA_MoE.py - {'step': '143400', 'lr': '0.0002', 'total_loss': '0.0305912', 'main_loss': '0.0305912', 'time_per_step': '2.24977'}
2025-11-02 22:07:12,076 - train_greyscale_FA_MoE.py - {'step': '143500', 'lr': '0.0002', 'total_loss': '0.0343893', 'main_loss': '0.0343893', 'time_per_step': '2.24315'}
2025-11-02 22:11:03,436 - train_greyscale_FA_MoE.py - {'step': '143600', 'lr': '0.0002', 'total_loss': '0.0329647', 'main_loss': '0.0329647', 'time_per_step': '2.23916'}
2025-11-02 22:14:54,943 - train_greyscale_FA_MoE.py - {'step': '143700', 'lr': '0.0002', 'total_loss': '0.0336575', 'main_loss': '0.0336575', 'time_per_step': '2.24143'}
2025-11-02 22:18:45,239 - train_greyscale_FA_MoE.py - {'step': '143800', 'lr': '0.0002', 'total_loss': '0.0280568', 'main_loss': '0.0280568', 'time_per_step': '2.24266'}
2025-11-02 22:22:36,159 - train_greyscale_FA_MoE.py - {'step': '143900', 'lr': '0.0002', 'total_loss': '0.0311726', 'main_loss': '0.0311726', 'time_per_step': '2.26445'}
2025-11-02 22:26:26,929 - train_greyscale_FA_MoE.py - {'step': '144000', 'lr': '0.0002', 'total_loss': '0.0258463', 'main_loss': '0.0258463', 'time_per_step': '2.29489'}
2025-11-02 22:30:18,118 - train_greyscale_FA_MoE.py - {'step': '144100', 'lr': '0.0002', 'total_loss': '0.026603', 'main_loss': '0.026603', 'time_per_step': '2.13659'}
2025-11-02 22:34:07,995 - train_greyscale_FA_MoE.py - {'step': '144200', 'lr': '0.0002', 'total_loss': '0.0316279', 'main_loss': '0.0316279', 'time_per_step': '2.13433'}
2025-11-02 22:37:59,665 - train_greyscale_FA_MoE.py - {'step': '144300', 'lr': '0.0002', 'total_loss': '0.0316853', 'main_loss': '0.0316853', 'time_per_step': '2.23082'}
2025-11-02 22:41:51,590 - train_greyscale_FA_MoE.py - {'step': '144400', 'lr': '0.0002', 'total_loss': '0.0318854', 'main_loss': '0.0318854', 'time_per_step': '2.2706'}
2025-11-02 22:45:42,314 - train_greyscale_FA_MoE.py - {'step': '144500', 'lr': '0.0002', 'total_loss': '0.0233643', 'main_loss': '0.0233643', 'time_per_step': '2.24596'}
2025-11-02 22:49:32,644 - train_greyscale_FA_MoE.py - {'step': '144600', 'lr': '0.0002', 'total_loss': '0.0220644', 'main_loss': '0.0220644', 'time_per_step': '2.20814'}
2025-11-02 22:53:23,092 - train_greyscale_FA_MoE.py - {'step': '144700', 'lr': '0.0002', 'total_loss': '0.0233884', 'main_loss': '0.0233884', 'time_per_step': '2.34334'}
2025-11-02 22:57:14,029 - train_greyscale_FA_MoE.py - {'step': '144800', 'lr': '0.0002', 'total_loss': '0.0318874', 'main_loss': '0.0318874', 'time_per_step': '2.23631'}
2025-11-02 23:01:04,497 - train_greyscale_FA_MoE.py - {'step': '144900', 'lr': '0.0002', 'total_loss': '0.0284261', 'main_loss': '0.0284261', 'time_per_step': '2.25252'}
2025-11-02 23:04:54,640 - train_greyscale_FA_MoE.py - {'step': '145000', 'lr': '0.0002', 'total_loss': '0.0278743', 'main_loss': '0.0278743', 'time_per_step': '2.28978'}
2025-11-02 23:08:46,044 - train_greyscale_FA_MoE.py - {'step': '145100', 'lr': '0.0002', 'total_loss': '0.0360085', 'main_loss': '0.0360085', 'time_per_step': '2.22626'}
2025-11-02 23:12:37,101 - train_greyscale_FA_MoE.py - {'step': '145200', 'lr': '0.0002', 'total_loss': '0.0314254', 'main_loss': '0.0314254', 'time_per_step': '2.25372'}
2025-11-02 23:16:27,397 - train_greyscale_FA_MoE.py - {'step': '145300', 'lr': '0.0002', 'total_loss': '0.0301823', 'main_loss': '0.0301823', 'time_per_step': '2.13121'}
2025-11-02 23:20:17,948 - train_greyscale_FA_MoE.py - {'step': '145400', 'lr': '0.0002', 'total_loss': '0.035432', 'main_loss': '0.035432', 'time_per_step': '2.16011'}
2025-11-02 23:24:08,825 - train_greyscale_FA_MoE.py - {'step': '145500', 'lr': '0.0002', 'total_loss': '0.0295635', 'main_loss': '0.0295635', 'time_per_step': '2.23919'}
2025-11-02 23:28:00,532 - train_greyscale_FA_MoE.py - {'step': '145600', 'lr': '0.0002', 'total_loss': '0.0290752', 'main_loss': '0.0290752', 'time_per_step': '2.20658'}
2025-11-02 23:31:50,947 - train_greyscale_FA_MoE.py - {'step': '145700', 'lr': '0.0002', 'total_loss': '0.0307639', 'main_loss': '0.0307639', 'time_per_step': '2.24694'}
2025-11-02 23:35:41,356 - train_greyscale_FA_MoE.py - {'step': '145800', 'lr': '0.0002', 'total_loss': '0.0330504', 'main_loss': '0.0330504', 'time_per_step': '2.1988'}
2025-11-02 23:39:31,587 - train_greyscale_FA_MoE.py - {'step': '145900', 'lr': '0.0002', 'total_loss': '0.0282551', 'main_loss': '0.0282551', 'time_per_step': '2.24163'}
2025-11-02 23:43:22,821 - train_greyscale_FA_MoE.py - {'step': '146000', 'lr': '0.0002', 'total_loss': '0.0300896', 'main_loss': '0.0300896', 'time_per_step': '2.29374'}
2025-11-02 23:47:14,215 - train_greyscale_FA_MoE.py - {'step': '146100', 'lr': '0.0002', 'total_loss': '0.0274689', 'main_loss': '0.0274689', 'time_per_step': '2.25549'}
2025-11-02 23:51:05,003 - train_greyscale_FA_MoE.py - {'step': '146200', 'lr': '0.0002', 'total_loss': '0.0288811', 'main_loss': '0.0288811', 'time_per_step': '2.21303'}
2025-11-02 23:54:55,097 - train_greyscale_FA_MoE.py - {'step': '146300', 'lr': '0.0002', 'total_loss': '0.0307554', 'main_loss': '0.0307554', 'time_per_step': '2.24209'}
2025-11-02 23:58:45,187 - train_greyscale_FA_MoE.py - {'step': '146400', 'lr': '0.0002', 'total_loss': '0.0349544', 'main_loss': '0.0349544', 'time_per_step': '2.24579'}
2025-11-03 00:02:35,766 - train_greyscale_FA_MoE.py - {'step': '146500', 'lr': '0.0002', 'total_loss': '0.0325527', 'main_loss': '0.0325527', 'time_per_step': '2.13637'}
2025-11-03 00:06:25,693 - train_greyscale_FA_MoE.py - {'step': '146600', 'lr': '0.0002', 'total_loss': '0.0336391', 'main_loss': '0.0336391', 'time_per_step': '2.13157'}
2025-11-03 00:10:16,278 - train_greyscale_FA_MoE.py - {'step': '146700', 'lr': '0.0002', 'total_loss': '0.0304989', 'main_loss': '0.0304989', 'time_per_step': '2.21216'}
2025-11-03 00:14:07,029 - train_greyscale_FA_MoE.py - {'step': '146800', 'lr': '0.0002', 'total_loss': '0.027033', 'main_loss': '0.027033', 'time_per_step': '2.24149'}
2025-11-03 00:17:58,361 - train_greyscale_FA_MoE.py - {'step': '146900', 'lr': '0.0002', 'total_loss': '0.0283647', 'main_loss': '0.0283647', 'time_per_step': '2.20332'}
2025-11-03 00:21:49,470 - train_greyscale_FA_MoE.py - {'step': '147000', 'lr': '0.0002', 'total_loss': '0.0326171', 'main_loss': '0.0326171', 'time_per_step': '2.23678'}
2025-11-03 00:25:39,275 - train_greyscale_FA_MoE.py - {'step': '147100', 'lr': '0.0002', 'total_loss': '0.030545', 'main_loss': '0.030545', 'time_per_step': '2.23198'}
2025-11-03 00:29:30,113 - train_greyscale_FA_MoE.py - {'step': '147200', 'lr': '0.0002', 'total_loss': '0.0320962', 'main_loss': '0.0320962', 'time_per_step': '2.24667'}
2025-11-03 00:33:20,998 - train_greyscale_FA_MoE.py - {'step': '147300', 'lr': '0.0002', 'total_loss': '0.0328531', 'main_loss': '0.0328531', 'time_per_step': '2.24311'}
2025-11-03 00:37:12,064 - train_greyscale_FA_MoE.py - {'step': '147400', 'lr': '0.0002', 'total_loss': '0.0285627', 'main_loss': '0.0285627', 'time_per_step': '2.26284'}
2025-11-03 00:41:03,373 - train_greyscale_FA_MoE.py - {'step': '147500', 'lr': '0.0002', 'total_loss': '0.0353002', 'main_loss': '0.0353002', 'time_per_step': '2.24171'}
2025-11-03 00:44:53,934 - train_greyscale_FA_MoE.py - {'step': '147600', 'lr': '0.0002', 'total_loss': '0.0325817', 'main_loss': '0.0325817', 'time_per_step': '2.30047'}
2025-11-03 00:48:43,827 - train_greyscale_FA_MoE.py - {'step': '147700', 'lr': '0.0002', 'total_loss': '0.0371508', 'main_loss': '0.0371508', 'time_per_step': '2.15445'}
2025-11-03 00:52:34,974 - train_greyscale_FA_MoE.py - {'step': '147800', 'lr': '0.0002', 'total_loss': '0.0282628', 'main_loss': '0.0282628', 'time_per_step': '2.13016'}
2025-11-03 00:56:25,545 - train_greyscale_FA_MoE.py - {'step': '147900', 'lr': '0.0002', 'total_loss': '0.0249689', 'main_loss': '0.0249689', 'time_per_step': '2.26714'}
2025-11-03 01:00:16,605 - train_greyscale_FA_MoE.py - {'step': '148000', 'lr': '0.0002', 'total_loss': '0.0296595', 'main_loss': '0.0296595', 'time_per_step': '2.3021'}
2025-11-03 01:04:07,360 - train_greyscale_FA_MoE.py - {'step': '148100', 'lr': '0.0002', 'total_loss': '0.0281076', 'main_loss': '0.0281076', 'time_per_step': '2.24362'}
2025-11-03 01:07:58,201 - train_greyscale_FA_MoE.py - {'step': '148200', 'lr': '0.0002', 'total_loss': '0.0331409', 'main_loss': '0.0331409', 'time_per_step': '2.27439'}
2025-11-03 01:11:48,299 - train_greyscale_FA_MoE.py - {'step': '148300', 'lr': '0.0002', 'total_loss': '0.0348809', 'main_loss': '0.0348809', 'time_per_step': '2.23044'}
2025-11-03 01:15:38,756 - train_greyscale_FA_MoE.py - {'step': '148400', 'lr': '0.0002', 'total_loss': '0.0324922', 'main_loss': '0.0324922', 'time_per_step': '2.21912'}
2025-11-03 01:19:30,108 - train_greyscale_FA_MoE.py - {'step': '148500', 'lr': '0.0002', 'total_loss': '0.0410548', 'main_loss': '0.0410548', 'time_per_step': '2.26636'}
2025-11-03 01:23:21,179 - train_greyscale_FA_MoE.py - {'step': '148600', 'lr': '0.0002', 'total_loss': '0.0240892', 'main_loss': '0.0240892', 'time_per_step': '2.27222'}
2025-11-03 01:27:11,714 - train_greyscale_FA_MoE.py - {'step': '148700', 'lr': '0.0002', 'total_loss': '0.0283256', 'main_loss': '0.0283256', 'time_per_step': '2.21298'}
2025-11-03 01:31:01,840 - train_greyscale_FA_MoE.py - {'step': '148800', 'lr': '0.0002', 'total_loss': '0.0286828', 'main_loss': '0.0286828', 'time_per_step': '2.24355'}
2025-11-03 01:34:52,712 - train_greyscale_FA_MoE.py - {'step': '148900', 'lr': '0.0002', 'total_loss': '0.0251855', 'main_loss': '0.0251855', 'time_per_step': '2.25391'}
2025-11-03 01:38:43,380 - train_greyscale_FA_MoE.py - {'step': '149000', 'lr': '0.0002', 'total_loss': '0.0298122', 'main_loss': '0.0298122', 'time_per_step': '2.1303'}
2025-11-03 01:42:35,331 - train_greyscale_FA_MoE.py - {'step': '149100', 'lr': '0.0002', 'total_loss': '0.0373065', 'main_loss': '0.0373065', 'time_per_step': '2.24203'}
2025-11-03 01:46:25,783 - train_greyscale_FA_MoE.py - {'step': '149200', 'lr': '0.0002', 'total_loss': '0.0329385', 'main_loss': '0.0329385', 'time_per_step': '2.22624'}
2025-11-03 01:50:17,019 - train_greyscale_FA_MoE.py - {'step': '149300', 'lr': '0.0002', 'total_loss': '0.0254712', 'main_loss': '0.0254712', 'time_per_step': '2.24327'}
2025-11-03 01:54:08,646 - train_greyscale_FA_MoE.py - {'step': '149400', 'lr': '0.0002', 'total_loss': '0.0310189', 'main_loss': '0.0310189', 'time_per_step': '2.24804'}
2025-11-03 01:58:00,174 - train_greyscale_FA_MoE.py - {'step': '149500', 'lr': '0.0002', 'total_loss': '0.0305833', 'main_loss': '0.0305833', 'time_per_step': '2.21983'}
2025-11-03 02:01:50,728 - train_greyscale_FA_MoE.py - {'step': '149600', 'lr': '0.0002', 'total_loss': '0.0302073', 'main_loss': '0.0302073', 'time_per_step': '2.22273'}
2025-11-03 02:05:41,522 - train_greyscale_FA_MoE.py - {'step': '149700', 'lr': '0.0002', 'total_loss': '0.0271489', 'main_loss': '0.0271489', 'time_per_step': '2.23609'}
2025-11-03 02:09:32,064 - train_greyscale_FA_MoE.py - {'step': '149800', 'lr': '0.0002', 'total_loss': '0.0337139', 'main_loss': '0.0337139', 'time_per_step': '2.22541'}
2025-11-03 02:13:23,230 - train_greyscale_FA_MoE.py - {'step': '149900', 'lr': '0.0002', 'total_loss': '0.026569', 'main_loss': '0.026569', 'time_per_step': '2.31189'}
2025-11-03 02:17:13,390 - train_greyscale_FA_MoE.py - {'step': '150000', 'lr': '0.0002', 'total_loss': '0.0220793', 'main_loss': '0.0220793', 'time_per_step': '2.24465'}
2025-11-03 02:17:13,391 - train_greyscale_FA_MoE.py - Save a grid of 16 samples into output/acdc_wholeheart_uncond_fa_ec_moe_greyscale_uvit_mid_4by4_l6r9_minmax/samples/150000.png by DPM-Solver
2025-11-03 02:17:18,704 - train_greyscale_FA_MoE.py - Saved sample grid image to output/acdc_wholeheart_uncond_fa_ec_moe_greyscale_uvit_mid_4by4_l6r9_minmax/samples/150000.png
2025-11-03 02:17:19,008 - train_greyscale_FA_MoE.py - Save and eval checkpoint 150000...
2025-11-03 02:17:21,272 - train_greyscale_FA_MoE.py - eval_step: n_samples=50000, sample_steps=50, algorithm=dpm_solver, mini_batch_size=500, samples save into output/acdc_wholeheart_uncond_fa_ec_moe_greyscale_uvit_mid_4by4_l6r9_minmax/samples/acdc_wholeheart_uncond_uvit_FA_EC_MoE_greyscale_mid_4by4_150000_dpm
2025-11-03 02:17:21,290 - train_greyscale_FA_MoE.py - Saved expert distribution of layer in_block_0 to output/acdc_wholeheart_uncond_fa_ec_moe_greyscale_uvit_mid_4by4_l6r9_minmax/samples/expert_distribution_in_block_0_step150000.npy
2025-11-03 02:17:23,015 - train_greyscale_FA_MoE.py - Saved expert distribution of layer out_block_7 to output/acdc_wholeheart_uncond_fa_ec_moe_greyscale_uvit_mid_4by4_l6r9_minmax/samples/expert_distribution_out_block_7_step150000.npy
2025-11-03 02:17:24,489 - train_greyscale_FA_MoE.py - Start generating 50000 samples...
2025-11-03 02:53:23,203 - train_greyscale_FA_MoE.py - ckpt_root: output/acdc_wholeheart_uncond_fa_ec_moe_greyscale_uvit_mid_4by4_l6r9_minmax/ckpts
dataset:
  SNR_scale: 4.0
  Y_bound: !!python/tuple
  - 774.0
  Y_entropy: !!python/tuple
  - 5.287
  - 2.936
  - 3.005
  - 1.94
  - 2.216
  - 1.866
  - 1.186
  - 1.561
  - 1.581
  - 1.169
  - 1.024
  - 1.252
  - 1.071
  - 1.0
  - 1.0
  - 1.0
  Y_max: !!python/tuple
  - 774.0
  - 112.375
  - 125.812
  - 49.0
  - 58.5
  - 46.5
  - 20.344
  - 32.906
  - 33.406
  - 19.953
  - 15.953
  - 22.0
  - 16.984
  - 12.812
  - 11.68
  - 7.461
  Y_mean: !!python/tuple
  - 241.045
  - -0.725
  - 0.44
  - 0.107
  - 0.009
  - 0.154
  - -0.057
  - 0.0
  - -0.008
  - 0.019
  - 0.009
  - -0.012
  - 0.005
  - 0.002
  - 0.004
  - -0.002
  Y_min: !!python/tuple
  - 9.5
  - -119.312
  - -122.375
  - -51.25
  - -58.906
  - -49.5
  - -20.688
  - -32.906
  - -33.094
  - -19.891
  - -15.891
  - -21.75
  - -16.969
  - -12.773
  - -11.648
  - -7.492
  Y_std: !!python/tuple
  - 182.467
  - 32.821
  - 34.996
  - 14.001
  - 17.621
  - 13.189
  - 5.79
  - 9.609
  - 9.805
  - 5.652
  - 4.634
  - 6.502
  - 4.963
  - 3.796
  - 3.44
  - 2.178
  block_sz: 4
  dataset_type: wholeheart
  frequency_aware_tokens: true
  greyscale: true
  low_freqs: 12
  name: acdc_uncond
  num_fa_length: 6
  num_fa_repeats: 9
  num_fa_repeats_x: 3
  num_fa_repeats_y: 3
  path: data/scratch/datasets/ACDC/Unlabeled/Wholeheart
  resolution: 96
  reweight: true
  reweight_dim: -1
  tempature: 1.0
  tokens: 128
  tokenwise_normalization: minmax
lr_scheduler:
  name: customized
  warmup_steps: 5000
mixed_precision: 'no'
name: acdc_wholeheart_uncond_uvit_FA_EC_MoE_greyscale_mid_4by4
nnet:
  MoE:
    aux_loss_alpha: 0.0
    depth: 1
    noise_eps: 0.01
    num_experts: 4
    router: topk
    top_k: 2
    type: ecmoe
  depth: 16
  embed_dim: 768
  in_chans: 54
  low_freqs: 12
  mlp_ratio: 4
  mlp_time_embed: true
  name: uvit_greyscale_moe
  num_classes: -1
  num_heads: 12
  qkv_bias: false
  tokens: 128
  use_moe: true
optimizer:
  betas: !!python/tuple
  - 0.99
  - 0.99
  lr: 0.0002
  name: adamw
  weight_decay: 0.03
pred: noise_pred
private:
  accountant: prv
  dp_method: dpsgd
  max_grad_norm: 1.0
  noise_multiplier: 0.5
  secure_mode: false
  target_delta: 1.0e-05
  target_epsilon: 10
  use_dp: false
sample:
  algorithm: euler_maruyama_ode
  mini_batch_size: 500
  n_samples: 50000
  path: data/scratch/samples
  sample_steps: 100
  save_npz: ''
  save_start: 20000
sample_dir: output/acdc_wholeheart_uncond_fa_ec_moe_greyscale_uvit_mid_4by4_l6r9_minmax/samples
seed: 1234
train:
  batch_size: 512
  eval_interval: 25000
  log_interval: 100
  mode: uncond
  n_steps: 500000
  save_interval: 25000
workdir: output/acdc_wholeheart_uncond_fa_ec_moe_greyscale_uvit_mid_4by4_l6r9_minmax

2025-11-03 02:53:23,379 - train_greyscale_FA_MoE.py - dataset samples: 25023
2025-11-03 02:53:23,379 - train_greyscale_FA_MoE.py - Using minmax for positional token normalization
2025-11-03 02:53:32,560 - utils.py - nnet has 163145526 parameters
2025-11-03 02:53:33,271 - utils.py - resume from output/acdc_wholeheart_uncond_fa_ec_moe_greyscale_uvit_mid_4by4_l6r9_minmax/ckpts/150000.ckpt
2025-11-03 02:53:33,271 - utils.py - load from output/acdc_wholeheart_uncond_fa_ec_moe_greyscale_uvit_mid_4by4_l6r9_minmax/ckpts/150000.ckpt
2025-11-03 02:53:43,269 - train_greyscale_FA_MoE.py - using [5.287 2.936 3.005 1.94  2.216 1.866 1.186 1.561 1.581 1.169 1.024 1.252
 1.071 1.    1.    1.   ] for loss reweighting
2025-11-03 02:53:43,270 - train_greyscale_FA_MoE.py - Using temperature 1.0 for loss reweighting
2025-11-03 02:53:43,594 - train_greyscale_FA_MoE.py - Start fitting, step=150000, mixed_precision=no
2025-11-03 02:59:06,933 - train_greyscale_FA_MoE.py - {'step': '150100', 'lr': '0.0002', 'total_loss': '0.0240352', 'main_loss': '0.0240352', 'time_per_step': '2.15677'}
2025-11-03 03:02:52,315 - train_greyscale_FA_MoE.py - {'step': '150200', 'lr': '0.0002', 'total_loss': '0.024885', 'main_loss': '0.024885', 'time_per_step': '2.19599'}
2025-11-03 03:06:38,460 - train_greyscale_FA_MoE.py - {'step': '150300', 'lr': '0.0002', 'total_loss': '0.0289494', 'main_loss': '0.0289494', 'time_per_step': '2.19444'}
2025-11-03 03:10:24,202 - train_greyscale_FA_MoE.py - {'step': '150400', 'lr': '0.0002', 'total_loss': '0.0314052', 'main_loss': '0.0314052', 'time_per_step': '2.1874'}
2025-11-03 03:14:11,218 - train_greyscale_FA_MoE.py - {'step': '150500', 'lr': '0.0002', 'total_loss': '0.0310072', 'main_loss': '0.0310072', 'time_per_step': '2.17793'}
2025-11-03 03:17:56,962 - train_greyscale_FA_MoE.py - {'step': '150600', 'lr': '0.0002', 'total_loss': '0.0296711', 'main_loss': '0.0296711', 'time_per_step': '2.17965'}
2025-11-03 03:21:44,227 - train_greyscale_FA_MoE.py - {'step': '150700', 'lr': '0.0002', 'total_loss': '0.0315919', 'main_loss': '0.0315919', 'time_per_step': '2.18994'}
2025-11-03 03:25:30,632 - train_greyscale_FA_MoE.py - {'step': '150800', 'lr': '0.0002', 'total_loss': '0.0265387', 'main_loss': '0.0265387', 'time_per_step': '2.19771'}
2025-11-03 03:29:16,646 - train_greyscale_FA_MoE.py - {'step': '150900', 'lr': '0.0002', 'total_loss': '0.0296151', 'main_loss': '0.0296151', 'time_per_step': '2.20157'}
2025-11-03 03:33:02,225 - train_greyscale_FA_MoE.py - {'step': '151000', 'lr': '0.0002', 'total_loss': '0.0294587', 'main_loss': '0.0294587', 'time_per_step': '2.18672'}
2025-11-03 03:36:49,048 - train_greyscale_FA_MoE.py - {'step': '151100', 'lr': '0.0002', 'total_loss': '0.0295222', 'main_loss': '0.0295222', 'time_per_step': '2.14469'}
2025-11-03 03:40:35,607 - train_greyscale_FA_MoE.py - {'step': '151200', 'lr': '0.0002', 'total_loss': '0.0408779', 'main_loss': '0.0408779', 'time_per_step': '2.08423'}
2025-11-03 03:44:22,041 - train_greyscale_FA_MoE.py - {'step': '151300', 'lr': '0.0002', 'total_loss': '0.032018', 'main_loss': '0.032018', 'time_per_step': '2.18998'}
2025-11-03 03:48:07,454 - train_greyscale_FA_MoE.py - {'step': '151400', 'lr': '0.0002', 'total_loss': '0.0344943', 'main_loss': '0.0344943', 'time_per_step': '2.1934'}
2025-11-03 03:51:54,400 - train_greyscale_FA_MoE.py - {'step': '151500', 'lr': '0.0002', 'total_loss': '0.029976', 'main_loss': '0.029976', 'time_per_step': '2.2045'}
2025-11-03 03:55:41,359 - train_greyscale_FA_MoE.py - {'step': '151600', 'lr': '0.0002', 'total_loss': '0.0296338', 'main_loss': '0.0296338', 'time_per_step': '2.19082'}
2025-11-03 03:59:27,279 - train_greyscale_FA_MoE.py - {'step': '151700', 'lr': '0.0002', 'total_loss': '0.0394244', 'main_loss': '0.0394244', 'time_per_step': '2.18565'}
2025-11-03 04:03:13,233 - train_greyscale_FA_MoE.py - {'step': '151800', 'lr': '0.0002', 'total_loss': '0.0266979', 'main_loss': '0.0266979', 'time_per_step': '2.20555'}
2025-11-03 04:07:00,022 - train_greyscale_FA_MoE.py - {'step': '151900', 'lr': '0.0002', 'total_loss': '0.023367', 'main_loss': '0.023367', 'time_per_step': '2.17916'}
2025-11-03 04:10:46,550 - train_greyscale_FA_MoE.py - {'step': '152000', 'lr': '0.0002', 'total_loss': '0.0231304', 'main_loss': '0.0231304', 'time_per_step': '2.17785'}
2025-11-03 04:14:32,638 - train_greyscale_FA_MoE.py - {'step': '152100', 'lr': '0.0002', 'total_loss': '0.02885', 'main_loss': '0.02885', 'time_per_step': '2.32711'}
2025-11-03 04:18:18,127 - train_greyscale_FA_MoE.py - {'step': '152200', 'lr': '0.0002', 'total_loss': '0.0307667', 'main_loss': '0.0307667', 'time_per_step': '2.19592'}
2025-11-03 04:22:05,626 - train_greyscale_FA_MoE.py - {'step': '152300', 'lr': '0.0002', 'total_loss': '0.0291387', 'main_loss': '0.0291387', 'time_per_step': '2.14572'}
2025-11-03 04:25:51,667 - train_greyscale_FA_MoE.py - {'step': '152400', 'lr': '0.0002', 'total_loss': '0.0320202', 'main_loss': '0.0320202', 'time_per_step': '2.09042'}
2025-11-03 04:29:38,064 - train_greyscale_FA_MoE.py - {'step': '152500', 'lr': '0.0002', 'total_loss': '0.0289988', 'main_loss': '0.0289988', 'time_per_step': '2.17959'}
2025-11-03 04:33:23,410 - train_greyscale_FA_MoE.py - {'step': '152600', 'lr': '0.0002', 'total_loss': '0.0264734', 'main_loss': '0.0264734', 'time_per_step': '2.19493'}
2025-11-03 04:37:10,170 - train_greyscale_FA_MoE.py - {'step': '152700', 'lr': '0.0002', 'total_loss': '0.0219311', 'main_loss': '0.0219311', 'time_per_step': '2.19462'}
2025-11-03 04:40:57,078 - train_greyscale_FA_MoE.py - {'step': '152800', 'lr': '0.0002', 'total_loss': '0.0345667', 'main_loss': '0.0345667', 'time_per_step': '2.18166'}
2025-11-03 04:44:42,905 - train_greyscale_FA_MoE.py - {'step': '152900', 'lr': '0.0002', 'total_loss': '0.0288159', 'main_loss': '0.0288159', 'time_per_step': '2.19485'}
2025-11-03 04:48:28,231 - train_greyscale_FA_MoE.py - {'step': '153000', 'lr': '0.0002', 'total_loss': '0.0301527', 'main_loss': '0.0301527', 'time_per_step': '2.17032'}
2025-11-03 04:52:14,897 - train_greyscale_FA_MoE.py - {'step': '153100', 'lr': '0.0002', 'total_loss': '0.0326333', 'main_loss': '0.0326333', 'time_per_step': '2.18718'}
2025-11-03 04:56:02,335 - train_greyscale_FA_MoE.py - {'step': '153200', 'lr': '0.0002', 'total_loss': '0.0319109', 'main_loss': '0.0319109', 'time_per_step': '2.19481'}
2025-11-03 04:59:48,136 - train_greyscale_FA_MoE.py - {'step': '153300', 'lr': '0.0002', 'total_loss': '0.0368274', 'main_loss': '0.0368274', 'time_per_step': '2.1834'}
2025-11-03 05:03:33,719 - train_greyscale_FA_MoE.py - {'step': '153400', 'lr': '0.0002', 'total_loss': '0.0310493', 'main_loss': '0.0310493', 'time_per_step': '2.21409'}
2025-11-03 05:07:20,362 - train_greyscale_FA_MoE.py - {'step': '153500', 'lr': '0.0002', 'total_loss': '0.033902', 'main_loss': '0.033902', 'time_per_step': '2.13834'}
2025-11-03 05:11:05,667 - train_greyscale_FA_MoE.py - {'step': '153600', 'lr': '0.0002', 'total_loss': '0.0364744', 'main_loss': '0.0364744', 'time_per_step': '2.10394'}
2025-11-03 05:14:51,716 - train_greyscale_FA_MoE.py - {'step': '153700', 'lr': '0.0002', 'total_loss': '0.0262245', 'main_loss': '0.0262245', 'time_per_step': '2.19002'}
2025-11-03 05:18:38,372 - train_greyscale_FA_MoE.py - {'step': '153800', 'lr': '0.0002', 'total_loss': '0.0367812', 'main_loss': '0.0367812', 'time_per_step': '2.18927'}
2025-11-03 05:22:25,362 - train_greyscale_FA_MoE.py - {'step': '153900', 'lr': '0.0002', 'total_loss': '0.0269248', 'main_loss': '0.0269248', 'time_per_step': '2.24459'}
2025-11-03 05:26:11,558 - train_greyscale_FA_MoE.py - {'step': '154000', 'lr': '0.0002', 'total_loss': '0.0300625', 'main_loss': '0.0300625', 'time_per_step': '2.19254'}
2025-11-03 05:29:57,635 - train_greyscale_FA_MoE.py - {'step': '154100', 'lr': '0.0002', 'total_loss': '0.0318039', 'main_loss': '0.0318039', 'time_per_step': '2.17993'}
2025-11-03 05:33:44,253 - train_greyscale_FA_MoE.py - {'step': '154200', 'lr': '0.0002', 'total_loss': '0.0314348', 'main_loss': '0.0314348', 'time_per_step': '2.19831'}
2025-11-03 05:37:30,719 - train_greyscale_FA_MoE.py - {'step': '154300', 'lr': '0.0002', 'total_loss': '0.0303989', 'main_loss': '0.0303989', 'time_per_step': '2.18452'}
2025-11-03 05:41:16,413 - train_greyscale_FA_MoE.py - {'step': '154400', 'lr': '0.0002', 'total_loss': '0.0306436', 'main_loss': '0.0306436', 'time_per_step': '2.17985'}
2025-11-03 05:45:02,143 - train_greyscale_FA_MoE.py - {'step': '154500', 'lr': '0.0002', 'total_loss': '0.0333221', 'main_loss': '0.0333221', 'time_per_step': '2.18983'}
2025-11-03 05:48:48,874 - train_greyscale_FA_MoE.py - {'step': '154600', 'lr': '0.0002', 'total_loss': '0.0286185', 'main_loss': '0.0286185', 'time_per_step': '2.19918'}
2025-11-03 05:52:34,967 - train_greyscale_FA_MoE.py - {'step': '154700', 'lr': '0.0002', 'total_loss': '0.0290872', 'main_loss': '0.0290872', 'time_per_step': '2.09962'}
2025-11-03 05:56:20,934 - train_greyscale_FA_MoE.py - {'step': '154800', 'lr': '0.0002', 'total_loss': '0.0274486', 'main_loss': '0.0274486', 'time_per_step': '2.08916'}
2025-11-03 06:00:07,203 - train_greyscale_FA_MoE.py - {'step': '154900', 'lr': '0.0002', 'total_loss': '0.0258154', 'main_loss': '0.0258154', 'time_per_step': '2.17422'}
2025-11-03 06:03:54,085 - train_greyscale_FA_MoE.py - {'step': '155000', 'lr': '0.0002', 'total_loss': '0.0322193', 'main_loss': '0.0322193', 'time_per_step': '2.19113'}
2025-11-03 06:07:40,971 - train_greyscale_FA_MoE.py - {'step': '155100', 'lr': '0.0002', 'total_loss': '0.0301245', 'main_loss': '0.0301245', 'time_per_step': '2.19432'}
2025-11-03 06:11:26,985 - train_greyscale_FA_MoE.py - {'step': '155200', 'lr': '0.0002', 'total_loss': '0.0290178', 'main_loss': '0.0290178', 'time_per_step': '2.176'}
2025-11-03 06:15:12,891 - train_greyscale_FA_MoE.py - {'step': '155300', 'lr': '0.0002', 'total_loss': '0.0274462', 'main_loss': '0.0274462', 'time_per_step': '2.18957'}
2025-11-03 06:18:59,823 - train_greyscale_FA_MoE.py - {'step': '155400', 'lr': '0.0002', 'total_loss': '0.0283261', 'main_loss': '0.0283261', 'time_per_step': '2.18811'}
2025-11-03 06:22:47,303 - train_greyscale_FA_MoE.py - {'step': '155500', 'lr': '0.0002', 'total_loss': '0.029172', 'main_loss': '0.029172', 'time_per_step': '2.20331'}
2025-11-03 06:26:34,272 - train_greyscale_FA_MoE.py - {'step': '155600', 'lr': '0.0002', 'total_loss': '0.0333176', 'main_loss': '0.0333176', 'time_per_step': '2.1709'}
2025-11-03 06:30:19,437 - train_greyscale_FA_MoE.py - {'step': '155700', 'lr': '0.0002', 'total_loss': '0.0291219', 'main_loss': '0.0291219', 'time_per_step': '2.20474'}
2025-11-03 06:34:05,332 - train_greyscale_FA_MoE.py - {'step': '155800', 'lr': '0.0002', 'total_loss': '0.025447', 'main_loss': '0.025447', 'time_per_step': '2.17472'}
2025-11-03 06:37:52,957 - train_greyscale_FA_MoE.py - {'step': '155900', 'lr': '0.0002', 'total_loss': '0.031287', 'main_loss': '0.031287', 'time_per_step': '2.10087'}
2025-11-03 06:41:40,468 - train_greyscale_FA_MoE.py - {'step': '156000', 'lr': '0.0002', 'total_loss': '0.0367651', 'main_loss': '0.0367651', 'time_per_step': '2.10424'}
2025-11-03 06:45:28,488 - train_greyscale_FA_MoE.py - {'step': '156100', 'lr': '0.0002', 'total_loss': '0.0261225', 'main_loss': '0.0261225', 'time_per_step': '2.21035'}
2025-11-03 06:49:16,103 - train_greyscale_FA_MoE.py - {'step': '156200', 'lr': '0.0002', 'total_loss': '0.0318712', 'main_loss': '0.0318712', 'time_per_step': '2.22875'}
2025-11-03 06:53:03,972 - train_greyscale_FA_MoE.py - {'step': '156300', 'lr': '0.0002', 'total_loss': '0.0307357', 'main_loss': '0.0307357', 'time_per_step': '2.16209'}
2025-11-03 06:56:52,356 - train_greyscale_FA_MoE.py - {'step': '156400', 'lr': '0.0002', 'total_loss': '0.0262645', 'main_loss': '0.0262645', 'time_per_step': '2.20389'}
2025-11-03 07:00:40,007 - train_greyscale_FA_MoE.py - {'step': '156500', 'lr': '0.0002', 'total_loss': '0.0286644', 'main_loss': '0.0286644', 'time_per_step': '2.21593'}
2025-11-03 07:04:28,531 - train_greyscale_FA_MoE.py - {'step': '156600', 'lr': '0.0002', 'total_loss': '0.0282448', 'main_loss': '0.0282448', 'time_per_step': '2.22796'}
2025-11-03 07:08:15,465 - train_greyscale_FA_MoE.py - {'step': '156700', 'lr': '0.0002', 'total_loss': '0.0225068', 'main_loss': '0.0225068', 'time_per_step': '2.17372'}
2025-11-03 07:12:02,836 - train_greyscale_FA_MoE.py - {'step': '156800', 'lr': '0.0002', 'total_loss': '0.0330084', 'main_loss': '0.0330084', 'time_per_step': '2.21117'}
2025-11-03 07:15:49,717 - train_greyscale_FA_MoE.py - {'step': '156900', 'lr': '0.0002', 'total_loss': '0.0292608', 'main_loss': '0.0292608', 'time_per_step': '2.19074'}
2025-11-03 07:19:37,906 - train_greyscale_FA_MoE.py - {'step': '157000', 'lr': '0.0002', 'total_loss': '0.0282388', 'main_loss': '0.0282388', 'time_per_step': '2.21165'}
2025-11-03 07:23:25,536 - train_greyscale_FA_MoE.py - {'step': '157100', 'lr': '0.0002', 'total_loss': '0.0276709', 'main_loss': '0.0276709', 'time_per_step': '2.16755'}
2025-11-03 07:27:12,902 - train_greyscale_FA_MoE.py - {'step': '157200', 'lr': '0.0002', 'total_loss': '0.0297608', 'main_loss': '0.0297608', 'time_per_step': '2.0868'}
2025-11-03 07:31:01,567 - train_greyscale_FA_MoE.py - {'step': '157300', 'lr': '0.0002', 'total_loss': '0.0289259', 'main_loss': '0.0289259', 'time_per_step': '2.21645'}
2025-11-03 07:34:56,436 - train_greyscale_FA_MoE.py - {'step': '157400', 'lr': '0.0002', 'total_loss': '0.0318434', 'main_loss': '0.0318434', 'time_per_step': '2.25317'}
2025-11-03 07:38:46,285 - train_greyscale_FA_MoE.py - {'step': '157500', 'lr': '0.0002', 'total_loss': '0.0245283', 'main_loss': '0.0245283', 'time_per_step': '2.18786'}
2025-11-03 07:42:38,471 - train_greyscale_FA_MoE.py - {'step': '157600', 'lr': '0.0002', 'total_loss': '0.0267695', 'main_loss': '0.0267695', 'time_per_step': '2.17839'}
2025-11-03 07:46:26,116 - train_greyscale_FA_MoE.py - {'step': '157700', 'lr': '0.0002', 'total_loss': '0.0291177', 'main_loss': '0.0291177', 'time_per_step': '2.245'}
2025-11-03 07:50:13,939 - train_greyscale_FA_MoE.py - {'step': '157800', 'lr': '0.0002', 'total_loss': '0.0272356', 'main_loss': '0.0272356', 'time_per_step': '2.17231'}
2025-11-03 07:54:01,929 - train_greyscale_FA_MoE.py - {'step': '157900', 'lr': '0.0002', 'total_loss': '0.0371727', 'main_loss': '0.0371727', 'time_per_step': '2.20926'}
2025-11-03 07:57:49,863 - train_greyscale_FA_MoE.py - {'step': '158000', 'lr': '0.0002', 'total_loss': '0.0295833', 'main_loss': '0.0295833', 'time_per_step': '2.20931'}
2025-11-03 08:01:37,114 - train_greyscale_FA_MoE.py - {'step': '158100', 'lr': '0.0002', 'total_loss': '0.024623', 'main_loss': '0.024623', 'time_per_step': '2.1846'}
2025-11-03 08:05:25,067 - train_greyscale_FA_MoE.py - {'step': '158200', 'lr': '0.0002', 'total_loss': '0.029255', 'main_loss': '0.029255', 'time_per_step': '2.27318'}
2025-11-03 08:09:12,771 - train_greyscale_FA_MoE.py - {'step': '158300', 'lr': '0.0002', 'total_loss': '0.0321537', 'main_loss': '0.0321537', 'time_per_step': '2.09443'}
2025-11-03 08:13:00,432 - train_greyscale_FA_MoE.py - {'step': '158400', 'lr': '0.0002', 'total_loss': '0.0326025', 'main_loss': '0.0326025', 'time_per_step': '2.08849'}
2025-11-03 08:16:48,099 - train_greyscale_FA_MoE.py - {'step': '158500', 'lr': '0.0002', 'total_loss': '0.0332027', 'main_loss': '0.0332027', 'time_per_step': '2.18701'}
2025-11-03 08:20:36,724 - train_greyscale_FA_MoE.py - {'step': '158600', 'lr': '0.0002', 'total_loss': '0.029556', 'main_loss': '0.029556', 'time_per_step': '2.22979'}
2025-11-03 08:24:25,058 - train_greyscale_FA_MoE.py - {'step': '158700', 'lr': '0.0002', 'total_loss': '0.0309477', 'main_loss': '0.0309477', 'time_per_step': '2.24586'}
2025-11-03 08:28:12,377 - train_greyscale_FA_MoE.py - {'step': '158800', 'lr': '0.0002', 'total_loss': '0.0342404', 'main_loss': '0.0342404', 'time_per_step': '2.19262'}
2025-11-03 08:31:59,150 - train_greyscale_FA_MoE.py - {'step': '158900', 'lr': '0.0002', 'total_loss': '0.0250498', 'main_loss': '0.0250498', 'time_per_step': '2.23732'}
2025-11-03 08:35:47,284 - train_greyscale_FA_MoE.py - {'step': '159000', 'lr': '0.0002', 'total_loss': '0.0219153', 'main_loss': '0.0219153', 'time_per_step': '2.19227'}
2025-11-03 08:39:34,667 - train_greyscale_FA_MoE.py - {'step': '159100', 'lr': '0.0002', 'total_loss': '0.0283815', 'main_loss': '0.0283815', 'time_per_step': '2.2103'}
2025-11-03 08:43:21,575 - train_greyscale_FA_MoE.py - {'step': '159200', 'lr': '0.0002', 'total_loss': '0.0355761', 'main_loss': '0.0355761', 'time_per_step': '2.20922'}
2025-11-03 08:47:08,308 - train_greyscale_FA_MoE.py - {'step': '159300', 'lr': '0.0002', 'total_loss': '0.0321171', 'main_loss': '0.0321171', 'time_per_step': '2.16352'}
2025-11-03 08:50:56,287 - train_greyscale_FA_MoE.py - {'step': '159400', 'lr': '0.0002', 'total_loss': '0.026033', 'main_loss': '0.026033', 'time_per_step': '2.24312'}
2025-11-03 08:54:44,397 - train_greyscale_FA_MoE.py - {'step': '159500', 'lr': '0.0002', 'total_loss': '0.034182', 'main_loss': '0.034182', 'time_per_step': '2.09115'}
2025-11-03 08:58:32,164 - train_greyscale_FA_MoE.py - {'step': '159600', 'lr': '0.0002', 'total_loss': '0.0327304', 'main_loss': '0.0327304', 'time_per_step': '2.14258'}
2025-11-03 09:02:19,292 - train_greyscale_FA_MoE.py - {'step': '159700', 'lr': '0.0002', 'total_loss': '0.0357851', 'main_loss': '0.0357851', 'time_per_step': '2.22697'}
2025-11-03 09:06:07,641 - train_greyscale_FA_MoE.py - {'step': '159800', 'lr': '0.0002', 'total_loss': '0.0250643', 'main_loss': '0.0250643', 'time_per_step': '2.19107'}
2025-11-03 09:09:55,579 - train_greyscale_FA_MoE.py - {'step': '159900', 'lr': '0.0002', 'total_loss': '0.0282096', 'main_loss': '0.0282096', 'time_per_step': '2.27982'}
2025-11-03 09:13:43,457 - train_greyscale_FA_MoE.py - {'step': '160000', 'lr': '0.0002', 'total_loss': '0.0236065', 'main_loss': '0.0236065', 'time_per_step': '2.25366'}
2025-11-03 09:17:30,243 - train_greyscale_FA_MoE.py - {'step': '160100', 'lr': '0.0002', 'total_loss': '0.0365128', 'main_loss': '0.0365128', 'time_per_step': '2.18207'}
2025-11-03 09:21:19,259 - train_greyscale_FA_MoE.py - {'step': '160200', 'lr': '0.0002', 'total_loss': '0.0345769', 'main_loss': '0.0345769', 'time_per_step': '2.22149'}
2025-11-03 09:25:07,071 - train_greyscale_FA_MoE.py - {'step': '160300', 'lr': '0.0002', 'total_loss': '0.0250488', 'main_loss': '0.0250488', 'time_per_step': '2.24901'}
2025-11-03 09:28:55,225 - train_greyscale_FA_MoE.py - {'step': '160400', 'lr': '0.0002', 'total_loss': '0.0349043', 'main_loss': '0.0349043', 'time_per_step': '2.25342'}
2025-11-03 09:32:42,230 - train_greyscale_FA_MoE.py - {'step': '160500', 'lr': '0.0002', 'total_loss': '0.0252624', 'main_loss': '0.0252624', 'time_per_step': '2.20372'}
2025-11-03 09:36:29,946 - train_greyscale_FA_MoE.py - {'step': '160600', 'lr': '0.0002', 'total_loss': '0.0289205', 'main_loss': '0.0289205', 'time_per_step': '2.21522'}
2025-11-03 09:40:17,914 - train_greyscale_FA_MoE.py - {'step': '160700', 'lr': '0.0002', 'total_loss': '0.031941', 'main_loss': '0.031941', 'time_per_step': '2.10895'}
2025-11-03 09:44:05,299 - train_greyscale_FA_MoE.py - {'step': '160800', 'lr': '0.0002', 'total_loss': '0.0326054', 'main_loss': '0.0326054', 'time_per_step': '2.09097'}
2025-11-03 09:47:52,700 - train_greyscale_FA_MoE.py - {'step': '160900', 'lr': '0.0002', 'total_loss': '0.0309937', 'main_loss': '0.0309937', 'time_per_step': '2.1991'}
2025-11-03 09:51:40,876 - train_greyscale_FA_MoE.py - {'step': '161000', 'lr': '0.0002', 'total_loss': '0.0411383', 'main_loss': '0.0411383', 'time_per_step': '2.21558'}
2025-11-03 09:55:27,996 - train_greyscale_FA_MoE.py - {'step': '161100', 'lr': '0.0002', 'total_loss': '0.0270597', 'main_loss': '0.0270597', 'time_per_step': '2.19843'}
2025-11-03 09:59:15,311 - train_greyscale_FA_MoE.py - {'step': '161200', 'lr': '0.0002', 'total_loss': '0.0320287', 'main_loss': '0.0320287', 'time_per_step': '2.25171'}
2025-11-03 10:03:02,698 - train_greyscale_FA_MoE.py - {'step': '161300', 'lr': '0.0002', 'total_loss': '0.0292855', 'main_loss': '0.0292855', 'time_per_step': '2.15438'}
2025-11-03 10:06:50,524 - train_greyscale_FA_MoE.py - {'step': '161400', 'lr': '0.0002', 'total_loss': '0.0338819', 'main_loss': '0.0338819', 'time_per_step': '2.20985'}
2025-11-03 10:10:37,636 - train_greyscale_FA_MoE.py - {'step': '161500', 'lr': '0.0002', 'total_loss': '0.0366452', 'main_loss': '0.0366452', 'time_per_step': '2.25176'}
2025-11-03 10:14:24,505 - train_greyscale_FA_MoE.py - {'step': '161600', 'lr': '0.0002', 'total_loss': '0.0321751', 'main_loss': '0.0321751', 'time_per_step': '2.27576'}
2025-11-03 10:18:11,627 - train_greyscale_FA_MoE.py - {'step': '161700', 'lr': '0.0002', 'total_loss': '0.0301815', 'main_loss': '0.0301815', 'time_per_step': '2.21394'}
2025-11-03 10:22:00,313 - train_greyscale_FA_MoE.py - {'step': '161800', 'lr': '0.0002', 'total_loss': '0.032811', 'main_loss': '0.032811', 'time_per_step': '2.21256'}
2025-11-03 10:25:48,208 - train_greyscale_FA_MoE.py - {'step': '161900', 'lr': '0.0002', 'total_loss': '0.0301176', 'main_loss': '0.0301176', 'time_per_step': '2.10879'}
2025-11-03 10:29:35,892 - train_greyscale_FA_MoE.py - {'step': '162000', 'lr': '0.0002', 'total_loss': '0.0327877', 'main_loss': '0.0327877', 'time_per_step': '2.09964'}
2025-11-03 10:33:25,645 - train_greyscale_FA_MoE.py - {'step': '162100', 'lr': '0.0002', 'total_loss': '0.020787', 'main_loss': '0.020787', 'time_per_step': '2.27778'}
2025-11-03 10:37:14,507 - train_greyscale_FA_MoE.py - {'step': '162200', 'lr': '0.0002', 'total_loss': '0.0339202', 'main_loss': '0.0339202', 'time_per_step': '2.19527'}
2025-11-03 10:41:02,817 - train_greyscale_FA_MoE.py - {'step': '162300', 'lr': '0.0002', 'total_loss': '0.0289343', 'main_loss': '0.0289343', 'time_per_step': '2.21298'}
2025-11-03 10:44:51,123 - train_greyscale_FA_MoE.py - {'step': '162400', 'lr': '0.0002', 'total_loss': '0.0295716', 'main_loss': '0.0295716', 'time_per_step': '2.26358'}
2025-11-03 10:48:38,242 - train_greyscale_FA_MoE.py - {'step': '162500', 'lr': '0.0002', 'total_loss': '0.0368424', 'main_loss': '0.0368424', 'time_per_step': '2.2136'}
2025-11-03 10:52:25,628 - train_greyscale_FA_MoE.py - {'step': '162600', 'lr': '0.0002', 'total_loss': '0.0355278', 'main_loss': '0.0355278', 'time_per_step': '2.2329'}
2025-11-03 10:56:13,877 - train_greyscale_FA_MoE.py - {'step': '162700', 'lr': '0.0002', 'total_loss': '0.0258283', 'main_loss': '0.0258283', 'time_per_step': '2.17828'}
2025-11-03 11:00:01,464 - train_greyscale_FA_MoE.py - {'step': '162800', 'lr': '0.0002', 'total_loss': '0.0293806', 'main_loss': '0.0293806', 'time_per_step': '2.21026'}
2025-11-03 11:03:48,580 - train_greyscale_FA_MoE.py - {'step': '162900', 'lr': '0.0002', 'total_loss': '0.0263629', 'main_loss': '0.0263629', 'time_per_step': '2.21766'}
2025-11-03 11:07:39,786 - train_greyscale_FA_MoE.py - {'step': '163000', 'lr': '0.0002', 'total_loss': '0.0299381', 'main_loss': '0.0299381', 'time_per_step': '2.16678'}
2025-11-03 11:11:28,081 - train_greyscale_FA_MoE.py - {'step': '163100', 'lr': '0.0002', 'total_loss': '0.0292539', 'main_loss': '0.0292539', 'time_per_step': '2.08939'}
2025-11-03 11:15:15,365 - train_greyscale_FA_MoE.py - {'step': '163200', 'lr': '0.0002', 'total_loss': '0.0292246', 'main_loss': '0.0292246', 'time_per_step': '2.10494'}
2025-11-03 11:19:02,757 - train_greyscale_FA_MoE.py - {'step': '163300', 'lr': '0.0002', 'total_loss': '0.0234416', 'main_loss': '0.0234416', 'time_per_step': '2.20913'}
2025-11-03 11:22:51,611 - train_greyscale_FA_MoE.py - {'step': '163400', 'lr': '0.0002', 'total_loss': '0.0237706', 'main_loss': '0.0237706', 'time_per_step': '2.21811'}
2025-11-03 11:26:38,442 - train_greyscale_FA_MoE.py - {'step': '163500', 'lr': '0.0002', 'total_loss': '0.0328759', 'main_loss': '0.0328759', 'time_per_step': '2.19589'}
2025-11-03 11:30:26,342 - train_greyscale_FA_MoE.py - {'step': '163600', 'lr': '0.0002', 'total_loss': '0.0250641', 'main_loss': '0.0250641', 'time_per_step': '2.28401'}
2025-11-03 11:34:13,945 - train_greyscale_FA_MoE.py - {'step': '163700', 'lr': '0.0002', 'total_loss': '0.0327025', 'main_loss': '0.0327025', 'time_per_step': '2.22314'}
2025-11-03 11:38:02,720 - train_greyscale_FA_MoE.py - {'step': '163800', 'lr': '0.0002', 'total_loss': '0.0279148', 'main_loss': '0.0279148', 'time_per_step': '2.19236'}
2025-11-03 11:41:50,725 - train_greyscale_FA_MoE.py - {'step': '163900', 'lr': '0.0002', 'total_loss': '0.0252479', 'main_loss': '0.0252479', 'time_per_step': '2.20506'}
2025-11-03 11:45:38,366 - train_greyscale_FA_MoE.py - {'step': '164000', 'lr': '0.0002', 'total_loss': '0.0295168', 'main_loss': '0.0295168', 'time_per_step': '2.21156'}
2025-11-03 11:49:25,542 - train_greyscale_FA_MoE.py - {'step': '164100', 'lr': '0.0002', 'total_loss': '0.0324479', 'main_loss': '0.0324479', 'time_per_step': '2.26847'}
2025-11-03 11:53:14,276 - train_greyscale_FA_MoE.py - {'step': '164200', 'lr': '0.0002', 'total_loss': '0.024567', 'main_loss': '0.024567', 'time_per_step': '2.2275'}
2025-11-03 11:57:02,883 - train_greyscale_FA_MoE.py - {'step': '164300', 'lr': '0.0002', 'total_loss': '0.0288155', 'main_loss': '0.0288155', 'time_per_step': '2.09929'}
2025-11-03 12:00:50,156 - train_greyscale_FA_MoE.py - {'step': '164400', 'lr': '0.0002', 'total_loss': '0.0393848', 'main_loss': '0.0393848', 'time_per_step': '2.09045'}
2025-11-03 12:04:38,692 - train_greyscale_FA_MoE.py - {'step': '164500', 'lr': '0.0002', 'total_loss': '0.0340207', 'main_loss': '0.0340207', 'time_per_step': '2.21854'}
2025-11-03 12:08:28,717 - train_greyscale_FA_MoE.py - {'step': '164600', 'lr': '0.0002', 'total_loss': '0.0292871', 'main_loss': '0.0292871', 'time_per_step': '2.17266'}
2025-11-03 12:12:19,617 - train_greyscale_FA_MoE.py - {'step': '164700', 'lr': '0.0002', 'total_loss': '0.0344497', 'main_loss': '0.0344497', 'time_per_step': '2.22909'}
2025-11-03 12:16:07,494 - train_greyscale_FA_MoE.py - {'step': '164800', 'lr': '0.0002', 'total_loss': '0.0271415', 'main_loss': '0.0271415', 'time_per_step': '2.19584'}
2025-11-03 12:19:57,701 - train_greyscale_FA_MoE.py - {'step': '164900', 'lr': '0.0002', 'total_loss': '0.026242', 'main_loss': '0.026242', 'time_per_step': '2.15638'}
2025-11-03 12:23:46,490 - train_greyscale_FA_MoE.py - {'step': '165000', 'lr': '0.0002', 'total_loss': '0.0270978', 'main_loss': '0.0270978', 'time_per_step': '2.18838'}
2025-11-03 12:27:35,413 - train_greyscale_FA_MoE.py - {'step': '165100', 'lr': '0.0002', 'total_loss': '0.0277132', 'main_loss': '0.0277132', 'time_per_step': '2.2206'}
2025-11-03 12:31:23,756 - train_greyscale_FA_MoE.py - {'step': '165200', 'lr': '0.0002', 'total_loss': '0.0300152', 'main_loss': '0.0300152', 'time_per_step': '2.21448'}
2025-11-03 12:35:14,236 - train_greyscale_FA_MoE.py - {'step': '165300', 'lr': '0.0002', 'total_loss': '0.0283329', 'main_loss': '0.0283329', 'time_per_step': '2.18941'}
2025-11-03 12:39:02,943 - train_greyscale_FA_MoE.py - {'step': '165400', 'lr': '0.0002', 'total_loss': '0.0234314', 'main_loss': '0.0234314', 'time_per_step': '2.20483'}
2025-11-03 12:42:50,944 - train_greyscale_FA_MoE.py - {'step': '165500', 'lr': '0.0002', 'total_loss': '0.0271631', 'main_loss': '0.0271631', 'time_per_step': '2.09375'}
2025-11-03 12:46:39,773 - train_greyscale_FA_MoE.py - {'step': '165600', 'lr': '0.0002', 'total_loss': '0.0321716', 'main_loss': '0.0321716', 'time_per_step': '2.08883'}
2025-11-03 12:50:31,335 - train_greyscale_FA_MoE.py - {'step': '165700', 'lr': '0.0002', 'total_loss': '0.0253049', 'main_loss': '0.0253049', 'time_per_step': '2.15571'}
2025-11-03 12:54:20,918 - train_greyscale_FA_MoE.py - {'step': '165800', 'lr': '0.0002', 'total_loss': '0.0306263', 'main_loss': '0.0306263', 'time_per_step': '2.22832'}
2025-11-03 12:58:09,064 - train_greyscale_FA_MoE.py - {'step': '165900', 'lr': '0.0002', 'total_loss': '0.0269927', 'main_loss': '0.0269927', 'time_per_step': '2.21187'}
2025-11-03 13:01:59,395 - train_greyscale_FA_MoE.py - {'step': '166000', 'lr': '0.0002', 'total_loss': '0.0312109', 'main_loss': '0.0312109', 'time_per_step': '2.20156'}
2025-11-03 13:05:46,296 - train_greyscale_FA_MoE.py - {'step': '166100', 'lr': '0.0002', 'total_loss': '0.0310551', 'main_loss': '0.0310551', 'time_per_step': '2.17232'}
2025-11-03 13:09:36,620 - train_greyscale_FA_MoE.py - {'step': '166200', 'lr': '0.0002', 'total_loss': '0.0300214', 'main_loss': '0.0300214', 'time_per_step': '2.21657'}
2025-11-03 13:13:25,134 - train_greyscale_FA_MoE.py - {'step': '166300', 'lr': '0.0002', 'total_loss': '0.0277699', 'main_loss': '0.0277699', 'time_per_step': '2.29617'}
2025-11-03 13:17:13,600 - train_greyscale_FA_MoE.py - {'step': '166400', 'lr': '0.0002', 'total_loss': '0.0300977', 'main_loss': '0.0300977', 'time_per_step': '2.22082'}
2025-11-03 13:21:01,554 - train_greyscale_FA_MoE.py - {'step': '166500', 'lr': '0.0002', 'total_loss': '0.0243146', 'main_loss': '0.0243146', 'time_per_step': '2.21232'}
2025-11-03 13:24:49,109 - train_greyscale_FA_MoE.py - {'step': '166600', 'lr': '0.0002', 'total_loss': '0.0238795', 'main_loss': '0.0238795', 'time_per_step': '2.21017'}
2025-11-03 13:28:36,803 - train_greyscale_FA_MoE.py - {'step': '166700', 'lr': '0.0002', 'total_loss': '0.0251952', 'main_loss': '0.0251952', 'time_per_step': '2.10904'}
2025-11-03 13:32:24,614 - train_greyscale_FA_MoE.py - {'step': '166800', 'lr': '0.0002', 'total_loss': '0.0305163', 'main_loss': '0.0305163', 'time_per_step': '2.16523'}
2025-11-03 13:36:12,444 - train_greyscale_FA_MoE.py - {'step': '166900', 'lr': '0.0002', 'total_loss': '0.029889', 'main_loss': '0.029889', 'time_per_step': '2.21498'}
2025-11-03 13:40:00,417 - train_greyscale_FA_MoE.py - {'step': '167000', 'lr': '0.0002', 'total_loss': '0.0242908', 'main_loss': '0.0242908', 'time_per_step': '2.23795'}
2025-11-03 13:43:48,284 - train_greyscale_FA_MoE.py - {'step': '167100', 'lr': '0.0002', 'total_loss': '0.0286121', 'main_loss': '0.0286121', 'time_per_step': '2.20744'}
2025-11-03 13:47:35,987 - train_greyscale_FA_MoE.py - {'step': '167200', 'lr': '0.0002', 'total_loss': '0.0313314', 'main_loss': '0.0313314', 'time_per_step': '2.22019'}
2025-11-03 13:51:23,563 - train_greyscale_FA_MoE.py - {'step': '167300', 'lr': '0.0002', 'total_loss': '0.0299852', 'main_loss': '0.0299852', 'time_per_step': '2.21582'}
2025-11-03 13:55:11,001 - train_greyscale_FA_MoE.py - {'step': '167400', 'lr': '0.0002', 'total_loss': '0.0245668', 'main_loss': '0.0245668', 'time_per_step': '2.21189'}
2025-11-03 13:58:59,241 - train_greyscale_FA_MoE.py - {'step': '167500', 'lr': '0.0002', 'total_loss': '0.0293551', 'main_loss': '0.0293551', 'time_per_step': '2.2192'}
2025-11-03 14:02:46,945 - train_greyscale_FA_MoE.py - {'step': '167600', 'lr': '0.0002', 'total_loss': '0.0236721', 'main_loss': '0.0236721', 'time_per_step': '2.20495'}
2025-11-03 14:06:33,998 - train_greyscale_FA_MoE.py - {'step': '167700', 'lr': '0.0002', 'total_loss': '0.0267075', 'main_loss': '0.0267075', 'time_per_step': '2.20724'}
2025-11-03 14:10:22,954 - train_greyscale_FA_MoE.py - {'step': '167800', 'lr': '0.0002', 'total_loss': '0.0267877', 'main_loss': '0.0267877', 'time_per_step': '2.23809'}
2025-11-03 14:14:10,118 - train_greyscale_FA_MoE.py - {'step': '167900', 'lr': '0.0002', 'total_loss': '0.0296227', 'main_loss': '0.0296227', 'time_per_step': '2.10819'}
2025-11-03 14:17:57,572 - train_greyscale_FA_MoE.py - {'step': '168000', 'lr': '0.0002', 'total_loss': '0.0279971', 'main_loss': '0.0279971', 'time_per_step': '2.10213'}
2025-11-03 14:21:46,979 - train_greyscale_FA_MoE.py - {'step': '168100', 'lr': '0.0002', 'total_loss': '0.0260099', 'main_loss': '0.0260099', 'time_per_step': '2.26339'}
2025-11-03 14:25:34,846 - train_greyscale_FA_MoE.py - {'step': '168200', 'lr': '0.0002', 'total_loss': '0.0321064', 'main_loss': '0.0321064', 'time_per_step': '2.15636'}
2025-11-03 14:29:23,565 - train_greyscale_FA_MoE.py - {'step': '168300', 'lr': '0.0002', 'total_loss': '0.0324678', 'main_loss': '0.0324678', 'time_per_step': '2.15552'}
2025-11-03 14:33:12,216 - train_greyscale_FA_MoE.py - {'step': '168400', 'lr': '0.0002', 'total_loss': '0.0294236', 'main_loss': '0.0294236', 'time_per_step': '2.2338'}
2025-11-03 14:36:59,126 - train_greyscale_FA_MoE.py - {'step': '168500', 'lr': '0.0002', 'total_loss': '0.0332234', 'main_loss': '0.0332234', 'time_per_step': '2.24042'}
2025-11-03 14:40:46,387 - train_greyscale_FA_MoE.py - {'step': '168600', 'lr': '0.0002', 'total_loss': '0.0317819', 'main_loss': '0.0317819', 'time_per_step': '2.21846'}
2025-11-03 14:44:34,934 - train_greyscale_FA_MoE.py - {'step': '168700', 'lr': '0.0002', 'total_loss': '0.0326109', 'main_loss': '0.0326109', 'time_per_step': '2.19703'}
2025-11-03 14:48:22,131 - train_greyscale_FA_MoE.py - {'step': '168800', 'lr': '0.0002', 'total_loss': '0.0270566', 'main_loss': '0.0270566', 'time_per_step': '2.20424'}
2025-11-03 14:52:09,269 - train_greyscale_FA_MoE.py - {'step': '168900', 'lr': '0.0002', 'total_loss': '0.030007', 'main_loss': '0.030007', 'time_per_step': '2.2218'}
2025-11-03 14:55:57,133 - train_greyscale_FA_MoE.py - {'step': '169000', 'lr': '0.0002', 'total_loss': '0.0249482', 'main_loss': '0.0249482', 'time_per_step': '2.18759'}
2025-11-03 14:59:44,999 - train_greyscale_FA_MoE.py - {'step': '169100', 'lr': '0.0002', 'total_loss': '0.0256675', 'main_loss': '0.0256675', 'time_per_step': '2.10851'}
2025-11-03 15:03:32,175 - train_greyscale_FA_MoE.py - {'step': '169200', 'lr': '0.0002', 'total_loss': '0.030617', 'main_loss': '0.030617', 'time_per_step': '2.15922'}
2025-11-03 15:07:20,085 - train_greyscale_FA_MoE.py - {'step': '169300', 'lr': '0.0002', 'total_loss': '0.0306188', 'main_loss': '0.0306188', 'time_per_step': '2.20863'}
2025-11-03 15:11:08,245 - train_greyscale_FA_MoE.py - {'step': '169400', 'lr': '0.0002', 'total_loss': '0.0307301', 'main_loss': '0.0307301', 'time_per_step': '2.22094'}
2025-11-03 15:14:56,093 - train_greyscale_FA_MoE.py - {'step': '169500', 'lr': '0.0002', 'total_loss': '0.0225145', 'main_loss': '0.0225145', 'time_per_step': '2.24671'}
2025-11-03 15:18:44,415 - train_greyscale_FA_MoE.py - {'step': '169600', 'lr': '0.0002', 'total_loss': '0.0211859', 'main_loss': '0.0211859', 'time_per_step': '2.21986'}
2025-11-03 15:22:32,920 - train_greyscale_FA_MoE.py - {'step': '169700', 'lr': '0.0002', 'total_loss': '0.0224007', 'main_loss': '0.0224007', 'time_per_step': '2.35275'}
2025-11-03 15:26:18,725 - train_greyscale_FA_MoE.py - {'step': '169800', 'lr': '0.0002', 'total_loss': '0.0306311', 'main_loss': '0.0306311', 'time_per_step': '2.19241'}
2025-11-03 15:30:05,235 - train_greyscale_FA_MoE.py - {'step': '169900', 'lr': '0.0002', 'total_loss': '0.0274788', 'main_loss': '0.0274788', 'time_per_step': '2.1761'}
2025-11-03 15:33:52,591 - train_greyscale_FA_MoE.py - {'step': '170000', 'lr': '0.0002', 'total_loss': '0.026799', 'main_loss': '0.026799', 'time_per_step': '2.20873'}
2025-11-03 15:37:39,514 - train_greyscale_FA_MoE.py - {'step': '170100', 'lr': '0.0002', 'total_loss': '0.0346888', 'main_loss': '0.0346888', 'time_per_step': '2.1685'}
2025-11-03 15:41:27,444 - train_greyscale_FA_MoE.py - {'step': '170200', 'lr': '0.0002', 'total_loss': '0.0305356', 'main_loss': '0.0305356', 'time_per_step': '2.21667'}
2025-11-03 15:45:15,038 - train_greyscale_FA_MoE.py - {'step': '170300', 'lr': '0.0002', 'total_loss': '0.0292671', 'main_loss': '0.0292671', 'time_per_step': '2.09149'}
2025-11-03 15:49:02,889 - train_greyscale_FA_MoE.py - {'step': '170400', 'lr': '0.0002', 'total_loss': '0.034293', 'main_loss': '0.034293', 'time_per_step': '2.1049'}
2025-11-03 15:52:50,855 - train_greyscale_FA_MoE.py - {'step': '170500', 'lr': '0.0002', 'total_loss': '0.0285538', 'main_loss': '0.0285538', 'time_per_step': '2.21444'}
2025-11-03 15:56:38,986 - train_greyscale_FA_MoE.py - {'step': '170600', 'lr': '0.0002', 'total_loss': '0.0279854', 'main_loss': '0.0279854', 'time_per_step': '2.19001'}
2025-11-03 16:00:27,041 - train_greyscale_FA_MoE.py - {'step': '170700', 'lr': '0.0002', 'total_loss': '0.029643', 'main_loss': '0.029643', 'time_per_step': '2.16345'}
2025-11-03 16:04:14,686 - train_greyscale_FA_MoE.py - {'step': '170800', 'lr': '0.0002', 'total_loss': '0.032225', 'main_loss': '0.032225', 'time_per_step': '2.23899'}
2025-11-03 16:08:01,698 - train_greyscale_FA_MoE.py - {'step': '170900', 'lr': '0.0002', 'total_loss': '0.027238', 'main_loss': '0.027238', 'time_per_step': '2.15509'}
2025-11-03 16:11:50,019 - train_greyscale_FA_MoE.py - {'step': '171000', 'lr': '0.0002', 'total_loss': '0.0291076', 'main_loss': '0.0291076', 'time_per_step': '2.2137'}
2025-11-03 16:15:37,269 - train_greyscale_FA_MoE.py - {'step': '171100', 'lr': '0.0002', 'total_loss': '0.0266377', 'main_loss': '0.0266377', 'time_per_step': '2.20728'}
2025-11-03 16:19:25,874 - train_greyscale_FA_MoE.py - {'step': '171200', 'lr': '0.0002', 'total_loss': '0.0281315', 'main_loss': '0.0281315', 'time_per_step': '2.26972'}
2025-11-03 16:23:13,701 - train_greyscale_FA_MoE.py - {'step': '171300', 'lr': '0.0002', 'total_loss': '0.0297271', 'main_loss': '0.0297271', 'time_per_step': '2.21813'}
2025-11-03 16:27:02,244 - train_greyscale_FA_MoE.py - {'step': '171400', 'lr': '0.0002', 'total_loss': '0.0340584', 'main_loss': '0.0340584', 'time_per_step': '2.22133'}
2025-11-03 16:30:49,712 - train_greyscale_FA_MoE.py - {'step': '171500', 'lr': '0.0002', 'total_loss': '0.0315492', 'main_loss': '0.0315492', 'time_per_step': '2.09768'}
2025-11-03 16:34:37,352 - train_greyscale_FA_MoE.py - {'step': '171600', 'lr': '0.0002', 'total_loss': '0.0326578', 'main_loss': '0.0326578', 'time_per_step': '2.11067'}
2025-11-03 16:38:25,973 - train_greyscale_FA_MoE.py - {'step': '171700', 'lr': '0.0002', 'total_loss': '0.0294689', 'main_loss': '0.0294689', 'time_per_step': '3.35213'}
2025-11-03 16:42:14,209 - train_greyscale_FA_MoE.py - {'step': '171800', 'lr': '0.0002', 'total_loss': '0.0260799', 'main_loss': '0.0260799', 'time_per_step': '2.22852'}
2025-11-03 16:42:19,777 - train_greyscale_FA_MoE.py - ckpt_root: output/acdc_wholeheart_uncond_fa_ec_moe_greyscale_uvit_mid_4by4_l6r9_minmax/ckpts
dataset:
  SNR_scale: 4.0
  Y_bound: !!python/tuple
  - 774.0
  Y_entropy: !!python/tuple
  - 5.287
  - 2.936
  - 3.005
  - 1.94
  - 2.216
  - 1.866
  - 1.186
  - 1.561
  - 1.581
  - 1.169
  - 1.024
  - 1.252
  - 1.071
  - 1.0
  - 1.0
  - 1.0
  Y_max: !!python/tuple
  - 774.0
  - 112.375
  - 125.812
  - 49.0
  - 58.5
  - 46.5
  - 20.344
  - 32.906
  - 33.406
  - 19.953
  - 15.953
  - 22.0
  - 16.984
  - 12.812
  - 11.68
  - 7.461
  Y_mean: !!python/tuple
  - 241.045
  - -0.725
  - 0.44
  - 0.107
  - 0.009
  - 0.154
  - -0.057
  - 0.0
  - -0.008
  - 0.019
  - 0.009
  - -0.012
  - 0.005
  - 0.002
  - 0.004
  - -0.002
  Y_min: !!python/tuple
  - 9.5
  - -119.312
  - -122.375
  - -51.25
  - -58.906
  - -49.5
  - -20.688
  - -32.906
  - -33.094
  - -19.891
  - -15.891
  - -21.75
  - -16.969
  - -12.773
  - -11.648
  - -7.492
  Y_std: !!python/tuple
  - 182.467
  - 32.821
  - 34.996
  - 14.001
  - 17.621
  - 13.189
  - 5.79
  - 9.609
  - 9.805
  - 5.652
  - 4.634
  - 6.502
  - 4.963
  - 3.796
  - 3.44
  - 2.178
  block_sz: 4
  dataset_type: wholeheart
  frequency_aware_tokens: true
  greyscale: true
  low_freqs: 12
  name: acdc_uncond
  num_fa_length: 6
  num_fa_repeats: 9
  num_fa_repeats_x: 3
  num_fa_repeats_y: 3
  path: data/scratch/datasets/ACDC/Unlabeled/Wholeheart
  resolution: 96
  reweight: true
  reweight_dim: -1
  tempature: 1.0
  tokens: 128
  tokenwise_normalization: minmax
lr_scheduler:
  name: customized
  warmup_steps: 5000
mixed_precision: 'no'
name: acdc_wholeheart_uncond_uvit_FA_EC_MoE_greyscale_mid_4by4
nnet:
  MoE:
    aux_loss_alpha: 0.0
    depth: 1
    noise_eps: 0.01
    num_experts: 4
    router: topk
    top_k: 2
    type: ecmoe
  depth: 16
  embed_dim: 768
  in_chans: 54
  low_freqs: 12
  mlp_ratio: 4
  mlp_time_embed: true
  name: uvit_greyscale_moe
  num_classes: -1
  num_heads: 12
  qkv_bias: false
  tokens: 128
  use_moe: true
optimizer:
  betas: !!python/tuple
  - 0.99
  - 0.99
  lr: 0.0002
  name: adamw
  weight_decay: 0.03
pred: noise_pred
private:
  accountant: prv
  dp_method: dpsgd
  max_grad_norm: 1.0
  noise_multiplier: 0.5
  secure_mode: false
  target_delta: 1.0e-05
  target_epsilon: 10
  use_dp: false
sample:
  algorithm: euler_maruyama_ode
  mini_batch_size: 500
  n_samples: 50000
  path: data/scratch/samples
  sample_steps: 100
  save_npz: ''
  save_start: 20000
sample_dir: output/acdc_wholeheart_uncond_fa_ec_moe_greyscale_uvit_mid_4by4_l6r9_minmax/samples
seed: 1234
train:
  batch_size: 512
  eval_interval: 25000
  log_interval: 100
  mode: uncond
  n_steps: 500000
  save_interval: 24000
workdir: output/acdc_wholeheart_uncond_fa_ec_moe_greyscale_uvit_mid_4by4_l6r9_minmax

2025-11-03 16:42:19,948 - train_greyscale_FA_MoE.py - dataset samples: 25023
2025-11-03 16:42:19,948 - train_greyscale_FA_MoE.py - Using minmax for positional token normalization
2025-11-03 16:42:28,876 - utils.py - nnet has 163145526 parameters
2025-11-03 16:42:29,521 - utils.py - resume from output/acdc_wholeheart_uncond_fa_ec_moe_greyscale_uvit_mid_4by4_l6r9_minmax/ckpts/150000.ckpt
2025-11-03 16:42:29,522 - utils.py - load from output/acdc_wholeheart_uncond_fa_ec_moe_greyscale_uvit_mid_4by4_l6r9_minmax/ckpts/150000.ckpt
2025-11-03 16:42:39,923 - train_greyscale_FA_MoE.py - using [5.287 2.936 3.005 1.94  2.216 1.866 1.186 1.561 1.581 1.169 1.024 1.252
 1.071 1.    1.    1.   ] for loss reweighting
2025-11-03 16:42:39,924 - train_greyscale_FA_MoE.py - Using temperature 1.0 for loss reweighting
2025-11-03 16:42:39,957 - train_greyscale_FA_MoE.py - Start fitting, step=150000, mixed_precision=no
2025-11-03 16:46:01,279 - train_greyscale_FA_MoE.py - {'step': '171900', 'lr': '0.0002', 'total_loss': '0.0273149', 'main_loss': '0.0273149', 'time_per_step': '2.15246'}
2025-11-03 16:47:46,392 - train_greyscale_FA_MoE.py - {'step': '150100', 'lr': '0.0002', 'total_loss': '0.0240352', 'main_loss': '0.0240352', 'time_per_step': '2.18911'}
2025-11-03 16:49:48,578 - train_greyscale_FA_MoE.py - {'step': '172000', 'lr': '0.0002', 'total_loss': '0.0317052', 'main_loss': '0.0317052', 'time_per_step': '2.23292'}
2025-11-03 16:51:32,975 - train_greyscale_FA_MoE.py - {'step': '150200', 'lr': '0.0002', 'total_loss': '0.024885', 'main_loss': '0.024885', 'time_per_step': '2.19588'}
2025-11-03 16:53:34,949 - train_greyscale_FA_MoE.py - {'step': '172100', 'lr': '0.0002', 'total_loss': '0.0295176', 'main_loss': '0.0295176', 'time_per_step': '2.18152'}
2025-11-03 16:55:18,776 - train_greyscale_FA_MoE.py - {'step': '150300', 'lr': '0.0002', 'total_loss': '0.0289494', 'main_loss': '0.0289494', 'time_per_step': '2.19164'}
2025-11-03 16:57:21,936 - train_greyscale_FA_MoE.py - {'step': '172200', 'lr': '0.0002', 'total_loss': '0.0311357', 'main_loss': '0.0311357', 'time_per_step': '2.21838'}
2025-11-03 16:59:04,147 - train_greyscale_FA_MoE.py - {'step': '150400', 'lr': '0.0002', 'total_loss': '0.0314052', 'main_loss': '0.0314052', 'time_per_step': '2.19767'}
2025-11-03 17:01:08,570 - train_greyscale_FA_MoE.py - {'step': '172300', 'lr': '0.0002', 'total_loss': '0.0317439', 'main_loss': '0.0317439', 'time_per_step': '2.19886'}
2025-11-03 17:02:50,562 - train_greyscale_FA_MoE.py - {'step': '150500', 'lr': '0.0002', 'total_loss': '0.0310081', 'main_loss': '0.0310081', 'time_per_step': '2.17769'}
2025-11-03 17:04:56,249 - train_greyscale_FA_MoE.py - {'step': '172400', 'lr': '0.0002', 'total_loss': '0.0275117', 'main_loss': '0.0275117', 'time_per_step': '2.25328'}
2025-11-03 17:06:37,280 - train_greyscale_FA_MoE.py - {'step': '150600', 'lr': '0.0002', 'total_loss': '0.0296775', 'main_loss': '0.0296775', 'time_per_step': '2.17026'}
2025-11-03 17:08:42,885 - train_greyscale_FA_MoE.py - {'step': '172500', 'lr': '0.0002', 'total_loss': '0.0341352', 'main_loss': '0.0341352', 'time_per_step': '2.20174'}
2025-11-03 17:10:24,090 - train_greyscale_FA_MoE.py - {'step': '150700', 'lr': '0.0002', 'total_loss': '0.0315834', 'main_loss': '0.0315834', 'time_per_step': '2.18514'}
2025-11-03 17:12:30,579 - train_greyscale_FA_MoE.py - {'step': '172600', 'lr': '0.0002', 'total_loss': '0.0315423', 'main_loss': '0.0315423', 'time_per_step': '2.20066'}
2025-11-03 17:14:09,679 - train_greyscale_FA_MoE.py - {'step': '150800', 'lr': '0.0002', 'total_loss': '0.0265383', 'main_loss': '0.0265383', 'time_per_step': '2.20058'}
2025-11-03 17:16:17,721 - train_greyscale_FA_MoE.py - {'step': '172700', 'lr': '0.0002', 'total_loss': '0.0358545', 'main_loss': '0.0358545', 'time_per_step': '2.12449'}
2025-11-03 17:17:56,358 - train_greyscale_FA_MoE.py - {'step': '150900', 'lr': '0.0002', 'total_loss': '0.0296437', 'main_loss': '0.0296437', 'time_per_step': '2.1767'}
2025-11-03 17:20:06,727 - train_greyscale_FA_MoE.py - {'step': '172800', 'lr': '0.0002', 'total_loss': '0.0273233', 'main_loss': '0.0273233', 'time_per_step': '2.10046'}
2025-11-03 17:21:42,019 - train_greyscale_FA_MoE.py - {'step': '151000', 'lr': '0.0002', 'total_loss': '0.0294734', 'main_loss': '0.0294734', 'time_per_step': '2.194'}
2025-11-03 17:23:54,096 - train_greyscale_FA_MoE.py - {'step': '172900', 'lr': '0.0002', 'total_loss': '0.024053', 'main_loss': '0.024053', 'time_per_step': '2.16802'}
2025-11-03 17:25:28,475 - train_greyscale_FA_MoE.py - {'step': '151100', 'lr': '0.0002', 'total_loss': '0.0295077', 'main_loss': '0.0295077', 'time_per_step': '2.20566'}
2025-11-03 17:27:41,494 - train_greyscale_FA_MoE.py - {'step': '173000', 'lr': '0.0002', 'total_loss': '0.0285287', 'main_loss': '0.0285287', 'time_per_step': '2.20919'}
2025-11-03 17:29:13,243 - train_greyscale_FA_MoE.py - {'step': '151200', 'lr': '0.0002', 'total_loss': '0.0408939', 'main_loss': '0.0408939', 'time_per_step': '2.10606'}
2025-11-03 17:31:29,345 - train_greyscale_FA_MoE.py - {'step': '173100', 'lr': '0.0002', 'total_loss': '0.0272031', 'main_loss': '0.0272031', 'time_per_step': '2.23614'}
2025-11-03 17:33:00,121 - train_greyscale_FA_MoE.py - {'step': '151300', 'lr': '0.0002', 'total_loss': '0.0320077', 'main_loss': '0.0320077', 'time_per_step': '2.24563'}
2025-11-03 17:35:17,019 - train_greyscale_FA_MoE.py - {'step': '173200', 'lr': '0.0002', 'total_loss': '0.0322514', 'main_loss': '0.0322514', 'time_per_step': '2.20726'}
2025-11-03 17:36:48,005 - train_greyscale_FA_MoE.py - {'step': '151400', 'lr': '0.0002', 'total_loss': '0.034477', 'main_loss': '0.034477', 'time_per_step': '2.18753'}
2025-11-03 17:39:03,530 - train_greyscale_FA_MoE.py - {'step': '173300', 'lr': '0.0002', 'total_loss': '0.0338075', 'main_loss': '0.0338075', 'time_per_step': '2.17628'}
2025-11-03 17:40:34,626 - train_greyscale_FA_MoE.py - {'step': '151500', 'lr': '0.0002', 'total_loss': '0.029949', 'main_loss': '0.029949', 'time_per_step': '2.18715'}
2025-11-03 17:42:50,754 - train_greyscale_FA_MoE.py - {'step': '173400', 'lr': '0.0002', 'total_loss': '0.0315714', 'main_loss': '0.0315714', 'time_per_step': '2.15548'}
2025-11-03 17:44:19,976 - train_greyscale_FA_MoE.py - {'step': '151600', 'lr': '0.0002', 'total_loss': '0.0296364', 'main_loss': '0.0296364', 'time_per_step': '2.19394'}
2025-11-03 17:46:37,941 - train_greyscale_FA_MoE.py - {'step': '173500', 'lr': '0.0002', 'total_loss': '0.0398799', 'main_loss': '0.0398799', 'time_per_step': '2.21254'}
2025-11-03 17:48:06,301 - train_greyscale_FA_MoE.py - {'step': '151700', 'lr': '0.0002', 'total_loss': '0.0395309', 'main_loss': '0.0395309', 'time_per_step': '2.17899'}
2025-11-03 17:50:24,592 - train_greyscale_FA_MoE.py - {'step': '173600', 'lr': '0.0002', 'total_loss': '0.0230654', 'main_loss': '0.0230654', 'time_per_step': '2.27381'}
2025-11-03 17:51:52,483 - train_greyscale_FA_MoE.py - {'step': '151800', 'lr': '0.0002', 'total_loss': '0.0267563', 'main_loss': '0.0267563', 'time_per_step': '2.1785'}
2025-11-03 17:54:11,472 - train_greyscale_FA_MoE.py - {'step': '173700', 'lr': '0.0002', 'total_loss': '0.027377', 'main_loss': '0.027377', 'time_per_step': '2.21827'}
2025-11-03 17:55:38,844 - train_greyscale_FA_MoE.py - {'step': '151900', 'lr': '0.0002', 'total_loss': '0.0234241', 'main_loss': '0.0234241', 'time_per_step': '2.18893'}
2025-11-03 17:57:58,650 - train_greyscale_FA_MoE.py - {'step': '173800', 'lr': '0.0002', 'total_loss': '0.0278292', 'main_loss': '0.0278292', 'time_per_step': '2.21599'}
2025-11-03 17:59:24,486 - train_greyscale_FA_MoE.py - {'step': '152000', 'lr': '0.0002', 'total_loss': '0.0230704', 'main_loss': '0.0230704', 'time_per_step': '2.20327'}
2025-11-03 18:01:45,494 - train_greyscale_FA_MoE.py - {'step': '173900', 'lr': '0.0002', 'total_loss': '0.0243616', 'main_loss': '0.0243616', 'time_per_step': '2.09672'}
2025-11-03 18:05:32,665 - train_greyscale_FA_MoE.py - {'step': '174000', 'lr': '0.0002', 'total_loss': '0.0288007', 'main_loss': '0.0288007', 'time_per_step': '2.37346'}
2025-11-03 18:09:19,239 - train_greyscale_FA_MoE.py - {'step': '174100', 'lr': '0.0002', 'total_loss': '0.0361442', 'main_loss': '0.0361442', 'time_per_step': '2.20183'}
2025-11-03 18:13:06,764 - train_greyscale_FA_MoE.py - {'step': '174200', 'lr': '0.0002', 'total_loss': '0.0317834', 'main_loss': '0.0317834', 'time_per_step': '2.20854'}
2025-11-03 18:16:53,939 - train_greyscale_FA_MoE.py - {'step': '174300', 'lr': '0.0002', 'total_loss': '0.0245864', 'main_loss': '0.0245864', 'time_per_step': '2.17407'}
2025-11-03 18:20:41,992 - train_greyscale_FA_MoE.py - {'step': '174400', 'lr': '0.0002', 'total_loss': '0.0297431', 'main_loss': '0.0297431', 'time_per_step': '2.2254'}
2025-11-03 18:24:29,531 - train_greyscale_FA_MoE.py - {'step': '174500', 'lr': '0.0002', 'total_loss': '0.0295971', 'main_loss': '0.0295971', 'time_per_step': '2.23594'}
2025-11-03 18:28:16,912 - train_greyscale_FA_MoE.py - {'step': '174600', 'lr': '0.0002', 'total_loss': '0.0292414', 'main_loss': '0.0292414', 'time_per_step': '2.21668'}
2025-11-03 18:32:04,421 - train_greyscale_FA_MoE.py - {'step': '174700', 'lr': '0.0002', 'total_loss': '0.0263115', 'main_loss': '0.0263115', 'time_per_step': '2.17228'}
2025-11-03 18:35:51,490 - train_greyscale_FA_MoE.py - {'step': '174800', 'lr': '0.0002', 'total_loss': '0.0326457', 'main_loss': '0.0326457', 'time_per_step': '2.20116'}
2025-11-03 18:39:37,885 - train_greyscale_FA_MoE.py - {'step': '174900', 'lr': '0.0002', 'total_loss': '0.0258638', 'main_loss': '0.0258638', 'time_per_step': '2.21016'}
2025-11-03 18:43:25,116 - train_greyscale_FA_MoE.py - {'step': '175000', 'lr': '0.0002', 'total_loss': '0.021426', 'main_loss': '0.021426', 'time_per_step': '2.22347'}
2025-11-03 18:43:25,138 - train_greyscale_FA_MoE.py - Save a grid of 16 samples into output/acdc_wholeheart_uncond_fa_ec_moe_greyscale_uvit_mid_4by4_l6r9_minmax/samples/175000.png by DPM-Solver
2025-11-03 18:43:30,879 - train_greyscale_FA_MoE.py - Saved sample grid image to output/acdc_wholeheart_uncond_fa_ec_moe_greyscale_uvit_mid_4by4_l6r9_minmax/samples/175000.png
2025-11-03 18:43:31,236 - train_greyscale_FA_MoE.py - Save and eval checkpoint 175000...
2025-11-03 18:43:33,650 - train_greyscale_FA_MoE.py - eval_step: n_samples=50000, sample_steps=50, algorithm=dpm_solver, mini_batch_size=500, samples save into output/acdc_wholeheart_uncond_fa_ec_moe_greyscale_uvit_mid_4by4_l6r9_minmax/samples/acdc_wholeheart_uncond_uvit_FA_EC_MoE_greyscale_mid_4by4_175000_dpm
2025-11-03 18:43:33,652 - train_greyscale_FA_MoE.py - Saved expert distribution of layer in_block_0 to output/acdc_wholeheart_uncond_fa_ec_moe_greyscale_uvit_mid_4by4_l6r9_minmax/samples/expert_distribution_in_block_0_step175000.npy
2025-11-03 18:43:35,036 - train_greyscale_FA_MoE.py - Saved expert distribution of layer out_block_7 to output/acdc_wholeheart_uncond_fa_ec_moe_greyscale_uvit_mid_4by4_l6r9_minmax/samples/expert_distribution_out_block_7_step175000.npy
2025-11-04 01:17:46,887 - train_greyscale_FA_MoE.py - ckpt_root: output/acdc_wholeheart_uncond_fa_ec_moe_greyscale_uvit_mid_4by4_l6r9_minmax/ckpts
dataset:
  SNR_scale: 4.0
  Y_bound: !!python/tuple
  - 774.0
  Y_entropy: !!python/tuple
  - 5.287
  - 2.936
  - 3.005
  - 1.94
  - 2.216
  - 1.866
  - 1.186
  - 1.561
  - 1.581
  - 1.169
  - 1.024
  - 1.252
  - 1.071
  - 1.0
  - 1.0
  - 1.0
  Y_max: !!python/tuple
  - 774.0
  - 112.375
  - 125.812
  - 49.0
  - 58.5
  - 46.5
  - 20.344
  - 32.906
  - 33.406
  - 19.953
  - 15.953
  - 22.0
  - 16.984
  - 12.812
  - 11.68
  - 7.461
  Y_mean: !!python/tuple
  - 241.045
  - -0.725
  - 0.44
  - 0.107
  - 0.009
  - 0.154
  - -0.057
  - 0.0
  - -0.008
  - 0.019
  - 0.009
  - -0.012
  - 0.005
  - 0.002
  - 0.004
  - -0.002
  Y_min: !!python/tuple
  - 9.5
  - -119.312
  - -122.375
  - -51.25
  - -58.906
  - -49.5
  - -20.688
  - -32.906
  - -33.094
  - -19.891
  - -15.891
  - -21.75
  - -16.969
  - -12.773
  - -11.648
  - -7.492
  Y_std: !!python/tuple
  - 182.467
  - 32.821
  - 34.996
  - 14.001
  - 17.621
  - 13.189
  - 5.79
  - 9.609
  - 9.805
  - 5.652
  - 4.634
  - 6.502
  - 4.963
  - 3.796
  - 3.44
  - 2.178
  block_sz: 4
  dataset_type: wholeheart
  frequency_aware_tokens: true
  greyscale: true
  low_freqs: 12
  name: acdc_uncond
  num_fa_length: 6
  num_fa_repeats: 9
  num_fa_repeats_x: 3
  num_fa_repeats_y: 3
  path: data/scratch/datasets/ACDC/Unlabeled/Wholeheart
  resolution: 96
  reweight: true
  reweight_dim: -1
  tempature: 1.0
  tokens: 128
  tokenwise_normalization: minmax
lr_scheduler:
  name: customized
  warmup_steps: 5000
mixed_precision: 'no'
name: acdc_wholeheart_uncond_uvit_FA_EC_MoE_greyscale_mid_4by4
nnet:
  MoE:
    aux_loss_alpha: 0.0
    depth: 1
    noise_eps: 0.01
    num_experts: 4
    router: topk
    top_k: 2
    type: ecmoe
  depth: 16
  embed_dim: 768
  in_chans: 54
  low_freqs: 12
  mlp_ratio: 4
  mlp_time_embed: true
  name: uvit_greyscale_moe
  num_classes: -1
  num_heads: 12
  qkv_bias: false
  tokens: 128
  use_moe: true
optimizer:
  betas: !!python/tuple
  - 0.99
  - 0.99
  lr: 0.0002
  name: adamw
  weight_decay: 0.03
pred: noise_pred
private:
  accountant: prv
  dp_method: dpsgd
  max_grad_norm: 1.0
  noise_multiplier: 0.5
  secure_mode: false
  target_delta: 1.0e-05
  target_epsilon: 10
  use_dp: false
sample:
  algorithm: euler_maruyama_ode
  mini_batch_size: 500
  n_samples: 50000
  path: data/scratch/samples
  sample_steps: 100
  save_npz: ''
  save_start: 20000
sample_dir: output/acdc_wholeheart_uncond_fa_ec_moe_greyscale_uvit_mid_4by4_l6r9_minmax/samples
seed: 1234
train:
  batch_size: 512
  eval_interval: 25100
  log_interval: 100
  mode: uncond
  n_steps: 500000
  save_interval: 25000
workdir: output/acdc_wholeheart_uncond_fa_ec_moe_greyscale_uvit_mid_4by4_l6r9_minmax

2025-11-04 01:17:47,032 - train_greyscale_FA_MoE.py - dataset samples: 25023
2025-11-04 01:17:47,033 - train_greyscale_FA_MoE.py - Using minmax for positional token normalization
2025-11-04 01:17:55,828 - utils.py - nnet has 163145526 parameters
2025-11-04 01:17:56,512 - utils.py - resume from output/acdc_wholeheart_uncond_fa_ec_moe_greyscale_uvit_mid_4by4_l6r9_minmax/ckpts/175000.ckpt
2025-11-04 01:17:56,512 - utils.py - load from output/acdc_wholeheart_uncond_fa_ec_moe_greyscale_uvit_mid_4by4_l6r9_minmax/ckpts/175000.ckpt
2025-11-04 01:18:06,290 - train_greyscale_FA_MoE.py - using [5.287 2.936 3.005 1.94  2.216 1.866 1.186 1.561 1.581 1.169 1.024 1.252
 1.071 1.    1.    1.   ] for loss reweighting
2025-11-04 01:18:06,292 - train_greyscale_FA_MoE.py - Using temperature 1.0 for loss reweighting
2025-11-04 01:18:06,323 - train_greyscale_FA_MoE.py - Start fitting, step=175000, mixed_precision=no
2025-11-04 01:23:21,212 - train_greyscale_FA_MoE.py - {'step': '175100', 'lr': '0.0002', 'total_loss': '0.0233151', 'main_loss': '0.0233151', 'time_per_step': '2.09578'}
2025-11-04 01:26:53,134 - train_greyscale_FA_MoE.py - {'step': '175200', 'lr': '0.0002', 'total_loss': '0.0239655', 'main_loss': '0.0239655', 'time_per_step': '2.10574'}
2025-11-04 01:30:25,223 - train_greyscale_FA_MoE.py - {'step': '175300', 'lr': '0.0002', 'total_loss': '0.028082', 'main_loss': '0.028082', 'time_per_step': '2.10156'}
2025-11-04 01:33:57,130 - train_greyscale_FA_MoE.py - {'step': '175400', 'lr': '0.0002', 'total_loss': '0.0304951', 'main_loss': '0.0304951', 'time_per_step': '2.0899'}
2025-11-04 01:37:28,939 - train_greyscale_FA_MoE.py - {'step': '175500', 'lr': '0.0002', 'total_loss': '0.0300737', 'main_loss': '0.0300737', 'time_per_step': '2.09643'}
2025-11-04 01:41:01,235 - train_greyscale_FA_MoE.py - {'step': '175600', 'lr': '0.0002', 'total_loss': '0.0286904', 'main_loss': '0.0286904', 'time_per_step': '2.10132'}
2025-11-04 01:44:33,248 - train_greyscale_FA_MoE.py - {'step': '175700', 'lr': '0.0002', 'total_loss': '0.0307101', 'main_loss': '0.0307101', 'time_per_step': '2.08824'}
2025-11-04 01:44:33,258 - train_greyscale_FA_MoE.py - Saved expert distribution of layer in_block_0 to output/acdc_wholeheart_uncond_fa_ec_moe_greyscale_uvit_mid_4by4_l6r9_minmax/samples/expert_distribution_in_block_0_step175700.npy
2025-11-04 01:44:34,745 - train_greyscale_FA_MoE.py - Saved expert distribution of layer out_block_7 to output/acdc_wholeheart_uncond_fa_ec_moe_greyscale_uvit_mid_4by4_l6r9_minmax/samples/expert_distribution_out_block_7_step175700.npy
2025-11-04 01:44:36,326 - train_greyscale_FA_MoE.py - Save a grid of 16 samples into output/acdc_wholeheart_uncond_fa_ec_moe_greyscale_uvit_mid_4by4_l6r9_minmax/samples/175700.png by DPM-Solver
2025-11-04 10:18:04,358 - train_greyscale_FA_MoE.py - ckpt_root: output/acdc_wholeheart_uncond_fa_ec_moe_greyscale_uvit_mid_4by4_l6r9_minmax/ckpts
dataset:
  SNR_scale: 4.0
  Y_bound: !!python/tuple
  - 774.0
  Y_entropy: !!python/tuple
  - 5.287
  - 2.936
  - 3.005
  - 1.94
  - 2.216
  - 1.866
  - 1.186
  - 1.561
  - 1.581
  - 1.169
  - 1.024
  - 1.252
  - 1.071
  - 1.0
  - 1.0
  - 1.0
  Y_max: !!python/tuple
  - 774.0
  - 112.375
  - 125.812
  - 49.0
  - 58.5
  - 46.5
  - 20.344
  - 32.906
  - 33.406
  - 19.953
  - 15.953
  - 22.0
  - 16.984
  - 12.812
  - 11.68
  - 7.461
  Y_mean: !!python/tuple
  - 241.045
  - -0.725
  - 0.44
  - 0.107
  - 0.009
  - 0.154
  - -0.057
  - 0.0
  - -0.008
  - 0.019
  - 0.009
  - -0.012
  - 0.005
  - 0.002
  - 0.004
  - -0.002
  Y_min: !!python/tuple
  - 9.5
  - -119.312
  - -122.375
  - -51.25
  - -58.906
  - -49.5
  - -20.688
  - -32.906
  - -33.094
  - -19.891
  - -15.891
  - -21.75
  - -16.969
  - -12.773
  - -11.648
  - -7.492
  Y_std: !!python/tuple
  - 182.467
  - 32.821
  - 34.996
  - 14.001
  - 17.621
  - 13.189
  - 5.79
  - 9.609
  - 9.805
  - 5.652
  - 4.634
  - 6.502
  - 4.963
  - 3.796
  - 3.44
  - 2.178
  block_sz: 4
  dataset_type: wholeheart
  frequency_aware_tokens: true
  greyscale: true
  low_freqs: 12
  name: acdc_uncond
  num_fa_length: 6
  num_fa_repeats: 9
  num_fa_repeats_x: 3
  num_fa_repeats_y: 3
  path: data/scratch/datasets/ACDC/Unlabeled/Wholeheart
  resolution: 96
  reweight: true
  reweight_dim: -1
  tempature: 1.0
  tokens: 128
  tokenwise_normalization: minmax
lr_scheduler:
  name: customized
  warmup_steps: 5000
mixed_precision: 'no'
name: acdc_wholeheart_uncond_uvit_FA_EC_MoE_greyscale_mid_4by4
nnet:
  MoE:
    aux_loss_alpha: 0.0
    depth: 1
    noise_eps: 0.01
    num_experts: 4
    router: topk
    top_k: 2
    type: ecmoe
  depth: 16
  embed_dim: 768
  in_chans: 54
  low_freqs: 12
  mlp_ratio: 4
  mlp_time_embed: true
  name: uvit_greyscale_moe
  num_classes: -1
  num_heads: 12
  qkv_bias: false
  tokens: 128
  use_moe: true
optimizer:
  betas: !!python/tuple
  - 0.99
  - 0.99
  lr: 0.0002
  name: adamw
  weight_decay: 0.03
pred: noise_pred
private:
  accountant: prv
  dp_method: dpsgd
  max_grad_norm: 1.0
  noise_multiplier: 0.5
  secure_mode: false
  target_delta: 1.0e-05
  target_epsilon: 10
  use_dp: false
sample:
  algorithm: euler_maruyama_ode
  mini_batch_size: 500
  n_samples: 50000
  path: data/scratch/samples
  sample_steps: 100
  save_npz: ''
  save_start: 20000
sample_dir: output/acdc_wholeheart_uncond_fa_ec_moe_greyscale_uvit_mid_4by4_l6r9_minmax/samples
seed: 1234
train:
  batch_size: 512
  eval_interval: 25000
  log_interval: 100
  mode: uncond
  n_steps: 500000
  save_interval: 25000
workdir: output/acdc_wholeheart_uncond_fa_ec_moe_greyscale_uvit_mid_4by4_l6r9_minmax

2025-11-04 10:18:04,501 - train_greyscale_FA_MoE.py - dataset samples: 25023
2025-11-04 10:18:04,501 - train_greyscale_FA_MoE.py - Using minmax for positional token normalization
2025-11-04 10:18:13,572 - utils.py - nnet has 163145526 parameters
2025-11-04 10:18:14,320 - utils.py - resume from output/acdc_wholeheart_uncond_fa_ec_moe_greyscale_uvit_mid_4by4_l6r9_minmax/ckpts/175000.ckpt
2025-11-04 10:18:14,321 - utils.py - load from output/acdc_wholeheart_uncond_fa_ec_moe_greyscale_uvit_mid_4by4_l6r9_minmax/ckpts/175000.ckpt
2025-11-04 10:18:24,350 - train_greyscale_FA_MoE.py - using [5.287 2.936 3.005 1.94  2.216 1.866 1.186 1.561 1.581 1.169 1.024 1.252
 1.071 1.    1.    1.   ] for loss reweighting
2025-11-04 10:18:24,351 - train_greyscale_FA_MoE.py - Using temperature 1.0 for loss reweighting
2025-11-04 10:18:24,665 - train_greyscale_FA_MoE.py - Start fitting, step=175000, mixed_precision=no
2025-11-04 10:23:54,028 - train_greyscale_FA_MoE.py - {'step': '175100', 'lr': '0.0002', 'total_loss': '0.0233151', 'main_loss': '0.0233151', 'time_per_step': '2.18594'}
2025-11-04 10:27:40,985 - train_greyscale_FA_MoE.py - {'step': '175200', 'lr': '0.0002', 'total_loss': '0.0239655', 'main_loss': '0.0239655', 'time_per_step': '2.1946'}
2025-11-04 10:31:28,591 - train_greyscale_FA_MoE.py - {'step': '175300', 'lr': '0.0002', 'total_loss': '0.028082', 'main_loss': '0.028082', 'time_per_step': '2.1736'}
2025-11-04 10:35:15,181 - train_greyscale_FA_MoE.py - {'step': '175400', 'lr': '0.0002', 'total_loss': '0.0304951', 'main_loss': '0.0304951', 'time_per_step': '2.17177'}
2025-11-04 10:39:01,906 - train_greyscale_FA_MoE.py - {'step': '175500', 'lr': '0.0002', 'total_loss': '0.0300737', 'main_loss': '0.0300737', 'time_per_step': '2.17795'}
2025-11-04 10:42:46,600 - train_greyscale_FA_MoE.py - {'step': '175600', 'lr': '0.0002', 'total_loss': '0.0286904', 'main_loss': '0.0286904', 'time_per_step': '2.17142'}
2025-11-04 10:46:32,717 - train_greyscale_FA_MoE.py - {'step': '175700', 'lr': '0.0002', 'total_loss': '0.0307101', 'main_loss': '0.0307101', 'time_per_step': '2.17615'}
2025-11-04 10:50:18,070 - train_greyscale_FA_MoE.py - {'step': '175800', 'lr': '0.0002', 'total_loss': '0.0256861', 'main_loss': '0.0256861', 'time_per_step': '2.18952'}
2025-11-04 10:54:03,375 - train_greyscale_FA_MoE.py - {'step': '175900', 'lr': '0.0002', 'total_loss': '0.0285513', 'main_loss': '0.0285513', 'time_per_step': '2.18189'}
2025-11-04 10:57:48,110 - train_greyscale_FA_MoE.py - {'step': '176000', 'lr': '0.0002', 'total_loss': '0.0286043', 'main_loss': '0.0286043', 'time_per_step': '2.18268'}
2025-11-04 11:01:33,245 - train_greyscale_FA_MoE.py - {'step': '176100', 'lr': '0.0002', 'total_loss': '0.0286818', 'main_loss': '0.0286818', 'time_per_step': '2.13333'}
2025-11-04 11:05:19,260 - train_greyscale_FA_MoE.py - {'step': '176200', 'lr': '0.0002', 'total_loss': '0.0396546', 'main_loss': '0.0396546', 'time_per_step': '2.08583'}
2025-11-04 11:09:05,392 - train_greyscale_FA_MoE.py - {'step': '176300', 'lr': '0.0002', 'total_loss': '0.0309484', 'main_loss': '0.0309484', 'time_per_step': '2.16771'}
2025-11-04 11:12:52,196 - train_greyscale_FA_MoE.py - {'step': '176400', 'lr': '0.0002', 'total_loss': '0.0336815', 'main_loss': '0.0336815', 'time_per_step': '2.18727'}
2025-11-04 11:16:37,648 - train_greyscale_FA_MoE.py - {'step': '176500', 'lr': '0.0002', 'total_loss': '0.0289978', 'main_loss': '0.0289978', 'time_per_step': '2.18471'}
2025-11-04 11:20:25,315 - train_greyscale_FA_MoE.py - {'step': '176600', 'lr': '0.0002', 'total_loss': '0.0288586', 'main_loss': '0.0288586', 'time_per_step': '2.23814'}
2025-11-04 11:24:12,668 - train_greyscale_FA_MoE.py - {'step': '176700', 'lr': '0.0002', 'total_loss': '0.0382992', 'main_loss': '0.0382992', 'time_per_step': '2.17514'}
2025-11-04 11:27:59,670 - train_greyscale_FA_MoE.py - {'step': '176800', 'lr': '0.0002', 'total_loss': '0.0258001', 'main_loss': '0.0258001', 'time_per_step': '2.16888'}
2025-11-04 11:31:48,184 - train_greyscale_FA_MoE.py - {'step': '176900', 'lr': '0.0002', 'total_loss': '0.0225706', 'main_loss': '0.0225706', 'time_per_step': '2.16924'}
2025-11-04 11:35:35,241 - train_greyscale_FA_MoE.py - {'step': '177000', 'lr': '0.0002', 'total_loss': '0.0224097', 'main_loss': '0.0224097', 'time_per_step': '2.16689'}
2025-11-04 11:39:19,842 - train_greyscale_FA_MoE.py - {'step': '177100', 'lr': '0.0002', 'total_loss': '0.0279554', 'main_loss': '0.0279554', 'time_per_step': '2.17231'}
2025-11-04 11:43:06,341 - train_greyscale_FA_MoE.py - {'step': '177200', 'lr': '0.0002', 'total_loss': '0.0299201', 'main_loss': '0.0299201', 'time_per_step': '2.17305'}
2025-11-04 11:46:55,092 - train_greyscale_FA_MoE.py - {'step': '177300', 'lr': '0.0002', 'total_loss': '0.0281325', 'main_loss': '0.0281325', 'time_per_step': '2.12548'}
2025-11-04 11:50:43,212 - train_greyscale_FA_MoE.py - {'step': '177400', 'lr': '0.0002', 'total_loss': '0.0310047', 'main_loss': '0.0310047', 'time_per_step': '2.087'}
2025-11-04 11:54:32,254 - train_greyscale_FA_MoE.py - {'step': '177500', 'lr': '0.0002', 'total_loss': '0.0280926', 'main_loss': '0.0280926', 'time_per_step': '2.14716'}
2025-11-04 11:58:18,318 - train_greyscale_FA_MoE.py - {'step': '177600', 'lr': '0.0002', 'total_loss': '0.0256887', 'main_loss': '0.0256887', 'time_per_step': '2.1906'}
2025-11-04 12:02:04,932 - train_greyscale_FA_MoE.py - {'step': '177700', 'lr': '0.0002', 'total_loss': '0.0212279', 'main_loss': '0.0212279', 'time_per_step': '2.17463'}
2025-11-04 12:05:51,709 - train_greyscale_FA_MoE.py - {'step': '177800', 'lr': '0.0002', 'total_loss': '0.0335904', 'main_loss': '0.0335904', 'time_per_step': '2.13032'}
2025-11-04 12:09:36,750 - train_greyscale_FA_MoE.py - {'step': '177900', 'lr': '0.0002', 'total_loss': '0.0278284', 'main_loss': '0.0278284', 'time_per_step': '2.18424'}
2025-11-04 12:13:26,303 - train_greyscale_FA_MoE.py - {'step': '178000', 'lr': '0.0002', 'total_loss': '0.0292124', 'main_loss': '0.0292124', 'time_per_step': '2.26562'}
2025-11-04 12:17:12,953 - train_greyscale_FA_MoE.py - {'step': '178100', 'lr': '0.0002', 'total_loss': '0.031655', 'main_loss': '0.031655', 'time_per_step': '2.15703'}
2025-11-04 12:21:01,463 - train_greyscale_FA_MoE.py - {'step': '178200', 'lr': '0.0002', 'total_loss': '0.0308123', 'main_loss': '0.0308123', 'time_per_step': '2.17501'}
2025-11-04 12:24:49,163 - train_greyscale_FA_MoE.py - {'step': '178300', 'lr': '0.0002', 'total_loss': '0.0357054', 'main_loss': '0.0357054', 'time_per_step': '2.22842'}
2025-11-04 12:28:36,829 - train_greyscale_FA_MoE.py - {'step': '178400', 'lr': '0.0002', 'total_loss': '0.0300743', 'main_loss': '0.0300743', 'time_per_step': '2.24747'}
2025-11-04 12:32:25,131 - train_greyscale_FA_MoE.py - {'step': '178500', 'lr': '0.0002', 'total_loss': '0.0329208', 'main_loss': '0.0329208', 'time_per_step': '2.09071'}
2025-11-04 12:36:13,312 - train_greyscale_FA_MoE.py - {'step': '178600', 'lr': '0.0002', 'total_loss': '0.035398', 'main_loss': '0.035398', 'time_per_step': '2.09584'}
2025-11-04 12:40:01,501 - train_greyscale_FA_MoE.py - {'step': '178700', 'lr': '0.0002', 'total_loss': '0.0253485', 'main_loss': '0.0253485', 'time_per_step': '2.21473'}
2025-11-04 12:43:49,835 - train_greyscale_FA_MoE.py - {'step': '178800', 'lr': '0.0002', 'total_loss': '0.0358047', 'main_loss': '0.0358047', 'time_per_step': '2.22064'}
2025-11-04 12:47:37,854 - train_greyscale_FA_MoE.py - {'step': '178900', 'lr': '0.0002', 'total_loss': '0.0259467', 'main_loss': '0.0259467', 'time_per_step': '2.20947'}
2025-11-04 12:51:26,316 - train_greyscale_FA_MoE.py - {'step': '179000', 'lr': '0.0002', 'total_loss': '0.02914', 'main_loss': '0.02914', 'time_per_step': '2.28797'}
2025-11-04 12:55:13,796 - train_greyscale_FA_MoE.py - {'step': '179100', 'lr': '0.0002', 'total_loss': '0.0308469', 'main_loss': '0.0308469', 'time_per_step': '2.22122'}
2025-11-04 12:59:02,200 - train_greyscale_FA_MoE.py - {'step': '179200', 'lr': '0.0002', 'total_loss': '0.0305353', 'main_loss': '0.0305353', 'time_per_step': '2.25029'}
2025-11-04 13:02:51,291 - train_greyscale_FA_MoE.py - {'step': '179300', 'lr': '0.0002', 'total_loss': '0.0295758', 'main_loss': '0.0295758', 'time_per_step': '2.24298'}
2025-11-04 13:06:38,600 - train_greyscale_FA_MoE.py - {'step': '179400', 'lr': '0.0002', 'total_loss': '0.0296734', 'main_loss': '0.0296734', 'time_per_step': '2.17704'}
2025-11-04 13:10:25,397 - train_greyscale_FA_MoE.py - {'step': '179500', 'lr': '0.0002', 'total_loss': '0.0324075', 'main_loss': '0.0324075', 'time_per_step': '2.2423'}
2025-11-04 13:14:13,573 - train_greyscale_FA_MoE.py - {'step': '179600', 'lr': '0.0002', 'total_loss': '0.0277818', 'main_loss': '0.0277818', 'time_per_step': '2.23343'}
2025-11-04 13:18:00,920 - train_greyscale_FA_MoE.py - {'step': '179700', 'lr': '0.0002', 'total_loss': '0.0281044', 'main_loss': '0.0281044', 'time_per_step': '2.08209'}
2025-11-04 13:21:48,713 - train_greyscale_FA_MoE.py - {'step': '179800', 'lr': '0.0002', 'total_loss': '0.026648', 'main_loss': '0.026648', 'time_per_step': '2.08762'}
2025-11-04 13:25:35,512 - train_greyscale_FA_MoE.py - {'step': '179900', 'lr': '0.0002', 'total_loss': '0.0250307', 'main_loss': '0.0250307', 'time_per_step': '2.2197'}
2025-11-04 13:29:22,717 - train_greyscale_FA_MoE.py - {'step': '180000', 'lr': '0.0002', 'total_loss': '0.0313463', 'main_loss': '0.0313463', 'time_per_step': '2.20885'}
2025-11-04 13:33:10,592 - train_greyscale_FA_MoE.py - {'step': '180100', 'lr': '0.0002', 'total_loss': '0.0292324', 'main_loss': '0.0292324', 'time_per_step': '2.22531'}
2025-11-04 13:36:58,943 - train_greyscale_FA_MoE.py - {'step': '180200', 'lr': '0.0002', 'total_loss': '0.0280575', 'main_loss': '0.0280575', 'time_per_step': '2.17592'}
2025-11-04 13:40:45,641 - train_greyscale_FA_MoE.py - {'step': '180300', 'lr': '0.0002', 'total_loss': '0.0265113', 'main_loss': '0.0265113', 'time_per_step': '2.26969'}
2025-11-04 13:44:32,445 - train_greyscale_FA_MoE.py - {'step': '180400', 'lr': '0.0002', 'total_loss': '0.0276748', 'main_loss': '0.0276748', 'time_per_step': '2.1675'}
2025-11-04 13:48:19,397 - train_greyscale_FA_MoE.py - {'step': '180500', 'lr': '0.0002', 'total_loss': '0.0282324', 'main_loss': '0.0282324', 'time_per_step': '2.241'}
2025-11-04 13:52:06,330 - train_greyscale_FA_MoE.py - {'step': '180600', 'lr': '0.0002', 'total_loss': '0.0324', 'main_loss': '0.0324', 'time_per_step': '2.19109'}
2025-11-04 13:55:53,947 - train_greyscale_FA_MoE.py - {'step': '180700', 'lr': '0.0002', 'total_loss': '0.0282405', 'main_loss': '0.0282405', 'time_per_step': '2.37266'}
2025-11-04 13:59:45,718 - train_greyscale_FA_MoE.py - {'step': '180800', 'lr': '0.0002', 'total_loss': '0.02461', 'main_loss': '0.02461', 'time_per_step': '2.23752'}
2025-11-04 14:03:36,579 - train_greyscale_FA_MoE.py - {'step': '180900', 'lr': '0.0002', 'total_loss': '0.030407', 'main_loss': '0.030407', 'time_per_step': '2.10434'}
2025-11-04 14:07:23,757 - train_greyscale_FA_MoE.py - {'step': '181000', 'lr': '0.0002', 'total_loss': '0.0358602', 'main_loss': '0.0358602', 'time_per_step': '2.10103'}
2025-11-04 14:11:11,471 - train_greyscale_FA_MoE.py - {'step': '181100', 'lr': '0.0002', 'total_loss': '0.0253635', 'main_loss': '0.0253635', 'time_per_step': '2.20331'}
2025-11-04 14:14:59,113 - train_greyscale_FA_MoE.py - {'step': '181200', 'lr': '0.0002', 'total_loss': '0.0309513', 'main_loss': '0.0309513', 'time_per_step': '2.20531'}
2025-11-04 14:18:47,128 - train_greyscale_FA_MoE.py - {'step': '181300', 'lr': '0.0002', 'total_loss': '0.0297598', 'main_loss': '0.0297598', 'time_per_step': '2.22419'}
2025-11-04 14:22:35,065 - train_greyscale_FA_MoE.py - {'step': '181400', 'lr': '0.0002', 'total_loss': '0.0254484', 'main_loss': '0.0254484', 'time_per_step': '2.19175'}
2025-11-04 14:26:21,750 - train_greyscale_FA_MoE.py - {'step': '181500', 'lr': '0.0002', 'total_loss': '0.0276401', 'main_loss': '0.0276401', 'time_per_step': '2.23748'}
2025-11-04 14:30:09,699 - train_greyscale_FA_MoE.py - {'step': '181600', 'lr': '0.0002', 'total_loss': '0.0273492', 'main_loss': '0.0273492', 'time_per_step': '2.20591'}
2025-11-04 14:33:57,555 - train_greyscale_FA_MoE.py - {'step': '181700', 'lr': '0.0002', 'total_loss': '0.0218839', 'main_loss': '0.0218839', 'time_per_step': '2.18047'}
2025-11-04 14:37:45,334 - train_greyscale_FA_MoE.py - {'step': '181800', 'lr': '0.0002', 'total_loss': '0.0320879', 'main_loss': '0.0320879', 'time_per_step': '2.20512'}
2025-11-04 14:41:32,070 - train_greyscale_FA_MoE.py - {'step': '181900', 'lr': '0.0002', 'total_loss': '0.028457', 'main_loss': '0.028457', 'time_per_step': '2.18808'}
2025-11-04 14:45:20,353 - train_greyscale_FA_MoE.py - {'step': '182000', 'lr': '0.0002', 'total_loss': '0.0274587', 'main_loss': '0.0274587', 'time_per_step': '2.2133'}
2025-11-04 14:49:07,442 - train_greyscale_FA_MoE.py - {'step': '182100', 'lr': '0.0002', 'total_loss': '0.0269399', 'main_loss': '0.0269399', 'time_per_step': '2.10182'}
2025-11-04 14:52:53,524 - train_greyscale_FA_MoE.py - {'step': '182200', 'lr': '0.0002', 'total_loss': '0.0289231', 'main_loss': '0.0289231', 'time_per_step': '2.09027'}
2025-11-04 14:56:40,883 - train_greyscale_FA_MoE.py - {'step': '182300', 'lr': '0.0002', 'total_loss': '0.0281503', 'main_loss': '0.0281503', 'time_per_step': '2.18001'}
2025-11-04 15:00:27,693 - train_greyscale_FA_MoE.py - {'step': '182400', 'lr': '0.0002', 'total_loss': '0.0308748', 'main_loss': '0.0308748', 'time_per_step': '2.20562'}
2025-11-04 15:04:15,413 - train_greyscale_FA_MoE.py - {'step': '182500', 'lr': '0.0002', 'total_loss': '0.0237213', 'main_loss': '0.0237213', 'time_per_step': '2.17593'}
2025-11-04 15:08:03,304 - train_greyscale_FA_MoE.py - {'step': '182600', 'lr': '0.0002', 'total_loss': '0.025929', 'main_loss': '0.025929', 'time_per_step': '2.21386'}
2025-11-04 15:11:50,009 - train_greyscale_FA_MoE.py - {'step': '182700', 'lr': '0.0002', 'total_loss': '0.0282217', 'main_loss': '0.0282217', 'time_per_step': '2.21798'}
2025-11-04 15:15:38,038 - train_greyscale_FA_MoE.py - {'step': '182800', 'lr': '0.0002', 'total_loss': '0.0264514', 'main_loss': '0.0264514', 'time_per_step': '2.22938'}
2025-11-04 15:19:25,946 - train_greyscale_FA_MoE.py - {'step': '182900', 'lr': '0.0002', 'total_loss': '0.0361937', 'main_loss': '0.0361937', 'time_per_step': '2.28027'}
2025-11-04 15:23:13,616 - train_greyscale_FA_MoE.py - {'step': '183000', 'lr': '0.0002', 'total_loss': '0.0286988', 'main_loss': '0.0286988', 'time_per_step': '2.18452'}
2025-11-04 15:26:58,501 - train_greyscale_FA_MoE.py - {'step': '183100', 'lr': '0.0002', 'total_loss': '0.0238061', 'main_loss': '0.0238061', 'time_per_step': '2.1418'}
2025-11-04 15:30:43,941 - train_greyscale_FA_MoE.py - {'step': '183200', 'lr': '0.0002', 'total_loss': '0.0283908', 'main_loss': '0.0283908', 'time_per_step': '2.20019'}
2025-11-04 15:34:32,794 - train_greyscale_FA_MoE.py - {'step': '183300', 'lr': '0.0002', 'total_loss': '0.0312983', 'main_loss': '0.0312983', 'time_per_step': '2.0918'}
2025-11-04 15:38:20,591 - train_greyscale_FA_MoE.py - {'step': '183400', 'lr': '0.0002', 'total_loss': '0.0318331', 'main_loss': '0.0318331', 'time_per_step': '2.10972'}
2025-11-04 15:42:08,489 - train_greyscale_FA_MoE.py - {'step': '183500', 'lr': '0.0002', 'total_loss': '0.0325434', 'main_loss': '0.0325434', 'time_per_step': '2.21'}
2025-11-04 15:45:57,948 - train_greyscale_FA_MoE.py - {'step': '183600', 'lr': '0.0002', 'total_loss': '0.0287205', 'main_loss': '0.0287205', 'time_per_step': '2.19699'}
2025-11-04 15:49:45,645 - train_greyscale_FA_MoE.py - {'step': '183700', 'lr': '0.0002', 'total_loss': '0.0300183', 'main_loss': '0.0300183', 'time_per_step': '2.19857'}
2025-11-04 15:53:33,194 - train_greyscale_FA_MoE.py - {'step': '183800', 'lr': '0.0002', 'total_loss': '0.0334215', 'main_loss': '0.0334215', 'time_per_step': '2.22267'}
2025-11-04 15:57:19,697 - train_greyscale_FA_MoE.py - {'step': '183900', 'lr': '0.0002', 'total_loss': '0.0242739', 'main_loss': '0.0242739', 'time_per_step': '2.22012'}
2025-11-04 16:01:06,750 - train_greyscale_FA_MoE.py - {'step': '184000', 'lr': '0.0002', 'total_loss': '0.0213286', 'main_loss': '0.0213286', 'time_per_step': '2.20666'}
2025-11-04 16:04:55,713 - train_greyscale_FA_MoE.py - {'step': '184100', 'lr': '0.0002', 'total_loss': '0.0276575', 'main_loss': '0.0276575', 'time_per_step': '2.2249'}
2025-11-04 16:08:43,068 - train_greyscale_FA_MoE.py - {'step': '184200', 'lr': '0.0002', 'total_loss': '0.0346601', 'main_loss': '0.0346601', 'time_per_step': '2.21236'}
2025-11-04 16:12:31,330 - train_greyscale_FA_MoE.py - {'step': '184300', 'lr': '0.0002', 'total_loss': '0.0312187', 'main_loss': '0.0312187', 'time_per_step': '2.22164'}
2025-11-04 16:16:19,294 - train_greyscale_FA_MoE.py - {'step': '184400', 'lr': '0.0002', 'total_loss': '0.0251508', 'main_loss': '0.0251508', 'time_per_step': '2.19408'}
2025-11-04 16:20:07,298 - train_greyscale_FA_MoE.py - {'step': '184500', 'lr': '0.0002', 'total_loss': '0.0335', 'main_loss': '0.0335', 'time_per_step': '2.1198'}
2025-11-04 16:23:54,444 - train_greyscale_FA_MoE.py - {'step': '184600', 'lr': '0.0002', 'total_loss': '0.0318171', 'main_loss': '0.0318171', 'time_per_step': '2.07957'}
2025-11-04 16:27:42,312 - train_greyscale_FA_MoE.py - {'step': '184700', 'lr': '0.0002', 'total_loss': '0.0349185', 'main_loss': '0.0349185', 'time_per_step': '2.36697'}
2025-11-04 16:31:31,662 - train_greyscale_FA_MoE.py - {'step': '184800', 'lr': '0.0002', 'total_loss': '0.0242389', 'main_loss': '0.0242389', 'time_per_step': '2.22336'}
2025-11-04 16:35:19,527 - train_greyscale_FA_MoE.py - {'step': '184900', 'lr': '0.0002', 'total_loss': '0.0273776', 'main_loss': '0.0273776', 'time_per_step': '2.21754'}
2025-11-04 16:39:21,218 - train_greyscale_FA_MoE.py - {'step': '185000', 'lr': '0.0002', 'total_loss': '0.0228508', 'main_loss': '0.0228508', 'time_per_step': '3.4786'}
2025-11-04 16:43:08,261 - train_greyscale_FA_MoE.py - {'step': '185100', 'lr': '0.0002', 'total_loss': '0.0354137', 'main_loss': '0.0354137', 'time_per_step': '2.22446'}
2025-11-04 16:46:57,025 - train_greyscale_FA_MoE.py - {'step': '185200', 'lr': '0.0002', 'total_loss': '0.0336747', 'main_loss': '0.0336747', 'time_per_step': '2.3174'}
2025-11-04 16:50:44,475 - train_greyscale_FA_MoE.py - {'step': '185300', 'lr': '0.0002', 'total_loss': '0.024279', 'main_loss': '0.024279', 'time_per_step': '2.1581'}
2025-11-04 16:54:33,569 - train_greyscale_FA_MoE.py - {'step': '185400', 'lr': '0.0002', 'total_loss': '0.0338607', 'main_loss': '0.0338607', 'time_per_step': '2.16442'}
2025-11-04 16:58:23,040 - train_greyscale_FA_MoE.py - {'step': '185500', 'lr': '0.0002', 'total_loss': '0.0244666', 'main_loss': '0.0244666', 'time_per_step': '2.21194'}
2025-11-04 17:02:11,206 - train_greyscale_FA_MoE.py - {'step': '185600', 'lr': '0.0002', 'total_loss': '0.0280738', 'main_loss': '0.0280738', 'time_per_step': '2.2147'}
2025-11-04 17:05:59,672 - train_greyscale_FA_MoE.py - {'step': '185700', 'lr': '0.0002', 'total_loss': '0.0312005', 'main_loss': '0.0312005', 'time_per_step': '2.0803'}
2025-11-04 17:09:45,957 - train_greyscale_FA_MoE.py - {'step': '185800', 'lr': '0.0002', 'total_loss': '0.0319509', 'main_loss': '0.0319509', 'time_per_step': '2.07923'}
2025-11-04 17:13:33,224 - train_greyscale_FA_MoE.py - {'step': '185900', 'lr': '0.0002', 'total_loss': '0.030221', 'main_loss': '0.030221', 'time_per_step': '2.19605'}
2025-11-04 17:17:20,489 - train_greyscale_FA_MoE.py - {'step': '186000', 'lr': '0.0002', 'total_loss': '0.040301', 'main_loss': '0.040301', 'time_per_step': '2.20923'}
2025-11-04 17:21:09,969 - train_greyscale_FA_MoE.py - {'step': '186100', 'lr': '0.0002', 'total_loss': '0.0261612', 'main_loss': '0.0261612', 'time_per_step': '2.16277'}
2025-11-04 17:24:57,174 - train_greyscale_FA_MoE.py - {'step': '186200', 'lr': '0.0002', 'total_loss': '0.0312055', 'main_loss': '0.0312055', 'time_per_step': '2.25308'}
2025-11-04 17:28:43,074 - train_greyscale_FA_MoE.py - {'step': '186300', 'lr': '0.0002', 'total_loss': '0.0284176', 'main_loss': '0.0284176', 'time_per_step': '2.20595'}
2025-11-04 17:32:29,991 - train_greyscale_FA_MoE.py - {'step': '186400', 'lr': '0.0002', 'total_loss': '0.0328483', 'main_loss': '0.0328483', 'time_per_step': '2.19808'}
2025-11-04 17:36:16,803 - train_greyscale_FA_MoE.py - {'step': '186500', 'lr': '0.0002', 'total_loss': '0.0357154', 'main_loss': '0.0357154', 'time_per_step': '2.17994'}
2025-11-04 17:40:03,639 - train_greyscale_FA_MoE.py - {'step': '186600', 'lr': '0.0002', 'total_loss': '0.0311279', 'main_loss': '0.0311279', 'time_per_step': '2.22624'}
2025-11-04 17:43:49,775 - train_greyscale_FA_MoE.py - {'step': '186700', 'lr': '0.0002', 'total_loss': '0.0295037', 'main_loss': '0.0295037', 'time_per_step': '2.19356'}
2025-11-04 17:47:37,661 - train_greyscale_FA_MoE.py - {'step': '186800', 'lr': '0.0002', 'total_loss': '0.0319468', 'main_loss': '0.0319468', 'time_per_step': '2.21068'}
2025-11-04 17:51:25,470 - train_greyscale_FA_MoE.py - {'step': '186900', 'lr': '0.0002', 'total_loss': '0.0292882', 'main_loss': '0.0292882', 'time_per_step': '2.15988'}
2025-11-04 17:55:11,503 - train_greyscale_FA_MoE.py - {'step': '187000', 'lr': '0.0002', 'total_loss': '0.0318568', 'main_loss': '0.0318568', 'time_per_step': '2.09506'}
2025-11-04 17:58:58,307 - train_greyscale_FA_MoE.py - {'step': '187100', 'lr': '0.0002', 'total_loss': '0.0201552', 'main_loss': '0.0201552', 'time_per_step': '2.18401'}
2025-11-04 18:02:46,679 - train_greyscale_FA_MoE.py - {'step': '187200', 'lr': '0.0002', 'total_loss': '0.0330664', 'main_loss': '0.0330664', 'time_per_step': '2.21228'}
2025-11-04 18:06:34,710 - train_greyscale_FA_MoE.py - {'step': '187300', 'lr': '0.0002', 'total_loss': '0.0280314', 'main_loss': '0.0280314', 'time_per_step': '2.22122'}
2025-11-04 18:10:21,870 - train_greyscale_FA_MoE.py - {'step': '187400', 'lr': '0.0002', 'total_loss': '0.0287548', 'main_loss': '0.0287548', 'time_per_step': '2.18922'}
2025-11-04 18:14:08,108 - train_greyscale_FA_MoE.py - {'step': '187500', 'lr': '0.0002', 'total_loss': '0.0358576', 'main_loss': '0.0358576', 'time_per_step': '2.22187'}
2025-11-04 18:17:55,855 - train_greyscale_FA_MoE.py - {'step': '187600', 'lr': '0.0002', 'total_loss': '0.0344979', 'main_loss': '0.0344979', 'time_per_step': '2.25725'}
2025-11-04 18:21:43,390 - train_greyscale_FA_MoE.py - {'step': '187700', 'lr': '0.0002', 'total_loss': '0.0249747', 'main_loss': '0.0249747', 'time_per_step': '2.17191'}
2025-11-04 18:25:30,518 - train_greyscale_FA_MoE.py - {'step': '187800', 'lr': '0.0002', 'total_loss': '0.028272', 'main_loss': '0.028272', 'time_per_step': '2.20577'}
2025-11-04 18:29:17,093 - train_greyscale_FA_MoE.py - {'step': '187900', 'lr': '0.0002', 'total_loss': '0.025838', 'main_loss': '0.025838', 'time_per_step': '2.22981'}
2025-11-04 18:33:05,346 - train_greyscale_FA_MoE.py - {'step': '188000', 'lr': '0.0002', 'total_loss': '0.028956', 'main_loss': '0.028956', 'time_per_step': '2.1914'}
2025-11-04 18:36:52,655 - train_greyscale_FA_MoE.py - {'step': '188100', 'lr': '0.0002', 'total_loss': '0.0284686', 'main_loss': '0.0284686', 'time_per_step': '2.07694'}
2025-11-04 18:40:39,835 - train_greyscale_FA_MoE.py - {'step': '188200', 'lr': '0.0002', 'total_loss': '0.0284063', 'main_loss': '0.0284063', 'time_per_step': '2.09803'}
2025-11-04 18:44:26,619 - train_greyscale_FA_MoE.py - {'step': '188300', 'lr': '0.0002', 'total_loss': '0.0227962', 'main_loss': '0.0227962', 'time_per_step': '2.21082'}
2025-11-04 18:48:13,876 - train_greyscale_FA_MoE.py - {'step': '188400', 'lr': '0.0002', 'total_loss': '0.0229859', 'main_loss': '0.0229859', 'time_per_step': '2.21274'}
2025-11-04 18:52:00,569 - train_greyscale_FA_MoE.py - {'step': '188500', 'lr': '0.0002', 'total_loss': '0.0321003', 'main_loss': '0.0321003', 'time_per_step': '2.18233'}
2025-11-04 18:55:47,335 - train_greyscale_FA_MoE.py - {'step': '188600', 'lr': '0.0002', 'total_loss': '0.0241845', 'main_loss': '0.0241845', 'time_per_step': '2.18732'}
2025-11-04 18:59:33,570 - train_greyscale_FA_MoE.py - {'step': '188700', 'lr': '0.0002', 'total_loss': '0.0319097', 'main_loss': '0.0319097', 'time_per_step': '2.24077'}
2025-11-04 19:03:22,015 - train_greyscale_FA_MoE.py - {'step': '188800', 'lr': '0.0002', 'total_loss': '0.026929', 'main_loss': '0.026929', 'time_per_step': '2.20143'}
2025-11-04 19:07:10,450 - train_greyscale_FA_MoE.py - {'step': '188900', 'lr': '0.0002', 'total_loss': '0.0244549', 'main_loss': '0.0244549', 'time_per_step': '2.19327'}
2025-11-04 19:10:57,466 - train_greyscale_FA_MoE.py - {'step': '189000', 'lr': '0.0002', 'total_loss': '0.0286762', 'main_loss': '0.0286762', 'time_per_step': '2.18596'}
2025-11-04 19:14:43,664 - train_greyscale_FA_MoE.py - {'step': '189100', 'lr': '0.0002', 'total_loss': '0.031521', 'main_loss': '0.031521', 'time_per_step': '2.20451'}
2025-11-04 19:18:31,592 - train_greyscale_FA_MoE.py - {'step': '189200', 'lr': '0.0002', 'total_loss': '0.0239383', 'main_loss': '0.0239383', 'time_per_step': '2.18101'}
2025-11-04 19:22:19,111 - train_greyscale_FA_MoE.py - {'step': '189300', 'lr': '0.0002', 'total_loss': '0.027888', 'main_loss': '0.027888', 'time_per_step': '2.09427'}
2025-11-04 19:26:05,512 - train_greyscale_FA_MoE.py - {'step': '189400', 'lr': '0.0002', 'total_loss': '0.0384973', 'main_loss': '0.0384973', 'time_per_step': '2.09'}
2025-11-04 19:29:52,032 - train_greyscale_FA_MoE.py - {'step': '189500', 'lr': '0.0002', 'total_loss': '0.0330824', 'main_loss': '0.0330824', 'time_per_step': '2.18175'}
2025-11-04 19:33:39,729 - train_greyscale_FA_MoE.py - {'step': '189600', 'lr': '0.0002', 'total_loss': '0.02838', 'main_loss': '0.02838', 'time_per_step': '2.20411'}
2025-11-04 19:37:27,174 - train_greyscale_FA_MoE.py - {'step': '189700', 'lr': '0.0002', 'total_loss': '0.033529', 'main_loss': '0.033529', 'time_per_step': '2.24212'}
2025-11-04 19:41:14,373 - train_greyscale_FA_MoE.py - {'step': '189800', 'lr': '0.0002', 'total_loss': '0.026423', 'main_loss': '0.026423', 'time_per_step': '2.19356'}
2025-11-04 19:45:00,512 - train_greyscale_FA_MoE.py - {'step': '189900', 'lr': '0.0002', 'total_loss': '0.0256697', 'main_loss': '0.0256697', 'time_per_step': '2.1918'}
2025-11-04 19:48:47,548 - train_greyscale_FA_MoE.py - {'step': '190000', 'lr': '0.0002', 'total_loss': '0.0264809', 'main_loss': '0.0264809', 'time_per_step': '2.20585'}
2025-11-04 19:52:34,664 - train_greyscale_FA_MoE.py - {'step': '190100', 'lr': '0.0002', 'total_loss': '0.0270546', 'main_loss': '0.0270546', 'time_per_step': '2.19797'}
2025-11-04 19:56:21,499 - train_greyscale_FA_MoE.py - {'step': '190200', 'lr': '0.0002', 'total_loss': '0.0292849', 'main_loss': '0.0292849', 'time_per_step': '2.17555'}
2025-11-04 20:00:07,395 - train_greyscale_FA_MoE.py - {'step': '190300', 'lr': '0.0002', 'total_loss': '0.0275186', 'main_loss': '0.0275186', 'time_per_step': '2.18922'}
2025-11-04 20:03:55,556 - train_greyscale_FA_MoE.py - {'step': '190400', 'lr': '0.0002', 'total_loss': '0.0228032', 'main_loss': '0.0228032', 'time_per_step': '2.25249'}
2025-11-04 20:07:42,114 - train_greyscale_FA_MoE.py - {'step': '190500', 'lr': '0.0002', 'total_loss': '0.0264591', 'main_loss': '0.0264591', 'time_per_step': '2.09277'}
2025-11-04 20:11:29,575 - train_greyscale_FA_MoE.py - {'step': '190600', 'lr': '0.0002', 'total_loss': '0.0313434', 'main_loss': '0.0313434', 'time_per_step': '2.09202'}
2025-11-04 20:15:16,405 - train_greyscale_FA_MoE.py - {'step': '190700', 'lr': '0.0002', 'total_loss': '0.0246769', 'main_loss': '0.0246769', 'time_per_step': '2.1986'}
2025-11-04 20:19:03,660 - train_greyscale_FA_MoE.py - {'step': '190800', 'lr': '0.0002', 'total_loss': '0.0297384', 'main_loss': '0.0297384', 'time_per_step': '2.23206'}
2025-11-04 20:22:50,454 - train_greyscale_FA_MoE.py - {'step': '190900', 'lr': '0.0002', 'total_loss': '0.0263431', 'main_loss': '0.0263431', 'time_per_step': '2.19829'}
2025-11-04 20:26:38,060 - train_greyscale_FA_MoE.py - {'step': '191000', 'lr': '0.0002', 'total_loss': '0.0303845', 'main_loss': '0.0303845', 'time_per_step': '2.20318'}
2025-11-04 20:30:23,735 - train_greyscale_FA_MoE.py - {'step': '191100', 'lr': '0.0002', 'total_loss': '0.0301961', 'main_loss': '0.0301961', 'time_per_step': '2.18111'}
2025-11-04 20:34:10,960 - train_greyscale_FA_MoE.py - {'step': '191200', 'lr': '0.0002', 'total_loss': '0.0291575', 'main_loss': '0.0291575', 'time_per_step': '2.19587'}
2025-11-04 20:37:58,453 - train_greyscale_FA_MoE.py - {'step': '191300', 'lr': '0.0002', 'total_loss': '0.0269576', 'main_loss': '0.0269576', 'time_per_step': '2.17352'}
2025-11-04 20:41:45,363 - train_greyscale_FA_MoE.py - {'step': '191400', 'lr': '0.0002', 'total_loss': '0.0294079', 'main_loss': '0.0294079', 'time_per_step': '2.20912'}
2025-11-04 20:45:31,316 - train_greyscale_FA_MoE.py - {'step': '191500', 'lr': '0.0002', 'total_loss': '0.0236593', 'main_loss': '0.0236593', 'time_per_step': '2.17817'}
2025-11-04 20:49:18,374 - train_greyscale_FA_MoE.py - {'step': '191600', 'lr': '0.0002', 'total_loss': '0.0232591', 'main_loss': '0.0232591', 'time_per_step': '2.20946'}
2025-11-04 20:53:05,546 - train_greyscale_FA_MoE.py - {'step': '191700', 'lr': '0.0002', 'total_loss': '0.0244774', 'main_loss': '0.0244774', 'time_per_step': '2.09254'}
2025-11-04 20:56:50,700 - train_greyscale_FA_MoE.py - {'step': '191800', 'lr': '0.0002', 'total_loss': '0.0297417', 'main_loss': '0.0297417', 'time_per_step': '2.07964'}
2025-11-04 21:00:38,180 - train_greyscale_FA_MoE.py - {'step': '191900', 'lr': '0.0002', 'total_loss': '0.0290226', 'main_loss': '0.0290226', 'time_per_step': '2.18085'}
2025-11-04 21:04:26,256 - train_greyscale_FA_MoE.py - {'step': '192000', 'lr': '0.0002', 'total_loss': '0.0236938', 'main_loss': '0.0236938', 'time_per_step': '2.27374'}
2025-11-04 21:08:12,903 - train_greyscale_FA_MoE.py - {'step': '192100', 'lr': '0.0002', 'total_loss': '0.0278876', 'main_loss': '0.0278876', 'time_per_step': '2.14826'}
2025-11-04 21:11:59,077 - train_greyscale_FA_MoE.py - {'step': '192200', 'lr': '0.0002', 'total_loss': '0.0304773', 'main_loss': '0.0304773', 'time_per_step': '2.21976'}
2025-11-04 21:15:47,454 - train_greyscale_FA_MoE.py - {'step': '192300', 'lr': '0.0002', 'total_loss': '0.0293253', 'main_loss': '0.0293253', 'time_per_step': '2.20501'}
2025-11-04 21:19:34,468 - train_greyscale_FA_MoE.py - {'step': '192400', 'lr': '0.0002', 'total_loss': '0.023864', 'main_loss': '0.023864', 'time_per_step': '2.20533'}
2025-11-04 21:23:21,633 - train_greyscale_FA_MoE.py - {'step': '192500', 'lr': '0.0002', 'total_loss': '0.028486', 'main_loss': '0.028486', 'time_per_step': '2.20357'}
2025-11-04 21:27:08,039 - train_greyscale_FA_MoE.py - {'step': '192600', 'lr': '0.0002', 'total_loss': '0.0230926', 'main_loss': '0.0230926', 'time_per_step': '2.20216'}
2025-11-04 21:30:55,812 - train_greyscale_FA_MoE.py - {'step': '192700', 'lr': '0.0002', 'total_loss': '0.0260799', 'main_loss': '0.0260799', 'time_per_step': '2.26582'}
2025-11-04 21:34:42,875 - train_greyscale_FA_MoE.py - {'step': '192800', 'lr': '0.0002', 'total_loss': '0.026077', 'main_loss': '0.026077', 'time_per_step': '2.20149'}
2025-11-04 21:38:29,832 - train_greyscale_FA_MoE.py - {'step': '192900', 'lr': '0.0002', 'total_loss': '0.0287352', 'main_loss': '0.0287352', 'time_per_step': '2.09303'}
2025-11-04 21:42:15,739 - train_greyscale_FA_MoE.py - {'step': '193000', 'lr': '0.0002', 'total_loss': '0.0273593', 'main_loss': '0.0273593', 'time_per_step': '2.07967'}
2025-11-04 21:46:03,010 - train_greyscale_FA_MoE.py - {'step': '193100', 'lr': '0.0002', 'total_loss': '0.0253402', 'main_loss': '0.0253402', 'time_per_step': '2.20325'}
2025-11-04 21:49:50,500 - train_greyscale_FA_MoE.py - {'step': '193200', 'lr': '0.0002', 'total_loss': '0.0311658', 'main_loss': '0.0311658', 'time_per_step': '2.19934'}
2025-11-04 21:53:37,650 - train_greyscale_FA_MoE.py - {'step': '193300', 'lr': '0.0002', 'total_loss': '0.0314342', 'main_loss': '0.0314342', 'time_per_step': '2.21364'}
2025-11-04 21:57:24,016 - train_greyscale_FA_MoE.py - {'step': '193400', 'lr': '0.0002', 'total_loss': '0.0286248', 'main_loss': '0.0286248', 'time_per_step': '2.1904'}
2025-11-04 22:01:11,327 - train_greyscale_FA_MoE.py - {'step': '193500', 'lr': '0.0002', 'total_loss': '0.0324397', 'main_loss': '0.0324397', 'time_per_step': '2.22967'}
2025-11-04 22:04:58,786 - train_greyscale_FA_MoE.py - {'step': '193600', 'lr': '0.0002', 'total_loss': '0.0310032', 'main_loss': '0.0310032', 'time_per_step': '2.2056'}
2025-11-04 22:08:47,052 - train_greyscale_FA_MoE.py - {'step': '193700', 'lr': '0.0002', 'total_loss': '0.0316077', 'main_loss': '0.0316077', 'time_per_step': '2.20411'}
2025-11-04 22:12:33,379 - train_greyscale_FA_MoE.py - {'step': '193800', 'lr': '0.0002', 'total_loss': '0.0263913', 'main_loss': '0.0263913', 'time_per_step': '2.22939'}
2025-11-04 22:16:20,157 - train_greyscale_FA_MoE.py - {'step': '193900', 'lr': '0.0002', 'total_loss': '0.0294039', 'main_loss': '0.0294039', 'time_per_step': '2.1985'}
2025-11-04 22:20:06,542 - train_greyscale_FA_MoE.py - {'step': '194000', 'lr': '0.0002', 'total_loss': '0.0241379', 'main_loss': '0.0241379', 'time_per_step': '2.21158'}
2025-11-04 22:23:53,437 - train_greyscale_FA_MoE.py - {'step': '194100', 'lr': '0.0002', 'total_loss': '0.0249889', 'main_loss': '0.0249889', 'time_per_step': '2.07851'}
2025-11-04 22:27:39,155 - train_greyscale_FA_MoE.py - {'step': '194200', 'lr': '0.0002', 'total_loss': '0.0298182', 'main_loss': '0.0298182', 'time_per_step': '2.09059'}
2025-11-04 22:31:27,276 - train_greyscale_FA_MoE.py - {'step': '194300', 'lr': '0.0002', 'total_loss': '0.029863', 'main_loss': '0.029863', 'time_per_step': '2.24283'}
2025-11-04 22:35:13,869 - train_greyscale_FA_MoE.py - {'step': '194400', 'lr': '0.0002', 'total_loss': '0.0299319', 'main_loss': '0.0299319', 'time_per_step': '2.14454'}
2025-11-04 22:39:01,106 - train_greyscale_FA_MoE.py - {'step': '194500', 'lr': '0.0002', 'total_loss': '0.0219571', 'main_loss': '0.0219571', 'time_per_step': '2.20904'}
2025-11-04 22:42:47,752 - train_greyscale_FA_MoE.py - {'step': '194600', 'lr': '0.0002', 'total_loss': '0.0206145', 'main_loss': '0.0206145', 'time_per_step': '2.19896'}
2025-11-04 22:46:34,182 - train_greyscale_FA_MoE.py - {'step': '194700', 'lr': '0.0002', 'total_loss': '0.021734', 'main_loss': '0.021734', 'time_per_step': '2.18279'}
2025-11-04 22:50:21,435 - train_greyscale_FA_MoE.py - {'step': '194800', 'lr': '0.0002', 'total_loss': '0.0298994', 'main_loss': '0.0298994', 'time_per_step': '2.14512'}
2025-11-04 22:54:08,982 - train_greyscale_FA_MoE.py - {'step': '194900', 'lr': '0.0002', 'total_loss': '0.0267665', 'main_loss': '0.0267665', 'time_per_step': '2.21019'}
2025-11-04 22:57:57,294 - train_greyscale_FA_MoE.py - {'step': '195000', 'lr': '0.0002', 'total_loss': '0.0261288', 'main_loss': '0.0261288', 'time_per_step': '2.25047'}
2025-11-04 23:01:44,095 - train_greyscale_FA_MoE.py - {'step': '195100', 'lr': '0.0002', 'total_loss': '0.0336776', 'main_loss': '0.0336776', 'time_per_step': '2.20454'}
2025-11-04 23:05:31,297 - train_greyscale_FA_MoE.py - {'step': '195200', 'lr': '0.0002', 'total_loss': '0.0296917', 'main_loss': '0.0296917', 'time_per_step': '2.23273'}
2025-11-04 23:09:18,502 - train_greyscale_FA_MoE.py - {'step': '195300', 'lr': '0.0002', 'total_loss': '0.0284594', 'main_loss': '0.0284594', 'time_per_step': '2.08276'}
2025-11-04 23:13:03,813 - train_greyscale_FA_MoE.py - {'step': '195400', 'lr': '0.0002', 'total_loss': '0.0334393', 'main_loss': '0.0334393', 'time_per_step': '2.09072'}
2025-11-04 23:16:51,716 - train_greyscale_FA_MoE.py - {'step': '195500', 'lr': '0.0002', 'total_loss': '0.0277405', 'main_loss': '0.0277405', 'time_per_step': '2.18079'}
2025-11-04 23:20:39,295 - train_greyscale_FA_MoE.py - {'step': '195600', 'lr': '0.0002', 'total_loss': '0.0274005', 'main_loss': '0.0274005', 'time_per_step': '2.1899'}
2025-11-04 23:24:27,146 - train_greyscale_FA_MoE.py - {'step': '195700', 'lr': '0.0002', 'total_loss': '0.0287387', 'main_loss': '0.0287387', 'time_per_step': '2.22993'}
2025-11-04 23:28:13,552 - train_greyscale_FA_MoE.py - {'step': '195800', 'lr': '0.0002', 'total_loss': '0.0313707', 'main_loss': '0.0313707', 'time_per_step': '2.24629'}
2025-11-04 23:32:00,101 - train_greyscale_FA_MoE.py - {'step': '195900', 'lr': '0.0002', 'total_loss': '0.026443', 'main_loss': '0.026443', 'time_per_step': '2.22466'}
2025-11-04 23:35:46,650 - train_greyscale_FA_MoE.py - {'step': '196000', 'lr': '0.0002', 'total_loss': '0.0282901', 'main_loss': '0.0282901', 'time_per_step': '2.19578'}
2025-11-04 23:39:33,907 - train_greyscale_FA_MoE.py - {'step': '196100', 'lr': '0.0002', 'total_loss': '0.0259626', 'main_loss': '0.0259626', 'time_per_step': '2.1897'}
2025-11-04 23:43:19,976 - train_greyscale_FA_MoE.py - {'step': '196200', 'lr': '0.0002', 'total_loss': '0.0274883', 'main_loss': '0.0274883', 'time_per_step': '2.20425'}
2025-11-04 23:47:07,179 - train_greyscale_FA_MoE.py - {'step': '196300', 'lr': '0.0002', 'total_loss': '0.0290508', 'main_loss': '0.0290508', 'time_per_step': '2.21314'}
2025-11-04 23:50:55,056 - train_greyscale_FA_MoE.py - {'step': '196400', 'lr': '0.0002', 'total_loss': '0.033122', 'main_loss': '0.033122', 'time_per_step': '2.1673'}
2025-11-04 23:54:41,557 - train_greyscale_FA_MoE.py - {'step': '196500', 'lr': '0.0002', 'total_loss': '0.0307457', 'main_loss': '0.0307457', 'time_per_step': '2.07434'}
2025-11-04 23:58:27,188 - train_greyscale_FA_MoE.py - {'step': '196600', 'lr': '0.0002', 'total_loss': '0.0318496', 'main_loss': '0.0318496', 'time_per_step': '2.18627'}
2025-11-05 00:02:14,858 - train_greyscale_FA_MoE.py - {'step': '196700', 'lr': '0.0002', 'total_loss': '0.0287362', 'main_loss': '0.0287362', 'time_per_step': '2.19933'}
2025-11-05 00:06:01,660 - train_greyscale_FA_MoE.py - {'step': '196800', 'lr': '0.0002', 'total_loss': '0.025435', 'main_loss': '0.025435', 'time_per_step': '2.24356'}
2025-11-05 00:09:48,979 - train_greyscale_FA_MoE.py - {'step': '196900', 'lr': '0.0002', 'total_loss': '0.0266126', 'main_loss': '0.0266126', 'time_per_step': '2.20457'}
2025-11-05 00:13:35,402 - train_greyscale_FA_MoE.py - {'step': '197000', 'lr': '0.0002', 'total_loss': '0.0308036', 'main_loss': '0.0308036', 'time_per_step': '2.19096'}
2025-11-05 00:17:22,383 - train_greyscale_FA_MoE.py - {'step': '197100', 'lr': '0.0002', 'total_loss': '0.0287103', 'main_loss': '0.0287103', 'time_per_step': '2.19353'}
2025-11-05 00:21:09,250 - train_greyscale_FA_MoE.py - {'step': '197200', 'lr': '0.0002', 'total_loss': '0.0302082', 'main_loss': '0.0302082', 'time_per_step': '2.23271'}
2025-11-05 00:24:56,478 - train_greyscale_FA_MoE.py - {'step': '197300', 'lr': '0.0002', 'total_loss': '0.0310331', 'main_loss': '0.0310331', 'time_per_step': '2.2847'}
2025-11-05 00:28:42,659 - train_greyscale_FA_MoE.py - {'step': '197400', 'lr': '0.0002', 'total_loss': '0.0269324', 'main_loss': '0.0269324', 'time_per_step': '2.20848'}
2025-11-05 00:32:29,861 - train_greyscale_FA_MoE.py - {'step': '197500', 'lr': '0.0002', 'total_loss': '0.0332677', 'main_loss': '0.0332677', 'time_per_step': '2.18772'}
2025-11-05 00:36:17,189 - train_greyscale_FA_MoE.py - {'step': '197600', 'lr': '0.0002', 'total_loss': '0.0308079', 'main_loss': '0.0308079', 'time_per_step': '2.18607'}
2025-11-05 00:40:04,218 - train_greyscale_FA_MoE.py - {'step': '197700', 'lr': '0.0002', 'total_loss': '0.034907', 'main_loss': '0.034907', 'time_per_step': '2.09176'}
2025-11-05 00:43:50,131 - train_greyscale_FA_MoE.py - {'step': '197800', 'lr': '0.0002', 'total_loss': '0.0265683', 'main_loss': '0.0265683', 'time_per_step': '2.10283'}
2025-11-05 00:47:38,735 - train_greyscale_FA_MoE.py - {'step': '197900', 'lr': '0.0002', 'total_loss': '0.023526', 'main_loss': '0.023526', 'time_per_step': '2.21122'}
2025-11-05 00:51:26,247 - train_greyscale_FA_MoE.py - {'step': '198000', 'lr': '0.0002', 'total_loss': '0.0278368', 'main_loss': '0.0278368', 'time_per_step': '2.27721'}
2025-11-05 00:55:13,460 - train_greyscale_FA_MoE.py - {'step': '198100', 'lr': '0.0002', 'total_loss': '0.0264542', 'main_loss': '0.0264542', 'time_per_step': '2.16917'}
2025-11-05 00:58:59,351 - train_greyscale_FA_MoE.py - {'step': '198200', 'lr': '0.0002', 'total_loss': '0.0314571', 'main_loss': '0.0314571', 'time_per_step': '2.14777'}
2025-11-05 01:02:47,389 - train_greyscale_FA_MoE.py - {'step': '198300', 'lr': '0.0002', 'total_loss': '0.0330283', 'main_loss': '0.0330283', 'time_per_step': '2.21936'}
2025-11-05 01:06:33,664 - train_greyscale_FA_MoE.py - {'step': '198400', 'lr': '0.0002', 'total_loss': '0.0308193', 'main_loss': '0.0308193', 'time_per_step': '2.14317'}
2025-11-05 01:10:21,064 - train_greyscale_FA_MoE.py - {'step': '198500', 'lr': '0.0002', 'total_loss': '0.0388664', 'main_loss': '0.0388664', 'time_per_step': '2.22708'}
2025-11-05 01:14:07,122 - train_greyscale_FA_MoE.py - {'step': '198600', 'lr': '0.0002', 'total_loss': '0.0223899', 'main_loss': '0.0223899', 'time_per_step': '2.21838'}
2025-11-05 01:17:54,717 - train_greyscale_FA_MoE.py - {'step': '198700', 'lr': '0.0002', 'total_loss': '0.0267532', 'main_loss': '0.0267532', 'time_per_step': '2.15569'}
2025-11-05 01:21:41,581 - train_greyscale_FA_MoE.py - {'step': '198800', 'lr': '0.0002', 'total_loss': '0.0270663', 'main_loss': '0.0270663', 'time_per_step': '2.19106'}
2025-11-05 01:25:27,380 - train_greyscale_FA_MoE.py - {'step': '198900', 'lr': '0.0002', 'total_loss': '0.0236145', 'main_loss': '0.0236145', 'time_per_step': '2.08436'}
2025-11-05 01:29:14,285 - train_greyscale_FA_MoE.py - {'step': '199000', 'lr': '0.0002', 'total_loss': '0.0280543', 'main_loss': '0.0280543', 'time_per_step': '2.07814'}
2025-11-05 01:33:01,700 - train_greyscale_FA_MoE.py - {'step': '199100', 'lr': '0.0002', 'total_loss': '0.0352314', 'main_loss': '0.0352314', 'time_per_step': '2.205'}
2025-11-05 01:36:48,519 - train_greyscale_FA_MoE.py - {'step': '199200', 'lr': '0.0002', 'total_loss': '0.0310032', 'main_loss': '0.0310032', 'time_per_step': '2.20999'}
2025-11-05 01:40:34,829 - train_greyscale_FA_MoE.py - {'step': '199300', 'lr': '0.0002', 'total_loss': '0.0240298', 'main_loss': '0.0240298', 'time_per_step': '2.18306'}
2025-11-05 01:44:22,536 - train_greyscale_FA_MoE.py - {'step': '199400', 'lr': '0.0002', 'total_loss': '0.0290231', 'main_loss': '0.0290231', 'time_per_step': '2.19914'}
2025-11-05 01:48:09,825 - train_greyscale_FA_MoE.py - {'step': '199500', 'lr': '0.0002', 'total_loss': '0.029008', 'main_loss': '0.029008', 'time_per_step': '2.22798'}
2025-11-05 01:51:57,079 - train_greyscale_FA_MoE.py - {'step': '199600', 'lr': '0.0002', 'total_loss': '0.0286443', 'main_loss': '0.0286443', 'time_per_step': '2.23826'}
2025-11-05 01:55:42,892 - train_greyscale_FA_MoE.py - {'step': '199700', 'lr': '0.0002', 'total_loss': '0.0256579', 'main_loss': '0.0256579', 'time_per_step': '2.20509'}
2025-11-05 01:59:29,943 - train_greyscale_FA_MoE.py - {'step': '199800', 'lr': '0.0002', 'total_loss': '0.0318855', 'main_loss': '0.0318855', 'time_per_step': '2.17381'}
2025-11-05 02:03:17,931 - train_greyscale_FA_MoE.py - {'step': '199900', 'lr': '0.0002', 'total_loss': '0.0252296', 'main_loss': '0.0252296', 'time_per_step': '2.20358'}
2025-11-05 02:07:04,767 - train_greyscale_FA_MoE.py - {'step': '200000', 'lr': '0.0002', 'total_loss': '0.0208198', 'main_loss': '0.0208198', 'time_per_step': '2.21117'}
2025-11-05 02:07:04,811 - train_greyscale_FA_MoE.py - Saved expert distribution of layer in_block_0 to output/acdc_wholeheart_uncond_fa_ec_moe_greyscale_uvit_mid_4by4_l6r9_minmax/samples/expert_distribution_in_block_0_step200000.npy
2025-11-05 02:07:06,689 - train_greyscale_FA_MoE.py - Saved expert distribution of layer out_block_7 to output/acdc_wholeheart_uncond_fa_ec_moe_greyscale_uvit_mid_4by4_l6r9_minmax/samples/expert_distribution_out_block_7_step200000.npy
2025-11-05 02:07:08,128 - train_greyscale_FA_MoE.py - Save a grid of 16 samples into output/acdc_wholeheart_uncond_fa_ec_moe_greyscale_uvit_mid_4by4_l6r9_minmax/samples/200000.png by DPM-Solver
2025-11-05 02:07:14,017 - train_greyscale_FA_MoE.py - Finished saving sample grid to output/acdc_wholeheart_uncond_fa_ec_moe_greyscale_uvit_mid_4by4_l6r9_minmax/samples/200000.png by DPM-Solver.
2025-11-05 02:07:14,363 - train_greyscale_FA_MoE.py - Save and eval checkpoint 200000...
2025-11-05 02:07:16,844 - train_greyscale_FA_MoE.py - eval_step: n_samples=50000, sample_steps=50, algorithm=dpm_solver, mini_batch_size=500, samples save into output/acdc_wholeheart_uncond_fa_ec_moe_greyscale_uvit_mid_4by4_l6r9_minmax/samples/acdc_wholeheart_uncond_uvit_FA_EC_MoE_greyscale_mid_4by4_200000_dpm
2025-11-05 02:57:17,607 - train_greyscale_FA_MoE.py - step=200000 fid50000=21.795480182150413
2025-11-05 03:02:36,052 - train_greyscale_FA_MoE.py - {'step': '200100', 'lr': '0.0002', 'total_loss': '0.0272861', 'main_loss': '0.0272861', 'time_per_step': '2.11711'}
2025-11-05 03:06:21,694 - train_greyscale_FA_MoE.py - {'step': '200200', 'lr': '0.0002', 'total_loss': '0.0254239', 'main_loss': '0.0254239', 'time_per_step': '2.09349'}
2025-11-05 03:10:09,362 - train_greyscale_FA_MoE.py - {'step': '200300', 'lr': '0.0002', 'total_loss': '0.0259482', 'main_loss': '0.0259482', 'time_per_step': '2.19407'}
2025-11-05 03:13:57,335 - train_greyscale_FA_MoE.py - {'step': '200400', 'lr': '0.0002', 'total_loss': '0.02931', 'main_loss': '0.02931', 'time_per_step': '2.36943'}
2025-11-05 03:17:43,730 - train_greyscale_FA_MoE.py - {'step': '200500', 'lr': '0.0002', 'total_loss': '0.0343547', 'main_loss': '0.0343547', 'time_per_step': '2.22154'}
2025-11-05 03:21:29,586 - train_greyscale_FA_MoE.py - {'step': '200600', 'lr': '0.0002', 'total_loss': '0.0300424', 'main_loss': '0.0300424', 'time_per_step': '2.19275'}
2025-11-05 03:25:17,367 - train_greyscale_FA_MoE.py - {'step': '200700', 'lr': '0.0002', 'total_loss': '0.0252772', 'main_loss': '0.0252772', 'time_per_step': '2.21473'}
2025-11-05 03:29:05,487 - train_greyscale_FA_MoE.py - {'step': '200800', 'lr': '0.0002', 'total_loss': '0.0264106', 'main_loss': '0.0264106', 'time_per_step': '2.21319'}
2025-11-05 03:32:52,888 - train_greyscale_FA_MoE.py - {'step': '200900', 'lr': '0.0002', 'total_loss': '0.0264723', 'main_loss': '0.0264723', 'time_per_step': '2.21777'}
2025-11-05 03:36:38,873 - train_greyscale_FA_MoE.py - {'step': '201000', 'lr': '0.0002', 'total_loss': '0.0318978', 'main_loss': '0.0318978', 'time_per_step': '2.21253'}
2025-11-05 03:40:25,798 - train_greyscale_FA_MoE.py - {'step': '201100', 'lr': '0.0002', 'total_loss': '0.0345261', 'main_loss': '0.0345261', 'time_per_step': '2.26765'}
2025-11-05 03:44:13,146 - train_greyscale_FA_MoE.py - {'step': '201200', 'lr': '0.0002', 'total_loss': '0.0281245', 'main_loss': '0.0281245', 'time_per_step': '2.22254'}
2025-11-05 03:48:00,530 - train_greyscale_FA_MoE.py - {'step': '201300', 'lr': '0.0002', 'total_loss': '0.02193', 'main_loss': '0.02193', 'time_per_step': '2.09587'}
2025-11-05 03:51:46,438 - train_greyscale_FA_MoE.py - {'step': '201400', 'lr': '0.0002', 'total_loss': '0.0291175', 'main_loss': '0.0291175', 'time_per_step': '2.10268'}
2025-11-05 03:55:34,574 - train_greyscale_FA_MoE.py - {'step': '201500', 'lr': '0.0002', 'total_loss': '0.0222884', 'main_loss': '0.0222884', 'time_per_step': '2.2068'}
2025-11-05 03:59:21,178 - train_greyscale_FA_MoE.py - {'step': '201600', 'lr': '0.0002', 'total_loss': '0.0306376', 'main_loss': '0.0306376', 'time_per_step': '2.19433'}
2025-11-05 04:03:10,133 - train_greyscale_FA_MoE.py - {'step': '201700', 'lr': '0.0002', 'total_loss': '0.0289157', 'main_loss': '0.0289157', 'time_per_step': '2.22348'}
2025-11-05 04:06:56,291 - train_greyscale_FA_MoE.py - {'step': '201800', 'lr': '0.0002', 'total_loss': '0.0306572', 'main_loss': '0.0306572', 'time_per_step': '2.24479'}
2025-11-05 04:10:43,721 - train_greyscale_FA_MoE.py - {'step': '201900', 'lr': '0.0002', 'total_loss': '0.0275042', 'main_loss': '0.0275042', 'time_per_step': '2.24028'}
2025-11-05 04:14:31,035 - train_greyscale_FA_MoE.py - {'step': '202000', 'lr': '0.0002', 'total_loss': '0.0320083', 'main_loss': '0.0320083', 'time_per_step': '2.2013'}
2025-11-05 04:18:19,993 - train_greyscale_FA_MoE.py - {'step': '202100', 'lr': '0.0002', 'total_loss': '0.0315778', 'main_loss': '0.0315778', 'time_per_step': '2.19629'}
2025-11-05 04:22:06,144 - train_greyscale_FA_MoE.py - {'step': '202200', 'lr': '0.0002', 'total_loss': '0.0205996', 'main_loss': '0.0205996', 'time_per_step': '2.2103'}
2025-11-05 04:25:53,553 - train_greyscale_FA_MoE.py - {'step': '202300', 'lr': '0.0002', 'total_loss': '0.0276563', 'main_loss': '0.0276563', 'time_per_step': '2.21858'}
2025-11-05 04:29:40,990 - train_greyscale_FA_MoE.py - {'step': '202400', 'lr': '0.0002', 'total_loss': '0.0327402', 'main_loss': '0.0327402', 'time_per_step': '2.1878'}
2025-11-05 04:33:28,799 - train_greyscale_FA_MoE.py - {'step': '202500', 'lr': '0.0002', 'total_loss': '0.030485', 'main_loss': '0.030485', 'time_per_step': '2.09631'}
2025-11-05 04:37:14,359 - train_greyscale_FA_MoE.py - {'step': '202600', 'lr': '0.0002', 'total_loss': '0.0268972', 'main_loss': '0.0268972', 'time_per_step': '2.095'}
2025-11-05 04:41:02,624 - train_greyscale_FA_MoE.py - {'step': '202700', 'lr': '0.0002', 'total_loss': '0.0370223', 'main_loss': '0.0370223', 'time_per_step': '2.16986'}
2025-11-05 04:44:50,875 - train_greyscale_FA_MoE.py - {'step': '202800', 'lr': '0.0002', 'total_loss': '0.0366543', 'main_loss': '0.0366543', 'time_per_step': '2.25506'}
2025-11-05 04:48:38,262 - train_greyscale_FA_MoE.py - {'step': '202900', 'lr': '0.0002', 'total_loss': '0.0290717', 'main_loss': '0.0290717', 'time_per_step': '2.22361'}
2025-11-05 04:52:24,299 - train_greyscale_FA_MoE.py - {'step': '203000', 'lr': '0.0002', 'total_loss': '0.0307081', 'main_loss': '0.0307081', 'time_per_step': '2.19015'}
2025-11-05 04:56:11,657 - train_greyscale_FA_MoE.py - {'step': '203100', 'lr': '0.0002', 'total_loss': '0.0280292', 'main_loss': '0.0280292', 'time_per_step': '2.21505'}
2025-11-05 04:59:59,079 - train_greyscale_FA_MoE.py - {'step': '203200', 'lr': '0.0002', 'total_loss': '0.0324192', 'main_loss': '0.0324192', 'time_per_step': '2.19778'}
2025-11-05 05:03:46,485 - train_greyscale_FA_MoE.py - {'step': '203300', 'lr': '0.0002', 'total_loss': '0.0237794', 'main_loss': '0.0237794', 'time_per_step': '2.19779'}
2025-11-05 05:07:32,721 - train_greyscale_FA_MoE.py - {'step': '203400', 'lr': '0.0002', 'total_loss': '0.0284055', 'main_loss': '0.0284055', 'time_per_step': '2.2174'}
2025-11-05 05:11:22,502 - train_greyscale_FA_MoE.py - {'step': '203500', 'lr': '0.0002', 'total_loss': '0.0272624', 'main_loss': '0.0272624', 'time_per_step': '2.16714'}
2025-11-05 05:15:11,009 - train_greyscale_FA_MoE.py - {'step': '203600', 'lr': '0.0002', 'total_loss': '0.0290063', 'main_loss': '0.0290063', 'time_per_step': '2.18588'}
2025-11-05 05:18:58,040 - train_greyscale_FA_MoE.py - {'step': '203700', 'lr': '0.0002', 'total_loss': '0.0290665', 'main_loss': '0.0290665', 'time_per_step': '2.09473'}
2025-11-05 05:22:44,390 - train_greyscale_FA_MoE.py - {'step': '203800', 'lr': '0.0002', 'total_loss': '0.0347395', 'main_loss': '0.0347395', 'time_per_step': '2.08419'}
2025-11-05 05:26:32,892 - train_greyscale_FA_MoE.py - {'step': '203900', 'lr': '0.0002', 'total_loss': '0.0253018', 'main_loss': '0.0253018', 'time_per_step': '2.2211'}
2025-11-05 05:30:20,797 - train_greyscale_FA_MoE.py - {'step': '204000', 'lr': '0.0002', 'total_loss': '0.030908', 'main_loss': '0.030908', 'time_per_step': '2.21126'}
2025-11-05 05:34:08,020 - train_greyscale_FA_MoE.py - {'step': '204100', 'lr': '0.0002', 'total_loss': '0.0259286', 'main_loss': '0.0259286', 'time_per_step': '2.19183'}
2025-11-05 05:37:54,393 - train_greyscale_FA_MoE.py - {'step': '204200', 'lr': '0.0002', 'total_loss': '0.0243543', 'main_loss': '0.0243543', 'time_per_step': '2.18332'}
2025-11-05 05:41:41,886 - train_greyscale_FA_MoE.py - {'step': '204300', 'lr': '0.0002', 'total_loss': '0.029822', 'main_loss': '0.029822', 'time_per_step': '2.22057'}
2025-11-05 05:45:29,903 - train_greyscale_FA_MoE.py - {'step': '204400', 'lr': '0.0002', 'total_loss': '0.0277732', 'main_loss': '0.0277732', 'time_per_step': '2.22649'}
2025-11-05 05:49:17,605 - train_greyscale_FA_MoE.py - {'step': '204500', 'lr': '0.0002', 'total_loss': '0.0297887', 'main_loss': '0.0297887', 'time_per_step': '2.19025'}
2025-11-05 05:53:04,115 - train_greyscale_FA_MoE.py - {'step': '204600', 'lr': '0.0002', 'total_loss': '0.0286119', 'main_loss': '0.0286119', 'time_per_step': '2.19423'}
2025-11-05 05:56:52,165 - train_greyscale_FA_MoE.py - {'step': '204700', 'lr': '0.0002', 'total_loss': '0.0264869', 'main_loss': '0.0264869', 'time_per_step': '2.2106'}
2025-11-05 06:00:39,746 - train_greyscale_FA_MoE.py - {'step': '204800', 'lr': '0.0002', 'total_loss': '0.031913', 'main_loss': '0.031913', 'time_per_step': '2.22495'}
2025-11-05 06:04:28,254 - train_greyscale_FA_MoE.py - {'step': '204900', 'lr': '0.0002', 'total_loss': '0.0246852', 'main_loss': '0.0246852', 'time_per_step': '2.09228'}
2025-11-05 06:08:14,288 - train_greyscale_FA_MoE.py - {'step': '205000', 'lr': '0.0002', 'total_loss': '0.0277017', 'main_loss': '0.0277017', 'time_per_step': '2.09623'}
2025-11-05 06:12:02,020 - train_greyscale_FA_MoE.py - {'step': '205100', 'lr': '0.0002', 'total_loss': '0.0320488', 'main_loss': '0.0320488', 'time_per_step': '2.20406'}
2025-11-05 06:15:49,515 - train_greyscale_FA_MoE.py - {'step': '205200', 'lr': '0.0002', 'total_loss': '0.0279484', 'main_loss': '0.0279484', 'time_per_step': '2.19584'}
2025-11-05 06:19:37,956 - train_greyscale_FA_MoE.py - {'step': '205300', 'lr': '0.0002', 'total_loss': '0.0265561', 'main_loss': '0.0265561', 'time_per_step': '2.21829'}
2025-11-05 06:23:24,790 - train_greyscale_FA_MoE.py - {'step': '205400', 'lr': '0.0002', 'total_loss': '0.0296363', 'main_loss': '0.0296363', 'time_per_step': '2.21943'}
2025-11-05 06:27:11,903 - train_greyscale_FA_MoE.py - {'step': '205500', 'lr': '0.0002', 'total_loss': '0.0301373', 'main_loss': '0.0301373', 'time_per_step': '2.22897'}
2025-11-05 06:30:59,722 - train_greyscale_FA_MoE.py - {'step': '205600', 'lr': '0.0002', 'total_loss': '0.030061', 'main_loss': '0.030061', 'time_per_step': '2.1887'}
2025-11-05 06:34:47,827 - train_greyscale_FA_MoE.py - {'step': '205700', 'lr': '0.0002', 'total_loss': '0.0296473', 'main_loss': '0.0296473', 'time_per_step': '2.18251'}
2025-11-05 06:38:34,428 - train_greyscale_FA_MoE.py - {'step': '205800', 'lr': '0.0002', 'total_loss': '0.0322766', 'main_loss': '0.0322766', 'time_per_step': '2.18993'}
2025-11-05 06:42:21,834 - train_greyscale_FA_MoE.py - {'step': '205900', 'lr': '0.0002', 'total_loss': '0.0323181', 'main_loss': '0.0323181', 'time_per_step': '2.2163'}
2025-11-05 06:46:09,359 - train_greyscale_FA_MoE.py - {'step': '206000', 'lr': '0.0002', 'total_loss': '0.0323717', 'main_loss': '0.0323717', 'time_per_step': '2.19424'}
2025-11-05 06:49:58,148 - train_greyscale_FA_MoE.py - {'step': '206100', 'lr': '0.0002', 'total_loss': '0.0298195', 'main_loss': '0.0298195', 'time_per_step': '2.09358'}
2025-11-05 06:53:44,313 - train_greyscale_FA_MoE.py - {'step': '206200', 'lr': '0.0002', 'total_loss': '0.0298377', 'main_loss': '0.0298377', 'time_per_step': '2.0813'}
2025-11-05 06:57:32,969 - train_greyscale_FA_MoE.py - {'step': '206300', 'lr': '0.0002', 'total_loss': '0.0320276', 'main_loss': '0.0320276', 'time_per_step': '2.19759'}
2025-11-05 07:01:20,473 - train_greyscale_FA_MoE.py - {'step': '206400', 'lr': '0.0002', 'total_loss': '0.0267399', 'main_loss': '0.0267399', 'time_per_step': '2.206'}
2025-11-05 07:05:09,419 - train_greyscale_FA_MoE.py - {'step': '206500', 'lr': '0.0002', 'total_loss': '0.0282171', 'main_loss': '0.0282171', 'time_per_step': '2.19118'}
2025-11-05 07:08:56,027 - train_greyscale_FA_MoE.py - {'step': '206600', 'lr': '0.0002', 'total_loss': '0.0301649', 'main_loss': '0.0301649', 'time_per_step': '2.27756'}
2025-11-05 07:12:43,300 - train_greyscale_FA_MoE.py - {'step': '206700', 'lr': '0.0002', 'total_loss': '0.0300492', 'main_loss': '0.0300492', 'time_per_step': '2.19406'}
2025-11-05 07:16:30,413 - train_greyscale_FA_MoE.py - {'step': '206800', 'lr': '0.0002', 'total_loss': '0.0322437', 'main_loss': '0.0322437', 'time_per_step': '2.20949'}
2025-11-05 07:20:18,458 - train_greyscale_FA_MoE.py - {'step': '206900', 'lr': '0.0002', 'total_loss': '0.0265982', 'main_loss': '0.0265982', 'time_per_step': '2.20488'}
2025-11-05 07:24:05,249 - train_greyscale_FA_MoE.py - {'step': '207000', 'lr': '0.0002', 'total_loss': '0.0235564', 'main_loss': '0.0235564', 'time_per_step': '2.18769'}
2025-11-05 07:27:52,521 - train_greyscale_FA_MoE.py - {'step': '207100', 'lr': '0.0002', 'total_loss': '0.0323487', 'main_loss': '0.0323487', 'time_per_step': '2.20171'}
2025-11-05 07:31:39,729 - train_greyscale_FA_MoE.py - {'step': '207200', 'lr': '0.0002', 'total_loss': '0.0246677', 'main_loss': '0.0246677', 'time_per_step': '2.19985'}
2025-11-05 07:35:34,506 - train_greyscale_FA_MoE.py - {'step': '207300', 'lr': '0.0002', 'total_loss': '0.0316676', 'main_loss': '0.0316676', 'time_per_step': '2.08678'}
2025-11-05 07:39:20,444 - train_greyscale_FA_MoE.py - {'step': '207400', 'lr': '0.0002', 'total_loss': '0.021193', 'main_loss': '0.021193', 'time_per_step': '2.11058'}
2025-11-05 07:43:08,920 - train_greyscale_FA_MoE.py - {'step': '207500', 'lr': '0.0002', 'total_loss': '0.0323595', 'main_loss': '0.0323595', 'time_per_step': '2.19216'}
2025-11-05 07:46:57,511 - train_greyscale_FA_MoE.py - {'step': '207600', 'lr': '0.0002', 'total_loss': '0.0294709', 'main_loss': '0.0294709', 'time_per_step': '2.19789'}
2025-11-05 07:50:45,173 - train_greyscale_FA_MoE.py - {'step': '207700', 'lr': '0.0002', 'total_loss': '0.0267922', 'main_loss': '0.0267922', 'time_per_step': '2.17744'}
2025-11-05 07:54:39,681 - train_greyscale_FA_MoE.py - {'step': '207800', 'lr': '0.0002', 'total_loss': '0.0237381', 'main_loss': '0.0237381', 'time_per_step': '2.18585'}
2025-11-05 07:58:54,157 - train_greyscale_FA_MoE.py - {'step': '207900', 'lr': '0.0002', 'total_loss': '0.0274095', 'main_loss': '0.0274095', 'time_per_step': '2.21197'}
2025-11-05 08:02:52,036 - train_greyscale_FA_MoE.py - {'step': '208000', 'lr': '0.0002', 'total_loss': '0.0241979', 'main_loss': '0.0241979', 'time_per_step': '2.17265'}
2025-11-05 08:06:53,798 - train_greyscale_FA_MoE.py - {'step': '208100', 'lr': '0.0002', 'total_loss': '0.0287093', 'main_loss': '0.0287093', 'time_per_step': '2.2205'}
2025-11-05 08:10:41,085 - train_greyscale_FA_MoE.py - {'step': '208200', 'lr': '0.0002', 'total_loss': '0.0296892', 'main_loss': '0.0296892', 'time_per_step': '2.1751'}
2025-11-05 08:14:29,251 - train_greyscale_FA_MoE.py - {'step': '208300', 'lr': '0.0002', 'total_loss': '0.024794', 'main_loss': '0.024794', 'time_per_step': '2.19523'}
2025-11-05 08:18:16,714 - train_greyscale_FA_MoE.py - {'step': '208400', 'lr': '0.0002', 'total_loss': '0.0286384', 'main_loss': '0.0286384', 'time_per_step': '2.22748'}
2025-11-05 08:22:04,851 - train_greyscale_FA_MoE.py - {'step': '208500', 'lr': '0.0002', 'total_loss': '0.0288685', 'main_loss': '0.0288685', 'time_per_step': '2.09425'}
2025-11-05 08:25:51,125 - train_greyscale_FA_MoE.py - {'step': '208600', 'lr': '0.0002', 'total_loss': '0.0295512', 'main_loss': '0.0295512', 'time_per_step': '2.09299'}
2025-11-05 08:29:40,343 - train_greyscale_FA_MoE.py - {'step': '208700', 'lr': '0.0002', 'total_loss': '0.0251545', 'main_loss': '0.0251545', 'time_per_step': '2.18444'}
2025-11-05 08:33:27,709 - train_greyscale_FA_MoE.py - {'step': '208800', 'lr': '0.0002', 'total_loss': '0.0265338', 'main_loss': '0.0265338', 'time_per_step': '2.24124'}
2025-11-05 08:37:15,612 - train_greyscale_FA_MoE.py - {'step': '208900', 'lr': '0.0002', 'total_loss': '0.0261025', 'main_loss': '0.0261025', 'time_per_step': '2.20637'}
2025-11-05 08:41:03,792 - train_greyscale_FA_MoE.py - {'step': '209000', 'lr': '0.0002', 'total_loss': '0.0307654', 'main_loss': '0.0307654', 'time_per_step': '2.20126'}
2025-11-05 08:44:51,400 - train_greyscale_FA_MoE.py - {'step': '209100', 'lr': '0.0002', 'total_loss': '0.026718', 'main_loss': '0.026718', 'time_per_step': '2.21037'}
2025-11-05 08:48:41,319 - train_greyscale_FA_MoE.py - {'step': '209200', 'lr': '0.0002', 'total_loss': '0.0264804', 'main_loss': '0.0264804', 'time_per_step': '2.20054'}
2025-11-05 08:52:28,500 - train_greyscale_FA_MoE.py - {'step': '209300', 'lr': '0.0002', 'total_loss': '0.0315908', 'main_loss': '0.0315908', 'time_per_step': '2.19251'}
2025-11-05 08:56:15,150 - train_greyscale_FA_MoE.py - {'step': '209400', 'lr': '0.0002', 'total_loss': '0.0318129', 'main_loss': '0.0318129', 'time_per_step': '2.21225'}
2025-11-05 09:00:02,621 - train_greyscale_FA_MoE.py - {'step': '209500', 'lr': '0.0002', 'total_loss': '0.0338403', 'main_loss': '0.0338403', 'time_per_step': '2.20531'}
2025-11-05 09:03:50,127 - train_greyscale_FA_MoE.py - {'step': '209600', 'lr': '0.0002', 'total_loss': '0.0240206', 'main_loss': '0.0240206', 'time_per_step': '2.28616'}
2025-11-05 09:07:38,121 - train_greyscale_FA_MoE.py - {'step': '209700', 'lr': '0.0002', 'total_loss': '0.0272771', 'main_loss': '0.0272771', 'time_per_step': '2.09244'}
2025-11-05 09:11:24,061 - train_greyscale_FA_MoE.py - {'step': '209800', 'lr': '0.0002', 'total_loss': '0.0318901', 'main_loss': '0.0318901', 'time_per_step': '2.09563'}
2025-11-05 09:15:12,902 - train_greyscale_FA_MoE.py - {'step': '209900', 'lr': '0.0002', 'total_loss': '0.0250596', 'main_loss': '0.0250596', 'time_per_step': '2.20626'}
2025-11-05 09:19:00,434 - train_greyscale_FA_MoE.py - {'step': '210000', 'lr': '0.0002', 'total_loss': '0.0258872', 'main_loss': '0.0258872', 'time_per_step': '2.19426'}
2025-11-05 09:22:48,285 - train_greyscale_FA_MoE.py - {'step': '210100', 'lr': '0.0002', 'total_loss': '0.0264571', 'main_loss': '0.0264571', 'time_per_step': '2.18065'}
2025-11-05 09:26:34,791 - train_greyscale_FA_MoE.py - {'step': '210200', 'lr': '0.0002', 'total_loss': '0.0292015', 'main_loss': '0.0292015', 'time_per_step': '2.21368'}
2025-11-05 09:30:22,855 - train_greyscale_FA_MoE.py - {'step': '210300', 'lr': '0.0002', 'total_loss': '0.0280546', 'main_loss': '0.0280546', 'time_per_step': '2.18711'}
2025-11-05 09:34:09,604 - train_greyscale_FA_MoE.py - {'step': '210400', 'lr': '0.0002', 'total_loss': '0.0285871', 'main_loss': '0.0285871', 'time_per_step': '2.18823'}
2025-11-05 09:37:56,537 - train_greyscale_FA_MoE.py - {'step': '210500', 'lr': '0.0002', 'total_loss': '0.0322341', 'main_loss': '0.0322341', 'time_per_step': '2.30677'}
2025-11-05 09:41:43,019 - train_greyscale_FA_MoE.py - {'step': '210600', 'lr': '0.0002', 'total_loss': '0.032552', 'main_loss': '0.032552', 'time_per_step': '2.21073'}
2025-11-05 09:45:30,003 - train_greyscale_FA_MoE.py - {'step': '210700', 'lr': '0.0002', 'total_loss': '0.0276344', 'main_loss': '0.0276344', 'time_per_step': '2.18151'}
2025-11-05 09:49:17,007 - train_greyscale_FA_MoE.py - {'step': '210800', 'lr': '0.0002', 'total_loss': '0.0281284', 'main_loss': '0.0281284', 'time_per_step': '2.23318'}
2025-11-05 09:53:03,981 - train_greyscale_FA_MoE.py - {'step': '210900', 'lr': '0.0002', 'total_loss': '0.0240255', 'main_loss': '0.0240255', 'time_per_step': '2.09195'}
2025-11-05 09:56:49,733 - train_greyscale_FA_MoE.py - {'step': '211000', 'lr': '0.0002', 'total_loss': '0.0264873', 'main_loss': '0.0264873', 'time_per_step': '2.08311'}
2025-11-05 10:00:37,657 - train_greyscale_FA_MoE.py - {'step': '211100', 'lr': '0.0002', 'total_loss': '0.0255709', 'main_loss': '0.0255709', 'time_per_step': '2.19344'}
2025-11-05 10:04:26,716 - train_greyscale_FA_MoE.py - {'step': '211200', 'lr': '0.0002', 'total_loss': '0.0297396', 'main_loss': '0.0297396', 'time_per_step': '2.27909'}
2025-11-05 10:08:13,858 - train_greyscale_FA_MoE.py - {'step': '211300', 'lr': '0.0002', 'total_loss': '0.0281003', 'main_loss': '0.0281003', 'time_per_step': '2.19036'}
2025-11-05 10:12:00,013 - train_greyscale_FA_MoE.py - {'step': '211400', 'lr': '0.0002', 'total_loss': '0.0287911', 'main_loss': '0.0287911', 'time_per_step': '2.20609'}
2025-11-05 10:15:47,066 - train_greyscale_FA_MoE.py - {'step': '211500', 'lr': '0.0002', 'total_loss': '0.0287464', 'main_loss': '0.0287464', 'time_per_step': '2.24333'}
2025-11-05 10:19:34,358 - train_greyscale_FA_MoE.py - {'step': '211600', 'lr': '0.0002', 'total_loss': '0.0335144', 'main_loss': '0.0335144', 'time_per_step': '2.19042'}
2025-11-05 10:23:21,275 - train_greyscale_FA_MoE.py - {'step': '211700', 'lr': '0.0002', 'total_loss': '0.0242256', 'main_loss': '0.0242256', 'time_per_step': '2.19597'}
2025-11-05 10:27:07,889 - train_greyscale_FA_MoE.py - {'step': '211800', 'lr': '0.0002', 'total_loss': '0.0249216', 'main_loss': '0.0249216', 'time_per_step': '2.2224'}
2025-11-05 10:30:55,591 - train_greyscale_FA_MoE.py - {'step': '211900', 'lr': '0.0002', 'total_loss': '0.026579', 'main_loss': '0.026579', 'time_per_step': '2.24405'}
2025-11-05 10:34:42,972 - train_greyscale_FA_MoE.py - {'step': '212000', 'lr': '0.0002', 'total_loss': '0.02795', 'main_loss': '0.02795', 'time_per_step': '2.19925'}
2025-11-05 10:38:30,397 - train_greyscale_FA_MoE.py - {'step': '212100', 'lr': '0.0002', 'total_loss': '0.0327153', 'main_loss': '0.0327153', 'time_per_step': '2.09374'}
2025-11-05 10:42:16,358 - train_greyscale_FA_MoE.py - {'step': '212200', 'lr': '0.0002', 'total_loss': '0.0306587', 'main_loss': '0.0306587', 'time_per_step': '2.09906'}
2025-11-05 10:46:04,889 - train_greyscale_FA_MoE.py - {'step': '212300', 'lr': '0.0002', 'total_loss': '0.0302843', 'main_loss': '0.0302843', 'time_per_step': '2.19037'}
2025-11-05 10:49:52,744 - train_greyscale_FA_MoE.py - {'step': '212400', 'lr': '0.0002', 'total_loss': '0.0265319', 'main_loss': '0.0265319', 'time_per_step': '2.20669'}
2025-11-05 10:53:39,965 - train_greyscale_FA_MoE.py - {'step': '212500', 'lr': '0.0002', 'total_loss': '0.0280846', 'main_loss': '0.0280846', 'time_per_step': '2.22363'}
2025-11-05 10:57:26,504 - train_greyscale_FA_MoE.py - {'step': '212600', 'lr': '0.0002', 'total_loss': '0.0326241', 'main_loss': '0.0326241', 'time_per_step': '2.28246'}
2025-11-05 11:01:13,846 - train_greyscale_FA_MoE.py - {'step': '212700', 'lr': '0.0002', 'total_loss': '0.0300791', 'main_loss': '0.0300791', 'time_per_step': '2.23529'}
2025-11-05 11:05:02,513 - train_greyscale_FA_MoE.py - {'step': '212800', 'lr': '0.0002', 'total_loss': '0.0290087', 'main_loss': '0.0290087', 'time_per_step': '2.21513'}
2025-11-05 11:08:49,471 - train_greyscale_FA_MoE.py - {'step': '212900', 'lr': '0.0002', 'total_loss': '0.0238711', 'main_loss': '0.0238711', 'time_per_step': '2.19259'}
2025-11-05 11:12:36,408 - train_greyscale_FA_MoE.py - {'step': '213000', 'lr': '0.0002', 'total_loss': '0.025585', 'main_loss': '0.025585', 'time_per_step': '2.18376'}
2025-11-05 11:16:23,916 - train_greyscale_FA_MoE.py - {'step': '213100', 'lr': '0.0002', 'total_loss': '0.0291116', 'main_loss': '0.0291116', 'time_per_step': '2.20067'}
2025-11-05 11:20:11,957 - train_greyscale_FA_MoE.py - {'step': '213200', 'lr': '0.0002', 'total_loss': '0.0304408', 'main_loss': '0.0304408', 'time_per_step': '2.20556'}
2025-11-05 11:23:59,647 - train_greyscale_FA_MoE.py - {'step': '213300', 'lr': '0.0002', 'total_loss': '0.0297559', 'main_loss': '0.0297559', 'time_per_step': '2.09572'}
2025-11-05 11:27:45,824 - train_greyscale_FA_MoE.py - {'step': '213400', 'lr': '0.0002', 'total_loss': '0.0299373', 'main_loss': '0.0299373', 'time_per_step': '2.09674'}
2025-11-05 11:31:33,267 - train_greyscale_FA_MoE.py - {'step': '213500', 'lr': '0.0002', 'total_loss': '0.0281397', 'main_loss': '0.0281397', 'time_per_step': '2.20471'}
2025-11-05 11:35:20,548 - train_greyscale_FA_MoE.py - {'step': '213600', 'lr': '0.0002', 'total_loss': '0.0220995', 'main_loss': '0.0220995', 'time_per_step': '2.18884'}
2025-11-05 11:39:07,657 - train_greyscale_FA_MoE.py - {'step': '213700', 'lr': '0.0002', 'total_loss': '0.0281919', 'main_loss': '0.0281919', 'time_per_step': '2.1977'}
2025-11-05 11:42:54,170 - train_greyscale_FA_MoE.py - {'step': '213800', 'lr': '0.0002', 'total_loss': '0.0284657', 'main_loss': '0.0284657', 'time_per_step': '2.21801'}
2025-11-05 11:46:42,111 - train_greyscale_FA_MoE.py - {'step': '213900', 'lr': '0.0002', 'total_loss': '0.0313366', 'main_loss': '0.0313366', 'time_per_step': '2.23277'}
2025-11-05 11:50:30,107 - train_greyscale_FA_MoE.py - {'step': '214000', 'lr': '0.0002', 'total_loss': '0.0187302', 'main_loss': '0.0187302', 'time_per_step': '2.19363'}
2025-11-05 11:54:17,321 - train_greyscale_FA_MoE.py - {'step': '214100', 'lr': '0.0002', 'total_loss': '0.0228705', 'main_loss': '0.0228705', 'time_per_step': '2.20263'}
2025-11-05 11:58:03,962 - train_greyscale_FA_MoE.py - {'step': '214200', 'lr': '0.0002', 'total_loss': '0.0286367', 'main_loss': '0.0286367', 'time_per_step': '2.2127'}
2025-11-05 12:01:50,319 - train_greyscale_FA_MoE.py - {'step': '214300', 'lr': '0.0002', 'total_loss': '0.0233928', 'main_loss': '0.0233928', 'time_per_step': '2.17932'}
2025-11-05 12:05:38,047 - train_greyscale_FA_MoE.py - {'step': '214400', 'lr': '0.0002', 'total_loss': '0.0301647', 'main_loss': '0.0301647', 'time_per_step': '2.2044'}
2025-11-05 12:09:25,635 - train_greyscale_FA_MoE.py - {'step': '214500', 'lr': '0.0002', 'total_loss': '0.0311347', 'main_loss': '0.0311347', 'time_per_step': '2.1617'}
2025-11-05 12:13:12,283 - train_greyscale_FA_MoE.py - {'step': '214600', 'lr': '0.0002', 'total_loss': '0.0268533', 'main_loss': '0.0268533', 'time_per_step': '2.08487'}
2025-11-05 12:17:00,765 - train_greyscale_FA_MoE.py - {'step': '214700', 'lr': '0.0002', 'total_loss': '0.0265048', 'main_loss': '0.0265048', 'time_per_step': '2.22115'}
2025-11-05 12:20:47,444 - train_greyscale_FA_MoE.py - {'step': '214800', 'lr': '0.0002', 'total_loss': '0.0311017', 'main_loss': '0.0311017', 'time_per_step': '2.21775'}
2025-11-05 12:24:34,493 - train_greyscale_FA_MoE.py - {'step': '214900', 'lr': '0.0002', 'total_loss': '0.0275754', 'main_loss': '0.0275754', 'time_per_step': '2.19376'}
2025-11-05 12:28:21,182 - train_greyscale_FA_MoE.py - {'step': '215000', 'lr': '0.0002', 'total_loss': '0.0217023', 'main_loss': '0.0217023', 'time_per_step': '2.20542'}
2025-11-05 12:32:09,141 - train_greyscale_FA_MoE.py - {'step': '215100', 'lr': '0.0002', 'total_loss': '0.0299604', 'main_loss': '0.0299604', 'time_per_step': '2.21362'}
2025-11-05 12:35:56,990 - train_greyscale_FA_MoE.py - {'step': '215200', 'lr': '0.0002', 'total_loss': '0.0301768', 'main_loss': '0.0301768', 'time_per_step': '2.2824'}
2025-11-05 12:39:44,018 - train_greyscale_FA_MoE.py - {'step': '215300', 'lr': '0.0002', 'total_loss': '0.0217091', 'main_loss': '0.0217091', 'time_per_step': '2.19881'}
2025-11-05 12:43:30,520 - train_greyscale_FA_MoE.py - {'step': '215400', 'lr': '0.0002', 'total_loss': '0.0260988', 'main_loss': '0.0260988', 'time_per_step': '2.19178'}
2025-11-05 12:47:17,981 - train_greyscale_FA_MoE.py - {'step': '215500', 'lr': '0.0002', 'total_loss': '0.0289642', 'main_loss': '0.0289642', 'time_per_step': '2.23805'}
2025-11-05 12:51:05,966 - train_greyscale_FA_MoE.py - {'step': '215600', 'lr': '0.0002', 'total_loss': '0.033236', 'main_loss': '0.033236', 'time_per_step': '2.19215'}
2025-11-05 12:54:53,611 - train_greyscale_FA_MoE.py - {'step': '215700', 'lr': '0.0002', 'total_loss': '0.0310014', 'main_loss': '0.0310014', 'time_per_step': '2.09325'}
2025-11-05 12:58:39,349 - train_greyscale_FA_MoE.py - {'step': '215800', 'lr': '0.0002', 'total_loss': '0.034056', 'main_loss': '0.034056', 'time_per_step': '2.09097'}
2025-11-05 13:02:28,224 - train_greyscale_FA_MoE.py - {'step': '215900', 'lr': '0.0002', 'total_loss': '0.0323927', 'main_loss': '0.0323927', 'time_per_step': '2.21331'}
2025-11-05 13:06:15,881 - train_greyscale_FA_MoE.py - {'step': '216000', 'lr': '0.0002', 'total_loss': '0.0268984', 'main_loss': '0.0268984', 'time_per_step': '2.19465'}
2025-11-05 13:10:03,718 - train_greyscale_FA_MoE.py - {'step': '216100', 'lr': '0.0002', 'total_loss': '0.0251659', 'main_loss': '0.0251659', 'time_per_step': '2.2215'}
2025-11-05 13:13:49,868 - train_greyscale_FA_MoE.py - {'step': '216200', 'lr': '0.0002', 'total_loss': '0.0287417', 'main_loss': '0.0287417', 'time_per_step': '2.20956'}
2025-11-05 13:17:37,519 - train_greyscale_FA_MoE.py - {'step': '216300', 'lr': '0.0002', 'total_loss': '0.0255114', 'main_loss': '0.0255114', 'time_per_step': '2.21751'}
2025-11-05 13:21:25,029 - train_greyscale_FA_MoE.py - {'step': '216400', 'lr': '0.0002', 'total_loss': '0.0268067', 'main_loss': '0.0268067', 'time_per_step': '2.22039'}
2025-11-05 13:25:13,014 - train_greyscale_FA_MoE.py - {'step': '216500', 'lr': '0.0002', 'total_loss': '0.0271571', 'main_loss': '0.0271571', 'time_per_step': '2.22772'}
2025-11-05 13:28:59,570 - train_greyscale_FA_MoE.py - {'step': '216600', 'lr': '0.0002', 'total_loss': '0.0222921', 'main_loss': '0.0222921', 'time_per_step': '2.18424'}
2025-11-05 13:32:46,628 - train_greyscale_FA_MoE.py - {'step': '216700', 'lr': '0.0002', 'total_loss': '0.027351', 'main_loss': '0.027351', 'time_per_step': '2.20443'}
2025-11-05 13:36:33,877 - train_greyscale_FA_MoE.py - {'step': '216800', 'lr': '0.0002', 'total_loss': '0.0224784', 'main_loss': '0.0224784', 'time_per_step': '2.19129'}
2025-11-05 13:40:20,843 - train_greyscale_FA_MoE.py - {'step': '216900', 'lr': '0.0002', 'total_loss': '0.0349745', 'main_loss': '0.0349745', 'time_per_step': '2.15701'}
2025-11-05 13:44:06,738 - train_greyscale_FA_MoE.py - {'step': '217000', 'lr': '0.0002', 'total_loss': '0.0260195', 'main_loss': '0.0260195', 'time_per_step': '2.08418'}
2025-11-05 13:47:54,339 - train_greyscale_FA_MoE.py - {'step': '217100', 'lr': '0.0002', 'total_loss': '0.0234981', 'main_loss': '0.0234981', 'time_per_step': '2.20863'}
2025-11-05 13:51:41,334 - train_greyscale_FA_MoE.py - {'step': '217200', 'lr': '0.0002', 'total_loss': '0.0324218', 'main_loss': '0.0324218', 'time_per_step': '2.20763'}
2025-11-05 13:55:30,005 - train_greyscale_FA_MoE.py - {'step': '217300', 'lr': '0.0002', 'total_loss': '0.0209029', 'main_loss': '0.0209029', 'time_per_step': '2.20663'}
2025-11-05 13:59:16,231 - train_greyscale_FA_MoE.py - {'step': '217400', 'lr': '0.0002', 'total_loss': '0.0292645', 'main_loss': '0.0292645', 'time_per_step': '2.2085'}
2025-11-05 14:03:02,927 - train_greyscale_FA_MoE.py - {'step': '217500', 'lr': '0.0002', 'total_loss': '0.0246859', 'main_loss': '0.0246859', 'time_per_step': '2.20892'}
2025-11-05 14:06:50,354 - train_greyscale_FA_MoE.py - {'step': '217600', 'lr': '0.0002', 'total_loss': '0.0282782', 'main_loss': '0.0282782', 'time_per_step': '2.19921'}
2025-11-05 14:10:38,828 - train_greyscale_FA_MoE.py - {'step': '217700', 'lr': '0.0002', 'total_loss': '0.0244837', 'main_loss': '0.0244837', 'time_per_step': '2.23437'}
2025-11-05 14:14:31,610 - train_greyscale_FA_MoE.py - {'step': '217800', 'lr': '0.0002', 'total_loss': '0.027128', 'main_loss': '0.027128', 'time_per_step': '2.19342'}
2025-11-05 14:18:18,951 - train_greyscale_FA_MoE.py - {'step': '217900', 'lr': '0.0002', 'total_loss': '0.0299892', 'main_loss': '0.0299892', 'time_per_step': '2.20766'}
2025-11-05 14:22:07,686 - train_greyscale_FA_MoE.py - {'step': '218000', 'lr': '0.0002', 'total_loss': '0.0279677', 'main_loss': '0.0279677', 'time_per_step': '2.2341'}
2025-11-05 14:25:55,157 - train_greyscale_FA_MoE.py - {'step': '218100', 'lr': '0.0002', 'total_loss': '0.0307928', 'main_loss': '0.0307928', 'time_per_step': '2.09463'}
2025-11-05 14:29:44,265 - train_greyscale_FA_MoE.py - {'step': '218200', 'lr': '0.0002', 'total_loss': '0.0231265', 'main_loss': '0.0231265', 'time_per_step': '2.08834'}
2025-11-05 14:33:33,864 - train_greyscale_FA_MoE.py - {'step': '218300', 'lr': '0.0002', 'total_loss': '0.0291672', 'main_loss': '0.0291672', 'time_per_step': '2.21456'}
2025-11-05 14:37:22,527 - train_greyscale_FA_MoE.py - {'step': '218400', 'lr': '0.0002', 'total_loss': '0.0215593', 'main_loss': '0.0215593', 'time_per_step': '2.22639'}
2025-11-05 14:41:11,336 - train_greyscale_FA_MoE.py - {'step': '218500', 'lr': '0.0002', 'total_loss': '0.0279955', 'main_loss': '0.0279955', 'time_per_step': '2.21679'}
2025-11-05 14:44:59,552 - train_greyscale_FA_MoE.py - {'step': '218600', 'lr': '0.0002', 'total_loss': '0.0279595', 'main_loss': '0.0279595', 'time_per_step': '2.20638'}
2025-11-05 14:48:49,218 - train_greyscale_FA_MoE.py - {'step': '218700', 'lr': '0.0002', 'total_loss': '0.0209415', 'main_loss': '0.0209415', 'time_per_step': '2.28867'}
2025-11-05 14:52:40,038 - train_greyscale_FA_MoE.py - {'step': '218800', 'lr': '0.0002', 'total_loss': '0.0252262', 'main_loss': '0.0252262', 'time_per_step': '2.22537'}
2025-11-05 14:56:27,494 - train_greyscale_FA_MoE.py - {'step': '218900', 'lr': '0.0002', 'total_loss': '0.030697', 'main_loss': '0.030697', 'time_per_step': '2.2165'}
2025-11-05 15:00:16,412 - train_greyscale_FA_MoE.py - {'step': '219000', 'lr': '0.0002', 'total_loss': '0.0254537', 'main_loss': '0.0254537', 'time_per_step': '2.19624'}
2025-11-05 15:04:07,158 - train_greyscale_FA_MoE.py - {'step': '219100', 'lr': '0.0002', 'total_loss': '0.0288723', 'main_loss': '0.0288723', 'time_per_step': '2.19393'}
2025-11-05 15:07:55,712 - train_greyscale_FA_MoE.py - {'step': '219200', 'lr': '0.0002', 'total_loss': '0.0299069', 'main_loss': '0.0299069', 'time_per_step': '2.20745'}
2025-11-05 15:11:44,842 - train_greyscale_FA_MoE.py - {'step': '219300', 'lr': '0.0002', 'total_loss': '0.0276105', 'main_loss': '0.0276105', 'time_per_step': '2.09457'}
2025-11-05 15:15:32,545 - train_greyscale_FA_MoE.py - {'step': '219400', 'lr': '0.0002', 'total_loss': '0.0251057', 'main_loss': '0.0251057', 'time_per_step': '2.08748'}
2025-11-05 15:19:22,745 - train_greyscale_FA_MoE.py - {'step': '219500', 'lr': '0.0002', 'total_loss': '0.0255177', 'main_loss': '0.0255177', 'time_per_step': '2.15921'}
2025-11-05 15:23:10,699 - train_greyscale_FA_MoE.py - {'step': '219600', 'lr': '0.0002', 'total_loss': '0.0261514', 'main_loss': '0.0261514', 'time_per_step': '2.18961'}
2025-11-05 15:26:57,587 - train_greyscale_FA_MoE.py - {'step': '219700', 'lr': '0.0002', 'total_loss': '0.0289008', 'main_loss': '0.0289008', 'time_per_step': '2.14418'}
2025-11-05 15:30:43,476 - train_greyscale_FA_MoE.py - {'step': '219800', 'lr': '0.0002', 'total_loss': '0.0293369', 'main_loss': '0.0293369', 'time_per_step': '2.21485'}
2025-11-05 15:34:32,932 - train_greyscale_FA_MoE.py - {'step': '219900', 'lr': '0.0002', 'total_loss': '0.0298005', 'main_loss': '0.0298005', 'time_per_step': '2.2162'}
2025-11-05 15:38:20,742 - train_greyscale_FA_MoE.py - {'step': '220000', 'lr': '0.0002', 'total_loss': '0.0301442', 'main_loss': '0.0301442', 'time_per_step': '2.22532'}
2025-11-05 15:42:09,466 - train_greyscale_FA_MoE.py - {'step': '220100', 'lr': '0.0002', 'total_loss': '0.0225912', 'main_loss': '0.0225912', 'time_per_step': '2.20803'}
2025-11-05 15:45:58,615 - train_greyscale_FA_MoE.py - {'step': '220200', 'lr': '0.0002', 'total_loss': '0.0273401', 'main_loss': '0.0273401', 'time_per_step': '2.15055'}
2025-11-05 15:49:44,693 - train_greyscale_FA_MoE.py - {'step': '220300', 'lr': '0.0002', 'total_loss': '0.0228987', 'main_loss': '0.0228987', 'time_per_step': '2.17206'}
2025-11-05 15:53:33,202 - train_greyscale_FA_MoE.py - {'step': '220400', 'lr': '0.0002', 'total_loss': '0.0248145', 'main_loss': '0.0248145', 'time_per_step': '2.20128'}
2025-11-05 15:57:21,178 - train_greyscale_FA_MoE.py - {'step': '220500', 'lr': '0.0002', 'total_loss': '0.0319767', 'main_loss': '0.0319767', 'time_per_step': '2.09499'}
2025-11-05 16:01:07,587 - train_greyscale_FA_MoE.py - {'step': '220600', 'lr': '0.0002', 'total_loss': '0.0301129', 'main_loss': '0.0301129', 'time_per_step': '2.09622'}
2025-11-05 16:04:56,365 - train_greyscale_FA_MoE.py - {'step': '220700', 'lr': '0.0002', 'total_loss': '0.0300716', 'main_loss': '0.0300716', 'time_per_step': '2.24351'}
2025-11-05 16:08:43,203 - train_greyscale_FA_MoE.py - {'step': '220800', 'lr': '0.0002', 'total_loss': '0.0281522', 'main_loss': '0.0281522', 'time_per_step': '2.21554'}
2025-11-05 16:12:30,910 - train_greyscale_FA_MoE.py - {'step': '220900', 'lr': '0.0002', 'total_loss': '0.0284572', 'main_loss': '0.0284572', 'time_per_step': '2.1852'}
2025-11-05 16:16:17,086 - train_greyscale_FA_MoE.py - {'step': '221000', 'lr': '0.0002', 'total_loss': '0.021324', 'main_loss': '0.021324', 'time_per_step': '2.21417'}
2025-11-05 16:20:04,665 - train_greyscale_FA_MoE.py - {'step': '221100', 'lr': '0.0002', 'total_loss': '0.0283542', 'main_loss': '0.0283542', 'time_per_step': '2.20676'}
2025-11-05 16:23:51,937 - train_greyscale_FA_MoE.py - {'step': '221200', 'lr': '0.0002', 'total_loss': '0.0204618', 'main_loss': '0.0204618', 'time_per_step': '2.1922'}
2025-11-05 16:27:38,282 - train_greyscale_FA_MoE.py - {'step': '221300', 'lr': '0.0002', 'total_loss': '0.0264493', 'main_loss': '0.0264493', 'time_per_step': '2.18262'}
2025-11-05 16:31:25,795 - train_greyscale_FA_MoE.py - {'step': '221400', 'lr': '0.0002', 'total_loss': '0.0226028', 'main_loss': '0.0226028', 'time_per_step': '2.27055'}
2025-11-05 16:35:12,559 - train_greyscale_FA_MoE.py - {'step': '221500', 'lr': '0.0002', 'total_loss': '0.0262678', 'main_loss': '0.0262678', 'time_per_step': '2.24432'}
2025-11-05 16:38:59,957 - train_greyscale_FA_MoE.py - {'step': '221600', 'lr': '0.0002', 'total_loss': '0.0262687', 'main_loss': '0.0262687', 'time_per_step': '2.144'}
2025-11-05 16:42:46,148 - train_greyscale_FA_MoE.py - {'step': '221700', 'lr': '0.0002', 'total_loss': '0.0245903', 'main_loss': '0.0245903', 'time_per_step': '2.09864'}
2025-11-05 16:46:33,238 - train_greyscale_FA_MoE.py - {'step': '221800', 'lr': '0.0002', 'total_loss': '0.0343874', 'main_loss': '0.0343874', 'time_per_step': '2.0932'}
2025-11-05 16:50:20,913 - train_greyscale_FA_MoE.py - {'step': '221900', 'lr': '0.0002', 'total_loss': '0.0318801', 'main_loss': '0.0318801', 'time_per_step': '2.41101'}
2025-11-05 16:54:09,654 - train_greyscale_FA_MoE.py - {'step': '222000', 'lr': '0.0002', 'total_loss': '0.0260591', 'main_loss': '0.0260591', 'time_per_step': '2.20606'}
2025-11-05 16:57:55,548 - train_greyscale_FA_MoE.py - {'step': '222100', 'lr': '0.0002', 'total_loss': '0.0276594', 'main_loss': '0.0276594', 'time_per_step': '2.25586'}
2025-11-05 17:01:42,442 - train_greyscale_FA_MoE.py - {'step': '222200', 'lr': '0.0002', 'total_loss': '0.0289144', 'main_loss': '0.0289144', 'time_per_step': '2.19706'}
2025-11-05 17:05:30,129 - train_greyscale_FA_MoE.py - {'step': '222300', 'lr': '0.0002', 'total_loss': '0.0256587', 'main_loss': '0.0256587', 'time_per_step': '2.18903'}
2025-11-05 17:09:16,705 - train_greyscale_FA_MoE.py - {'step': '222400', 'lr': '0.0002', 'total_loss': '0.0260685', 'main_loss': '0.0260685', 'time_per_step': '2.20132'}
2025-11-05 17:13:02,529 - train_greyscale_FA_MoE.py - {'step': '222500', 'lr': '0.0002', 'total_loss': '0.0271752', 'main_loss': '0.0271752', 'time_per_step': '2.2138'}
2025-11-05 17:16:49,648 - train_greyscale_FA_MoE.py - {'step': '222600', 'lr': '0.0002', 'total_loss': '0.0230547', 'main_loss': '0.0230547', 'time_per_step': '2.18818'}
2025-11-05 17:20:37,070 - train_greyscale_FA_MoE.py - {'step': '222700', 'lr': '0.0002', 'total_loss': '0.028446', 'main_loss': '0.028446', 'time_per_step': '2.17925'}
2025-11-05 17:24:23,221 - train_greyscale_FA_MoE.py - {'step': '222800', 'lr': '0.0002', 'total_loss': '0.0235261', 'main_loss': '0.0235261', 'time_per_step': '2.20846'}
2025-11-05 17:28:09,311 - train_greyscale_FA_MoE.py - {'step': '222900', 'lr': '0.0002', 'total_loss': '0.0169396', 'main_loss': '0.0169396', 'time_per_step': '2.09004'}
2025-11-05 17:31:55,393 - train_greyscale_FA_MoE.py - {'step': '223000', 'lr': '0.0002', 'total_loss': '0.031497', 'main_loss': '0.031497', 'time_per_step': '2.16727'}
2025-11-05 17:35:43,187 - train_greyscale_FA_MoE.py - {'step': '223100', 'lr': '0.0002', 'total_loss': '0.0248241', 'main_loss': '0.0248241', 'time_per_step': '2.20089'}
2025-11-05 17:39:30,114 - train_greyscale_FA_MoE.py - {'step': '223200', 'lr': '0.0002', 'total_loss': '0.0264702', 'main_loss': '0.0264702', 'time_per_step': '2.20141'}
2025-11-05 17:43:16,248 - train_greyscale_FA_MoE.py - {'step': '223300', 'lr': '0.0002', 'total_loss': '0.0332144', 'main_loss': '0.0332144', 'time_per_step': '2.20132'}
2025-11-05 17:47:03,610 - train_greyscale_FA_MoE.py - {'step': '223400', 'lr': '0.0002', 'total_loss': '0.0224674', 'main_loss': '0.0224674', 'time_per_step': '2.19804'}
2025-11-05 17:50:50,846 - train_greyscale_FA_MoE.py - {'step': '223500', 'lr': '0.0002', 'total_loss': '0.0288723', 'main_loss': '0.0288723', 'time_per_step': '2.20571'}
2025-11-05 17:54:37,907 - train_greyscale_FA_MoE.py - {'step': '223600', 'lr': '0.0002', 'total_loss': '0.0210323', 'main_loss': '0.0210323', 'time_per_step': '2.22466'}
2025-11-05 17:58:25,098 - train_greyscale_FA_MoE.py - {'step': '223700', 'lr': '0.0002', 'total_loss': '0.0343944', 'main_loss': '0.0343944', 'time_per_step': '2.14165'}
2025-11-05 18:02:11,575 - train_greyscale_FA_MoE.py - {'step': '223800', 'lr': '0.0002', 'total_loss': '0.0250283', 'main_loss': '0.0250283', 'time_per_step': '2.14098'}
2025-11-05 18:05:58,306 - train_greyscale_FA_MoE.py - {'step': '223900', 'lr': '0.0002', 'total_loss': '0.0230279', 'main_loss': '0.0230279', 'time_per_step': '2.14236'}
2025-11-05 18:09:45,536 - train_greyscale_FA_MoE.py - {'step': '224000', 'lr': '0.0002', 'total_loss': '0.0288768', 'main_loss': '0.0288768', 'time_per_step': '2.25142'}
2025-11-05 18:13:31,407 - train_greyscale_FA_MoE.py - {'step': '224100', 'lr': '0.0002', 'total_loss': '0.0377335', 'main_loss': '0.0377335', 'time_per_step': '2.09525'}
2025-11-05 18:17:18,303 - train_greyscale_FA_MoE.py - {'step': '224200', 'lr': '0.0002', 'total_loss': '0.0247736', 'main_loss': '0.0247736', 'time_per_step': '2.09911'}
2025-11-05 18:21:06,129 - train_greyscale_FA_MoE.py - {'step': '224300', 'lr': '0.0002', 'total_loss': '0.0293398', 'main_loss': '0.0293398', 'time_per_step': '2.20607'}
2025-11-05 18:24:54,484 - train_greyscale_FA_MoE.py - {'step': '224400', 'lr': '0.0002', 'total_loss': '0.02705', 'main_loss': '0.02705', 'time_per_step': '2.17853'}
2025-11-05 18:28:40,501 - train_greyscale_FA_MoE.py - {'step': '224500', 'lr': '0.0002', 'total_loss': '0.0259832', 'main_loss': '0.0259832', 'time_per_step': '2.21377'}
2025-11-05 18:32:27,433 - train_greyscale_FA_MoE.py - {'step': '224600', 'lr': '0.0002', 'total_loss': '0.0267989', 'main_loss': '0.0267989', 'time_per_step': '2.24536'}
2025-11-05 18:36:14,936 - train_greyscale_FA_MoE.py - {'step': '224700', 'lr': '0.0002', 'total_loss': '0.0313361', 'main_loss': '0.0313361', 'time_per_step': '2.19256'}
2025-11-05 18:40:02,510 - train_greyscale_FA_MoE.py - {'step': '224800', 'lr': '0.0002', 'total_loss': '0.0230077', 'main_loss': '0.0230077', 'time_per_step': '2.20383'}
2025-11-05 18:43:50,224 - train_greyscale_FA_MoE.py - {'step': '224900', 'lr': '0.0002', 'total_loss': '0.0313118', 'main_loss': '0.0313118', 'time_per_step': '2.20541'}
2025-11-05 18:47:38,235 - train_greyscale_FA_MoE.py - {'step': '225000', 'lr': '0.0002', 'total_loss': '0.0277518', 'main_loss': '0.0277518', 'time_per_step': '2.21464'}
2025-11-05 18:47:38,250 - train_greyscale_FA_MoE.py - Saved expert distribution of layer in_block_0 to output/acdc_wholeheart_uncond_fa_ec_moe_greyscale_uvit_mid_4by4_l6r9_minmax/samples/expert_distribution_in_block_0_step225000.npy
2025-11-05 18:47:39,645 - train_greyscale_FA_MoE.py - Saved expert distribution of layer out_block_7 to output/acdc_wholeheart_uncond_fa_ec_moe_greyscale_uvit_mid_4by4_l6r9_minmax/samples/expert_distribution_out_block_7_step225000.npy
2025-11-05 18:47:41,216 - train_greyscale_FA_MoE.py - Save a grid of 16 samples into output/acdc_wholeheart_uncond_fa_ec_moe_greyscale_uvit_mid_4by4_l6r9_minmax/samples/225000.png by DPM-Solver
2025-11-05 18:47:46,701 - train_greyscale_FA_MoE.py - Finished saving sample grid to output/acdc_wholeheart_uncond_fa_ec_moe_greyscale_uvit_mid_4by4_l6r9_minmax/samples/225000.png by DPM-Solver.
2025-11-05 18:47:46,755 - train_greyscale_FA_MoE.py - Save and eval checkpoint 225000...
2025-11-05 18:47:49,154 - train_greyscale_FA_MoE.py - eval_step: n_samples=50000, sample_steps=50, algorithm=dpm_solver, mini_batch_size=500, samples save into output/acdc_wholeheart_uncond_fa_ec_moe_greyscale_uvit_mid_4by4_l6r9_minmax/samples/acdc_wholeheart_uncond_uvit_FA_EC_MoE_greyscale_mid_4by4_225000_dpm
2025-11-05 19:37:42,876 - train_greyscale_FA_MoE.py - step=225000 fid50000=21.243049915448296
2025-11-05 19:42:37,346 - train_greyscale_FA_MoE.py - {'step': '225100', 'lr': '0.0002', 'total_loss': '0.0232368', 'main_loss': '0.0232368', 'time_per_step': '2.13177'}
2025-11-05 19:46:28,988 - train_greyscale_FA_MoE.py - {'step': '225200', 'lr': '0.0002', 'total_loss': '0.0260852', 'main_loss': '0.0260852', 'time_per_step': '2.20411'}
2025-11-05 19:50:15,742 - train_greyscale_FA_MoE.py - {'step': '225300', 'lr': '0.0002', 'total_loss': '0.0253979', 'main_loss': '0.0253979', 'time_per_step': '2.09408'}
2025-11-05 19:54:05,794 - train_greyscale_FA_MoE.py - {'step': '225400', 'lr': '0.0002', 'total_loss': '0.0242323', 'main_loss': '0.0242323', 'time_per_step': '2.07771'}
2025-11-05 19:57:56,570 - train_greyscale_FA_MoE.py - {'step': '225500', 'lr': '0.0002', 'total_loss': '0.0237432', 'main_loss': '0.0237432', 'time_per_step': '2.21952'}
2025-11-05 20:01:45,744 - train_greyscale_FA_MoE.py - {'step': '225600', 'lr': '0.0002', 'total_loss': '0.0282539', 'main_loss': '0.0282539', 'time_per_step': '2.2124'}
2025-11-05 20:05:36,883 - train_greyscale_FA_MoE.py - {'step': '225700', 'lr': '0.0002', 'total_loss': '0.0245278', 'main_loss': '0.0245278', 'time_per_step': '2.32283'}
2025-11-05 20:09:24,067 - train_greyscale_FA_MoE.py - {'step': '225800', 'lr': '0.0002', 'total_loss': '0.0240908', 'main_loss': '0.0240908', 'time_per_step': '2.23083'}
2025-11-05 20:13:11,944 - train_greyscale_FA_MoE.py - {'step': '225900', 'lr': '0.0002', 'total_loss': '0.0271397', 'main_loss': '0.0271397', 'time_per_step': '2.24586'}
2025-11-05 20:17:02,359 - train_greyscale_FA_MoE.py - {'step': '226000', 'lr': '0.0002', 'total_loss': '0.0334061', 'main_loss': '0.0334061', 'time_per_step': '2.16839'}
2025-11-05 20:20:53,132 - train_greyscale_FA_MoE.py - {'step': '226100', 'lr': '0.0002', 'total_loss': '0.0339556', 'main_loss': '0.0339556', 'time_per_step': '2.19828'}
2025-11-05 20:24:41,897 - train_greyscale_FA_MoE.py - {'step': '226200', 'lr': '0.0002', 'total_loss': '0.0315292', 'main_loss': '0.0315292', 'time_per_step': '2.19074'}
2025-11-05 20:28:31,301 - train_greyscale_FA_MoE.py - {'step': '226300', 'lr': '0.0002', 'total_loss': '0.0300146', 'main_loss': '0.0300146', 'time_per_step': '2.22485'}
2025-11-05 20:32:18,562 - train_greyscale_FA_MoE.py - {'step': '226400', 'lr': '0.0002', 'total_loss': '0.0343485', 'main_loss': '0.0343485', 'time_per_step': '2.21637'}
2025-11-05 20:36:05,727 - train_greyscale_FA_MoE.py - {'step': '226500', 'lr': '0.0002', 'total_loss': '0.0260349', 'main_loss': '0.0260349', 'time_per_step': '2.08388'}
2025-11-05 20:39:51,519 - train_greyscale_FA_MoE.py - {'step': '226600', 'lr': '0.0002', 'total_loss': '0.0261233', 'main_loss': '0.0261233', 'time_per_step': '2.09061'}
2025-11-05 20:43:40,459 - train_greyscale_FA_MoE.py - {'step': '226700', 'lr': '0.0002', 'total_loss': '0.0271747', 'main_loss': '0.0271747', 'time_per_step': '2.21345'}
2025-11-05 20:47:31,545 - train_greyscale_FA_MoE.py - {'step': '226800', 'lr': '0.0002', 'total_loss': '0.0310661', 'main_loss': '0.0310661', 'time_per_step': '2.17857'}
2025-11-05 20:51:20,258 - train_greyscale_FA_MoE.py - {'step': '226900', 'lr': '0.0002', 'total_loss': '0.0344327', 'main_loss': '0.0344327', 'time_per_step': '2.20685'}
2025-11-05 20:55:07,832 - train_greyscale_FA_MoE.py - {'step': '227000', 'lr': '0.0002', 'total_loss': '0.0290994', 'main_loss': '0.0290994', 'time_per_step': '2.20481'}
2025-11-05 20:58:56,316 - train_greyscale_FA_MoE.py - {'step': '227100', 'lr': '0.0002', 'total_loss': '0.0374971', 'main_loss': '0.0374971', 'time_per_step': '2.27644'}
2025-11-05 21:02:45,018 - train_greyscale_FA_MoE.py - {'step': '227200', 'lr': '0.0002', 'total_loss': '0.0276192', 'main_loss': '0.0276192', 'time_per_step': '2.21342'}
2025-11-05 21:06:32,653 - train_greyscale_FA_MoE.py - {'step': '227300', 'lr': '0.0002', 'total_loss': '0.0303641', 'main_loss': '0.0303641', 'time_per_step': '2.19598'}
2025-11-05 21:10:20,693 - train_greyscale_FA_MoE.py - {'step': '227400', 'lr': '0.0002', 'total_loss': '0.0277906', 'main_loss': '0.0277906', 'time_per_step': '2.21132'}
2025-11-05 21:14:08,637 - train_greyscale_FA_MoE.py - {'step': '227500', 'lr': '0.0002', 'total_loss': '0.0311473', 'main_loss': '0.0311473', 'time_per_step': '2.23933'}
2025-11-05 21:17:55,131 - train_greyscale_FA_MoE.py - {'step': '227600', 'lr': '0.0002', 'total_loss': '0.0294712', 'main_loss': '0.0294712', 'time_per_step': '2.21194'}
2025-11-05 21:21:42,072 - train_greyscale_FA_MoE.py - {'step': '227700', 'lr': '0.0002', 'total_loss': '0.0238371', 'main_loss': '0.0238371', 'time_per_step': '2.09477'}
2025-11-05 21:25:28,062 - train_greyscale_FA_MoE.py - {'step': '227800', 'lr': '0.0002', 'total_loss': '0.027725', 'main_loss': '0.027725', 'time_per_step': '2.0923'}
2025-11-05 21:29:16,563 - train_greyscale_FA_MoE.py - {'step': '227900', 'lr': '0.0002', 'total_loss': '0.0214757', 'main_loss': '0.0214757', 'time_per_step': '2.21388'}
2025-11-05 21:33:03,406 - train_greyscale_FA_MoE.py - {'step': '228000', 'lr': '0.0002', 'total_loss': '0.0203191', 'main_loss': '0.0203191', 'time_per_step': '2.18523'}
2025-11-05 21:36:50,627 - train_greyscale_FA_MoE.py - {'step': '228100', 'lr': '0.0002', 'total_loss': '0.0313794', 'main_loss': '0.0313794', 'time_per_step': '2.25464'}
2025-11-05 21:40:36,714 - train_greyscale_FA_MoE.py - {'step': '228200', 'lr': '0.0002', 'total_loss': '0.0297937', 'main_loss': '0.0297937', 'time_per_step': '2.19833'}
2025-11-05 21:44:23,758 - train_greyscale_FA_MoE.py - {'step': '228300', 'lr': '0.0002', 'total_loss': '0.0320021', 'main_loss': '0.0320021', 'time_per_step': '2.21851'}
2025-11-05 21:48:11,114 - train_greyscale_FA_MoE.py - {'step': '228400', 'lr': '0.0002', 'total_loss': '0.0255298', 'main_loss': '0.0255298', 'time_per_step': '2.18132'}
2025-11-05 21:51:57,626 - train_greyscale_FA_MoE.py - {'step': '228500', 'lr': '0.0002', 'total_loss': '0.031779', 'main_loss': '0.031779', 'time_per_step': '2.18811'}
2025-11-05 21:55:44,581 - train_greyscale_FA_MoE.py - {'step': '228600', 'lr': '0.0002', 'total_loss': '0.0244588', 'main_loss': '0.0244588', 'time_per_step': '2.23149'}
2025-11-05 21:59:31,567 - train_greyscale_FA_MoE.py - {'step': '228700', 'lr': '0.0002', 'total_loss': '0.0325663', 'main_loss': '0.0325663', 'time_per_step': '2.19796'}
2025-11-05 22:03:18,636 - train_greyscale_FA_MoE.py - {'step': '228800', 'lr': '0.0002', 'total_loss': '0.0281084', 'main_loss': '0.0281084', 'time_per_step': '2.21622'}
2025-11-05 22:07:05,371 - train_greyscale_FA_MoE.py - {'step': '228900', 'lr': '0.0002', 'total_loss': '0.0269382', 'main_loss': '0.0269382', 'time_per_step': '2.09455'}
2025-11-05 22:10:51,745 - train_greyscale_FA_MoE.py - {'step': '229000', 'lr': '0.0002', 'total_loss': '0.0298658', 'main_loss': '0.0298658', 'time_per_step': '2.09041'}
2025-11-05 22:14:38,961 - train_greyscale_FA_MoE.py - {'step': '229100', 'lr': '0.0002', 'total_loss': '0.0239284', 'main_loss': '0.0239284', 'time_per_step': '2.21812'}
2025-11-05 22:18:25,945 - train_greyscale_FA_MoE.py - {'step': '229200', 'lr': '0.0002', 'total_loss': '0.0361763', 'main_loss': '0.0361763', 'time_per_step': '2.23782'}
2025-11-05 22:22:13,091 - train_greyscale_FA_MoE.py - {'step': '229300', 'lr': '0.0002', 'total_loss': '0.0309481', 'main_loss': '0.0309481', 'time_per_step': '2.37051'}
2025-11-05 22:26:00,546 - train_greyscale_FA_MoE.py - {'step': '229400', 'lr': '0.0002', 'total_loss': '0.0203318', 'main_loss': '0.0203318', 'time_per_step': '2.32881'}
2025-11-05 22:29:47,746 - train_greyscale_FA_MoE.py - {'step': '229500', 'lr': '0.0002', 'total_loss': '0.0283525', 'main_loss': '0.0283525', 'time_per_step': '2.20231'}
2025-11-05 22:33:34,180 - train_greyscale_FA_MoE.py - {'step': '229600', 'lr': '0.0002', 'total_loss': '0.025475', 'main_loss': '0.025475', 'time_per_step': '2.22247'}
2025-11-05 22:37:20,634 - train_greyscale_FA_MoE.py - {'step': '229700', 'lr': '0.0002', 'total_loss': '0.0306631', 'main_loss': '0.0306631', 'time_per_step': '2.20757'}
2025-11-05 22:41:07,689 - train_greyscale_FA_MoE.py - {'step': '229800', 'lr': '0.0002', 'total_loss': '0.0275355', 'main_loss': '0.0275355', 'time_per_step': '2.20898'}
2025-11-05 22:44:53,492 - train_greyscale_FA_MoE.py - {'step': '229900', 'lr': '0.0002', 'total_loss': '0.0290813', 'main_loss': '0.0290813', 'time_per_step': '2.19637'}
2025-11-05 22:48:40,477 - train_greyscale_FA_MoE.py - {'step': '230000', 'lr': '0.0002', 'total_loss': '0.0321117', 'main_loss': '0.0321117', 'time_per_step': '2.18825'}
2025-11-05 22:52:26,449 - train_greyscale_FA_MoE.py - {'step': '230100', 'lr': '0.0002', 'total_loss': '0.0245342', 'main_loss': '0.0245342', 'time_per_step': '2.14618'}
2025-11-05 22:56:13,442 - train_greyscale_FA_MoE.py - {'step': '230200', 'lr': '0.0002', 'total_loss': '0.0253001', 'main_loss': '0.0253001', 'time_per_step': '2.07402'}
2025-11-05 23:00:01,189 - train_greyscale_FA_MoE.py - {'step': '230300', 'lr': '0.0002', 'total_loss': '0.027795', 'main_loss': '0.027795', 'time_per_step': '2.22899'}
2025-11-05 23:03:48,618 - train_greyscale_FA_MoE.py - {'step': '230400', 'lr': '0.0002', 'total_loss': '0.0260731', 'main_loss': '0.0260731', 'time_per_step': '2.16919'}
2025-11-05 23:07:34,659 - train_greyscale_FA_MoE.py - {'step': '230500', 'lr': '0.0002', 'total_loss': '0.0316908', 'main_loss': '0.0316908', 'time_per_step': '2.21801'}
2025-11-05 23:11:21,027 - train_greyscale_FA_MoE.py - {'step': '230600', 'lr': '0.0002', 'total_loss': '0.029995', 'main_loss': '0.029995', 'time_per_step': '2.18941'}
2025-11-05 23:15:07,310 - train_greyscale_FA_MoE.py - {'step': '230700', 'lr': '0.0002', 'total_loss': '0.0264286', 'main_loss': '0.0264286', 'time_per_step': '2.18286'}
2025-11-05 23:18:54,145 - train_greyscale_FA_MoE.py - {'step': '230800', 'lr': '0.0002', 'total_loss': '0.0270553', 'main_loss': '0.0270553', 'time_per_step': '2.18163'}
2025-11-05 23:22:40,590 - train_greyscale_FA_MoE.py - {'step': '230900', 'lr': '0.0002', 'total_loss': '0.0283443', 'main_loss': '0.0283443', 'time_per_step': '2.21312'}
2025-11-05 23:26:27,937 - train_greyscale_FA_MoE.py - {'step': '231000', 'lr': '0.0002', 'total_loss': '0.0306853', 'main_loss': '0.0306853', 'time_per_step': '2.19855'}
2025-11-05 23:30:14,650 - train_greyscale_FA_MoE.py - {'step': '231100', 'lr': '0.0002', 'total_loss': '0.0211147', 'main_loss': '0.0211147', 'time_per_step': '2.19798'}
2025-11-05 23:34:00,932 - train_greyscale_FA_MoE.py - {'step': '231200', 'lr': '0.0002', 'total_loss': '0.0253531', 'main_loss': '0.0253531', 'time_per_step': '2.29829'}
2025-11-05 23:37:46,610 - train_greyscale_FA_MoE.py - {'step': '231300', 'lr': '0.0002', 'total_loss': '0.0272462', 'main_loss': '0.0272462', 'time_per_step': '2.07495'}
2025-11-05 23:41:33,796 - train_greyscale_FA_MoE.py - {'step': '231400', 'lr': '0.0002', 'total_loss': '0.0234818', 'main_loss': '0.0234818', 'time_per_step': '2.07137'}
2025-11-05 23:45:20,779 - train_greyscale_FA_MoE.py - {'step': '231500', 'lr': '0.0002', 'total_loss': '0.0292465', 'main_loss': '0.0292465', 'time_per_step': '2.19147'}
2025-11-05 23:49:08,035 - train_greyscale_FA_MoE.py - {'step': '231600', 'lr': '0.0002', 'total_loss': '0.0233182', 'main_loss': '0.0233182', 'time_per_step': '2.218'}
2025-11-05 23:52:54,255 - train_greyscale_FA_MoE.py - {'step': '231700', 'lr': '0.0002', 'total_loss': '0.0257794', 'main_loss': '0.0257794', 'time_per_step': '2.22636'}
2025-11-05 23:56:40,697 - train_greyscale_FA_MoE.py - {'step': '231800', 'lr': '0.0002', 'total_loss': '0.0311322', 'main_loss': '0.0311322', 'time_per_step': '2.1899'}
2025-11-06 00:00:27,324 - train_greyscale_FA_MoE.py - {'step': '231900', 'lr': '0.0002', 'total_loss': '0.0316491', 'main_loss': '0.0316491', 'time_per_step': '2.25199'}
2025-11-06 00:04:14,509 - train_greyscale_FA_MoE.py - {'step': '232000', 'lr': '0.0002', 'total_loss': '0.027226', 'main_loss': '0.027226', 'time_per_step': '2.22714'}
2025-11-06 00:08:01,710 - train_greyscale_FA_MoE.py - {'step': '232100', 'lr': '0.0002', 'total_loss': '0.0306943', 'main_loss': '0.0306943', 'time_per_step': '2.19542'}
2025-11-06 00:11:49,062 - train_greyscale_FA_MoE.py - {'step': '232200', 'lr': '0.0002', 'total_loss': '0.0309131', 'main_loss': '0.0309131', 'time_per_step': '2.17055'}
2025-11-06 00:15:36,022 - train_greyscale_FA_MoE.py - {'step': '232300', 'lr': '0.0002', 'total_loss': '0.0251362', 'main_loss': '0.0251362', 'time_per_step': '2.18415'}
2025-11-06 00:19:23,180 - train_greyscale_FA_MoE.py - {'step': '232400', 'lr': '0.0002', 'total_loss': '0.030779', 'main_loss': '0.030779', 'time_per_step': '2.20449'}
2025-11-06 00:23:09,303 - train_greyscale_FA_MoE.py - {'step': '232500', 'lr': '0.0002', 'total_loss': '0.0246172', 'main_loss': '0.0246172', 'time_per_step': '2.071'}
2025-11-06 00:26:55,260 - train_greyscale_FA_MoE.py - {'step': '232600', 'lr': '0.0002', 'total_loss': '0.0259122', 'main_loss': '0.0259122', 'time_per_step': '2.14996'}
2025-11-06 00:30:42,330 - train_greyscale_FA_MoE.py - {'step': '232700', 'lr': '0.0002', 'total_loss': '0.0328169', 'main_loss': '0.0328169', 'time_per_step': '2.15314'}
2025-11-06 00:34:29,442 - train_greyscale_FA_MoE.py - {'step': '232800', 'lr': '0.0002', 'total_loss': '0.0311869', 'main_loss': '0.0311869', 'time_per_step': '2.19693'}
2025-11-06 00:38:15,645 - train_greyscale_FA_MoE.py - {'step': '232900', 'lr': '0.0002', 'total_loss': '0.0281715', 'main_loss': '0.0281715', 'time_per_step': '2.20711'}
2025-11-06 00:42:02,885 - train_greyscale_FA_MoE.py - {'step': '233000', 'lr': '0.0002', 'total_loss': '0.0285316', 'main_loss': '0.0285316', 'time_per_step': '2.21639'}
2025-11-06 00:45:50,200 - train_greyscale_FA_MoE.py - {'step': '233100', 'lr': '0.0002', 'total_loss': '0.027212', 'main_loss': '0.027212', 'time_per_step': '2.2125'}
2025-11-06 00:49:37,428 - train_greyscale_FA_MoE.py - {'step': '233200', 'lr': '0.0002', 'total_loss': '0.0282945', 'main_loss': '0.0282945', 'time_per_step': '2.21957'}
2025-11-06 00:53:23,055 - train_greyscale_FA_MoE.py - {'step': '233300', 'lr': '0.0002', 'total_loss': '0.0289853', 'main_loss': '0.0289853', 'time_per_step': '2.18767'}
2025-11-06 00:57:10,202 - train_greyscale_FA_MoE.py - {'step': '233400', 'lr': '0.0002', 'total_loss': '0.0292046', 'main_loss': '0.0292046', 'time_per_step': '2.15648'}
2025-11-06 01:00:56,293 - train_greyscale_FA_MoE.py - {'step': '233500', 'lr': '0.0002', 'total_loss': '0.0311941', 'main_loss': '0.0311941', 'time_per_step': '2.24984'}
2025-11-06 01:04:43,370 - train_greyscale_FA_MoE.py - {'step': '233600', 'lr': '0.0002', 'total_loss': '0.0286857', 'main_loss': '0.0286857', 'time_per_step': '2.21451'}
2025-11-06 01:08:29,911 - train_greyscale_FA_MoE.py - {'step': '233700', 'lr': '0.0002', 'total_loss': '0.0281206', 'main_loss': '0.0281206', 'time_per_step': '2.0793'}
2025-11-06 01:12:15,772 - train_greyscale_FA_MoE.py - {'step': '233800', 'lr': '0.0002', 'total_loss': '0.0264534', 'main_loss': '0.0264534', 'time_per_step': '2.07267'}
2025-11-06 01:16:02,643 - train_greyscale_FA_MoE.py - {'step': '233900', 'lr': '0.0002', 'total_loss': '0.0289584', 'main_loss': '0.0289584', 'time_per_step': '2.20588'}
2025-11-06 01:19:48,200 - train_greyscale_FA_MoE.py - {'step': '234000', 'lr': '0.0002', 'total_loss': '0.0268294', 'main_loss': '0.0268294', 'time_per_step': '2.23854'}
2025-11-06 01:23:35,507 - train_greyscale_FA_MoE.py - {'step': '234100', 'lr': '0.0002', 'total_loss': '0.02547', 'main_loss': '0.02547', 'time_per_step': '2.21592'}
2025-11-06 01:27:21,749 - train_greyscale_FA_MoE.py - {'step': '234200', 'lr': '0.0002', 'total_loss': '0.0262974', 'main_loss': '0.0262974', 'time_per_step': '2.19593'}
2025-11-06 01:31:09,110 - train_greyscale_FA_MoE.py - {'step': '234300', 'lr': '0.0002', 'total_loss': '0.031394', 'main_loss': '0.031394', 'time_per_step': '2.20596'}
2025-11-06 01:34:56,019 - train_greyscale_FA_MoE.py - {'step': '234400', 'lr': '0.0002', 'total_loss': '0.0269442', 'main_loss': '0.0269442', 'time_per_step': '2.24718'}
2025-11-06 01:38:42,133 - train_greyscale_FA_MoE.py - {'step': '234500', 'lr': '0.0002', 'total_loss': '0.0288777', 'main_loss': '0.0288777', 'time_per_step': '2.19673'}
2025-11-06 01:42:28,831 - train_greyscale_FA_MoE.py - {'step': '234600', 'lr': '0.0002', 'total_loss': '0.03233', 'main_loss': '0.03233', 'time_per_step': '2.16354'}
2025-11-06 01:46:15,473 - train_greyscale_FA_MoE.py - {'step': '234700', 'lr': '0.0002', 'total_loss': '0.0258097', 'main_loss': '0.0258097', 'time_per_step': '2.20844'}
2025-11-06 01:50:01,551 - train_greyscale_FA_MoE.py - {'step': '234800', 'lr': '0.0002', 'total_loss': '0.028033', 'main_loss': '0.028033', 'time_per_step': '2.21652'}
2025-11-06 01:53:48,371 - train_greyscale_FA_MoE.py - {'step': '234900', 'lr': '0.0002', 'total_loss': '0.0273714', 'main_loss': '0.0273714', 'time_per_step': '2.08147'}
2025-11-06 01:57:34,784 - train_greyscale_FA_MoE.py - {'step': '235000', 'lr': '0.0002', 'total_loss': '0.0342936', 'main_loss': '0.0342936', 'time_per_step': '2.07115'}
2025-11-06 02:01:22,281 - train_greyscale_FA_MoE.py - {'step': '235100', 'lr': '0.0002', 'total_loss': '0.02601', 'main_loss': '0.02601', 'time_per_step': '2.21004'}
2025-11-06 02:05:09,403 - train_greyscale_FA_MoE.py - {'step': '235200', 'lr': '0.0002', 'total_loss': '0.0295163', 'main_loss': '0.0295163', 'time_per_step': '2.20187'}
2025-11-06 02:08:55,687 - train_greyscale_FA_MoE.py - {'step': '235300', 'lr': '0.0002', 'total_loss': '0.0270313', 'main_loss': '0.0270313', 'time_per_step': '2.25731'}
2025-11-06 02:12:42,726 - train_greyscale_FA_MoE.py - {'step': '235400', 'lr': '0.0002', 'total_loss': '0.0256586', 'main_loss': '0.0256586', 'time_per_step': '2.22932'}
2025-11-06 02:16:30,257 - train_greyscale_FA_MoE.py - {'step': '235500', 'lr': '0.0002', 'total_loss': '0.0214913', 'main_loss': '0.0214913', 'time_per_step': '2.14248'}
2025-11-06 02:20:16,913 - train_greyscale_FA_MoE.py - {'step': '235600', 'lr': '0.0002', 'total_loss': '0.035917', 'main_loss': '0.035917', 'time_per_step': '2.18658'}
2025-11-06 02:24:02,997 - train_greyscale_FA_MoE.py - {'step': '235700', 'lr': '0.0002', 'total_loss': '0.0235316', 'main_loss': '0.0235316', 'time_per_step': '2.20124'}
2025-11-06 02:27:49,915 - train_greyscale_FA_MoE.py - {'step': '235800', 'lr': '0.0002', 'total_loss': '0.0293362', 'main_loss': '0.0293362', 'time_per_step': '2.14192'}
2025-11-06 02:31:36,310 - train_greyscale_FA_MoE.py - {'step': '235900', 'lr': '0.0002', 'total_loss': '0.0221993', 'main_loss': '0.0221993', 'time_per_step': '2.22734'}
2025-11-06 02:35:22,765 - train_greyscale_FA_MoE.py - {'step': '236000', 'lr': '0.0002', 'total_loss': '0.0276809', 'main_loss': '0.0276809', 'time_per_step': '2.17868'}
2025-11-06 02:39:09,584 - train_greyscale_FA_MoE.py - {'step': '236100', 'lr': '0.0002', 'total_loss': '0.0204694', 'main_loss': '0.0204694', 'time_per_step': '2.08103'}
2025-11-06 02:42:56,542 - train_greyscale_FA_MoE.py - {'step': '236200', 'lr': '0.0002', 'total_loss': '0.024769', 'main_loss': '0.024769', 'time_per_step': '2.1636'}
2025-11-06 02:46:44,170 - train_greyscale_FA_MoE.py - {'step': '236300', 'lr': '0.0002', 'total_loss': '0.0307379', 'main_loss': '0.0307379', 'time_per_step': '2.22222'}
2025-11-06 02:50:30,916 - train_greyscale_FA_MoE.py - {'step': '236400', 'lr': '0.0002', 'total_loss': '0.0268106', 'main_loss': '0.0268106', 'time_per_step': '2.22223'}
2025-11-06 02:54:18,000 - train_greyscale_FA_MoE.py - {'step': '236500', 'lr': '0.0002', 'total_loss': '0.0197254', 'main_loss': '0.0197254', 'time_per_step': '2.2204'}
2025-11-06 02:58:04,135 - train_greyscale_FA_MoE.py - {'step': '236600', 'lr': '0.0002', 'total_loss': '0.0298412', 'main_loss': '0.0298412', 'time_per_step': '2.20794'}
2025-11-06 03:01:53,660 - train_greyscale_FA_MoE.py - {'step': '236700', 'lr': '0.0002', 'total_loss': '0.0274108', 'main_loss': '0.0274108', 'time_per_step': '2.18289'}
2025-11-06 03:05:40,800 - train_greyscale_FA_MoE.py - {'step': '236800', 'lr': '0.0002', 'total_loss': '0.030571', 'main_loss': '0.030571', 'time_per_step': '2.20521'}
2025-11-06 03:09:27,814 - train_greyscale_FA_MoE.py - {'step': '236900', 'lr': '0.0002', 'total_loss': '0.025678', 'main_loss': '0.025678', 'time_per_step': '2.20012'}
2025-11-06 03:13:14,020 - train_greyscale_FA_MoE.py - {'step': '237000', 'lr': '0.0002', 'total_loss': '0.0237933', 'main_loss': '0.0237933', 'time_per_step': '2.19486'}
2025-11-06 03:17:01,105 - train_greyscale_FA_MoE.py - {'step': '237100', 'lr': '0.0002', 'total_loss': '0.0262076', 'main_loss': '0.0262076', 'time_per_step': '2.37313'}
2025-11-06 03:20:48,608 - train_greyscale_FA_MoE.py - {'step': '237200', 'lr': '0.0002', 'total_loss': '0.0251267', 'main_loss': '0.0251267', 'time_per_step': '2.18946'}
2025-11-06 03:24:35,042 - train_greyscale_FA_MoE.py - {'step': '237300', 'lr': '0.0002', 'total_loss': '0.0295909', 'main_loss': '0.0295909', 'time_per_step': '2.08604'}
2025-11-06 03:28:21,187 - train_greyscale_FA_MoE.py - {'step': '237400', 'lr': '0.0002', 'total_loss': '0.0251281', 'main_loss': '0.0251281', 'time_per_step': '2.07812'}
2025-11-06 03:32:08,385 - train_greyscale_FA_MoE.py - {'step': '237500', 'lr': '0.0002', 'total_loss': '0.0286215', 'main_loss': '0.0286215', 'time_per_step': '2.16511'}
2025-11-06 03:35:54,556 - train_greyscale_FA_MoE.py - {'step': '237600', 'lr': '0.0002', 'total_loss': '0.028339', 'main_loss': '0.028339', 'time_per_step': '2.18712'}
2025-11-06 03:39:41,106 - train_greyscale_FA_MoE.py - {'step': '237700', 'lr': '0.0002', 'total_loss': '0.0315589', 'main_loss': '0.0315589', 'time_per_step': '2.20988'}
2025-11-06 03:43:28,164 - train_greyscale_FA_MoE.py - {'step': '237800', 'lr': '0.0002', 'total_loss': '0.0300857', 'main_loss': '0.0300857', 'time_per_step': '2.1994'}
2025-11-06 03:47:15,924 - train_greyscale_FA_MoE.py - {'step': '237900', 'lr': '0.0002', 'total_loss': '0.029577', 'main_loss': '0.029577', 'time_per_step': '2.2081'}
2025-11-06 03:51:01,578 - train_greyscale_FA_MoE.py - {'step': '238000', 'lr': '0.0002', 'total_loss': '0.0248673', 'main_loss': '0.0248673', 'time_per_step': '2.21465'}
2025-11-06 03:54:49,024 - train_greyscale_FA_MoE.py - {'step': '238100', 'lr': '0.0002', 'total_loss': '0.0301309', 'main_loss': '0.0301309', 'time_per_step': '2.20036'}
2025-11-06 03:58:36,026 - train_greyscale_FA_MoE.py - {'step': '238200', 'lr': '0.0002', 'total_loss': '0.0362857', 'main_loss': '0.0362857', 'time_per_step': '2.17303'}
2025-11-06 04:02:24,089 - train_greyscale_FA_MoE.py - {'step': '238300', 'lr': '0.0002', 'total_loss': '0.0282029', 'main_loss': '0.0282029', 'time_per_step': '2.20726'}
2025-11-06 04:06:09,944 - train_greyscale_FA_MoE.py - {'step': '238400', 'lr': '0.0002', 'total_loss': '0.0327459', 'main_loss': '0.0327459', 'time_per_step': '2.21943'}
2025-11-06 04:09:55,927 - train_greyscale_FA_MoE.py - {'step': '238500', 'lr': '0.0002', 'total_loss': '0.0248185', 'main_loss': '0.0248185', 'time_per_step': '2.14456'}
2025-11-06 04:13:42,381 - train_greyscale_FA_MoE.py - {'step': '238600', 'lr': '0.0002', 'total_loss': '0.0246791', 'main_loss': '0.0246791', 'time_per_step': '2.18846'}
2025-11-06 04:17:31,583 - train_greyscale_FA_MoE.py - {'step': '238700', 'lr': '0.0002', 'total_loss': '0.026121', 'main_loss': '0.026121', 'time_per_step': '2.20732'}
2025-11-06 04:21:17,167 - train_greyscale_FA_MoE.py - {'step': '238800', 'lr': '0.0002', 'total_loss': '0.0271337', 'main_loss': '0.0271337', 'time_per_step': '2.14587'}
2025-11-06 04:25:04,113 - train_greyscale_FA_MoE.py - {'step': '238900', 'lr': '0.0002', 'total_loss': '0.0311366', 'main_loss': '0.0311366', 'time_per_step': '2.19741'}
2025-11-06 04:28:49,803 - train_greyscale_FA_MoE.py - {'step': '239000', 'lr': '0.0002', 'total_loss': '0.0299297', 'main_loss': '0.0299297', 'time_per_step': '2.19278'}
2025-11-06 04:32:37,235 - train_greyscale_FA_MoE.py - {'step': '239100', 'lr': '0.0002', 'total_loss': '0.0270834', 'main_loss': '0.0270834', 'time_per_step': '2.20901'}
2025-11-06 04:36:23,552 - train_greyscale_FA_MoE.py - {'step': '239200', 'lr': '0.0002', 'total_loss': '0.0284391', 'main_loss': '0.0284391', 'time_per_step': '2.2267'}
2025-11-06 04:40:10,567 - train_greyscale_FA_MoE.py - {'step': '239300', 'lr': '0.0002', 'total_loss': '0.0252068', 'main_loss': '0.0252068', 'time_per_step': '2.2242'}
2025-11-06 04:43:57,258 - train_greyscale_FA_MoE.py - {'step': '239400', 'lr': '0.0002', 'total_loss': '0.0294477', 'main_loss': '0.0294477', 'time_per_step': '2.24942'}
2025-11-06 04:47:44,318 - train_greyscale_FA_MoE.py - {'step': '239500', 'lr': '0.0002', 'total_loss': '0.0262384', 'main_loss': '0.0262384', 'time_per_step': '2.21908'}
2025-11-06 04:51:31,007 - train_greyscale_FA_MoE.py - {'step': '239600', 'lr': '0.0002', 'total_loss': '0.0275041', 'main_loss': '0.0275041', 'time_per_step': '2.25172'}
2025-11-06 04:55:17,483 - train_greyscale_FA_MoE.py - {'step': '239700', 'lr': '0.0002', 'total_loss': '0.0275681', 'main_loss': '0.0275681', 'time_per_step': '2.07407'}
2025-11-06 04:59:04,461 - train_greyscale_FA_MoE.py - {'step': '239800', 'lr': '0.0002', 'total_loss': '0.028637', 'main_loss': '0.028637', 'time_per_step': '2.07537'}
2025-11-06 05:02:53,409 - train_greyscale_FA_MoE.py - {'step': '239900', 'lr': '0.0002', 'total_loss': '0.0268093', 'main_loss': '0.0268093', 'time_per_step': '2.19671'}
2025-11-06 05:06:38,776 - train_greyscale_FA_MoE.py - {'step': '240000', 'lr': '0.0002', 'total_loss': '0.0256229', 'main_loss': '0.0256229', 'time_per_step': '2.19211'}
2025-11-06 05:10:25,774 - train_greyscale_FA_MoE.py - {'step': '240100', 'lr': '0.0002', 'total_loss': '0.032785', 'main_loss': '0.032785', 'time_per_step': '2.25542'}
2025-11-06 05:14:12,269 - train_greyscale_FA_MoE.py - {'step': '240200', 'lr': '0.0002', 'total_loss': '0.0287991', 'main_loss': '0.0287991', 'time_per_step': '2.11997'}
2025-11-06 05:17:58,733 - train_greyscale_FA_MoE.py - {'step': '240300', 'lr': '0.0002', 'total_loss': '0.0291862', 'main_loss': '0.0291862', 'time_per_step': '2.232'}
2025-11-06 05:21:45,835 - train_greyscale_FA_MoE.py - {'step': '240400', 'lr': '0.0002', 'total_loss': '0.02658', 'main_loss': '0.02658', 'time_per_step': '2.19814'}
2025-11-06 05:25:33,116 - train_greyscale_FA_MoE.py - {'step': '240500', 'lr': '0.0002', 'total_loss': '0.0332178', 'main_loss': '0.0332178', 'time_per_step': '2.19696'}
2025-11-06 05:29:19,830 - train_greyscale_FA_MoE.py - {'step': '240600', 'lr': '0.0002', 'total_loss': '0.0240441', 'main_loss': '0.0240441', 'time_per_step': '2.19632'}
2025-11-06 05:33:06,616 - train_greyscale_FA_MoE.py - {'step': '240700', 'lr': '0.0002', 'total_loss': '0.0244442', 'main_loss': '0.0244442', 'time_per_step': '2.23723'}
2025-11-06 05:36:53,560 - train_greyscale_FA_MoE.py - {'step': '240800', 'lr': '0.0002', 'total_loss': '0.0245193', 'main_loss': '0.0245193', 'time_per_step': '2.18756'}
2025-11-06 05:40:39,953 - train_greyscale_FA_MoE.py - {'step': '240900', 'lr': '0.0002', 'total_loss': '0.0247491', 'main_loss': '0.0247491', 'time_per_step': '2.071'}
2025-11-06 05:44:26,473 - train_greyscale_FA_MoE.py - {'step': '241000', 'lr': '0.0002', 'total_loss': '0.0267683', 'main_loss': '0.0267683', 'time_per_step': '2.14795'}
2025-11-06 05:48:14,007 - train_greyscale_FA_MoE.py - {'step': '241100', 'lr': '0.0002', 'total_loss': '0.0316964', 'main_loss': '0.0316964', 'time_per_step': '2.19265'}
2025-11-06 05:52:01,270 - train_greyscale_FA_MoE.py - {'step': '241200', 'lr': '0.0002', 'total_loss': '0.0277406', 'main_loss': '0.0277406', 'time_per_step': '2.1942'}
2025-11-06 05:55:48,359 - train_greyscale_FA_MoE.py - {'step': '241300', 'lr': '0.0002', 'total_loss': '0.026266', 'main_loss': '0.026266', 'time_per_step': '2.20103'}
2025-11-06 05:59:34,937 - train_greyscale_FA_MoE.py - {'step': '241400', 'lr': '0.0002', 'total_loss': '0.0272252', 'main_loss': '0.0272252', 'time_per_step': '2.18209'}
2025-11-06 06:03:21,333 - train_greyscale_FA_MoE.py - {'step': '241500', 'lr': '0.0002', 'total_loss': '0.028154', 'main_loss': '0.028154', 'time_per_step': '2.21427'}
2025-11-06 06:07:07,730 - train_greyscale_FA_MoE.py - {'step': '241600', 'lr': '0.0002', 'total_loss': '0.0268697', 'main_loss': '0.0268697', 'time_per_step': '2.18982'}
2025-11-06 06:10:54,566 - train_greyscale_FA_MoE.py - {'step': '241700', 'lr': '0.0002', 'total_loss': '0.0280116', 'main_loss': '0.0280116', 'time_per_step': '2.20831'}
2025-11-06 06:14:42,489 - train_greyscale_FA_MoE.py - {'step': '241800', 'lr': '0.0002', 'total_loss': '0.0280595', 'main_loss': '0.0280595', 'time_per_step': '2.19859'}
2025-11-06 06:18:29,155 - train_greyscale_FA_MoE.py - {'step': '241900', 'lr': '0.0002', 'total_loss': '0.0315724', 'main_loss': '0.0315724', 'time_per_step': '2.22077'}
2025-11-06 06:22:15,912 - train_greyscale_FA_MoE.py - {'step': '242000', 'lr': '0.0002', 'total_loss': '0.0329271', 'main_loss': '0.0329271', 'time_per_step': '2.19458'}
2025-11-06 06:26:03,019 - train_greyscale_FA_MoE.py - {'step': '242100', 'lr': '0.0002', 'total_loss': '0.0254922', 'main_loss': '0.0254922', 'time_per_step': '2.07067'}
2025-11-06 06:29:49,299 - train_greyscale_FA_MoE.py - {'step': '242200', 'lr': '0.0002', 'total_loss': '0.0294135', 'main_loss': '0.0294135', 'time_per_step': '2.07757'}
2025-11-06 06:33:36,125 - train_greyscale_FA_MoE.py - {'step': '242300', 'lr': '0.0002', 'total_loss': '0.0232041', 'main_loss': '0.0232041', 'time_per_step': '2.18003'}
2025-11-06 06:37:22,965 - train_greyscale_FA_MoE.py - {'step': '242400', 'lr': '0.0002', 'total_loss': '0.0286899', 'main_loss': '0.0286899', 'time_per_step': '2.22444'}
2025-11-06 06:41:10,638 - train_greyscale_FA_MoE.py - {'step': '242500', 'lr': '0.0002', 'total_loss': '0.0285145', 'main_loss': '0.0285145', 'time_per_step': '2.19636'}
2025-11-06 06:44:58,018 - train_greyscale_FA_MoE.py - {'step': '242600', 'lr': '0.0002', 'total_loss': '0.0314736', 'main_loss': '0.0314736', 'time_per_step': '2.19409'}
2025-11-06 06:48:44,299 - train_greyscale_FA_MoE.py - {'step': '242700', 'lr': '0.0002', 'total_loss': '0.0307149', 'main_loss': '0.0307149', 'time_per_step': '2.20549'}
2025-11-06 06:52:30,935 - train_greyscale_FA_MoE.py - {'step': '242800', 'lr': '0.0002', 'total_loss': '0.0275427', 'main_loss': '0.0275427', 'time_per_step': '2.20851'}
2025-11-06 06:56:17,946 - train_greyscale_FA_MoE.py - {'step': '242900', 'lr': '0.0002', 'total_loss': '0.0313349', 'main_loss': '0.0313349', 'time_per_step': '2.17738'}
2025-11-06 07:00:05,744 - train_greyscale_FA_MoE.py - {'step': '243000', 'lr': '0.0002', 'total_loss': '0.0297162', 'main_loss': '0.0297162', 'time_per_step': '2.18904'}
2025-11-06 07:03:53,205 - train_greyscale_FA_MoE.py - {'step': '243100', 'lr': '0.0002', 'total_loss': '0.0265103', 'main_loss': '0.0265103', 'time_per_step': '2.20267'}
2025-11-06 07:07:40,137 - train_greyscale_FA_MoE.py - {'step': '243200', 'lr': '0.0002', 'total_loss': '0.0238284', 'main_loss': '0.0238284', 'time_per_step': '2.19424'}
2025-11-06 07:11:27,065 - train_greyscale_FA_MoE.py - {'step': '243300', 'lr': '0.0002', 'total_loss': '0.0347432', 'main_loss': '0.0347432', 'time_per_step': '2.12781'}
2025-11-06 07:15:14,735 - train_greyscale_FA_MoE.py - {'step': '243400', 'lr': '0.0002', 'total_loss': '0.0327979', 'main_loss': '0.0327979', 'time_per_step': '2.07086'}
2025-11-06 07:19:01,039 - train_greyscale_FA_MoE.py - {'step': '243500', 'lr': '0.0002', 'total_loss': '0.0314002', 'main_loss': '0.0314002', 'time_per_step': '2.21743'}
2025-11-06 07:22:48,026 - train_greyscale_FA_MoE.py - {'step': '243600', 'lr': '0.0002', 'total_loss': '0.0279257', 'main_loss': '0.0279257', 'time_per_step': '2.20482'}
2025-11-06 07:26:34,833 - train_greyscale_FA_MoE.py - {'step': '243700', 'lr': '0.0002', 'total_loss': '0.0249658', 'main_loss': '0.0249658', 'time_per_step': '2.21686'}
2025-11-06 07:30:21,587 - train_greyscale_FA_MoE.py - {'step': '243800', 'lr': '0.0002', 'total_loss': '0.0297957', 'main_loss': '0.0297957', 'time_per_step': '2.19158'}
2025-11-06 07:34:15,498 - train_greyscale_FA_MoE.py - {'step': '243900', 'lr': '0.0002', 'total_loss': '0.0244658', 'main_loss': '0.0244658', 'time_per_step': '2.2158'}
2025-11-06 07:38:16,486 - train_greyscale_FA_MoE.py - {'step': '244000', 'lr': '0.0002', 'total_loss': '0.0221988', 'main_loss': '0.0221988', 'time_per_step': '2.2332'}
2025-11-06 07:42:43,692 - train_greyscale_FA_MoE.py - {'step': '244100', 'lr': '0.0002', 'total_loss': '0.0227502', 'main_loss': '0.0227502', 'time_per_step': '2.21803'}
2025-11-06 07:46:31,518 - train_greyscale_FA_MoE.py - {'step': '244200', 'lr': '0.0002', 'total_loss': '0.0253069', 'main_loss': '0.0253069', 'time_per_step': '2.15936'}
2025-11-06 07:50:18,231 - train_greyscale_FA_MoE.py - {'step': '244300', 'lr': '0.0002', 'total_loss': '0.0247566', 'main_loss': '0.0247566', 'time_per_step': '2.21612'}
2025-11-06 07:54:04,706 - train_greyscale_FA_MoE.py - {'step': '244400', 'lr': '0.0002', 'total_loss': '0.0222964', 'main_loss': '0.0222964', 'time_per_step': '2.20188'}
2025-11-06 07:57:51,303 - train_greyscale_FA_MoE.py - {'step': '244500', 'lr': '0.0002', 'total_loss': '0.0318633', 'main_loss': '0.0318633', 'time_per_step': '2.07609'}
2025-11-06 08:01:37,860 - train_greyscale_FA_MoE.py - {'step': '244600', 'lr': '0.0002', 'total_loss': '0.029764', 'main_loss': '0.029764', 'time_per_step': '2.06938'}
2025-11-06 08:05:26,461 - train_greyscale_FA_MoE.py - {'step': '244700', 'lr': '0.0002', 'total_loss': '0.0282479', 'main_loss': '0.0282479', 'time_per_step': '2.27456'}
2025-11-06 08:09:12,178 - train_greyscale_FA_MoE.py - {'step': '244800', 'lr': '0.0002', 'total_loss': '0.0285595', 'main_loss': '0.0285595', 'time_per_step': '2.16862'}
2025-11-06 08:12:59,356 - train_greyscale_FA_MoE.py - {'step': '244900', 'lr': '0.0002', 'total_loss': '0.0294982', 'main_loss': '0.0294982', 'time_per_step': '2.20834'}
2025-11-06 08:16:47,009 - train_greyscale_FA_MoE.py - {'step': '245000', 'lr': '0.0002', 'total_loss': '0.0279252', 'main_loss': '0.0279252', 'time_per_step': '2.20893'}
2025-11-06 08:20:33,838 - train_greyscale_FA_MoE.py - {'step': '245100', 'lr': '0.0002', 'total_loss': '0.0230666', 'main_loss': '0.0230666', 'time_per_step': '2.1925'}
2025-11-06 08:24:19,438 - train_greyscale_FA_MoE.py - {'step': '245200', 'lr': '0.0002', 'total_loss': '0.0247793', 'main_loss': '0.0247793', 'time_per_step': '2.23797'}
2025-11-06 08:28:07,900 - train_greyscale_FA_MoE.py - {'step': '245300', 'lr': '0.0002', 'total_loss': '0.0297284', 'main_loss': '0.0297284', 'time_per_step': '2.25572'}
2025-11-06 08:31:56,750 - train_greyscale_FA_MoE.py - {'step': '245400', 'lr': '0.0002', 'total_loss': '0.0320008', 'main_loss': '0.0320008', 'time_per_step': '2.25861'}
2025-11-06 08:35:43,955 - train_greyscale_FA_MoE.py - {'step': '245500', 'lr': '0.0002', 'total_loss': '0.0221506', 'main_loss': '0.0221506', 'time_per_step': '2.23937'}
2025-11-06 08:39:29,889 - train_greyscale_FA_MoE.py - {'step': '245600', 'lr': '0.0002', 'total_loss': '0.0282114', 'main_loss': '0.0282114', 'time_per_step': '2.19866'}
2025-11-06 08:43:17,599 - train_greyscale_FA_MoE.py - {'step': '245700', 'lr': '0.0002', 'total_loss': '0.0281608', 'main_loss': '0.0281608', 'time_per_step': '2.07502'}
2025-11-06 08:47:04,607 - train_greyscale_FA_MoE.py - {'step': '245800', 'lr': '0.0002', 'total_loss': '0.0228056', 'main_loss': '0.0228056', 'time_per_step': '2.08089'}
2025-11-06 08:50:50,819 - train_greyscale_FA_MoE.py - {'step': '245900', 'lr': '0.0002', 'total_loss': '0.030202', 'main_loss': '0.030202', 'time_per_step': '2.22325'}
2025-11-06 08:54:37,965 - train_greyscale_FA_MoE.py - {'step': '246000', 'lr': '0.0002', 'total_loss': '0.025182', 'main_loss': '0.025182', 'time_per_step': '2.17486'}
2025-11-06 08:58:25,590 - train_greyscale_FA_MoE.py - {'step': '246100', 'lr': '0.0002', 'total_loss': '0.0316372', 'main_loss': '0.0316372', 'time_per_step': '2.19188'}
2025-11-06 09:02:12,910 - train_greyscale_FA_MoE.py - {'step': '246200', 'lr': '0.0002', 'total_loss': '0.0263645', 'main_loss': '0.0263645', 'time_per_step': '2.19219'}
2025-11-06 09:06:00,530 - train_greyscale_FA_MoE.py - {'step': '246300', 'lr': '0.0002', 'total_loss': '0.0293182', 'main_loss': '0.0293182', 'time_per_step': '2.18366'}
2025-11-06 09:09:47,256 - train_greyscale_FA_MoE.py - {'step': '246400', 'lr': '0.0002', 'total_loss': '0.0232648', 'main_loss': '0.0232648', 'time_per_step': '2.1421'}
2025-11-06 09:13:34,254 - train_greyscale_FA_MoE.py - {'step': '246500', 'lr': '0.0002', 'total_loss': '0.029001', 'main_loss': '0.029001', 'time_per_step': '2.20094'}
2025-11-06 09:17:19,892 - train_greyscale_FA_MoE.py - {'step': '246600', 'lr': '0.0002', 'total_loss': '0.0266048', 'main_loss': '0.0266048', 'time_per_step': '2.18396'}
2025-11-06 09:21:05,610 - train_greyscale_FA_MoE.py - {'step': '246700', 'lr': '0.0002', 'total_loss': '0.0308271', 'main_loss': '0.0308271', 'time_per_step': '2.1869'}
2025-11-06 09:24:52,296 - train_greyscale_FA_MoE.py - {'step': '246800', 'lr': '0.0002', 'total_loss': '0.028364', 'main_loss': '0.028364', 'time_per_step': '2.19742'}
2025-11-06 09:28:46,185 - train_greyscale_FA_MoE.py - {'step': '246900', 'lr': '0.0002', 'total_loss': '0.0249458', 'main_loss': '0.0249458', 'time_per_step': '2.07555'}
2025-11-06 09:32:49,315 - train_greyscale_FA_MoE.py - {'step': '247000', 'lr': '0.0002', 'total_loss': '0.027607', 'main_loss': '0.027607', 'time_per_step': '2.07334'}
2025-11-06 09:36:53,468 - train_greyscale_FA_MoE.py - {'step': '247100', 'lr': '0.0002', 'total_loss': '0.030329', 'main_loss': '0.030329', 'time_per_step': '2.20614'}
2025-11-06 09:40:51,414 - train_greyscale_FA_MoE.py - {'step': '247200', 'lr': '0.0002', 'total_loss': '0.0334682', 'main_loss': '0.0334682', 'time_per_step': '2.19556'}
2025-11-06 09:45:00,717 - train_greyscale_FA_MoE.py - {'step': '247300', 'lr': '0.0002', 'total_loss': '0.0269884', 'main_loss': '0.0269884', 'time_per_step': '2.20568'}
2025-11-06 09:49:09,856 - train_greyscale_FA_MoE.py - {'step': '247400', 'lr': '0.0002', 'total_loss': '0.0295087', 'main_loss': '0.0295087', 'time_per_step': '2.19859'}
2025-11-06 09:53:03,092 - train_greyscale_FA_MoE.py - {'step': '247500', 'lr': '0.0002', 'total_loss': '0.0240622', 'main_loss': '0.0240622', 'time_per_step': '2.20848'}
2025-11-06 09:56:53,975 - train_greyscale_FA_MoE.py - {'step': '247600', 'lr': '0.0002', 'total_loss': '0.0259342', 'main_loss': '0.0259342', 'time_per_step': '2.43405'}
2025-11-06 10:00:46,671 - train_greyscale_FA_MoE.py - {'step': '247700', 'lr': '0.0002', 'total_loss': '0.0218813', 'main_loss': '0.0218813', 'time_per_step': '2.22622'}
2025-11-06 10:04:38,257 - train_greyscale_FA_MoE.py - {'step': '247800', 'lr': '0.0002', 'total_loss': '0.0246791', 'main_loss': '0.0246791', 'time_per_step': '2.21036'}
2025-11-06 10:08:29,722 - train_greyscale_FA_MoE.py - {'step': '247900', 'lr': '0.0002', 'total_loss': '0.0265273', 'main_loss': '0.0265273', 'time_per_step': '2.21963'}
2025-11-06 10:12:21,838 - train_greyscale_FA_MoE.py - {'step': '248000', 'lr': '0.0002', 'total_loss': '0.0343559', 'main_loss': '0.0343559', 'time_per_step': '2.17667'}
2025-11-06 10:16:10,625 - train_greyscale_FA_MoE.py - {'step': '248100', 'lr': '0.0002', 'total_loss': '0.0251778', 'main_loss': '0.0251778', 'time_per_step': '2.08252'}
2025-11-06 10:20:01,766 - train_greyscale_FA_MoE.py - {'step': '248200', 'lr': '0.0002', 'total_loss': '0.0307665', 'main_loss': '0.0307665', 'time_per_step': '2.06904'}
2025-11-06 10:23:53,590 - train_greyscale_FA_MoE.py - {'step': '248300', 'lr': '0.0002', 'total_loss': '0.028615', 'main_loss': '0.028615', 'time_per_step': '2.17187'}
2025-11-06 10:27:43,505 - train_greyscale_FA_MoE.py - {'step': '248400', 'lr': '0.0002', 'total_loss': '0.034549', 'main_loss': '0.034549', 'time_per_step': '2.22362'}
2025-11-06 10:31:33,745 - train_greyscale_FA_MoE.py - {'step': '248500', 'lr': '0.0002', 'total_loss': '0.0310939', 'main_loss': '0.0310939', 'time_per_step': '2.16132'}
2025-11-06 10:35:22,667 - train_greyscale_FA_MoE.py - {'step': '248600', 'lr': '0.0002', 'total_loss': '0.0298524', 'main_loss': '0.0298524', 'time_per_step': '2.18881'}
2025-11-06 10:39:13,773 - train_greyscale_FA_MoE.py - {'step': '248700', 'lr': '0.0002', 'total_loss': '0.0221645', 'main_loss': '0.0221645', 'time_per_step': '2.2003'}
2025-11-06 10:43:39,237 - train_greyscale_FA_MoE.py - {'step': '248800', 'lr': '0.0002', 'total_loss': '0.0233035', 'main_loss': '0.0233035', 'time_per_step': '2.1837'}
2025-11-06 10:47:33,333 - train_greyscale_FA_MoE.py - {'step': '248900', 'lr': '0.0002', 'total_loss': '0.0291214', 'main_loss': '0.0291214', 'time_per_step': '2.20247'}
2025-11-06 10:51:43,161 - train_greyscale_FA_MoE.py - {'step': '249000', 'lr': '0.0002', 'total_loss': '0.0339322', 'main_loss': '0.0339322', 'time_per_step': '2.20443'}
2025-11-06 10:55:47,510 - train_greyscale_FA_MoE.py - {'step': '249100', 'lr': '0.0002', 'total_loss': '0.0301402', 'main_loss': '0.0301402', 'time_per_step': '2.13979'}
2025-11-06 10:59:58,827 - train_greyscale_FA_MoE.py - {'step': '249200', 'lr': '0.0002', 'total_loss': '0.0246808', 'main_loss': '0.0246808', 'time_per_step': '2.55875'}
2025-11-06 11:04:11,224 - train_greyscale_FA_MoE.py - {'step': '249300', 'lr': '0.0002', 'total_loss': '0.0242681', 'main_loss': '0.0242681', 'time_per_step': '2.10342'}
2025-11-06 11:08:14,683 - train_greyscale_FA_MoE.py - {'step': '249400', 'lr': '0.0002', 'total_loss': '0.0264647', 'main_loss': '0.0264647', 'time_per_step': '2.07915'}
2025-11-06 11:12:18,466 - train_greyscale_FA_MoE.py - {'step': '249500', 'lr': '0.0002', 'total_loss': '0.0277193', 'main_loss': '0.0277193', 'time_per_step': '2.19202'}
2025-11-06 11:16:24,498 - train_greyscale_FA_MoE.py - {'step': '249600', 'lr': '0.0002', 'total_loss': '0.0253413', 'main_loss': '0.0253413', 'time_per_step': '2.16964'}
2025-11-06 11:20:32,052 - train_greyscale_FA_MoE.py - {'step': '249700', 'lr': '0.0002', 'total_loss': '0.0237588', 'main_loss': '0.0237588', 'time_per_step': '2.20403'}
2025-11-06 11:24:43,571 - train_greyscale_FA_MoE.py - {'step': '249800', 'lr': '0.0002', 'total_loss': '0.0354423', 'main_loss': '0.0354423', 'time_per_step': '2.20005'}
2025-11-06 11:28:46,834 - train_greyscale_FA_MoE.py - {'step': '249900', 'lr': '0.0002', 'total_loss': '0.0293305', 'main_loss': '0.0293305', 'time_per_step': '2.16926'}
2025-11-06 11:32:53,324 - train_greyscale_FA_MoE.py - {'step': '250000', 'lr': '0.0002', 'total_loss': '0.0269449', 'main_loss': '0.0269449', 'time_per_step': '2.18316'}
2025-11-06 11:32:53,349 - train_greyscale_FA_MoE.py - Saved expert distribution of layer in_block_0 to output/acdc_wholeheart_uncond_fa_ec_moe_greyscale_uvit_mid_4by4_l6r9_minmax/samples/expert_distribution_in_block_0_step250000.npy
2025-11-06 11:32:54,764 - train_greyscale_FA_MoE.py - Saved expert distribution of layer out_block_7 to output/acdc_wholeheart_uncond_fa_ec_moe_greyscale_uvit_mid_4by4_l6r9_minmax/samples/expert_distribution_out_block_7_step250000.npy
2025-11-06 11:32:56,195 - train_greyscale_FA_MoE.py - Save a grid of 16 samples into output/acdc_wholeheart_uncond_fa_ec_moe_greyscale_uvit_mid_4by4_l6r9_minmax/samples/250000.png by DPM-Solver
2025-11-06 11:33:01,653 - train_greyscale_FA_MoE.py - Finished saving sample grid to output/acdc_wholeheart_uncond_fa_ec_moe_greyscale_uvit_mid_4by4_l6r9_minmax/samples/250000.png by DPM-Solver.
2025-11-06 11:33:01,709 - train_greyscale_FA_MoE.py - Save and eval checkpoint 250000...
2025-11-06 11:33:04,049 - train_greyscale_FA_MoE.py - eval_step: n_samples=50000, sample_steps=50, algorithm=dpm_solver, mini_batch_size=500, samples save into output/acdc_wholeheart_uncond_fa_ec_moe_greyscale_uvit_mid_4by4_l6r9_minmax/samples/acdc_wholeheart_uncond_uvit_FA_EC_MoE_greyscale_mid_4by4_250000_dpm
2025-11-06 11:45:38,553 - train_greyscale_FA_MoE.py - ckpt_root: output/acdc_wholeheart_uncond_fa_ec_moe_greyscale_uvit_mid_4by4_l6r9_minmax/ckpts
dataset:
  SNR_scale: 4.0
  Y_bound: !!python/tuple
  - 774.0
  Y_entropy: !!python/tuple
  - 5.287
  - 2.936
  - 3.005
  - 1.94
  - 2.216
  - 1.866
  - 1.186
  - 1.561
  - 1.581
  - 1.169
  - 1.024
  - 1.252
  - 1.071
  - 1.0
  - 1.0
  - 1.0
  Y_max: !!python/tuple
  - 774.0
  - 112.375
  - 125.812
  - 49.0
  - 58.5
  - 46.5
  - 20.344
  - 32.906
  - 33.406
  - 19.953
  - 15.953
  - 22.0
  - 16.984
  - 12.812
  - 11.68
  - 7.461
  Y_mean: !!python/tuple
  - 241.045
  - -0.725
  - 0.44
  - 0.107
  - 0.009
  - 0.154
  - -0.057
  - 0.0
  - -0.008
  - 0.019
  - 0.009
  - -0.012
  - 0.005
  - 0.002
  - 0.004
  - -0.002
  Y_min: !!python/tuple
  - 9.5
  - -119.312
  - -122.375
  - -51.25
  - -58.906
  - -49.5
  - -20.688
  - -32.906
  - -33.094
  - -19.891
  - -15.891
  - -21.75
  - -16.969
  - -12.773
  - -11.648
  - -7.492
  Y_std: !!python/tuple
  - 182.467
  - 32.821
  - 34.996
  - 14.001
  - 17.621
  - 13.189
  - 5.79
  - 9.609
  - 9.805
  - 5.652
  - 4.634
  - 6.502
  - 4.963
  - 3.796
  - 3.44
  - 2.178
  block_sz: 4
  dataset_type: wholeheart
  frequency_aware_tokens: true
  greyscale: true
  low_freqs: 12
  name: acdc_uncond
  num_fa_length: 6
  num_fa_repeats: 9
  num_fa_repeats_x: 3
  num_fa_repeats_y: 3
  path: data/scratch/datasets/ACDC/Unlabeled/Wholeheart
  resolution: 96
  reweight: true
  reweight_dim: -1
  tempature: 1.0
  tokens: 128
  tokenwise_normalization: minmax
lr_scheduler:
  name: customized
  warmup_steps: 5000
mixed_precision: 'no'
name: acdc_wholeheart_uncond_uvit_FA_EC_MoE_greyscale_mid_4by4
nnet:
  MoE:
    aux_loss_alpha: 0.0
    depth: 1
    noise_eps: 0.01
    num_experts: 4
    router: topk
    top_k: 2
    type: ecmoe
  depth: 16
  embed_dim: 768
  in_chans: 54
  low_freqs: 12
  mlp_ratio: 4
  mlp_time_embed: true
  name: uvit_greyscale_moe
  num_classes: -1
  num_heads: 12
  qkv_bias: false
  tokens: 128
  use_moe: true
optimizer:
  betas: !!python/tuple
  - 0.99
  - 0.99
  lr: 0.0002
  name: adamw
  weight_decay: 0.03
pred: noise_pred
private:
  accountant: prv
  dp_method: dpsgd
  max_grad_norm: 1.0
  noise_multiplier: 0.5
  secure_mode: false
  target_delta: 1.0e-05
  target_epsilon: 10
  use_dp: false
sample:
  algorithm: euler_maruyama_ode
  mini_batch_size: 500
  n_samples: 50000
  path: data/scratch/samples
  sample_steps: 100
  save_npz: ''
  save_start: 20000
sample_dir: output/acdc_wholeheart_uncond_fa_ec_moe_greyscale_uvit_mid_4by4_l6r9_minmax/samples
seed: 1234
train:
  batch_size: 512
  eval_interval: 25000
  log_interval: 100
  mode: uncond
  n_steps: 500000
  save_interval: 25000
workdir: output/acdc_wholeheart_uncond_fa_ec_moe_greyscale_uvit_mid_4by4_l6r9_minmax

2025-11-06 11:45:38,723 - train_greyscale_FA_MoE.py - dataset samples: 25023
2025-11-06 11:45:38,724 - train_greyscale_FA_MoE.py - Using minmax for positional token normalization
2025-11-06 11:45:47,758 - utils.py - nnet has 163145526 parameters
2025-11-06 11:45:48,528 - utils.py - resume from output/acdc_wholeheart_uncond_fa_ec_moe_greyscale_uvit_mid_4by4_l6r9_minmax/ckpts/250000.ckpt
2025-11-06 11:45:48,529 - utils.py - load from output/acdc_wholeheart_uncond_fa_ec_moe_greyscale_uvit_mid_4by4_l6r9_minmax/ckpts/250000.ckpt
2025-11-06 11:45:58,063 - train_greyscale_FA_MoE.py - using [5.287 2.936 3.005 1.94  2.216 1.866 1.186 1.561 1.581 1.169 1.024 1.252
 1.071 1.    1.    1.   ] for loss reweighting
2025-11-06 11:45:58,064 - train_greyscale_FA_MoE.py - Using temperature 1.0 for loss reweighting
2025-11-06 11:45:58,411 - train_greyscale_FA_MoE.py - Start fitting, step=250000, mixed_precision=no
2025-11-06 11:51:13,667 - train_greyscale_FA_MoE.py - {'step': '250100', 'lr': '0.0002', 'total_loss': '0.0219027', 'main_loss': '0.0219027', 'time_per_step': '2.16016'}
2025-11-06 11:55:02,250 - train_greyscale_FA_MoE.py - {'step': '250200', 'lr': '0.0002', 'total_loss': '0.0227022', 'main_loss': '0.0227022', 'time_per_step': '2.19391'}
2025-11-06 11:58:50,132 - train_greyscale_FA_MoE.py - {'step': '250300', 'lr': '0.0002', 'total_loss': '0.0265976', 'main_loss': '0.0265976', 'time_per_step': '2.18176'}
2025-11-06 12:02:36,311 - train_greyscale_FA_MoE.py - {'step': '250400', 'lr': '0.0002', 'total_loss': '0.0288186', 'main_loss': '0.0288186', 'time_per_step': '2.24378'}
2025-11-06 12:06:23,753 - train_greyscale_FA_MoE.py - {'step': '250500', 'lr': '0.0002', 'total_loss': '0.0285777', 'main_loss': '0.0285777', 'time_per_step': '2.19372'}
2025-11-06 12:10:11,521 - train_greyscale_FA_MoE.py - {'step': '250600', 'lr': '0.0002', 'total_loss': '0.0274811', 'main_loss': '0.0274811', 'time_per_step': '2.17635'}
2025-11-06 12:13:58,582 - train_greyscale_FA_MoE.py - {'step': '250700', 'lr': '0.0002', 'total_loss': '0.029108', 'main_loss': '0.029108', 'time_per_step': '2.25355'}
2025-11-06 12:17:47,630 - train_greyscale_FA_MoE.py - {'step': '250800', 'lr': '0.0002', 'total_loss': '0.0242946', 'main_loss': '0.0242946', 'time_per_step': '2.17026'}
2025-11-06 12:21:36,322 - train_greyscale_FA_MoE.py - {'step': '250900', 'lr': '0.0002', 'total_loss': '0.0272305', 'main_loss': '0.0272305', 'time_per_step': '2.19'}
2025-11-06 12:22:59,380 - train_greyscale_FA_MoE.py - step=250000 fid50000=20.511397695242295
2025-11-06 12:25:24,655 - train_greyscale_FA_MoE.py - {'step': '251000', 'lr': '0.0002', 'total_loss': '0.0270645', 'main_loss': '0.0270645', 'time_per_step': '2.18913'}
2025-11-06 12:29:13,477 - train_greyscale_FA_MoE.py - {'step': '251100', 'lr': '0.0002', 'total_loss': '0.0272171', 'main_loss': '0.0272171', 'time_per_step': '2.10688'}
2025-11-06 12:33:01,296 - train_greyscale_FA_MoE.py - {'step': '251200', 'lr': '0.0002', 'total_loss': '0.0379666', 'main_loss': '0.0379666', 'time_per_step': '2.1063'}
2025-11-06 12:36:49,078 - train_greyscale_FA_MoE.py - {'step': '251300', 'lr': '0.0002', 'total_loss': '0.0292556', 'main_loss': '0.0292556', 'time_per_step': '2.16918'}
2025-11-06 12:40:38,608 - train_greyscale_FA_MoE.py - {'step': '251400', 'lr': '0.0002', 'total_loss': '0.0320066', 'main_loss': '0.0320066', 'time_per_step': '2.18582'}
2025-11-06 12:44:25,229 - train_greyscale_FA_MoE.py - {'step': '251500', 'lr': '0.0002', 'total_loss': '0.0274646', 'main_loss': '0.0274646', 'time_per_step': '2.20674'}
2025-11-06 12:48:13,463 - train_greyscale_FA_MoE.py - {'step': '251600', 'lr': '0.0002', 'total_loss': '0.027199', 'main_loss': '0.027199', 'time_per_step': '2.1778'}
2025-11-06 12:52:00,758 - train_greyscale_FA_MoE.py - {'step': '251700', 'lr': '0.0002', 'total_loss': '0.0363541', 'main_loss': '0.0363541', 'time_per_step': '2.18659'}
2025-11-06 12:55:48,178 - train_greyscale_FA_MoE.py - {'step': '251800', 'lr': '0.0002', 'total_loss': '0.024315', 'main_loss': '0.024315', 'time_per_step': '2.1877'}
2025-11-06 12:59:36,477 - train_greyscale_FA_MoE.py - {'step': '251900', 'lr': '0.0002', 'total_loss': '0.0212907', 'main_loss': '0.0212907', 'time_per_step': '2.15861'}
2025-11-06 13:03:23,367 - train_greyscale_FA_MoE.py - {'step': '252000', 'lr': '0.0002', 'total_loss': '0.020897', 'main_loss': '0.020897', 'time_per_step': '2.17219'}
2025-11-06 13:07:12,294 - train_greyscale_FA_MoE.py - {'step': '252100', 'lr': '0.0002', 'total_loss': '0.0267946', 'main_loss': '0.0267946', 'time_per_step': '2.18115'}
2025-11-06 13:11:00,581 - train_greyscale_FA_MoE.py - {'step': '252200', 'lr': '0.0002', 'total_loss': '0.0285231', 'main_loss': '0.0285231', 'time_per_step': '2.19277'}
2025-11-06 13:14:46,881 - train_greyscale_FA_MoE.py - {'step': '252300', 'lr': '0.0002', 'total_loss': '0.0268429', 'main_loss': '0.0268429', 'time_per_step': '2.13955'}
2025-11-06 13:18:34,767 - train_greyscale_FA_MoE.py - {'step': '252400', 'lr': '0.0002', 'total_loss': '0.029619', 'main_loss': '0.029619', 'time_per_step': '2.10788'}
2025-11-06 13:22:27,873 - train_greyscale_FA_MoE.py - {'step': '252500', 'lr': '0.0002', 'total_loss': '0.0267387', 'main_loss': '0.0267387', 'time_per_step': '2.2791'}
2025-11-06 13:26:14,733 - train_greyscale_FA_MoE.py - {'step': '252600', 'lr': '0.0002', 'total_loss': '0.0241754', 'main_loss': '0.0241754', 'time_per_step': '2.20337'}
2025-11-06 13:30:05,036 - train_greyscale_FA_MoE.py - {'step': '252700', 'lr': '0.0002', 'total_loss': '0.0196595', 'main_loss': '0.0196595', 'time_per_step': '2.18632'}
2025-11-06 13:33:51,875 - train_greyscale_FA_MoE.py - {'step': '252800', 'lr': '0.0002', 'total_loss': '0.0318808', 'main_loss': '0.0318808', 'time_per_step': '2.68777'}
2025-11-06 13:37:39,258 - train_greyscale_FA_MoE.py - {'step': '252900', 'lr': '0.0002', 'total_loss': '0.0261763', 'main_loss': '0.0261763', 'time_per_step': '2.1845'}
2025-11-06 13:41:26,744 - train_greyscale_FA_MoE.py - {'step': '253000', 'lr': '0.0002', 'total_loss': '0.0276203', 'main_loss': '0.0276203', 'time_per_step': '2.18151'}
2025-11-06 13:45:14,650 - train_greyscale_FA_MoE.py - {'step': '253100', 'lr': '0.0002', 'total_loss': '0.0302957', 'main_loss': '0.0302957', 'time_per_step': '2.19496'}
2025-11-06 13:49:05,823 - train_greyscale_FA_MoE.py - {'step': '253200', 'lr': '0.0002', 'total_loss': '0.0292122', 'main_loss': '0.0292122', 'time_per_step': '2.20205'}
2025-11-06 13:52:55,737 - train_greyscale_FA_MoE.py - {'step': '253300', 'lr': '0.0002', 'total_loss': '0.0339658', 'main_loss': '0.0339658', 'time_per_step': '2.18'}
2025-11-06 13:56:45,383 - train_greyscale_FA_MoE.py - {'step': '253400', 'lr': '0.0002', 'total_loss': '0.0285121', 'main_loss': '0.0285121', 'time_per_step': '2.19239'}
2025-11-06 14:00:33,425 - train_greyscale_FA_MoE.py - {'step': '253500', 'lr': '0.0002', 'total_loss': '0.0312583', 'main_loss': '0.0312583', 'time_per_step': '2.1544'}
2025-11-06 14:04:20,196 - train_greyscale_FA_MoE.py - {'step': '253600', 'lr': '0.0002', 'total_loss': '0.0338631', 'main_loss': '0.0338631', 'time_per_step': '2.10419'}
2025-11-06 14:08:12,898 - train_greyscale_FA_MoE.py - {'step': '253700', 'lr': '0.0002', 'total_loss': '0.023861', 'main_loss': '0.023861', 'time_per_step': '2.14079'}
2025-11-06 14:12:00,344 - train_greyscale_FA_MoE.py - {'step': '253800', 'lr': '0.0002', 'total_loss': '0.0343163', 'main_loss': '0.0343163', 'time_per_step': '2.17735'}
2025-11-06 14:15:48,729 - train_greyscale_FA_MoE.py - {'step': '253900', 'lr': '0.0002', 'total_loss': '0.0244595', 'main_loss': '0.0244595', 'time_per_step': '2.19374'}
2025-11-06 14:19:37,611 - train_greyscale_FA_MoE.py - {'step': '254000', 'lr': '0.0002', 'total_loss': '0.0276073', 'main_loss': '0.0276073', 'time_per_step': '2.21699'}
2025-11-06 14:23:28,327 - train_greyscale_FA_MoE.py - {'step': '254100', 'lr': '0.0002', 'total_loss': '0.0290437', 'main_loss': '0.0290437', 'time_per_step': '2.276'}
2025-11-06 14:27:17,868 - train_greyscale_FA_MoE.py - {'step': '254200', 'lr': '0.0002', 'total_loss': '0.02908', 'main_loss': '0.02908', 'time_per_step': '2.17387'}
2025-11-06 14:31:06,121 - train_greyscale_FA_MoE.py - {'step': '254300', 'lr': '0.0002', 'total_loss': '0.0281193', 'main_loss': '0.0281193', 'time_per_step': '2.17824'}
2025-11-06 14:34:53,340 - train_greyscale_FA_MoE.py - {'step': '254400', 'lr': '0.0002', 'total_loss': '0.0281753', 'main_loss': '0.0281753', 'time_per_step': '2.20013'}
2025-11-06 14:38:43,724 - train_greyscale_FA_MoE.py - {'step': '254500', 'lr': '0.0002', 'total_loss': '0.0308413', 'main_loss': '0.0308413', 'time_per_step': '2.19648'}
2025-11-06 14:42:30,752 - train_greyscale_FA_MoE.py - {'step': '254600', 'lr': '0.0002', 'total_loss': '0.0264947', 'main_loss': '0.0264947', 'time_per_step': '2.18106'}
2025-11-06 14:46:20,207 - train_greyscale_FA_MoE.py - {'step': '254700', 'lr': '0.0002', 'total_loss': '0.0267024', 'main_loss': '0.0267024', 'time_per_step': '2.13816'}
2025-11-06 14:50:07,444 - train_greyscale_FA_MoE.py - {'step': '254800', 'lr': '0.0002', 'total_loss': '0.0251318', 'main_loss': '0.0251318', 'time_per_step': '2.09522'}
2025-11-06 14:53:56,185 - train_greyscale_FA_MoE.py - {'step': '254900', 'lr': '0.0002', 'total_loss': '0.0236035', 'main_loss': '0.0236035', 'time_per_step': '2.17988'}
2025-11-06 14:57:44,129 - train_greyscale_FA_MoE.py - {'step': '255000', 'lr': '0.0002', 'total_loss': '0.0299912', 'main_loss': '0.0299912', 'time_per_step': '2.19158'}
2025-11-06 15:01:34,580 - train_greyscale_FA_MoE.py - {'step': '255100', 'lr': '0.0002', 'total_loss': '0.0277666', 'main_loss': '0.0277666', 'time_per_step': '2.13884'}
2025-11-06 15:05:20,642 - train_greyscale_FA_MoE.py - {'step': '255200', 'lr': '0.0002', 'total_loss': '0.0262872', 'main_loss': '0.0262872', 'time_per_step': '2.21178'}
2025-11-06 15:09:09,552 - train_greyscale_FA_MoE.py - {'step': '255300', 'lr': '0.0002', 'total_loss': '0.0249964', 'main_loss': '0.0249964', 'time_per_step': '2.18417'}
2025-11-06 15:12:57,073 - train_greyscale_FA_MoE.py - {'step': '255400', 'lr': '0.0002', 'total_loss': '0.0261936', 'main_loss': '0.0261936', 'time_per_step': '2.26252'}
2025-11-06 15:16:47,490 - train_greyscale_FA_MoE.py - {'step': '255500', 'lr': '0.0002', 'total_loss': '0.0268568', 'main_loss': '0.0268568', 'time_per_step': '2.1787'}
2025-11-06 15:20:35,619 - train_greyscale_FA_MoE.py - {'step': '255600', 'lr': '0.0002', 'total_loss': '0.0306911', 'main_loss': '0.0306911', 'time_per_step': '2.21275'}
2025-11-06 15:24:24,393 - train_greyscale_FA_MoE.py - {'step': '255700', 'lr': '0.0002', 'total_loss': '0.0265951', 'main_loss': '0.0265951', 'time_per_step': '2.20625'}
2025-11-06 15:28:11,909 - train_greyscale_FA_MoE.py - {'step': '255800', 'lr': '0.0002', 'total_loss': '0.0231603', 'main_loss': '0.0231603', 'time_per_step': '2.20347'}
2025-11-06 15:32:00,378 - train_greyscale_FA_MoE.py - {'step': '255900', 'lr': '0.0002', 'total_loss': '0.0290133', 'main_loss': '0.0290133', 'time_per_step': '2.09018'}
2025-11-06 15:35:50,319 - train_greyscale_FA_MoE.py - {'step': '256000', 'lr': '0.0002', 'total_loss': '0.03447', 'main_loss': '0.03447', 'time_per_step': '2.10727'}
2025-11-06 15:39:40,067 - train_greyscale_FA_MoE.py - {'step': '256100', 'lr': '0.0002', 'total_loss': '0.024076', 'main_loss': '0.024076', 'time_per_step': '2.18707'}
2025-11-06 15:43:31,593 - train_greyscale_FA_MoE.py - {'step': '256200', 'lr': '0.0002', 'total_loss': '0.0294604', 'main_loss': '0.0294604', 'time_per_step': '2.23211'}
2025-11-06 15:47:20,505 - train_greyscale_FA_MoE.py - {'step': '256300', 'lr': '0.0002', 'total_loss': '0.0281854', 'main_loss': '0.0281854', 'time_per_step': '2.18143'}
2025-11-06 15:51:10,972 - train_greyscale_FA_MoE.py - {'step': '256400', 'lr': '0.0002', 'total_loss': '0.0240831', 'main_loss': '0.0240831', 'time_per_step': '2.22189'}
2025-11-06 15:55:01,660 - train_greyscale_FA_MoE.py - {'step': '256500', 'lr': '0.0002', 'total_loss': '0.0263028', 'main_loss': '0.0263028', 'time_per_step': '2.22085'}
2025-11-06 15:58:52,154 - train_greyscale_FA_MoE.py - {'step': '256600', 'lr': '0.0002', 'total_loss': '0.0259508', 'main_loss': '0.0259508', 'time_per_step': '2.23352'}
2025-11-06 16:02:42,536 - train_greyscale_FA_MoE.py - {'step': '256700', 'lr': '0.0002', 'total_loss': '0.0207098', 'main_loss': '0.0207098', 'time_per_step': '2.2143'}
2025-11-06 16:06:32,019 - train_greyscale_FA_MoE.py - {'step': '256800', 'lr': '0.0002', 'total_loss': '0.0305016', 'main_loss': '0.0305016', 'time_per_step': '2.25004'}
2025-11-06 16:10:24,137 - train_greyscale_FA_MoE.py - {'step': '256900', 'lr': '0.0002', 'total_loss': '0.0271322', 'main_loss': '0.0271322', 'time_per_step': '2.22497'}
2025-11-06 16:14:13,979 - train_greyscale_FA_MoE.py - {'step': '257000', 'lr': '0.0002', 'total_loss': '0.0258058', 'main_loss': '0.0258058', 'time_per_step': '2.22036'}
2025-11-06 16:18:07,296 - train_greyscale_FA_MoE.py - {'step': '257100', 'lr': '0.0002', 'total_loss': '0.0254128', 'main_loss': '0.0254128', 'time_per_step': '2.09756'}
2025-11-06 16:21:57,790 - train_greyscale_FA_MoE.py - {'step': '257200', 'lr': '0.0002', 'total_loss': '0.0272628', 'main_loss': '0.0272628', 'time_per_step': '2.29571'}
2025-11-06 16:25:48,940 - train_greyscale_FA_MoE.py - {'step': '257300', 'lr': '0.0002', 'total_loss': '0.0268015', 'main_loss': '0.0268015', 'time_per_step': '2.21685'}
2025-11-06 16:29:39,053 - train_greyscale_FA_MoE.py - {'step': '257400', 'lr': '0.0002', 'total_loss': '0.0292483', 'main_loss': '0.0292483', 'time_per_step': '2.22857'}
2025-11-06 16:33:28,580 - train_greyscale_FA_MoE.py - {'step': '257500', 'lr': '0.0002', 'total_loss': '0.0222561', 'main_loss': '0.0222561', 'time_per_step': '2.27501'}
2025-11-06 16:37:19,717 - train_greyscale_FA_MoE.py - {'step': '257600', 'lr': '0.0002', 'total_loss': '0.0246828', 'main_loss': '0.0246828', 'time_per_step': '2.21595'}
2025-11-06 16:41:08,832 - train_greyscale_FA_MoE.py - {'step': '257700', 'lr': '0.0002', 'total_loss': '0.0266234', 'main_loss': '0.0266234', 'time_per_step': '2.1937'}
2025-11-06 16:44:59,819 - train_greyscale_FA_MoE.py - {'step': '257800', 'lr': '0.0002', 'total_loss': '0.02493', 'main_loss': '0.02493', 'time_per_step': '2.20762'}
2025-11-06 16:48:51,702 - train_greyscale_FA_MoE.py - {'step': '257900', 'lr': '0.0002', 'total_loss': '0.0345674', 'main_loss': '0.0345674', 'time_per_step': '2.19532'}
2025-11-06 16:52:43,195 - train_greyscale_FA_MoE.py - {'step': '258000', 'lr': '0.0002', 'total_loss': '0.0271491', 'main_loss': '0.0271491', 'time_per_step': '2.20962'}
2025-11-06 16:56:34,766 - train_greyscale_FA_MoE.py - {'step': '258100', 'lr': '0.0002', 'total_loss': '0.0225901', 'main_loss': '0.0225901', 'time_per_step': '2.21614'}
2025-11-06 17:00:23,331 - train_greyscale_FA_MoE.py - {'step': '258200', 'lr': '0.0002', 'total_loss': '0.0271338', 'main_loss': '0.0271338', 'time_per_step': '2.16851'}
2025-11-06 17:04:14,929 - train_greyscale_FA_MoE.py - {'step': '258300', 'lr': '0.0002', 'total_loss': '0.0297401', 'main_loss': '0.0297401', 'time_per_step': '2.10554'}
2025-11-06 17:08:05,696 - train_greyscale_FA_MoE.py - {'step': '258400', 'lr': '0.0002', 'total_loss': '0.0302742', 'main_loss': '0.0302742', 'time_per_step': '2.11548'}
2025-11-06 17:11:55,121 - train_greyscale_FA_MoE.py - {'step': '258500', 'lr': '0.0002', 'total_loss': '0.0310443', 'main_loss': '0.0310443', 'time_per_step': '2.21701'}
2025-11-06 17:15:46,698 - train_greyscale_FA_MoE.py - {'step': '258600', 'lr': '0.0002', 'total_loss': '0.0271056', 'main_loss': '0.0271056', 'time_per_step': '2.20008'}
2025-11-06 17:19:37,567 - train_greyscale_FA_MoE.py - {'step': '258700', 'lr': '0.0002', 'total_loss': '0.0282593', 'main_loss': '0.0282593', 'time_per_step': '2.22495'}
2025-11-06 17:23:30,466 - train_greyscale_FA_MoE.py - {'step': '258800', 'lr': '0.0002', 'total_loss': '0.0317388', 'main_loss': '0.0317388', 'time_per_step': '2.20903'}
2025-11-06 17:27:19,394 - train_greyscale_FA_MoE.py - {'step': '258900', 'lr': '0.0002', 'total_loss': '0.0229423', 'main_loss': '0.0229423', 'time_per_step': '2.22509'}
2025-11-06 17:31:09,567 - train_greyscale_FA_MoE.py - {'step': '259000', 'lr': '0.0002', 'total_loss': '0.0200599', 'main_loss': '0.0200599', 'time_per_step': '2.2142'}
2025-11-06 17:34:59,746 - train_greyscale_FA_MoE.py - {'step': '259100', 'lr': '0.0002', 'total_loss': '0.0263913', 'main_loss': '0.0263913', 'time_per_step': '2.20546'}
2025-11-06 17:38:51,766 - train_greyscale_FA_MoE.py - {'step': '259200', 'lr': '0.0002', 'total_loss': '0.0331248', 'main_loss': '0.0331248', 'time_per_step': '2.21926'}
2025-11-06 17:42:39,897 - train_greyscale_FA_MoE.py - {'step': '259300', 'lr': '0.0002', 'total_loss': '0.0297003', 'main_loss': '0.0297003', 'time_per_step': '2.41708'}
2025-11-06 17:46:31,746 - train_greyscale_FA_MoE.py - {'step': '259400', 'lr': '0.0002', 'total_loss': '0.0237621', 'main_loss': '0.0237621', 'time_per_step': '2.27367'}
2025-11-06 17:50:23,307 - train_greyscale_FA_MoE.py - {'step': '259500', 'lr': '0.0002', 'total_loss': '0.0318036', 'main_loss': '0.0318036', 'time_per_step': '2.08913'}
2025-11-06 17:54:12,434 - train_greyscale_FA_MoE.py - {'step': '259600', 'lr': '0.0002', 'total_loss': '0.030361', 'main_loss': '0.030361', 'time_per_step': '2.10115'}
2025-11-06 17:58:03,677 - train_greyscale_FA_MoE.py - {'step': '259700', 'lr': '0.0002', 'total_loss': '0.0333383', 'main_loss': '0.0333383', 'time_per_step': '2.22055'}
2025-11-06 18:01:53,134 - train_greyscale_FA_MoE.py - {'step': '259800', 'lr': '0.0002', 'total_loss': '0.0227646', 'main_loss': '0.0227646', 'time_per_step': '2.21436'}
2025-11-06 18:05:44,878 - train_greyscale_FA_MoE.py - {'step': '259900', 'lr': '0.0002', 'total_loss': '0.0259275', 'main_loss': '0.0259275', 'time_per_step': '2.223'}
2025-11-06 18:09:36,366 - train_greyscale_FA_MoE.py - {'step': '260000', 'lr': '0.0002', 'total_loss': '0.0216336', 'main_loss': '0.0216336', 'time_per_step': '2.22595'}
2025-11-06 18:13:27,664 - train_greyscale_FA_MoE.py - {'step': '260100', 'lr': '0.0002', 'total_loss': '0.0336531', 'main_loss': '0.0336531', 'time_per_step': '3.389'}
2025-11-06 18:17:16,772 - train_greyscale_FA_MoE.py - {'step': '260200', 'lr': '0.0002', 'total_loss': '0.0322775', 'main_loss': '0.0322775', 'time_per_step': '2.26059'}
2025-11-06 18:21:10,808 - train_greyscale_FA_MoE.py - {'step': '260300', 'lr': '0.0002', 'total_loss': '0.022791', 'main_loss': '0.022791', 'time_per_step': '2.21585'}
2025-11-06 18:24:59,732 - train_greyscale_FA_MoE.py - {'step': '260400', 'lr': '0.0002', 'total_loss': '0.032383', 'main_loss': '0.032383', 'time_per_step': '2.25488'}
2025-11-06 18:28:52,605 - train_greyscale_FA_MoE.py - {'step': '260500', 'lr': '0.0002', 'total_loss': '0.0230454', 'main_loss': '0.0230454', 'time_per_step': '2.22267'}
2025-11-06 18:32:40,863 - train_greyscale_FA_MoE.py - {'step': '260600', 'lr': '0.0002', 'total_loss': '0.0264125', 'main_loss': '0.0264125', 'time_per_step': '2.72532'}
2025-11-06 18:36:31,612 - train_greyscale_FA_MoE.py - {'step': '260700', 'lr': '0.0002', 'total_loss': '0.0297153', 'main_loss': '0.0297153', 'time_per_step': '2.60782'}
2025-11-06 18:40:21,210 - train_greyscale_FA_MoE.py - {'step': '260800', 'lr': '0.0002', 'total_loss': '0.030538', 'main_loss': '0.030538', 'time_per_step': '2.10913'}
2025-11-06 18:44:11,892 - train_greyscale_FA_MoE.py - {'step': '260900', 'lr': '0.0002', 'total_loss': '0.0286621', 'main_loss': '0.0286621', 'time_per_step': '2.19467'}
2025-11-06 18:48:02,178 - train_greyscale_FA_MoE.py - {'step': '261000', 'lr': '0.0002', 'total_loss': '0.0383921', 'main_loss': '0.0383921', 'time_per_step': '2.23315'}
2025-11-06 18:51:51,748 - train_greyscale_FA_MoE.py - {'step': '261100', 'lr': '0.0002', 'total_loss': '0.024448', 'main_loss': '0.024448', 'time_per_step': '2.42961'}
2025-11-06 18:55:41,432 - train_greyscale_FA_MoE.py - {'step': '261200', 'lr': '0.0002', 'total_loss': '0.0296263', 'main_loss': '0.0296263', 'time_per_step': '2.22023'}
2025-11-06 18:59:33,656 - train_greyscale_FA_MoE.py - {'step': '261300', 'lr': '0.0002', 'total_loss': '0.0271768', 'main_loss': '0.0271768', 'time_per_step': '2.23219'}
2025-11-06 19:03:22,001 - train_greyscale_FA_MoE.py - {'step': '261400', 'lr': '0.0002', 'total_loss': '0.0313233', 'main_loss': '0.0313233', 'time_per_step': '2.2077'}
2025-11-06 19:07:12,702 - train_greyscale_FA_MoE.py - {'step': '261500', 'lr': '0.0002', 'total_loss': '0.0342359', 'main_loss': '0.0342359', 'time_per_step': '2.19072'}
2025-11-06 19:11:01,830 - train_greyscale_FA_MoE.py - {'step': '261600', 'lr': '0.0002', 'total_loss': '0.0294392', 'main_loss': '0.0294392', 'time_per_step': '2.22369'}
2025-11-06 19:14:50,184 - train_greyscale_FA_MoE.py - {'step': '261700', 'lr': '0.0002', 'total_loss': '0.0281606', 'main_loss': '0.0281606', 'time_per_step': '2.21998'}
2025-11-06 19:18:43,964 - train_greyscale_FA_MoE.py - {'step': '261800', 'lr': '0.0002', 'total_loss': '0.030411', 'main_loss': '0.030411', 'time_per_step': '2.15973'}
2025-11-06 19:22:35,869 - train_greyscale_FA_MoE.py - {'step': '261900', 'lr': '0.0002', 'total_loss': '0.0279344', 'main_loss': '0.0279344', 'time_per_step': '2.10961'}
2025-11-06 19:26:28,721 - train_greyscale_FA_MoE.py - {'step': '262000', 'lr': '0.0002', 'total_loss': '0.0303671', 'main_loss': '0.0303671', 'time_per_step': '2.09585'}
2025-11-06 19:30:20,583 - train_greyscale_FA_MoE.py - {'step': '262100', 'lr': '0.0002', 'total_loss': '0.0189004', 'main_loss': '0.0189004', 'time_per_step': '2.20283'}
2025-11-06 19:34:08,947 - train_greyscale_FA_MoE.py - {'step': '262200', 'lr': '0.0002', 'total_loss': '0.0314951', 'main_loss': '0.0314951', 'time_per_step': '2.22525'}
2025-11-06 19:38:00,574 - train_greyscale_FA_MoE.py - {'step': '262300', 'lr': '0.0002', 'total_loss': '0.0266821', 'main_loss': '0.0266821', 'time_per_step': '2.2239'}
2025-11-06 19:41:49,843 - train_greyscale_FA_MoE.py - {'step': '262400', 'lr': '0.0002', 'total_loss': '0.0273767', 'main_loss': '0.0273767', 'time_per_step': '2.19485'}
2025-11-06 19:45:39,744 - train_greyscale_FA_MoE.py - {'step': '262500', 'lr': '0.0002', 'total_loss': '0.0341606', 'main_loss': '0.0341606', 'time_per_step': '2.16023'}
2025-11-06 19:49:29,511 - train_greyscale_FA_MoE.py - {'step': '262600', 'lr': '0.0002', 'total_loss': '0.0329309', 'main_loss': '0.0329309', 'time_per_step': '2.58949'}
2025-11-06 19:53:21,269 - train_greyscale_FA_MoE.py - {'step': '262700', 'lr': '0.0002', 'total_loss': '0.0237324', 'main_loss': '0.0237324', 'time_per_step': '2.23074'}
2025-11-06 19:57:12,744 - train_greyscale_FA_MoE.py - {'step': '262800', 'lr': '0.0002', 'total_loss': '0.0269722', 'main_loss': '0.0269722', 'time_per_step': '2.20811'}
2025-11-06 20:01:02,888 - train_greyscale_FA_MoE.py - {'step': '262900', 'lr': '0.0002', 'total_loss': '0.024386', 'main_loss': '0.024386', 'time_per_step': '2.2213'}
2025-11-06 20:04:55,581 - train_greyscale_FA_MoE.py - {'step': '263000', 'lr': '0.0002', 'total_loss': '0.027418', 'main_loss': '0.027418', 'time_per_step': '3.27661'}
2025-11-06 20:08:44,190 - train_greyscale_FA_MoE.py - {'step': '263100', 'lr': '0.0002', 'total_loss': '0.0271784', 'main_loss': '0.0271784', 'time_per_step': '2.11727'}
2025-11-06 20:12:35,535 - train_greyscale_FA_MoE.py - {'step': '263200', 'lr': '0.0002', 'total_loss': '0.0269168', 'main_loss': '0.0269168', 'time_per_step': '2.46967'}
2025-11-06 20:16:26,565 - train_greyscale_FA_MoE.py - {'step': '263300', 'lr': '0.0002', 'total_loss': '0.0215735', 'main_loss': '0.0215735', 'time_per_step': '2.9171'}
2025-11-06 20:20:16,998 - train_greyscale_FA_MoE.py - {'step': '263400', 'lr': '0.0002', 'total_loss': '0.0216627', 'main_loss': '0.0216627', 'time_per_step': '2.21865'}
2025-11-06 20:24:08,002 - train_greyscale_FA_MoE.py - {'step': '263500', 'lr': '0.0002', 'total_loss': '0.0305378', 'main_loss': '0.0305378', 'time_per_step': '2.20223'}
2025-11-06 20:27:57,050 - train_greyscale_FA_MoE.py - {'step': '263600', 'lr': '0.0002', 'total_loss': '0.0228129', 'main_loss': '0.0228129', 'time_per_step': '2.30727'}
2025-11-06 20:31:49,455 - train_greyscale_FA_MoE.py - {'step': '263700', 'lr': '0.0002', 'total_loss': '0.0305166', 'main_loss': '0.0305166', 'time_per_step': '2.20313'}
2025-11-06 20:35:39,118 - train_greyscale_FA_MoE.py - {'step': '263800', 'lr': '0.0002', 'total_loss': '0.0256737', 'main_loss': '0.0256737', 'time_per_step': '2.19604'}
2025-11-06 20:39:29,046 - train_greyscale_FA_MoE.py - {'step': '263900', 'lr': '0.0002', 'total_loss': '0.0229839', 'main_loss': '0.0229839', 'time_per_step': '2.15859'}
2025-11-06 20:43:17,255 - train_greyscale_FA_MoE.py - {'step': '264000', 'lr': '0.0002', 'total_loss': '0.0270281', 'main_loss': '0.0270281', 'time_per_step': '2.24741'}
2025-11-06 20:47:07,493 - train_greyscale_FA_MoE.py - {'step': '264100', 'lr': '0.0002', 'total_loss': '0.029925', 'main_loss': '0.029925', 'time_per_step': '2.2424'}
2025-11-06 20:50:56,671 - train_greyscale_FA_MoE.py - {'step': '264200', 'lr': '0.0002', 'total_loss': '0.022614', 'main_loss': '0.022614', 'time_per_step': '2.26248'}
2025-11-06 20:54:47,423 - train_greyscale_FA_MoE.py - {'step': '264300', 'lr': '0.0002', 'total_loss': '0.0262353', 'main_loss': '0.0262353', 'time_per_step': '2.1052'}
2025-11-06 20:58:38,431 - train_greyscale_FA_MoE.py - {'step': '264400', 'lr': '0.0002', 'total_loss': '0.0368108', 'main_loss': '0.0368108', 'time_per_step': '2.1173'}
2025-11-06 21:02:27,288 - train_greyscale_FA_MoE.py - {'step': '264500', 'lr': '0.0002', 'total_loss': '0.0317168', 'main_loss': '0.0317168', 'time_per_step': '2.26267'}
2025-11-06 21:06:16,410 - train_greyscale_FA_MoE.py - {'step': '264600', 'lr': '0.0002', 'total_loss': '0.0270622', 'main_loss': '0.0270622', 'time_per_step': '2.2271'}
2025-11-06 21:10:06,610 - train_greyscale_FA_MoE.py - {'step': '264700', 'lr': '0.0002', 'total_loss': '0.0320449', 'main_loss': '0.0320449', 'time_per_step': '2.22114'}
2025-11-06 21:14:00,430 - train_greyscale_FA_MoE.py - {'step': '264800', 'lr': '0.0002', 'total_loss': '0.0249769', 'main_loss': '0.0249769', 'time_per_step': '2.24923'}
2025-11-06 21:17:50,317 - train_greyscale_FA_MoE.py - {'step': '264900', 'lr': '0.0002', 'total_loss': '0.0243728', 'main_loss': '0.0243728', 'time_per_step': '2.23782'}
2025-11-06 21:21:39,881 - train_greyscale_FA_MoE.py - {'step': '265000', 'lr': '0.0002', 'total_loss': '0.0250915', 'main_loss': '0.0250915', 'time_per_step': '2.21951'}
2025-11-06 21:25:30,278 - train_greyscale_FA_MoE.py - {'step': '265100', 'lr': '0.0002', 'total_loss': '0.025628', 'main_loss': '0.025628', 'time_per_step': '2.22851'}
2025-11-06 21:29:19,256 - train_greyscale_FA_MoE.py - {'step': '265200', 'lr': '0.0002', 'total_loss': '0.0278048', 'main_loss': '0.0278048', 'time_per_step': '2.24084'}
2025-11-06 21:33:12,532 - train_greyscale_FA_MoE.py - {'step': '265300', 'lr': '0.0002', 'total_loss': '0.0262733', 'main_loss': '0.0262733', 'time_per_step': '2.21307'}
2025-11-06 21:37:02,199 - train_greyscale_FA_MoE.py - {'step': '265400', 'lr': '0.0002', 'total_loss': '0.0215557', 'main_loss': '0.0215557', 'time_per_step': '2.2337'}
2025-11-06 21:40:51,327 - train_greyscale_FA_MoE.py - {'step': '265500', 'lr': '0.0002', 'total_loss': '0.0249387', 'main_loss': '0.0249387', 'time_per_step': '2.12507'}
2025-11-06 21:44:44,230 - train_greyscale_FA_MoE.py - {'step': '265600', 'lr': '0.0002', 'total_loss': '0.0297303', 'main_loss': '0.0297303', 'time_per_step': '2.10657'}
2025-11-06 21:48:37,652 - train_greyscale_FA_MoE.py - {'step': '265700', 'lr': '0.0002', 'total_loss': '0.0233496', 'main_loss': '0.0233496', 'time_per_step': '2.2118'}
2025-11-06 21:52:28,864 - train_greyscale_FA_MoE.py - {'step': '265800', 'lr': '0.0002', 'total_loss': '0.0285583', 'main_loss': '0.0285583', 'time_per_step': '2.21239'}
2025-11-06 21:56:17,975 - train_greyscale_FA_MoE.py - {'step': '265900', 'lr': '0.0002', 'total_loss': '0.0249941', 'main_loss': '0.0249941', 'time_per_step': '2.2498'}
2025-11-06 22:00:08,151 - train_greyscale_FA_MoE.py - {'step': '266000', 'lr': '0.0002', 'total_loss': '0.0289054', 'main_loss': '0.0289054', 'time_per_step': '2.20241'}
2025-11-06 22:03:58,145 - train_greyscale_FA_MoE.py - {'step': '266100', 'lr': '0.0002', 'total_loss': '0.0287431', 'main_loss': '0.0287431', 'time_per_step': '2.28157'}
2025-11-06 22:07:48,313 - train_greyscale_FA_MoE.py - {'step': '266200', 'lr': '0.0002', 'total_loss': '0.0278442', 'main_loss': '0.0278442', 'time_per_step': '2.23229'}
2025-11-06 22:11:38,633 - train_greyscale_FA_MoE.py - {'step': '266300', 'lr': '0.0002', 'total_loss': '0.0254829', 'main_loss': '0.0254829', 'time_per_step': '2.22456'}
2025-11-06 22:15:28,910 - train_greyscale_FA_MoE.py - {'step': '266400', 'lr': '0.0002', 'total_loss': '0.0280416', 'main_loss': '0.0280416', 'time_per_step': '2.21517'}
2025-11-06 22:19:18,225 - train_greyscale_FA_MoE.py - {'step': '266500', 'lr': '0.0002', 'total_loss': '0.0222323', 'main_loss': '0.0222323', 'time_per_step': '2.17554'}
2025-11-06 22:23:09,767 - train_greyscale_FA_MoE.py - {'step': '266600', 'lr': '0.0002', 'total_loss': '0.0219675', 'main_loss': '0.0219675', 'time_per_step': '2.22756'}
2025-11-06 22:27:00,364 - train_greyscale_FA_MoE.py - {'step': '266700', 'lr': '0.0002', 'total_loss': '0.0231727', 'main_loss': '0.0231727', 'time_per_step': '2.10716'}
2025-11-06 22:30:50,419 - train_greyscale_FA_MoE.py - {'step': '266800', 'lr': '0.0002', 'total_loss': '0.0283574', 'main_loss': '0.0283574', 'time_per_step': '2.10623'}
2025-11-06 22:34:45,122 - train_greyscale_FA_MoE.py - {'step': '266900', 'lr': '0.0002', 'total_loss': '0.0276834', 'main_loss': '0.0276834', 'time_per_step': '2.23882'}
2025-11-06 22:38:34,177 - train_greyscale_FA_MoE.py - {'step': '267000', 'lr': '0.0002', 'total_loss': '0.0223001', 'main_loss': '0.0223001', 'time_per_step': '2.19752'}
2025-11-06 22:42:25,569 - train_greyscale_FA_MoE.py - {'step': '267100', 'lr': '0.0002', 'total_loss': '0.0265827', 'main_loss': '0.0265827', 'time_per_step': '2.20709'}
2025-11-06 22:46:14,196 - train_greyscale_FA_MoE.py - {'step': '267200', 'lr': '0.0002', 'total_loss': '0.0290193', 'main_loss': '0.0290193', 'time_per_step': '2.18218'}
2025-11-06 22:50:04,656 - train_greyscale_FA_MoE.py - {'step': '267300', 'lr': '0.0002', 'total_loss': '0.0279785', 'main_loss': '0.0279785', 'time_per_step': '2.20903'}
2025-11-06 22:53:54,749 - train_greyscale_FA_MoE.py - {'step': '267400', 'lr': '0.0002', 'total_loss': '0.0225244', 'main_loss': '0.0225244', 'time_per_step': '2.2282'}
2025-11-06 22:57:44,833 - train_greyscale_FA_MoE.py - {'step': '267500', 'lr': '0.0002', 'total_loss': '0.0270203', 'main_loss': '0.0270203', 'time_per_step': '2.20924'}
2025-11-06 23:01:36,552 - train_greyscale_FA_MoE.py - {'step': '267600', 'lr': '0.0002', 'total_loss': '0.0216853', 'main_loss': '0.0216853', 'time_per_step': '2.20952'}
2025-11-06 23:05:25,663 - train_greyscale_FA_MoE.py - {'step': '267700', 'lr': '0.0002', 'total_loss': '0.024523', 'main_loss': '0.024523', 'time_per_step': '2.1995'}
2025-11-06 23:09:18,307 - train_greyscale_FA_MoE.py - {'step': '267800', 'lr': '0.0002', 'total_loss': '0.0247375', 'main_loss': '0.0247375', 'time_per_step': '2.18468'}
2025-11-06 23:13:07,938 - train_greyscale_FA_MoE.py - {'step': '267900', 'lr': '0.0002', 'total_loss': '0.0272671', 'main_loss': '0.0272671', 'time_per_step': '2.42062'}
2025-11-06 23:16:58,123 - train_greyscale_FA_MoE.py - {'step': '268000', 'lr': '0.0002', 'total_loss': '0.0259789', 'main_loss': '0.0259789', 'time_per_step': '2.15878'}
2025-11-06 23:20:49,113 - train_greyscale_FA_MoE.py - {'step': '268100', 'lr': '0.0002', 'total_loss': '0.0238203', 'main_loss': '0.0238203', 'time_per_step': '2.21426'}
2025-11-06 23:24:38,973 - train_greyscale_FA_MoE.py - {'step': '268200', 'lr': '0.0002', 'total_loss': '0.0297347', 'main_loss': '0.0297347', 'time_per_step': '2.28371'}
2025-11-06 23:28:28,824 - train_greyscale_FA_MoE.py - {'step': '268300', 'lr': '0.0002', 'total_loss': '0.0300749', 'main_loss': '0.0300749', 'time_per_step': '2.16217'}
2025-11-06 23:32:17,868 - train_greyscale_FA_MoE.py - {'step': '268400', 'lr': '0.0002', 'total_loss': '0.0270865', 'main_loss': '0.0270865', 'time_per_step': '2.23432'}
2025-11-06 23:36:07,987 - train_greyscale_FA_MoE.py - {'step': '268500', 'lr': '0.0002', 'total_loss': '0.0309804', 'main_loss': '0.0309804', 'time_per_step': '2.2032'}
2025-11-06 23:39:57,640 - train_greyscale_FA_MoE.py - {'step': '268600', 'lr': '0.0002', 'total_loss': '0.029582', 'main_loss': '0.029582', 'time_per_step': '2.26581'}
2025-11-06 23:43:47,280 - train_greyscale_FA_MoE.py - {'step': '268700', 'lr': '0.0002', 'total_loss': '0.0303365', 'main_loss': '0.0303365', 'time_per_step': '2.15744'}
2025-11-06 23:47:39,144 - train_greyscale_FA_MoE.py - {'step': '268800', 'lr': '0.0002', 'total_loss': '0.0249987', 'main_loss': '0.0249987', 'time_per_step': '2.2236'}
2025-11-06 23:51:28,864 - train_greyscale_FA_MoE.py - {'step': '268900', 'lr': '0.0002', 'total_loss': '0.0278539', 'main_loss': '0.0278539', 'time_per_step': '2.20899'}
2025-11-06 23:55:20,203 - train_greyscale_FA_MoE.py - {'step': '269000', 'lr': '0.0002', 'total_loss': '0.0230141', 'main_loss': '0.0230141', 'time_per_step': '2.20302'}
2025-11-06 23:59:11,355 - train_greyscale_FA_MoE.py - {'step': '269100', 'lr': '0.0002', 'total_loss': '0.023882', 'main_loss': '0.023882', 'time_per_step': '2.10512'}
2025-11-07 00:03:00,056 - train_greyscale_FA_MoE.py - {'step': '269200', 'lr': '0.0002', 'total_loss': '0.0284841', 'main_loss': '0.0284841', 'time_per_step': '2.10815'}
2025-11-07 00:06:50,613 - train_greyscale_FA_MoE.py - {'step': '269300', 'lr': '0.0002', 'total_loss': '0.0283761', 'main_loss': '0.0283761', 'time_per_step': '2.23034'}
2025-11-07 00:10:41,073 - train_greyscale_FA_MoE.py - {'step': '269400', 'lr': '0.0002', 'total_loss': '0.0285672', 'main_loss': '0.0285672', 'time_per_step': '2.18917'}
2025-11-07 00:14:34,244 - train_greyscale_FA_MoE.py - {'step': '269500', 'lr': '0.0002', 'total_loss': '0.0205804', 'main_loss': '0.0205804', 'time_per_step': '2.20741'}
2025-11-07 00:18:23,541 - train_greyscale_FA_MoE.py - {'step': '269600', 'lr': '0.0002', 'total_loss': '0.0193327', 'main_loss': '0.0193327', 'time_per_step': '2.23068'}
2025-11-07 00:22:12,925 - train_greyscale_FA_MoE.py - {'step': '269700', 'lr': '0.0002', 'total_loss': '0.020778', 'main_loss': '0.020778', 'time_per_step': '2.22157'}
2025-11-07 00:26:03,142 - train_greyscale_FA_MoE.py - {'step': '269800', 'lr': '0.0002', 'total_loss': '0.0284992', 'main_loss': '0.0284992', 'time_per_step': '2.15693'}
2025-11-07 00:29:53,596 - train_greyscale_FA_MoE.py - {'step': '269900', 'lr': '0.0002', 'total_loss': '0.0255321', 'main_loss': '0.0255321', 'time_per_step': '2.2138'}
2025-11-07 00:33:45,410 - train_greyscale_FA_MoE.py - {'step': '270000', 'lr': '0.0002', 'total_loss': '0.0246559', 'main_loss': '0.0246559', 'time_per_step': '2.22813'}
2025-11-07 00:37:33,579 - train_greyscale_FA_MoE.py - {'step': '270100', 'lr': '0.0002', 'total_loss': '0.0322705', 'main_loss': '0.0322705', 'time_per_step': '2.21546'}
2025-11-07 00:41:24,604 - train_greyscale_FA_MoE.py - {'step': '270200', 'lr': '0.0002', 'total_loss': '0.0282605', 'main_loss': '0.0282605', 'time_per_step': '2.20667'}
2025-11-07 00:45:14,659 - train_greyscale_FA_MoE.py - {'step': '270300', 'lr': '0.0002', 'total_loss': '0.0268396', 'main_loss': '0.0268396', 'time_per_step': '2.12563'}
2025-11-07 00:49:04,035 - train_greyscale_FA_MoE.py - {'step': '270400', 'lr': '0.0002', 'total_loss': '0.0319411', 'main_loss': '0.0319411', 'time_per_step': '2.10614'}
2025-11-07 00:52:56,758 - train_greyscale_FA_MoE.py - {'step': '270500', 'lr': '0.0002', 'total_loss': '0.0263283', 'main_loss': '0.0263283', 'time_per_step': '2.29526'}
2025-11-07 00:56:46,143 - train_greyscale_FA_MoE.py - {'step': '270600', 'lr': '0.0002', 'total_loss': '0.0258988', 'main_loss': '0.0258988', 'time_per_step': '2.22316'}
2025-11-07 01:00:38,806 - train_greyscale_FA_MoE.py - {'step': '270700', 'lr': '0.0002', 'total_loss': '0.027166', 'main_loss': '0.027166', 'time_per_step': '2.18643'}
2025-11-07 01:04:27,767 - train_greyscale_FA_MoE.py - {'step': '270800', 'lr': '0.0002', 'total_loss': '0.0299678', 'main_loss': '0.0299678', 'time_per_step': '2.27759'}
2025-11-07 01:08:17,936 - train_greyscale_FA_MoE.py - {'step': '270900', 'lr': '0.0002', 'total_loss': '0.0252208', 'main_loss': '0.0252208', 'time_per_step': '2.23756'}
2025-11-07 01:12:06,935 - train_greyscale_FA_MoE.py - {'step': '271000', 'lr': '0.0002', 'total_loss': '0.0268653', 'main_loss': '0.0268653', 'time_per_step': '2.18483'}
2025-11-07 01:16:00,061 - train_greyscale_FA_MoE.py - {'step': '271100', 'lr': '0.0002', 'total_loss': '0.0245876', 'main_loss': '0.0245876', 'time_per_step': '2.21731'}
2025-11-07 01:19:50,946 - train_greyscale_FA_MoE.py - {'step': '271200', 'lr': '0.0002', 'total_loss': '0.0262085', 'main_loss': '0.0262085', 'time_per_step': '2.21348'}
2025-11-07 01:23:42,543 - train_greyscale_FA_MoE.py - {'step': '271300', 'lr': '0.0002', 'total_loss': '0.0276534', 'main_loss': '0.0276534', 'time_per_step': '2.2537'}
2025-11-07 01:27:34,038 - train_greyscale_FA_MoE.py - {'step': '271400', 'lr': '0.0002', 'total_loss': '0.0316442', 'main_loss': '0.0316442', 'time_per_step': '2.2067'}
2025-11-07 01:31:21,817 - train_greyscale_FA_MoE.py - {'step': '271500', 'lr': '0.0002', 'total_loss': '0.0292084', 'main_loss': '0.0292084', 'time_per_step': '2.09775'}
2025-11-07 01:35:10,292 - train_greyscale_FA_MoE.py - {'step': '271600', 'lr': '0.0002', 'total_loss': '0.030488', 'main_loss': '0.030488', 'time_per_step': '2.10903'}
2025-11-07 01:39:00,699 - train_greyscale_FA_MoE.py - {'step': '271700', 'lr': '0.0002', 'total_loss': '0.0274869', 'main_loss': '0.0274869', 'time_per_step': '2.16916'}
2025-11-07 01:42:49,377 - train_greyscale_FA_MoE.py - {'step': '271800', 'lr': '0.0002', 'total_loss': '0.0240937', 'main_loss': '0.0240937', 'time_per_step': '2.21428'}
2025-11-07 01:46:43,794 - train_greyscale_FA_MoE.py - {'step': '271900', 'lr': '0.0002', 'total_loss': '0.025369', 'main_loss': '0.025369', 'time_per_step': '2.22346'}
2025-11-07 01:50:33,885 - train_greyscale_FA_MoE.py - {'step': '272000', 'lr': '0.0002', 'total_loss': '0.0293982', 'main_loss': '0.0293982', 'time_per_step': '2.22438'}
2025-11-07 01:54:22,947 - train_greyscale_FA_MoE.py - {'step': '272100', 'lr': '0.0002', 'total_loss': '0.0271939', 'main_loss': '0.0271939', 'time_per_step': '2.21569'}
2025-11-07 01:58:11,983 - train_greyscale_FA_MoE.py - {'step': '272200', 'lr': '0.0002', 'total_loss': '0.0288638', 'main_loss': '0.0288638', 'time_per_step': '2.19963'}
2025-11-07 02:02:03,827 - train_greyscale_FA_MoE.py - {'step': '272300', 'lr': '0.0002', 'total_loss': '0.029522', 'main_loss': '0.029522', 'time_per_step': '2.22881'}
2025-11-07 02:05:53,452 - train_greyscale_FA_MoE.py - {'step': '272400', 'lr': '0.0002', 'total_loss': '0.0255284', 'main_loss': '0.0255284', 'time_per_step': '2.21415'}
2025-11-07 02:09:45,210 - train_greyscale_FA_MoE.py - {'step': '272500', 'lr': '0.0002', 'total_loss': '0.0319222', 'main_loss': '0.0319222', 'time_per_step': '2.22599'}
2025-11-07 02:13:36,199 - train_greyscale_FA_MoE.py - {'step': '272600', 'lr': '0.0002', 'total_loss': '0.0296122', 'main_loss': '0.0296122', 'time_per_step': '2.84057'}
2025-11-07 02:17:25,971 - train_greyscale_FA_MoE.py - {'step': '272700', 'lr': '0.0002', 'total_loss': '0.033617', 'main_loss': '0.033617', 'time_per_step': '2.10361'}
2025-11-07 02:21:16,754 - train_greyscale_FA_MoE.py - {'step': '272800', 'lr': '0.0002', 'total_loss': '0.0252306', 'main_loss': '0.0252306', 'time_per_step': '2.10342'}
2025-11-07 02:25:07,749 - train_greyscale_FA_MoE.py - {'step': '272900', 'lr': '0.0002', 'total_loss': '0.0223871', 'main_loss': '0.0223871', 'time_per_step': '2.21263'}
2025-11-07 02:28:58,340 - train_greyscale_FA_MoE.py - {'step': '273000', 'lr': '0.0002', 'total_loss': '0.0264633', 'main_loss': '0.0264633', 'time_per_step': '2.28529'}
2025-11-07 02:32:47,869 - train_greyscale_FA_MoE.py - {'step': '273100', 'lr': '0.0002', 'total_loss': '0.0251034', 'main_loss': '0.0251034', 'time_per_step': '2.19944'}
2025-11-07 02:36:39,399 - train_greyscale_FA_MoE.py - {'step': '273200', 'lr': '0.0002', 'total_loss': '0.0300285', 'main_loss': '0.0300285', 'time_per_step': '2.76638'}
2025-11-07 02:40:29,677 - train_greyscale_FA_MoE.py - {'step': '273300', 'lr': '0.0002', 'total_loss': '0.0315511', 'main_loss': '0.0315511', 'time_per_step': '2.23233'}
2025-11-07 02:44:22,902 - train_greyscale_FA_MoE.py - {'step': '273400', 'lr': '0.0002', 'total_loss': '0.0293675', 'main_loss': '0.0293675', 'time_per_step': '2.21686'}
2025-11-07 02:48:12,898 - train_greyscale_FA_MoE.py - {'step': '273500', 'lr': '0.0002', 'total_loss': '0.0373857', 'main_loss': '0.0373857', 'time_per_step': '2.22675'}
2025-11-07 02:52:03,105 - train_greyscale_FA_MoE.py - {'step': '273600', 'lr': '0.0002', 'total_loss': '0.0213299', 'main_loss': '0.0213299', 'time_per_step': '2.18233'}
2025-11-07 02:55:54,114 - train_greyscale_FA_MoE.py - {'step': '273700', 'lr': '0.0002', 'total_loss': '0.0252708', 'main_loss': '0.0252708', 'time_per_step': '2.22037'}
2025-11-07 02:59:43,854 - train_greyscale_FA_MoE.py - {'step': '273800', 'lr': '0.0002', 'total_loss': '0.0256649', 'main_loss': '0.0256649', 'time_per_step': '2.20611'}
2025-11-07 03:03:34,851 - train_greyscale_FA_MoE.py - {'step': '273900', 'lr': '0.0002', 'total_loss': '0.0224978', 'main_loss': '0.0224978', 'time_per_step': '2.70899'}
2025-11-07 03:07:23,698 - train_greyscale_FA_MoE.py - {'step': '274000', 'lr': '0.0002', 'total_loss': '0.0265635', 'main_loss': '0.0265635', 'time_per_step': '2.10442'}
2025-11-07 03:11:13,782 - train_greyscale_FA_MoE.py - {'step': '274100', 'lr': '0.0002', 'total_loss': '0.033911', 'main_loss': '0.033911', 'time_per_step': '2.22135'}
2025-11-07 03:15:04,420 - train_greyscale_FA_MoE.py - {'step': '274200', 'lr': '0.0002', 'total_loss': '0.0295134', 'main_loss': '0.0295134', 'time_per_step': '2.20761'}
2025-11-07 03:18:54,029 - train_greyscale_FA_MoE.py - {'step': '274300', 'lr': '0.0002', 'total_loss': '0.0227261', 'main_loss': '0.0227261', 'time_per_step': '2.21482'}
2025-11-07 03:22:43,891 - train_greyscale_FA_MoE.py - {'step': '274400', 'lr': '0.0002', 'total_loss': '0.0277186', 'main_loss': '0.0277186', 'time_per_step': '2.23032'}
2025-11-07 03:26:35,972 - train_greyscale_FA_MoE.py - {'step': '274500', 'lr': '0.0002', 'total_loss': '0.0274649', 'main_loss': '0.0274649', 'time_per_step': '2.2235'}
2025-11-07 03:30:24,684 - train_greyscale_FA_MoE.py - {'step': '274600', 'lr': '0.0002', 'total_loss': '0.0275693', 'main_loss': '0.0275693', 'time_per_step': '2.2371'}
2025-11-07 03:34:15,218 - train_greyscale_FA_MoE.py - {'step': '274700', 'lr': '0.0002', 'total_loss': '0.0243509', 'main_loss': '0.0243509', 'time_per_step': '2.2595'}
2025-11-07 03:38:06,640 - train_greyscale_FA_MoE.py - {'step': '274800', 'lr': '0.0002', 'total_loss': '0.0305527', 'main_loss': '0.0305527', 'time_per_step': '2.22257'}
2025-11-07 03:41:58,700 - train_greyscale_FA_MoE.py - {'step': '274900', 'lr': '0.0002', 'total_loss': '0.0239745', 'main_loss': '0.0239745', 'time_per_step': '2.24851'}
2025-11-07 03:45:47,003 - train_greyscale_FA_MoE.py - {'step': '275000', 'lr': '0.0002', 'total_loss': '0.0197213', 'main_loss': '0.0197213', 'time_per_step': '2.20519'}
2025-11-07 03:45:47,023 - train_greyscale_FA_MoE.py - Saved expert distribution of layer in_block_0 to output/acdc_wholeheart_uncond_fa_ec_moe_greyscale_uvit_mid_4by4_l6r9_minmax/samples/expert_distribution_in_block_0_step275000.npy
2025-11-07 03:45:48,748 - train_greyscale_FA_MoE.py - Saved expert distribution of layer out_block_7 to output/acdc_wholeheart_uncond_fa_ec_moe_greyscale_uvit_mid_4by4_l6r9_minmax/samples/expert_distribution_out_block_7_step275000.npy
2025-11-07 03:45:50,223 - train_greyscale_FA_MoE.py - Save a grid of 16 samples into output/acdc_wholeheart_uncond_fa_ec_moe_greyscale_uvit_mid_4by4_l6r9_minmax/samples/275000.png by DPM-Solver
2025-11-07 03:45:56,063 - train_greyscale_FA_MoE.py - Finished saving sample grid to output/acdc_wholeheart_uncond_fa_ec_moe_greyscale_uvit_mid_4by4_l6r9_minmax/samples/275000.png by DPM-Solver.
2025-11-07 03:45:56,391 - train_greyscale_FA_MoE.py - Save and eval checkpoint 275000...
2025-11-07 03:45:58,748 - train_greyscale_FA_MoE.py - eval_step: n_samples=50000, sample_steps=50, algorithm=dpm_solver, mini_batch_size=500, samples save into output/acdc_wholeheart_uncond_fa_ec_moe_greyscale_uvit_mid_4by4_l6r9_minmax/samples/acdc_wholeheart_uncond_uvit_FA_EC_MoE_greyscale_mid_4by4_275000_dpm
2025-11-07 04:35:59,185 - train_greyscale_FA_MoE.py - step=275000 fid50000=19.237451985821053
2025-11-07 04:40:40,425 - train_greyscale_FA_MoE.py - {'step': '275100', 'lr': '0.0002', 'total_loss': '0.0258061', 'main_loss': '0.0258061', 'time_per_step': '2.10607'}
2025-11-07 04:44:30,702 - train_greyscale_FA_MoE.py - {'step': '275200', 'lr': '0.0002', 'total_loss': '0.0238301', 'main_loss': '0.0238301', 'time_per_step': '2.10734'}
2025-11-07 04:48:23,001 - train_greyscale_FA_MoE.py - {'step': '275300', 'lr': '0.0002', 'total_loss': '0.0244287', 'main_loss': '0.0244287', 'time_per_step': '2.21392'}
2025-11-07 04:52:14,449 - train_greyscale_FA_MoE.py - {'step': '275400', 'lr': '0.0002', 'total_loss': '0.0276885', 'main_loss': '0.0276885', 'time_per_step': '2.23645'}
2025-11-07 04:56:05,867 - train_greyscale_FA_MoE.py - {'step': '275500', 'lr': '0.0002', 'total_loss': '0.0324831', 'main_loss': '0.0324831', 'time_per_step': '2.20017'}
2025-11-07 04:59:56,405 - train_greyscale_FA_MoE.py - {'step': '275600', 'lr': '0.0002', 'total_loss': '0.028271', 'main_loss': '0.028271', 'time_per_step': '2.2199'}
2025-11-07 05:03:47,504 - train_greyscale_FA_MoE.py - {'step': '275700', 'lr': '0.0002', 'total_loss': '0.0237606', 'main_loss': '0.0237606', 'time_per_step': '2.18306'}
2025-11-07 05:07:39,449 - train_greyscale_FA_MoE.py - {'step': '275800', 'lr': '0.0002', 'total_loss': '0.0248342', 'main_loss': '0.0248342', 'time_per_step': '2.22872'}
2025-11-07 05:11:28,897 - train_greyscale_FA_MoE.py - {'step': '275900', 'lr': '0.0002', 'total_loss': '0.025047', 'main_loss': '0.025047', 'time_per_step': '2.21834'}
2025-11-07 05:15:21,007 - train_greyscale_FA_MoE.py - {'step': '276000', 'lr': '0.0002', 'total_loss': '0.0301736', 'main_loss': '0.0301736', 'time_per_step': '2.21361'}
2025-11-07 05:19:11,776 - train_greyscale_FA_MoE.py - {'step': '276100', 'lr': '0.0002', 'total_loss': '0.0327733', 'main_loss': '0.0327733', 'time_per_step': '2.20036'}
2025-11-07 05:23:04,229 - train_greyscale_FA_MoE.py - {'step': '276200', 'lr': '0.0002', 'total_loss': '0.0265036', 'main_loss': '0.0265036', 'time_per_step': '2.21542'}
2025-11-07 05:26:55,976 - train_greyscale_FA_MoE.py - {'step': '276300', 'lr': '0.0002', 'total_loss': '0.0205657', 'main_loss': '0.0205657', 'time_per_step': '2.10034'}
2025-11-07 05:30:44,689 - train_greyscale_FA_MoE.py - {'step': '276400', 'lr': '0.0002', 'total_loss': '0.0274964', 'main_loss': '0.0274964', 'time_per_step': '2.09234'}
2025-11-07 05:34:35,720 - train_greyscale_FA_MoE.py - {'step': '276500', 'lr': '0.0002', 'total_loss': '0.0209087', 'main_loss': '0.0209087', 'time_per_step': '2.17863'}
2025-11-07 05:38:27,868 - train_greyscale_FA_MoE.py - {'step': '276600', 'lr': '0.0002', 'total_loss': '0.0289924', 'main_loss': '0.0289924', 'time_per_step': '2.3144'}
2025-11-07 05:42:16,926 - train_greyscale_FA_MoE.py - {'step': '276700', 'lr': '0.0002', 'total_loss': '0.0272664', 'main_loss': '0.0272664', 'time_per_step': '2.20451'}
2025-11-07 05:46:08,295 - train_greyscale_FA_MoE.py - {'step': '276800', 'lr': '0.0002', 'total_loss': '0.029114', 'main_loss': '0.029114', 'time_per_step': '2.21141'}
2025-11-07 05:49:57,888 - train_greyscale_FA_MoE.py - {'step': '276900', 'lr': '0.0002', 'total_loss': '0.0259474', 'main_loss': '0.0259474', 'time_per_step': '2.34223'}
2025-11-07 05:53:51,481 - train_greyscale_FA_MoE.py - {'step': '277000', 'lr': '0.0002', 'total_loss': '0.0301154', 'main_loss': '0.0301154', 'time_per_step': '2.21758'}
2025-11-07 05:57:42,829 - train_greyscale_FA_MoE.py - {'step': '277100', 'lr': '0.0002', 'total_loss': '0.0298301', 'main_loss': '0.0298301', 'time_per_step': '2.21813'}
2025-11-07 06:01:33,748 - train_greyscale_FA_MoE.py - {'step': '277200', 'lr': '0.0002', 'total_loss': '0.0193761', 'main_loss': '0.0193761', 'time_per_step': '2.20925'}
2025-11-07 06:05:29,028 - train_greyscale_FA_MoE.py - {'step': '277300', 'lr': '0.0002', 'total_loss': '0.0261532', 'main_loss': '0.0261532', 'time_per_step': '2.22732'}
2025-11-07 06:09:16,864 - train_greyscale_FA_MoE.py - {'step': '277400', 'lr': '0.0002', 'total_loss': '0.0309497', 'main_loss': '0.0309497', 'time_per_step': '2.20948'}
2025-11-07 06:13:11,045 - train_greyscale_FA_MoE.py - {'step': '277500', 'lr': '0.0002', 'total_loss': '0.0287963', 'main_loss': '0.0287963', 'time_per_step': '2.10728'}
2025-11-07 06:16:59,783 - train_greyscale_FA_MoE.py - {'step': '277600', 'lr': '0.0002', 'total_loss': '0.0254707', 'main_loss': '0.0254707', 'time_per_step': '2.41798'}
2025-11-07 06:20:55,223 - train_greyscale_FA_MoE.py - {'step': '277700', 'lr': '0.0002', 'total_loss': '0.0353368', 'main_loss': '0.0353368', 'time_per_step': '2.21665'}
2025-11-07 06:24:44,451 - train_greyscale_FA_MoE.py - {'step': '277800', 'lr': '0.0002', 'total_loss': '0.0348679', 'main_loss': '0.0348679', 'time_per_step': '2.21754'}
2025-11-07 06:28:36,574 - train_greyscale_FA_MoE.py - {'step': '277900', 'lr': '0.0002', 'total_loss': '0.027477', 'main_loss': '0.027477', 'time_per_step': '2.21224'}
2025-11-07 06:32:27,815 - train_greyscale_FA_MoE.py - {'step': '278000', 'lr': '0.0002', 'total_loss': '0.029038', 'main_loss': '0.029038', 'time_per_step': '2.2653'}
2025-11-07 06:36:19,567 - train_greyscale_FA_MoE.py - {'step': '278100', 'lr': '0.0002', 'total_loss': '0.0265511', 'main_loss': '0.0265511', 'time_per_step': '2.22617'}
2025-11-07 06:40:09,904 - train_greyscale_FA_MoE.py - {'step': '278200', 'lr': '0.0002', 'total_loss': '0.0309227', 'main_loss': '0.0309227', 'time_per_step': '2.21625'}
2025-11-07 06:44:02,419 - train_greyscale_FA_MoE.py - {'step': '278300', 'lr': '0.0002', 'total_loss': '0.0223366', 'main_loss': '0.0223366', 'time_per_step': '2.2083'}
2025-11-07 06:47:51,503 - train_greyscale_FA_MoE.py - {'step': '278400', 'lr': '0.0002', 'total_loss': '0.0267504', 'main_loss': '0.0267504', 'time_per_step': '2.22532'}
2025-11-07 06:51:42,603 - train_greyscale_FA_MoE.py - {'step': '278500', 'lr': '0.0002', 'total_loss': '0.0255656', 'main_loss': '0.0255656', 'time_per_step': '2.21628'}
2025-11-07 06:55:31,930 - train_greyscale_FA_MoE.py - {'step': '278600', 'lr': '0.0002', 'total_loss': '0.0273587', 'main_loss': '0.0273587', 'time_per_step': '2.27193'}
2025-11-07 06:59:28,624 - train_greyscale_FA_MoE.py - {'step': '278700', 'lr': '0.0002', 'total_loss': '0.0274919', 'main_loss': '0.0274919', 'time_per_step': '2.15464'}
2025-11-07 07:03:15,796 - train_greyscale_FA_MoE.py - {'step': '278800', 'lr': '0.0002', 'total_loss': '0.0328934', 'main_loss': '0.0328934', 'time_per_step': '2.1197'}
2025-11-07 07:07:07,858 - train_greyscale_FA_MoE.py - {'step': '278900', 'lr': '0.0002', 'total_loss': '0.0237902', 'main_loss': '0.0237902', 'time_per_step': '2.21754'}
2025-11-07 07:10:59,513 - train_greyscale_FA_MoE.py - {'step': '279000', 'lr': '0.0002', 'total_loss': '0.0292483', 'main_loss': '0.0292483', 'time_per_step': '2.72634'}
2025-11-07 07:14:51,782 - train_greyscale_FA_MoE.py - {'step': '279100', 'lr': '0.0002', 'total_loss': '0.0243611', 'main_loss': '0.0243611', 'time_per_step': '2.26076'}
2025-11-07 07:18:42,148 - train_greyscale_FA_MoE.py - {'step': '279200', 'lr': '0.0002', 'total_loss': '0.0228796', 'main_loss': '0.0228796', 'time_per_step': '2.19948'}
2025-11-07 07:22:35,695 - train_greyscale_FA_MoE.py - {'step': '279300', 'lr': '0.0002', 'total_loss': '0.0280085', 'main_loss': '0.0280085', 'time_per_step': '2.23724'}
2025-11-07 07:26:24,485 - train_greyscale_FA_MoE.py - {'step': '279400', 'lr': '0.0002', 'total_loss': '0.0263963', 'main_loss': '0.0263963', 'time_per_step': '2.1806'}
2025-11-07 07:30:20,097 - train_greyscale_FA_MoE.py - {'step': '279500', 'lr': '0.0002', 'total_loss': '0.0282242', 'main_loss': '0.0282242', 'time_per_step': '2.21308'}
2025-11-07 07:34:10,052 - train_greyscale_FA_MoE.py - {'step': '279600', 'lr': '0.0002', 'total_loss': '0.0270925', 'main_loss': '0.0270925', 'time_per_step': '2.16626'}
2025-11-07 07:38:00,223 - train_greyscale_FA_MoE.py - {'step': '279700', 'lr': '0.0002', 'total_loss': '0.0251158', 'main_loss': '0.0251158', 'time_per_step': '2.20945'}
2025-11-07 07:41:50,907 - train_greyscale_FA_MoE.py - {'step': '279800', 'lr': '0.0002', 'total_loss': '0.0302181', 'main_loss': '0.0302181', 'time_per_step': '2.23189'}
2025-11-07 07:45:39,875 - train_greyscale_FA_MoE.py - {'step': '279900', 'lr': '0.0002', 'total_loss': '0.0232866', 'main_loss': '0.0232866', 'time_per_step': '2.09607'}
2025-11-07 07:49:30,039 - train_greyscale_FA_MoE.py - {'step': '280000', 'lr': '0.0002', 'total_loss': '0.0261184', 'main_loss': '0.0261184', 'time_per_step': '2.09075'}
2025-11-07 07:53:19,383 - train_greyscale_FA_MoE.py - {'step': '280100', 'lr': '0.0002', 'total_loss': '0.030489', 'main_loss': '0.030489', 'time_per_step': '2.18713'}
2025-11-07 07:57:12,031 - train_greyscale_FA_MoE.py - {'step': '280200', 'lr': '0.0002', 'total_loss': '0.0264389', 'main_loss': '0.0264389', 'time_per_step': '2.19614'}
2025-11-07 08:01:05,955 - train_greyscale_FA_MoE.py - {'step': '280300', 'lr': '0.0002', 'total_loss': '0.0252048', 'main_loss': '0.0252048', 'time_per_step': '2.23548'}
2025-11-07 08:04:56,809 - train_greyscale_FA_MoE.py - {'step': '280400', 'lr': '0.0002', 'total_loss': '0.0279825', 'main_loss': '0.0279825', 'time_per_step': '2.30723'}
2025-11-07 08:08:46,781 - train_greyscale_FA_MoE.py - {'step': '280500', 'lr': '0.0002', 'total_loss': '0.0285932', 'main_loss': '0.0285932', 'time_per_step': '2.22082'}
2025-11-07 08:12:43,350 - train_greyscale_FA_MoE.py - {'step': '280600', 'lr': '0.0002', 'total_loss': '0.0284346', 'main_loss': '0.0284346', 'time_per_step': '2.16608'}
2025-11-07 08:16:32,209 - train_greyscale_FA_MoE.py - {'step': '280700', 'lr': '0.0002', 'total_loss': '0.0281665', 'main_loss': '0.0281665', 'time_per_step': '2.24733'}
2025-11-07 08:20:25,357 - train_greyscale_FA_MoE.py - {'step': '280800', 'lr': '0.0002', 'total_loss': '0.0305939', 'main_loss': '0.0305939', 'time_per_step': '2.20766'}
2025-11-07 08:24:17,884 - train_greyscale_FA_MoE.py - {'step': '280900', 'lr': '0.0002', 'total_loss': '0.0304383', 'main_loss': '0.0304383', 'time_per_step': '2.20595'}
2025-11-07 08:28:10,272 - train_greyscale_FA_MoE.py - {'step': '281000', 'lr': '0.0002', 'total_loss': '0.0305631', 'main_loss': '0.0305631', 'time_per_step': '2.23424'}
2025-11-07 08:32:04,592 - train_greyscale_FA_MoE.py - {'step': '281100', 'lr': '0.0002', 'total_loss': '0.0281946', 'main_loss': '0.0281946', 'time_per_step': '2.09647'}
2025-11-07 08:35:55,792 - train_greyscale_FA_MoE.py - {'step': '281200', 'lr': '0.0002', 'total_loss': '0.0283212', 'main_loss': '0.0283212', 'time_per_step': '2.10662'}
2025-11-07 08:39:51,460 - train_greyscale_FA_MoE.py - {'step': '281300', 'lr': '0.0002', 'total_loss': '0.0306031', 'main_loss': '0.0306031', 'time_per_step': '2.19529'}
2025-11-07 08:43:41,928 - train_greyscale_FA_MoE.py - {'step': '281400', 'lr': '0.0002', 'total_loss': '0.0252448', 'main_loss': '0.0252448', 'time_per_step': '2.20212'}
2025-11-07 08:47:35,363 - train_greyscale_FA_MoE.py - {'step': '281500', 'lr': '0.0002', 'total_loss': '0.0268527', 'main_loss': '0.0268527', 'time_per_step': '2.21478'}
2025-11-07 08:51:23,893 - train_greyscale_FA_MoE.py - {'step': '281600', 'lr': '0.0002', 'total_loss': '0.0285706', 'main_loss': '0.0285706', 'time_per_step': '2.22775'}
2025-11-07 08:55:18,667 - train_greyscale_FA_MoE.py - {'step': '281700', 'lr': '0.0002', 'total_loss': '0.0283772', 'main_loss': '0.0283772', 'time_per_step': '2.25055'}
2025-11-07 08:59:07,655 - train_greyscale_FA_MoE.py - {'step': '281800', 'lr': '0.0002', 'total_loss': '0.0305884', 'main_loss': '0.0305884', 'time_per_step': '2.18064'}
2025-11-07 09:02:59,701 - train_greyscale_FA_MoE.py - {'step': '281900', 'lr': '0.0002', 'total_loss': '0.0250217', 'main_loss': '0.0250217', 'time_per_step': '2.21749'}
2025-11-07 09:06:49,200 - train_greyscale_FA_MoE.py - {'step': '282000', 'lr': '0.0002', 'total_loss': '0.0221682', 'main_loss': '0.0221682', 'time_per_step': '2.15837'}
2025-11-07 09:10:43,901 - train_greyscale_FA_MoE.py - {'step': '282100', 'lr': '0.0002', 'total_loss': '0.0305298', 'main_loss': '0.0305298', 'time_per_step': '2.17701'}
2025-11-07 09:14:34,266 - train_greyscale_FA_MoE.py - {'step': '282200', 'lr': '0.0002', 'total_loss': '0.0232496', 'main_loss': '0.0232496', 'time_per_step': '2.19578'}
2025-11-07 09:18:25,115 - train_greyscale_FA_MoE.py - {'step': '282300', 'lr': '0.0002', 'total_loss': '0.0302254', 'main_loss': '0.0302254', 'time_per_step': '2.10779'}
2025-11-07 09:22:21,922 - train_greyscale_FA_MoE.py - {'step': '282400', 'lr': '0.0002', 'total_loss': '0.0201256', 'main_loss': '0.0201256', 'time_per_step': '2.46072'}
2025-11-07 09:26:13,299 - train_greyscale_FA_MoE.py - {'step': '282500', 'lr': '0.0002', 'total_loss': '0.0307523', 'main_loss': '0.0307523', 'time_per_step': '2.22962'}
2025-11-07 09:30:06,651 - train_greyscale_FA_MoE.py - {'step': '282600', 'lr': '0.0002', 'total_loss': '0.0279352', 'main_loss': '0.0279352', 'time_per_step': '2.20625'}
2025-11-07 09:33:56,661 - train_greyscale_FA_MoE.py - {'step': '282700', 'lr': '0.0002', 'total_loss': '0.0253077', 'main_loss': '0.0253077', 'time_per_step': '2.28743'}
2025-11-07 09:37:50,097 - train_greyscale_FA_MoE.py - {'step': '282800', 'lr': '0.0002', 'total_loss': '0.0224034', 'main_loss': '0.0224034', 'time_per_step': '2.21164'}
2025-11-07 09:41:42,746 - train_greyscale_FA_MoE.py - {'step': '282900', 'lr': '0.0002', 'total_loss': '0.0258087', 'main_loss': '0.0258087', 'time_per_step': '2.20852'}
2025-11-07 09:45:32,670 - train_greyscale_FA_MoE.py - {'step': '283000', 'lr': '0.0002', 'total_loss': '0.0225303', 'main_loss': '0.0225303', 'time_per_step': '2.38793'}
2025-11-07 09:49:25,226 - train_greyscale_FA_MoE.py - {'step': '283100', 'lr': '0.0002', 'total_loss': '0.0274327', 'main_loss': '0.0274327', 'time_per_step': '2.25398'}
2025-11-07 09:53:17,957 - train_greyscale_FA_MoE.py - {'step': '283200', 'lr': '0.0002', 'total_loss': '0.02835', 'main_loss': '0.02835', 'time_per_step': '2.20851'}
2025-11-07 09:57:08,463 - train_greyscale_FA_MoE.py - {'step': '283300', 'lr': '0.0002', 'total_loss': '0.0234506', 'main_loss': '0.0234506', 'time_per_step': '2.22015'}
2025-11-07 10:00:59,222 - train_greyscale_FA_MoE.py - {'step': '283400', 'lr': '0.0002', 'total_loss': '0.0272026', 'main_loss': '0.0272026', 'time_per_step': '2.17676'}
2025-11-07 10:04:52,536 - train_greyscale_FA_MoE.py - {'step': '283500', 'lr': '0.0002', 'total_loss': '0.027445', 'main_loss': '0.027445', 'time_per_step': '2.10731'}
2025-11-07 10:08:42,261 - train_greyscale_FA_MoE.py - {'step': '283600', 'lr': '0.0002', 'total_loss': '0.0279422', 'main_loss': '0.0279422', 'time_per_step': '2.10655'}
2025-11-07 10:12:35,451 - train_greyscale_FA_MoE.py - {'step': '283700', 'lr': '0.0002', 'total_loss': '0.0238573', 'main_loss': '0.0238573', 'time_per_step': '2.23983'}
2025-11-07 10:16:25,464 - train_greyscale_FA_MoE.py - {'step': '283800', 'lr': '0.0002', 'total_loss': '0.0250786', 'main_loss': '0.0250786', 'time_per_step': '2.25372'}
2025-11-07 10:20:15,643 - train_greyscale_FA_MoE.py - {'step': '283900', 'lr': '0.0002', 'total_loss': '0.0247296', 'main_loss': '0.0247296', 'time_per_step': '2.22374'}
2025-11-07 10:24:05,941 - train_greyscale_FA_MoE.py - {'step': '284000', 'lr': '0.0002', 'total_loss': '0.0293184', 'main_loss': '0.0293184', 'time_per_step': '2.22548'}
2025-11-07 10:27:57,891 - train_greyscale_FA_MoE.py - {'step': '284100', 'lr': '0.0002', 'total_loss': '0.0254117', 'main_loss': '0.0254117', 'time_per_step': '3.02796'}
2025-11-07 10:31:49,229 - train_greyscale_FA_MoE.py - {'step': '284200', 'lr': '0.0002', 'total_loss': '0.0249968', 'main_loss': '0.0249968', 'time_per_step': '2.21958'}
2025-11-07 10:35:42,604 - train_greyscale_FA_MoE.py - {'step': '284300', 'lr': '0.0002', 'total_loss': '0.0300632', 'main_loss': '0.0300632', 'time_per_step': '2.21406'}
2025-11-07 10:39:31,627 - train_greyscale_FA_MoE.py - {'step': '284400', 'lr': '0.0002', 'total_loss': '0.0302237', 'main_loss': '0.0302237', 'time_per_step': '2.15998'}
2025-11-07 10:43:25,278 - train_greyscale_FA_MoE.py - {'step': '284500', 'lr': '0.0002', 'total_loss': '0.032242', 'main_loss': '0.032242', 'time_per_step': '2.19316'}
2025-11-07 10:47:17,135 - train_greyscale_FA_MoE.py - {'step': '284600', 'lr': '0.0002', 'total_loss': '0.0225959', 'main_loss': '0.0225959', 'time_per_step': '2.21003'}
2025-11-07 10:51:08,837 - train_greyscale_FA_MoE.py - {'step': '284700', 'lr': '0.0002', 'total_loss': '0.0257465', 'main_loss': '0.0257465', 'time_per_step': '2.66557'}
2025-11-07 10:54:59,399 - train_greyscale_FA_MoE.py - {'step': '284800', 'lr': '0.0002', 'total_loss': '0.0304789', 'main_loss': '0.0304789', 'time_per_step': '2.09982'}
2025-11-07 10:58:52,422 - train_greyscale_FA_MoE.py - {'step': '284900', 'lr': '0.0002', 'total_loss': '0.0237333', 'main_loss': '0.0237333', 'time_per_step': '2.30035'}
2025-11-07 11:02:44,481 - train_greyscale_FA_MoE.py - {'step': '285000', 'lr': '0.0002', 'total_loss': '0.024557', 'main_loss': '0.024557', 'time_per_step': '2.17773'}
2025-11-07 11:06:38,041 - train_greyscale_FA_MoE.py - {'step': '285100', 'lr': '0.0002', 'total_loss': '0.0249185', 'main_loss': '0.0249185', 'time_per_step': '2.1982'}
2025-11-07 11:10:27,600 - train_greyscale_FA_MoE.py - {'step': '285200', 'lr': '0.0002', 'total_loss': '0.0277164', 'main_loss': '0.0277164', 'time_per_step': '2.23899'}
2025-11-07 11:14:19,218 - train_greyscale_FA_MoE.py - {'step': '285300', 'lr': '0.0002', 'total_loss': '0.0265198', 'main_loss': '0.0265198', 'time_per_step': '2.20448'}
2025-11-07 11:18:10,414 - train_greyscale_FA_MoE.py - {'step': '285400', 'lr': '0.0002', 'total_loss': '0.0272358', 'main_loss': '0.0272358', 'time_per_step': '2.18014'}
2025-11-07 11:22:01,801 - train_greyscale_FA_MoE.py - {'step': '285500', 'lr': '0.0002', 'total_loss': '0.0307122', 'main_loss': '0.0307122', 'time_per_step': '2.16092'}
2025-11-07 11:25:54,170 - train_greyscale_FA_MoE.py - {'step': '285600', 'lr': '0.0002', 'total_loss': '0.0309679', 'main_loss': '0.0309679', 'time_per_step': '2.17045'}
2025-11-07 11:29:45,861 - train_greyscale_FA_MoE.py - {'step': '285700', 'lr': '0.0002', 'total_loss': '0.0262916', 'main_loss': '0.0262916', 'time_per_step': '2.22417'}
2025-11-07 11:33:38,524 - train_greyscale_FA_MoE.py - {'step': '285800', 'lr': '0.0002', 'total_loss': '0.0266414', 'main_loss': '0.0266414', 'time_per_step': '2.23569'}
2025-11-07 11:37:29,559 - train_greyscale_FA_MoE.py - {'step': '285900', 'lr': '0.0002', 'total_loss': '0.0228789', 'main_loss': '0.0228789', 'time_per_step': '2.19433'}
2025-11-07 11:41:19,012 - train_greyscale_FA_MoE.py - {'step': '286000', 'lr': '0.0002', 'total_loss': '0.0252199', 'main_loss': '0.0252199', 'time_per_step': '2.10566'}
2025-11-07 11:45:09,984 - train_greyscale_FA_MoE.py - {'step': '286100', 'lr': '0.0002', 'total_loss': '0.0242765', 'main_loss': '0.0242765', 'time_per_step': '2.22225'}
2025-11-07 11:49:02,588 - train_greyscale_FA_MoE.py - {'step': '286200', 'lr': '0.0002', 'total_loss': '0.0282468', 'main_loss': '0.0282468', 'time_per_step': '2.20693'}
2025-11-07 11:52:55,103 - train_greyscale_FA_MoE.py - {'step': '286300', 'lr': '0.0002', 'total_loss': '0.0268714', 'main_loss': '0.0268714', 'time_per_step': '2.21981'}
2025-11-07 11:56:46,013 - train_greyscale_FA_MoE.py - {'step': '286400', 'lr': '0.0002', 'total_loss': '0.0271625', 'main_loss': '0.0271625', 'time_per_step': '2.21581'}
2025-11-07 12:00:38,443 - train_greyscale_FA_MoE.py - {'step': '286500', 'lr': '0.0002', 'total_loss': '0.027109', 'main_loss': '0.027109', 'time_per_step': '2.22158'}
2025-11-07 12:04:29,156 - train_greyscale_FA_MoE.py - {'step': '286600', 'lr': '0.0002', 'total_loss': '0.0320907', 'main_loss': '0.0320907', 'time_per_step': '2.392'}
2025-11-07 12:08:22,090 - train_greyscale_FA_MoE.py - {'step': '286700', 'lr': '0.0002', 'total_loss': '0.0227673', 'main_loss': '0.0227673', 'time_per_step': '2.18573'}
2025-11-07 12:12:13,191 - train_greyscale_FA_MoE.py - {'step': '286800', 'lr': '0.0002', 'total_loss': '0.0235557', 'main_loss': '0.0235557', 'time_per_step': '2.21495'}
2025-11-07 12:16:07,106 - train_greyscale_FA_MoE.py - {'step': '286900', 'lr': '0.0002', 'total_loss': '0.0250187', 'main_loss': '0.0250187', 'time_per_step': '2.19246'}
2025-11-07 12:19:57,947 - train_greyscale_FA_MoE.py - {'step': '287000', 'lr': '0.0002', 'total_loss': '0.0266706', 'main_loss': '0.0266706', 'time_per_step': '2.39208'}
2025-11-07 12:23:48,661 - train_greyscale_FA_MoE.py - {'step': '287100', 'lr': '0.0002', 'total_loss': '0.0311916', 'main_loss': '0.0311916', 'time_per_step': '2.10897'}
2025-11-07 12:27:37,348 - train_greyscale_FA_MoE.py - {'step': '287200', 'lr': '0.0002', 'total_loss': '0.0292036', 'main_loss': '0.0292036', 'time_per_step': '2.09418'}
2025-11-07 12:31:31,100 - train_greyscale_FA_MoE.py - {'step': '287300', 'lr': '0.0002', 'total_loss': '0.0289424', 'main_loss': '0.0289424', 'time_per_step': '2.21465'}
2025-11-07 12:35:21,829 - train_greyscale_FA_MoE.py - {'step': '287400', 'lr': '0.0002', 'total_loss': '0.0248396', 'main_loss': '0.0248396', 'time_per_step': '2.25'}
2025-11-07 12:39:12,259 - train_greyscale_FA_MoE.py - {'step': '287500', 'lr': '0.0002', 'total_loss': '0.0267405', 'main_loss': '0.0267405', 'time_per_step': '2.17042'}
2025-11-07 12:43:00,941 - train_greyscale_FA_MoE.py - {'step': '287600', 'lr': '0.0002', 'total_loss': '0.0309952', 'main_loss': '0.0309952', 'time_per_step': '2.20753'}
2025-11-07 12:46:55,338 - train_greyscale_FA_MoE.py - {'step': '287700', 'lr': '0.0002', 'total_loss': '0.0287799', 'main_loss': '0.0287799', 'time_per_step': '2.18726'}
2025-11-07 12:50:46,277 - train_greyscale_FA_MoE.py - {'step': '287800', 'lr': '0.0002', 'total_loss': '0.0275628', 'main_loss': '0.0275628', 'time_per_step': '2.22693'}
2025-11-07 12:54:39,516 - train_greyscale_FA_MoE.py - {'step': '287900', 'lr': '0.0002', 'total_loss': '0.0224952', 'main_loss': '0.0224952', 'time_per_step': '2.20282'}
2025-11-07 12:58:31,083 - train_greyscale_FA_MoE.py - {'step': '288000', 'lr': '0.0002', 'total_loss': '0.0243681', 'main_loss': '0.0243681', 'time_per_step': '2.19646'}
2025-11-07 13:02:21,269 - train_greyscale_FA_MoE.py - {'step': '288100', 'lr': '0.0002', 'total_loss': '0.0276981', 'main_loss': '0.0276981', 'time_per_step': '2.24215'}
2025-11-07 13:06:12,132 - train_greyscale_FA_MoE.py - {'step': '288200', 'lr': '0.0002', 'total_loss': '0.028869', 'main_loss': '0.028869', 'time_per_step': '2.22624'}
2025-11-07 13:10:04,155 - train_greyscale_FA_MoE.py - {'step': '288300', 'lr': '0.0002', 'total_loss': '0.0283798', 'main_loss': '0.0283798', 'time_per_step': '2.08888'}
2025-11-07 13:13:54,375 - train_greyscale_FA_MoE.py - {'step': '288400', 'lr': '0.0002', 'total_loss': '0.0283606', 'main_loss': '0.0283606', 'time_per_step': '2.09288'}
2025-11-07 13:17:46,467 - train_greyscale_FA_MoE.py - {'step': '288500', 'lr': '0.0002', 'total_loss': '0.0267214', 'main_loss': '0.0267214', 'time_per_step': '2.21911'}
2025-11-07 13:21:41,165 - train_greyscale_FA_MoE.py - {'step': '288600', 'lr': '0.0002', 'total_loss': '0.0209933', 'main_loss': '0.0209933', 'time_per_step': '2.2135'}
2025-11-07 13:25:34,685 - train_greyscale_FA_MoE.py - {'step': '288700', 'lr': '0.0002', 'total_loss': '0.0269723', 'main_loss': '0.0269723', 'time_per_step': '2.19032'}
2025-11-07 13:29:30,367 - train_greyscale_FA_MoE.py - {'step': '288800', 'lr': '0.0002', 'total_loss': '0.0269056', 'main_loss': '0.0269056', 'time_per_step': '2.24933'}
2025-11-07 13:33:20,877 - train_greyscale_FA_MoE.py - {'step': '288900', 'lr': '0.0002', 'total_loss': '0.0297866', 'main_loss': '0.0297866', 'time_per_step': '2.2224'}
2025-11-07 13:37:12,915 - train_greyscale_FA_MoE.py - {'step': '289000', 'lr': '0.0002', 'total_loss': '0.0176797', 'main_loss': '0.0176797', 'time_per_step': '2.2451'}
2025-11-07 13:41:05,650 - train_greyscale_FA_MoE.py - {'step': '289100', 'lr': '0.0002', 'total_loss': '0.0215663', 'main_loss': '0.0215663', 'time_per_step': '2.65828'}
2025-11-07 13:44:56,527 - train_greyscale_FA_MoE.py - {'step': '289200', 'lr': '0.0002', 'total_loss': '0.0271429', 'main_loss': '0.0271429', 'time_per_step': '2.20975'}
2025-11-07 13:48:48,093 - train_greyscale_FA_MoE.py - {'step': '289300', 'lr': '0.0002', 'total_loss': '0.0222508', 'main_loss': '0.0222508', 'time_per_step': '2.17032'}
2025-11-07 13:52:40,995 - train_greyscale_FA_MoE.py - {'step': '289400', 'lr': '0.0002', 'total_loss': '0.0287121', 'main_loss': '0.0287121', 'time_per_step': '2.2182'}
2025-11-07 13:56:31,129 - train_greyscale_FA_MoE.py - {'step': '289500', 'lr': '0.0002', 'total_loss': '0.0296474', 'main_loss': '0.0296474', 'time_per_step': '2.10723'}
2025-11-07 14:00:22,226 - train_greyscale_FA_MoE.py - {'step': '289600', 'lr': '0.0002', 'total_loss': '0.025447', 'main_loss': '0.025447', 'time_per_step': '2.10793'}
2025-11-07 14:04:13,366 - train_greyscale_FA_MoE.py - {'step': '289700', 'lr': '0.0002', 'total_loss': '0.0250384', 'main_loss': '0.0250384', 'time_per_step': '2.21686'}
2025-11-07 14:08:05,877 - train_greyscale_FA_MoE.py - {'step': '289800', 'lr': '0.0002', 'total_loss': '0.0296173', 'main_loss': '0.0296173', 'time_per_step': '2.20867'}
2025-11-07 14:11:57,836 - train_greyscale_FA_MoE.py - {'step': '289900', 'lr': '0.0002', 'total_loss': '0.0262813', 'main_loss': '0.0262813', 'time_per_step': '2.29821'}
2025-11-07 14:15:48,741 - train_greyscale_FA_MoE.py - {'step': '290000', 'lr': '0.0002', 'total_loss': '0.0205549', 'main_loss': '0.0205549', 'time_per_step': '2.2272'}
2025-11-07 14:19:42,172 - train_greyscale_FA_MoE.py - {'step': '290100', 'lr': '0.0002', 'total_loss': '0.0283872', 'main_loss': '0.0283872', 'time_per_step': '2.22087'}
2025-11-07 14:23:29,525 - train_greyscale_FA_MoE.py - {'step': '290200', 'lr': '0.0002', 'total_loss': '0.0285558', 'main_loss': '0.0285558', 'time_per_step': '2.1707'}
2025-11-07 14:27:23,483 - train_greyscale_FA_MoE.py - {'step': '290300', 'lr': '0.0002', 'total_loss': '0.0204881', 'main_loss': '0.0204881', 'time_per_step': '2.18775'}
2025-11-07 14:31:11,887 - train_greyscale_FA_MoE.py - {'step': '290400', 'lr': '0.0002', 'total_loss': '0.0247008', 'main_loss': '0.0247008', 'time_per_step': '2.21548'}
2025-11-07 14:35:07,961 - train_greyscale_FA_MoE.py - {'step': '290500', 'lr': '0.0002', 'total_loss': '0.0277409', 'main_loss': '0.0277409', 'time_per_step': '2.2049'}
2025-11-07 14:38:57,529 - train_greyscale_FA_MoE.py - {'step': '290600', 'lr': '0.0002', 'total_loss': '0.0316459', 'main_loss': '0.0316459', 'time_per_step': '2.30081'}
2025-11-07 14:42:49,894 - train_greyscale_FA_MoE.py - {'step': '290700', 'lr': '0.0002', 'total_loss': '0.0295151', 'main_loss': '0.0295151', 'time_per_step': '2.11196'}
2025-11-07 14:46:39,321 - train_greyscale_FA_MoE.py - {'step': '290800', 'lr': '0.0002', 'total_loss': '0.0324455', 'main_loss': '0.0324455', 'time_per_step': '2.09344'}
2025-11-07 14:50:34,071 - train_greyscale_FA_MoE.py - {'step': '290900', 'lr': '0.0002', 'total_loss': '0.0308172', 'main_loss': '0.0308172', 'time_per_step': '2.22348'}
2025-11-07 14:54:23,295 - train_greyscale_FA_MoE.py - {'step': '291000', 'lr': '0.0002', 'total_loss': '0.0255538', 'main_loss': '0.0255538', 'time_per_step': '2.5362'}
2025-11-07 14:58:15,172 - train_greyscale_FA_MoE.py - {'step': '291100', 'lr': '0.0002', 'total_loss': '0.0238163', 'main_loss': '0.0238163', 'time_per_step': '2.21367'}
2025-11-07 15:02:07,321 - train_greyscale_FA_MoE.py - {'step': '291200', 'lr': '0.0002', 'total_loss': '0.0274532', 'main_loss': '0.0274532', 'time_per_step': '2.68554'}
2025-11-07 15:05:58,339 - train_greyscale_FA_MoE.py - {'step': '291300', 'lr': '0.0002', 'total_loss': '0.0241688', 'main_loss': '0.0241688', 'time_per_step': '2.26451'}
2025-11-07 15:09:50,344 - train_greyscale_FA_MoE.py - {'step': '291400', 'lr': '0.0002', 'total_loss': '0.0252741', 'main_loss': '0.0252741', 'time_per_step': '2.21636'}
2025-11-07 15:13:42,212 - train_greyscale_FA_MoE.py - {'step': '291500', 'lr': '0.0002', 'total_loss': '0.0258345', 'main_loss': '0.0258345', 'time_per_step': '2.23848'}
2025-11-07 15:17:33,244 - train_greyscale_FA_MoE.py - {'step': '291600', 'lr': '0.0002', 'total_loss': '0.0210849', 'main_loss': '0.0210849', 'time_per_step': '2.30107'}
2025-11-07 15:21:26,543 - train_greyscale_FA_MoE.py - {'step': '291700', 'lr': '0.0002', 'total_loss': '0.0258961', 'main_loss': '0.0258961', 'time_per_step': '2.25405'}
2025-11-07 15:25:16,243 - train_greyscale_FA_MoE.py - {'step': '291800', 'lr': '0.0002', 'total_loss': '0.0211756', 'main_loss': '0.0211756', 'time_per_step': '2.25482'}
2025-11-07 15:29:08,034 - train_greyscale_FA_MoE.py - {'step': '291900', 'lr': '0.0002', 'total_loss': '0.0333613', 'main_loss': '0.0333613', 'time_per_step': '2.10882'}
2025-11-07 15:32:57,275 - train_greyscale_FA_MoE.py - {'step': '292000', 'lr': '0.0002', 'total_loss': '0.0247068', 'main_loss': '0.0247068', 'time_per_step': '2.15864'}
2025-11-07 15:36:49,081 - train_greyscale_FA_MoE.py - {'step': '292100', 'lr': '0.0002', 'total_loss': '0.0220656', 'main_loss': '0.0220656', 'time_per_step': '2.16221'}
2025-11-07 15:40:40,364 - train_greyscale_FA_MoE.py - {'step': '292200', 'lr': '0.0002', 'total_loss': '0.0310992', 'main_loss': '0.0310992', 'time_per_step': '2.22574'}
2025-11-07 15:44:34,437 - train_greyscale_FA_MoE.py - {'step': '292300', 'lr': '0.0002', 'total_loss': '0.0197588', 'main_loss': '0.0197588', 'time_per_step': '2.18099'}
2025-11-07 15:48:25,548 - train_greyscale_FA_MoE.py - {'step': '292400', 'lr': '0.0002', 'total_loss': '0.027707', 'main_loss': '0.027707', 'time_per_step': '2.19428'}
2025-11-07 15:52:20,160 - train_greyscale_FA_MoE.py - {'step': '292500', 'lr': '0.0002', 'total_loss': '0.0235013', 'main_loss': '0.0235013', 'time_per_step': '2.22526'}
2025-11-07 15:56:11,581 - train_greyscale_FA_MoE.py - {'step': '292600', 'lr': '0.0002', 'total_loss': '0.0268756', 'main_loss': '0.0268756', 'time_per_step': '2.22057'}
2025-11-07 16:00:01,396 - train_greyscale_FA_MoE.py - {'step': '292700', 'lr': '0.0002', 'total_loss': '0.0232049', 'main_loss': '0.0232049', 'time_per_step': '2.15819'}
2025-11-07 16:03:54,843 - train_greyscale_FA_MoE.py - {'step': '292800', 'lr': '0.0002', 'total_loss': '0.0258003', 'main_loss': '0.0258003', 'time_per_step': '2.60616'}
2025-11-07 16:07:45,336 - train_greyscale_FA_MoE.py - {'step': '292900', 'lr': '0.0002', 'total_loss': '0.0285494', 'main_loss': '0.0285494', 'time_per_step': '2.22401'}
2025-11-07 16:11:37,287 - train_greyscale_FA_MoE.py - {'step': '293000', 'lr': '0.0002', 'total_loss': '0.0265638', 'main_loss': '0.0265638', 'time_per_step': '2.21409'}
2025-11-07 16:15:27,204 - train_greyscale_FA_MoE.py - {'step': '293100', 'lr': '0.0002', 'total_loss': '0.0294686', 'main_loss': '0.0294686', 'time_per_step': '2.13725'}
2025-11-07 16:19:20,718 - train_greyscale_FA_MoE.py - {'step': '293200', 'lr': '0.0002', 'total_loss': '0.0219736', 'main_loss': '0.0219736', 'time_per_step': '2.09476'}
2025-11-07 16:23:12,771 - train_greyscale_FA_MoE.py - {'step': '293300', 'lr': '0.0002', 'total_loss': '0.0277378', 'main_loss': '0.0277378', 'time_per_step': '2.19901'}
2025-11-07 16:27:01,296 - train_greyscale_FA_MoE.py - {'step': '293400', 'lr': '0.0002', 'total_loss': '0.0204282', 'main_loss': '0.0204282', 'time_per_step': '2.22345'}
2025-11-07 16:30:55,134 - train_greyscale_FA_MoE.py - {'step': '293500', 'lr': '0.0002', 'total_loss': '0.0266076', 'main_loss': '0.0266076', 'time_per_step': '2.22704'}
2025-11-07 16:34:47,116 - train_greyscale_FA_MoE.py - {'step': '293600', 'lr': '0.0002', 'total_loss': '0.0267745', 'main_loss': '0.0267745', 'time_per_step': '2.65636'}
2025-11-07 16:38:39,186 - train_greyscale_FA_MoE.py - {'step': '293700', 'lr': '0.0002', 'total_loss': '0.0197356', 'main_loss': '0.0197356', 'time_per_step': '2.22292'}
2025-11-07 16:42:32,424 - train_greyscale_FA_MoE.py - {'step': '293800', 'lr': '0.0002', 'total_loss': '0.0239452', 'main_loss': '0.0239452', 'time_per_step': '2.297'}
2025-11-07 16:46:21,355 - train_greyscale_FA_MoE.py - {'step': '293900', 'lr': '0.0002', 'total_loss': '0.0290034', 'main_loss': '0.0290034', 'time_per_step': '2.21675'}
2025-11-07 16:50:13,159 - train_greyscale_FA_MoE.py - {'step': '294000', 'lr': '0.0002', 'total_loss': '0.0241091', 'main_loss': '0.0241091', 'time_per_step': '2.21061'}
2025-11-07 16:54:04,511 - train_greyscale_FA_MoE.py - {'step': '294100', 'lr': '0.0002', 'total_loss': '0.0273817', 'main_loss': '0.0273817', 'time_per_step': '2.69495'}
2025-11-07 16:57:55,225 - train_greyscale_FA_MoE.py - {'step': '294200', 'lr': '0.0002', 'total_loss': '0.0283402', 'main_loss': '0.0283402', 'time_per_step': '2.23115'}
2025-11-07 17:01:46,804 - train_greyscale_FA_MoE.py - {'step': '294300', 'lr': '0.0002', 'total_loss': '0.0262235', 'main_loss': '0.0262235', 'time_per_step': '2.08706'}
2025-11-07 17:05:37,197 - train_greyscale_FA_MoE.py - {'step': '294400', 'lr': '0.0002', 'total_loss': '0.0239061', 'main_loss': '0.0239061', 'time_per_step': '2.10493'}
2025-11-07 17:09:28,012 - train_greyscale_FA_MoE.py - {'step': '294500', 'lr': '0.0002', 'total_loss': '0.0243279', 'main_loss': '0.0243279', 'time_per_step': '2.27934'}
2025-11-07 17:13:19,542 - train_greyscale_FA_MoE.py - {'step': '294600', 'lr': '0.0002', 'total_loss': '0.0248562', 'main_loss': '0.0248562', 'time_per_step': '2.20226'}
2025-11-07 17:17:10,946 - train_greyscale_FA_MoE.py - {'step': '294700', 'lr': '0.0002', 'total_loss': '0.0275017', 'main_loss': '0.0275017', 'time_per_step': '2.21852'}
2025-11-07 17:21:02,645 - train_greyscale_FA_MoE.py - {'step': '294800', 'lr': '0.0002', 'total_loss': '0.0278143', 'main_loss': '0.0278143', 'time_per_step': '2.19641'}
2025-11-07 17:24:53,924 - train_greyscale_FA_MoE.py - {'step': '294900', 'lr': '0.0002', 'total_loss': '0.0283099', 'main_loss': '0.0283099', 'time_per_step': '2.38069'}
2025-11-07 17:28:45,311 - train_greyscale_FA_MoE.py - {'step': '295000', 'lr': '0.0002', 'total_loss': '0.0288786', 'main_loss': '0.0288786', 'time_per_step': '2.22418'}
2025-11-07 17:32:35,805 - train_greyscale_FA_MoE.py - {'step': '295100', 'lr': '0.0002', 'total_loss': '0.0215319', 'main_loss': '0.0215319', 'time_per_step': '2.21599'}
2025-11-07 17:36:26,081 - train_greyscale_FA_MoE.py - {'step': '295200', 'lr': '0.0002', 'total_loss': '0.026307', 'main_loss': '0.026307', 'time_per_step': '2.24547'}
2025-11-07 17:40:20,006 - train_greyscale_FA_MoE.py - {'step': '295300', 'lr': '0.0002', 'total_loss': '0.0217504', 'main_loss': '0.0217504', 'time_per_step': '2.65461'}
2025-11-07 17:44:10,164 - train_greyscale_FA_MoE.py - {'step': '295400', 'lr': '0.0002', 'total_loss': '0.0233284', 'main_loss': '0.0233284', 'time_per_step': '2.22159'}
2025-11-07 17:48:02,884 - train_greyscale_FA_MoE.py - {'step': '295500', 'lr': '0.0002', 'total_loss': '0.03061', 'main_loss': '0.03061', 'time_per_step': '2.10789'}
2025-11-07 17:51:56,856 - train_greyscale_FA_MoE.py - {'step': '295600', 'lr': '0.0002', 'total_loss': '0.0287196', 'main_loss': '0.0287196', 'time_per_step': '2.16809'}
2025-11-07 17:55:47,409 - train_greyscale_FA_MoE.py - {'step': '295700', 'lr': '0.0002', 'total_loss': '0.028643', 'main_loss': '0.028643', 'time_per_step': '2.21179'}
2025-11-07 17:59:41,652 - train_greyscale_FA_MoE.py - {'step': '295800', 'lr': '0.0002', 'total_loss': '0.0268202', 'main_loss': '0.0268202', 'time_per_step': '2.1962'}
2025-11-07 18:03:30,620 - train_greyscale_FA_MoE.py - {'step': '295900', 'lr': '0.0002', 'total_loss': '0.027156', 'main_loss': '0.027156', 'time_per_step': '2.54168'}
2025-11-07 18:07:22,913 - train_greyscale_FA_MoE.py - {'step': '296000', 'lr': '0.0002', 'total_loss': '0.0202152', 'main_loss': '0.0202152', 'time_per_step': '2.26199'}
2025-11-07 18:11:12,302 - train_greyscale_FA_MoE.py - {'step': '296100', 'lr': '0.0002', 'total_loss': '0.0268886', 'main_loss': '0.0268886', 'time_per_step': '2.2398'}
2025-11-07 18:15:02,628 - train_greyscale_FA_MoE.py - {'step': '296200', 'lr': '0.0002', 'total_loss': '0.0193603', 'main_loss': '0.0193603', 'time_per_step': '2.21175'}
2025-11-07 18:18:53,530 - train_greyscale_FA_MoE.py - {'step': '296300', 'lr': '0.0002', 'total_loss': '0.0250659', 'main_loss': '0.0250659', 'time_per_step': '2.23507'}
2025-11-07 18:22:43,896 - train_greyscale_FA_MoE.py - {'step': '296400', 'lr': '0.0002', 'total_loss': '0.0214011', 'main_loss': '0.0214011', 'time_per_step': '2.25028'}
2025-11-07 18:26:35,832 - train_greyscale_FA_MoE.py - {'step': '296500', 'lr': '0.0002', 'total_loss': '0.0249237', 'main_loss': '0.0249237', 'time_per_step': '2.22301'}
2025-11-07 18:30:27,457 - train_greyscale_FA_MoE.py - {'step': '296600', 'lr': '0.0002', 'total_loss': '0.0250692', 'main_loss': '0.0250692', 'time_per_step': '2.29381'}
2025-11-07 18:34:18,636 - train_greyscale_FA_MoE.py - {'step': '296700', 'lr': '0.0002', 'total_loss': '0.0232514', 'main_loss': '0.0232514', 'time_per_step': '2.11034'}
2025-11-07 18:38:11,316 - train_greyscale_FA_MoE.py - {'step': '296800', 'lr': '0.0002', 'total_loss': '0.0331263', 'main_loss': '0.0331263', 'time_per_step': '2.08721'}
2025-11-07 18:42:02,346 - train_greyscale_FA_MoE.py - {'step': '296900', 'lr': '0.0002', 'total_loss': '0.0303756', 'main_loss': '0.0303756', 'time_per_step': '2.18833'}
2025-11-07 18:45:52,872 - train_greyscale_FA_MoE.py - {'step': '297000', 'lr': '0.0002', 'total_loss': '0.0247971', 'main_loss': '0.0247971', 'time_per_step': '2.19634'}
2025-11-07 18:49:44,904 - train_greyscale_FA_MoE.py - {'step': '297100', 'lr': '0.0002', 'total_loss': '0.0264468', 'main_loss': '0.0264468', 'time_per_step': '2.22824'}
2025-11-07 18:53:34,502 - train_greyscale_FA_MoE.py - {'step': '297200', 'lr': '0.0002', 'total_loss': '0.0274978', 'main_loss': '0.0274978', 'time_per_step': '2.22908'}
2025-11-07 18:57:27,064 - train_greyscale_FA_MoE.py - {'step': '297300', 'lr': '0.0002', 'total_loss': '0.024234', 'main_loss': '0.024234', 'time_per_step': '2.29572'}
2025-11-07 19:01:19,469 - train_greyscale_FA_MoE.py - {'step': '297400', 'lr': '0.0002', 'total_loss': '0.0246668', 'main_loss': '0.0246668', 'time_per_step': '2.21928'}
2025-11-07 19:05:08,991 - train_greyscale_FA_MoE.py - {'step': '297500', 'lr': '0.0002', 'total_loss': '0.0257526', 'main_loss': '0.0257526', 'time_per_step': '2.23343'}
2025-11-07 19:08:59,458 - train_greyscale_FA_MoE.py - {'step': '297600', 'lr': '0.0002', 'total_loss': '0.0218113', 'main_loss': '0.0218113', 'time_per_step': '2.18375'}
2025-11-07 19:12:49,893 - train_greyscale_FA_MoE.py - {'step': '297700', 'lr': '0.0002', 'total_loss': '0.0271233', 'main_loss': '0.0271233', 'time_per_step': '2.21043'}
2025-11-07 19:16:40,938 - train_greyscale_FA_MoE.py - {'step': '297800', 'lr': '0.0002', 'total_loss': '0.0223529', 'main_loss': '0.0223529', 'time_per_step': '2.22317'}
2025-11-07 19:20:30,478 - train_greyscale_FA_MoE.py - {'step': '297900', 'lr': '0.0002', 'total_loss': '0.0158357', 'main_loss': '0.0158357', 'time_per_step': '2.10817'}
2025-11-07 19:24:21,763 - train_greyscale_FA_MoE.py - {'step': '298000', 'lr': '0.0002', 'total_loss': '0.0299112', 'main_loss': '0.0299112', 'time_per_step': '2.11192'}
2025-11-07 19:28:12,935 - train_greyscale_FA_MoE.py - {'step': '298100', 'lr': '0.0002', 'total_loss': '0.0234593', 'main_loss': '0.0234593', 'time_per_step': '2.35813'}
2025-11-07 19:32:05,949 - train_greyscale_FA_MoE.py - {'step': '298200', 'lr': '0.0002', 'total_loss': '0.0251738', 'main_loss': '0.0251738', 'time_per_step': '2.58921'}
2025-11-07 19:35:56,075 - train_greyscale_FA_MoE.py - {'step': '298300', 'lr': '0.0002', 'total_loss': '0.0318175', 'main_loss': '0.0318175', 'time_per_step': '2.20641'}
2025-11-07 19:39:48,569 - train_greyscale_FA_MoE.py - {'step': '298400', 'lr': '0.0002', 'total_loss': '0.0213144', 'main_loss': '0.0213144', 'time_per_step': '2.25644'}
2025-11-07 19:43:38,179 - train_greyscale_FA_MoE.py - {'step': '298500', 'lr': '0.0002', 'total_loss': '0.0275985', 'main_loss': '0.0275985', 'time_per_step': '2.23474'}
2025-11-07 19:47:29,444 - train_greyscale_FA_MoE.py - {'step': '298600', 'lr': '0.0002', 'total_loss': '0.0197883', 'main_loss': '0.0197883', 'time_per_step': '2.24416'}
2025-11-07 19:51:21,624 - train_greyscale_FA_MoE.py - {'step': '298700', 'lr': '0.0002', 'total_loss': '0.0330542', 'main_loss': '0.0330542', 'time_per_step': '2.19143'}
2025-11-07 19:55:13,243 - train_greyscale_FA_MoE.py - {'step': '298800', 'lr': '0.0002', 'total_loss': '0.0237764', 'main_loss': '0.0237764', 'time_per_step': '2.22738'}
2025-11-07 19:59:02,767 - train_greyscale_FA_MoE.py - {'step': '298900', 'lr': '0.0002', 'total_loss': '0.021747', 'main_loss': '0.021747', 'time_per_step': '2.207'}
2025-11-07 20:02:57,245 - train_greyscale_FA_MoE.py - {'step': '299000', 'lr': '0.0002', 'total_loss': '0.0273908', 'main_loss': '0.0273908', 'time_per_step': '2.23716'}
2025-11-07 20:06:46,855 - train_greyscale_FA_MoE.py - {'step': '299100', 'lr': '0.0002', 'total_loss': '0.0358503', 'main_loss': '0.0358503', 'time_per_step': '2.27571'}
2025-11-07 20:10:38,397 - train_greyscale_FA_MoE.py - {'step': '299200', 'lr': '0.0002', 'total_loss': '0.023603', 'main_loss': '0.023603', 'time_per_step': '2.10526'}
2025-11-07 20:14:28,470 - train_greyscale_FA_MoE.py - {'step': '299300', 'lr': '0.0002', 'total_loss': '0.0281192', 'main_loss': '0.0281192', 'time_per_step': '2.25975'}
2025-11-07 20:18:19,170 - train_greyscale_FA_MoE.py - {'step': '299400', 'lr': '0.0002', 'total_loss': '0.0258173', 'main_loss': '0.0258173', 'time_per_step': '2.31094'}
2025-11-07 20:22:09,795 - train_greyscale_FA_MoE.py - {'step': '299500', 'lr': '0.0002', 'total_loss': '0.0247832', 'main_loss': '0.0247832', 'time_per_step': '2.23736'}
2025-11-07 20:26:00,011 - train_greyscale_FA_MoE.py - {'step': '299600', 'lr': '0.0002', 'total_loss': '0.0254763', 'main_loss': '0.0254763', 'time_per_step': '2.22179'}
2025-11-07 20:29:50,186 - train_greyscale_FA_MoE.py - {'step': '299700', 'lr': '0.0002', 'total_loss': '0.0300054', 'main_loss': '0.0300054', 'time_per_step': '2.21238'}
2025-11-07 20:33:38,796 - train_greyscale_FA_MoE.py - {'step': '299800', 'lr': '0.0002', 'total_loss': '0.0217679', 'main_loss': '0.0217679', 'time_per_step': '2.23096'}
2025-11-07 20:37:28,427 - train_greyscale_FA_MoE.py - {'step': '299900', 'lr': '0.0002', 'total_loss': '0.0299885', 'main_loss': '0.0299885', 'time_per_step': '2.25698'}
2025-11-07 20:41:19,665 - train_greyscale_FA_MoE.py - {'step': '300000', 'lr': '0.0002', 'total_loss': '0.026562', 'main_loss': '0.026562', 'time_per_step': '2.21904'}
2025-11-07 20:41:19,670 - train_greyscale_FA_MoE.py - Saved expert distribution of layer in_block_0 to output/acdc_wholeheart_uncond_fa_ec_moe_greyscale_uvit_mid_4by4_l6r9_minmax/samples/expert_distribution_in_block_0_step300000.npy
2025-11-07 20:41:21,095 - train_greyscale_FA_MoE.py - Saved expert distribution of layer out_block_7 to output/acdc_wholeheart_uncond_fa_ec_moe_greyscale_uvit_mid_4by4_l6r9_minmax/samples/expert_distribution_out_block_7_step300000.npy
2025-11-07 20:41:22,729 - train_greyscale_FA_MoE.py - Save a grid of 16 samples into output/acdc_wholeheart_uncond_fa_ec_moe_greyscale_uvit_mid_4by4_l6r9_minmax/samples/300000.png by DPM-Solver
2025-11-07 20:41:28,310 - train_greyscale_FA_MoE.py - Finished saving sample grid to output/acdc_wholeheart_uncond_fa_ec_moe_greyscale_uvit_mid_4by4_l6r9_minmax/samples/300000.png by DPM-Solver.
2025-11-07 20:41:28,569 - train_greyscale_FA_MoE.py - Save and eval checkpoint 300000...
2025-11-07 20:41:30,839 - train_greyscale_FA_MoE.py - eval_step: n_samples=50000, sample_steps=50, algorithm=dpm_solver, mini_batch_size=500, samples save into output/acdc_wholeheart_uncond_fa_ec_moe_greyscale_uvit_mid_4by4_l6r9_minmax/samples/acdc_wholeheart_uncond_uvit_FA_EC_MoE_greyscale_mid_4by4_300000_dpm
2025-11-07 21:31:06,154 - train_greyscale_FA_MoE.py - step=300000 fid50000=18.901024195895673
2025-11-07 21:35:15,295 - train_greyscale_FA_MoE.py - {'step': '300100', 'lr': '0.0002', 'total_loss': '0.0222682', 'main_loss': '0.0222682', 'time_per_step': '2.21283'}
2025-11-07 21:39:07,119 - train_greyscale_FA_MoE.py - {'step': '300200', 'lr': '0.0002', 'total_loss': '0.0247129', 'main_loss': '0.0247129', 'time_per_step': '2.16068'}
2025-11-07 21:42:57,040 - train_greyscale_FA_MoE.py - {'step': '300300', 'lr': '0.0002', 'total_loss': '0.0241651', 'main_loss': '0.0241651', 'time_per_step': '2.1461'}
2025-11-07 21:46:47,663 - train_greyscale_FA_MoE.py - {'step': '300400', 'lr': '0.0002', 'total_loss': '0.0230506', 'main_loss': '0.0230506', 'time_per_step': '2.08978'}
2025-11-07 21:50:36,557 - train_greyscale_FA_MoE.py - {'step': '300500', 'lr': '0.0002', 'total_loss': '0.0224086', 'main_loss': '0.0224086', 'time_per_step': '2.21007'}
2025-11-07 21:54:26,113 - train_greyscale_FA_MoE.py - {'step': '300600', 'lr': '0.0002', 'total_loss': '0.0267609', 'main_loss': '0.0267609', 'time_per_step': '2.20043'}
2025-11-07 21:58:17,038 - train_greyscale_FA_MoE.py - {'step': '300700', 'lr': '0.0002', 'total_loss': '0.0232798', 'main_loss': '0.0232798', 'time_per_step': '2.20511'}
2025-11-07 22:02:09,475 - train_greyscale_FA_MoE.py - {'step': '300800', 'lr': '0.0002', 'total_loss': '0.0228542', 'main_loss': '0.0228542', 'time_per_step': '2.228'}
2025-11-07 22:05:59,392 - train_greyscale_FA_MoE.py - {'step': '300900', 'lr': '0.0002', 'total_loss': '0.0258984', 'main_loss': '0.0258984', 'time_per_step': '2.22495'}
2025-11-07 22:09:50,507 - train_greyscale_FA_MoE.py - {'step': '301000', 'lr': '0.0002', 'total_loss': '0.0319979', 'main_loss': '0.0319979', 'time_per_step': '2.21439'}
2025-11-07 22:13:44,053 - train_greyscale_FA_MoE.py - {'step': '301100', 'lr': '0.0002', 'total_loss': '0.0327237', 'main_loss': '0.0327237', 'time_per_step': '2.21118'}
2025-11-07 22:17:33,815 - train_greyscale_FA_MoE.py - {'step': '301200', 'lr': '0.0002', 'total_loss': '0.0302276', 'main_loss': '0.0302276', 'time_per_step': '2.24223'}
2025-11-07 22:21:26,706 - train_greyscale_FA_MoE.py - {'step': '301300', 'lr': '0.0002', 'total_loss': '0.0286404', 'main_loss': '0.0286404', 'time_per_step': '2.29691'}
2025-11-07 22:25:16,191 - train_greyscale_FA_MoE.py - {'step': '301400', 'lr': '0.0002', 'total_loss': '0.0326972', 'main_loss': '0.0326972', 'time_per_step': '2.79417'}
2025-11-07 22:29:06,586 - train_greyscale_FA_MoE.py - {'step': '301500', 'lr': '0.0002', 'total_loss': '0.0248699', 'main_loss': '0.0248699', 'time_per_step': '2.0918'}
2025-11-07 22:32:58,132 - train_greyscale_FA_MoE.py - {'step': '301600', 'lr': '0.0002', 'total_loss': '0.0249747', 'main_loss': '0.0249747', 'time_per_step': '2.14327'}
2025-11-07 22:36:47,927 - train_greyscale_FA_MoE.py - {'step': '301700', 'lr': '0.0002', 'total_loss': '0.0258124', 'main_loss': '0.0258124', 'time_per_step': '2.20194'}
2025-11-07 22:40:39,577 - train_greyscale_FA_MoE.py - {'step': '301800', 'lr': '0.0002', 'total_loss': '0.0296586', 'main_loss': '0.0296586', 'time_per_step': '2.21541'}
2025-11-07 22:44:29,680 - train_greyscale_FA_MoE.py - {'step': '301900', 'lr': '0.0002', 'total_loss': '0.0329208', 'main_loss': '0.0329208', 'time_per_step': '2.20942'}
2025-11-07 22:48:20,591 - train_greyscale_FA_MoE.py - {'step': '302000', 'lr': '0.0002', 'total_loss': '0.0277639', 'main_loss': '0.0277639', 'time_per_step': '2.22298'}
2025-11-07 22:52:09,663 - train_greyscale_FA_MoE.py - {'step': '302100', 'lr': '0.0002', 'total_loss': '0.0360061', 'main_loss': '0.0360061', 'time_per_step': '2.51453'}
2025-11-07 22:56:00,872 - train_greyscale_FA_MoE.py - {'step': '302200', 'lr': '0.0002', 'total_loss': '0.0264465', 'main_loss': '0.0264465', 'time_per_step': '2.20451'}
2025-11-07 22:59:51,397 - train_greyscale_FA_MoE.py - {'step': '302300', 'lr': '0.0002', 'total_loss': '0.0289664', 'main_loss': '0.0289664', 'time_per_step': '2.16252'}
2025-11-07 23:03:43,502 - train_greyscale_FA_MoE.py - {'step': '302400', 'lr': '0.0002', 'total_loss': '0.0264794', 'main_loss': '0.0264794', 'time_per_step': '2.15818'}
2025-11-07 23:07:36,132 - train_greyscale_FA_MoE.py - {'step': '302500', 'lr': '0.0002', 'total_loss': '0.0298398', 'main_loss': '0.0298398', 'time_per_step': '2.22421'}
2025-11-07 23:11:24,983 - train_greyscale_FA_MoE.py - {'step': '302600', 'lr': '0.0002', 'total_loss': '0.028255', 'main_loss': '0.028255', 'time_per_step': '2.21407'}
2025-11-07 23:15:16,743 - train_greyscale_FA_MoE.py - {'step': '302700', 'lr': '0.0002', 'total_loss': '0.0227376', 'main_loss': '0.0227376', 'time_per_step': '2.08965'}
2025-11-07 23:19:07,317 - train_greyscale_FA_MoE.py - {'step': '302800', 'lr': '0.0002', 'total_loss': '0.0265561', 'main_loss': '0.0265561', 'time_per_step': '2.09421'}
2025-11-07 23:22:58,026 - train_greyscale_FA_MoE.py - {'step': '302900', 'lr': '0.0002', 'total_loss': '0.0202766', 'main_loss': '0.0202766', 'time_per_step': '2.26759'}
2025-11-07 23:26:49,017 - train_greyscale_FA_MoE.py - {'step': '303000', 'lr': '0.0002', 'total_loss': '0.0192388', 'main_loss': '0.0192388', 'time_per_step': '2.23315'}
2025-11-07 23:30:39,440 - train_greyscale_FA_MoE.py - {'step': '303100', 'lr': '0.0002', 'total_loss': '0.0299292', 'main_loss': '0.0299292', 'time_per_step': '2.2281'}
2025-11-07 23:34:30,225 - train_greyscale_FA_MoE.py - {'step': '303200', 'lr': '0.0002', 'total_loss': '0.0283689', 'main_loss': '0.0283689', 'time_per_step': '2.28064'}
2025-11-07 23:38:22,011 - train_greyscale_FA_MoE.py - {'step': '303300', 'lr': '0.0002', 'total_loss': '0.0306608', 'main_loss': '0.0306608', 'time_per_step': '2.16425'}
2025-11-07 23:42:12,540 - train_greyscale_FA_MoE.py - {'step': '303400', 'lr': '0.0002', 'total_loss': '0.0242186', 'main_loss': '0.0242186', 'time_per_step': '2.22411'}
2025-11-07 23:46:02,647 - train_greyscale_FA_MoE.py - {'step': '303500', 'lr': '0.0002', 'total_loss': '0.0302835', 'main_loss': '0.0302835', 'time_per_step': '2.15576'}
2025-11-07 23:49:54,140 - train_greyscale_FA_MoE.py - {'step': '303600', 'lr': '0.0002', 'total_loss': '0.0233023', 'main_loss': '0.0233023', 'time_per_step': '2.24149'}
2025-11-07 23:53:43,678 - train_greyscale_FA_MoE.py - {'step': '303700', 'lr': '0.0002', 'total_loss': '0.0310876', 'main_loss': '0.0310876', 'time_per_step': '2.15395'}
2025-11-07 23:57:33,983 - train_greyscale_FA_MoE.py - {'step': '303800', 'lr': '0.0002', 'total_loss': '0.0269222', 'main_loss': '0.0269222', 'time_per_step': '2.1814'}
2025-11-08 00:01:23,006 - train_greyscale_FA_MoE.py - {'step': '303900', 'lr': '0.0002', 'total_loss': '0.0257187', 'main_loss': '0.0257187', 'time_per_step': '2.08936'}
2025-11-08 00:05:13,120 - train_greyscale_FA_MoE.py - {'step': '304000', 'lr': '0.0002', 'total_loss': '0.0287126', 'main_loss': '0.0287126', 'time_per_step': '2.09066'}
2025-11-08 00:09:03,468 - train_greyscale_FA_MoE.py - {'step': '304100', 'lr': '0.0002', 'total_loss': '0.0227671', 'main_loss': '0.0227671', 'time_per_step': '2.17849'}
2025-11-08 00:12:55,070 - train_greyscale_FA_MoE.py - {'step': '304200', 'lr': '0.0002', 'total_loss': '0.0345858', 'main_loss': '0.0345858', 'time_per_step': '2.16625'}
2025-11-08 00:16:43,078 - train_greyscale_FA_MoE.py - {'step': '304300', 'lr': '0.0002', 'total_loss': '0.0295803', 'main_loss': '0.0295803', 'time_per_step': '2.2145'}
2025-11-08 00:20:32,948 - train_greyscale_FA_MoE.py - {'step': '304400', 'lr': '0.0002', 'total_loss': '0.0192055', 'main_loss': '0.0192055', 'time_per_step': '2.27087'}
2025-11-08 00:24:26,200 - train_greyscale_FA_MoE.py - {'step': '304500', 'lr': '0.0002', 'total_loss': '0.0270093', 'main_loss': '0.0270093', 'time_per_step': '2.20591'}
2025-11-08 00:28:15,797 - train_greyscale_FA_MoE.py - {'step': '304600', 'lr': '0.0002', 'total_loss': '0.024261', 'main_loss': '0.024261', 'time_per_step': '2.20941'}
2025-11-08 00:32:05,321 - train_greyscale_FA_MoE.py - {'step': '304700', 'lr': '0.0002', 'total_loss': '0.0293181', 'main_loss': '0.0293181', 'time_per_step': '2.33464'}
2025-11-08 00:35:56,695 - train_greyscale_FA_MoE.py - {'step': '304800', 'lr': '0.0002', 'total_loss': '0.0261773', 'main_loss': '0.0261773', 'time_per_step': '2.28737'}
2025-11-08 00:39:46,053 - train_greyscale_FA_MoE.py - {'step': '304900', 'lr': '0.0002', 'total_loss': '0.0277843', 'main_loss': '0.0277843', 'time_per_step': '2.21269'}
2025-11-08 00:43:38,011 - train_greyscale_FA_MoE.py - {'step': '305000', 'lr': '0.0002', 'total_loss': '0.0307334', 'main_loss': '0.0307334', 'time_per_step': '2.23516'}
2025-11-08 00:47:25,473 - train_greyscale_FA_MoE.py - {'step': '305100', 'lr': '0.0002', 'total_loss': '0.0235746', 'main_loss': '0.0235746', 'time_per_step': '2.08608'}
2025-11-08 00:51:14,975 - train_greyscale_FA_MoE.py - {'step': '305200', 'lr': '0.0002', 'total_loss': '0.0240681', 'main_loss': '0.0240681', 'time_per_step': '2.09955'}
2025-11-08 00:55:05,613 - train_greyscale_FA_MoE.py - {'step': '305300', 'lr': '0.0002', 'total_loss': '0.0265349', 'main_loss': '0.0265349', 'time_per_step': '2.2165'}
2025-11-08 00:58:57,797 - train_greyscale_FA_MoE.py - {'step': '305400', 'lr': '0.0002', 'total_loss': '0.0250056', 'main_loss': '0.0250056', 'time_per_step': '2.29317'}
2025-11-08 01:02:46,826 - train_greyscale_FA_MoE.py - {'step': '305500', 'lr': '0.0002', 'total_loss': '0.0303858', 'main_loss': '0.0303858', 'time_per_step': '2.19696'}
2025-11-08 01:06:37,016 - train_greyscale_FA_MoE.py - {'step': '305600', 'lr': '0.0002', 'total_loss': '0.0285713', 'main_loss': '0.0285713', 'time_per_step': '2.18838'}
2025-11-08 01:10:28,122 - train_greyscale_FA_MoE.py - {'step': '305700', 'lr': '0.0002', 'total_loss': '0.0251618', 'main_loss': '0.0251618', 'time_per_step': '2.25549'}
2025-11-08 01:14:19,599 - train_greyscale_FA_MoE.py - {'step': '305800', 'lr': '0.0002', 'total_loss': '0.0256045', 'main_loss': '0.0256045', 'time_per_step': '2.21142'}
2025-11-08 01:18:09,793 - train_greyscale_FA_MoE.py - {'step': '305900', 'lr': '0.0002', 'total_loss': '0.0271501', 'main_loss': '0.0271501', 'time_per_step': '2.16319'}
2025-11-08 01:21:58,770 - train_greyscale_FA_MoE.py - {'step': '306000', 'lr': '0.0002', 'total_loss': '0.0295146', 'main_loss': '0.0295146', 'time_per_step': '2.15315'}
2025-11-08 01:25:51,113 - train_greyscale_FA_MoE.py - {'step': '306100', 'lr': '0.0002', 'total_loss': '0.0200352', 'main_loss': '0.0200352', 'time_per_step': '2.17371'}
2025-11-08 01:29:41,159 - train_greyscale_FA_MoE.py - {'step': '306200', 'lr': '0.0002', 'total_loss': '0.0241948', 'main_loss': '0.0241948', 'time_per_step': '2.21581'}
2025-11-08 01:33:28,977 - train_greyscale_FA_MoE.py - {'step': '306300', 'lr': '0.0002', 'total_loss': '0.0259396', 'main_loss': '0.0259396', 'time_per_step': '2.08504'}
2025-11-08 01:37:21,364 - train_greyscale_FA_MoE.py - {'step': '306400', 'lr': '0.0002', 'total_loss': '0.0223125', 'main_loss': '0.0223125', 'time_per_step': '2.09022'}
2025-11-08 01:41:11,225 - train_greyscale_FA_MoE.py - {'step': '306500', 'lr': '0.0002', 'total_loss': '0.0278041', 'main_loss': '0.0278041', 'time_per_step': '2.1817'}
2025-11-08 01:45:00,932 - train_greyscale_FA_MoE.py - {'step': '306600', 'lr': '0.0002', 'total_loss': '0.0222012', 'main_loss': '0.0222012', 'time_per_step': '2.16583'}
2025-11-08 01:48:50,921 - train_greyscale_FA_MoE.py - {'step': '306700', 'lr': '0.0002', 'total_loss': '0.0245581', 'main_loss': '0.0245581', 'time_per_step': '2.20516'}
2025-11-08 01:52:38,821 - train_greyscale_FA_MoE.py - {'step': '306800', 'lr': '0.0002', 'total_loss': '0.0298804', 'main_loss': '0.0298804', 'time_per_step': '2.21879'}
2025-11-08 01:56:29,417 - train_greyscale_FA_MoE.py - {'step': '306900', 'lr': '0.0002', 'total_loss': '0.0302888', 'main_loss': '0.0302888', 'time_per_step': '2.22399'}
2025-11-08 02:00:21,187 - train_greyscale_FA_MoE.py - {'step': '307000', 'lr': '0.0002', 'total_loss': '0.0258955', 'main_loss': '0.0258955', 'time_per_step': '2.21806'}
2025-11-08 02:04:12,106 - train_greyscale_FA_MoE.py - {'step': '307100', 'lr': '0.0002', 'total_loss': '0.02939', 'main_loss': '0.02939', 'time_per_step': '2.19182'}
2025-11-08 02:08:00,681 - train_greyscale_FA_MoE.py - {'step': '307200', 'lr': '0.0002', 'total_loss': '0.0296959', 'main_loss': '0.0296959', 'time_per_step': '2.18969'}
2025-11-08 02:11:52,488 - train_greyscale_FA_MoE.py - {'step': '307300', 'lr': '0.0002', 'total_loss': '0.0239548', 'main_loss': '0.0239548', 'time_per_step': '2.22573'}
2025-11-08 02:15:42,981 - train_greyscale_FA_MoE.py - {'step': '307400', 'lr': '0.0002', 'total_loss': '0.0294299', 'main_loss': '0.0294299', 'time_per_step': '2.20546'}
2025-11-08 02:19:32,868 - train_greyscale_FA_MoE.py - {'step': '307500', 'lr': '0.0002', 'total_loss': '0.0234363', 'main_loss': '0.0234363', 'time_per_step': '2.21758'}
2025-11-08 02:23:20,289 - train_greyscale_FA_MoE.py - {'step': '307600', 'lr': '0.0002', 'total_loss': '0.0246702', 'main_loss': '0.0246702', 'time_per_step': '2.08826'}
2025-11-08 02:27:14,612 - train_greyscale_FA_MoE.py - {'step': '307700', 'lr': '0.0002', 'total_loss': '0.0315269', 'main_loss': '0.0315269', 'time_per_step': '2.2115'}
2025-11-08 02:31:02,986 - train_greyscale_FA_MoE.py - {'step': '307800', 'lr': '0.0002', 'total_loss': '0.0298202', 'main_loss': '0.0298202', 'time_per_step': '2.17265'}
2025-11-08 02:34:54,996 - train_greyscale_FA_MoE.py - {'step': '307900', 'lr': '0.0002', 'total_loss': '0.0268557', 'main_loss': '0.0268557', 'time_per_step': '2.23178'}
2025-11-08 02:38:44,543 - train_greyscale_FA_MoE.py - {'step': '308000', 'lr': '0.0002', 'total_loss': '0.0273526', 'main_loss': '0.0273526', 'time_per_step': '2.25325'}
2025-11-08 02:42:35,717 - train_greyscale_FA_MoE.py - {'step': '308100', 'lr': '0.0002', 'total_loss': '0.0259102', 'main_loss': '0.0259102', 'time_per_step': '2.21684'}
2025-11-08 02:46:26,188 - train_greyscale_FA_MoE.py - {'step': '308200', 'lr': '0.0002', 'total_loss': '0.0269215', 'main_loss': '0.0269215', 'time_per_step': '2.22245'}
2025-11-08 02:50:17,470 - train_greyscale_FA_MoE.py - {'step': '308300', 'lr': '0.0002', 'total_loss': '0.0277146', 'main_loss': '0.0277146', 'time_per_step': '2.21179'}
2025-11-08 02:54:07,446 - train_greyscale_FA_MoE.py - {'step': '308400', 'lr': '0.0002', 'total_loss': '0.0278988', 'main_loss': '0.0278988', 'time_per_step': '2.15945'}
2025-11-08 02:57:56,820 - train_greyscale_FA_MoE.py - {'step': '308500', 'lr': '0.0002', 'total_loss': '0.0296603', 'main_loss': '0.0296603', 'time_per_step': '2.27442'}
2025-11-08 03:01:48,980 - train_greyscale_FA_MoE.py - {'step': '308600', 'lr': '0.0002', 'total_loss': '0.0274051', 'main_loss': '0.0274051', 'time_per_step': '2.24102'}
2025-11-08 03:05:40,466 - train_greyscale_FA_MoE.py - {'step': '308700', 'lr': '0.0002', 'total_loss': '0.0268405', 'main_loss': '0.0268405', 'time_per_step': '2.0887'}
2025-11-08 03:09:27,973 - train_greyscale_FA_MoE.py - {'step': '308800', 'lr': '0.0002', 'total_loss': '0.0251287', 'main_loss': '0.0251287', 'time_per_step': '2.13991'}
2025-11-08 03:13:21,392 - train_greyscale_FA_MoE.py - {'step': '308900', 'lr': '0.0002', 'total_loss': '0.0277046', 'main_loss': '0.0277046', 'time_per_step': '2.22397'}
2025-11-08 03:17:09,724 - train_greyscale_FA_MoE.py - {'step': '309000', 'lr': '0.0002', 'total_loss': '0.0257757', 'main_loss': '0.0257757', 'time_per_step': '2.2288'}
2025-11-08 03:21:02,974 - train_greyscale_FA_MoE.py - {'step': '309100', 'lr': '0.0002', 'total_loss': '0.0243685', 'main_loss': '0.0243685', 'time_per_step': '2.20986'}
2025-11-08 03:24:53,475 - train_greyscale_FA_MoE.py - {'step': '309200', 'lr': '0.0002', 'total_loss': '0.0251598', 'main_loss': '0.0251598', 'time_per_step': '2.23347'}
2025-11-08 03:28:43,092 - train_greyscale_FA_MoE.py - {'step': '309300', 'lr': '0.0002', 'total_loss': '0.0302305', 'main_loss': '0.0302305', 'time_per_step': '2.1988'}
2025-11-08 03:32:35,361 - train_greyscale_FA_MoE.py - {'step': '309400', 'lr': '0.0002', 'total_loss': '0.0257587', 'main_loss': '0.0257587', 'time_per_step': '2.20736'}
2025-11-08 03:36:23,875 - train_greyscale_FA_MoE.py - {'step': '309500', 'lr': '0.0002', 'total_loss': '0.027709', 'main_loss': '0.027709', 'time_per_step': '2.227'}
2025-11-08 03:40:14,112 - train_greyscale_FA_MoE.py - {'step': '309600', 'lr': '0.0002', 'total_loss': '0.0309272', 'main_loss': '0.0309272', 'time_per_step': '2.22362'}
2025-11-08 03:44:02,953 - train_greyscale_FA_MoE.py - {'step': '309700', 'lr': '0.0002', 'total_loss': '0.0245685', 'main_loss': '0.0245685', 'time_per_step': '2.2161'}
2025-11-08 03:47:55,229 - train_greyscale_FA_MoE.py - {'step': '309800', 'lr': '0.0002', 'total_loss': '0.0267073', 'main_loss': '0.0267073', 'time_per_step': '2.54164'}
2025-11-08 03:51:42,802 - train_greyscale_FA_MoE.py - {'step': '309900', 'lr': '0.0002', 'total_loss': '0.0262423', 'main_loss': '0.0262423', 'time_per_step': '2.29049'}
2025-11-08 03:55:32,955 - train_greyscale_FA_MoE.py - {'step': '310000', 'lr': '0.0002', 'total_loss': '0.0329705', 'main_loss': '0.0329705', 'time_per_step': '2.21508'}
2025-11-08 03:59:23,696 - train_greyscale_FA_MoE.py - {'step': '310100', 'lr': '0.0002', 'total_loss': '0.0249306', 'main_loss': '0.0249306', 'time_per_step': '2.19358'}
2025-11-08 04:03:15,446 - train_greyscale_FA_MoE.py - {'step': '310200', 'lr': '0.0002', 'total_loss': '0.0282311', 'main_loss': '0.0282311', 'time_per_step': '2.22675'}
2025-11-08 04:07:07,377 - train_greyscale_FA_MoE.py - {'step': '310300', 'lr': '0.0002', 'total_loss': '0.0259586', 'main_loss': '0.0259586', 'time_per_step': '2.23527'}
2025-11-08 04:10:57,714 - train_greyscale_FA_MoE.py - {'step': '310400', 'lr': '0.0002', 'total_loss': '0.024396', 'main_loss': '0.024396', 'time_per_step': '2.26882'}
2025-11-08 04:14:47,228 - train_greyscale_FA_MoE.py - {'step': '310500', 'lr': '0.0002', 'total_loss': '0.0204392', 'main_loss': '0.0204392', 'time_per_step': '2.22544'}
2025-11-08 04:18:38,909 - train_greyscale_FA_MoE.py - {'step': '310600', 'lr': '0.0002', 'total_loss': '0.0346299', 'main_loss': '0.0346299', 'time_per_step': '2.24676'}
2025-11-08 04:22:27,789 - train_greyscale_FA_MoE.py - {'step': '310700', 'lr': '0.0002', 'total_loss': '0.0226253', 'main_loss': '0.0226253', 'time_per_step': '2.63128'}
2025-11-08 04:26:20,861 - train_greyscale_FA_MoE.py - {'step': '310800', 'lr': '0.0002', 'total_loss': '0.0281036', 'main_loss': '0.0281036', 'time_per_step': '2.21771'}
2025-11-08 04:30:11,443 - train_greyscale_FA_MoE.py - {'step': '310900', 'lr': '0.0002', 'total_loss': '0.0211251', 'main_loss': '0.0211251', 'time_per_step': '2.20641'}
2025-11-08 04:34:00,694 - train_greyscale_FA_MoE.py - {'step': '311000', 'lr': '0.0002', 'total_loss': '0.026565', 'main_loss': '0.026565', 'time_per_step': '2.21117'}
2025-11-08 04:37:51,690 - train_greyscale_FA_MoE.py - {'step': '311100', 'lr': '0.0002', 'total_loss': '0.019497', 'main_loss': '0.019497', 'time_per_step': '2.09569'}
2025-11-08 04:41:40,380 - train_greyscale_FA_MoE.py - {'step': '311200', 'lr': '0.0002', 'total_loss': '0.0235524', 'main_loss': '0.0235524', 'time_per_step': '2.10981'}
2025-11-08 04:45:32,220 - train_greyscale_FA_MoE.py - {'step': '311300', 'lr': '0.0002', 'total_loss': '0.0294166', 'main_loss': '0.0294166', 'time_per_step': '2.25198'}
2025-11-08 04:49:22,174 - train_greyscale_FA_MoE.py - {'step': '311400', 'lr': '0.0002', 'total_loss': '0.0257933', 'main_loss': '0.0257933', 'time_per_step': '2.21'}
2025-11-08 04:53:13,793 - train_greyscale_FA_MoE.py - {'step': '311500', 'lr': '0.0002', 'total_loss': '0.0187433', 'main_loss': '0.0187433', 'time_per_step': '2.21732'}
2025-11-08 04:57:04,301 - train_greyscale_FA_MoE.py - {'step': '311600', 'lr': '0.0002', 'total_loss': '0.0285055', 'main_loss': '0.0285055', 'time_per_step': '2.61568'}
2025-11-08 05:00:53,329 - train_greyscale_FA_MoE.py - {'step': '311700', 'lr': '0.0002', 'total_loss': '0.025999', 'main_loss': '0.025999', 'time_per_step': '2.19833'}
2025-11-08 05:04:45,384 - train_greyscale_FA_MoE.py - {'step': '311800', 'lr': '0.0002', 'total_loss': '0.0293904', 'main_loss': '0.0293904', 'time_per_step': '2.21978'}
2025-11-08 05:08:36,705 - train_greyscale_FA_MoE.py - {'step': '311900', 'lr': '0.0002', 'total_loss': '0.0245199', 'main_loss': '0.0245199', 'time_per_step': '2.21454'}
2025-11-08 05:12:23,995 - train_greyscale_FA_MoE.py - {'step': '312000', 'lr': '0.0002', 'total_loss': '0.022834', 'main_loss': '0.022834', 'time_per_step': '2.215'}
2025-11-08 05:16:15,764 - train_greyscale_FA_MoE.py - {'step': '312100', 'lr': '0.0002', 'total_loss': '0.0249627', 'main_loss': '0.0249627', 'time_per_step': '2.22823'}
2025-11-08 05:20:05,633 - train_greyscale_FA_MoE.py - {'step': '312200', 'lr': '0.0002', 'total_loss': '0.0240179', 'main_loss': '0.0240179', 'time_per_step': '2.21315'}
2025-11-08 05:23:56,113 - train_greyscale_FA_MoE.py - {'step': '312300', 'lr': '0.0002', 'total_loss': '0.0283667', 'main_loss': '0.0283667', 'time_per_step': '2.0833'}
2025-11-08 05:27:44,933 - train_greyscale_FA_MoE.py - {'step': '312400', 'lr': '0.0002', 'total_loss': '0.0239912', 'main_loss': '0.0239912', 'time_per_step': '2.1148'}
2025-11-08 05:31:33,555 - train_greyscale_FA_MoE.py - {'step': '312500', 'lr': '0.0002', 'total_loss': '0.0273573', 'main_loss': '0.0273573', 'time_per_step': '2.25474'}
2025-11-08 05:35:25,443 - train_greyscale_FA_MoE.py - {'step': '312600', 'lr': '0.0002', 'total_loss': '0.0272557', 'main_loss': '0.0272557', 'time_per_step': '2.20785'}
2025-11-08 05:39:16,634 - train_greyscale_FA_MoE.py - {'step': '312700', 'lr': '0.0002', 'total_loss': '0.0303379', 'main_loss': '0.0303379', 'time_per_step': '2.17212'}
2025-11-08 05:43:05,228 - train_greyscale_FA_MoE.py - {'step': '312800', 'lr': '0.0002', 'total_loss': '0.0288419', 'main_loss': '0.0288419', 'time_per_step': '2.18356'}
2025-11-08 05:46:55,343 - train_greyscale_FA_MoE.py - {'step': '312900', 'lr': '0.0002', 'total_loss': '0.028305', 'main_loss': '0.028305', 'time_per_step': '2.22273'}
2025-11-08 05:50:46,408 - train_greyscale_FA_MoE.py - {'step': '313000', 'lr': '0.0002', 'total_loss': '0.0236866', 'main_loss': '0.0236866', 'time_per_step': '2.22044'}
2025-11-08 05:54:35,694 - train_greyscale_FA_MoE.py - {'step': '313100', 'lr': '0.0002', 'total_loss': '0.0288551', 'main_loss': '0.0288551', 'time_per_step': '2.20574'}
2025-11-08 05:58:27,252 - train_greyscale_FA_MoE.py - {'step': '313200', 'lr': '0.0002', 'total_loss': '0.0349827', 'main_loss': '0.0349827', 'time_per_step': '2.25183'}
2025-11-08 06:02:15,609 - train_greyscale_FA_MoE.py - {'step': '313300', 'lr': '0.0002', 'total_loss': '0.0269564', 'main_loss': '0.0269564', 'time_per_step': '2.25965'}
2025-11-08 06:06:07,616 - train_greyscale_FA_MoE.py - {'step': '313400', 'lr': '0.0002', 'total_loss': '0.0313511', 'main_loss': '0.0313511', 'time_per_step': '2.22667'}
2025-11-08 06:09:57,637 - train_greyscale_FA_MoE.py - {'step': '313500', 'lr': '0.0002', 'total_loss': '0.0237602', 'main_loss': '0.0237602', 'time_per_step': '2.18597'}
2025-11-08 06:13:49,716 - train_greyscale_FA_MoE.py - {'step': '313600', 'lr': '0.0002', 'total_loss': '0.0235677', 'main_loss': '0.0235677', 'time_per_step': '2.08327'}
2025-11-08 06:17:41,185 - train_greyscale_FA_MoE.py - {'step': '313700', 'lr': '0.0002', 'total_loss': '0.0249424', 'main_loss': '0.0249424', 'time_per_step': '2.78275'}
2025-11-08 06:21:29,864 - train_greyscale_FA_MoE.py - {'step': '313800', 'lr': '0.0002', 'total_loss': '0.0259748', 'main_loss': '0.0259748', 'time_per_step': '2.2337'}
2025-11-08 06:25:21,766 - train_greyscale_FA_MoE.py - {'step': '313900', 'lr': '0.0002', 'total_loss': '0.0300355', 'main_loss': '0.0300355', 'time_per_step': '2.20692'}
2025-11-08 06:29:13,542 - train_greyscale_FA_MoE.py - {'step': '314000', 'lr': '0.0002', 'total_loss': '0.0287065', 'main_loss': '0.0287065', 'time_per_step': '2.19794'}
2025-11-08 06:33:04,007 - train_greyscale_FA_MoE.py - {'step': '314100', 'lr': '0.0002', 'total_loss': '0.025948', 'main_loss': '0.025948', 'time_per_step': '2.32612'}
2025-11-08 06:36:53,947 - train_greyscale_FA_MoE.py - {'step': '314200', 'lr': '0.0002', 'total_loss': '0.0272249', 'main_loss': '0.0272249', 'time_per_step': '2.19717'}
2025-11-08 06:40:46,065 - train_greyscale_FA_MoE.py - {'step': '314300', 'lr': '0.0002', 'total_loss': '0.0239837', 'main_loss': '0.0239837', 'time_per_step': '2.21019'}
2025-11-08 06:44:35,320 - train_greyscale_FA_MoE.py - {'step': '314400', 'lr': '0.0002', 'total_loss': '0.0282386', 'main_loss': '0.0282386', 'time_per_step': '2.22504'}
2025-11-08 06:48:26,274 - train_greyscale_FA_MoE.py - {'step': '314500', 'lr': '0.0002', 'total_loss': '0.0250845', 'main_loss': '0.0250845', 'time_per_step': '2.24283'}
2025-11-08 06:52:15,132 - train_greyscale_FA_MoE.py - {'step': '314600', 'lr': '0.0002', 'total_loss': '0.0263473', 'main_loss': '0.0263473', 'time_per_step': '2.19998'}
2025-11-08 06:56:05,505 - train_greyscale_FA_MoE.py - {'step': '314700', 'lr': '0.0002', 'total_loss': '0.0264446', 'main_loss': '0.0264446', 'time_per_step': '2.08681'}
2025-11-08 06:59:56,066 - train_greyscale_FA_MoE.py - {'step': '314800', 'lr': '0.0002', 'total_loss': '0.0274563', 'main_loss': '0.0274563', 'time_per_step': '2.10203'}
2025-11-08 07:03:46,658 - train_greyscale_FA_MoE.py - {'step': '314900', 'lr': '0.0002', 'total_loss': '0.025647', 'main_loss': '0.025647', 'time_per_step': '2.209'}
2025-11-08 07:07:36,829 - train_greyscale_FA_MoE.py - {'step': '315000', 'lr': '0.0002', 'total_loss': '0.0244444', 'main_loss': '0.0244444', 'time_per_step': '2.16913'}
2025-11-08 07:11:27,382 - train_greyscale_FA_MoE.py - {'step': '315100', 'lr': '0.0002', 'total_loss': '0.0315112', 'main_loss': '0.0315112', 'time_per_step': '2.67053'}
2025-11-08 07:15:20,071 - train_greyscale_FA_MoE.py - {'step': '315200', 'lr': '0.0002', 'total_loss': '0.0274349', 'main_loss': '0.0274349', 'time_per_step': '2.24484'}
2025-11-08 07:19:11,926 - train_greyscale_FA_MoE.py - {'step': '315300', 'lr': '0.0002', 'total_loss': '0.0279894', 'main_loss': '0.0279894', 'time_per_step': '2.22062'}
2025-11-08 07:23:00,697 - train_greyscale_FA_MoE.py - {'step': '315400', 'lr': '0.0002', 'total_loss': '0.0252559', 'main_loss': '0.0252559', 'time_per_step': '2.17739'}
2025-11-08 07:26:53,278 - train_greyscale_FA_MoE.py - {'step': '315500', 'lr': '0.0002', 'total_loss': '0.0317098', 'main_loss': '0.0317098', 'time_per_step': '2.22045'}
2025-11-08 07:30:44,566 - train_greyscale_FA_MoE.py - {'step': '315600', 'lr': '0.0002', 'total_loss': '0.023007', 'main_loss': '0.023007', 'time_per_step': '2.25976'}
2025-11-08 07:34:36,481 - train_greyscale_FA_MoE.py - {'step': '315700', 'lr': '0.0002', 'total_loss': '0.0230256', 'main_loss': '0.0230256', 'time_per_step': '2.23372'}
2025-11-08 07:38:26,686 - train_greyscale_FA_MoE.py - {'step': '315800', 'lr': '0.0002', 'total_loss': '0.0233267', 'main_loss': '0.0233267', 'time_per_step': '2.29225'}
2025-11-08 07:42:18,064 - train_greyscale_FA_MoE.py - {'step': '315900', 'lr': '0.0002', 'total_loss': '0.0237435', 'main_loss': '0.0237435', 'time_per_step': '2.08714'}
2025-11-08 07:46:06,087 - train_greyscale_FA_MoE.py - {'step': '316000', 'lr': '0.0002', 'total_loss': '0.0258204', 'main_loss': '0.0258204', 'time_per_step': '2.09001'}
2025-11-08 07:49:58,629 - train_greyscale_FA_MoE.py - {'step': '316100', 'lr': '0.0002', 'total_loss': '0.0304245', 'main_loss': '0.0304245', 'time_per_step': '2.26783'}
2025-11-08 07:53:46,059 - train_greyscale_FA_MoE.py - {'step': '316200', 'lr': '0.0002', 'total_loss': '0.0265519', 'main_loss': '0.0265519', 'time_per_step': '2.22942'}
2025-11-08 07:57:37,492 - train_greyscale_FA_MoE.py - {'step': '316300', 'lr': '0.0002', 'total_loss': '0.0253773', 'main_loss': '0.0253773', 'time_per_step': '2.22192'}
2025-11-08 08:01:30,158 - train_greyscale_FA_MoE.py - {'step': '316400', 'lr': '0.0002', 'total_loss': '0.0260246', 'main_loss': '0.0260246', 'time_per_step': '2.21869'}
2025-11-08 08:05:18,859 - train_greyscale_FA_MoE.py - {'step': '316500', 'lr': '0.0002', 'total_loss': '0.027029', 'main_loss': '0.027029', 'time_per_step': '2.18909'}
2025-11-08 08:09:11,553 - train_greyscale_FA_MoE.py - {'step': '316600', 'lr': '0.0002', 'total_loss': '0.0257303', 'main_loss': '0.0257303', 'time_per_step': '2.21339'}
2025-11-08 08:13:01,606 - train_greyscale_FA_MoE.py - {'step': '316700', 'lr': '0.0002', 'total_loss': '0.0267801', 'main_loss': '0.0267801', 'time_per_step': '2.18054'}
2025-11-08 08:16:51,152 - train_greyscale_FA_MoE.py - {'step': '316800', 'lr': '0.0002', 'total_loss': '0.0268424', 'main_loss': '0.0268424', 'time_per_step': '2.22021'}
2025-11-08 08:20:44,172 - train_greyscale_FA_MoE.py - {'step': '316900', 'lr': '0.0002', 'total_loss': '0.0303175', 'main_loss': '0.0303175', 'time_per_step': '2.21492'}
2025-11-08 08:24:34,973 - train_greyscale_FA_MoE.py - {'step': '317000', 'lr': '0.0002', 'total_loss': '0.0315778', 'main_loss': '0.0315778', 'time_per_step': '2.15897'}
2025-11-08 08:28:25,163 - train_greyscale_FA_MoE.py - {'step': '317100', 'lr': '0.0002', 'total_loss': '0.0244612', 'main_loss': '0.0244612', 'time_per_step': '2.09154'}
2025-11-08 08:32:13,937 - train_greyscale_FA_MoE.py - {'step': '317200', 'lr': '0.0002', 'total_loss': '0.0282759', 'main_loss': '0.0282759', 'time_per_step': '2.11085'}
2025-11-08 08:36:06,153 - train_greyscale_FA_MoE.py - {'step': '317300', 'lr': '0.0002', 'total_loss': '0.0221332', 'main_loss': '0.0221332', 'time_per_step': '2.22455'}
2025-11-08 08:39:57,045 - train_greyscale_FA_MoE.py - {'step': '317400', 'lr': '0.0002', 'total_loss': '0.0274296', 'main_loss': '0.0274296', 'time_per_step': '2.26834'}
2025-11-08 08:43:44,640 - train_greyscale_FA_MoE.py - {'step': '317500', 'lr': '0.0002', 'total_loss': '0.0272555', 'main_loss': '0.0272555', 'time_per_step': '2.21456'}
2025-11-08 08:47:37,508 - train_greyscale_FA_MoE.py - {'step': '317600', 'lr': '0.0002', 'total_loss': '0.0302172', 'main_loss': '0.0302172', 'time_per_step': '2.21669'}
2025-11-08 08:51:25,137 - train_greyscale_FA_MoE.py - {'step': '317700', 'lr': '0.0002', 'total_loss': '0.0295492', 'main_loss': '0.0295492', 'time_per_step': '2.21174'}
2025-11-08 08:55:17,019 - train_greyscale_FA_MoE.py - {'step': '317800', 'lr': '0.0002', 'total_loss': '0.0263424', 'main_loss': '0.0263424', 'time_per_step': '2.19149'}
2025-11-08 08:59:05,829 - train_greyscale_FA_MoE.py - {'step': '317900', 'lr': '0.0002', 'total_loss': '0.0299913', 'main_loss': '0.0299913', 'time_per_step': '2.17849'}
2025-11-08 09:02:56,937 - train_greyscale_FA_MoE.py - {'step': '318000', 'lr': '0.0002', 'total_loss': '0.0284262', 'main_loss': '0.0284262', 'time_per_step': '2.25885'}
2025-11-08 09:06:49,206 - train_greyscale_FA_MoE.py - {'step': '318100', 'lr': '0.0002', 'total_loss': '0.0254133', 'main_loss': '0.0254133', 'time_per_step': '2.21774'}
2025-11-08 09:10:40,745 - train_greyscale_FA_MoE.py - {'step': '318200', 'lr': '0.0002', 'total_loss': '0.022724', 'main_loss': '0.022724', 'time_per_step': '2.22904'}
2025-11-08 09:14:30,600 - train_greyscale_FA_MoE.py - {'step': '318300', 'lr': '0.0002', 'total_loss': '0.0334187', 'main_loss': '0.0334187', 'time_per_step': '2.08983'}
2025-11-08 09:18:22,209 - train_greyscale_FA_MoE.py - {'step': '318400', 'lr': '0.0002', 'total_loss': '0.031435', 'main_loss': '0.031435', 'time_per_step': '2.1007'}
2025-11-08 09:22:11,358 - train_greyscale_FA_MoE.py - {'step': '318500', 'lr': '0.0002', 'total_loss': '0.0301746', 'main_loss': '0.0301746', 'time_per_step': '2.21334'}
2025-11-08 09:26:02,694 - train_greyscale_FA_MoE.py - {'step': '318600', 'lr': '0.0002', 'total_loss': '0.0267818', 'main_loss': '0.0267818', 'time_per_step': '2.21597'}
2025-11-08 09:29:51,475 - train_greyscale_FA_MoE.py - {'step': '318700', 'lr': '0.0002', 'total_loss': '0.0238589', 'main_loss': '0.0238589', 'time_per_step': '2.22203'}
2025-11-08 09:33:40,184 - train_greyscale_FA_MoE.py - {'step': '318800', 'lr': '0.0002', 'total_loss': '0.0285851', 'main_loss': '0.0285851', 'time_per_step': '2.23427'}
2025-11-08 09:37:30,775 - train_greyscale_FA_MoE.py - {'step': '318900', 'lr': '0.0002', 'total_loss': '0.0234015', 'main_loss': '0.0234015', 'time_per_step': '2.24128'}
2025-11-08 09:41:23,976 - train_greyscale_FA_MoE.py - {'step': '319000', 'lr': '0.0002', 'total_loss': '0.0212279', 'main_loss': '0.0212279', 'time_per_step': '2.15593'}
2025-11-08 09:45:12,689 - train_greyscale_FA_MoE.py - {'step': '319100', 'lr': '0.0002', 'total_loss': '0.02157', 'main_loss': '0.02157', 'time_per_step': '2.23483'}
2025-11-08 09:49:03,616 - train_greyscale_FA_MoE.py - {'step': '319200', 'lr': '0.0002', 'total_loss': '0.024313', 'main_loss': '0.024313', 'time_per_step': '2.21158'}
2025-11-08 09:52:56,154 - train_greyscale_FA_MoE.py - {'step': '319300', 'lr': '0.0002', 'total_loss': '0.0236935', 'main_loss': '0.0236935', 'time_per_step': '2.17429'}
2025-11-08 09:56:46,230 - train_greyscale_FA_MoE.py - {'step': '319400', 'lr': '0.0002', 'total_loss': '0.0211334', 'main_loss': '0.0211334', 'time_per_step': '2.22186'}
2025-11-08 10:00:37,217 - train_greyscale_FA_MoE.py - {'step': '319500', 'lr': '0.0002', 'total_loss': '0.030552', 'main_loss': '0.030552', 'time_per_step': '2.10052'}
2025-11-08 10:04:25,599 - train_greyscale_FA_MoE.py - {'step': '319600', 'lr': '0.0002', 'total_loss': '0.0285693', 'main_loss': '0.0285693', 'time_per_step': '2.08578'}
2025-11-08 10:08:17,207 - train_greyscale_FA_MoE.py - {'step': '319700', 'lr': '0.0002', 'total_loss': '0.0270411', 'main_loss': '0.0270411', 'time_per_step': '2.2199'}
2025-11-08 10:12:06,220 - train_greyscale_FA_MoE.py - {'step': '319800', 'lr': '0.0002', 'total_loss': '0.0274417', 'main_loss': '0.0274417', 'time_per_step': '2.221'}
2025-11-08 10:15:58,334 - train_greyscale_FA_MoE.py - {'step': '319900', 'lr': '0.0002', 'total_loss': '0.0281319', 'main_loss': '0.0281319', 'time_per_step': '2.25721'}
2025-11-08 10:19:51,864 - train_greyscale_FA_MoE.py - {'step': '320000', 'lr': '0.0002', 'total_loss': '0.0267725', 'main_loss': '0.0267725', 'time_per_step': '2.20258'}
2025-11-08 10:23:39,909 - train_greyscale_FA_MoE.py - {'step': '320100', 'lr': '0.0002', 'total_loss': '0.0220035', 'main_loss': '0.0220035', 'time_per_step': '2.21864'}
2025-11-08 10:27:31,143 - train_greyscale_FA_MoE.py - {'step': '320200', 'lr': '0.0002', 'total_loss': '0.0236807', 'main_loss': '0.0236807', 'time_per_step': '2.20354'}
2025-11-08 10:31:19,971 - train_greyscale_FA_MoE.py - {'step': '320300', 'lr': '0.0002', 'total_loss': '0.0284365', 'main_loss': '0.0284365', 'time_per_step': '2.18618'}
2025-11-08 10:35:11,332 - train_greyscale_FA_MoE.py - {'step': '320400', 'lr': '0.0002', 'total_loss': '0.0305752', 'main_loss': '0.0305752', 'time_per_step': '2.17545'}
2025-11-08 10:39:02,162 - train_greyscale_FA_MoE.py - {'step': '320500', 'lr': '0.0002', 'total_loss': '0.0210641', 'main_loss': '0.0210641', 'time_per_step': '2.19551'}
2025-11-08 10:42:51,992 - train_greyscale_FA_MoE.py - {'step': '320600', 'lr': '0.0002', 'total_loss': '0.027135', 'main_loss': '0.027135', 'time_per_step': '2.20734'}
2025-11-08 10:46:44,381 - train_greyscale_FA_MoE.py - {'step': '320700', 'lr': '0.0002', 'total_loss': '0.0269313', 'main_loss': '0.0269313', 'time_per_step': '2.10381'}
2025-11-08 10:50:34,770 - train_greyscale_FA_MoE.py - {'step': '320800', 'lr': '0.0002', 'total_loss': '0.0218557', 'main_loss': '0.0218557', 'time_per_step': '2.09097'}
2025-11-08 10:54:25,426 - train_greyscale_FA_MoE.py - {'step': '320900', 'lr': '0.0002', 'total_loss': '0.0289916', 'main_loss': '0.0289916', 'time_per_step': '2.19033'}
2025-11-08 10:58:18,268 - train_greyscale_FA_MoE.py - {'step': '321000', 'lr': '0.0002', 'total_loss': '0.024101', 'main_loss': '0.024101', 'time_per_step': '2.20745'}
2025-11-08 11:02:07,605 - train_greyscale_FA_MoE.py - {'step': '321100', 'lr': '0.0002', 'total_loss': '0.0305403', 'main_loss': '0.0305403', 'time_per_step': '2.25029'}
2025-11-08 11:05:57,649 - train_greyscale_FA_MoE.py - {'step': '321200', 'lr': '0.0002', 'total_loss': '0.0252638', 'main_loss': '0.0252638', 'time_per_step': '2.3042'}
2025-11-08 11:09:48,412 - train_greyscale_FA_MoE.py - {'step': '321300', 'lr': '0.0002', 'total_loss': '0.0281391', 'main_loss': '0.0281391', 'time_per_step': '2.22498'}
2025-11-08 11:13:39,742 - train_greyscale_FA_MoE.py - {'step': '321400', 'lr': '0.0002', 'total_loss': '0.022273', 'main_loss': '0.022273', 'time_per_step': '2.21699'}
2025-11-08 11:17:28,674 - train_greyscale_FA_MoE.py - {'step': '321500', 'lr': '0.0002', 'total_loss': '0.0278296', 'main_loss': '0.0278296', 'time_per_step': '2.27758'}
2025-11-08 11:21:21,585 - train_greyscale_FA_MoE.py - {'step': '321600', 'lr': '0.0002', 'total_loss': '0.0255615', 'main_loss': '0.0255615', 'time_per_step': '2.21669'}
2025-11-08 11:25:12,213 - train_greyscale_FA_MoE.py - {'step': '321700', 'lr': '0.0002', 'total_loss': '0.0294867', 'main_loss': '0.0294867', 'time_per_step': '2.17677'}
2025-11-08 11:29:01,948 - train_greyscale_FA_MoE.py - {'step': '321800', 'lr': '0.0002', 'total_loss': '0.0273428', 'main_loss': '0.0273428', 'time_per_step': '2.18298'}
2025-11-08 11:32:54,741 - train_greyscale_FA_MoE.py - {'step': '321900', 'lr': '0.0002', 'total_loss': '0.0239079', 'main_loss': '0.0239079', 'time_per_step': '2.11106'}
2025-11-08 11:36:43,861 - train_greyscale_FA_MoE.py - {'step': '322000', 'lr': '0.0002', 'total_loss': '0.0266873', 'main_loss': '0.0266873', 'time_per_step': '2.431'}
2025-11-08 11:40:32,777 - train_greyscale_FA_MoE.py - {'step': '322100', 'lr': '0.0002', 'total_loss': '0.0291846', 'main_loss': '0.0291846', 'time_per_step': '2.37475'}
2025-11-08 11:44:22,878 - train_greyscale_FA_MoE.py - {'step': '322200', 'lr': '0.0002', 'total_loss': '0.0322114', 'main_loss': '0.0322114', 'time_per_step': '2.21182'}
2025-11-08 11:48:15,256 - train_greyscale_FA_MoE.py - {'step': '322300', 'lr': '0.0002', 'total_loss': '0.025946', 'main_loss': '0.025946', 'time_per_step': '2.61568'}
2025-11-08 11:52:05,687 - train_greyscale_FA_MoE.py - {'step': '322400', 'lr': '0.0002', 'total_loss': '0.02828', 'main_loss': '0.02828', 'time_per_step': '2.54398'}
2025-11-08 11:55:54,738 - train_greyscale_FA_MoE.py - {'step': '322500', 'lr': '0.0002', 'total_loss': '0.0230448', 'main_loss': '0.0230448', 'time_per_step': '2.22183'}
2025-11-08 11:59:47,284 - train_greyscale_FA_MoE.py - {'step': '322600', 'lr': '0.0002', 'total_loss': '0.0248416', 'main_loss': '0.0248416', 'time_per_step': '2.22041'}
2025-11-08 12:03:37,259 - train_greyscale_FA_MoE.py - {'step': '322700', 'lr': '0.0002', 'total_loss': '0.0208581', 'main_loss': '0.0208581', 'time_per_step': '2.21377'}
2025-11-08 12:07:27,071 - train_greyscale_FA_MoE.py - {'step': '322800', 'lr': '0.0002', 'total_loss': '0.0236535', 'main_loss': '0.0236535', 'time_per_step': '2.27469'}
2025-11-08 12:11:15,016 - train_greyscale_FA_MoE.py - {'step': '322900', 'lr': '0.0002', 'total_loss': '0.0254005', 'main_loss': '0.0254005', 'time_per_step': '2.21525'}
2025-11-08 12:15:06,011 - train_greyscale_FA_MoE.py - {'step': '323000', 'lr': '0.0002', 'total_loss': '0.0329105', 'main_loss': '0.0329105', 'time_per_step': '2.20499'}
2025-11-08 12:18:56,528 - train_greyscale_FA_MoE.py - {'step': '323100', 'lr': '0.0002', 'total_loss': '0.0240733', 'main_loss': '0.0240733', 'time_per_step': '2.10353'}
2025-11-08 12:22:48,075 - train_greyscale_FA_MoE.py - {'step': '323200', 'lr': '0.0002', 'total_loss': '0.0296411', 'main_loss': '0.0296411', 'time_per_step': '2.0872'}
2025-11-08 12:26:37,869 - train_greyscale_FA_MoE.py - {'step': '323300', 'lr': '0.0002', 'total_loss': '0.0273933', 'main_loss': '0.0273933', 'time_per_step': '2.18371'}
2025-11-08 12:30:28,601 - train_greyscale_FA_MoE.py - {'step': '323400', 'lr': '0.0002', 'total_loss': '0.0334026', 'main_loss': '0.0334026', 'time_per_step': '2.25013'}
2025-11-08 12:34:18,525 - train_greyscale_FA_MoE.py - {'step': '323500', 'lr': '0.0002', 'total_loss': '0.0300755', 'main_loss': '0.0300755', 'time_per_step': '2.15369'}
2025-11-08 12:38:10,981 - train_greyscale_FA_MoE.py - {'step': '323600', 'lr': '0.0002', 'total_loss': '0.0287052', 'main_loss': '0.0287052', 'time_per_step': '2.22221'}
2025-11-08 12:42:00,841 - train_greyscale_FA_MoE.py - {'step': '323700', 'lr': '0.0002', 'total_loss': '0.0212454', 'main_loss': '0.0212454', 'time_per_step': '2.219'}
2025-11-08 12:45:48,767 - train_greyscale_FA_MoE.py - {'step': '323800', 'lr': '0.0002', 'total_loss': '0.0224131', 'main_loss': '0.0224131', 'time_per_step': '2.18023'}
2025-11-08 12:49:39,108 - train_greyscale_FA_MoE.py - {'step': '323900', 'lr': '0.0002', 'total_loss': '0.0279218', 'main_loss': '0.0279218', 'time_per_step': '2.24305'}
2025-11-08 12:53:30,558 - train_greyscale_FA_MoE.py - {'step': '324000', 'lr': '0.0002', 'total_loss': '0.0325149', 'main_loss': '0.0325149', 'time_per_step': '2.21143'}
2025-11-08 12:57:18,924 - train_greyscale_FA_MoE.py - {'step': '324100', 'lr': '0.0002', 'total_loss': '0.0291597', 'main_loss': '0.0291597', 'time_per_step': '2.22467'}
2025-11-08 13:01:11,104 - train_greyscale_FA_MoE.py - {'step': '324200', 'lr': '0.0002', 'total_loss': '0.0236721', 'main_loss': '0.0236721', 'time_per_step': '2.20819'}
2025-11-08 13:05:01,454 - train_greyscale_FA_MoE.py - {'step': '324300', 'lr': '0.0002', 'total_loss': '0.0231639', 'main_loss': '0.0231639', 'time_per_step': '2.08861'}
2025-11-08 13:08:52,684 - train_greyscale_FA_MoE.py - {'step': '324400', 'lr': '0.0002', 'total_loss': '0.0253818', 'main_loss': '0.0253818', 'time_per_step': '2.08455'}
2025-11-08 13:12:41,805 - train_greyscale_FA_MoE.py - {'step': '324500', 'lr': '0.0002', 'total_loss': '0.0265627', 'main_loss': '0.0265627', 'time_per_step': '2.20925'}
2025-11-08 13:16:34,063 - train_greyscale_FA_MoE.py - {'step': '324600', 'lr': '0.0002', 'total_loss': '0.0241954', 'main_loss': '0.0241954', 'time_per_step': '2.2088'}
2025-11-08 13:20:24,504 - train_greyscale_FA_MoE.py - {'step': '324700', 'lr': '0.0002', 'total_loss': '0.0227535', 'main_loss': '0.0227535', 'time_per_step': '2.17134'}
2025-11-08 13:24:15,399 - train_greyscale_FA_MoE.py - {'step': '324800', 'lr': '0.0002', 'total_loss': '0.0340433', 'main_loss': '0.0340433', 'time_per_step': '2.1989'}
2025-11-08 13:28:06,644 - train_greyscale_FA_MoE.py - {'step': '324900', 'lr': '0.0002', 'total_loss': '0.0281355', 'main_loss': '0.0281355', 'time_per_step': '2.20715'}
2025-11-08 13:31:55,672 - train_greyscale_FA_MoE.py - {'step': '325000', 'lr': '0.0002', 'total_loss': '0.0257633', 'main_loss': '0.0257633', 'time_per_step': '2.1829'}
2025-11-08 13:31:55,707 - train_greyscale_FA_MoE.py - Saved expert distribution of layer in_block_0 to output/acdc_wholeheart_uncond_fa_ec_moe_greyscale_uvit_mid_4by4_l6r9_minmax/samples/expert_distribution_in_block_0_step325000.npy
2025-11-08 13:31:57,122 - train_greyscale_FA_MoE.py - Saved expert distribution of layer out_block_7 to output/acdc_wholeheart_uncond_fa_ec_moe_greyscale_uvit_mid_4by4_l6r9_minmax/samples/expert_distribution_out_block_7_step325000.npy
2025-11-08 13:31:58,553 - train_greyscale_FA_MoE.py - Save a grid of 16 samples into output/acdc_wholeheart_uncond_fa_ec_moe_greyscale_uvit_mid_4by4_l6r9_minmax/samples/325000.png by DPM-Solver
2025-11-08 13:32:04,060 - train_greyscale_FA_MoE.py - Finished saving sample grid to output/acdc_wholeheart_uncond_fa_ec_moe_greyscale_uvit_mid_4by4_l6r9_minmax/samples/325000.png by DPM-Solver.
2025-11-08 13:32:04,113 - train_greyscale_FA_MoE.py - Save and eval checkpoint 325000...
2025-11-08 13:32:06,473 - train_greyscale_FA_MoE.py - eval_step: n_samples=50000, sample_steps=50, algorithm=dpm_solver, mini_batch_size=500, samples save into output/acdc_wholeheart_uncond_fa_ec_moe_greyscale_uvit_mid_4by4_l6r9_minmax/samples/acdc_wholeheart_uncond_uvit_FA_EC_MoE_greyscale_mid_4by4_325000_dpm
2025-11-08 14:21:52,393 - train_greyscale_FA_MoE.py - step=325000 fid50000=18.18204722254501
2025-11-08 14:26:18,514 - train_greyscale_FA_MoE.py - {'step': '325100', 'lr': '0.0002', 'total_loss': '0.0263568', 'main_loss': '0.0263568', 'time_per_step': '2.20449'}
2025-11-08 14:30:09,656 - train_greyscale_FA_MoE.py - {'step': '325200', 'lr': '0.0002', 'total_loss': '0.0262049', 'main_loss': '0.0262049', 'time_per_step': '2.21714'}
2025-11-08 14:34:00,589 - train_greyscale_FA_MoE.py - {'step': '325300', 'lr': '0.0002', 'total_loss': '0.0238394', 'main_loss': '0.0238394', 'time_per_step': '2.22343'}
2025-11-08 14:37:51,381 - train_greyscale_FA_MoE.py - {'step': '325400', 'lr': '0.0002', 'total_loss': '0.0257528', 'main_loss': '0.0257528', 'time_per_step': '2.17556'}
2025-11-08 14:41:42,206 - train_greyscale_FA_MoE.py - {'step': '325500', 'lr': '0.0002', 'total_loss': '0.0281992', 'main_loss': '0.0281992', 'time_per_step': '2.08877'}
2025-11-08 14:45:31,981 - train_greyscale_FA_MoE.py - {'step': '325600', 'lr': '0.0002', 'total_loss': '0.0299249', 'main_loss': '0.0299249', 'time_per_step': '2.14159'}
2025-11-08 14:49:24,959 - train_greyscale_FA_MoE.py - {'step': '325700', 'lr': '0.0002', 'total_loss': '0.0226444', 'main_loss': '0.0226444', 'time_per_step': '2.17811'}
2025-11-08 14:53:14,662 - train_greyscale_FA_MoE.py - {'step': '325800', 'lr': '0.0002', 'total_loss': '0.0188176', 'main_loss': '0.0188176', 'time_per_step': '2.20559'}
2025-11-08 14:57:06,113 - train_greyscale_FA_MoE.py - {'step': '325900', 'lr': '0.0002', 'total_loss': '0.0290304', 'main_loss': '0.0290304', 'time_per_step': '2.15496'}
2025-11-08 15:00:54,667 - train_greyscale_FA_MoE.py - {'step': '326000', 'lr': '0.0002', 'total_loss': '0.0315986', 'main_loss': '0.0315986', 'time_per_step': '2.21547'}
2025-11-08 15:04:46,502 - train_greyscale_FA_MoE.py - {'step': '326100', 'lr': '0.0002', 'total_loss': '0.0286017', 'main_loss': '0.0286017', 'time_per_step': '2.22713'}
2025-11-08 15:08:37,013 - train_greyscale_FA_MoE.py - {'step': '326200', 'lr': '0.0002', 'total_loss': '0.0323818', 'main_loss': '0.0323818', 'time_per_step': '2.23232'}
2025-11-08 15:12:27,284 - train_greyscale_FA_MoE.py - {'step': '326300', 'lr': '0.0002', 'total_loss': '0.0307077', 'main_loss': '0.0307077', 'time_per_step': '2.92784'}
2025-11-08 15:16:18,868 - train_greyscale_FA_MoE.py - {'step': '326400', 'lr': '0.0002', 'total_loss': '0.0240415', 'main_loss': '0.0240415', 'time_per_step': '2.30891'}
2025-11-08 15:20:14,243 - train_greyscale_FA_MoE.py - {'step': '326500', 'lr': '0.0002', 'total_loss': '0.0289394', 'main_loss': '0.0289394', 'time_per_step': '2.2207'}
2025-11-08 15:24:02,771 - train_greyscale_FA_MoE.py - {'step': '326600', 'lr': '0.0002', 'total_loss': '0.0244067', 'main_loss': '0.0244067', 'time_per_step': '2.21466'}
2025-11-08 15:27:53,211 - train_greyscale_FA_MoE.py - {'step': '326700', 'lr': '0.0002', 'total_loss': '0.0310273', 'main_loss': '0.0310273', 'time_per_step': '2.09793'}
2025-11-08 15:31:39,777 - train_greyscale_FA_MoE.py - {'step': '326800', 'lr': '0.0002', 'total_loss': '0.0272379', 'main_loss': '0.0272379', 'time_per_step': '2.08466'}
2025-11-08 15:35:30,187 - train_greyscale_FA_MoE.py - {'step': '326900', 'lr': '0.0002', 'total_loss': '0.0225167', 'main_loss': '0.0225167', 'time_per_step': '2.1807'}
2025-11-08 15:39:18,253 - train_greyscale_FA_MoE.py - {'step': '327000', 'lr': '0.0002', 'total_loss': '0.0278186', 'main_loss': '0.0278186', 'time_per_step': '2.17802'}
2025-11-08 15:43:09,718 - train_greyscale_FA_MoE.py - {'step': '327100', 'lr': '0.0002', 'total_loss': '0.0215434', 'main_loss': '0.0215434', 'time_per_step': '2.19009'}
2025-11-08 15:47:00,748 - train_greyscale_FA_MoE.py - {'step': '327200', 'lr': '0.0002', 'total_loss': '0.0263877', 'main_loss': '0.0263877', 'time_per_step': '2.18391'}
2025-11-08 15:50:50,242 - train_greyscale_FA_MoE.py - {'step': '327300', 'lr': '0.0002', 'total_loss': '0.0254287', 'main_loss': '0.0254287', 'time_per_step': '2.20763'}
2025-11-08 15:54:41,993 - train_greyscale_FA_MoE.py - {'step': '327400', 'lr': '0.0002', 'total_loss': '0.0282539', 'main_loss': '0.0282539', 'time_per_step': '2.22776'}
2025-11-08 15:58:32,679 - train_greyscale_FA_MoE.py - {'step': '327500', 'lr': '0.0002', 'total_loss': '0.0261125', 'main_loss': '0.0261125', 'time_per_step': '2.36998'}
2025-11-08 16:02:22,387 - train_greyscale_FA_MoE.py - {'step': '327600', 'lr': '0.0002', 'total_loss': '0.0272849', 'main_loss': '0.0272849', 'time_per_step': '2.19992'}
2025-11-08 16:06:11,239 - train_greyscale_FA_MoE.py - {'step': '327700', 'lr': '0.0002', 'total_loss': '0.0290253', 'main_loss': '0.0290253', 'time_per_step': '2.18848'}
2025-11-08 16:10:00,663 - train_greyscale_FA_MoE.py - {'step': '327800', 'lr': '0.0002', 'total_loss': '0.0247358', 'main_loss': '0.0247358', 'time_per_step': '2.22997'}
2025-11-08 16:13:52,132 - train_greyscale_FA_MoE.py - {'step': '327900', 'lr': '0.0002', 'total_loss': '0.0253873', 'main_loss': '0.0253873', 'time_per_step': '2.08407'}
2025-11-08 16:17:44,367 - train_greyscale_FA_MoE.py - {'step': '328000', 'lr': '0.0002', 'total_loss': '0.0246804', 'main_loss': '0.0246804', 'time_per_step': '2.3373'}
2025-11-08 16:21:36,692 - train_greyscale_FA_MoE.py - {'step': '328100', 'lr': '0.0002', 'total_loss': '0.0277802', 'main_loss': '0.0277802', 'time_per_step': '2.18486'}
2025-11-08 16:25:26,218 - train_greyscale_FA_MoE.py - {'step': '328200', 'lr': '0.0002', 'total_loss': '0.0199249', 'main_loss': '0.0199249', 'time_per_step': '2.22184'}
2025-11-08 16:29:18,447 - train_greyscale_FA_MoE.py - {'step': '328300', 'lr': '0.0002', 'total_loss': '0.0244195', 'main_loss': '0.0244195', 'time_per_step': '2.20021'}
2025-11-08 16:33:07,934 - train_greyscale_FA_MoE.py - {'step': '328400', 'lr': '0.0002', 'total_loss': '0.0285695', 'main_loss': '0.0285695', 'time_per_step': '2.21481'}
2025-11-08 16:36:57,039 - train_greyscale_FA_MoE.py - {'step': '328500', 'lr': '0.0002', 'total_loss': '0.0285751', 'main_loss': '0.0285751', 'time_per_step': '2.30368'}
2025-11-08 16:40:48,356 - train_greyscale_FA_MoE.py - {'step': '328600', 'lr': '0.0002', 'total_loss': '0.020594', 'main_loss': '0.020594', 'time_per_step': '2.15531'}
2025-11-08 16:44:37,061 - train_greyscale_FA_MoE.py - {'step': '328700', 'lr': '0.0002', 'total_loss': '0.0276151', 'main_loss': '0.0276151', 'time_per_step': '2.20528'}
2025-11-08 16:48:29,834 - train_greyscale_FA_MoE.py - {'step': '328800', 'lr': '0.0002', 'total_loss': '0.026904', 'main_loss': '0.026904', 'time_per_step': '2.20769'}
2025-11-08 16:52:20,735 - train_greyscale_FA_MoE.py - {'step': '328900', 'lr': '0.0002', 'total_loss': '0.0335705', 'main_loss': '0.0335705', 'time_per_step': '2.20348'}
2025-11-08 16:56:08,425 - train_greyscale_FA_MoE.py - {'step': '329000', 'lr': '0.0002', 'total_loss': '0.0257317', 'main_loss': '0.0257317', 'time_per_step': '2.20481'}
2025-11-08 16:59:59,154 - train_greyscale_FA_MoE.py - {'step': '329100', 'lr': '0.0002', 'total_loss': '0.0288154', 'main_loss': '0.0288154', 'time_per_step': '2.10268'}
2025-11-08 17:03:48,346 - train_greyscale_FA_MoE.py - {'step': '329200', 'lr': '0.0002', 'total_loss': '0.0256029', 'main_loss': '0.0256029', 'time_per_step': '2.10801'}
2025-11-08 17:07:40,619 - train_greyscale_FA_MoE.py - {'step': '329300', 'lr': '0.0002', 'total_loss': '0.0237118', 'main_loss': '0.0237118', 'time_per_step': '2.21111'}
2025-11-08 17:11:30,501 - train_greyscale_FA_MoE.py - {'step': '329400', 'lr': '0.0002', 'total_loss': '0.0319785', 'main_loss': '0.0319785', 'time_per_step': '2.20838'}
2025-11-08 17:15:19,075 - train_greyscale_FA_MoE.py - {'step': '329500', 'lr': '0.0002', 'total_loss': '0.0306696', 'main_loss': '0.0306696', 'time_per_step': '2.21716'}
2025-11-08 17:19:10,111 - train_greyscale_FA_MoE.py - {'step': '329600', 'lr': '0.0002', 'total_loss': '0.0283206', 'main_loss': '0.0283206', 'time_per_step': '2.21677'}
2025-11-08 17:23:03,155 - train_greyscale_FA_MoE.py - {'step': '329700', 'lr': '0.0002', 'total_loss': '0.0246467', 'main_loss': '0.0246467', 'time_per_step': '2.21542'}
2025-11-08 17:26:51,932 - train_greyscale_FA_MoE.py - {'step': '329800', 'lr': '0.0002', 'total_loss': '0.0241227', 'main_loss': '0.0241227', 'time_per_step': '2.17639'}
2025-11-08 17:30:43,856 - train_greyscale_FA_MoE.py - {'step': '329900', 'lr': '0.0002', 'total_loss': '0.0328947', 'main_loss': '0.0328947', 'time_per_step': '2.19866'}
2025-11-08 17:34:33,912 - train_greyscale_FA_MoE.py - {'step': '330000', 'lr': '0.0002', 'total_loss': '0.0262005', 'main_loss': '0.0262005', 'time_per_step': '2.21282'}
2025-11-08 17:38:24,694 - train_greyscale_FA_MoE.py - {'step': '330100', 'lr': '0.0002', 'total_loss': '0.0268417', 'main_loss': '0.0268417', 'time_per_step': '2.29114'}
2025-11-08 17:42:14,326 - train_greyscale_FA_MoE.py - {'step': '330200', 'lr': '0.0002', 'total_loss': '0.0360217', 'main_loss': '0.0360217', 'time_per_step': '2.20078'}
2025-11-08 17:46:04,182 - train_greyscale_FA_MoE.py - {'step': '330300', 'lr': '0.0002', 'total_loss': '0.0258265', 'main_loss': '0.0258265', 'time_per_step': '2.08456'}
2025-11-08 17:49:53,485 - train_greyscale_FA_MoE.py - {'step': '330400', 'lr': '0.0002', 'total_loss': '0.0269593', 'main_loss': '0.0269593', 'time_per_step': '2.08002'}
2025-11-08 17:53:44,655 - train_greyscale_FA_MoE.py - {'step': '330500', 'lr': '0.0002', 'total_loss': '0.0299825', 'main_loss': '0.0299825', 'time_per_step': '2.25195'}
2025-11-08 17:57:34,121 - train_greyscale_FA_MoE.py - {'step': '330600', 'lr': '0.0002', 'total_loss': '0.0303881', 'main_loss': '0.0303881', 'time_per_step': '2.17242'}
2025-11-08 18:01:23,270 - train_greyscale_FA_MoE.py - {'step': '330700', 'lr': '0.0002', 'total_loss': '0.0236575', 'main_loss': '0.0236575', 'time_per_step': '2.2064'}
2025-11-08 18:05:10,659 - train_greyscale_FA_MoE.py - {'step': '330800', 'lr': '0.0002', 'total_loss': '0.0274201', 'main_loss': '0.0274201', 'time_per_step': '2.16806'}
2025-11-08 18:09:02,360 - train_greyscale_FA_MoE.py - {'step': '330900', 'lr': '0.0002', 'total_loss': '0.0246993', 'main_loss': '0.0246993', 'time_per_step': '2.67513'}
2025-11-08 18:12:52,332 - train_greyscale_FA_MoE.py - {'step': '331000', 'lr': '0.0002', 'total_loss': '0.0219154', 'main_loss': '0.0219154', 'time_per_step': '2.21453'}
2025-11-08 18:16:41,093 - train_greyscale_FA_MoE.py - {'step': '331100', 'lr': '0.0002', 'total_loss': '0.0273297', 'main_loss': '0.0273297', 'time_per_step': '2.18843'}
2025-11-08 18:20:30,414 - train_greyscale_FA_MoE.py - {'step': '331200', 'lr': '0.0002', 'total_loss': '0.0277577', 'main_loss': '0.0277577', 'time_per_step': '2.21924'}
2025-11-08 18:24:23,401 - train_greyscale_FA_MoE.py - {'step': '331300', 'lr': '0.0002', 'total_loss': '0.0251311', 'main_loss': '0.0251311', 'time_per_step': '2.20489'}
2025-11-08 18:28:12,563 - train_greyscale_FA_MoE.py - {'step': '331400', 'lr': '0.0002', 'total_loss': '0.0275587', 'main_loss': '0.0275587', 'time_per_step': '2.21049'}
2025-11-08 18:32:01,547 - train_greyscale_FA_MoE.py - {'step': '331500', 'lr': '0.0002', 'total_loss': '0.0235451', 'main_loss': '0.0235451', 'time_per_step': '2.10138'}
2025-11-08 18:35:51,252 - train_greyscale_FA_MoE.py - {'step': '331600', 'lr': '0.0002', 'total_loss': '0.022123', 'main_loss': '0.022123', 'time_per_step': '2.53547'}
2025-11-08 18:39:41,158 - train_greyscale_FA_MoE.py - {'step': '331700', 'lr': '0.0002', 'total_loss': '0.0231507', 'main_loss': '0.0231507', 'time_per_step': '2.18034'}
2025-11-08 18:43:28,849 - train_greyscale_FA_MoE.py - {'step': '331800', 'lr': '0.0002', 'total_loss': '0.0275203', 'main_loss': '0.0275203', 'time_per_step': '2.21583'}
2025-11-08 18:47:18,948 - train_greyscale_FA_MoE.py - {'step': '331900', 'lr': '0.0002', 'total_loss': '0.0262617', 'main_loss': '0.0262617', 'time_per_step': '2.2014'}
2025-11-08 18:51:10,179 - train_greyscale_FA_MoE.py - {'step': '332000', 'lr': '0.0002', 'total_loss': '0.0258856', 'main_loss': '0.0258856', 'time_per_step': '2.19333'}
2025-11-08 18:55:00,736 - train_greyscale_FA_MoE.py - {'step': '332100', 'lr': '0.0002', 'total_loss': '0.0345332', 'main_loss': '0.0345332', 'time_per_step': '2.23478'}
2025-11-08 18:58:50,175 - train_greyscale_FA_MoE.py - {'step': '332200', 'lr': '0.0002', 'total_loss': '0.0266598', 'main_loss': '0.0266598', 'time_per_step': '2.21773'}
2025-11-08 19:02:40,288 - train_greyscale_FA_MoE.py - {'step': '332300', 'lr': '0.0002', 'total_loss': '0.0247644', 'main_loss': '0.0247644', 'time_per_step': '2.23162'}
2025-11-08 19:06:31,724 - train_greyscale_FA_MoE.py - {'step': '332400', 'lr': '0.0002', 'total_loss': '0.0296724', 'main_loss': '0.0296724', 'time_per_step': '2.20771'}
2025-11-08 19:10:20,753 - train_greyscale_FA_MoE.py - {'step': '332500', 'lr': '0.0002', 'total_loss': '0.0227125', 'main_loss': '0.0227125', 'time_per_step': '2.2197'}
2025-11-08 19:14:12,387 - train_greyscale_FA_MoE.py - {'step': '332600', 'lr': '0.0002', 'total_loss': '0.0291787', 'main_loss': '0.0291787', 'time_per_step': '2.24828'}
2025-11-08 19:18:01,969 - train_greyscale_FA_MoE.py - {'step': '332700', 'lr': '0.0002', 'total_loss': '0.0295154', 'main_loss': '0.0295154', 'time_per_step': '2.11901'}
2025-11-08 19:21:51,838 - train_greyscale_FA_MoE.py - {'step': '332800', 'lr': '0.0002', 'total_loss': '0.0306691', 'main_loss': '0.0306691', 'time_per_step': '2.10681'}
2025-11-08 19:25:45,689 - train_greyscale_FA_MoE.py - {'step': '332900', 'lr': '0.0002', 'total_loss': '0.0235525', 'main_loss': '0.0235525', 'time_per_step': '2.20888'}
2025-11-08 19:29:35,826 - train_greyscale_FA_MoE.py - {'step': '333000', 'lr': '0.0002', 'total_loss': '0.0257158', 'main_loss': '0.0257158', 'time_per_step': '2.21907'}
2025-11-08 19:33:26,057 - train_greyscale_FA_MoE.py - {'step': '333100', 'lr': '0.0002', 'total_loss': '0.0287365', 'main_loss': '0.0287365', 'time_per_step': '2.21051'}
2025-11-08 19:37:17,220 - train_greyscale_FA_MoE.py - {'step': '333200', 'lr': '0.0002', 'total_loss': '0.0249205', 'main_loss': '0.0249205', 'time_per_step': '2.23196'}
2025-11-08 19:41:08,969 - train_greyscale_FA_MoE.py - {'step': '333300', 'lr': '0.0002', 'total_loss': '0.0274445', 'main_loss': '0.0274445', 'time_per_step': '2.21239'}
2025-11-08 19:45:00,197 - train_greyscale_FA_MoE.py - {'step': '333400', 'lr': '0.0002', 'total_loss': '0.027771', 'main_loss': '0.027771', 'time_per_step': '2.21745'}
2025-11-08 19:48:49,449 - train_greyscale_FA_MoE.py - {'step': '333500', 'lr': '0.0002', 'total_loss': '0.0306551', 'main_loss': '0.0306551', 'time_per_step': '2.22978'}
2025-11-08 19:52:39,123 - train_greyscale_FA_MoE.py - {'step': '333600', 'lr': '0.0002', 'total_loss': '0.0276554', 'main_loss': '0.0276554', 'time_per_step': '2.20801'}
2025-11-08 19:56:29,647 - train_greyscale_FA_MoE.py - {'step': '333700', 'lr': '0.0002', 'total_loss': '0.0260189', 'main_loss': '0.0260189', 'time_per_step': '2.1822'}
2025-11-08 20:00:21,265 - train_greyscale_FA_MoE.py - {'step': '333800', 'lr': '0.0002', 'total_loss': '0.0272367', 'main_loss': '0.0272367', 'time_per_step': '2.19205'}
2025-11-08 20:04:09,671 - train_greyscale_FA_MoE.py - {'step': '333900', 'lr': '0.0002', 'total_loss': '0.0253625', 'main_loss': '0.0253625', 'time_per_step': '2.08845'}
2025-11-08 20:08:02,646 - train_greyscale_FA_MoE.py - {'step': '334000', 'lr': '0.0002', 'total_loss': '0.0271987', 'main_loss': '0.0271987', 'time_per_step': '2.08744'}
2025-11-08 20:11:54,909 - train_greyscale_FA_MoE.py - {'step': '334100', 'lr': '0.0002', 'total_loss': '0.023553', 'main_loss': '0.023553', 'time_per_step': '2.52443'}
2025-11-08 20:15:44,673 - train_greyscale_FA_MoE.py - {'step': '334200', 'lr': '0.0002', 'total_loss': '0.0292498', 'main_loss': '0.0292498', 'time_per_step': '2.23144'}
2025-11-08 20:19:39,109 - train_greyscale_FA_MoE.py - {'step': '334300', 'lr': '0.0002', 'total_loss': '0.0288284', 'main_loss': '0.0288284', 'time_per_step': '2.20497'}
2025-11-08 20:23:27,839 - train_greyscale_FA_MoE.py - {'step': '334400', 'lr': '0.0002', 'total_loss': '0.0306543', 'main_loss': '0.0306543', 'time_per_step': '2.28183'}
2025-11-08 20:27:20,763 - train_greyscale_FA_MoE.py - {'step': '334500', 'lr': '0.0002', 'total_loss': '0.0329573', 'main_loss': '0.0329573', 'time_per_step': '2.68583'}
2025-11-08 20:31:11,765 - train_greyscale_FA_MoE.py - {'step': '334600', 'lr': '0.0002', 'total_loss': '0.023324', 'main_loss': '0.023324', 'time_per_step': '2.2103'}
2025-11-08 20:35:00,622 - train_greyscale_FA_MoE.py - {'step': '334700', 'lr': '0.0002', 'total_loss': '0.0312216', 'main_loss': '0.0312216', 'time_per_step': '2.21327'}
2025-11-08 20:38:51,491 - train_greyscale_FA_MoE.py - {'step': '334800', 'lr': '0.0002', 'total_loss': '0.0273023', 'main_loss': '0.0273023', 'time_per_step': '2.19178'}
2025-11-08 20:42:41,493 - train_greyscale_FA_MoE.py - {'step': '334900', 'lr': '0.0002', 'total_loss': '0.0303964', 'main_loss': '0.0303964', 'time_per_step': '2.20291'}
2025-11-08 20:46:36,623 - train_greyscale_FA_MoE.py - {'step': '335000', 'lr': '0.0002', 'total_loss': '0.0241522', 'main_loss': '0.0241522', 'time_per_step': '2.1839'}
2025-11-08 20:50:24,688 - train_greyscale_FA_MoE.py - {'step': '335100', 'lr': '0.0002', 'total_loss': '0.0266877', 'main_loss': '0.0266877', 'time_per_step': '2.08825'}
2025-11-08 20:54:17,591 - train_greyscale_FA_MoE.py - {'step': '335200', 'lr': '0.0002', 'total_loss': '0.031484', 'main_loss': '0.031484', 'time_per_step': '2.08378'}
2025-11-08 20:58:07,214 - train_greyscale_FA_MoE.py - {'step': '335300', 'lr': '0.0002', 'total_loss': '0.0256308', 'main_loss': '0.0256308', 'time_per_step': '2.21066'}
2025-11-08 21:01:58,834 - train_greyscale_FA_MoE.py - {'step': '335400', 'lr': '0.0002', 'total_loss': '0.0223862', 'main_loss': '0.0223862', 'time_per_step': '2.15195'}
2025-11-08 21:05:48,211 - train_greyscale_FA_MoE.py - {'step': '335500', 'lr': '0.0002', 'total_loss': '0.029286', 'main_loss': '0.029286', 'time_per_step': '2.23079'}
2025-11-08 21:09:37,442 - train_greyscale_FA_MoE.py - {'step': '335600', 'lr': '0.0002', 'total_loss': '0.0234274', 'main_loss': '0.0234274', 'time_per_step': '2.22947'}
2025-11-08 21:13:26,786 - train_greyscale_FA_MoE.py - {'step': '335700', 'lr': '0.0002', 'total_loss': '0.0312822', 'main_loss': '0.0312822', 'time_per_step': '2.27081'}
2025-11-08 21:17:18,509 - train_greyscale_FA_MoE.py - {'step': '335800', 'lr': '0.0002', 'total_loss': '0.0316259', 'main_loss': '0.0316259', 'time_per_step': '2.22391'}
2025-11-08 21:21:12,133 - train_greyscale_FA_MoE.py - {'step': '335900', 'lr': '0.0002', 'total_loss': '0.0196758', 'main_loss': '0.0196758', 'time_per_step': '2.21965'}
2025-11-08 21:25:01,852 - train_greyscale_FA_MoE.py - {'step': '336000', 'lr': '0.0002', 'total_loss': '0.0267415', 'main_loss': '0.0267415', 'time_per_step': '2.20897'}
2025-11-08 21:28:50,889 - train_greyscale_FA_MoE.py - {'step': '336100', 'lr': '0.0002', 'total_loss': '0.0191172', 'main_loss': '0.0191172', 'time_per_step': '2.25596'}
2025-11-08 21:32:41,005 - train_greyscale_FA_MoE.py - {'step': '336200', 'lr': '0.0002', 'total_loss': '0.0310069', 'main_loss': '0.0310069', 'time_per_step': '2.20379'}
2025-11-08 21:36:31,067 - train_greyscale_FA_MoE.py - {'step': '336300', 'lr': '0.0002', 'total_loss': '0.0293819', 'main_loss': '0.0293819', 'time_per_step': '2.08495'}
2025-11-08 21:40:20,431 - train_greyscale_FA_MoE.py - {'step': '336400', 'lr': '0.0002', 'total_loss': '0.0225037', 'main_loss': '0.0225037', 'time_per_step': '2.08366'}
2025-11-08 21:44:10,818 - train_greyscale_FA_MoE.py - {'step': '336500', 'lr': '0.0002', 'total_loss': '0.0328576', 'main_loss': '0.0328576', 'time_per_step': '2.2136'}
2025-11-08 21:48:01,901 - train_greyscale_FA_MoE.py - {'step': '336600', 'lr': '0.0002', 'total_loss': '0.0263491', 'main_loss': '0.0263491', 'time_per_step': '2.17675'}
2025-11-08 21:51:51,124 - train_greyscale_FA_MoE.py - {'step': '336700', 'lr': '0.0002', 'total_loss': '0.0242169', 'main_loss': '0.0242169', 'time_per_step': '2.20387'}
2025-11-08 21:55:40,599 - train_greyscale_FA_MoE.py - {'step': '336800', 'lr': '0.0002', 'total_loss': '0.0286778', 'main_loss': '0.0286778', 'time_per_step': '2.35405'}
2025-11-08 21:59:28,026 - train_greyscale_FA_MoE.py - {'step': '336900', 'lr': '0.0002', 'total_loss': '0.0279141', 'main_loss': '0.0279141', 'time_per_step': '2.23887'}
2025-11-08 22:03:20,178 - train_greyscale_FA_MoE.py - {'step': '337000', 'lr': '0.0002', 'total_loss': '0.019819', 'main_loss': '0.019819', 'time_per_step': '2.20082'}
2025-11-08 22:07:09,982 - train_greyscale_FA_MoE.py - {'step': '337100', 'lr': '0.0002', 'total_loss': '0.0270903', 'main_loss': '0.0270903', 'time_per_step': '2.20948'}
2025-11-08 22:11:00,749 - train_greyscale_FA_MoE.py - {'step': '337200', 'lr': '0.0002', 'total_loss': '0.0248646', 'main_loss': '0.0248646', 'time_per_step': '2.22415'}
2025-11-08 22:14:50,989 - train_greyscale_FA_MoE.py - {'step': '337300', 'lr': '0.0002', 'total_loss': '0.0263928', 'main_loss': '0.0263928', 'time_per_step': '2.21637'}
2025-11-08 22:18:40,778 - train_greyscale_FA_MoE.py - {'step': '337400', 'lr': '0.0002', 'total_loss': '0.0273085', 'main_loss': '0.0273085', 'time_per_step': '2.20715'}
2025-11-08 22:22:33,091 - train_greyscale_FA_MoE.py - {'step': '337500', 'lr': '0.0002', 'total_loss': '0.0244515', 'main_loss': '0.0244515', 'time_per_step': '2.19236'}
2025-11-08 22:26:24,441 - train_greyscale_FA_MoE.py - {'step': '337600', 'lr': '0.0002', 'total_loss': '0.0230471', 'main_loss': '0.0230471', 'time_per_step': '2.08212'}
2025-11-08 22:30:14,998 - train_greyscale_FA_MoE.py - {'step': '337700', 'lr': '0.0002', 'total_loss': '0.0287436', 'main_loss': '0.0287436', 'time_per_step': '2.21931'}
2025-11-08 22:34:07,172 - train_greyscale_FA_MoE.py - {'step': '337800', 'lr': '0.0002', 'total_loss': '0.0243428', 'main_loss': '0.0243428', 'time_per_step': '2.22762'}
2025-11-08 22:37:56,675 - train_greyscale_FA_MoE.py - {'step': '337900', 'lr': '0.0002', 'total_loss': '0.0299727', 'main_loss': '0.0299727', 'time_per_step': '2.25699'}
2025-11-08 22:41:48,728 - train_greyscale_FA_MoE.py - {'step': '338000', 'lr': '0.0002', 'total_loss': '0.0253691', 'main_loss': '0.0253691', 'time_per_step': '2.16387'}
2025-11-08 22:45:38,230 - train_greyscale_FA_MoE.py - {'step': '338100', 'lr': '0.0002', 'total_loss': '0.0260515', 'main_loss': '0.0260515', 'time_per_step': '2.23377'}
2025-11-08 22:49:27,641 - train_greyscale_FA_MoE.py - {'step': '338200', 'lr': '0.0002', 'total_loss': '0.022002', 'main_loss': '0.022002', 'time_per_step': '2.26045'}
2025-11-08 22:53:20,645 - train_greyscale_FA_MoE.py - {'step': '338300', 'lr': '0.0002', 'total_loss': '0.0292541', 'main_loss': '0.0292541', 'time_per_step': '2.21258'}
2025-11-08 22:57:11,040 - train_greyscale_FA_MoE.py - {'step': '338400', 'lr': '0.0002', 'total_loss': '0.0258352', 'main_loss': '0.0258352', 'time_per_step': '2.20222'}
2025-11-08 23:01:02,802 - train_greyscale_FA_MoE.py - {'step': '338500', 'lr': '0.0002', 'total_loss': '0.0271199', 'main_loss': '0.0271199', 'time_per_step': '2.23562'}
2025-11-08 23:04:56,192 - train_greyscale_FA_MoE.py - {'step': '338600', 'lr': '0.0002', 'total_loss': '0.0269326', 'main_loss': '0.0269326', 'time_per_step': '2.21404'}
2025-11-08 23:08:44,504 - train_greyscale_FA_MoE.py - {'step': '338700', 'lr': '0.0002', 'total_loss': '0.0220818', 'main_loss': '0.0220818', 'time_per_step': '2.0874'}
2025-11-08 23:12:36,611 - train_greyscale_FA_MoE.py - {'step': '338800', 'lr': '0.0002', 'total_loss': '0.0237803', 'main_loss': '0.0237803', 'time_per_step': '2.08824'}
2025-11-08 23:16:26,954 - train_greyscale_FA_MoE.py - {'step': '338900', 'lr': '0.0002', 'total_loss': '0.0278606', 'main_loss': '0.0278606', 'time_per_step': '2.2894'}
2025-11-08 23:20:15,972 - train_greyscale_FA_MoE.py - {'step': '339000', 'lr': '0.0002', 'total_loss': '0.0290016', 'main_loss': '0.0290016', 'time_per_step': '2.47825'}
2025-11-08 23:24:06,848 - train_greyscale_FA_MoE.py - {'step': '339100', 'lr': '0.0002', 'total_loss': '0.028482', 'main_loss': '0.028482', 'time_per_step': '2.18349'}
2025-11-08 23:27:56,380 - train_greyscale_FA_MoE.py - {'step': '339200', 'lr': '0.0002', 'total_loss': '0.0289869', 'main_loss': '0.0289869', 'time_per_step': '2.20414'}
2025-11-08 23:31:45,391 - train_greyscale_FA_MoE.py - {'step': '339300', 'lr': '0.0002', 'total_loss': '0.0270287', 'main_loss': '0.0270287', 'time_per_step': '2.23349'}
2025-11-08 23:35:32,782 - train_greyscale_FA_MoE.py - {'step': '339400', 'lr': '0.0002', 'total_loss': '0.0282166', 'main_loss': '0.0282166', 'time_per_step': '2.36988'}
2025-11-08 23:39:25,298 - train_greyscale_FA_MoE.py - {'step': '339500', 'lr': '0.0002', 'total_loss': '0.0288519', 'main_loss': '0.0288519', 'time_per_step': '2.24507'}
2025-11-08 23:43:14,273 - train_greyscale_FA_MoE.py - {'step': '339600', 'lr': '0.0002', 'total_loss': '0.0211868', 'main_loss': '0.0211868', 'time_per_step': '2.22903'}
2025-11-08 23:47:04,552 - train_greyscale_FA_MoE.py - {'step': '339700', 'lr': '0.0002', 'total_loss': '0.026696', 'main_loss': '0.026696', 'time_per_step': '2.26215'}
2025-11-08 23:50:55,530 - train_greyscale_FA_MoE.py - {'step': '339800', 'lr': '0.0002', 'total_loss': '0.0309862', 'main_loss': '0.0309862', 'time_per_step': '2.22896'}
2025-11-08 23:54:44,293 - train_greyscale_FA_MoE.py - {'step': '339900', 'lr': '0.0002', 'total_loss': '0.0240001', 'main_loss': '0.0240001', 'time_per_step': '2.08587'}
2025-11-08 23:58:37,525 - train_greyscale_FA_MoE.py - {'step': '340000', 'lr': '0.0002', 'total_loss': '0.0290671', 'main_loss': '0.0290671', 'time_per_step': '2.08818'}
2025-11-09 00:02:29,289 - train_greyscale_FA_MoE.py - {'step': '340100', 'lr': '0.0002', 'total_loss': '0.028607', 'main_loss': '0.028607', 'time_per_step': '2.22756'}
2025-11-09 00:06:18,380 - train_greyscale_FA_MoE.py - {'step': '340200', 'lr': '0.0002', 'total_loss': '0.028252', 'main_loss': '0.028252', 'time_per_step': '2.22663'}
2025-11-09 00:10:09,166 - train_greyscale_FA_MoE.py - {'step': '340300', 'lr': '0.0002', 'total_loss': '0.0256972', 'main_loss': '0.0256972', 'time_per_step': '2.19993'}
2025-11-09 00:13:59,885 - train_greyscale_FA_MoE.py - {'step': '340400', 'lr': '0.0002', 'total_loss': '0.022803', 'main_loss': '0.022803', 'time_per_step': '2.21374'}
2025-11-09 00:17:48,794 - train_greyscale_FA_MoE.py - {'step': '340500', 'lr': '0.0002', 'total_loss': '0.0283327', 'main_loss': '0.0283327', 'time_per_step': '2.2042'}
2025-11-09 00:21:39,316 - train_greyscale_FA_MoE.py - {'step': '340600', 'lr': '0.0002', 'total_loss': '0.021301', 'main_loss': '0.021301', 'time_per_step': '2.18571'}
2025-11-09 00:25:31,521 - train_greyscale_FA_MoE.py - {'step': '340700', 'lr': '0.0002', 'total_loss': '0.0286629', 'main_loss': '0.0286629', 'time_per_step': '2.21933'}
2025-11-09 00:29:23,132 - train_greyscale_FA_MoE.py - {'step': '340800', 'lr': '0.0002', 'total_loss': '0.0303554', 'main_loss': '0.0303554', 'time_per_step': '2.39967'}
2025-11-09 00:33:13,295 - train_greyscale_FA_MoE.py - {'step': '340900', 'lr': '0.0002', 'total_loss': '0.0296048', 'main_loss': '0.0296048', 'time_per_step': '2.19299'}
2025-11-09 00:37:03,820 - train_greyscale_FA_MoE.py - {'step': '341000', 'lr': '0.0002', 'total_loss': '0.0280034', 'main_loss': '0.0280034', 'time_per_step': '2.20205'}
2025-11-09 00:40:55,225 - train_greyscale_FA_MoE.py - {'step': '341100', 'lr': '0.0002', 'total_loss': '0.028135', 'main_loss': '0.028135', 'time_per_step': '2.10241'}
2025-11-09 00:44:44,772 - train_greyscale_FA_MoE.py - {'step': '341200', 'lr': '0.0002', 'total_loss': '0.0300964', 'main_loss': '0.0300964', 'time_per_step': '2.09352'}
2025-11-09 00:48:37,237 - train_greyscale_FA_MoE.py - {'step': '341300', 'lr': '0.0002', 'total_loss': '0.0235774', 'main_loss': '0.0235774', 'time_per_step': '2.24526'}
2025-11-09 00:52:25,138 - train_greyscale_FA_MoE.py - {'step': '341400', 'lr': '0.0002', 'total_loss': '0.025164', 'main_loss': '0.025164', 'time_per_step': '2.26287'}
2025-11-09 00:56:17,992 - train_greyscale_FA_MoE.py - {'step': '341500', 'lr': '0.0002', 'total_loss': '0.0287284', 'main_loss': '0.0287284', 'time_per_step': '2.21947'}
2025-11-09 01:00:05,407 - train_greyscale_FA_MoE.py - {'step': '341600', 'lr': '0.0002', 'total_loss': '0.0258152', 'main_loss': '0.0258152', 'time_per_step': '2.21603'}
2025-11-09 01:04:00,983 - train_greyscale_FA_MoE.py - {'step': '341700', 'lr': '0.0002', 'total_loss': '0.0279677', 'main_loss': '0.0279677', 'time_per_step': '2.20997'}
2025-11-09 01:07:50,564 - train_greyscale_FA_MoE.py - {'step': '341800', 'lr': '0.0002', 'total_loss': '0.0248527', 'main_loss': '0.0248527', 'time_per_step': '2.17981'}
2025-11-09 01:11:42,512 - train_greyscale_FA_MoE.py - {'step': '341900', 'lr': '0.0002', 'total_loss': '0.0287578', 'main_loss': '0.0287578', 'time_per_step': '2.22704'}
2025-11-09 01:15:31,985 - train_greyscale_FA_MoE.py - {'step': '342000', 'lr': '0.0002', 'total_loss': '0.0252893', 'main_loss': '0.0252893', 'time_per_step': '2.23092'}
2025-11-09 01:19:22,821 - train_greyscale_FA_MoE.py - {'step': '342100', 'lr': '0.0002', 'total_loss': '0.0244449', 'main_loss': '0.0244449', 'time_per_step': '2.20684'}
2025-11-09 01:23:15,879 - train_greyscale_FA_MoE.py - {'step': '342200', 'lr': '0.0002', 'total_loss': '0.0258569', 'main_loss': '0.0258569', 'time_per_step': '2.22449'}
2025-11-09 01:27:05,521 - train_greyscale_FA_MoE.py - {'step': '342300', 'lr': '0.0002', 'total_loss': '0.0310743', 'main_loss': '0.0310743', 'time_per_step': '2.08391'}
2025-11-09 01:30:53,976 - train_greyscale_FA_MoE.py - {'step': '342400', 'lr': '0.0002', 'total_loss': '0.029825', 'main_loss': '0.029825', 'time_per_step': '2.09074'}
2025-11-09 01:34:48,763 - train_greyscale_FA_MoE.py - {'step': '342500', 'lr': '0.0002', 'total_loss': '0.031771', 'main_loss': '0.031771', 'time_per_step': '2.17113'}
2025-11-09 01:38:37,950 - train_greyscale_FA_MoE.py - {'step': '342600', 'lr': '0.0002', 'total_loss': '0.021815', 'main_loss': '0.021815', 'time_per_step': '2.20701'}
2025-11-09 01:42:28,647 - train_greyscale_FA_MoE.py - {'step': '342700', 'lr': '0.0002', 'total_loss': '0.0245575', 'main_loss': '0.0245575', 'time_per_step': '2.26128'}
2025-11-09 01:46:22,781 - train_greyscale_FA_MoE.py - {'step': '342800', 'lr': '0.0002', 'total_loss': '0.0247772', 'main_loss': '0.0247772', 'time_per_step': '2.22737'}
2025-11-09 01:50:11,532 - train_greyscale_FA_MoE.py - {'step': '342900', 'lr': '0.0002', 'total_loss': '0.0245925', 'main_loss': '0.0245925', 'time_per_step': '2.22565'}
2025-11-09 01:54:03,936 - train_greyscale_FA_MoE.py - {'step': '343000', 'lr': '0.0002', 'total_loss': '0.0277241', 'main_loss': '0.0277241', 'time_per_step': '2.15824'}
2025-11-09 01:57:52,133 - train_greyscale_FA_MoE.py - {'step': '343100', 'lr': '0.0002', 'total_loss': '0.0299594', 'main_loss': '0.0299594', 'time_per_step': '2.18124'}
2025-11-09 02:01:42,699 - train_greyscale_FA_MoE.py - {'step': '343200', 'lr': '0.0002', 'total_loss': '0.0257089', 'main_loss': '0.0257089', 'time_per_step': '2.16424'}
2025-11-09 02:05:30,541 - train_greyscale_FA_MoE.py - {'step': '343300', 'lr': '0.0002', 'total_loss': '0.0218556', 'main_loss': '0.0218556', 'time_per_step': '2.21091'}
2025-11-09 02:09:20,389 - train_greyscale_FA_MoE.py - {'step': '343400', 'lr': '0.0002', 'total_loss': '0.0257361', 'main_loss': '0.0257361', 'time_per_step': '2.25974'}
2025-11-09 02:13:08,202 - train_greyscale_FA_MoE.py - {'step': '343500', 'lr': '0.0002', 'total_loss': '0.0248314', 'main_loss': '0.0248314', 'time_per_step': '2.10101'}
2025-11-09 02:16:57,888 - train_greyscale_FA_MoE.py - {'step': '343600', 'lr': '0.0002', 'total_loss': '0.0264261', 'main_loss': '0.0264261', 'time_per_step': '2.79913'}
2025-11-09 02:20:47,756 - train_greyscale_FA_MoE.py - {'step': '343700', 'lr': '0.0002', 'total_loss': '0.0277063', 'main_loss': '0.0277063', 'time_per_step': '2.18797'}
2025-11-09 02:24:38,847 - train_greyscale_FA_MoE.py - {'step': '343800', 'lr': '0.0002', 'total_loss': '0.0264446', 'main_loss': '0.0264446', 'time_per_step': '2.23552'}
2025-11-09 02:28:25,263 - train_greyscale_FA_MoE.py - {'step': '343900', 'lr': '0.0002', 'total_loss': '0.0264233', 'main_loss': '0.0264233', 'time_per_step': '2.18007'}
2025-11-09 02:32:16,888 - train_greyscale_FA_MoE.py - {'step': '344000', 'lr': '0.0002', 'total_loss': '0.0265927', 'main_loss': '0.0265927', 'time_per_step': '2.20749'}
2025-11-09 02:36:04,438 - train_greyscale_FA_MoE.py - {'step': '344100', 'lr': '0.0002', 'total_loss': '0.0269392', 'main_loss': '0.0269392', 'time_per_step': '2.19903'}
2025-11-09 02:39:55,656 - train_greyscale_FA_MoE.py - {'step': '344200', 'lr': '0.0002', 'total_loss': '0.0211389', 'main_loss': '0.0211389', 'time_per_step': '2.19799'}
2025-11-09 02:43:42,173 - train_greyscale_FA_MoE.py - {'step': '344300', 'lr': '0.0002', 'total_loss': '0.0260901', 'main_loss': '0.0260901', 'time_per_step': '2.23413'}
2025-11-09 02:47:32,266 - train_greyscale_FA_MoE.py - {'step': '344400', 'lr': '0.0002', 'total_loss': '0.0244668', 'main_loss': '0.0244668', 'time_per_step': '2.25998'}
2025-11-09 02:51:20,072 - train_greyscale_FA_MoE.py - {'step': '344500', 'lr': '0.0002', 'total_loss': '0.0203194', 'main_loss': '0.0203194', 'time_per_step': '2.2396'}
2025-11-09 02:55:10,015 - train_greyscale_FA_MoE.py - {'step': '344600', 'lr': '0.0002', 'total_loss': '0.0248519', 'main_loss': '0.0248519', 'time_per_step': '2.20432'}
2025-11-09 02:58:58,258 - train_greyscale_FA_MoE.py - {'step': '344700', 'lr': '0.0002', 'total_loss': '0.0278165', 'main_loss': '0.0278165', 'time_per_step': '2.14336'}
2025-11-09 03:02:44,631 - train_greyscale_FA_MoE.py - {'step': '344800', 'lr': '0.0002', 'total_loss': '0.0290238', 'main_loss': '0.0290238', 'time_per_step': '2.09592'}
2025-11-09 03:06:35,334 - train_greyscale_FA_MoE.py - {'step': '344900', 'lr': '0.0002', 'total_loss': '0.0272957', 'main_loss': '0.0272957', 'time_per_step': '2.19334'}
2025-11-09 03:10:23,456 - train_greyscale_FA_MoE.py - {'step': '345000', 'lr': '0.0002', 'total_loss': '0.0248918', 'main_loss': '0.0248918', 'time_per_step': '2.19676'}
2025-11-09 03:14:11,323 - train_greyscale_FA_MoE.py - {'step': '345100', 'lr': '0.0002', 'total_loss': '0.0240196', 'main_loss': '0.0240196', 'time_per_step': '2.15136'}
2025-11-09 03:17:59,469 - train_greyscale_FA_MoE.py - {'step': '345200', 'lr': '0.0002', 'total_loss': '0.0198269', 'main_loss': '0.0198269', 'time_per_step': '2.22869'}
2025-11-09 03:21:48,873 - train_greyscale_FA_MoE.py - {'step': '345300', 'lr': '0.0002', 'total_loss': '0.0265296', 'main_loss': '0.0265296', 'time_per_step': '2.20342'}
2025-11-09 03:25:36,652 - train_greyscale_FA_MoE.py - {'step': '345400', 'lr': '0.0002', 'total_loss': '0.0278134', 'main_loss': '0.0278134', 'time_per_step': '2.20568'}
2025-11-09 03:29:27,155 - train_greyscale_FA_MoE.py - {'step': '345500', 'lr': '0.0002', 'total_loss': '0.0289458', 'main_loss': '0.0289458', 'time_per_step': '2.23713'}
2025-11-09 03:33:15,430 - train_greyscale_FA_MoE.py - {'step': '345600', 'lr': '0.0002', 'total_loss': '0.0257621', 'main_loss': '0.0257621', 'time_per_step': '2.21486'}
2025-11-09 03:37:02,486 - train_greyscale_FA_MoE.py - {'step': '345700', 'lr': '0.0002', 'total_loss': '0.0281976', 'main_loss': '0.0281976', 'time_per_step': '2.1927'}
2025-11-09 03:40:52,276 - train_greyscale_FA_MoE.py - {'step': '345800', 'lr': '0.0002', 'total_loss': '0.026713', 'main_loss': '0.026713', 'time_per_step': '2.20085'}
2025-11-09 03:44:38,555 - train_greyscale_FA_MoE.py - {'step': '345900', 'lr': '0.0002', 'total_loss': '0.0258985', 'main_loss': '0.0258985', 'time_per_step': '2.08356'}
2025-11-09 03:48:28,630 - train_greyscale_FA_MoE.py - {'step': '346000', 'lr': '0.0002', 'total_loss': '0.0211181', 'main_loss': '0.0211181', 'time_per_step': '2.15389'}
2025-11-09 03:52:16,760 - train_greyscale_FA_MoE.py - {'step': '346100', 'lr': '0.0002', 'total_loss': '0.0237924', 'main_loss': '0.0237924', 'time_per_step': '2.20532'}
2025-11-09 03:56:07,450 - train_greyscale_FA_MoE.py - {'step': '346200', 'lr': '0.0002', 'total_loss': '0.0284197', 'main_loss': '0.0284197', 'time_per_step': '2.21054'}
2025-11-09 03:59:54,748 - train_greyscale_FA_MoE.py - {'step': '346300', 'lr': '0.0002', 'total_loss': '0.0261398', 'main_loss': '0.0261398', 'time_per_step': '2.17374'}
2025-11-09 04:03:44,885 - train_greyscale_FA_MoE.py - {'step': '346400', 'lr': '0.0002', 'total_loss': '0.0237982', 'main_loss': '0.0237982', 'time_per_step': '2.2086'}
2025-11-09 04:07:34,170 - train_greyscale_FA_MoE.py - {'step': '346500', 'lr': '0.0002', 'total_loss': '0.0269643', 'main_loss': '0.0269643', 'time_per_step': '2.17962'}
2025-11-09 04:11:21,849 - train_greyscale_FA_MoE.py - {'step': '346600', 'lr': '0.0002', 'total_loss': '0.0231602', 'main_loss': '0.0231602', 'time_per_step': '2.21577'}
2025-11-09 04:15:13,040 - train_greyscale_FA_MoE.py - {'step': '346700', 'lr': '0.0002', 'total_loss': '0.0293539', 'main_loss': '0.0293539', 'time_per_step': '3.39698'}
2025-11-09 04:18:59,998 - train_greyscale_FA_MoE.py - {'step': '346800', 'lr': '0.0002', 'total_loss': '0.0239459', 'main_loss': '0.0239459', 'time_per_step': '2.20811'}
2025-11-09 04:22:50,101 - train_greyscale_FA_MoE.py - {'step': '346900', 'lr': '0.0002', 'total_loss': '0.0265809', 'main_loss': '0.0265809', 'time_per_step': '2.21655'}
2025-11-09 04:26:38,752 - train_greyscale_FA_MoE.py - {'step': '347000', 'lr': '0.0002', 'total_loss': '0.0255634', 'main_loss': '0.0255634', 'time_per_step': '2.20183'}
2025-11-09 04:30:26,630 - train_greyscale_FA_MoE.py - {'step': '347100', 'lr': '0.0002', 'total_loss': '0.0249028', 'main_loss': '0.0249028', 'time_per_step': '2.20811'}
2025-11-09 04:34:16,713 - train_greyscale_FA_MoE.py - {'step': '347200', 'lr': '0.0002', 'total_loss': '0.0223206', 'main_loss': '0.0223206', 'time_per_step': '2.07925'}
2025-11-09 04:38:04,804 - train_greyscale_FA_MoE.py - {'step': '347300', 'lr': '0.0002', 'total_loss': '0.0251074', 'main_loss': '0.0251074', 'time_per_step': '2.20841'}
2025-11-09 04:41:56,873 - train_greyscale_FA_MoE.py - {'step': '347400', 'lr': '0.0002', 'total_loss': '0.0235317', 'main_loss': '0.0235317', 'time_per_step': '2.24304'}
2025-11-09 04:45:44,284 - train_greyscale_FA_MoE.py - {'step': '347500', 'lr': '0.0002', 'total_loss': '0.0243336', 'main_loss': '0.0243336', 'time_per_step': '2.20254'}
2025-11-09 04:49:32,996 - train_greyscale_FA_MoE.py - {'step': '347600', 'lr': '0.0002', 'total_loss': '0.0229074', 'main_loss': '0.0229074', 'time_per_step': '2.30914'}
2025-11-09 04:53:21,696 - train_greyscale_FA_MoE.py - {'step': '347700', 'lr': '0.0002', 'total_loss': '0.0294349', 'main_loss': '0.0294349', 'time_per_step': '2.1607'}
2025-11-09 04:57:11,998 - train_greyscale_FA_MoE.py - {'step': '347800', 'lr': '0.0002', 'total_loss': '0.0221993', 'main_loss': '0.0221993', 'time_per_step': '2.23093'}
2025-11-09 05:01:00,776 - train_greyscale_FA_MoE.py - {'step': '347900', 'lr': '0.0002', 'total_loss': '0.0258838', 'main_loss': '0.0258838', 'time_per_step': '2.20016'}
2025-11-09 05:04:50,890 - train_greyscale_FA_MoE.py - {'step': '348000', 'lr': '0.0002', 'total_loss': '0.0300276', 'main_loss': '0.0300276', 'time_per_step': '2.23853'}
2025-11-09 05:08:38,554 - train_greyscale_FA_MoE.py - {'step': '348100', 'lr': '0.0002', 'total_loss': '0.0259557', 'main_loss': '0.0259557', 'time_per_step': '2.20812'}
2025-11-09 05:12:29,081 - train_greyscale_FA_MoE.py - {'step': '348200', 'lr': '0.0002', 'total_loss': '0.0246367', 'main_loss': '0.0246367', 'time_per_step': '2.19876'}
2025-11-09 05:16:15,869 - train_greyscale_FA_MoE.py - {'step': '348300', 'lr': '0.0002', 'total_loss': '0.0233551', 'main_loss': '0.0233551', 'time_per_step': '2.08642'}
2025-11-09 05:20:04,478 - train_greyscale_FA_MoE.py - {'step': '348400', 'lr': '0.0002', 'total_loss': '0.0245696', 'main_loss': '0.0245696', 'time_per_step': '2.07999'}
2025-11-09 05:23:52,544 - train_greyscale_FA_MoE.py - {'step': '348500', 'lr': '0.0002', 'total_loss': '0.0299748', 'main_loss': '0.0299748', 'time_per_step': '2.21365'}
2025-11-09 05:27:40,262 - train_greyscale_FA_MoE.py - {'step': '348600', 'lr': '0.0002', 'total_loss': '0.0229703', 'main_loss': '0.0229703', 'time_per_step': '2.22655'}
2025-11-09 05:31:27,636 - train_greyscale_FA_MoE.py - {'step': '348700', 'lr': '0.0002', 'total_loss': '0.0207597', 'main_loss': '0.0207597', 'time_per_step': '2.27923'}
2025-11-09 05:35:14,268 - train_greyscale_FA_MoE.py - {'step': '348800', 'lr': '0.0002', 'total_loss': '0.0288785', 'main_loss': '0.0288785', 'time_per_step': '2.22296'}
2025-11-09 05:39:01,628 - train_greyscale_FA_MoE.py - {'step': '348900', 'lr': '0.0002', 'total_loss': '0.0242644', 'main_loss': '0.0242644', 'time_per_step': '2.20276'}
2025-11-09 05:42:48,134 - train_greyscale_FA_MoE.py - {'step': '349000', 'lr': '0.0002', 'total_loss': '0.0269938', 'main_loss': '0.0269938', 'time_per_step': '2.14743'}
2025-11-09 05:46:35,757 - train_greyscale_FA_MoE.py - {'step': '349100', 'lr': '0.0002', 'total_loss': '0.0257312', 'main_loss': '0.0257312', 'time_per_step': '2.22846'}
2025-11-09 05:50:22,041 - train_greyscale_FA_MoE.py - {'step': '349200', 'lr': '0.0002', 'total_loss': '0.0244233', 'main_loss': '0.0244233', 'time_per_step': '2.20854'}
2025-11-09 05:54:08,790 - train_greyscale_FA_MoE.py - {'step': '349300', 'lr': '0.0002', 'total_loss': '0.0293625', 'main_loss': '0.0293625', 'time_per_step': '2.14533'}
2025-11-09 05:57:56,793 - train_greyscale_FA_MoE.py - {'step': '349400', 'lr': '0.0002', 'total_loss': '0.0245056', 'main_loss': '0.0245056', 'time_per_step': '2.27419'}
2025-11-09 06:01:43,909 - train_greyscale_FA_MoE.py - {'step': '349500', 'lr': '0.0002', 'total_loss': '0.0239658', 'main_loss': '0.0239658', 'time_per_step': '2.09435'}
2025-11-09 06:05:29,387 - train_greyscale_FA_MoE.py - {'step': '349600', 'lr': '0.0002', 'total_loss': '0.0282027', 'main_loss': '0.0282027', 'time_per_step': '2.07383'}
2025-11-09 06:09:18,940 - train_greyscale_FA_MoE.py - {'step': '349700', 'lr': '0.0002', 'total_loss': '0.0218213', 'main_loss': '0.0218213', 'time_per_step': '2.21085'}
2025-11-09 06:13:06,477 - train_greyscale_FA_MoE.py - {'step': '349800', 'lr': '0.0002', 'total_loss': '0.0277328', 'main_loss': '0.0277328', 'time_per_step': '2.24735'}
2025-11-09 06:16:54,004 - train_greyscale_FA_MoE.py - {'step': '349900', 'lr': '0.0002', 'total_loss': '0.0268434', 'main_loss': '0.0268434', 'time_per_step': '3.44924'}
2025-11-09 06:20:40,434 - train_greyscale_FA_MoE.py - {'step': '350000', 'lr': '0.0002', 'total_loss': '0.0250918', 'main_loss': '0.0250918', 'time_per_step': '2.18768'}
2025-11-09 06:20:40,467 - train_greyscale_FA_MoE.py - Saved expert distribution of layer in_block_0 to output/acdc_wholeheart_uncond_fa_ec_moe_greyscale_uvit_mid_4by4_l6r9_minmax/samples/expert_distribution_in_block_0_step350000.npy
2025-11-09 06:20:41,835 - train_greyscale_FA_MoE.py - Saved expert distribution of layer out_block_7 to output/acdc_wholeheart_uncond_fa_ec_moe_greyscale_uvit_mid_4by4_l6r9_minmax/samples/expert_distribution_out_block_7_step350000.npy
2025-11-09 06:20:43,241 - train_greyscale_FA_MoE.py - Save a grid of 16 samples into output/acdc_wholeheart_uncond_fa_ec_moe_greyscale_uvit_mid_4by4_l6r9_minmax/samples/350000.png by DPM-Solver
2025-11-09 06:20:48,718 - train_greyscale_FA_MoE.py - Finished saving sample grid to output/acdc_wholeheart_uncond_fa_ec_moe_greyscale_uvit_mid_4by4_l6r9_minmax/samples/350000.png by DPM-Solver.
2025-11-09 06:20:48,770 - train_greyscale_FA_MoE.py - Save and eval checkpoint 350000...
2025-11-09 06:20:51,124 - train_greyscale_FA_MoE.py - eval_step: n_samples=50000, sample_steps=50, algorithm=dpm_solver, mini_batch_size=500, samples save into output/acdc_wholeheart_uncond_fa_ec_moe_greyscale_uvit_mid_4by4_l6r9_minmax/samples/acdc_wholeheart_uncond_uvit_FA_EC_MoE_greyscale_mid_4by4_350000_dpm
2025-11-09 07:10:10,036 - train_greyscale_FA_MoE.py - step=350000 fid50000=17.70865160090011
2025-11-09 07:14:04,164 - train_greyscale_FA_MoE.py - {'step': '350100', 'lr': '0.0002', 'total_loss': '0.0239717', 'main_loss': '0.0239717', 'time_per_step': '2.19976'}
2025-11-09 07:17:51,497 - train_greyscale_FA_MoE.py - {'step': '350200', 'lr': '0.0002', 'total_loss': '0.0223032', 'main_loss': '0.0223032', 'time_per_step': '2.21548'}
2025-11-09 07:21:39,190 - train_greyscale_FA_MoE.py - {'step': '350300', 'lr': '0.0002', 'total_loss': '0.026532', 'main_loss': '0.026532', 'time_per_step': '2.19979'}
2025-11-09 07:25:27,049 - train_greyscale_FA_MoE.py - {'step': '350400', 'lr': '0.0002', 'total_loss': '0.0312013', 'main_loss': '0.0312013', 'time_per_step': '2.25731'}
2025-11-09 07:29:14,134 - train_greyscale_FA_MoE.py - {'step': '350500', 'lr': '0.0002', 'total_loss': '0.0280023', 'main_loss': '0.0280023', 'time_per_step': '2.23149'}
2025-11-09 07:33:08,303 - train_greyscale_FA_MoE.py - {'step': '350600', 'lr': '0.0002', 'total_loss': '0.0343261', 'main_loss': '0.0343261', 'time_per_step': '2.20574'}
2025-11-09 07:37:01,174 - train_greyscale_FA_MoE.py - {'step': '350700', 'lr': '0.0002', 'total_loss': '0.0268998', 'main_loss': '0.0268998', 'time_per_step': '2.09977'}
2025-11-09 07:41:02,215 - train_greyscale_FA_MoE.py - {'step': '350800', 'lr': '0.0002', 'total_loss': '0.0241043', 'main_loss': '0.0241043', 'time_per_step': '2.10964'}
2025-11-09 07:44:57,513 - train_greyscale_FA_MoE.py - {'step': '350900', 'lr': '0.0002', 'total_loss': '0.0253044', 'main_loss': '0.0253044', 'time_per_step': '2.27202'}
2025-11-09 07:48:44,796 - train_greyscale_FA_MoE.py - {'step': '351000', 'lr': '0.0002', 'total_loss': '0.0263524', 'main_loss': '0.0263524', 'time_per_step': '2.19365'}
2025-11-09 07:52:31,001 - train_greyscale_FA_MoE.py - {'step': '351100', 'lr': '0.0002', 'total_loss': '0.0311715', 'main_loss': '0.0311715', 'time_per_step': '2.16539'}
2025-11-09 07:56:18,575 - train_greyscale_FA_MoE.py - {'step': '351200', 'lr': '0.0002', 'total_loss': '0.0277261', 'main_loss': '0.0277261', 'time_per_step': '2.22344'}
2025-11-09 08:00:05,542 - train_greyscale_FA_MoE.py - {'step': '351300', 'lr': '0.0002', 'total_loss': '0.0246308', 'main_loss': '0.0246308', 'time_per_step': '2.20847'}
2025-11-09 08:03:52,736 - train_greyscale_FA_MoE.py - {'step': '351400', 'lr': '0.0002', 'total_loss': '0.0238558', 'main_loss': '0.0238558', 'time_per_step': '2.22453'}
2025-11-09 08:07:39,262 - train_greyscale_FA_MoE.py - {'step': '351500', 'lr': '0.0002', 'total_loss': '0.0276736', 'main_loss': '0.0276736', 'time_per_step': '2.20704'}
2025-11-09 08:11:26,209 - train_greyscale_FA_MoE.py - {'step': '351600', 'lr': '0.0002', 'total_loss': '0.0247812', 'main_loss': '0.0247812', 'time_per_step': '2.21153'}
2025-11-09 08:15:13,190 - train_greyscale_FA_MoE.py - {'step': '351700', 'lr': '0.0002', 'total_loss': '0.0264186', 'main_loss': '0.0264186', 'time_per_step': '2.20878'}
2025-11-09 08:19:00,255 - train_greyscale_FA_MoE.py - {'step': '351800', 'lr': '0.0002', 'total_loss': '0.0310845', 'main_loss': '0.0310845', 'time_per_step': '2.20026'}
2025-11-09 08:22:47,513 - train_greyscale_FA_MoE.py - {'step': '351900', 'lr': '0.0002', 'total_loss': '0.0256468', 'main_loss': '0.0256468', 'time_per_step': '2.09573'}
2025-11-09 08:26:34,817 - train_greyscale_FA_MoE.py - {'step': '352000', 'lr': '0.0002', 'total_loss': '0.0246074', 'main_loss': '0.0246074', 'time_per_step': '2.09309'}
2025-11-09 08:30:22,741 - train_greyscale_FA_MoE.py - {'step': '352100', 'lr': '0.0002', 'total_loss': '0.0266396', 'main_loss': '0.0266396', 'time_per_step': '2.14686'}
2025-11-09 08:34:09,905 - train_greyscale_FA_MoE.py - {'step': '352200', 'lr': '0.0002', 'total_loss': '0.0291237', 'main_loss': '0.0291237', 'time_per_step': '2.1909'}
2025-11-09 08:37:57,168 - train_greyscale_FA_MoE.py - {'step': '352300', 'lr': '0.0002', 'total_loss': '0.0275029', 'main_loss': '0.0275029', 'time_per_step': '2.25027'}
2025-11-09 08:41:44,219 - train_greyscale_FA_MoE.py - {'step': '352400', 'lr': '0.0002', 'total_loss': '0.0247031', 'main_loss': '0.0247031', 'time_per_step': '2.19178'}
2025-11-09 08:45:31,345 - train_greyscale_FA_MoE.py - {'step': '352500', 'lr': '0.0002', 'total_loss': '0.0330549', 'main_loss': '0.0330549', 'time_per_step': '2.2032'}
2025-11-09 08:49:18,262 - train_greyscale_FA_MoE.py - {'step': '352600', 'lr': '0.0002', 'total_loss': '0.0237053', 'main_loss': '0.0237053', 'time_per_step': '2.20762'}
2025-11-09 08:53:04,715 - train_greyscale_FA_MoE.py - {'step': '352700', 'lr': '0.0002', 'total_loss': '0.0305389', 'main_loss': '0.0305389', 'time_per_step': '2.20731'}
2025-11-09 08:56:51,787 - train_greyscale_FA_MoE.py - {'step': '352800', 'lr': '0.0002', 'total_loss': '0.0254575', 'main_loss': '0.0254575', 'time_per_step': '2.21778'}
2025-11-09 09:00:39,070 - train_greyscale_FA_MoE.py - {'step': '352900', 'lr': '0.0002', 'total_loss': '0.0310004', 'main_loss': '0.0310004', 'time_per_step': '2.2085'}
2025-11-09 09:04:25,804 - train_greyscale_FA_MoE.py - {'step': '353000', 'lr': '0.0002', 'total_loss': '0.0313707', 'main_loss': '0.0313707', 'time_per_step': '2.16367'}
2025-11-09 09:08:11,721 - train_greyscale_FA_MoE.py - {'step': '353100', 'lr': '0.0002', 'total_loss': '0.0204419', 'main_loss': '0.0204419', 'time_per_step': '2.07725'}
2025-11-09 09:11:59,367 - train_greyscale_FA_MoE.py - {'step': '353200', 'lr': '0.0002', 'total_loss': '0.0254655', 'main_loss': '0.0254655', 'time_per_step': '2.09309'}
2025-11-09 09:15:47,545 - train_greyscale_FA_MoE.py - {'step': '353300', 'lr': '0.0002', 'total_loss': '0.0217403', 'main_loss': '0.0217403', 'time_per_step': '2.22998'}
2025-11-09 09:19:35,739 - train_greyscale_FA_MoE.py - {'step': '353400', 'lr': '0.0002', 'total_loss': '0.0200661', 'main_loss': '0.0200661', 'time_per_step': '2.2129'}
2025-11-09 09:23:22,301 - train_greyscale_FA_MoE.py - {'step': '353500', 'lr': '0.0002', 'total_loss': '0.0301451', 'main_loss': '0.0301451', 'time_per_step': '2.20736'}
2025-11-09 09:27:09,681 - train_greyscale_FA_MoE.py - {'step': '353600', 'lr': '0.0002', 'total_loss': '0.0220848', 'main_loss': '0.0220848', 'time_per_step': '2.22338'}
2025-11-09 09:30:57,551 - train_greyscale_FA_MoE.py - {'step': '353700', 'lr': '0.0002', 'total_loss': '0.0248228', 'main_loss': '0.0248228', 'time_per_step': '2.28761'}
2025-11-09 09:34:45,024 - train_greyscale_FA_MoE.py - {'step': '353800', 'lr': '0.0002', 'total_loss': '0.0325564', 'main_loss': '0.0325564', 'time_per_step': '2.17095'}
2025-11-09 09:38:31,757 - train_greyscale_FA_MoE.py - {'step': '353900', 'lr': '0.0002', 'total_loss': '0.0292557', 'main_loss': '0.0292557', 'time_per_step': '2.21424'}
2025-11-09 09:42:18,293 - train_greyscale_FA_MoE.py - {'step': '354000', 'lr': '0.0002', 'total_loss': '0.0245845', 'main_loss': '0.0245845', 'time_per_step': '2.19491'}
2025-11-09 09:46:05,872 - train_greyscale_FA_MoE.py - {'step': '354100', 'lr': '0.0002', 'total_loss': '0.0266364', 'main_loss': '0.0266364', 'time_per_step': '2.2378'}
2025-11-09 09:49:52,611 - train_greyscale_FA_MoE.py - {'step': '354200', 'lr': '0.0002', 'total_loss': '0.0236828', 'main_loss': '0.0236828', 'time_per_step': '2.19708'}
2025-11-09 09:53:39,368 - train_greyscale_FA_MoE.py - {'step': '354300', 'lr': '0.0002', 'total_loss': '0.0291227', 'main_loss': '0.0291227', 'time_per_step': '2.09691'}
2025-11-09 09:57:26,373 - train_greyscale_FA_MoE.py - {'step': '354400', 'lr': '0.0002', 'total_loss': '0.0263447', 'main_loss': '0.0263447', 'time_per_step': '2.08093'}
2025-11-09 10:01:14,298 - train_greyscale_FA_MoE.py - {'step': '354500', 'lr': '0.0002', 'total_loss': '0.0265815', 'main_loss': '0.0265815', 'time_per_step': '2.23346'}
2025-11-09 10:05:02,081 - train_greyscale_FA_MoE.py - {'step': '354600', 'lr': '0.0002', 'total_loss': '0.0265677', 'main_loss': '0.0265677', 'time_per_step': '2.23569'}
2025-11-09 10:08:48,198 - train_greyscale_FA_MoE.py - {'step': '354700', 'lr': '0.0002', 'total_loss': '0.0302452', 'main_loss': '0.0302452', 'time_per_step': '2.16284'}
2025-11-09 10:12:35,711 - train_greyscale_FA_MoE.py - {'step': '354800', 'lr': '0.0002', 'total_loss': '0.0286341', 'main_loss': '0.0286341', 'time_per_step': '2.18887'}
2025-11-09 10:16:22,346 - train_greyscale_FA_MoE.py - {'step': '354900', 'lr': '0.0002', 'total_loss': '0.0235488', 'main_loss': '0.0235488', 'time_per_step': '2.18048'}
2025-11-09 10:20:09,716 - train_greyscale_FA_MoE.py - {'step': '355000', 'lr': '0.0002', 'total_loss': '0.0232385', 'main_loss': '0.0232385', 'time_per_step': '2.22191'}
2025-11-09 10:23:55,955 - train_greyscale_FA_MoE.py - {'step': '355100', 'lr': '0.0002', 'total_loss': '0.0260157', 'main_loss': '0.0260157', 'time_per_step': '2.14897'}
2025-11-09 10:27:43,183 - train_greyscale_FA_MoE.py - {'step': '355200', 'lr': '0.0002', 'total_loss': '0.027275', 'main_loss': '0.027275', 'time_per_step': '2.20696'}
2025-11-09 10:31:29,937 - train_greyscale_FA_MoE.py - {'step': '355300', 'lr': '0.0002', 'total_loss': '0.0288596', 'main_loss': '0.0288596', 'time_per_step': '2.21197'}
2025-11-09 10:35:16,461 - train_greyscale_FA_MoE.py - {'step': '355400', 'lr': '0.0002', 'total_loss': '0.0294378', 'main_loss': '0.0294378', 'time_per_step': '2.21175'}
2025-11-09 10:39:03,631 - train_greyscale_FA_MoE.py - {'step': '355500', 'lr': '0.0002', 'total_loss': '0.0257089', 'main_loss': '0.0257089', 'time_per_step': '2.10203'}
2025-11-09 10:42:50,271 - train_greyscale_FA_MoE.py - {'step': '355600', 'lr': '0.0002', 'total_loss': '0.0210098', 'main_loss': '0.0210098', 'time_per_step': '2.09391'}
2025-11-09 10:46:37,653 - train_greyscale_FA_MoE.py - {'step': '355700', 'lr': '0.0002', 'total_loss': '0.0258113', 'main_loss': '0.0258113', 'time_per_step': '2.21371'}
2025-11-09 10:50:23,528 - train_greyscale_FA_MoE.py - {'step': '355800', 'lr': '0.0002', 'total_loss': '0.0277035', 'main_loss': '0.0277035', 'time_per_step': '2.1855'}
2025-11-09 10:54:11,514 - train_greyscale_FA_MoE.py - {'step': '355900', 'lr': '0.0002', 'total_loss': '0.0282999', 'main_loss': '0.0282999', 'time_per_step': '2.19675'}
2025-11-09 10:57:58,934 - train_greyscale_FA_MoE.py - {'step': '356000', 'lr': '0.0002', 'total_loss': '0.0210981', 'main_loss': '0.0210981', 'time_per_step': '2.20905'}
2025-11-09 11:01:46,329 - train_greyscale_FA_MoE.py - {'step': '356100', 'lr': '0.0002', 'total_loss': '0.0250041', 'main_loss': '0.0250041', 'time_per_step': '2.22096'}
2025-11-09 11:05:32,750 - train_greyscale_FA_MoE.py - {'step': '356200', 'lr': '0.0002', 'total_loss': '0.0198327', 'main_loss': '0.0198327', 'time_per_step': '2.3983'}
2025-11-09 11:09:20,370 - train_greyscale_FA_MoE.py - {'step': '356300', 'lr': '0.0002', 'total_loss': '0.0242497', 'main_loss': '0.0242497', 'time_per_step': '2.23256'}
2025-11-09 11:13:07,645 - train_greyscale_FA_MoE.py - {'step': '356400', 'lr': '0.0002', 'total_loss': '0.0246991', 'main_loss': '0.0246991', 'time_per_step': '2.19121'}
2025-11-09 11:16:54,027 - train_greyscale_FA_MoE.py - {'step': '356500', 'lr': '0.0002', 'total_loss': '0.0264753', 'main_loss': '0.0264753', 'time_per_step': '2.22795'}
2025-11-09 11:20:41,335 - train_greyscale_FA_MoE.py - {'step': '356600', 'lr': '0.0002', 'total_loss': '0.0287899', 'main_loss': '0.0287899', 'time_per_step': '2.18132'}
2025-11-09 11:24:28,394 - train_greyscale_FA_MoE.py - {'step': '356700', 'lr': '0.0002', 'total_loss': '0.0245056', 'main_loss': '0.0245056', 'time_per_step': '2.14291'}
2025-11-09 11:28:15,668 - train_greyscale_FA_MoE.py - {'step': '356800', 'lr': '0.0002', 'total_loss': '0.0245363', 'main_loss': '0.0245363', 'time_per_step': '2.10253'}
2025-11-09 11:32:04,295 - train_greyscale_FA_MoE.py - {'step': '356900', 'lr': '0.0002', 'total_loss': '0.0254017', 'main_loss': '0.0254017', 'time_per_step': '2.21947'}
2025-11-09 11:35:50,131 - train_greyscale_FA_MoE.py - {'step': '357000', 'lr': '0.0002', 'total_loss': '0.0259162', 'main_loss': '0.0259162', 'time_per_step': '2.18253'}
2025-11-09 11:39:37,455 - train_greyscale_FA_MoE.py - {'step': '357100', 'lr': '0.0002', 'total_loss': '0.0259097', 'main_loss': '0.0259097', 'time_per_step': '2.23008'}
2025-11-09 11:43:24,497 - train_greyscale_FA_MoE.py - {'step': '357200', 'lr': '0.0002', 'total_loss': '0.0249946', 'main_loss': '0.0249946', 'time_per_step': '2.21966'}
2025-11-09 11:47:12,116 - train_greyscale_FA_MoE.py - {'step': '357300', 'lr': '0.0002', 'total_loss': '0.0229679', 'main_loss': '0.0229679', 'time_per_step': '2.22899'}
2025-11-09 11:50:58,704 - train_greyscale_FA_MoE.py - {'step': '357400', 'lr': '0.0002', 'total_loss': '0.0231071', 'main_loss': '0.0231071', 'time_per_step': '2.26846'}
2025-11-09 11:54:45,876 - train_greyscale_FA_MoE.py - {'step': '357500', 'lr': '0.0002', 'total_loss': '0.0293218', 'main_loss': '0.0293218', 'time_per_step': '2.21123'}
2025-11-09 11:58:33,106 - train_greyscale_FA_MoE.py - {'step': '357600', 'lr': '0.0002', 'total_loss': '0.0272583', 'main_loss': '0.0272583', 'time_per_step': '2.25136'}
2025-11-09 12:02:20,174 - train_greyscale_FA_MoE.py - {'step': '357700', 'lr': '0.0002', 'total_loss': '0.0256051', 'main_loss': '0.0256051', 'time_per_step': '2.21113'}
2025-11-09 12:06:06,505 - train_greyscale_FA_MoE.py - {'step': '357800', 'lr': '0.0002', 'total_loss': '0.0269312', 'main_loss': '0.0269312', 'time_per_step': '2.15357'}
2025-11-09 12:09:53,719 - train_greyscale_FA_MoE.py - {'step': '357900', 'lr': '0.0002', 'total_loss': '0.0217196', 'main_loss': '0.0217196', 'time_per_step': '2.09013'}
2025-11-09 12:13:40,112 - train_greyscale_FA_MoE.py - {'step': '358000', 'lr': '0.0002', 'total_loss': '0.0216353', 'main_loss': '0.0216353', 'time_per_step': '2.09823'}
2025-11-09 12:17:27,869 - train_greyscale_FA_MoE.py - {'step': '358100', 'lr': '0.0002', 'total_loss': '0.0271439', 'main_loss': '0.0271439', 'time_per_step': '2.25175'}
2025-11-09 12:21:14,773 - train_greyscale_FA_MoE.py - {'step': '358200', 'lr': '0.0002', 'total_loss': '0.0224708', 'main_loss': '0.0224708', 'time_per_step': '2.2189'}
2025-11-09 12:25:02,858 - train_greyscale_FA_MoE.py - {'step': '358300', 'lr': '0.0002', 'total_loss': '0.0248435', 'main_loss': '0.0248435', 'time_per_step': '2.21454'}
2025-11-09 12:28:50,056 - train_greyscale_FA_MoE.py - {'step': '358400', 'lr': '0.0002', 'total_loss': '0.0214222', 'main_loss': '0.0214222', 'time_per_step': '2.21054'}
2025-11-09 12:32:37,294 - train_greyscale_FA_MoE.py - {'step': '358500', 'lr': '0.0002', 'total_loss': '0.0328197', 'main_loss': '0.0328197', 'time_per_step': '2.2005'}
2025-11-09 12:36:23,384 - train_greyscale_FA_MoE.py - {'step': '358600', 'lr': '0.0002', 'total_loss': '0.0235557', 'main_loss': '0.0235557', 'time_per_step': '2.17416'}
2025-11-09 12:40:11,150 - train_greyscale_FA_MoE.py - {'step': '358700', 'lr': '0.0002', 'total_loss': '0.0281586', 'main_loss': '0.0281586', 'time_per_step': '2.21094'}
2025-11-09 12:43:57,781 - train_greyscale_FA_MoE.py - {'step': '358800', 'lr': '0.0002', 'total_loss': '0.0306776', 'main_loss': '0.0306776', 'time_per_step': '2.26198'}
2025-11-09 12:47:44,787 - train_greyscale_FA_MoE.py - {'step': '358900', 'lr': '0.0002', 'total_loss': '0.0281391', 'main_loss': '0.0281391', 'time_per_step': '2.18929'}
2025-11-09 12:51:31,616 - train_greyscale_FA_MoE.py - {'step': '359000', 'lr': '0.0002', 'total_loss': '0.026753', 'main_loss': '0.026753', 'time_per_step': '2.19941'}
2025-11-09 12:55:18,060 - train_greyscale_FA_MoE.py - {'step': '359100', 'lr': '0.0002', 'total_loss': '0.0319534', 'main_loss': '0.0319534', 'time_per_step': '2.09629'}
2025-11-09 12:59:05,047 - train_greyscale_FA_MoE.py - {'step': '359200', 'lr': '0.0002', 'total_loss': '0.0218903', 'main_loss': '0.0218903', 'time_per_step': '2.07927'}
2025-11-09 13:02:53,208 - train_greyscale_FA_MoE.py - {'step': '359300', 'lr': '0.0002', 'total_loss': '0.0282452', 'main_loss': '0.0282452', 'time_per_step': '2.18091'}
2025-11-09 13:06:39,478 - train_greyscale_FA_MoE.py - {'step': '359400', 'lr': '0.0002', 'total_loss': '0.0235211', 'main_loss': '0.0235211', 'time_per_step': '2.2038'}
2025-11-09 13:10:26,090 - train_greyscale_FA_MoE.py - {'step': '359500', 'lr': '0.0002', 'total_loss': '0.0267128', 'main_loss': '0.0267128', 'time_per_step': '2.2212'}
2025-11-09 13:14:13,719 - train_greyscale_FA_MoE.py - {'step': '359600', 'lr': '0.0002', 'total_loss': '0.0232671', 'main_loss': '0.0232671', 'time_per_step': '2.19482'}
2025-11-09 13:18:00,699 - train_greyscale_FA_MoE.py - {'step': '359700', 'lr': '0.0002', 'total_loss': '0.0221841', 'main_loss': '0.0221841', 'time_per_step': '2.19478'}
2025-11-09 13:21:48,212 - train_greyscale_FA_MoE.py - {'step': '359800', 'lr': '0.0002', 'total_loss': '0.03054', 'main_loss': '0.03054', 'time_per_step': '2.21545'}
2025-11-09 13:25:35,769 - train_greyscale_FA_MoE.py - {'step': '359900', 'lr': '0.0002', 'total_loss': '0.0265732', 'main_loss': '0.0265732', 'time_per_step': '2.16087'}
2025-11-09 13:29:23,267 - train_greyscale_FA_MoE.py - {'step': '360000', 'lr': '0.0002', 'total_loss': '0.0282414', 'main_loss': '0.0282414', 'time_per_step': '2.18808'}
2025-11-09 13:33:10,273 - train_greyscale_FA_MoE.py - {'step': '360100', 'lr': '0.0002', 'total_loss': '0.0260491', 'main_loss': '0.0260491', 'time_per_step': '2.21295'}
2025-11-09 13:36:56,625 - train_greyscale_FA_MoE.py - {'step': '360200', 'lr': '0.0002', 'total_loss': '0.0281607', 'main_loss': '0.0281607', 'time_per_step': '2.27017'}
2025-11-09 13:40:43,778 - train_greyscale_FA_MoE.py - {'step': '360300', 'lr': '0.0002', 'total_loss': '0.0254727', 'main_loss': '0.0254727', 'time_per_step': '2.09439'}
2025-11-09 13:44:30,114 - train_greyscale_FA_MoE.py - {'step': '360400', 'lr': '0.0002', 'total_loss': '0.0360398', 'main_loss': '0.0360398', 'time_per_step': '2.09529'}
2025-11-09 13:48:17,849 - train_greyscale_FA_MoE.py - {'step': '360500', 'lr': '0.0002', 'total_loss': '0.029274', 'main_loss': '0.029274', 'time_per_step': '2.18103'}
2025-11-09 13:52:04,392 - train_greyscale_FA_MoE.py - {'step': '360600', 'lr': '0.0002', 'total_loss': '0.0261221', 'main_loss': '0.0261221', 'time_per_step': '2.20346'}
2025-11-09 13:55:51,511 - train_greyscale_FA_MoE.py - {'step': '360700', 'lr': '0.0002', 'total_loss': '0.0237986', 'main_loss': '0.0237986', 'time_per_step': '2.19633'}
2025-11-09 13:59:38,312 - train_greyscale_FA_MoE.py - {'step': '360800', 'lr': '0.0002', 'total_loss': '0.0289676', 'main_loss': '0.0289676', 'time_per_step': '2.19557'}
2025-11-09 14:03:25,142 - train_greyscale_FA_MoE.py - {'step': '360900', 'lr': '0.0002', 'total_loss': '0.023492', 'main_loss': '0.023492', 'time_per_step': '2.20705'}
2025-11-09 14:07:11,931 - train_greyscale_FA_MoE.py - {'step': '361000', 'lr': '0.0002', 'total_loss': '0.0216463', 'main_loss': '0.0216463', 'time_per_step': '2.3369'}
2025-11-09 14:10:59,677 - train_greyscale_FA_MoE.py - {'step': '361100', 'lr': '0.0002', 'total_loss': '0.0245014', 'main_loss': '0.0245014', 'time_per_step': '2.1711'}
2025-11-09 14:14:47,073 - train_greyscale_FA_MoE.py - {'step': '361200', 'lr': '0.0002', 'total_loss': '0.0222984', 'main_loss': '0.0222984', 'time_per_step': '2.208'}
2025-11-09 14:18:34,789 - train_greyscale_FA_MoE.py - {'step': '361300', 'lr': '0.0002', 'total_loss': '0.0255648', 'main_loss': '0.0255648', 'time_per_step': '2.2079'}
2025-11-09 14:22:21,476 - train_greyscale_FA_MoE.py - {'step': '361400', 'lr': '0.0002', 'total_loss': '0.0265082', 'main_loss': '0.0265082', 'time_per_step': '2.22022'}
2025-11-09 14:26:08,306 - train_greyscale_FA_MoE.py - {'step': '361500', 'lr': '0.0002', 'total_loss': '0.0214524', 'main_loss': '0.0214524', 'time_per_step': '2.08616'}
2025-11-09 14:29:54,863 - train_greyscale_FA_MoE.py - {'step': '361600', 'lr': '0.0002', 'total_loss': '0.0272437', 'main_loss': '0.0272437', 'time_per_step': '2.09732'}
2025-11-09 14:33:43,063 - train_greyscale_FA_MoE.py - {'step': '361700', 'lr': '0.0002', 'total_loss': '0.0248938', 'main_loss': '0.0248938', 'time_per_step': '2.19718'}
2025-11-09 14:37:29,248 - train_greyscale_FA_MoE.py - {'step': '361800', 'lr': '0.0002', 'total_loss': '0.0254844', 'main_loss': '0.0254844', 'time_per_step': '2.17688'}
2025-11-09 14:41:15,968 - train_greyscale_FA_MoE.py - {'step': '361900', 'lr': '0.0002', 'total_loss': '0.0262921', 'main_loss': '0.0262921', 'time_per_step': '2.1848'}
2025-11-09 14:45:03,046 - train_greyscale_FA_MoE.py - {'step': '362000', 'lr': '0.0002', 'total_loss': '0.0212377', 'main_loss': '0.0212377', 'time_per_step': '2.22605'}
2025-11-09 14:48:50,490 - train_greyscale_FA_MoE.py - {'step': '362100', 'lr': '0.0002', 'total_loss': '0.0258955', 'main_loss': '0.0258955', 'time_per_step': '2.2045'}
2025-11-09 14:52:36,248 - train_greyscale_FA_MoE.py - {'step': '362200', 'lr': '0.0002', 'total_loss': '0.0260948', 'main_loss': '0.0260948', 'time_per_step': '2.16568'}
2025-11-09 14:56:23,656 - train_greyscale_FA_MoE.py - {'step': '362300', 'lr': '0.0002', 'total_loss': '0.0279038', 'main_loss': '0.0279038', 'time_per_step': '2.23576'}
2025-11-09 15:00:11,009 - train_greyscale_FA_MoE.py - {'step': '362400', 'lr': '0.0002', 'total_loss': '0.0244673', 'main_loss': '0.0244673', 'time_per_step': '2.20861'}
2025-11-09 15:03:57,310 - train_greyscale_FA_MoE.py - {'step': '362500', 'lr': '0.0002', 'total_loss': '0.0255788', 'main_loss': '0.0255788', 'time_per_step': '2.30056'}
2025-11-09 15:07:44,384 - train_greyscale_FA_MoE.py - {'step': '362600', 'lr': '0.0002', 'total_loss': '0.0244052', 'main_loss': '0.0244052', 'time_per_step': '2.21919'}
2025-11-09 15:11:31,428 - train_greyscale_FA_MoE.py - {'step': '362700', 'lr': '0.0002', 'total_loss': '0.027572', 'main_loss': '0.027572', 'time_per_step': '2.09213'}
2025-11-09 15:15:17,999 - train_greyscale_FA_MoE.py - {'step': '362800', 'lr': '0.0002', 'total_loss': '0.0250721', 'main_loss': '0.0250721', 'time_per_step': '2.09206'}
2025-11-09 15:19:04,725 - train_greyscale_FA_MoE.py - {'step': '362900', 'lr': '0.0002', 'total_loss': '0.0279266', 'main_loss': '0.0279266', 'time_per_step': '2.22431'}
2025-11-09 15:22:52,533 - train_greyscale_FA_MoE.py - {'step': '363000', 'lr': '0.0002', 'total_loss': '0.025477', 'main_loss': '0.025477', 'time_per_step': '2.22388'}
2025-11-09 15:26:39,402 - train_greyscale_FA_MoE.py - {'step': '363100', 'lr': '0.0002', 'total_loss': '0.0195171', 'main_loss': '0.0195171', 'time_per_step': '2.20731'}
2025-11-09 15:30:24,929 - train_greyscale_FA_MoE.py - {'step': '363200', 'lr': '0.0002', 'total_loss': '0.0240184', 'main_loss': '0.0240184', 'time_per_step': '2.15458'}
2025-11-09 15:34:09,257 - train_greyscale_FA_MoE.py - {'step': '363300', 'lr': '0.0002', 'total_loss': '0.0270123', 'main_loss': '0.0270123', 'time_per_step': '2.19775'}
2025-11-09 15:37:55,230 - train_greyscale_FA_MoE.py - {'step': '363400', 'lr': '0.0002', 'total_loss': '0.0252832', 'main_loss': '0.0252832', 'time_per_step': '2.18632'}
2025-11-09 15:41:42,068 - train_greyscale_FA_MoE.py - {'step': '363500', 'lr': '0.0002', 'total_loss': '0.0236357', 'main_loss': '0.0236357', 'time_per_step': '2.23105'}
2025-11-09 15:45:29,254 - train_greyscale_FA_MoE.py - {'step': '363600', 'lr': '0.0002', 'total_loss': '0.024635', 'main_loss': '0.024635', 'time_per_step': '2.18906'}
2025-11-09 15:49:15,196 - train_greyscale_FA_MoE.py - {'step': '363700', 'lr': '0.0002', 'total_loss': '0.0286917', 'main_loss': '0.0286917', 'time_per_step': '2.22607'}
2025-11-09 15:53:02,500 - train_greyscale_FA_MoE.py - {'step': '363800', 'lr': '0.0002', 'total_loss': '0.0304485', 'main_loss': '0.0304485', 'time_per_step': '2.1854'}
2025-11-09 15:56:49,494 - train_greyscale_FA_MoE.py - {'step': '363900', 'lr': '0.0002', 'total_loss': '0.028254', 'main_loss': '0.028254', 'time_per_step': '2.09172'}
2025-11-09 16:00:36,893 - train_greyscale_FA_MoE.py - {'step': '364000', 'lr': '0.0002', 'total_loss': '0.023514', 'main_loss': '0.023514', 'time_per_step': '2.0954'}
2025-11-09 16:04:23,557 - train_greyscale_FA_MoE.py - {'step': '364100', 'lr': '0.0002', 'total_loss': '0.0282944', 'main_loss': '0.0282944', 'time_per_step': '2.21183'}
2025-11-09 16:08:10,913 - train_greyscale_FA_MoE.py - {'step': '364200', 'lr': '0.0002', 'total_loss': '0.0281527', 'main_loss': '0.0281527', 'time_per_step': '2.22076'}
2025-11-09 16:11:57,955 - train_greyscale_FA_MoE.py - {'step': '364300', 'lr': '0.0002', 'total_loss': '0.023631', 'main_loss': '0.023631', 'time_per_step': '2.27498'}
2025-11-09 16:15:44,889 - train_greyscale_FA_MoE.py - {'step': '364400', 'lr': '0.0002', 'total_loss': '0.0294287', 'main_loss': '0.0294287', 'time_per_step': '2.20988'}
2025-11-09 16:19:31,669 - train_greyscale_FA_MoE.py - {'step': '364500', 'lr': '0.0002', 'total_loss': '0.0222092', 'main_loss': '0.0222092', 'time_per_step': '2.16431'}
2025-11-09 16:23:18,691 - train_greyscale_FA_MoE.py - {'step': '364600', 'lr': '0.0002', 'total_loss': '0.027136', 'main_loss': '0.027136', 'time_per_step': '2.21956'}
2025-11-09 16:27:05,367 - train_greyscale_FA_MoE.py - {'step': '364700', 'lr': '0.0002', 'total_loss': '0.0302559', 'main_loss': '0.0302559', 'time_per_step': '2.18116'}
2025-11-09 16:30:52,615 - train_greyscale_FA_MoE.py - {'step': '364800', 'lr': '0.0002', 'total_loss': '0.0296492', 'main_loss': '0.0296492', 'time_per_step': '2.19778'}
2025-11-09 16:34:38,638 - train_greyscale_FA_MoE.py - {'step': '364900', 'lr': '0.0002', 'total_loss': '0.0294643', 'main_loss': '0.0294643', 'time_per_step': '2.16343'}
2025-11-09 16:38:25,586 - train_greyscale_FA_MoE.py - {'step': '365000', 'lr': '0.0002', 'total_loss': '0.0248288', 'main_loss': '0.0248288', 'time_per_step': '2.20757'}
2025-11-09 16:42:13,210 - train_greyscale_FA_MoE.py - {'step': '365100', 'lr': '0.0002', 'total_loss': '0.0213592', 'main_loss': '0.0213592', 'time_per_step': '2.09374'}
2025-11-09 16:45:59,619 - train_greyscale_FA_MoE.py - {'step': '365200', 'lr': '0.0002', 'total_loss': '0.0221817', 'main_loss': '0.0221817', 'time_per_step': '2.09124'}
2025-11-09 16:49:46,032 - train_greyscale_FA_MoE.py - {'step': '365300', 'lr': '0.0002', 'total_loss': '0.0229666', 'main_loss': '0.0229666', 'time_per_step': '2.19705'}
2025-11-09 16:53:33,024 - train_greyscale_FA_MoE.py - {'step': '365400', 'lr': '0.0002', 'total_loss': '0.0249784', 'main_loss': '0.0249784', 'time_per_step': '2.35878'}
2025-11-09 16:57:20,167 - train_greyscale_FA_MoE.py - {'step': '365500', 'lr': '0.0002', 'total_loss': '0.0233528', 'main_loss': '0.0233528', 'time_per_step': '2.16502'}
2025-11-09 17:01:07,137 - train_greyscale_FA_MoE.py - {'step': '365600', 'lr': '0.0002', 'total_loss': '0.0270977', 'main_loss': '0.0270977', 'time_per_step': '2.21356'}
2025-11-09 17:04:53,445 - train_greyscale_FA_MoE.py - {'step': '365700', 'lr': '0.0002', 'total_loss': '0.0254854', 'main_loss': '0.0254854', 'time_per_step': '2.20287'}
2025-11-09 17:08:40,562 - train_greyscale_FA_MoE.py - {'step': '365800', 'lr': '0.0002', 'total_loss': '0.0241104', 'main_loss': '0.0241104', 'time_per_step': '2.21159'}
2025-11-09 17:12:27,519 - train_greyscale_FA_MoE.py - {'step': '365900', 'lr': '0.0002', 'total_loss': '0.0255251', 'main_loss': '0.0255251', 'time_per_step': '2.2967'}
2025-11-09 17:16:14,761 - train_greyscale_FA_MoE.py - {'step': '366000', 'lr': '0.0002', 'total_loss': '0.0292906', 'main_loss': '0.0292906', 'time_per_step': '2.21222'}
2025-11-09 17:20:01,795 - train_greyscale_FA_MoE.py - {'step': '366100', 'lr': '0.0002', 'total_loss': '0.0230471', 'main_loss': '0.0230471', 'time_per_step': '2.16296'}
2025-11-09 17:23:48,500 - train_greyscale_FA_MoE.py - {'step': '366200', 'lr': '0.0002', 'total_loss': '0.0292675', 'main_loss': '0.0292675', 'time_per_step': '2.20907'}
2025-11-09 17:27:35,612 - train_greyscale_FA_MoE.py - {'step': '366300', 'lr': '0.0002', 'total_loss': '0.0267921', 'main_loss': '0.0267921', 'time_per_step': '2.07911'}
2025-11-09 17:31:22,518 - train_greyscale_FA_MoE.py - {'step': '366400', 'lr': '0.0002', 'total_loss': '0.027572', 'main_loss': '0.027572', 'time_per_step': '2.07676'}
2025-11-09 17:35:09,500 - train_greyscale_FA_MoE.py - {'step': '366500', 'lr': '0.0002', 'total_loss': '0.0219357', 'main_loss': '0.0219357', 'time_per_step': '2.22536'}
2025-11-09 17:38:56,811 - train_greyscale_FA_MoE.py - {'step': '366600', 'lr': '0.0002', 'total_loss': '0.0196398', 'main_loss': '0.0196398', 'time_per_step': '2.25129'}
2025-11-09 17:42:44,164 - train_greyscale_FA_MoE.py - {'step': '366700', 'lr': '0.0002', 'total_loss': '0.0230105', 'main_loss': '0.0230105', 'time_per_step': '2.20723'}
2025-11-09 17:46:30,960 - train_greyscale_FA_MoE.py - {'step': '366800', 'lr': '0.0002', 'total_loss': '0.0211706', 'main_loss': '0.0211706', 'time_per_step': '2.23131'}
2025-11-09 17:50:17,290 - train_greyscale_FA_MoE.py - {'step': '366900', 'lr': '0.0002', 'total_loss': '0.0257296', 'main_loss': '0.0257296', 'time_per_step': '2.21641'}
2025-11-09 17:54:04,918 - train_greyscale_FA_MoE.py - {'step': '367000', 'lr': '0.0002', 'total_loss': '0.025945', 'main_loss': '0.025945', 'time_per_step': '2.22141'}
2025-11-09 17:57:52,263 - train_greyscale_FA_MoE.py - {'step': '367100', 'lr': '0.0002', 'total_loss': '0.0264279', 'main_loss': '0.0264279', 'time_per_step': '2.21175'}
2025-11-09 18:01:39,612 - train_greyscale_FA_MoE.py - {'step': '367200', 'lr': '0.0002', 'total_loss': '0.0261181', 'main_loss': '0.0261181', 'time_per_step': '2.20546'}
2025-11-09 18:05:25,367 - train_greyscale_FA_MoE.py - {'step': '367300', 'lr': '0.0002', 'total_loss': '0.0265786', 'main_loss': '0.0265786', 'time_per_step': '2.19504'}
2025-11-09 18:09:12,575 - train_greyscale_FA_MoE.py - {'step': '367400', 'lr': '0.0002', 'total_loss': '0.0212596', 'main_loss': '0.0212596', 'time_per_step': '2.19759'}
2025-11-09 18:12:59,440 - train_greyscale_FA_MoE.py - {'step': '367500', 'lr': '0.0002', 'total_loss': '0.0223505', 'main_loss': '0.0223505', 'time_per_step': '2.07549'}
2025-11-09 18:16:45,859 - train_greyscale_FA_MoE.py - {'step': '367600', 'lr': '0.0002', 'total_loss': '0.0241913', 'main_loss': '0.0241913', 'time_per_step': '2.08939'}
2025-11-09 18:20:33,541 - train_greyscale_FA_MoE.py - {'step': '367700', 'lr': '0.0002', 'total_loss': '0.021211', 'main_loss': '0.021211', 'time_per_step': '2.1831'}
2025-11-09 18:24:20,313 - train_greyscale_FA_MoE.py - {'step': '367800', 'lr': '0.0002', 'total_loss': '0.0255954', 'main_loss': '0.0255954', 'time_per_step': '2.21504'}
2025-11-09 18:28:07,481 - train_greyscale_FA_MoE.py - {'step': '367900', 'lr': '0.0002', 'total_loss': '0.0250449', 'main_loss': '0.0250449', 'time_per_step': '2.20181'}
2025-11-09 18:31:54,368 - train_greyscale_FA_MoE.py - {'step': '368000', 'lr': '0.0002', 'total_loss': '0.0217106', 'main_loss': '0.0217106', 'time_per_step': '2.1718'}
2025-11-09 18:35:40,542 - train_greyscale_FA_MoE.py - {'step': '368100', 'lr': '0.0002', 'total_loss': '0.0328589', 'main_loss': '0.0328589', 'time_per_step': '2.1661'}
2025-11-09 18:39:27,699 - train_greyscale_FA_MoE.py - {'step': '368200', 'lr': '0.0002', 'total_loss': '0.0268073', 'main_loss': '0.0268073', 'time_per_step': '2.25336'}
2025-11-09 18:43:14,773 - train_greyscale_FA_MoE.py - {'step': '368300', 'lr': '0.0002', 'total_loss': '0.0248791', 'main_loss': '0.0248791', 'time_per_step': '2.20386'}
2025-11-09 18:47:02,393 - train_greyscale_FA_MoE.py - {'step': '368400', 'lr': '0.0002', 'total_loss': '0.027085', 'main_loss': '0.027085', 'time_per_step': '2.17076'}
2025-11-09 18:50:48,376 - train_greyscale_FA_MoE.py - {'step': '368500', 'lr': '0.0002', 'total_loss': '0.023257', 'main_loss': '0.023257', 'time_per_step': '2.2222'}
2025-11-09 18:54:35,690 - train_greyscale_FA_MoE.py - {'step': '368600', 'lr': '0.0002', 'total_loss': '0.0242179', 'main_loss': '0.0242179', 'time_per_step': '2.18384'}
2025-11-09 18:58:22,846 - train_greyscale_FA_MoE.py - {'step': '368700', 'lr': '0.0002', 'total_loss': '0.023531', 'main_loss': '0.023531', 'time_per_step': '2.09501'}
2025-11-09 19:02:08,878 - train_greyscale_FA_MoE.py - {'step': '368800', 'lr': '0.0002', 'total_loss': '0.0241348', 'main_loss': '0.0241348', 'time_per_step': '2.0912'}
2025-11-09 19:05:56,025 - train_greyscale_FA_MoE.py - {'step': '368900', 'lr': '0.0002', 'total_loss': '0.0282029', 'main_loss': '0.0282029', 'time_per_step': '2.19431'}
2025-11-09 19:09:43,494 - train_greyscale_FA_MoE.py - {'step': '369000', 'lr': '0.0002', 'total_loss': '0.020435', 'main_loss': '0.020435', 'time_per_step': '2.21094'}
2025-11-09 19:13:29,616 - train_greyscale_FA_MoE.py - {'step': '369100', 'lr': '0.0002', 'total_loss': '0.0234835', 'main_loss': '0.0234835', 'time_per_step': '2.24093'}
2025-11-09 19:17:15,885 - train_greyscale_FA_MoE.py - {'step': '369200', 'lr': '0.0002', 'total_loss': '0.0245802', 'main_loss': '0.0245802', 'time_per_step': '2.24492'}
2025-11-09 19:21:03,303 - train_greyscale_FA_MoE.py - {'step': '369300', 'lr': '0.0002', 'total_loss': '0.0203375', 'main_loss': '0.0203375', 'time_per_step': '2.18207'}
2025-11-09 19:24:49,941 - train_greyscale_FA_MoE.py - {'step': '369400', 'lr': '0.0002', 'total_loss': '0.0269575', 'main_loss': '0.0269575', 'time_per_step': '2.1749'}
2025-11-09 19:28:36,465 - train_greyscale_FA_MoE.py - {'step': '369500', 'lr': '0.0002', 'total_loss': '0.0259861', 'main_loss': '0.0259861', 'time_per_step': '2.22319'}
2025-11-09 19:32:22,436 - train_greyscale_FA_MoE.py - {'step': '369600', 'lr': '0.0002', 'total_loss': '0.0208083', 'main_loss': '0.0208083', 'time_per_step': '2.22188'}
2025-11-09 19:36:09,203 - train_greyscale_FA_MoE.py - {'step': '369700', 'lr': '0.0002', 'total_loss': '0.0254323', 'main_loss': '0.0254323', 'time_per_step': '2.21379'}
2025-11-09 19:39:56,208 - train_greyscale_FA_MoE.py - {'step': '369800', 'lr': '0.0002', 'total_loss': '0.0264507', 'main_loss': '0.0264507', 'time_per_step': '2.18116'}
2025-11-09 19:43:43,051 - train_greyscale_FA_MoE.py - {'step': '369900', 'lr': '0.0002', 'total_loss': '0.0257137', 'main_loss': '0.0257137', 'time_per_step': '2.092'}
2025-11-09 19:47:28,633 - train_greyscale_FA_MoE.py - {'step': '370000', 'lr': '0.0002', 'total_loss': '0.0257671', 'main_loss': '0.0257671', 'time_per_step': '2.13464'}
2025-11-09 19:51:16,411 - train_greyscale_FA_MoE.py - {'step': '370100', 'lr': '0.0002', 'total_loss': '0.0294664', 'main_loss': '0.0294664', 'time_per_step': '2.23263'}
2025-11-09 19:55:03,929 - train_greyscale_FA_MoE.py - {'step': '370200', 'lr': '0.0002', 'total_loss': '0.0291428', 'main_loss': '0.0291428', 'time_per_step': '2.19049'}
2025-11-09 19:58:50,792 - train_greyscale_FA_MoE.py - {'step': '370300', 'lr': '0.0002', 'total_loss': '0.026204', 'main_loss': '0.026204', 'time_per_step': '2.16753'}
2025-11-09 20:02:36,741 - train_greyscale_FA_MoE.py - {'step': '370400', 'lr': '0.0002', 'total_loss': '0.0273815', 'main_loss': '0.0273815', 'time_per_step': '2.19298'}
2025-11-09 20:06:23,726 - train_greyscale_FA_MoE.py - {'step': '370500', 'lr': '0.0002', 'total_loss': '0.0264244', 'main_loss': '0.0264244', 'time_per_step': '2.1895'}
2025-11-09 20:10:11,141 - train_greyscale_FA_MoE.py - {'step': '370600', 'lr': '0.0002', 'total_loss': '0.0307482', 'main_loss': '0.0307482', 'time_per_step': '2.23251'}
2025-11-09 20:13:58,158 - train_greyscale_FA_MoE.py - {'step': '370700', 'lr': '0.0002', 'total_loss': '0.0259789', 'main_loss': '0.0259789', 'time_per_step': '2.23312'}
2025-11-09 20:17:44,378 - train_greyscale_FA_MoE.py - {'step': '370800', 'lr': '0.0002', 'total_loss': '0.0330076', 'main_loss': '0.0330076', 'time_per_step': '2.21798'}
2025-11-09 20:21:32,619 - train_greyscale_FA_MoE.py - {'step': '370900', 'lr': '0.0002', 'total_loss': '0.0241154', 'main_loss': '0.0241154', 'time_per_step': '2.44324'}
2025-11-09 20:25:19,461 - train_greyscale_FA_MoE.py - {'step': '371000', 'lr': '0.0002', 'total_loss': '0.019868', 'main_loss': '0.019868', 'time_per_step': '2.19616'}
2025-11-09 20:29:06,584 - train_greyscale_FA_MoE.py - {'step': '371100', 'lr': '0.0002', 'total_loss': '0.0232736', 'main_loss': '0.0232736', 'time_per_step': '2.09273'}
2025-11-09 20:32:52,614 - train_greyscale_FA_MoE.py - {'step': '371200', 'lr': '0.0002', 'total_loss': '0.0320203', 'main_loss': '0.0320203', 'time_per_step': '2.09022'}
2025-11-09 20:36:40,130 - train_greyscale_FA_MoE.py - {'step': '371300', 'lr': '0.0002', 'total_loss': '0.0291209', 'main_loss': '0.0291209', 'time_per_step': '2.17522'}
2025-11-09 20:40:27,050 - train_greyscale_FA_MoE.py - {'step': '371400', 'lr': '0.0002', 'total_loss': '0.0212932', 'main_loss': '0.0212932', 'time_per_step': '2.26889'}
2025-11-09 20:44:14,039 - train_greyscale_FA_MoE.py - {'step': '371500', 'lr': '0.0002', 'total_loss': '0.0197635', 'main_loss': '0.0197635', 'time_per_step': '2.20957'}
2025-11-09 20:48:00,179 - train_greyscale_FA_MoE.py - {'step': '371600', 'lr': '0.0002', 'total_loss': '0.0238045', 'main_loss': '0.0238045', 'time_per_step': '2.2135'}
2025-11-09 20:51:47,251 - train_greyscale_FA_MoE.py - {'step': '371700', 'lr': '0.0002', 'total_loss': '0.0203195', 'main_loss': '0.0203195', 'time_per_step': '2.20219'}
2025-11-09 20:55:34,829 - train_greyscale_FA_MoE.py - {'step': '371800', 'lr': '0.0002', 'total_loss': '0.0272377', 'main_loss': '0.0272377', 'time_per_step': '2.20044'}
2025-11-09 20:59:21,505 - train_greyscale_FA_MoE.py - {'step': '371900', 'lr': '0.0002', 'total_loss': '0.0285631', 'main_loss': '0.0285631', 'time_per_step': '2.21148'}
2025-11-09 21:03:07,374 - train_greyscale_FA_MoE.py - {'step': '372000', 'lr': '0.0002', 'total_loss': '0.0226307', 'main_loss': '0.0226307', 'time_per_step': '2.24002'}
2025-11-09 21:06:54,728 - train_greyscale_FA_MoE.py - {'step': '372100', 'lr': '0.0002', 'total_loss': '0.0255616', 'main_loss': '0.0255616', 'time_per_step': '2.19773'}
2025-11-09 21:10:41,995 - train_greyscale_FA_MoE.py - {'step': '372200', 'lr': '0.0002', 'total_loss': '0.0269346', 'main_loss': '0.0269346', 'time_per_step': '2.20432'}
2025-11-09 21:14:28,861 - train_greyscale_FA_MoE.py - {'step': '372300', 'lr': '0.0002', 'total_loss': '0.0248354', 'main_loss': '0.0248354', 'time_per_step': '2.09117'}
2025-11-09 21:18:14,414 - train_greyscale_FA_MoE.py - {'step': '372400', 'lr': '0.0002', 'total_loss': '0.029417', 'main_loss': '0.029417', 'time_per_step': '2.09149'}
2025-11-09 21:22:02,866 - train_greyscale_FA_MoE.py - {'step': '372500', 'lr': '0.0002', 'total_loss': '0.0251489', 'main_loss': '0.0251489', 'time_per_step': '2.17284'}
2025-11-09 21:25:49,844 - train_greyscale_FA_MoE.py - {'step': '372600', 'lr': '0.0002', 'total_loss': '0.0316147', 'main_loss': '0.0316147', 'time_per_step': '2.20064'}
2025-11-09 21:29:36,169 - train_greyscale_FA_MoE.py - {'step': '372700', 'lr': '0.0002', 'total_loss': '0.0246852', 'main_loss': '0.0246852', 'time_per_step': '2.20486'}
2025-11-09 21:33:22,160 - train_greyscale_FA_MoE.py - {'step': '372800', 'lr': '0.0002', 'total_loss': '0.0285173', 'main_loss': '0.0285173', 'time_per_step': '2.2383'}
2025-11-09 21:37:09,478 - train_greyscale_FA_MoE.py - {'step': '372900', 'lr': '0.0002', 'total_loss': '0.0304465', 'main_loss': '0.0304465', 'time_per_step': '2.15591'}
2025-11-09 21:40:56,485 - train_greyscale_FA_MoE.py - {'step': '373000', 'lr': '0.0002', 'total_loss': '0.021611', 'main_loss': '0.021611', 'time_per_step': '2.19838'}
2025-11-09 21:44:43,784 - train_greyscale_FA_MoE.py - {'step': '373100', 'lr': '0.0002', 'total_loss': '0.0251146', 'main_loss': '0.0251146', 'time_per_step': '2.20114'}
2025-11-09 21:48:29,663 - train_greyscale_FA_MoE.py - {'step': '373200', 'lr': '0.0002', 'total_loss': '0.0267299', 'main_loss': '0.0267299', 'time_per_step': '2.21378'}
2025-11-09 21:52:16,622 - train_greyscale_FA_MoE.py - {'step': '373300', 'lr': '0.0002', 'total_loss': '0.0243768', 'main_loss': '0.0243768', 'time_per_step': '2.21582'}
2025-11-09 21:56:04,445 - train_greyscale_FA_MoE.py - {'step': '373400', 'lr': '0.0002', 'total_loss': '0.0285122', 'main_loss': '0.0285122', 'time_per_step': '2.2404'}
2025-11-09 21:59:51,116 - train_greyscale_FA_MoE.py - {'step': '373500', 'lr': '0.0002', 'total_loss': '0.0227339', 'main_loss': '0.0227339', 'time_per_step': '2.082'}
2025-11-09 22:03:36,906 - train_greyscale_FA_MoE.py - {'step': '373600', 'lr': '0.0002', 'total_loss': '0.0265485', 'main_loss': '0.0265485', 'time_per_step': '2.07947'}
2025-11-09 22:07:24,133 - train_greyscale_FA_MoE.py - {'step': '373700', 'lr': '0.0002', 'total_loss': '0.0251645', 'main_loss': '0.0251645', 'time_per_step': '2.2009'}
2025-11-09 22:11:11,791 - train_greyscale_FA_MoE.py - {'step': '373800', 'lr': '0.0002', 'total_loss': '0.0228775', 'main_loss': '0.0228775', 'time_per_step': '2.20154'}
2025-11-09 22:14:58,935 - train_greyscale_FA_MoE.py - {'step': '373900', 'lr': '0.0002', 'total_loss': '0.0318359', 'main_loss': '0.0318359', 'time_per_step': '2.20914'}
2025-11-09 22:18:44,688 - train_greyscale_FA_MoE.py - {'step': '374000', 'lr': '0.0002', 'total_loss': '0.0310594', 'main_loss': '0.0310594', 'time_per_step': '2.2074'}
2025-11-09 22:22:32,464 - train_greyscale_FA_MoE.py - {'step': '374100', 'lr': '0.0002', 'total_loss': '0.0260543', 'main_loss': '0.0260543', 'time_per_step': '2.3059'}
2025-11-09 22:26:19,268 - train_greyscale_FA_MoE.py - {'step': '374200', 'lr': '0.0002', 'total_loss': '0.0333117', 'main_loss': '0.0333117', 'time_per_step': '2.20527'}
2025-11-09 22:30:06,328 - train_greyscale_FA_MoE.py - {'step': '374300', 'lr': '0.0002', 'total_loss': '0.0282585', 'main_loss': '0.0282585', 'time_per_step': '2.1992'}
2025-11-09 22:33:51,874 - train_greyscale_FA_MoE.py - {'step': '374400', 'lr': '0.0002', 'total_loss': '0.0248549', 'main_loss': '0.0248549', 'time_per_step': '2.20852'}
2025-11-09 22:37:39,673 - train_greyscale_FA_MoE.py - {'step': '374500', 'lr': '0.0002', 'total_loss': '0.0244399', 'main_loss': '0.0244399', 'time_per_step': '2.20929'}
2025-11-09 22:41:27,027 - train_greyscale_FA_MoE.py - {'step': '374600', 'lr': '0.0002', 'total_loss': '0.0270045', 'main_loss': '0.0270045', 'time_per_step': '2.2901'}
2025-11-09 22:45:13,992 - train_greyscale_FA_MoE.py - {'step': '374700', 'lr': '0.0002', 'total_loss': '0.026485', 'main_loss': '0.026485', 'time_per_step': '2.09165'}
2025-11-09 22:48:59,765 - train_greyscale_FA_MoE.py - {'step': '374800', 'lr': '0.0002', 'total_loss': '0.033503', 'main_loss': '0.033503', 'time_per_step': '2.07945'}
2025-11-09 22:52:47,238 - train_greyscale_FA_MoE.py - {'step': '374900', 'lr': '0.0002', 'total_loss': '0.0200535', 'main_loss': '0.0200535', 'time_per_step': '2.22178'}
2025-11-09 22:56:34,551 - train_greyscale_FA_MoE.py - {'step': '375000', 'lr': '0.0002', 'total_loss': '0.0237395', 'main_loss': '0.0237395', 'time_per_step': '2.1397'}
2025-11-09 22:56:34,562 - train_greyscale_FA_MoE.py - Saved expert distribution of layer in_block_0 to output/acdc_wholeheart_uncond_fa_ec_moe_greyscale_uvit_mid_4by4_l6r9_minmax/samples/expert_distribution_in_block_0_step375000.npy
2025-11-09 22:56:36,114 - train_greyscale_FA_MoE.py - Saved expert distribution of layer out_block_7 to output/acdc_wholeheart_uncond_fa_ec_moe_greyscale_uvit_mid_4by4_l6r9_minmax/samples/expert_distribution_out_block_7_step375000.npy
2025-11-09 22:56:37,512 - train_greyscale_FA_MoE.py - Save a grid of 16 samples into output/acdc_wholeheart_uncond_fa_ec_moe_greyscale_uvit_mid_4by4_l6r9_minmax/samples/375000.png by DPM-Solver
2025-11-09 22:56:42,974 - train_greyscale_FA_MoE.py - Finished saving sample grid to output/acdc_wholeheart_uncond_fa_ec_moe_greyscale_uvit_mid_4by4_l6r9_minmax/samples/375000.png by DPM-Solver.
2025-11-09 22:56:43,019 - train_greyscale_FA_MoE.py - Save and eval checkpoint 375000...
2025-11-09 22:56:45,351 - train_greyscale_FA_MoE.py - eval_step: n_samples=50000, sample_steps=50, algorithm=dpm_solver, mini_batch_size=500, samples save into output/acdc_wholeheart_uncond_fa_ec_moe_greyscale_uvit_mid_4by4_l6r9_minmax/samples/acdc_wholeheart_uncond_uvit_FA_EC_MoE_greyscale_mid_4by4_375000_dpm
2025-11-09 23:46:29,873 - train_greyscale_FA_MoE.py - step=375000 fid50000=17.445052622772664
2025-11-09 23:50:58,126 - train_greyscale_FA_MoE.py - {'step': '375100', 'lr': '0.0002', 'total_loss': '0.0334798', 'main_loss': '0.0334798', 'time_per_step': '2.26736'}
2025-11-09 23:54:45,193 - train_greyscale_FA_MoE.py - {'step': '375200', 'lr': '0.0002', 'total_loss': '0.0246918', 'main_loss': '0.0246918', 'time_per_step': '2.21916'}
2025-11-09 23:58:32,641 - train_greyscale_FA_MoE.py - {'step': '375300', 'lr': '0.0002', 'total_loss': '0.0303578', 'main_loss': '0.0303578', 'time_per_step': '2.35642'}
2025-11-10 00:02:19,390 - train_greyscale_FA_MoE.py - {'step': '375400', 'lr': '0.0002', 'total_loss': '0.025177', 'main_loss': '0.025177', 'time_per_step': '2.15684'}
2025-11-10 00:06:05,843 - train_greyscale_FA_MoE.py - {'step': '375500', 'lr': '0.0002', 'total_loss': '0.0266856', 'main_loss': '0.0266856', 'time_per_step': '2.2052'}
2025-11-10 00:09:52,665 - train_greyscale_FA_MoE.py - {'step': '375600', 'lr': '0.0002', 'total_loss': '0.0240546', 'main_loss': '0.0240546', 'time_per_step': '2.19754'}
2025-11-10 00:13:39,983 - train_greyscale_FA_MoE.py - {'step': '375700', 'lr': '0.0002', 'total_loss': '0.0281358', 'main_loss': '0.0281358', 'time_per_step': '2.19556'}
2025-11-10 00:17:26,960 - train_greyscale_FA_MoE.py - {'step': '375800', 'lr': '0.0002', 'total_loss': '0.0230163', 'main_loss': '0.0230163', 'time_per_step': '2.28175'}
2025-11-10 00:21:14,008 - train_greyscale_FA_MoE.py - {'step': '375900', 'lr': '0.0002', 'total_loss': '0.0275132', 'main_loss': '0.0275132', 'time_per_step': '2.09707'}
2025-11-10 00:25:00,590 - train_greyscale_FA_MoE.py - {'step': '376000', 'lr': '0.0002', 'total_loss': '0.0302465', 'main_loss': '0.0302465', 'time_per_step': '2.09906'}
2025-11-10 00:28:48,064 - train_greyscale_FA_MoE.py - {'step': '376100', 'lr': '0.0002', 'total_loss': '0.0320682', 'main_loss': '0.0320682', 'time_per_step': '2.21174'}
2025-11-10 00:32:34,964 - train_greyscale_FA_MoE.py - {'step': '376200', 'lr': '0.0002', 'total_loss': '0.0249764', 'main_loss': '0.0249764', 'time_per_step': '2.20898'}
2025-11-10 00:36:20,976 - train_greyscale_FA_MoE.py - {'step': '376300', 'lr': '0.0002', 'total_loss': '0.0242341', 'main_loss': '0.0242341', 'time_per_step': '2.18851'}
2025-11-10 00:40:07,846 - train_greyscale_FA_MoE.py - {'step': '376400', 'lr': '0.0002', 'total_loss': '0.0316973', 'main_loss': '0.0316973', 'time_per_step': '2.2095'}
2025-11-10 00:43:54,890 - train_greyscale_FA_MoE.py - {'step': '376500', 'lr': '0.0002', 'total_loss': '0.0241974', 'main_loss': '0.0241974', 'time_per_step': '2.2398'}
2025-11-10 00:47:42,554 - train_greyscale_FA_MoE.py - {'step': '376600', 'lr': '0.0002', 'total_loss': '0.0232714', 'main_loss': '0.0232714', 'time_per_step': '2.21313'}
2025-11-10 00:51:28,927 - train_greyscale_FA_MoE.py - {'step': '376700', 'lr': '0.0002', 'total_loss': '0.0260785', 'main_loss': '0.0260785', 'time_per_step': '2.20449'}
2025-11-10 00:55:16,532 - train_greyscale_FA_MoE.py - {'step': '376800', 'lr': '0.0002', 'total_loss': '0.0291317', 'main_loss': '0.0291317', 'time_per_step': '2.2534'}
2025-11-10 00:59:04,055 - train_greyscale_FA_MoE.py - {'step': '376900', 'lr': '0.0002', 'total_loss': '0.0265876', 'main_loss': '0.0265876', 'time_per_step': '2.25265'}
2025-11-10 01:02:51,354 - train_greyscale_FA_MoE.py - {'step': '377000', 'lr': '0.0002', 'total_loss': '0.026884', 'main_loss': '0.026884', 'time_per_step': '2.19474'}
2025-11-10 01:06:37,323 - train_greyscale_FA_MoE.py - {'step': '377100', 'lr': '0.0002', 'total_loss': '0.0287958', 'main_loss': '0.0287958', 'time_per_step': '2.09802'}
2025-11-10 01:10:24,098 - train_greyscale_FA_MoE.py - {'step': '377200', 'lr': '0.0002', 'total_loss': '0.0192983', 'main_loss': '0.0192983', 'time_per_step': '2.09568'}
2025-11-10 01:14:12,082 - train_greyscale_FA_MoE.py - {'step': '377300', 'lr': '0.0002', 'total_loss': '0.0257145', 'main_loss': '0.0257145', 'time_per_step': '2.19469'}
2025-11-10 01:17:59,062 - train_greyscale_FA_MoE.py - {'step': '377400', 'lr': '0.0002', 'total_loss': '0.0209791', 'main_loss': '0.0209791', 'time_per_step': '2.18852'}
2025-11-10 01:21:46,453 - train_greyscale_FA_MoE.py - {'step': '377500', 'lr': '0.0002', 'total_loss': '0.0253693', 'main_loss': '0.0253693', 'time_per_step': '2.2136'}
2025-11-10 01:25:34,131 - train_greyscale_FA_MoE.py - {'step': '377600', 'lr': '0.0002', 'total_loss': '0.0263538', 'main_loss': '0.0263538', 'time_per_step': '2.21763'}
2025-11-10 01:29:21,532 - train_greyscale_FA_MoE.py - {'step': '377700', 'lr': '0.0002', 'total_loss': '0.0293234', 'main_loss': '0.0293234', 'time_per_step': '2.18803'}
2025-11-10 01:33:08,656 - train_greyscale_FA_MoE.py - {'step': '377800', 'lr': '0.0002', 'total_loss': '0.0276667', 'main_loss': '0.0276667', 'time_per_step': '2.17944'}
2025-11-10 01:36:54,833 - train_greyscale_FA_MoE.py - {'step': '377900', 'lr': '0.0002', 'total_loss': '0.0307975', 'main_loss': '0.0307975', 'time_per_step': '2.22585'}
2025-11-10 01:40:41,950 - train_greyscale_FA_MoE.py - {'step': '378000', 'lr': '0.0002', 'total_loss': '0.022984', 'main_loss': '0.022984', 'time_per_step': '2.22571'}
2025-11-10 01:44:29,243 - train_greyscale_FA_MoE.py - {'step': '378100', 'lr': '0.0002', 'total_loss': '0.026548', 'main_loss': '0.026548', 'time_per_step': '2.16383'}
2025-11-10 01:48:16,666 - train_greyscale_FA_MoE.py - {'step': '378200', 'lr': '0.0002', 'total_loss': '0.021348', 'main_loss': '0.021348', 'time_per_step': '2.2015'}
2025-11-10 01:52:02,909 - train_greyscale_FA_MoE.py - {'step': '378300', 'lr': '0.0002', 'total_loss': '0.0229139', 'main_loss': '0.0229139', 'time_per_step': '2.09804'}
2025-11-10 01:55:49,954 - train_greyscale_FA_MoE.py - {'step': '378400', 'lr': '0.0002', 'total_loss': '0.024959', 'main_loss': '0.024959', 'time_per_step': '2.09208'}
2025-11-10 01:59:37,557 - train_greyscale_FA_MoE.py - {'step': '378500', 'lr': '0.0002', 'total_loss': '0.0243626', 'main_loss': '0.0243626', 'time_per_step': '2.2039'}
2025-11-10 02:03:24,600 - train_greyscale_FA_MoE.py - {'step': '378600', 'lr': '0.0002', 'total_loss': '0.0220751', 'main_loss': '0.0220751', 'time_per_step': '2.19872'}
2025-11-10 02:07:10,584 - train_greyscale_FA_MoE.py - {'step': '378700', 'lr': '0.0002', 'total_loss': '0.0280267', 'main_loss': '0.0280267', 'time_per_step': '2.20073'}
2025-11-10 02:10:58,200 - train_greyscale_FA_MoE.py - {'step': '378800', 'lr': '0.0002', 'total_loss': '0.0251796', 'main_loss': '0.0251796', 'time_per_step': '2.24233'}
2025-11-10 02:14:45,051 - train_greyscale_FA_MoE.py - {'step': '378900', 'lr': '0.0002', 'total_loss': '0.0223302', 'main_loss': '0.0223302', 'time_per_step': '2.20613'}
2025-11-10 02:18:32,286 - train_greyscale_FA_MoE.py - {'step': '379000', 'lr': '0.0002', 'total_loss': '0.024677', 'main_loss': '0.024677', 'time_per_step': '2.33983'}
2025-11-10 02:22:19,218 - train_greyscale_FA_MoE.py - {'step': '379100', 'lr': '0.0002', 'total_loss': '0.0293042', 'main_loss': '0.0293042', 'time_per_step': '2.21068'}
2025-11-10 02:26:06,011 - train_greyscale_FA_MoE.py - {'step': '379200', 'lr': '0.0002', 'total_loss': '0.0330055', 'main_loss': '0.0330055', 'time_per_step': '2.19104'}
2025-11-10 02:29:52,779 - train_greyscale_FA_MoE.py - {'step': '379300', 'lr': '0.0002', 'total_loss': '0.0261642', 'main_loss': '0.0261642', 'time_per_step': '2.18612'}
2025-11-10 02:33:39,873 - train_greyscale_FA_MoE.py - {'step': '379400', 'lr': '0.0002', 'total_loss': '0.0244043', 'main_loss': '0.0244043', 'time_per_step': '2.21447'}
2025-11-10 02:37:25,657 - train_greyscale_FA_MoE.py - {'step': '379500', 'lr': '0.0002', 'total_loss': '0.0277747', 'main_loss': '0.0277747', 'time_per_step': '2.09433'}
2025-11-10 02:41:12,362 - train_greyscale_FA_MoE.py - {'step': '379600', 'lr': '0.0002', 'total_loss': '0.0236947', 'main_loss': '0.0236947', 'time_per_step': '2.08218'}
2025-11-10 02:45:00,177 - train_greyscale_FA_MoE.py - {'step': '379700', 'lr': '0.0002', 'total_loss': '0.0253493', 'main_loss': '0.0253493', 'time_per_step': '2.24864'}
2025-11-10 02:48:47,594 - train_greyscale_FA_MoE.py - {'step': '379800', 'lr': '0.0002', 'total_loss': '0.0231249', 'main_loss': '0.0231249', 'time_per_step': '2.18119'}
2025-11-10 02:52:33,755 - train_greyscale_FA_MoE.py - {'step': '379900', 'lr': '0.0002', 'total_loss': '0.0219569', 'main_loss': '0.0219569', 'time_per_step': '2.21'}
2025-11-10 02:56:20,826 - train_greyscale_FA_MoE.py - {'step': '380000', 'lr': '0.0002', 'total_loss': '0.0300746', 'main_loss': '0.0300746', 'time_per_step': '2.21377'}
2025-11-10 03:00:07,074 - train_greyscale_FA_MoE.py - {'step': '380100', 'lr': '0.0002', 'total_loss': '0.025567', 'main_loss': '0.025567', 'time_per_step': '2.16911'}
2025-11-10 03:03:54,098 - train_greyscale_FA_MoE.py - {'step': '380200', 'lr': '0.0002', 'total_loss': '0.0238019', 'main_loss': '0.0238019', 'time_per_step': '2.21748'}
2025-11-10 03:07:40,717 - train_greyscale_FA_MoE.py - {'step': '380300', 'lr': '0.0002', 'total_loss': '0.0304497', 'main_loss': '0.0304497', 'time_per_step': '2.19583'}
2025-11-10 03:11:27,749 - train_greyscale_FA_MoE.py - {'step': '380400', 'lr': '0.0002', 'total_loss': '0.0273432', 'main_loss': '0.0273432', 'time_per_step': '2.28258'}
2025-11-10 03:15:15,555 - train_greyscale_FA_MoE.py - {'step': '380500', 'lr': '0.0002', 'total_loss': '0.0279638', 'main_loss': '0.0279638', 'time_per_step': '2.21144'}
2025-11-10 03:19:02,626 - train_greyscale_FA_MoE.py - {'step': '380600', 'lr': '0.0002', 'total_loss': '0.0254635', 'main_loss': '0.0254635', 'time_per_step': '2.16899'}
2025-11-10 03:22:49,278 - train_greyscale_FA_MoE.py - {'step': '380700', 'lr': '0.0002', 'total_loss': '0.0332952', 'main_loss': '0.0332952', 'time_per_step': '2.09555'}
2025-11-10 03:26:35,727 - train_greyscale_FA_MoE.py - {'step': '380800', 'lr': '0.0002', 'total_loss': '0.025311', 'main_loss': '0.025311', 'time_per_step': '2.08132'}
2025-11-10 03:30:23,234 - train_greyscale_FA_MoE.py - {'step': '380900', 'lr': '0.0002', 'total_loss': '0.0230573', 'main_loss': '0.0230573', 'time_per_step': '2.20472'}
2025-11-10 03:34:10,154 - train_greyscale_FA_MoE.py - {'step': '381000', 'lr': '0.0002', 'total_loss': '0.0268539', 'main_loss': '0.0268539', 'time_per_step': '2.20514'}
2025-11-10 03:37:56,363 - train_greyscale_FA_MoE.py - {'step': '381100', 'lr': '0.0002', 'total_loss': '0.0267104', 'main_loss': '0.0267104', 'time_per_step': '2.16595'}
2025-11-10 03:41:43,805 - train_greyscale_FA_MoE.py - {'step': '381200', 'lr': '0.0002', 'total_loss': '0.0290929', 'main_loss': '0.0290929', 'time_per_step': '2.21234'}
2025-11-10 03:45:30,416 - train_greyscale_FA_MoE.py - {'step': '381300', 'lr': '0.0002', 'total_loss': '0.0237988', 'main_loss': '0.0237988', 'time_per_step': '2.20122'}
2025-11-10 03:49:17,785 - train_greyscale_FA_MoE.py - {'step': '381400', 'lr': '0.0002', 'total_loss': '0.0279403', 'main_loss': '0.0279403', 'time_per_step': '2.23056'}
2025-11-10 03:53:04,200 - train_greyscale_FA_MoE.py - {'step': '381500', 'lr': '0.0002', 'total_loss': '0.0249655', 'main_loss': '0.0249655', 'time_per_step': '2.17535'}
2025-11-10 03:56:51,027 - train_greyscale_FA_MoE.py - {'step': '381600', 'lr': '0.0002', 'total_loss': '0.0221186', 'main_loss': '0.0221186', 'time_per_step': '2.20971'}
2025-11-10 04:00:38,035 - train_greyscale_FA_MoE.py - {'step': '381700', 'lr': '0.0002', 'total_loss': '0.0268052', 'main_loss': '0.0268052', 'time_per_step': '2.16795'}
2025-11-10 04:04:24,163 - train_greyscale_FA_MoE.py - {'step': '381800', 'lr': '0.0002', 'total_loss': '0.0271353', 'main_loss': '0.0271353', 'time_per_step': '2.17359'}
2025-11-10 04:08:11,044 - train_greyscale_FA_MoE.py - {'step': '381900', 'lr': '0.0002', 'total_loss': '0.0228118', 'main_loss': '0.0228118', 'time_per_step': '2.08962'}
2025-11-10 04:11:57,896 - train_greyscale_FA_MoE.py - {'step': '382000', 'lr': '0.0002', 'total_loss': '0.0246906', 'main_loss': '0.0246906', 'time_per_step': '2.13962'}
2025-11-10 04:15:45,451 - train_greyscale_FA_MoE.py - {'step': '382100', 'lr': '0.0002', 'total_loss': '0.0275433', 'main_loss': '0.0275433', 'time_per_step': '2.23156'}
2025-11-10 04:19:33,091 - train_greyscale_FA_MoE.py - {'step': '382200', 'lr': '0.0002', 'total_loss': '0.0243092', 'main_loss': '0.0243092', 'time_per_step': '2.39459'}
2025-11-10 04:23:20,689 - train_greyscale_FA_MoE.py - {'step': '382300', 'lr': '0.0002', 'total_loss': '0.0301826', 'main_loss': '0.0301826', 'time_per_step': '2.26517'}
2025-11-10 04:27:07,952 - train_greyscale_FA_MoE.py - {'step': '382400', 'lr': '0.0002', 'total_loss': '0.0248524', 'main_loss': '0.0248524', 'time_per_step': '2.20702'}
2025-11-10 04:30:55,502 - train_greyscale_FA_MoE.py - {'step': '382500', 'lr': '0.0002', 'total_loss': '0.0323196', 'main_loss': '0.0323196', 'time_per_step': '2.21863'}
2025-11-10 04:34:41,694 - train_greyscale_FA_MoE.py - {'step': '382600', 'lr': '0.0002', 'total_loss': '0.0268323', 'main_loss': '0.0268323', 'time_per_step': '2.24097'}
2025-11-10 04:38:29,267 - train_greyscale_FA_MoE.py - {'step': '382700', 'lr': '0.0002', 'total_loss': '0.0206258', 'main_loss': '0.0206258', 'time_per_step': '2.15262'}
2025-11-10 04:42:16,712 - train_greyscale_FA_MoE.py - {'step': '382800', 'lr': '0.0002', 'total_loss': '0.0285886', 'main_loss': '0.0285886', 'time_per_step': '2.22922'}
2025-11-10 04:46:04,667 - train_greyscale_FA_MoE.py - {'step': '382900', 'lr': '0.0002', 'total_loss': '0.0241189', 'main_loss': '0.0241189', 'time_per_step': '2.21166'}
2025-11-10 04:49:50,775 - train_greyscale_FA_MoE.py - {'step': '383000', 'lr': '0.0002', 'total_loss': '0.0220503', 'main_loss': '0.0220503', 'time_per_step': '2.22153'}
2025-11-10 04:53:37,529 - train_greyscale_FA_MoE.py - {'step': '383100', 'lr': '0.0002', 'total_loss': '0.0278982', 'main_loss': '0.0278982', 'time_per_step': '2.08454'}
2025-11-10 04:57:24,404 - train_greyscale_FA_MoE.py - {'step': '383200', 'lr': '0.0002', 'total_loss': '0.0264181', 'main_loss': '0.0264181', 'time_per_step': '2.09461'}
2025-11-10 05:01:12,560 - train_greyscale_FA_MoE.py - {'step': '383300', 'lr': '0.0002', 'total_loss': '0.021558', 'main_loss': '0.021558', 'time_per_step': '2.21805'}
2025-11-10 05:04:58,582 - train_greyscale_FA_MoE.py - {'step': '383400', 'lr': '0.0002', 'total_loss': '0.0263118', 'main_loss': '0.0263118', 'time_per_step': '2.24825'}
2025-11-10 05:08:45,749 - train_greyscale_FA_MoE.py - {'step': '383500', 'lr': '0.0002', 'total_loss': '0.0275826', 'main_loss': '0.0275826', 'time_per_step': '2.20358'}
2025-11-10 05:12:33,365 - train_greyscale_FA_MoE.py - {'step': '383600', 'lr': '0.0002', 'total_loss': '0.0276969', 'main_loss': '0.0276969', 'time_per_step': '2.19841'}
2025-11-10 05:16:21,033 - train_greyscale_FA_MoE.py - {'step': '383700', 'lr': '0.0002', 'total_loss': '0.0328196', 'main_loss': '0.0328196', 'time_per_step': '2.22441'}
2025-11-10 05:20:09,139 - train_greyscale_FA_MoE.py - {'step': '383800', 'lr': '0.0002', 'total_loss': '0.019614', 'main_loss': '0.019614', 'time_per_step': '2.2247'}
2025-11-10 05:23:56,136 - train_greyscale_FA_MoE.py - {'step': '383900', 'lr': '0.0002', 'total_loss': '0.027449', 'main_loss': '0.027449', 'time_per_step': '2.2105'}
2025-11-10 05:27:44,258 - train_greyscale_FA_MoE.py - {'step': '384000', 'lr': '0.0002', 'total_loss': '0.0265889', 'main_loss': '0.0265889', 'time_per_step': '2.20979'}
2025-11-10 05:31:31,482 - train_greyscale_FA_MoE.py - {'step': '384100', 'lr': '0.0002', 'total_loss': '0.0259599', 'main_loss': '0.0259599', 'time_per_step': '2.15012'}
2025-11-10 05:35:17,900 - train_greyscale_FA_MoE.py - {'step': '384200', 'lr': '0.0002', 'total_loss': '0.0241266', 'main_loss': '0.0241266', 'time_per_step': '2.21381'}
2025-11-10 05:39:05,273 - train_greyscale_FA_MoE.py - {'step': '384300', 'lr': '0.0002', 'total_loss': '0.0252376', 'main_loss': '0.0252376', 'time_per_step': '2.09733'}
2025-11-10 05:42:51,959 - train_greyscale_FA_MoE.py - {'step': '384400', 'lr': '0.0002', 'total_loss': '0.0255815', 'main_loss': '0.0255815', 'time_per_step': '2.097'}
2025-11-10 05:46:39,801 - train_greyscale_FA_MoE.py - {'step': '384500', 'lr': '0.0002', 'total_loss': '0.0260943', 'main_loss': '0.0260943', 'time_per_step': '2.19908'}
2025-11-10 05:50:26,004 - train_greyscale_FA_MoE.py - {'step': '384600', 'lr': '0.0002', 'total_loss': '0.0311667', 'main_loss': '0.0311667', 'time_per_step': '2.2082'}
2025-11-10 05:54:13,246 - train_greyscale_FA_MoE.py - {'step': '384700', 'lr': '0.0002', 'total_loss': '0.0211952', 'main_loss': '0.0211952', 'time_per_step': '2.20286'}
2025-11-10 05:58:00,307 - train_greyscale_FA_MoE.py - {'step': '384800', 'lr': '0.0002', 'total_loss': '0.02679', 'main_loss': '0.02679', 'time_per_step': '2.19063'}
2025-11-10 06:01:47,505 - train_greyscale_FA_MoE.py - {'step': '384900', 'lr': '0.0002', 'total_loss': '0.0263774', 'main_loss': '0.0263774', 'time_per_step': '2.20009'}
2025-11-10 06:05:33,932 - train_greyscale_FA_MoE.py - {'step': '385000', 'lr': '0.0002', 'total_loss': '0.0237951', 'main_loss': '0.0237951', 'time_per_step': '2.22259'}
2025-11-10 06:09:21,460 - train_greyscale_FA_MoE.py - {'step': '385100', 'lr': '0.0002', 'total_loss': '0.0218469', 'main_loss': '0.0218469', 'time_per_step': '2.19522'}
2025-11-10 06:13:08,515 - train_greyscale_FA_MoE.py - {'step': '385200', 'lr': '0.0002', 'total_loss': '0.0241375', 'main_loss': '0.0241375', 'time_per_step': '2.3567'}
2025-11-10 06:16:56,770 - train_greyscale_FA_MoE.py - {'step': '385300', 'lr': '0.0002', 'total_loss': '0.0269076', 'main_loss': '0.0269076', 'time_per_step': '2.26421'}
2025-11-10 06:20:43,628 - train_greyscale_FA_MoE.py - {'step': '385400', 'lr': '0.0002', 'total_loss': '0.0222966', 'main_loss': '0.0222966', 'time_per_step': '2.172'}
2025-11-10 06:24:29,714 - train_greyscale_FA_MoE.py - {'step': '385500', 'lr': '0.0002', 'total_loss': '0.0257081', 'main_loss': '0.0257081', 'time_per_step': '2.09739'}
2025-11-10 06:28:16,322 - train_greyscale_FA_MoE.py - {'step': '385600', 'lr': '0.0002', 'total_loss': '0.0247341', 'main_loss': '0.0247341', 'time_per_step': '2.08894'}
2025-11-10 06:32:04,063 - train_greyscale_FA_MoE.py - {'step': '385700', 'lr': '0.0002', 'total_loss': '0.0296253', 'main_loss': '0.0296253', 'time_per_step': '2.19528'}
2025-11-10 06:35:50,225 - train_greyscale_FA_MoE.py - {'step': '385800', 'lr': '0.0002', 'total_loss': '0.0265036', 'main_loss': '0.0265036', 'time_per_step': '2.20808'}
2025-11-10 06:39:37,543 - train_greyscale_FA_MoE.py - {'step': '385900', 'lr': '0.0002', 'total_loss': '0.0256156', 'main_loss': '0.0256156', 'time_per_step': '2.19289'}
2025-11-10 06:43:24,684 - train_greyscale_FA_MoE.py - {'step': '386000', 'lr': '0.0002', 'total_loss': '0.0228701', 'main_loss': '0.0228701', 'time_per_step': '2.20571'}
2025-11-10 06:47:11,520 - train_greyscale_FA_MoE.py - {'step': '386100', 'lr': '0.0002', 'total_loss': '0.0267828', 'main_loss': '0.0267828', 'time_per_step': '2.1528'}
2025-11-10 06:50:57,733 - train_greyscale_FA_MoE.py - {'step': '386200', 'lr': '0.0002', 'total_loss': '0.0295098', 'main_loss': '0.0295098', 'time_per_step': '2.31251'}
2025-11-10 06:54:44,982 - train_greyscale_FA_MoE.py - {'step': '386300', 'lr': '0.0002', 'total_loss': '0.0270441', 'main_loss': '0.0270441', 'time_per_step': '2.23431'}
2025-11-10 06:58:32,356 - train_greyscale_FA_MoE.py - {'step': '386400', 'lr': '0.0002', 'total_loss': '0.019535', 'main_loss': '0.019535', 'time_per_step': '2.34722'}
2025-11-10 07:02:19,224 - train_greyscale_FA_MoE.py - {'step': '386500', 'lr': '0.0002', 'total_loss': '0.02358', 'main_loss': '0.02358', 'time_per_step': '2.23258'}
2025-11-10 07:06:05,721 - train_greyscale_FA_MoE.py - {'step': '386600', 'lr': '0.0002', 'total_loss': '0.0232812', 'main_loss': '0.0232812', 'time_per_step': '2.20254'}
2025-11-10 07:09:51,952 - train_greyscale_FA_MoE.py - {'step': '386700', 'lr': '0.0002', 'total_loss': '0.0278786', 'main_loss': '0.0278786', 'time_per_step': '2.09981'}
2025-11-10 07:13:38,471 - train_greyscale_FA_MoE.py - {'step': '386800', 'lr': '0.0002', 'total_loss': '0.0220338', 'main_loss': '0.0220338', 'time_per_step': '2.10187'}
2025-11-10 07:17:26,443 - train_greyscale_FA_MoE.py - {'step': '386900', 'lr': '0.0002', 'total_loss': '0.0266305', 'main_loss': '0.0266305', 'time_per_step': '2.15412'}
2025-11-10 07:21:13,440 - train_greyscale_FA_MoE.py - {'step': '387000', 'lr': '0.0002', 'total_loss': '0.0234163', 'main_loss': '0.0234163', 'time_per_step': '2.15242'}
2025-11-10 07:25:01,099 - train_greyscale_FA_MoE.py - {'step': '387100', 'lr': '0.0002', 'total_loss': '0.0264035', 'main_loss': '0.0264035', 'time_per_step': '2.20785'}
2025-11-10 07:28:49,187 - train_greyscale_FA_MoE.py - {'step': '387200', 'lr': '0.0002', 'total_loss': '0.0214239', 'main_loss': '0.0214239', 'time_per_step': '2.20214'}
2025-11-10 07:32:44,553 - train_greyscale_FA_MoE.py - {'step': '387300', 'lr': '0.0002', 'total_loss': '0.025575', 'main_loss': '0.025575', 'time_per_step': '2.21929'}
2025-11-10 07:36:33,706 - train_greyscale_FA_MoE.py - {'step': '387400', 'lr': '0.0002', 'total_loss': '0.0206661', 'main_loss': '0.0206661', 'time_per_step': '2.16701'}
2025-11-10 07:40:27,958 - train_greyscale_FA_MoE.py - {'step': '387500', 'lr': '0.0002', 'total_loss': '0.0273237', 'main_loss': '0.0273237', 'time_per_step': '2.23737'}
2025-11-10 07:44:18,234 - train_greyscale_FA_MoE.py - {'step': '387600', 'lr': '0.0002', 'total_loss': '0.0270768', 'main_loss': '0.0270768', 'time_per_step': '2.20553'}
2025-11-10 07:48:05,804 - train_greyscale_FA_MoE.py - {'step': '387700', 'lr': '0.0002', 'total_loss': '0.0241088', 'main_loss': '0.0241088', 'time_per_step': '2.22964'}
2025-11-10 07:51:52,120 - train_greyscale_FA_MoE.py - {'step': '387800', 'lr': '0.0002', 'total_loss': '0.0250213', 'main_loss': '0.0250213', 'time_per_step': '2.24097'}
2025-11-10 07:55:39,815 - train_greyscale_FA_MoE.py - {'step': '387900', 'lr': '0.0002', 'total_loss': '0.0269566', 'main_loss': '0.0269566', 'time_per_step': '2.09812'}
2025-11-10 07:59:25,613 - train_greyscale_FA_MoE.py - {'step': '388000', 'lr': '0.0002', 'total_loss': '0.0254672', 'main_loss': '0.0254672', 'time_per_step': '2.09332'}
2025-11-10 08:03:13,339 - train_greyscale_FA_MoE.py - {'step': '388100', 'lr': '0.0002', 'total_loss': '0.0252571', 'main_loss': '0.0252571', 'time_per_step': '2.24603'}
2025-11-10 08:06:59,255 - train_greyscale_FA_MoE.py - {'step': '388200', 'lr': '0.0002', 'total_loss': '0.0293445', 'main_loss': '0.0293445', 'time_per_step': '2.14997'}
2025-11-10 08:10:46,620 - train_greyscale_FA_MoE.py - {'step': '388300', 'lr': '0.0002', 'total_loss': '0.0273491', 'main_loss': '0.0273491', 'time_per_step': '2.21068'}
2025-11-10 08:14:33,670 - train_greyscale_FA_MoE.py - {'step': '388400', 'lr': '0.0002', 'total_loss': '0.0287137', 'main_loss': '0.0287137', 'time_per_step': '2.24082'}
2025-11-10 08:18:20,643 - train_greyscale_FA_MoE.py - {'step': '388500', 'lr': '0.0002', 'total_loss': '0.0251507', 'main_loss': '0.0251507', 'time_per_step': '2.23463'}
2025-11-10 08:22:07,694 - train_greyscale_FA_MoE.py - {'step': '388600', 'lr': '0.0002', 'total_loss': '0.0262075', 'main_loss': '0.0262075', 'time_per_step': '2.20923'}
2025-11-10 08:25:55,343 - train_greyscale_FA_MoE.py - {'step': '388700', 'lr': '0.0002', 'total_loss': '0.02377', 'main_loss': '0.02377', 'time_per_step': '2.21638'}
2025-11-10 08:29:43,195 - train_greyscale_FA_MoE.py - {'step': '388800', 'lr': '0.0002', 'total_loss': '0.0302616', 'main_loss': '0.0302616', 'time_per_step': '2.20136'}
2025-11-10 08:33:30,442 - train_greyscale_FA_MoE.py - {'step': '388900', 'lr': '0.0002', 'total_loss': '0.0224417', 'main_loss': '0.0224417', 'time_per_step': '2.22507'}
2025-11-10 08:37:16,763 - train_greyscale_FA_MoE.py - {'step': '389000', 'lr': '0.0002', 'total_loss': '0.0300897', 'main_loss': '0.0300897', 'time_per_step': '2.22879'}
2025-11-10 08:41:03,921 - train_greyscale_FA_MoE.py - {'step': '389100', 'lr': '0.0002', 'total_loss': '0.0271167', 'main_loss': '0.0271167', 'time_per_step': '2.0841'}
2025-11-10 08:44:50,638 - train_greyscale_FA_MoE.py - {'step': '389200', 'lr': '0.0002', 'total_loss': '0.022501', 'main_loss': '0.022501', 'time_per_step': '2.09896'}
2025-11-10 08:48:38,393 - train_greyscale_FA_MoE.py - {'step': '389300', 'lr': '0.0002', 'total_loss': '0.0272328', 'main_loss': '0.0272328', 'time_per_step': '2.17406'}
2025-11-10 08:52:24,841 - train_greyscale_FA_MoE.py - {'step': '389400', 'lr': '0.0002', 'total_loss': '0.0250579', 'main_loss': '0.0250579', 'time_per_step': '2.20855'}
2025-11-10 08:56:11,548 - train_greyscale_FA_MoE.py - {'step': '389500', 'lr': '0.0002', 'total_loss': '0.0256779', 'main_loss': '0.0256779', 'time_per_step': '2.15147'}
2025-11-10 08:59:58,412 - train_greyscale_FA_MoE.py - {'step': '389600', 'lr': '0.0002', 'total_loss': '0.0229329', 'main_loss': '0.0229329', 'time_per_step': '2.25127'}
2025-11-10 09:03:45,420 - train_greyscale_FA_MoE.py - {'step': '389700', 'lr': '0.0002', 'total_loss': '0.0270365', 'main_loss': '0.0270365', 'time_per_step': '2.19338'}
2025-11-10 09:07:31,579 - train_greyscale_FA_MoE.py - {'step': '389800', 'lr': '0.0002', 'total_loss': '0.0255656', 'main_loss': '0.0255656', 'time_per_step': '2.15163'}
2025-11-10 09:11:18,406 - train_greyscale_FA_MoE.py - {'step': '389900', 'lr': '0.0002', 'total_loss': '0.0261899', 'main_loss': '0.0261899', 'time_per_step': '2.20562'}
2025-11-10 09:15:05,586 - train_greyscale_FA_MoE.py - {'step': '390000', 'lr': '0.0002', 'total_loss': '0.0247928', 'main_loss': '0.0247928', 'time_per_step': '2.20147'}
2025-11-10 09:18:52,934 - train_greyscale_FA_MoE.py - {'step': '390100', 'lr': '0.0002', 'total_loss': '0.028996', 'main_loss': '0.028996', 'time_per_step': '2.18232'}
2025-11-10 09:22:39,763 - train_greyscale_FA_MoE.py - {'step': '390200', 'lr': '0.0002', 'total_loss': '0.0273993', 'main_loss': '0.0273993', 'time_per_step': '2.18278'}
2025-11-10 09:26:26,761 - train_greyscale_FA_MoE.py - {'step': '390300', 'lr': '0.0002', 'total_loss': '0.0297087', 'main_loss': '0.0297087', 'time_per_step': '2.15681'}
2025-11-10 09:30:13,808 - train_greyscale_FA_MoE.py - {'step': '390400', 'lr': '0.0002', 'total_loss': '0.027708', 'main_loss': '0.027708', 'time_per_step': '2.07367'}
2025-11-10 09:34:00,712 - train_greyscale_FA_MoE.py - {'step': '390500', 'lr': '0.0002', 'total_loss': '0.0236598', 'main_loss': '0.0236598', 'time_per_step': '2.15017'}
2025-11-10 09:37:47,436 - train_greyscale_FA_MoE.py - {'step': '390600', 'lr': '0.0002', 'total_loss': '0.0252035', 'main_loss': '0.0252035', 'time_per_step': '2.22204'}
2025-11-10 09:41:34,707 - train_greyscale_FA_MoE.py - {'step': '390700', 'lr': '0.0002', 'total_loss': '0.0259439', 'main_loss': '0.0259439', 'time_per_step': '2.20541'}
2025-11-10 09:45:21,632 - train_greyscale_FA_MoE.py - {'step': '390800', 'lr': '0.0002', 'total_loss': '0.0210462', 'main_loss': '0.0210462', 'time_per_step': '2.22669'}
2025-11-10 09:49:07,511 - train_greyscale_FA_MoE.py - {'step': '390900', 'lr': '0.0002', 'total_loss': '0.0220494', 'main_loss': '0.0220494', 'time_per_step': '2.17364'}
2025-11-10 09:52:54,655 - train_greyscale_FA_MoE.py - {'step': '391000', 'lr': '0.0002', 'total_loss': '0.0208904', 'main_loss': '0.0208904', 'time_per_step': '2.20624'}
2025-11-10 09:56:42,008 - train_greyscale_FA_MoE.py - {'step': '391100', 'lr': '0.0002', 'total_loss': '0.0310217', 'main_loss': '0.0310217', 'time_per_step': '2.19526'}
2025-11-10 10:00:29,318 - train_greyscale_FA_MoE.py - {'step': '391200', 'lr': '0.0002', 'total_loss': '0.0214716', 'main_loss': '0.0214716', 'time_per_step': '2.21926'}
2025-11-10 10:04:15,360 - train_greyscale_FA_MoE.py - {'step': '391300', 'lr': '0.0002', 'total_loss': '0.0291401', 'main_loss': '0.0291401', 'time_per_step': '2.21991'}
2025-11-10 10:08:02,311 - train_greyscale_FA_MoE.py - {'step': '391400', 'lr': '0.0002', 'total_loss': '0.0255342', 'main_loss': '0.0255342', 'time_per_step': '2.18325'}
2025-11-10 10:11:49,073 - train_greyscale_FA_MoE.py - {'step': '391500', 'lr': '0.0002', 'total_loss': '0.0211154', 'main_loss': '0.0211154', 'time_per_step': '2.0778'}
2025-11-10 10:15:35,658 - train_greyscale_FA_MoE.py - {'step': '391600', 'lr': '0.0002', 'total_loss': '0.0301223', 'main_loss': '0.0301223', 'time_per_step': '2.07398'}
2025-11-10 10:19:22,449 - train_greyscale_FA_MoE.py - {'step': '391700', 'lr': '0.0002', 'total_loss': '0.0264687', 'main_loss': '0.0264687', 'time_per_step': '2.20219'}
2025-11-10 10:23:09,979 - train_greyscale_FA_MoE.py - {'step': '391800', 'lr': '0.0002', 'total_loss': '0.0223396', 'main_loss': '0.0223396', 'time_per_step': '2.21204'}
2025-11-10 10:26:57,023 - train_greyscale_FA_MoE.py - {'step': '391900', 'lr': '0.0002', 'total_loss': '0.0183472', 'main_loss': '0.0183472', 'time_per_step': '2.23908'}
2025-11-10 10:30:44,372 - train_greyscale_FA_MoE.py - {'step': '392000', 'lr': '0.0002', 'total_loss': '0.0272516', 'main_loss': '0.0272516', 'time_per_step': '2.19309'}
2025-11-10 10:34:30,306 - train_greyscale_FA_MoE.py - {'step': '392100', 'lr': '0.0002', 'total_loss': '0.0264171', 'main_loss': '0.0264171', 'time_per_step': '2.19853'}
2025-11-10 10:38:17,245 - train_greyscale_FA_MoE.py - {'step': '392200', 'lr': '0.0002', 'total_loss': '0.0228796', 'main_loss': '0.0228796', 'time_per_step': '2.21517'}
2025-11-10 10:42:04,315 - train_greyscale_FA_MoE.py - {'step': '392300', 'lr': '0.0002', 'total_loss': '0.0270596', 'main_loss': '0.0270596', 'time_per_step': '2.21371'}
2025-11-10 10:45:51,548 - train_greyscale_FA_MoE.py - {'step': '392400', 'lr': '0.0002', 'total_loss': '0.0262246', 'main_loss': '0.0262246', 'time_per_step': '2.21838'}
2025-11-10 10:49:37,667 - train_greyscale_FA_MoE.py - {'step': '392500', 'lr': '0.0002', 'total_loss': '0.0258418', 'main_loss': '0.0258418', 'time_per_step': '2.22055'}
2025-11-10 10:53:25,136 - train_greyscale_FA_MoE.py - {'step': '392600', 'lr': '0.0002', 'total_loss': '0.0247923', 'main_loss': '0.0247923', 'time_per_step': '2.22319'}
2025-11-10 10:57:11,793 - train_greyscale_FA_MoE.py - {'step': '392700', 'lr': '0.0002', 'total_loss': '0.0238552', 'main_loss': '0.0238552', 'time_per_step': '2.09648'}
2025-11-10 11:00:58,386 - train_greyscale_FA_MoE.py - {'step': '392800', 'lr': '0.0002', 'total_loss': '0.0286686', 'main_loss': '0.0286686', 'time_per_step': '2.13752'}
2025-11-10 11:04:45,118 - train_greyscale_FA_MoE.py - {'step': '392900', 'lr': '0.0002', 'total_loss': '0.0238473', 'main_loss': '0.0238473', 'time_per_step': '2.19788'}
2025-11-10 11:08:33,053 - train_greyscale_FA_MoE.py - {'step': '393000', 'lr': '0.0002', 'total_loss': '0.0251166', 'main_loss': '0.0251166', 'time_per_step': '2.31009'}
2025-11-10 11:12:19,292 - train_greyscale_FA_MoE.py - {'step': '393100', 'lr': '0.0002', 'total_loss': '0.0268219', 'main_loss': '0.0268219', 'time_per_step': '2.17447'}
2025-11-10 11:16:06,773 - train_greyscale_FA_MoE.py - {'step': '393200', 'lr': '0.0002', 'total_loss': '0.0261162', 'main_loss': '0.0261162', 'time_per_step': '2.19905'}
2025-11-10 11:19:53,294 - train_greyscale_FA_MoE.py - {'step': '393300', 'lr': '0.0002', 'total_loss': '0.0206285', 'main_loss': '0.0206285', 'time_per_step': '2.18711'}
2025-11-10 11:23:39,925 - train_greyscale_FA_MoE.py - {'step': '393400', 'lr': '0.0002', 'total_loss': '0.0211066', 'main_loss': '0.0211066', 'time_per_step': '2.23603'}
2025-11-10 11:27:27,107 - train_greyscale_FA_MoE.py - {'step': '393500', 'lr': '0.0002', 'total_loss': '0.0268688', 'main_loss': '0.0268688', 'time_per_step': '2.2506'}
2025-11-10 11:31:14,058 - train_greyscale_FA_MoE.py - {'step': '393600', 'lr': '0.0002', 'total_loss': '0.0293668', 'main_loss': '0.0293668', 'time_per_step': '2.21771'}
2025-11-10 11:34:59,868 - train_greyscale_FA_MoE.py - {'step': '393700', 'lr': '0.0002', 'total_loss': '0.0257341', 'main_loss': '0.0257341', 'time_per_step': '2.18921'}
2025-11-10 11:38:46,801 - train_greyscale_FA_MoE.py - {'step': '393800', 'lr': '0.0002', 'total_loss': '0.025443', 'main_loss': '0.025443', 'time_per_step': '2.19523'}
2025-11-10 11:42:34,043 - train_greyscale_FA_MoE.py - {'step': '393900', 'lr': '0.0002', 'total_loss': '0.0241248', 'main_loss': '0.0241248', 'time_per_step': '2.09277'}
2025-11-10 11:46:20,796 - train_greyscale_FA_MoE.py - {'step': '394000', 'lr': '0.0002', 'total_loss': '0.0249952', 'main_loss': '0.0249952', 'time_per_step': '2.07565'}
2025-11-10 11:50:07,402 - train_greyscale_FA_MoE.py - {'step': '394100', 'lr': '0.0002', 'total_loss': '0.0242561', 'main_loss': '0.0242561', 'time_per_step': '2.21797'}
2025-11-10 11:53:54,447 - train_greyscale_FA_MoE.py - {'step': '394200', 'lr': '0.0002', 'total_loss': '0.0244828', 'main_loss': '0.0244828', 'time_per_step': '2.16584'}
2025-11-10 11:57:41,799 - train_greyscale_FA_MoE.py - {'step': '394300', 'lr': '0.0002', 'total_loss': '0.0252976', 'main_loss': '0.0252976', 'time_per_step': '2.20048'}
2025-11-10 12:01:29,010 - train_greyscale_FA_MoE.py - {'step': '394400', 'lr': '0.0002', 'total_loss': '0.0274503', 'main_loss': '0.0274503', 'time_per_step': '2.21357'}
2025-11-10 12:05:14,895 - train_greyscale_FA_MoE.py - {'step': '394500', 'lr': '0.0002', 'total_loss': '0.0223073', 'main_loss': '0.0223073', 'time_per_step': '2.22074'}
2025-11-10 12:09:02,161 - train_greyscale_FA_MoE.py - {'step': '394600', 'lr': '0.0002', 'total_loss': '0.0249941', 'main_loss': '0.0249941', 'time_per_step': '2.16775'}
2025-11-10 12:12:49,306 - train_greyscale_FA_MoE.py - {'step': '394700', 'lr': '0.0002', 'total_loss': '0.0300498', 'main_loss': '0.0300498', 'time_per_step': '2.2065'}
2025-11-10 12:16:36,309 - train_greyscale_FA_MoE.py - {'step': '394800', 'lr': '0.0002', 'total_loss': '0.0265308', 'main_loss': '0.0265308', 'time_per_step': '2.21761'}
2025-11-10 12:20:23,309 - train_greyscale_FA_MoE.py - {'step': '394900', 'lr': '0.0002', 'total_loss': '0.0253275', 'main_loss': '0.0253275', 'time_per_step': '2.18605'}
2025-11-10 12:24:09,549 - train_greyscale_FA_MoE.py - {'step': '395000', 'lr': '0.0002', 'total_loss': '0.0224934', 'main_loss': '0.0224934', 'time_per_step': '2.20183'}
2025-11-10 12:27:56,171 - train_greyscale_FA_MoE.py - {'step': '395100', 'lr': '0.0002', 'total_loss': '0.0242694', 'main_loss': '0.0242694', 'time_per_step': '2.09041'}
2025-11-10 12:31:43,235 - train_greyscale_FA_MoE.py - {'step': '395200', 'lr': '0.0002', 'total_loss': '0.0243935', 'main_loss': '0.0243935', 'time_per_step': '2.08857'}
2025-11-10 12:35:29,484 - train_greyscale_FA_MoE.py - {'step': '395300', 'lr': '0.0002', 'total_loss': '0.0235142', 'main_loss': '0.0235142', 'time_per_step': '2.15986'}
2025-11-10 12:39:16,722 - train_greyscale_FA_MoE.py - {'step': '395400', 'lr': '0.0002', 'total_loss': '0.0230905', 'main_loss': '0.0230905', 'time_per_step': '2.23462'}
2025-11-10 12:43:03,999 - train_greyscale_FA_MoE.py - {'step': '395500', 'lr': '0.0002', 'total_loss': '0.0233509', 'main_loss': '0.0233509', 'time_per_step': '2.20534'}
2025-11-10 12:46:51,059 - train_greyscale_FA_MoE.py - {'step': '395600', 'lr': '0.0002', 'total_loss': '0.0259435', 'main_loss': '0.0259435', 'time_per_step': '2.19708'}
2025-11-10 12:50:36,861 - train_greyscale_FA_MoE.py - {'step': '395700', 'lr': '0.0002', 'total_loss': '0.0221471', 'main_loss': '0.0221471', 'time_per_step': '2.21478'}
2025-11-10 12:54:22,711 - train_greyscale_FA_MoE.py - {'step': '395800', 'lr': '0.0002', 'total_loss': '0.0231432', 'main_loss': '0.0231432', 'time_per_step': '2.20963'}
2025-11-10 12:58:09,476 - train_greyscale_FA_MoE.py - {'step': '395900', 'lr': '0.0002', 'total_loss': '0.01854', 'main_loss': '0.01854', 'time_per_step': '2.22755'}
2025-11-10 13:01:56,435 - train_greyscale_FA_MoE.py - {'step': '396000', 'lr': '0.0002', 'total_loss': '0.0253471', 'main_loss': '0.0253471', 'time_per_step': '2.19258'}
2025-11-10 13:05:42,626 - train_greyscale_FA_MoE.py - {'step': '396100', 'lr': '0.0002', 'total_loss': '0.0222873', 'main_loss': '0.0222873', 'time_per_step': '2.18628'}
2025-11-10 13:09:30,015 - train_greyscale_FA_MoE.py - {'step': '396200', 'lr': '0.0002', 'total_loss': '0.023906', 'main_loss': '0.023906', 'time_per_step': '2.23725'}
2025-11-10 13:13:16,789 - train_greyscale_FA_MoE.py - {'step': '396300', 'lr': '0.0002', 'total_loss': '0.0245476', 'main_loss': '0.0245476', 'time_per_step': '2.09238'}
2025-11-10 13:17:03,831 - train_greyscale_FA_MoE.py - {'step': '396400', 'lr': '0.0002', 'total_loss': '0.0280298', 'main_loss': '0.0280298', 'time_per_step': '2.09922'}
2025-11-10 13:20:51,251 - train_greyscale_FA_MoE.py - {'step': '396500', 'lr': '0.0002', 'total_loss': '0.0305399', 'main_loss': '0.0305399', 'time_per_step': '2.20786'}
2025-11-10 13:24:37,502 - train_greyscale_FA_MoE.py - {'step': '396600', 'lr': '0.0002', 'total_loss': '0.0293192', 'main_loss': '0.0293192', 'time_per_step': '2.14973'}
2025-11-10 13:28:25,678 - train_greyscale_FA_MoE.py - {'step': '396700', 'lr': '0.0002', 'total_loss': '0.0245147', 'main_loss': '0.0245147', 'time_per_step': '2.18877'}
2025-11-10 13:32:12,541 - train_greyscale_FA_MoE.py - {'step': '396800', 'lr': '0.0002', 'total_loss': '0.0260418', 'main_loss': '0.0260418', 'time_per_step': '2.21424'}
2025-11-10 13:35:58,822 - train_greyscale_FA_MoE.py - {'step': '396900', 'lr': '0.0002', 'total_loss': '0.024124', 'main_loss': '0.024124', 'time_per_step': '2.2'}
2025-11-10 13:39:45,684 - train_greyscale_FA_MoE.py - {'step': '397000', 'lr': '0.0002', 'total_loss': '0.0291858', 'main_loss': '0.0291858', 'time_per_step': '2.2279'}
2025-11-10 13:43:32,955 - train_greyscale_FA_MoE.py - {'step': '397100', 'lr': '0.0002', 'total_loss': '0.0256163', 'main_loss': '0.0256163', 'time_per_step': '2.32813'}
2025-11-10 13:47:18,740 - train_greyscale_FA_MoE.py - {'step': '397200', 'lr': '0.0002', 'total_loss': '0.0246008', 'main_loss': '0.0246008', 'time_per_step': '2.1948'}
2025-11-10 13:51:05,670 - train_greyscale_FA_MoE.py - {'step': '397300', 'lr': '0.0002', 'total_loss': '0.0348181', 'main_loss': '0.0348181', 'time_per_step': '2.18588'}
2025-11-10 13:54:52,989 - train_greyscale_FA_MoE.py - {'step': '397400', 'lr': '0.0002', 'total_loss': '0.0286978', 'main_loss': '0.0286978', 'time_per_step': '2.22459'}
2025-11-10 13:58:40,069 - train_greyscale_FA_MoE.py - {'step': '397500', 'lr': '0.0002', 'total_loss': '0.0229744', 'main_loss': '0.0229744', 'time_per_step': '2.09122'}
2025-11-10 14:02:25,879 - train_greyscale_FA_MoE.py - {'step': '397600', 'lr': '0.0002', 'total_loss': '0.0310813', 'main_loss': '0.0310813', 'time_per_step': '2.09065'}
2025-11-10 14:06:13,334 - train_greyscale_FA_MoE.py - {'step': '397700', 'lr': '0.0002', 'total_loss': '0.0231517', 'main_loss': '0.0231517', 'time_per_step': '2.19647'}
2025-11-10 14:10:00,718 - train_greyscale_FA_MoE.py - {'step': '397800', 'lr': '0.0002', 'total_loss': '0.0241778', 'main_loss': '0.0241778', 'time_per_step': '2.15628'}
2025-11-10 14:13:47,640 - train_greyscale_FA_MoE.py - {'step': '397900', 'lr': '0.0002', 'total_loss': '0.0275754', 'main_loss': '0.0275754', 'time_per_step': '2.21505'}
2025-11-10 14:17:33,662 - train_greyscale_FA_MoE.py - {'step': '398000', 'lr': '0.0002', 'total_loss': '0.0270629', 'main_loss': '0.0270629', 'time_per_step': '2.22492'}
2025-11-10 14:21:21,324 - train_greyscale_FA_MoE.py - {'step': '398100', 'lr': '0.0002', 'total_loss': '0.0284875', 'main_loss': '0.0284875', 'time_per_step': '2.18931'}
2025-11-10 14:25:08,167 - train_greyscale_FA_MoE.py - {'step': '398200', 'lr': '0.0002', 'total_loss': '0.0258351', 'main_loss': '0.0258351', 'time_per_step': '2.17509'}
2025-11-10 14:28:55,158 - train_greyscale_FA_MoE.py - {'step': '398300', 'lr': '0.0002', 'total_loss': '0.0246894', 'main_loss': '0.0246894', 'time_per_step': '2.22586'}
2025-11-10 14:32:41,070 - train_greyscale_FA_MoE.py - {'step': '398400', 'lr': '0.0002', 'total_loss': '0.0234787', 'main_loss': '0.0234787', 'time_per_step': '2.18715'}
2025-11-10 14:36:27,930 - train_greyscale_FA_MoE.py - {'step': '398500', 'lr': '0.0002', 'total_loss': '0.026874', 'main_loss': '0.026874', 'time_per_step': '2.23869'}
2025-11-10 14:40:14,929 - train_greyscale_FA_MoE.py - {'step': '398600', 'lr': '0.0002', 'total_loss': '0.0185547', 'main_loss': '0.0185547', 'time_per_step': '2.20633'}
2025-11-10 14:44:02,170 - train_greyscale_FA_MoE.py - {'step': '398700', 'lr': '0.0002', 'total_loss': '0.0273762', 'main_loss': '0.0273762', 'time_per_step': '2.08187'}
2025-11-10 14:47:47,995 - train_greyscale_FA_MoE.py - {'step': '398800', 'lr': '0.0002', 'total_loss': '0.0294095', 'main_loss': '0.0294095', 'time_per_step': '2.07892'}
2025-11-10 14:51:35,655 - train_greyscale_FA_MoE.py - {'step': '398900', 'lr': '0.0002', 'total_loss': '0.0231817', 'main_loss': '0.0231817', 'time_per_step': '2.2129'}
2025-11-10 14:55:21,456 - train_greyscale_FA_MoE.py - {'step': '399000', 'lr': '0.0002', 'total_loss': '0.0287758', 'main_loss': '0.0287758', 'time_per_step': '2.24202'}
2025-11-10 14:59:08,132 - train_greyscale_FA_MoE.py - {'step': '399100', 'lr': '0.0002', 'total_loss': '0.0297899', 'main_loss': '0.0297899', 'time_per_step': '2.2024'}
2025-11-10 15:02:54,020 - train_greyscale_FA_MoE.py - {'step': '399200', 'lr': '0.0002', 'total_loss': '0.023142', 'main_loss': '0.023142', 'time_per_step': '2.22287'}
2025-11-10 15:06:40,644 - train_greyscale_FA_MoE.py - {'step': '399300', 'lr': '0.0002', 'total_loss': '0.0171161', 'main_loss': '0.0171161', 'time_per_step': '2.17174'}
2025-11-10 15:10:27,975 - train_greyscale_FA_MoE.py - {'step': '399400', 'lr': '0.0002', 'total_loss': '0.0229598', 'main_loss': '0.0229598', 'time_per_step': '2.25011'}
2025-11-10 15:14:14,663 - train_greyscale_FA_MoE.py - {'step': '399500', 'lr': '0.0002', 'total_loss': '0.0225456', 'main_loss': '0.0225456', 'time_per_step': '2.20337'}
2025-11-10 15:18:00,845 - train_greyscale_FA_MoE.py - {'step': '399600', 'lr': '0.0002', 'total_loss': '0.027326', 'main_loss': '0.027326', 'time_per_step': '2.21025'}
2025-11-10 15:21:48,332 - train_greyscale_FA_MoE.py - {'step': '399700', 'lr': '0.0002', 'total_loss': '0.028871', 'main_loss': '0.028871', 'time_per_step': '2.20878'}
2025-11-10 15:25:35,696 - train_greyscale_FA_MoE.py - {'step': '399800', 'lr': '0.0002', 'total_loss': '0.0264937', 'main_loss': '0.0264937', 'time_per_step': '2.21983'}
2025-11-10 15:29:22,585 - train_greyscale_FA_MoE.py - {'step': '399900', 'lr': '0.0002', 'total_loss': '0.0300939', 'main_loss': '0.0300939', 'time_per_step': '2.08065'}
2025-11-10 15:33:06,584 - train_greyscale_FA_MoE.py - {'step': '400000', 'lr': '0.0002', 'total_loss': '0.0270421', 'main_loss': '0.0270421', 'time_per_step': '2.07735'}
2025-11-10 15:33:06,640 - train_greyscale_FA_MoE.py - Saved expert distribution of layer in_block_0 to output/acdc_wholeheart_uncond_fa_ec_moe_greyscale_uvit_mid_4by4_l6r9_minmax/samples/expert_distribution_in_block_0_step400000.npy
2025-11-10 15:33:08,185 - train_greyscale_FA_MoE.py - Saved expert distribution of layer out_block_7 to output/acdc_wholeheart_uncond_fa_ec_moe_greyscale_uvit_mid_4by4_l6r9_minmax/samples/expert_distribution_out_block_7_step400000.npy
2025-11-10 15:33:09,597 - train_greyscale_FA_MoE.py - Save a grid of 16 samples into output/acdc_wholeheart_uncond_fa_ec_moe_greyscale_uvit_mid_4by4_l6r9_minmax/samples/400000.png by DPM-Solver
2025-11-10 15:33:15,059 - train_greyscale_FA_MoE.py - Finished saving sample grid to output/acdc_wholeheart_uncond_fa_ec_moe_greyscale_uvit_mid_4by4_l6r9_minmax/samples/400000.png by DPM-Solver.
2025-11-10 15:33:15,120 - train_greyscale_FA_MoE.py - Save and eval checkpoint 400000...
2025-11-10 15:33:17,471 - train_greyscale_FA_MoE.py - eval_step: n_samples=50000, sample_steps=50, algorithm=dpm_solver, mini_batch_size=500, samples save into output/acdc_wholeheart_uncond_fa_ec_moe_greyscale_uvit_mid_4by4_l6r9_minmax/samples/acdc_wholeheart_uncond_uvit_FA_EC_MoE_greyscale_mid_4by4_400000_dpm
2025-11-10 16:23:10,827 - train_greyscale_FA_MoE.py - step=400000 fid50000=16.905811313867446
2025-11-10 16:27:48,642 - train_greyscale_FA_MoE.py - {'step': '400100', 'lr': '0.0002', 'total_loss': '0.0300447', 'main_loss': '0.0300447', 'time_per_step': '2.20559'}
2025-11-10 16:31:36,003 - train_greyscale_FA_MoE.py - {'step': '400200', 'lr': '0.0002', 'total_loss': '0.0305512', 'main_loss': '0.0305512', 'time_per_step': '2.23256'}
2025-11-10 16:35:22,926 - train_greyscale_FA_MoE.py - {'step': '400300', 'lr': '0.0002', 'total_loss': '0.0250418', 'main_loss': '0.0250418', 'time_per_step': '2.22445'}
2025-11-10 16:39:09,729 - train_greyscale_FA_MoE.py - {'step': '400400', 'lr': '0.0002', 'total_loss': '0.0281488', 'main_loss': '0.0281488', 'time_per_step': '2.16712'}
2025-11-10 16:42:57,780 - train_greyscale_FA_MoE.py - {'step': '400500', 'lr': '0.0002', 'total_loss': '0.0262636', 'main_loss': '0.0262636', 'time_per_step': '2.26697'}
2025-11-10 16:46:45,471 - train_greyscale_FA_MoE.py - {'step': '400600', 'lr': '0.0002', 'total_loss': '0.0259145', 'main_loss': '0.0259145', 'time_per_step': '2.22082'}
2025-11-10 16:50:32,606 - train_greyscale_FA_MoE.py - {'step': '400700', 'lr': '0.0002', 'total_loss': '0.0300627', 'main_loss': '0.0300627', 'time_per_step': '2.32171'}
2025-11-10 16:54:18,575 - train_greyscale_FA_MoE.py - {'step': '400800', 'lr': '0.0002', 'total_loss': '0.0239414', 'main_loss': '0.0239414', 'time_per_step': '2.17873'}
2025-11-10 16:58:06,485 - train_greyscale_FA_MoE.py - {'step': '400900', 'lr': '0.0002', 'total_loss': '0.0271858', 'main_loss': '0.0271858', 'time_per_step': '2.23684'}
2025-11-10 17:01:53,232 - train_greyscale_FA_MoE.py - {'step': '401000', 'lr': '0.0002', 'total_loss': '0.026344', 'main_loss': '0.026344', 'time_per_step': '2.21482'}
2025-11-10 17:05:40,038 - train_greyscale_FA_MoE.py - {'step': '401100', 'lr': '0.0002', 'total_loss': '0.0271988', 'main_loss': '0.0271988', 'time_per_step': '2.0853'}
2025-11-10 17:09:27,654 - train_greyscale_FA_MoE.py - {'step': '401200', 'lr': '0.0002', 'total_loss': '0.0304816', 'main_loss': '0.0304816', 'time_per_step': '2.14961'}
2025-11-10 17:13:15,734 - train_greyscale_FA_MoE.py - {'step': '401300', 'lr': '0.0002', 'total_loss': '0.0242394', 'main_loss': '0.0242394', 'time_per_step': '2.22242'}
2025-11-10 17:17:02,902 - train_greyscale_FA_MoE.py - {'step': '401400', 'lr': '0.0002', 'total_loss': '0.0265107', 'main_loss': '0.0265107', 'time_per_step': '2.19868'}
2025-11-10 17:20:50,004 - train_greyscale_FA_MoE.py - {'step': '401500', 'lr': '0.0002', 'total_loss': '0.0191982', 'main_loss': '0.0191982', 'time_per_step': '2.20627'}
2025-11-10 17:24:36,375 - train_greyscale_FA_MoE.py - {'step': '401600', 'lr': '0.0002', 'total_loss': '0.0260587', 'main_loss': '0.0260587', 'time_per_step': '2.20074'}
2025-11-10 17:28:23,919 - train_greyscale_FA_MoE.py - {'step': '401700', 'lr': '0.0002', 'total_loss': '0.0210508', 'main_loss': '0.0210508', 'time_per_step': '2.1641'}
2025-11-10 17:32:11,435 - train_greyscale_FA_MoE.py - {'step': '401800', 'lr': '0.0002', 'total_loss': '0.024989', 'main_loss': '0.024989', 'time_per_step': '2.19185'}
2025-11-10 17:35:58,520 - train_greyscale_FA_MoE.py - {'step': '401900', 'lr': '0.0002', 'total_loss': '0.0280858', 'main_loss': '0.0280858', 'time_per_step': '2.24999'}
2025-11-10 17:39:44,336 - train_greyscale_FA_MoE.py - {'step': '402000', 'lr': '0.0002', 'total_loss': '0.0245356', 'main_loss': '0.0245356', 'time_per_step': '2.21509'}
2025-11-10 17:43:32,047 - train_greyscale_FA_MoE.py - {'step': '402100', 'lr': '0.0002', 'total_loss': '0.0297437', 'main_loss': '0.0297437', 'time_per_step': '2.26362'}
2025-11-10 17:47:19,325 - train_greyscale_FA_MoE.py - {'step': '402200', 'lr': '0.0002', 'total_loss': '0.0263931', 'main_loss': '0.0263931', 'time_per_step': '2.20086'}
2025-11-10 17:51:06,709 - train_greyscale_FA_MoE.py - {'step': '402300', 'lr': '0.0002', 'total_loss': '0.0294079', 'main_loss': '0.0294079', 'time_per_step': '2.10252'}
2025-11-10 17:54:52,398 - train_greyscale_FA_MoE.py - {'step': '402400', 'lr': '0.0002', 'total_loss': '0.0292933', 'main_loss': '0.0292933', 'time_per_step': '2.0897'}
2025-11-10 17:58:40,344 - train_greyscale_FA_MoE.py - {'step': '402500', 'lr': '0.0002', 'total_loss': '0.0230878', 'main_loss': '0.0230878', 'time_per_step': '2.1653'}
2025-11-10 18:02:27,458 - train_greyscale_FA_MoE.py - {'step': '402600', 'lr': '0.0002', 'total_loss': '0.0301886', 'main_loss': '0.0301886', 'time_per_step': '2.26048'}
2025-11-10 18:06:14,991 - train_greyscale_FA_MoE.py - {'step': '402700', 'lr': '0.0002', 'total_loss': '0.0249209', 'main_loss': '0.0249209', 'time_per_step': '2.20685'}
2025-11-10 18:10:01,680 - train_greyscale_FA_MoE.py - {'step': '402800', 'lr': '0.0002', 'total_loss': '0.0172736', 'main_loss': '0.0172736', 'time_per_step': '2.1825'}
2025-11-10 18:13:49,105 - train_greyscale_FA_MoE.py - {'step': '402900', 'lr': '0.0002', 'total_loss': '0.0215419', 'main_loss': '0.0215419', 'time_per_step': '2.19852'}
2025-11-10 18:17:36,280 - train_greyscale_FA_MoE.py - {'step': '403000', 'lr': '0.0002', 'total_loss': '0.0269639', 'main_loss': '0.0269639', 'time_per_step': '2.20268'}
2025-11-10 18:21:24,358 - train_greyscale_FA_MoE.py - {'step': '403100', 'lr': '0.0002', 'total_loss': '0.0297977', 'main_loss': '0.0297977', 'time_per_step': '2.14728'}
2025-11-10 18:25:10,519 - train_greyscale_FA_MoE.py - {'step': '403200', 'lr': '0.0002', 'total_loss': '0.021774', 'main_loss': '0.021774', 'time_per_step': '2.21022'}
2025-11-10 18:28:58,259 - train_greyscale_FA_MoE.py - {'step': '403300', 'lr': '0.0002', 'total_loss': '0.030296', 'main_loss': '0.030296', 'time_per_step': '2.24812'}
2025-11-10 18:32:46,049 - train_greyscale_FA_MoE.py - {'step': '403400', 'lr': '0.0002', 'total_loss': '0.0277617', 'main_loss': '0.0277617', 'time_per_step': '2.21877'}
2025-11-10 18:36:32,867 - train_greyscale_FA_MoE.py - {'step': '403500', 'lr': '0.0002', 'total_loss': '0.0239985', 'main_loss': '0.0239985', 'time_per_step': '2.30738'}
2025-11-10 18:40:18,921 - train_greyscale_FA_MoE.py - {'step': '403600', 'lr': '0.0002', 'total_loss': '0.0245136', 'main_loss': '0.0245136', 'time_per_step': '2.08038'}
2025-11-10 18:44:06,386 - train_greyscale_FA_MoE.py - {'step': '403700', 'lr': '0.0002', 'total_loss': '0.0263805', 'main_loss': '0.0263805', 'time_per_step': '2.17475'}
2025-11-10 18:47:53,490 - train_greyscale_FA_MoE.py - {'step': '403800', 'lr': '0.0002', 'total_loss': '0.0253314', 'main_loss': '0.0253314', 'time_per_step': '2.20958'}
2025-11-10 18:51:40,949 - train_greyscale_FA_MoE.py - {'step': '403900', 'lr': '0.0002', 'total_loss': '0.0266259', 'main_loss': '0.0266259', 'time_per_step': '2.25007'}
2025-11-10 18:55:27,335 - train_greyscale_FA_MoE.py - {'step': '404000', 'lr': '0.0002', 'total_loss': '0.0227068', 'main_loss': '0.0227068', 'time_per_step': '2.25672'}
2025-11-10 18:59:14,772 - train_greyscale_FA_MoE.py - {'step': '404100', 'lr': '0.0002', 'total_loss': '0.0283886', 'main_loss': '0.0283886', 'time_per_step': '2.21279'}
2025-11-10 19:03:01,619 - train_greyscale_FA_MoE.py - {'step': '404200', 'lr': '0.0002', 'total_loss': '0.0294876', 'main_loss': '0.0294876', 'time_per_step': '2.16517'}
2025-11-10 19:06:48,493 - train_greyscale_FA_MoE.py - {'step': '404300', 'lr': '0.0002', 'total_loss': '0.0265167', 'main_loss': '0.0265167', 'time_per_step': '2.17142'}
2025-11-10 19:10:35,190 - train_greyscale_FA_MoE.py - {'step': '404400', 'lr': '0.0002', 'total_loss': '0.0280944', 'main_loss': '0.0280944', 'time_per_step': '2.22658'}
2025-11-10 19:14:22,432 - train_greyscale_FA_MoE.py - {'step': '404500', 'lr': '0.0002', 'total_loss': '0.0285458', 'main_loss': '0.0285458', 'time_per_step': '2.20265'}
2025-11-10 19:18:09,988 - train_greyscale_FA_MoE.py - {'step': '404600', 'lr': '0.0002', 'total_loss': '0.0270209', 'main_loss': '0.0270209', 'time_per_step': '2.1963'}
2025-11-10 19:21:58,117 - train_greyscale_FA_MoE.py - {'step': '404700', 'lr': '0.0002', 'total_loss': '0.0240922', 'main_loss': '0.0240922', 'time_per_step': '2.15183'}
2025-11-10 19:25:45,447 - train_greyscale_FA_MoE.py - {'step': '404800', 'lr': '0.0002', 'total_loss': '0.0319175', 'main_loss': '0.0319175', 'time_per_step': '2.1017'}
2025-11-10 19:29:33,672 - train_greyscale_FA_MoE.py - {'step': '404900', 'lr': '0.0002', 'total_loss': '0.0256391', 'main_loss': '0.0256391', 'time_per_step': '2.19055'}
2025-11-10 19:33:20,978 - train_greyscale_FA_MoE.py - {'step': '405000', 'lr': '0.0002', 'total_loss': '0.0273422', 'main_loss': '0.0273422', 'time_per_step': '2.17416'}
2025-11-10 19:37:07,725 - train_greyscale_FA_MoE.py - {'step': '405100', 'lr': '0.0002', 'total_loss': '0.0216557', 'main_loss': '0.0216557', 'time_per_step': '2.20238'}
2025-11-10 19:40:54,129 - train_greyscale_FA_MoE.py - {'step': '405200', 'lr': '0.0002', 'total_loss': '0.0336106', 'main_loss': '0.0336106', 'time_per_step': '2.20826'}
2025-11-10 19:44:40,814 - train_greyscale_FA_MoE.py - {'step': '405300', 'lr': '0.0002', 'total_loss': '0.0294644', 'main_loss': '0.0294644', 'time_per_step': '2.21488'}
2025-11-10 19:48:28,161 - train_greyscale_FA_MoE.py - {'step': '405400', 'lr': '0.0002', 'total_loss': '0.0314341', 'main_loss': '0.0314341', 'time_per_step': '2.28329'}
2025-11-10 19:52:14,359 - train_greyscale_FA_MoE.py - {'step': '405500', 'lr': '0.0002', 'total_loss': '0.0292233', 'main_loss': '0.0292233', 'time_per_step': '2.20558'}
2025-11-10 19:56:01,820 - train_greyscale_FA_MoE.py - {'step': '405600', 'lr': '0.0002', 'total_loss': '0.0229568', 'main_loss': '0.0229568', 'time_per_step': '2.21464'}
2025-11-10 19:59:48,746 - train_greyscale_FA_MoE.py - {'step': '405700', 'lr': '0.0002', 'total_loss': '0.0218499', 'main_loss': '0.0218499', 'time_per_step': '2.18057'}
2025-11-10 20:03:35,719 - train_greyscale_FA_MoE.py - {'step': '405800', 'lr': '0.0002', 'total_loss': '0.0252622', 'main_loss': '0.0252622', 'time_per_step': '2.21125'}
2025-11-10 20:07:21,873 - train_greyscale_FA_MoE.py - {'step': '405900', 'lr': '0.0002', 'total_loss': '0.026901', 'main_loss': '0.026901', 'time_per_step': '2.09594'}
2025-11-10 20:11:08,508 - train_greyscale_FA_MoE.py - {'step': '406000', 'lr': '0.0002', 'total_loss': '0.0226034', 'main_loss': '0.0226034', 'time_per_step': '2.09172'}
2025-11-10 20:14:56,001 - train_greyscale_FA_MoE.py - {'step': '406100', 'lr': '0.0002', 'total_loss': '0.0209577', 'main_loss': '0.0209577', 'time_per_step': '2.21283'}
2025-11-10 20:18:42,916 - train_greyscale_FA_MoE.py - {'step': '406200', 'lr': '0.0002', 'total_loss': '0.0236048', 'main_loss': '0.0236048', 'time_per_step': '2.2266'}
2025-11-10 20:22:29,302 - train_greyscale_FA_MoE.py - {'step': '406300', 'lr': '0.0002', 'total_loss': '0.0298303', 'main_loss': '0.0298303', 'time_per_step': '2.20184'}
2025-11-10 20:26:16,213 - train_greyscale_FA_MoE.py - {'step': '406400', 'lr': '0.0002', 'total_loss': '0.028534', 'main_loss': '0.028534', 'time_per_step': '2.21219'}
2025-11-10 20:30:03,614 - train_greyscale_FA_MoE.py - {'step': '406500', 'lr': '0.0002', 'total_loss': '0.0220656', 'main_loss': '0.0220656', 'time_per_step': '2.20047'}
2025-11-10 20:33:50,745 - train_greyscale_FA_MoE.py - {'step': '406600', 'lr': '0.0002', 'total_loss': '0.0230192', 'main_loss': '0.0230192', 'time_per_step': '2.21635'}
2025-11-10 20:37:36,627 - train_greyscale_FA_MoE.py - {'step': '406700', 'lr': '0.0002', 'total_loss': '0.0221449', 'main_loss': '0.0221449', 'time_per_step': '2.22137'}
2025-11-10 20:41:23,747 - train_greyscale_FA_MoE.py - {'step': '406800', 'lr': '0.0002', 'total_loss': '0.0299553', 'main_loss': '0.0299553', 'time_per_step': '2.21351'}
2025-11-10 20:45:10,686 - train_greyscale_FA_MoE.py - {'step': '406900', 'lr': '0.0002', 'total_loss': '0.0270013', 'main_loss': '0.0270013', 'time_per_step': '2.14439'}
2025-11-10 20:48:57,943 - train_greyscale_FA_MoE.py - {'step': '407000', 'lr': '0.0002', 'total_loss': '0.023997', 'main_loss': '0.023997', 'time_per_step': '2.26456'}
2025-11-10 20:52:44,049 - train_greyscale_FA_MoE.py - {'step': '407100', 'lr': '0.0002', 'total_loss': '0.0240924', 'main_loss': '0.0240924', 'time_per_step': '2.07783'}
2025-11-10 20:56:31,246 - train_greyscale_FA_MoE.py - {'step': '407200', 'lr': '0.0002', 'total_loss': '0.0267398', 'main_loss': '0.0267398', 'time_per_step': '2.07751'}
2025-11-10 21:00:18,411 - train_greyscale_FA_MoE.py - {'step': '407300', 'lr': '0.0002', 'total_loss': '0.0260371', 'main_loss': '0.0260371', 'time_per_step': '2.19447'}
2025-11-10 21:04:05,300 - train_greyscale_FA_MoE.py - {'step': '407400', 'lr': '0.0002', 'total_loss': '0.0258788', 'main_loss': '0.0258788', 'time_per_step': '2.21135'}
2025-11-10 21:07:51,562 - train_greyscale_FA_MoE.py - {'step': '407500', 'lr': '0.0002', 'total_loss': '0.0239282', 'main_loss': '0.0239282', 'time_per_step': '2.20985'}
2025-11-10 21:11:39,030 - train_greyscale_FA_MoE.py - {'step': '407600', 'lr': '0.0002', 'total_loss': '0.0313822', 'main_loss': '0.0313822', 'time_per_step': '2.20904'}
2025-11-10 21:15:25,806 - train_greyscale_FA_MoE.py - {'step': '407700', 'lr': '0.0002', 'total_loss': '0.0269374', 'main_loss': '0.0269374', 'time_per_step': '2.19983'}
2025-11-10 21:19:12,851 - train_greyscale_FA_MoE.py - {'step': '407800', 'lr': '0.0002', 'total_loss': '0.020483', 'main_loss': '0.020483', 'time_per_step': '2.16861'}
2025-11-10 21:22:59,553 - train_greyscale_FA_MoE.py - {'step': '407900', 'lr': '0.0002', 'total_loss': '0.0245377', 'main_loss': '0.0245377', 'time_per_step': '2.23049'}
2025-11-10 21:26:46,305 - train_greyscale_FA_MoE.py - {'step': '408000', 'lr': '0.0002', 'total_loss': '0.020394', 'main_loss': '0.020394', 'time_per_step': '2.21241'}
2025-11-10 21:30:33,059 - train_greyscale_FA_MoE.py - {'step': '408100', 'lr': '0.0002', 'total_loss': '0.0194848', 'main_loss': '0.0194848', 'time_per_step': '2.22047'}
2025-11-10 21:34:20,278 - train_greyscale_FA_MoE.py - {'step': '408200', 'lr': '0.0002', 'total_loss': '0.0255775', 'main_loss': '0.0255775', 'time_per_step': '2.17012'}
2025-11-10 21:38:06,114 - train_greyscale_FA_MoE.py - {'step': '408300', 'lr': '0.0002', 'total_loss': '0.0282249', 'main_loss': '0.0282249', 'time_per_step': '2.09758'}
2025-11-10 21:41:53,082 - train_greyscale_FA_MoE.py - {'step': '408400', 'lr': '0.0002', 'total_loss': '0.0211891', 'main_loss': '0.0211891', 'time_per_step': '2.09285'}
2025-11-10 21:45:42,639 - train_greyscale_FA_MoE.py - {'step': '408500', 'lr': '0.0002', 'total_loss': '0.027407', 'main_loss': '0.027407', 'time_per_step': '2.17566'}
2025-11-10 21:49:30,215 - train_greyscale_FA_MoE.py - {'step': '408600', 'lr': '0.0002', 'total_loss': '0.0259741', 'main_loss': '0.0259741', 'time_per_step': '2.18295'}
2025-11-10 21:53:17,787 - train_greyscale_FA_MoE.py - {'step': '408700', 'lr': '0.0002', 'total_loss': '0.0247828', 'main_loss': '0.0247828', 'time_per_step': '2.2312'}
2025-11-10 21:57:07,824 - train_greyscale_FA_MoE.py - {'step': '408800', 'lr': '0.0002', 'total_loss': '0.0264818', 'main_loss': '0.0264818', 'time_per_step': '2.21739'}
2025-11-10 22:00:54,830 - train_greyscale_FA_MoE.py - {'step': '408900', 'lr': '0.0002', 'total_loss': '0.0268759', 'main_loss': '0.0268759', 'time_per_step': '2.18913'}
2025-11-10 22:04:44,418 - train_greyscale_FA_MoE.py - {'step': '409000', 'lr': '0.0002', 'total_loss': '0.0218611', 'main_loss': '0.0218611', 'time_per_step': '2.18259'}
2025-11-10 22:08:31,200 - train_greyscale_FA_MoE.py - {'step': '409100', 'lr': '0.0002', 'total_loss': '0.0260232', 'main_loss': '0.0260232', 'time_per_step': '2.21291'}
2025-11-10 22:12:19,477 - train_greyscale_FA_MoE.py - {'step': '409200', 'lr': '0.0002', 'total_loss': '0.0269876', 'main_loss': '0.0269876', 'time_per_step': '2.20924'}
2025-11-10 22:16:08,181 - train_greyscale_FA_MoE.py - {'step': '409300', 'lr': '0.0002', 'total_loss': '0.0258754', 'main_loss': '0.0258754', 'time_per_step': '2.21686'}
2025-11-10 22:19:57,628 - train_greyscale_FA_MoE.py - {'step': '409400', 'lr': '0.0002', 'total_loss': '0.0237872', 'main_loss': '0.0237872', 'time_per_step': '2.44572'}
2025-11-10 22:23:45,226 - train_greyscale_FA_MoE.py - {'step': '409500', 'lr': '0.0002', 'total_loss': '0.0240605', 'main_loss': '0.0240605', 'time_per_step': '2.0913'}
2025-11-10 22:27:32,801 - train_greyscale_FA_MoE.py - {'step': '409600', 'lr': '0.0002', 'total_loss': '0.0264076', 'main_loss': '0.0264076', 'time_per_step': '2.28423'}
2025-11-10 22:31:21,957 - train_greyscale_FA_MoE.py - {'step': '409700', 'lr': '0.0002', 'total_loss': '0.026303', 'main_loss': '0.026303', 'time_per_step': '2.20859'}
2025-11-10 22:35:11,113 - train_greyscale_FA_MoE.py - {'step': '409800', 'lr': '0.0002', 'total_loss': '0.0244336', 'main_loss': '0.0244336', 'time_per_step': '2.22725'}
2025-11-10 22:38:58,914 - train_greyscale_FA_MoE.py - {'step': '409900', 'lr': '0.0002', 'total_loss': '0.027018', 'main_loss': '0.027018', 'time_per_step': '2.25769'}
2025-11-10 22:42:47,056 - train_greyscale_FA_MoE.py - {'step': '410000', 'lr': '0.0002', 'total_loss': '0.0277846', 'main_loss': '0.0277846', 'time_per_step': '2.19258'}
2025-11-10 22:46:34,771 - train_greyscale_FA_MoE.py - {'step': '410100', 'lr': '0.0002', 'total_loss': '0.0232291', 'main_loss': '0.0232291', 'time_per_step': '2.21463'}
2025-11-10 22:50:23,263 - train_greyscale_FA_MoE.py - {'step': '410200', 'lr': '0.0002', 'total_loss': '0.025142', 'main_loss': '0.025142', 'time_per_step': '2.24468'}
2025-11-10 22:54:11,114 - train_greyscale_FA_MoE.py - {'step': '410300', 'lr': '0.0002', 'total_loss': '0.027718', 'main_loss': '0.027718', 'time_per_step': '2.19629'}
2025-11-10 22:57:59,518 - train_greyscale_FA_MoE.py - {'step': '410400', 'lr': '0.0002', 'total_loss': '0.0299014', 'main_loss': '0.0299014', 'time_per_step': '2.22399'}
2025-11-10 23:01:48,528 - train_greyscale_FA_MoE.py - {'step': '410500', 'lr': '0.0002', 'total_loss': '0.0261519', 'main_loss': '0.0261519', 'time_per_step': '2.15071'}
2025-11-10 23:05:37,468 - train_greyscale_FA_MoE.py - {'step': '410600', 'lr': '0.0002', 'total_loss': '0.024192', 'main_loss': '0.024192', 'time_per_step': '2.15079'}
2025-11-10 23:09:24,931 - train_greyscale_FA_MoE.py - {'step': '410700', 'lr': '0.0002', 'total_loss': '0.0296771', 'main_loss': '0.0296771', 'time_per_step': '2.07766'}
2025-11-10 23:13:11,783 - train_greyscale_FA_MoE.py - {'step': '410800', 'lr': '0.0002', 'total_loss': '0.0282254', 'main_loss': '0.0282254', 'time_per_step': '2.0938'}
2025-11-10 23:17:01,440 - train_greyscale_FA_MoE.py - {'step': '410900', 'lr': '0.0002', 'total_loss': '0.0203744', 'main_loss': '0.0203744', 'time_per_step': '2.24397'}
2025-11-10 23:20:49,872 - train_greyscale_FA_MoE.py - {'step': '411000', 'lr': '0.0002', 'total_loss': '0.0265683', 'main_loss': '0.0265683', 'time_per_step': '2.2138'}
2025-11-10 23:24:37,502 - train_greyscale_FA_MoE.py - {'step': '411100', 'lr': '0.0002', 'total_loss': '0.0301235', 'main_loss': '0.0301235', 'time_per_step': '2.20864'}
2025-11-10 23:28:26,865 - train_greyscale_FA_MoE.py - {'step': '411200', 'lr': '0.0002', 'total_loss': '0.0242788', 'main_loss': '0.0242788', 'time_per_step': '2.32783'}
2025-11-10 23:32:15,369 - train_greyscale_FA_MoE.py - {'step': '411300', 'lr': '0.0002', 'total_loss': '0.0258998', 'main_loss': '0.0258998', 'time_per_step': '2.21881'}
2025-11-10 23:36:04,960 - train_greyscale_FA_MoE.py - {'step': '411400', 'lr': '0.0002', 'total_loss': '0.0247005', 'main_loss': '0.0247005', 'time_per_step': '2.22997'}
2025-11-10 23:39:52,341 - train_greyscale_FA_MoE.py - {'step': '411500', 'lr': '0.0002', 'total_loss': '0.0254744', 'main_loss': '0.0254744', 'time_per_step': '2.19737'}
2025-11-10 23:43:39,782 - train_greyscale_FA_MoE.py - {'step': '411600', 'lr': '0.0002', 'total_loss': '0.025646', 'main_loss': '0.025646', 'time_per_step': '2.22783'}
2025-11-10 23:47:28,444 - train_greyscale_FA_MoE.py - {'step': '411700', 'lr': '0.0002', 'total_loss': '0.0231792', 'main_loss': '0.0231792', 'time_per_step': '2.28485'}
2025-11-10 23:51:17,007 - train_greyscale_FA_MoE.py - {'step': '411800', 'lr': '0.0002', 'total_loss': '0.0224601', 'main_loss': '0.0224601', 'time_per_step': '2.16985'}
2025-11-10 23:55:05,172 - train_greyscale_FA_MoE.py - {'step': '411900', 'lr': '0.0002', 'total_loss': '0.0292725', 'main_loss': '0.0292725', 'time_per_step': '2.08274'}
2025-11-10 23:58:53,277 - train_greyscale_FA_MoE.py - {'step': '412000', 'lr': '0.0002', 'total_loss': '0.0251523', 'main_loss': '0.0251523', 'time_per_step': '2.09288'}
2025-11-11 00:02:42,593 - train_greyscale_FA_MoE.py - {'step': '412100', 'lr': '0.0002', 'total_loss': '0.0253697', 'main_loss': '0.0253697', 'time_per_step': '2.21079'}
2025-11-11 00:06:31,355 - train_greyscale_FA_MoE.py - {'step': '412200', 'lr': '0.0002', 'total_loss': '0.0253655', 'main_loss': '0.0253655', 'time_per_step': '2.15647'}
2025-11-11 00:10:18,776 - train_greyscale_FA_MoE.py - {'step': '412300', 'lr': '0.0002', 'total_loss': '0.0354344', 'main_loss': '0.0354344', 'time_per_step': '2.20384'}
2025-11-11 00:14:07,805 - train_greyscale_FA_MoE.py - {'step': '412400', 'lr': '0.0002', 'total_loss': '0.0271662', 'main_loss': '0.0271662', 'time_per_step': '2.23558'}
2025-11-11 00:17:56,717 - train_greyscale_FA_MoE.py - {'step': '412500', 'lr': '0.0002', 'total_loss': '0.0249334', 'main_loss': '0.0249334', 'time_per_step': '2.33135'}
2025-11-11 00:21:46,709 - train_greyscale_FA_MoE.py - {'step': '412600', 'lr': '0.0002', 'total_loss': '0.0212326', 'main_loss': '0.0212326', 'time_per_step': '2.17442'}
2025-11-11 00:25:34,752 - train_greyscale_FA_MoE.py - {'step': '412700', 'lr': '0.0002', 'total_loss': '0.0231427', 'main_loss': '0.0231427', 'time_per_step': '2.22005'}
2025-11-11 00:29:22,716 - train_greyscale_FA_MoE.py - {'step': '412800', 'lr': '0.0002', 'total_loss': '0.0237051', 'main_loss': '0.0237051', 'time_per_step': '2.18811'}
2025-11-11 00:33:10,881 - train_greyscale_FA_MoE.py - {'step': '412900', 'lr': '0.0002', 'total_loss': '0.0262476', 'main_loss': '0.0262476', 'time_per_step': '2.22254'}
2025-11-11 00:36:59,012 - train_greyscale_FA_MoE.py - {'step': '413000', 'lr': '0.0002', 'total_loss': '0.0253396', 'main_loss': '0.0253396', 'time_per_step': '2.18462'}
2025-11-11 00:40:46,004 - train_greyscale_FA_MoE.py - {'step': '413100', 'lr': '0.0002', 'total_loss': '0.0323241', 'main_loss': '0.0323241', 'time_per_step': '2.10049'}
2025-11-11 00:44:34,147 - train_greyscale_FA_MoE.py - {'step': '413200', 'lr': '0.0002', 'total_loss': '0.0248392', 'main_loss': '0.0248392', 'time_per_step': '2.0935'}
2025-11-11 00:48:23,192 - train_greyscale_FA_MoE.py - {'step': '413300', 'lr': '0.0002', 'total_loss': '0.0249123', 'main_loss': '0.0249123', 'time_per_step': '2.19868'}
2025-11-11 00:52:12,079 - train_greyscale_FA_MoE.py - {'step': '413400', 'lr': '0.0002', 'total_loss': '0.0233933', 'main_loss': '0.0233933', 'time_per_step': '2.24661'}
2025-11-11 00:55:59,741 - train_greyscale_FA_MoE.py - {'step': '413500', 'lr': '0.0002', 'total_loss': '0.0263963', 'main_loss': '0.0263963', 'time_per_step': '2.17221'}
2025-11-11 00:59:48,506 - train_greyscale_FA_MoE.py - {'step': '413600', 'lr': '0.0002', 'total_loss': '0.0261383', 'main_loss': '0.0261383', 'time_per_step': '2.20489'}
2025-11-11 01:03:37,353 - train_greyscale_FA_MoE.py - {'step': '413700', 'lr': '0.0002', 'total_loss': '0.0222837', 'main_loss': '0.0222837', 'time_per_step': '2.15598'}
2025-11-11 01:07:24,954 - train_greyscale_FA_MoE.py - {'step': '413800', 'lr': '0.0002', 'total_loss': '0.0275102', 'main_loss': '0.0275102', 'time_per_step': '2.15733'}
2025-11-11 01:11:12,403 - train_greyscale_FA_MoE.py - {'step': '413900', 'lr': '0.0002', 'total_loss': '0.0252697', 'main_loss': '0.0252697', 'time_per_step': '2.1739'}
2025-11-11 01:15:01,160 - train_greyscale_FA_MoE.py - {'step': '414000', 'lr': '0.0002', 'total_loss': '0.0250757', 'main_loss': '0.0250757', 'time_per_step': '2.24231'}
2025-11-11 01:18:49,445 - train_greyscale_FA_MoE.py - {'step': '414100', 'lr': '0.0002', 'total_loss': '0.0314735', 'main_loss': '0.0314735', 'time_per_step': '2.20638'}
2025-11-11 01:22:40,205 - train_greyscale_FA_MoE.py - {'step': '414200', 'lr': '0.0002', 'total_loss': '0.023189', 'main_loss': '0.023189', 'time_per_step': '2.16726'}
2025-11-11 01:26:27,236 - train_greyscale_FA_MoE.py - {'step': '414300', 'lr': '0.0002', 'total_loss': '0.0227682', 'main_loss': '0.0227682', 'time_per_step': '2.14611'}
2025-11-11 01:30:14,263 - train_greyscale_FA_MoE.py - {'step': '414400', 'lr': '0.0002', 'total_loss': '0.0273838', 'main_loss': '0.0273838', 'time_per_step': '2.07821'}
2025-11-11 01:34:03,889 - train_greyscale_FA_MoE.py - {'step': '414500', 'lr': '0.0002', 'total_loss': '0.0221256', 'main_loss': '0.0221256', 'time_per_step': '2.18648'}
2025-11-11 01:37:53,234 - train_greyscale_FA_MoE.py - {'step': '414600', 'lr': '0.0002', 'total_loss': '0.0269681', 'main_loss': '0.0269681', 'time_per_step': '2.19535'}
2025-11-11 01:41:41,135 - train_greyscale_FA_MoE.py - {'step': '414700', 'lr': '0.0002', 'total_loss': '0.0239853', 'main_loss': '0.0239853', 'time_per_step': '2.17242'}
2025-11-11 01:45:29,353 - train_greyscale_FA_MoE.py - {'step': '414800', 'lr': '0.0002', 'total_loss': '0.024101', 'main_loss': '0.024101', 'time_per_step': '2.19261'}
2025-11-11 01:49:17,748 - train_greyscale_FA_MoE.py - {'step': '414900', 'lr': '0.0002', 'total_loss': '0.0222025', 'main_loss': '0.0222025', 'time_per_step': '2.22377'}
2025-11-11 01:53:06,627 - train_greyscale_FA_MoE.py - {'step': '415000', 'lr': '0.0002', 'total_loss': '0.0219464', 'main_loss': '0.0219464', 'time_per_step': '2.17018'}
2025-11-11 01:56:53,701 - train_greyscale_FA_MoE.py - {'step': '415100', 'lr': '0.0002', 'total_loss': '0.0230571', 'main_loss': '0.0230571', 'time_per_step': '2.20581'}
2025-11-11 02:00:42,393 - train_greyscale_FA_MoE.py - {'step': '415200', 'lr': '0.0002', 'total_loss': '0.0330437', 'main_loss': '0.0330437', 'time_per_step': '2.16474'}
2025-11-11 02:04:30,640 - train_greyscale_FA_MoE.py - {'step': '415300', 'lr': '0.0002', 'total_loss': '0.0226361', 'main_loss': '0.0226361', 'time_per_step': '2.19357'}
2025-11-11 02:08:19,192 - train_greyscale_FA_MoE.py - {'step': '415400', 'lr': '0.0002', 'total_loss': '0.0270841', 'main_loss': '0.0270841', 'time_per_step': '2.2353'}
2025-11-11 02:12:06,881 - train_greyscale_FA_MoE.py - {'step': '415500', 'lr': '0.0002', 'total_loss': '0.0222304', 'main_loss': '0.0222304', 'time_per_step': '2.0781'}
2025-11-11 02:15:55,663 - train_greyscale_FA_MoE.py - {'step': '415600', 'lr': '0.0002', 'total_loss': '0.0231112', 'main_loss': '0.0231112', 'time_per_step': '2.37411'}
2025-11-11 02:19:45,015 - train_greyscale_FA_MoE.py - {'step': '415700', 'lr': '0.0002', 'total_loss': '0.0326712', 'main_loss': '0.0326712', 'time_per_step': '2.20536'}
2025-11-11 02:23:32,982 - train_greyscale_FA_MoE.py - {'step': '415800', 'lr': '0.0002', 'total_loss': '0.0259275', 'main_loss': '0.0259275', 'time_per_step': '2.30456'}
2025-11-11 02:27:20,380 - train_greyscale_FA_MoE.py - {'step': '415900', 'lr': '0.0002', 'total_loss': '0.0267562', 'main_loss': '0.0267562', 'time_per_step': '2.21601'}
2025-11-11 02:31:09,729 - train_greyscale_FA_MoE.py - {'step': '416000', 'lr': '0.0002', 'total_loss': '0.0267638', 'main_loss': '0.0267638', 'time_per_step': '2.21061'}
2025-11-11 02:34:58,901 - train_greyscale_FA_MoE.py - {'step': '416100', 'lr': '0.0002', 'total_loss': '0.025324', 'main_loss': '0.025324', 'time_per_step': '2.25822'}
2025-11-11 02:38:49,215 - train_greyscale_FA_MoE.py - {'step': '416200', 'lr': '0.0002', 'total_loss': '0.0299435', 'main_loss': '0.0299435', 'time_per_step': '2.19046'}
2025-11-11 02:42:37,574 - train_greyscale_FA_MoE.py - {'step': '416300', 'lr': '0.0002', 'total_loss': '0.0224115', 'main_loss': '0.0224115', 'time_per_step': '2.2158'}
2025-11-11 02:46:25,680 - train_greyscale_FA_MoE.py - {'step': '416400', 'lr': '0.0002', 'total_loss': '0.0278', 'main_loss': '0.0278', 'time_per_step': '2.36624'}
2025-11-11 02:50:13,819 - train_greyscale_FA_MoE.py - {'step': '416500', 'lr': '0.0002', 'total_loss': '0.0244332', 'main_loss': '0.0244332', 'time_per_step': '2.20878'}
2025-11-11 02:54:02,339 - train_greyscale_FA_MoE.py - {'step': '416600', 'lr': '0.0002', 'total_loss': '0.0282337', 'main_loss': '0.0282337', 'time_per_step': '2.20255'}
2025-11-11 02:57:49,241 - train_greyscale_FA_MoE.py - {'step': '416700', 'lr': '0.0002', 'total_loss': '0.0253742', 'main_loss': '0.0253742', 'time_per_step': '2.08712'}
2025-11-11 03:01:37,423 - train_greyscale_FA_MoE.py - {'step': '416800', 'lr': '0.0002', 'total_loss': '0.0201679', 'main_loss': '0.0201679', 'time_per_step': '2.08819'}
2025-11-11 03:05:27,353 - train_greyscale_FA_MoE.py - {'step': '416900', 'lr': '0.0002', 'total_loss': '0.024222', 'main_loss': '0.024222', 'time_per_step': '2.28053'}
2025-11-11 03:09:15,932 - train_greyscale_FA_MoE.py - {'step': '417000', 'lr': '0.0002', 'total_loss': '0.0221223', 'main_loss': '0.0221223', 'time_per_step': '2.21793'}
2025-11-11 03:13:03,360 - train_greyscale_FA_MoE.py - {'step': '417100', 'lr': '0.0002', 'total_loss': '0.02348', 'main_loss': '0.02348', 'time_per_step': '2.19649'}
2025-11-11 03:16:50,979 - train_greyscale_FA_MoE.py - {'step': '417200', 'lr': '0.0002', 'total_loss': '0.0254401', 'main_loss': '0.0254401', 'time_per_step': '2.1957'}
2025-11-11 03:20:40,368 - train_greyscale_FA_MoE.py - {'step': '417300', 'lr': '0.0002', 'total_loss': '0.0269638', 'main_loss': '0.0269638', 'time_per_step': '2.24651'}
2025-11-11 03:24:28,753 - train_greyscale_FA_MoE.py - {'step': '417400', 'lr': '0.0002', 'total_loss': '0.0261021', 'main_loss': '0.0261021', 'time_per_step': '2.25829'}
2025-11-11 03:28:16,267 - train_greyscale_FA_MoE.py - {'step': '417500', 'lr': '0.0002', 'total_loss': '0.0261765', 'main_loss': '0.0261765', 'time_per_step': '2.20881'}
2025-11-11 03:32:05,729 - train_greyscale_FA_MoE.py - {'step': '417600', 'lr': '0.0002', 'total_loss': '0.0256396', 'main_loss': '0.0256396', 'time_per_step': '2.17245'}
2025-11-11 03:35:54,183 - train_greyscale_FA_MoE.py - {'step': '417700', 'lr': '0.0002', 'total_loss': '0.0261307', 'main_loss': '0.0261307', 'time_per_step': '2.20044'}
2025-11-11 03:39:42,472 - train_greyscale_FA_MoE.py - {'step': '417800', 'lr': '0.0002', 'total_loss': '0.0227213', 'main_loss': '0.0227213', 'time_per_step': '2.14542'}
2025-11-11 03:43:30,561 - train_greyscale_FA_MoE.py - {'step': '417900', 'lr': '0.0002', 'total_loss': '0.02465', 'main_loss': '0.02465', 'time_per_step': '2.07728'}
2025-11-11 03:47:18,651 - train_greyscale_FA_MoE.py - {'step': '418000', 'lr': '0.0002', 'total_loss': '0.0258999', 'main_loss': '0.0258999', 'time_per_step': '2.07728'}
2025-11-11 03:51:09,040 - train_greyscale_FA_MoE.py - {'step': '418100', 'lr': '0.0002', 'total_loss': '0.0295772', 'main_loss': '0.0295772', 'time_per_step': '2.23517'}
2025-11-11 03:54:58,157 - train_greyscale_FA_MoE.py - {'step': '418200', 'lr': '0.0002', 'total_loss': '0.0280273', 'main_loss': '0.0280273', 'time_per_step': '2.24759'}
2025-11-11 03:58:47,659 - train_greyscale_FA_MoE.py - {'step': '418300', 'lr': '0.0002', 'total_loss': '0.0231169', 'main_loss': '0.0231169', 'time_per_step': '2.22005'}
2025-11-11 04:02:35,287 - train_greyscale_FA_MoE.py - {'step': '418400', 'lr': '0.0002', 'total_loss': '0.0241504', 'main_loss': '0.0241504', 'time_per_step': '2.21212'}
2025-11-11 04:06:23,228 - train_greyscale_FA_MoE.py - {'step': '418500', 'lr': '0.0002', 'total_loss': '0.0255386', 'main_loss': '0.0255386', 'time_per_step': '2.22529'}
2025-11-11 04:10:12,074 - train_greyscale_FA_MoE.py - {'step': '418600', 'lr': '0.0002', 'total_loss': '0.0225426', 'main_loss': '0.0225426', 'time_per_step': '2.19656'}
2025-11-11 04:14:00,686 - train_greyscale_FA_MoE.py - {'step': '418700', 'lr': '0.0002', 'total_loss': '0.0227823', 'main_loss': '0.0227823', 'time_per_step': '2.23156'}
2025-11-11 04:17:48,669 - train_greyscale_FA_MoE.py - {'step': '418800', 'lr': '0.0002', 'total_loss': '0.024974', 'main_loss': '0.024974', 'time_per_step': '2.23996'}
2025-11-11 04:21:37,189 - train_greyscale_FA_MoE.py - {'step': '418900', 'lr': '0.0002', 'total_loss': '0.0227396', 'main_loss': '0.0227396', 'time_per_step': '2.20227'}
2025-11-11 04:25:25,751 - train_greyscale_FA_MoE.py - {'step': '419000', 'lr': '0.0002', 'total_loss': '0.0249914', 'main_loss': '0.0249914', 'time_per_step': '2.3772'}
2025-11-11 04:29:14,935 - train_greyscale_FA_MoE.py - {'step': '419100', 'lr': '0.0002', 'total_loss': '0.0336058', 'main_loss': '0.0336058', 'time_per_step': '2.12943'}
2025-11-11 04:33:02,568 - train_greyscale_FA_MoE.py - {'step': '419200', 'lr': '0.0002', 'total_loss': '0.0228502', 'main_loss': '0.0228502', 'time_per_step': '2.09358'}
2025-11-11 04:36:51,492 - train_greyscale_FA_MoE.py - {'step': '419300', 'lr': '0.0002', 'total_loss': '0.0279728', 'main_loss': '0.0279728', 'time_per_step': '2.15451'}
2025-11-11 04:40:39,253 - train_greyscale_FA_MoE.py - {'step': '419400', 'lr': '0.0002', 'total_loss': '0.0210956', 'main_loss': '0.0210956', 'time_per_step': '2.18436'}
2025-11-11 04:44:28,015 - train_greyscale_FA_MoE.py - {'step': '419500', 'lr': '0.0002', 'total_loss': '0.0273885', 'main_loss': '0.0273885', 'time_per_step': '2.29883'}
2025-11-11 04:48:15,051 - train_greyscale_FA_MoE.py - {'step': '419600', 'lr': '0.0002', 'total_loss': '0.0215628', 'main_loss': '0.0215628', 'time_per_step': '2.18526'}
2025-11-11 04:52:02,301 - train_greyscale_FA_MoE.py - {'step': '419700', 'lr': '0.0002', 'total_loss': '0.0242167', 'main_loss': '0.0242167', 'time_per_step': '2.16829'}
2025-11-11 04:55:51,535 - train_greyscale_FA_MoE.py - {'step': '419800', 'lr': '0.0002', 'total_loss': '0.027935', 'main_loss': '0.027935', 'time_per_step': '2.26652'}
2025-11-11 04:59:39,979 - train_greyscale_FA_MoE.py - {'step': '419900', 'lr': '0.0002', 'total_loss': '0.0253394', 'main_loss': '0.0253394', 'time_per_step': '2.21073'}
2025-11-11 05:03:26,926 - train_greyscale_FA_MoE.py - {'step': '420000', 'lr': '0.0002', 'total_loss': '0.0232925', 'main_loss': '0.0232925', 'time_per_step': '2.27508'}
2025-11-11 05:07:16,152 - train_greyscale_FA_MoE.py - {'step': '420100', 'lr': '0.0002', 'total_loss': '0.0250957', 'main_loss': '0.0250957', 'time_per_step': '2.19853'}
2025-11-11 05:11:05,123 - train_greyscale_FA_MoE.py - {'step': '420200', 'lr': '0.0002', 'total_loss': '0.0247656', 'main_loss': '0.0247656', 'time_per_step': '2.20442'}
2025-11-11 05:14:53,804 - train_greyscale_FA_MoE.py - {'step': '420300', 'lr': '0.0002', 'total_loss': '0.027556', 'main_loss': '0.027556', 'time_per_step': '2.07842'}
2025-11-11 05:18:41,185 - train_greyscale_FA_MoE.py - {'step': '420400', 'lr': '0.0002', 'total_loss': '0.0234905', 'main_loss': '0.0234905', 'time_per_step': '2.09169'}
2025-11-11 05:22:30,705 - train_greyscale_FA_MoE.py - {'step': '420500', 'lr': '0.0002', 'total_loss': '0.0227868', 'main_loss': '0.0227868', 'time_per_step': '2.21126'}
2025-11-11 05:26:19,197 - train_greyscale_FA_MoE.py - {'step': '420600', 'lr': '0.0002', 'total_loss': '0.0235786', 'main_loss': '0.0235786', 'time_per_step': '2.14491'}
2025-11-11 05:30:08,085 - train_greyscale_FA_MoE.py - {'step': '420700', 'lr': '0.0002', 'total_loss': '0.0230808', 'main_loss': '0.0230808', 'time_per_step': '2.22512'}
2025-11-11 05:33:56,225 - train_greyscale_FA_MoE.py - {'step': '420800', 'lr': '0.0002', 'total_loss': '0.0244339', 'main_loss': '0.0244339', 'time_per_step': '2.2391'}
2025-11-11 05:37:44,883 - train_greyscale_FA_MoE.py - {'step': '420900', 'lr': '0.0002', 'total_loss': '0.0213324', 'main_loss': '0.0213324', 'time_per_step': '2.18835'}
2025-11-11 05:41:33,055 - train_greyscale_FA_MoE.py - {'step': '421000', 'lr': '0.0002', 'total_loss': '0.024262', 'main_loss': '0.024262', 'time_per_step': '2.34187'}
2025-11-11 05:45:21,400 - train_greyscale_FA_MoE.py - {'step': '421100', 'lr': '0.0002', 'total_loss': '0.0278277', 'main_loss': '0.0278277', 'time_per_step': '2.19231'}
2025-11-11 05:49:08,725 - train_greyscale_FA_MoE.py - {'step': '421200', 'lr': '0.0002', 'total_loss': '0.0238497', 'main_loss': '0.0238497', 'time_per_step': '2.2097'}
2025-11-11 05:52:57,893 - train_greyscale_FA_MoE.py - {'step': '421300', 'lr': '0.0002', 'total_loss': '0.0292359', 'main_loss': '0.0292359', 'time_per_step': '2.28777'}
2025-11-11 05:56:46,523 - train_greyscale_FA_MoE.py - {'step': '421400', 'lr': '0.0002', 'total_loss': '0.0237489', 'main_loss': '0.0237489', 'time_per_step': '2.19837'}
2025-11-11 06:00:35,602 - train_greyscale_FA_MoE.py - {'step': '421500', 'lr': '0.0002', 'total_loss': '0.0312488', 'main_loss': '0.0312488', 'time_per_step': '2.11535'}
2025-11-11 06:04:22,773 - train_greyscale_FA_MoE.py - {'step': '421600', 'lr': '0.0002', 'total_loss': '0.0271349', 'main_loss': '0.0271349', 'time_per_step': '2.093'}
2025-11-11 06:08:12,269 - train_greyscale_FA_MoE.py - {'step': '421700', 'lr': '0.0002', 'total_loss': '0.0266253', 'main_loss': '0.0266253', 'time_per_step': '2.24261'}
2025-11-11 06:12:00,659 - train_greyscale_FA_MoE.py - {'step': '421800', 'lr': '0.0002', 'total_loss': '0.0255473', 'main_loss': '0.0255473', 'time_per_step': '2.19398'}
2025-11-11 06:15:49,648 - train_greyscale_FA_MoE.py - {'step': '421900', 'lr': '0.0002', 'total_loss': '0.0277979', 'main_loss': '0.0277979', 'time_per_step': '2.22586'}
2025-11-11 06:19:38,090 - train_greyscale_FA_MoE.py - {'step': '422000', 'lr': '0.0002', 'total_loss': '0.0246951', 'main_loss': '0.0246951', 'time_per_step': '2.20473'}
2025-11-11 06:23:26,449 - train_greyscale_FA_MoE.py - {'step': '422100', 'lr': '0.0002', 'total_loss': '0.0276833', 'main_loss': '0.0276833', 'time_per_step': '2.20537'}
2025-11-11 06:27:15,015 - train_greyscale_FA_MoE.py - {'step': '422200', 'lr': '0.0002', 'total_loss': '0.021551', 'main_loss': '0.021551', 'time_per_step': '2.24987'}
2025-11-11 06:31:03,909 - train_greyscale_FA_MoE.py - {'step': '422300', 'lr': '0.0002', 'total_loss': '0.0291253', 'main_loss': '0.0291253', 'time_per_step': '2.22266'}
2025-11-11 06:34:51,619 - train_greyscale_FA_MoE.py - {'step': '422400', 'lr': '0.0002', 'total_loss': '0.0200685', 'main_loss': '0.0200685', 'time_per_step': '2.19642'}
2025-11-11 06:38:40,949 - train_greyscale_FA_MoE.py - {'step': '422500', 'lr': '0.0002', 'total_loss': '0.0246411', 'main_loss': '0.0246411', 'time_per_step': '2.20026'}
2025-11-11 06:42:30,138 - train_greyscale_FA_MoE.py - {'step': '422600', 'lr': '0.0002', 'total_loss': '0.0237916', 'main_loss': '0.0237916', 'time_per_step': '2.19976'}
2025-11-11 06:46:18,646 - train_greyscale_FA_MoE.py - {'step': '422700', 'lr': '0.0002', 'total_loss': '0.0251651', 'main_loss': '0.0251651', 'time_per_step': '2.09096'}
2025-11-11 06:50:06,046 - train_greyscale_FA_MoE.py - {'step': '422800', 'lr': '0.0002', 'total_loss': '0.0221018', 'main_loss': '0.0221018', 'time_per_step': '2.07887'}
2025-11-11 06:53:55,668 - train_greyscale_FA_MoE.py - {'step': '422900', 'lr': '0.0002', 'total_loss': '0.0232365', 'main_loss': '0.0232365', 'time_per_step': '2.49095'}
2025-11-11 06:57:44,237 - train_greyscale_FA_MoE.py - {'step': '423000', 'lr': '0.0002', 'total_loss': '0.024474', 'main_loss': '0.024474', 'time_per_step': '2.17082'}
2025-11-11 07:01:33,720 - train_greyscale_FA_MoE.py - {'step': '423100', 'lr': '0.0002', 'total_loss': '0.0259993', 'main_loss': '0.0259993', 'time_per_step': '2.207'}
2025-11-11 07:05:21,419 - train_greyscale_FA_MoE.py - {'step': '423200', 'lr': '0.0002', 'total_loss': '0.0300822', 'main_loss': '0.0300822', 'time_per_step': '2.21641'}
2025-11-11 07:09:10,213 - train_greyscale_FA_MoE.py - {'step': '423300', 'lr': '0.0002', 'total_loss': '0.0248313', 'main_loss': '0.0248313', 'time_per_step': '2.20696'}
2025-11-11 07:12:58,913 - train_greyscale_FA_MoE.py - {'step': '423400', 'lr': '0.0002', 'total_loss': '0.0264736', 'main_loss': '0.0264736', 'time_per_step': '2.21343'}
2025-11-11 07:16:47,327 - train_greyscale_FA_MoE.py - {'step': '423500', 'lr': '0.0002', 'total_loss': '0.0308801', 'main_loss': '0.0308801', 'time_per_step': '2.21777'}
2025-11-11 07:20:35,848 - train_greyscale_FA_MoE.py - {'step': '423600', 'lr': '0.0002', 'total_loss': '0.0258996', 'main_loss': '0.0258996', 'time_per_step': '2.21167'}
2025-11-11 07:24:24,673 - train_greyscale_FA_MoE.py - {'step': '423700', 'lr': '0.0002', 'total_loss': '0.026066', 'main_loss': '0.026066', 'time_per_step': '2.21829'}
2025-11-11 07:28:13,750 - train_greyscale_FA_MoE.py - {'step': '423800', 'lr': '0.0002', 'total_loss': '0.0272887', 'main_loss': '0.0272887', 'time_per_step': '2.23238'}
2025-11-11 07:32:02,161 - train_greyscale_FA_MoE.py - {'step': '423900', 'lr': '0.0002', 'total_loss': '0.0270415', 'main_loss': '0.0270415', 'time_per_step': '2.095'}
2025-11-11 07:35:48,803 - train_greyscale_FA_MoE.py - {'step': '424000', 'lr': '0.0002', 'total_loss': '0.0297855', 'main_loss': '0.0297855', 'time_per_step': '2.09319'}
2025-11-11 07:39:37,690 - train_greyscale_FA_MoE.py - {'step': '424100', 'lr': '0.0002', 'total_loss': '0.0237356', 'main_loss': '0.0237356', 'time_per_step': '2.20168'}
2025-11-11 07:43:26,089 - train_greyscale_FA_MoE.py - {'step': '424200', 'lr': '0.0002', 'total_loss': '0.0287575', 'main_loss': '0.0287575', 'time_per_step': '2.35132'}
2025-11-11 07:47:14,812 - train_greyscale_FA_MoE.py - {'step': '424300', 'lr': '0.0002', 'total_loss': '0.0262478', 'main_loss': '0.0262478', 'time_per_step': '2.25137'}
2025-11-11 07:51:03,023 - train_greyscale_FA_MoE.py - {'step': '424400', 'lr': '0.0002', 'total_loss': '0.0243109', 'main_loss': '0.0243109', 'time_per_step': '2.21213'}
2025-11-11 07:54:51,760 - train_greyscale_FA_MoE.py - {'step': '424500', 'lr': '0.0002', 'total_loss': '0.0257956', 'main_loss': '0.0257956', 'time_per_step': '2.2031'}
2025-11-11 07:58:40,195 - train_greyscale_FA_MoE.py - {'step': '424600', 'lr': '0.0002', 'total_loss': '0.027065', 'main_loss': '0.027065', 'time_per_step': '2.20986'}
2025-11-11 08:02:29,075 - train_greyscale_FA_MoE.py - {'step': '424700', 'lr': '0.0002', 'total_loss': '0.0274457', 'main_loss': '0.0274457', 'time_per_step': '2.20999'}
2025-11-11 08:06:16,090 - train_greyscale_FA_MoE.py - {'step': '424800', 'lr': '0.0002', 'total_loss': '0.0326925', 'main_loss': '0.0326925', 'time_per_step': '2.20648'}
2025-11-11 08:10:04,801 - train_greyscale_FA_MoE.py - {'step': '424900', 'lr': '0.0002', 'total_loss': '0.0290561', 'main_loss': '0.0290561', 'time_per_step': '2.18881'}
2025-11-11 08:13:53,365 - train_greyscale_FA_MoE.py - {'step': '425000', 'lr': '0.0002', 'total_loss': '0.0248749', 'main_loss': '0.0248749', 'time_per_step': '2.2034'}
2025-11-11 08:13:53,415 - train_greyscale_FA_MoE.py - Saved expert distribution of layer in_block_0 to output/acdc_wholeheart_uncond_fa_ec_moe_greyscale_uvit_mid_4by4_l6r9_minmax/samples/expert_distribution_in_block_0_step425000.npy
2025-11-11 08:13:54,976 - train_greyscale_FA_MoE.py - Saved expert distribution of layer out_block_7 to output/acdc_wholeheart_uncond_fa_ec_moe_greyscale_uvit_mid_4by4_l6r9_minmax/samples/expert_distribution_out_block_7_step425000.npy
2025-11-11 08:13:56,385 - train_greyscale_FA_MoE.py - Save a grid of 16 samples into output/acdc_wholeheart_uncond_fa_ec_moe_greyscale_uvit_mid_4by4_l6r9_minmax/samples/425000.png by DPM-Solver
2025-11-11 08:14:01,858 - train_greyscale_FA_MoE.py - Finished saving sample grid to output/acdc_wholeheart_uncond_fa_ec_moe_greyscale_uvit_mid_4by4_l6r9_minmax/samples/425000.png by DPM-Solver.
2025-11-11 08:14:01,920 - train_greyscale_FA_MoE.py - Save and eval checkpoint 425000...
2025-11-11 08:14:04,373 - train_greyscale_FA_MoE.py - eval_step: n_samples=50000, sample_steps=50, algorithm=dpm_solver, mini_batch_size=500, samples save into output/acdc_wholeheart_uncond_fa_ec_moe_greyscale_uvit_mid_4by4_l6r9_minmax/samples/acdc_wholeheart_uncond_uvit_FA_EC_MoE_greyscale_mid_4by4_425000_dpm
2025-11-11 09:03:58,384 - train_greyscale_FA_MoE.py - step=425000 fid50000=16.834114655003532
2025-11-11 09:08:19,893 - train_greyscale_FA_MoE.py - {'step': '425100', 'lr': '0.0002', 'total_loss': '0.0206142', 'main_loss': '0.0206142', 'time_per_step': '2.16815'}
2025-11-11 09:12:07,312 - train_greyscale_FA_MoE.py - {'step': '425200', 'lr': '0.0002', 'total_loss': '0.0306493', 'main_loss': '0.0306493', 'time_per_step': '2.09127'}
2025-11-11 09:15:57,416 - train_greyscale_FA_MoE.py - {'step': '425300', 'lr': '0.0002', 'total_loss': '0.0247302', 'main_loss': '0.0247302', 'time_per_step': '2.27644'}
2025-11-11 09:19:46,791 - train_greyscale_FA_MoE.py - {'step': '425400', 'lr': '0.0002', 'total_loss': '0.0279289', 'main_loss': '0.0279289', 'time_per_step': '2.22678'}
2025-11-11 09:23:35,664 - train_greyscale_FA_MoE.py - {'step': '425500', 'lr': '0.0002', 'total_loss': '0.0213729', 'main_loss': '0.0213729', 'time_per_step': '2.22767'}
2025-11-11 09:27:23,307 - train_greyscale_FA_MoE.py - {'step': '425600', 'lr': '0.0002', 'total_loss': '0.0252483', 'main_loss': '0.0252483', 'time_per_step': '2.20447'}
2025-11-11 09:31:12,710 - train_greyscale_FA_MoE.py - {'step': '425700', 'lr': '0.0002', 'total_loss': '0.0241619', 'main_loss': '0.0241619', 'time_per_step': '2.20085'}
2025-11-11 09:35:02,185 - train_greyscale_FA_MoE.py - {'step': '425800', 'lr': '0.0002', 'total_loss': '0.0277494', 'main_loss': '0.0277494', 'time_per_step': '2.1809'}
2025-11-11 09:38:51,253 - train_greyscale_FA_MoE.py - {'step': '425900', 'lr': '0.0002', 'total_loss': '0.0232062', 'main_loss': '0.0232062', 'time_per_step': '2.21501'}
2025-11-11 09:42:38,357 - train_greyscale_FA_MoE.py - {'step': '426000', 'lr': '0.0002', 'total_loss': '0.0268113', 'main_loss': '0.0268113', 'time_per_step': '2.19286'}
2025-11-11 09:46:27,186 - train_greyscale_FA_MoE.py - {'step': '426100', 'lr': '0.0002', 'total_loss': '0.0292665', 'main_loss': '0.0292665', 'time_per_step': '2.27743'}
2025-11-11 09:50:16,205 - train_greyscale_FA_MoE.py - {'step': '426200', 'lr': '0.0002', 'total_loss': '0.0216589', 'main_loss': '0.0216589', 'time_per_step': '2.21367'}
2025-11-11 09:54:06,928 - train_greyscale_FA_MoE.py - {'step': '426300', 'lr': '0.0002', 'total_loss': '0.0231423', 'main_loss': '0.0231423', 'time_per_step': '2.09762'}
2025-11-11 09:57:53,637 - train_greyscale_FA_MoE.py - {'step': '426400', 'lr': '0.0002', 'total_loss': '0.0223206', 'main_loss': '0.0223206', 'time_per_step': '2.09518'}
2025-11-11 10:01:43,491 - train_greyscale_FA_MoE.py - {'step': '426500', 'lr': '0.0002', 'total_loss': '0.033032', 'main_loss': '0.033032', 'time_per_step': '2.18147'}
2025-11-11 10:05:32,852 - train_greyscale_FA_MoE.py - {'step': '426600', 'lr': '0.0002', 'total_loss': '0.0198925', 'main_loss': '0.0198925', 'time_per_step': '2.38862'}
2025-11-11 10:09:21,970 - train_greyscale_FA_MoE.py - {'step': '426700', 'lr': '0.0002', 'total_loss': '0.0211833', 'main_loss': '0.0211833', 'time_per_step': '2.17344'}
2025-11-11 10:13:10,136 - train_greyscale_FA_MoE.py - {'step': '426800', 'lr': '0.0002', 'total_loss': '0.0244976', 'main_loss': '0.0244976', 'time_per_step': '2.20213'}
2025-11-11 10:16:59,090 - train_greyscale_FA_MoE.py - {'step': '426900', 'lr': '0.0002', 'total_loss': '0.0249266', 'main_loss': '0.0249266', 'time_per_step': '2.20957'}
2025-11-11 10:20:48,855 - train_greyscale_FA_MoE.py - {'step': '427000', 'lr': '0.0002', 'total_loss': '0.0221667', 'main_loss': '0.0221667', 'time_per_step': '2.20974'}
2025-11-11 10:24:37,576 - train_greyscale_FA_MoE.py - {'step': '427100', 'lr': '0.0002', 'total_loss': '0.0252164', 'main_loss': '0.0252164', 'time_per_step': '2.31827'}
2025-11-11 10:28:25,164 - train_greyscale_FA_MoE.py - {'step': '427200', 'lr': '0.0002', 'total_loss': '0.0281634', 'main_loss': '0.0281634', 'time_per_step': '2.20463'}
2025-11-11 10:32:13,130 - train_greyscale_FA_MoE.py - {'step': '427300', 'lr': '0.0002', 'total_loss': '0.0196685', 'main_loss': '0.0196685', 'time_per_step': '2.21268'}
2025-11-11 10:36:02,940 - train_greyscale_FA_MoE.py - {'step': '427400', 'lr': '0.0002', 'total_loss': '0.0252577', 'main_loss': '0.0252577', 'time_per_step': '2.18474'}
2025-11-11 10:39:52,246 - train_greyscale_FA_MoE.py - {'step': '427500', 'lr': '0.0002', 'total_loss': '0.0259933', 'main_loss': '0.0259933', 'time_per_step': '2.09348'}
2025-11-11 10:43:40,084 - train_greyscale_FA_MoE.py - {'step': '427600', 'lr': '0.0002', 'total_loss': '0.0211071', 'main_loss': '0.0211071', 'time_per_step': '2.09749'}
2025-11-11 10:47:29,255 - train_greyscale_FA_MoE.py - {'step': '427700', 'lr': '0.0002', 'total_loss': '0.0270595', 'main_loss': '0.0270595', 'time_per_step': '2.20954'}
2025-11-11 10:51:18,218 - train_greyscale_FA_MoE.py - {'step': '427800', 'lr': '0.0002', 'total_loss': '0.0252684', 'main_loss': '0.0252684', 'time_per_step': '2.21117'}
2025-11-11 10:55:06,611 - train_greyscale_FA_MoE.py - {'step': '427900', 'lr': '0.0002', 'total_loss': '0.0263795', 'main_loss': '0.0263795', 'time_per_step': '2.22566'}
2025-11-11 10:58:54,409 - train_greyscale_FA_MoE.py - {'step': '428000', 'lr': '0.0002', 'total_loss': '0.024928', 'main_loss': '0.024928', 'time_per_step': '2.19905'}
2025-11-11 11:02:43,316 - train_greyscale_FA_MoE.py - {'step': '428100', 'lr': '0.0002', 'total_loss': '0.0274923', 'main_loss': '0.0274923', 'time_per_step': '2.21054'}
2025-11-11 11:06:32,125 - train_greyscale_FA_MoE.py - {'step': '428200', 'lr': '0.0002', 'total_loss': '0.0281901', 'main_loss': '0.0281901', 'time_per_step': '2.24293'}
2025-11-11 11:10:21,110 - train_greyscale_FA_MoE.py - {'step': '428300', 'lr': '0.0002', 'total_loss': '0.0287113', 'main_loss': '0.0287113', 'time_per_step': '2.21557'}
2025-11-11 11:14:09,102 - train_greyscale_FA_MoE.py - {'step': '428400', 'lr': '0.0002', 'total_loss': '0.0228649', 'main_loss': '0.0228649', 'time_per_step': '2.19981'}
2025-11-11 11:17:58,272 - train_greyscale_FA_MoE.py - {'step': '428500', 'lr': '0.0002', 'total_loss': '0.0233573', 'main_loss': '0.0233573', 'time_per_step': '2.29909'}
2025-11-11 11:21:48,494 - train_greyscale_FA_MoE.py - {'step': '428600', 'lr': '0.0002', 'total_loss': '0.0278192', 'main_loss': '0.0278192', 'time_per_step': '2.18862'}
2025-11-11 11:25:37,516 - train_greyscale_FA_MoE.py - {'step': '428700', 'lr': '0.0002', 'total_loss': '0.0226154', 'main_loss': '0.0226154', 'time_per_step': '2.21951'}
2025-11-11 11:29:24,508 - train_greyscale_FA_MoE.py - {'step': '428800', 'lr': '0.0002', 'total_loss': '0.0192063', 'main_loss': '0.0192063', 'time_per_step': '2.10808'}
2025-11-11 11:33:13,861 - train_greyscale_FA_MoE.py - {'step': '428900', 'lr': '0.0002', 'total_loss': '0.0278022', 'main_loss': '0.0278022', 'time_per_step': '2.2013'}
2025-11-11 11:37:02,706 - train_greyscale_FA_MoE.py - {'step': '429000', 'lr': '0.0002', 'total_loss': '0.0258808', 'main_loss': '0.0258808', 'time_per_step': '2.19596'}
2025-11-11 11:40:51,544 - train_greyscale_FA_MoE.py - {'step': '429100', 'lr': '0.0002', 'total_loss': '0.0296583', 'main_loss': '0.0296583', 'time_per_step': '2.24801'}
2025-11-11 11:44:39,319 - train_greyscale_FA_MoE.py - {'step': '429200', 'lr': '0.0002', 'total_loss': '0.023573', 'main_loss': '0.023573', 'time_per_step': '2.19242'}
2025-11-11 11:48:27,258 - train_greyscale_FA_MoE.py - {'step': '429300', 'lr': '0.0002', 'total_loss': '0.0287574', 'main_loss': '0.0287574', 'time_per_step': '2.27884'}
2025-11-11 11:52:16,155 - train_greyscale_FA_MoE.py - {'step': '429400', 'lr': '0.0002', 'total_loss': '0.0242357', 'main_loss': '0.0242357', 'time_per_step': '2.23132'}
2025-11-11 11:56:04,743 - train_greyscale_FA_MoE.py - {'step': '429500', 'lr': '0.0002', 'total_loss': '0.0253106', 'main_loss': '0.0253106', 'time_per_step': '2.22178'}
2025-11-11 11:59:52,179 - train_greyscale_FA_MoE.py - {'step': '429600', 'lr': '0.0002', 'total_loss': '0.0200659', 'main_loss': '0.0200659', 'time_per_step': '2.23581'}
2025-11-11 12:03:40,786 - train_greyscale_FA_MoE.py - {'step': '429700', 'lr': '0.0002', 'total_loss': '0.0273284', 'main_loss': '0.0273284', 'time_per_step': '2.21874'}
2025-11-11 12:07:30,347 - train_greyscale_FA_MoE.py - {'step': '429800', 'lr': '0.0002', 'total_loss': '0.029657', 'main_loss': '0.029657', 'time_per_step': '2.14982'}
2025-11-11 12:11:18,709 - train_greyscale_FA_MoE.py - {'step': '429900', 'lr': '0.0002', 'total_loss': '0.0226686', 'main_loss': '0.0226686', 'time_per_step': '2.09914'}
2025-11-11 12:15:06,374 - train_greyscale_FA_MoE.py - {'step': '430000', 'lr': '0.0002', 'total_loss': '0.023196', 'main_loss': '0.023196', 'time_per_step': '2.10435'}
2025-11-11 12:18:55,727 - train_greyscale_FA_MoE.py - {'step': '430100', 'lr': '0.0002', 'total_loss': '0.0259144', 'main_loss': '0.0259144', 'time_per_step': '2.20295'}
2025-11-11 12:22:47,790 - train_greyscale_FA_MoE.py - {'step': '430200', 'lr': '0.0002', 'total_loss': '0.0278679', 'main_loss': '0.0278679', 'time_per_step': '2.23271'}
2025-11-11 12:26:35,380 - train_greyscale_FA_MoE.py - {'step': '430300', 'lr': '0.0002', 'total_loss': '0.0265594', 'main_loss': '0.0265594', 'time_per_step': '2.2058'}
2025-11-11 12:30:21,691 - train_greyscale_FA_MoE.py - {'step': '430400', 'lr': '0.0002', 'total_loss': '0.0228408', 'main_loss': '0.0228408', 'time_per_step': '2.19943'}
2025-11-11 12:34:08,454 - train_greyscale_FA_MoE.py - {'step': '430500', 'lr': '0.0002', 'total_loss': '0.0307754', 'main_loss': '0.0307754', 'time_per_step': '2.20992'}
2025-11-11 12:37:56,450 - train_greyscale_FA_MoE.py - {'step': '430600', 'lr': '0.0002', 'total_loss': '0.0268701', 'main_loss': '0.0268701', 'time_per_step': '2.18679'}
2025-11-11 12:41:45,593 - train_greyscale_FA_MoE.py - {'step': '430700', 'lr': '0.0002', 'total_loss': '0.0249839', 'main_loss': '0.0249839', 'time_per_step': '2.19866'}
2025-11-11 12:45:33,045 - train_greyscale_FA_MoE.py - {'step': '430800', 'lr': '0.0002', 'total_loss': '0.0279465', 'main_loss': '0.0279465', 'time_per_step': '2.26713'}
2025-11-11 12:49:21,657 - train_greyscale_FA_MoE.py - {'step': '430900', 'lr': '0.0002', 'total_loss': '0.0315327', 'main_loss': '0.0315327', 'time_per_step': '2.25738'}
2025-11-11 12:53:10,293 - train_greyscale_FA_MoE.py - {'step': '431000', 'lr': '0.0002', 'total_loss': '0.0254801', 'main_loss': '0.0254801', 'time_per_step': '2.19524'}
2025-11-11 12:56:59,269 - train_greyscale_FA_MoE.py - {'step': '431100', 'lr': '0.0002', 'total_loss': '0.0233939', 'main_loss': '0.0233939', 'time_per_step': '2.11494'}
2025-11-11 13:00:48,027 - train_greyscale_FA_MoE.py - {'step': '431200', 'lr': '0.0002', 'total_loss': '0.0244186', 'main_loss': '0.0244186', 'time_per_step': '2.0909'}
2025-11-11 13:04:38,349 - train_greyscale_FA_MoE.py - {'step': '431300', 'lr': '0.0002', 'total_loss': '0.0259523', 'main_loss': '0.0259523', 'time_per_step': '2.20371'}
2025-11-11 13:08:27,593 - train_greyscale_FA_MoE.py - {'step': '431400', 'lr': '0.0002', 'total_loss': '0.0207508', 'main_loss': '0.0207508', 'time_per_step': '2.26572'}
2025-11-11 13:12:16,752 - train_greyscale_FA_MoE.py - {'step': '431500', 'lr': '0.0002', 'total_loss': '0.0214039', 'main_loss': '0.0214039', 'time_per_step': '2.21738'}
2025-11-11 13:16:05,296 - train_greyscale_FA_MoE.py - {'step': '431600', 'lr': '0.0002', 'total_loss': '0.0267813', 'main_loss': '0.0267813', 'time_per_step': '2.23629'}
2025-11-11 13:19:55,565 - train_greyscale_FA_MoE.py - {'step': '431700', 'lr': '0.0002', 'total_loss': '0.0274106', 'main_loss': '0.0274106', 'time_per_step': '2.25535'}
2025-11-11 13:23:44,263 - train_greyscale_FA_MoE.py - {'step': '431800', 'lr': '0.0002', 'total_loss': '0.0282458', 'main_loss': '0.0282458', 'time_per_step': '2.20245'}
2025-11-11 13:27:32,301 - train_greyscale_FA_MoE.py - {'step': '431900', 'lr': '0.0002', 'total_loss': '0.0224636', 'main_loss': '0.0224636', 'time_per_step': '2.27072'}
2025-11-11 13:31:19,785 - train_greyscale_FA_MoE.py - {'step': '432000', 'lr': '0.0002', 'total_loss': '0.0262551', 'main_loss': '0.0262551', 'time_per_step': '2.23366'}
2025-11-11 13:35:07,872 - train_greyscale_FA_MoE.py - {'step': '432100', 'lr': '0.0002', 'total_loss': '0.025784', 'main_loss': '0.025784', 'time_per_step': '2.23808'}
2025-11-11 13:38:56,610 - train_greyscale_FA_MoE.py - {'step': '432200', 'lr': '0.0002', 'total_loss': '0.0228216', 'main_loss': '0.0228216', 'time_per_step': '2.28249'}
2025-11-11 13:42:45,246 - train_greyscale_FA_MoE.py - {'step': '432300', 'lr': '0.0002', 'total_loss': '0.0267015', 'main_loss': '0.0267015', 'time_per_step': '2.11557'}
2025-11-11 13:46:32,494 - train_greyscale_FA_MoE.py - {'step': '432400', 'lr': '0.0002', 'total_loss': '0.023502', 'main_loss': '0.023502', 'time_per_step': '2.2394'}
2025-11-11 13:50:21,925 - train_greyscale_FA_MoE.py - {'step': '432500', 'lr': '0.0002', 'total_loss': '0.0251845', 'main_loss': '0.0251845', 'time_per_step': '2.24729'}
2025-11-11 13:54:11,028 - train_greyscale_FA_MoE.py - {'step': '432600', 'lr': '0.0002', 'total_loss': '0.0258543', 'main_loss': '0.0258543', 'time_per_step': '2.21977'}
2025-11-11 13:58:00,314 - train_greyscale_FA_MoE.py - {'step': '432700', 'lr': '0.0002', 'total_loss': '0.0236459', 'main_loss': '0.0236459', 'time_per_step': '2.1906'}
2025-11-11 14:01:47,611 - train_greyscale_FA_MoE.py - {'step': '432800', 'lr': '0.0002', 'total_loss': '0.0262353', 'main_loss': '0.0262353', 'time_per_step': '2.21023'}
2025-11-11 14:05:36,566 - train_greyscale_FA_MoE.py - {'step': '432900', 'lr': '0.0002', 'total_loss': '0.0276533', 'main_loss': '0.0276533', 'time_per_step': '2.20708'}
2025-11-11 14:09:25,251 - train_greyscale_FA_MoE.py - {'step': '433000', 'lr': '0.0002', 'total_loss': '0.0237399', 'main_loss': '0.0237399', 'time_per_step': '2.21648'}
2025-11-11 14:13:14,819 - train_greyscale_FA_MoE.py - {'step': '433100', 'lr': '0.0002', 'total_loss': '0.0290678', 'main_loss': '0.0290678', 'time_per_step': '2.21726'}
2025-11-11 14:17:02,757 - train_greyscale_FA_MoE.py - {'step': '433200', 'lr': '0.0002', 'total_loss': '0.0224624', 'main_loss': '0.0224624', 'time_per_step': '2.20013'}
2025-11-11 14:20:51,521 - train_greyscale_FA_MoE.py - {'step': '433300', 'lr': '0.0002', 'total_loss': '0.0278044', 'main_loss': '0.0278044', 'time_per_step': '2.23031'}
2025-11-11 14:24:40,312 - train_greyscale_FA_MoE.py - {'step': '433400', 'lr': '0.0002', 'total_loss': '0.0311382', 'main_loss': '0.0311382', 'time_per_step': '2.21479'}
2025-11-11 14:28:28,790 - train_greyscale_FA_MoE.py - {'step': '433500', 'lr': '0.0002', 'total_loss': '0.0285657', 'main_loss': '0.0285657', 'time_per_step': '2.10014'}
2025-11-11 14:32:16,449 - train_greyscale_FA_MoE.py - {'step': '433600', 'lr': '0.0002', 'total_loss': '0.0265028', 'main_loss': '0.0265028', 'time_per_step': '2.10567'}
2025-11-11 14:36:05,130 - train_greyscale_FA_MoE.py - {'step': '433700', 'lr': '0.0002', 'total_loss': '0.0225088', 'main_loss': '0.0225088', 'time_per_step': '2.18971'}
2025-11-11 14:39:54,315 - train_greyscale_FA_MoE.py - {'step': '433800', 'lr': '0.0002', 'total_loss': '0.0250123', 'main_loss': '0.0250123', 'time_per_step': '2.18664'}
2025-11-11 14:43:42,893 - train_greyscale_FA_MoE.py - {'step': '433900', 'lr': '0.0002', 'total_loss': '0.0233448', 'main_loss': '0.0233448', 'time_per_step': '2.17636'}
2025-11-11 14:47:32,721 - train_greyscale_FA_MoE.py - {'step': '434000', 'lr': '0.0002', 'total_loss': '0.0257839', 'main_loss': '0.0257839', 'time_per_step': '3.73455'}
2025-11-11 14:51:21,083 - train_greyscale_FA_MoE.py - {'step': '434100', 'lr': '0.0002', 'total_loss': '0.0233335', 'main_loss': '0.0233335', 'time_per_step': '2.21107'}
2025-11-11 14:55:09,669 - train_greyscale_FA_MoE.py - {'step': '434200', 'lr': '0.0002', 'total_loss': '0.0193089', 'main_loss': '0.0193089', 'time_per_step': '2.34952'}
2025-11-11 14:58:58,381 - train_greyscale_FA_MoE.py - {'step': '434300', 'lr': '0.0002', 'total_loss': '0.0283717', 'main_loss': '0.0283717', 'time_per_step': '2.31196'}
2025-11-11 15:02:47,142 - train_greyscale_FA_MoE.py - {'step': '434400', 'lr': '0.0002', 'total_loss': '0.0219464', 'main_loss': '0.0219464', 'time_per_step': '2.23859'}
2025-11-11 15:06:34,540 - train_greyscale_FA_MoE.py - {'step': '434500', 'lr': '0.0002', 'total_loss': '0.0301407', 'main_loss': '0.0301407', 'time_per_step': '2.20545'}
2025-11-11 15:10:23,364 - train_greyscale_FA_MoE.py - {'step': '434600', 'lr': '0.0002', 'total_loss': '0.0198642', 'main_loss': '0.0198642', 'time_per_step': '2.21428'}
2025-11-11 15:14:11,873 - train_greyscale_FA_MoE.py - {'step': '434700', 'lr': '0.0002', 'total_loss': '0.0269414', 'main_loss': '0.0269414', 'time_per_step': '2.09963'}
2025-11-11 15:18:00,949 - train_greyscale_FA_MoE.py - {'step': '434800', 'lr': '0.0002', 'total_loss': '0.0219033', 'main_loss': '0.0219033', 'time_per_step': '2.09951'}
2025-11-11 15:21:50,089 - train_greyscale_FA_MoE.py - {'step': '434900', 'lr': '0.0002', 'total_loss': '0.021038', 'main_loss': '0.021038', 'time_per_step': '2.20514'}
2025-11-11 15:25:39,979 - train_greyscale_FA_MoE.py - {'step': '435000', 'lr': '0.0002', 'total_loss': '0.0289539', 'main_loss': '0.0289539', 'time_per_step': '2.48127'}
2025-11-11 15:29:28,724 - train_greyscale_FA_MoE.py - {'step': '435100', 'lr': '0.0002', 'total_loss': '0.0209374', 'main_loss': '0.0209374', 'time_per_step': '2.26291'}
2025-11-11 15:33:15,359 - train_greyscale_FA_MoE.py - {'step': '435200', 'lr': '0.0002', 'total_loss': '0.0219513', 'main_loss': '0.0219513', 'time_per_step': '2.18178'}
2025-11-11 15:37:02,650 - train_greyscale_FA_MoE.py - {'step': '435300', 'lr': '0.0002', 'total_loss': '0.0285392', 'main_loss': '0.0285392', 'time_per_step': '2.21846'}
2025-11-11 15:40:51,399 - train_greyscale_FA_MoE.py - {'step': '435400', 'lr': '0.0002', 'total_loss': '0.0210524', 'main_loss': '0.0210524', 'time_per_step': '2.22712'}
2025-11-11 15:44:40,071 - train_greyscale_FA_MoE.py - {'step': '435500', 'lr': '0.0002', 'total_loss': '0.0264718', 'main_loss': '0.0264718', 'time_per_step': '2.40462'}
2025-11-11 15:48:29,267 - train_greyscale_FA_MoE.py - {'step': '435600', 'lr': '0.0002', 'total_loss': '0.0282122', 'main_loss': '0.0282122', 'time_per_step': '2.15127'}
2025-11-11 15:52:17,169 - train_greyscale_FA_MoE.py - {'step': '435700', 'lr': '0.0002', 'total_loss': '0.0247052', 'main_loss': '0.0247052', 'time_per_step': '2.22555'}
2025-11-11 15:56:06,807 - train_greyscale_FA_MoE.py - {'step': '435800', 'lr': '0.0002', 'total_loss': '0.0259202', 'main_loss': '0.0259202', 'time_per_step': '2.1967'}
2025-11-11 15:59:55,415 - train_greyscale_FA_MoE.py - {'step': '435900', 'lr': '0.0002', 'total_loss': '0.0279575', 'main_loss': '0.0279575', 'time_per_step': '2.09277'}
2025-11-11 16:03:44,514 - train_greyscale_FA_MoE.py - {'step': '436000', 'lr': '0.0002', 'total_loss': '0.0230832', 'main_loss': '0.0230832', 'time_per_step': '2.09372'}
2025-11-11 16:07:32,806 - train_greyscale_FA_MoE.py - {'step': '436100', 'lr': '0.0002', 'total_loss': '0.0268299', 'main_loss': '0.0268299', 'time_per_step': '2.37778'}
2025-11-11 16:11:21,385 - train_greyscale_FA_MoE.py - {'step': '436200', 'lr': '0.0002', 'total_loss': '0.0276695', 'main_loss': '0.0276695', 'time_per_step': '2.20983'}
2025-11-11 16:15:10,066 - train_greyscale_FA_MoE.py - {'step': '436300', 'lr': '0.0002', 'total_loss': '0.0195203', 'main_loss': '0.0195203', 'time_per_step': '2.34046'}
2025-11-11 16:18:59,186 - train_greyscale_FA_MoE.py - {'step': '436400', 'lr': '0.0002', 'total_loss': '0.0212927', 'main_loss': '0.0212927', 'time_per_step': '2.19323'}
2025-11-11 16:22:49,152 - train_greyscale_FA_MoE.py - {'step': '436500', 'lr': '0.0002', 'total_loss': '0.0227183', 'main_loss': '0.0227183', 'time_per_step': '2.21155'}
2025-11-11 16:26:37,380 - train_greyscale_FA_MoE.py - {'step': '436600', 'lr': '0.0002', 'total_loss': '0.0244647', 'main_loss': '0.0244647', 'time_per_step': '2.18888'}
2025-11-11 16:30:24,437 - train_greyscale_FA_MoE.py - {'step': '436700', 'lr': '0.0002', 'total_loss': '0.0279066', 'main_loss': '0.0279066', 'time_per_step': '2.16492'}
2025-11-11 16:34:13,347 - train_greyscale_FA_MoE.py - {'step': '436800', 'lr': '0.0002', 'total_loss': '0.0239877', 'main_loss': '0.0239877', 'time_per_step': '2.20058'}
2025-11-11 16:38:00,514 - train_greyscale_FA_MoE.py - {'step': '436900', 'lr': '0.0002', 'total_loss': '0.0228298', 'main_loss': '0.0228298', 'time_per_step': '2.18266'}
2025-11-11 16:41:49,852 - train_greyscale_FA_MoE.py - {'step': '437000', 'lr': '0.0002', 'total_loss': '0.0280873', 'main_loss': '0.0280873', 'time_per_step': '2.22191'}
2025-11-11 16:45:38,841 - train_greyscale_FA_MoE.py - {'step': '437100', 'lr': '0.0002', 'total_loss': '0.0252709', 'main_loss': '0.0252709', 'time_per_step': '2.0963'}
2025-11-11 16:49:26,749 - train_greyscale_FA_MoE.py - {'step': '437200', 'lr': '0.0002', 'total_loss': '0.0254136', 'main_loss': '0.0254136', 'time_per_step': '2.16046'}
2025-11-11 16:53:14,617 - train_greyscale_FA_MoE.py - {'step': '437300', 'lr': '0.0002', 'total_loss': '0.0276771', 'main_loss': '0.0276771', 'time_per_step': '2.22087'}
2025-11-11 16:57:03,287 - train_greyscale_FA_MoE.py - {'step': '437400', 'lr': '0.0002', 'total_loss': '0.0265439', 'main_loss': '0.0265439', 'time_per_step': '2.22802'}
2025-11-11 17:00:52,064 - train_greyscale_FA_MoE.py - {'step': '437500', 'lr': '0.0002', 'total_loss': '0.0266497', 'main_loss': '0.0266497', 'time_per_step': '2.23003'}
2025-11-11 17:04:40,767 - train_greyscale_FA_MoE.py - {'step': '437600', 'lr': '0.0002', 'total_loss': '0.0274485', 'main_loss': '0.0274485', 'time_per_step': '2.18932'}
2025-11-11 17:08:28,515 - train_greyscale_FA_MoE.py - {'step': '437700', 'lr': '0.0002', 'total_loss': '0.0227061', 'main_loss': '0.0227061', 'time_per_step': '2.27232'}
2025-11-11 17:12:17,436 - train_greyscale_FA_MoE.py - {'step': '437800', 'lr': '0.0002', 'total_loss': '0.0270735', 'main_loss': '0.0270735', 'time_per_step': '2.15548'}
2025-11-11 17:16:06,728 - train_greyscale_FA_MoE.py - {'step': '437900', 'lr': '0.0002', 'total_loss': '0.0217568', 'main_loss': '0.0217568', 'time_per_step': '2.21776'}
2025-11-11 17:19:56,790 - train_greyscale_FA_MoE.py - {'step': '438000', 'lr': '0.0002', 'total_loss': '0.0255979', 'main_loss': '0.0255979', 'time_per_step': '2.26881'}
2025-11-11 17:23:44,500 - train_greyscale_FA_MoE.py - {'step': '438100', 'lr': '0.0002', 'total_loss': '0.0315597', 'main_loss': '0.0315597', 'time_per_step': '2.17627'}
2025-11-11 17:27:33,062 - train_greyscale_FA_MoE.py - {'step': '438200', 'lr': '0.0002', 'total_loss': '0.0196903', 'main_loss': '0.0196903', 'time_per_step': '2.35839'}
2025-11-11 17:31:21,928 - train_greyscale_FA_MoE.py - {'step': '438300', 'lr': '0.0002', 'total_loss': '0.0224558', 'main_loss': '0.0224558', 'time_per_step': '2.10334'}
2025-11-11 17:35:10,065 - train_greyscale_FA_MoE.py - {'step': '438400', 'lr': '0.0002', 'total_loss': '0.0230288', 'main_loss': '0.0230288', 'time_per_step': '2.36661'}
2025-11-11 17:38:58,580 - train_greyscale_FA_MoE.py - {'step': '438500', 'lr': '0.0002', 'total_loss': '0.0294336', 'main_loss': '0.0294336', 'time_per_step': '2.24748'}
2025-11-11 17:42:47,075 - train_greyscale_FA_MoE.py - {'step': '438600', 'lr': '0.0002', 'total_loss': '0.0250485', 'main_loss': '0.0250485', 'time_per_step': '2.21055'}
2025-11-11 17:46:35,635 - train_greyscale_FA_MoE.py - {'step': '438700', 'lr': '0.0002', 'total_loss': '0.0258481', 'main_loss': '0.0258481', 'time_per_step': '2.19488'}
2025-11-11 17:50:24,477 - train_greyscale_FA_MoE.py - {'step': '438800', 'lr': '0.0002', 'total_loss': '0.0231615', 'main_loss': '0.0231615', 'time_per_step': '2.16116'}
2025-11-11 17:54:12,637 - train_greyscale_FA_MoE.py - {'step': '438900', 'lr': '0.0002', 'total_loss': '0.0232912', 'main_loss': '0.0232912', 'time_per_step': '2.21664'}
2025-11-11 17:58:01,430 - train_greyscale_FA_MoE.py - {'step': '439000', 'lr': '0.0002', 'total_loss': '0.0219223', 'main_loss': '0.0219223', 'time_per_step': '2.19759'}
2025-11-11 18:01:50,513 - train_greyscale_FA_MoE.py - {'step': '439100', 'lr': '0.0002', 'total_loss': '0.0260608', 'main_loss': '0.0260608', 'time_per_step': '2.1957'}
2025-11-11 18:05:39,169 - train_greyscale_FA_MoE.py - {'step': '439200', 'lr': '0.0002', 'total_loss': '0.0323545', 'main_loss': '0.0323545', 'time_per_step': '2.20405'}
2025-11-11 18:09:26,607 - train_greyscale_FA_MoE.py - {'step': '439300', 'lr': '0.0002', 'total_loss': '0.026263', 'main_loss': '0.026263', 'time_per_step': '2.25878'}
2025-11-11 18:13:15,764 - train_greyscale_FA_MoE.py - {'step': '439400', 'lr': '0.0002', 'total_loss': '0.0261202', 'main_loss': '0.0261202', 'time_per_step': '2.21186'}
2025-11-11 18:17:04,875 - train_greyscale_FA_MoE.py - {'step': '439500', 'lr': '0.0002', 'total_loss': '0.0262794', 'main_loss': '0.0262794', 'time_per_step': '2.09635'}
2025-11-11 18:20:53,052 - train_greyscale_FA_MoE.py - {'step': '439600', 'lr': '0.0002', 'total_loss': '0.0256877', 'main_loss': '0.0256877', 'time_per_step': '2.0992'}
2025-11-11 18:24:42,170 - train_greyscale_FA_MoE.py - {'step': '439700', 'lr': '0.0002', 'total_loss': '0.0216148', 'main_loss': '0.0216148', 'time_per_step': '2.22342'}
2025-11-11 18:28:29,959 - train_greyscale_FA_MoE.py - {'step': '439800', 'lr': '0.0002', 'total_loss': '0.0256698', 'main_loss': '0.0256698', 'time_per_step': '2.19491'}
2025-11-11 18:32:19,098 - train_greyscale_FA_MoE.py - {'step': '439900', 'lr': '0.0002', 'total_loss': '0.0273224', 'main_loss': '0.0273224', 'time_per_step': '2.19337'}
2025-11-11 18:36:07,757 - train_greyscale_FA_MoE.py - {'step': '440000', 'lr': '0.0002', 'total_loss': '0.0230601', 'main_loss': '0.0230601', 'time_per_step': '2.1942'}
2025-11-11 18:39:54,809 - train_greyscale_FA_MoE.py - {'step': '440100', 'lr': '0.0002', 'total_loss': '0.0315437', 'main_loss': '0.0315437', 'time_per_step': '2.20541'}
2025-11-11 18:43:44,128 - train_greyscale_FA_MoE.py - {'step': '440200', 'lr': '0.0002', 'total_loss': '0.0239366', 'main_loss': '0.0239366', 'time_per_step': '2.16466'}
2025-11-11 18:47:32,697 - train_greyscale_FA_MoE.py - {'step': '440300', 'lr': '0.0002', 'total_loss': '0.0250283', 'main_loss': '0.0250283', 'time_per_step': '2.41349'}
2025-11-11 18:51:21,600 - train_greyscale_FA_MoE.py - {'step': '440400', 'lr': '0.0002', 'total_loss': '0.0253266', 'main_loss': '0.0253266', 'time_per_step': '2.20035'}
2025-11-11 18:55:10,027 - train_greyscale_FA_MoE.py - {'step': '440500', 'lr': '0.0002', 'total_loss': '0.0369714', 'main_loss': '0.0369714', 'time_per_step': '2.43074'}
2025-11-11 18:58:59,296 - train_greyscale_FA_MoE.py - {'step': '440600', 'lr': '0.0002', 'total_loss': '0.0275581', 'main_loss': '0.0275581', 'time_per_step': '2.15413'}
2025-11-11 19:02:48,428 - train_greyscale_FA_MoE.py - {'step': '440700', 'lr': '0.0002', 'total_loss': '0.0210877', 'main_loss': '0.0210877', 'time_per_step': '2.09625'}
2025-11-11 19:06:36,564 - train_greyscale_FA_MoE.py - {'step': '440800', 'lr': '0.0002', 'total_loss': '0.0246328', 'main_loss': '0.0246328', 'time_per_step': '2.10406'}
2025-11-11 19:10:25,140 - train_greyscale_FA_MoE.py - {'step': '440900', 'lr': '0.0002', 'total_loss': '0.0290278', 'main_loss': '0.0290278', 'time_per_step': '2.2071'}
2025-11-11 19:14:13,656 - train_greyscale_FA_MoE.py - {'step': '441000', 'lr': '0.0002', 'total_loss': '0.027262', 'main_loss': '0.027262', 'time_per_step': '2.2024'}
2025-11-11 19:18:01,909 - train_greyscale_FA_MoE.py - {'step': '441100', 'lr': '0.0002', 'total_loss': '0.0252605', 'main_loss': '0.0252605', 'time_per_step': '2.22534'}
2025-11-11 19:21:51,604 - train_greyscale_FA_MoE.py - {'step': '441200', 'lr': '0.0002', 'total_loss': '0.0237429', 'main_loss': '0.0237429', 'time_per_step': '2.16396'}
2025-11-11 19:25:39,035 - train_greyscale_FA_MoE.py - {'step': '441300', 'lr': '0.0002', 'total_loss': '0.0202432', 'main_loss': '0.0202432', 'time_per_step': '2.20846'}
2025-11-11 19:29:28,043 - train_greyscale_FA_MoE.py - {'step': '441400', 'lr': '0.0002', 'total_loss': '0.0259366', 'main_loss': '0.0259366', 'time_per_step': '2.35226'}
2025-11-11 19:33:16,455 - train_greyscale_FA_MoE.py - {'step': '441500', 'lr': '0.0002', 'total_loss': '0.0258344', 'main_loss': '0.0258344', 'time_per_step': '2.20069'}
2025-11-11 19:34:59,081 - train_greyscale_FA_MoE.py - ckpt_root: output/acdc_wholeheart_uncond_fa_ec_moe_greyscale_uvit_mid_4by4_l6r9_minmax/ckpts
dataset:
  SNR_scale: 4.0
  Y_bound: !!python/tuple
  - 774.0
  Y_entropy: !!python/tuple
  - 5.287
  - 2.936
  - 3.005
  - 1.94
  - 2.216
  - 1.866
  - 1.186
  - 1.561
  - 1.581
  - 1.169
  - 1.024
  - 1.252
  - 1.071
  - 1.0
  - 1.0
  - 1.0
  Y_max: !!python/tuple
  - 774.0
  - 112.375
  - 125.812
  - 49.0
  - 58.5
  - 46.5
  - 20.344
  - 32.906
  - 33.406
  - 19.953
  - 15.953
  - 22.0
  - 16.984
  - 12.812
  - 11.68
  - 7.461
  Y_mean: !!python/tuple
  - 241.045
  - -0.725
  - 0.44
  - 0.107
  - 0.009
  - 0.154
  - -0.057
  - 0.0
  - -0.008
  - 0.019
  - 0.009
  - -0.012
  - 0.005
  - 0.002
  - 0.004
  - -0.002
  Y_min: !!python/tuple
  - 9.5
  - -119.312
  - -122.375
  - -51.25
  - -58.906
  - -49.5
  - -20.688
  - -32.906
  - -33.094
  - -19.891
  - -15.891
  - -21.75
  - -16.969
  - -12.773
  - -11.648
  - -7.492
  Y_std: !!python/tuple
  - 182.467
  - 32.821
  - 34.996
  - 14.001
  - 17.621
  - 13.189
  - 5.79
  - 9.609
  - 9.805
  - 5.652
  - 4.634
  - 6.502
  - 4.963
  - 3.796
  - 3.44
  - 2.178
  block_sz: 4
  dataset_type: wholeheart
  frequency_aware_tokens: true
  greyscale: true
  low_freqs: 12
  name: acdc_uncond
  num_fa_length: 6
  num_fa_repeats: 9
  num_fa_repeats_x: 3
  num_fa_repeats_y: 3
  path: data/scratch/datasets/ACDC/Unlabeled/Wholeheart
  resolution: 96
  reweight: true
  reweight_dim: -1
  tempature: 1.0
  tokens: 128
  tokenwise_normalization: minmax
lr_scheduler:
  name: customized
  warmup_steps: 5000
mixed_precision: 'no'
name: acdc_wholeheart_uncond_uvit_FA_EC_MoE_greyscale_mid_4by4
nnet:
  MoE:
    aux_loss_alpha: 0.0
    depth: 1
    noise_eps: 0.01
    num_experts: 4
    router: topk
    top_k: 2
    type: ecmoe
  depth: 16
  embed_dim: 768
  in_chans: 54
  low_freqs: 12
  mlp_ratio: 4
  mlp_time_embed: true
  name: uvit_greyscale_moe
  num_classes: -1
  num_heads: 12
  qkv_bias: false
  tokens: 128
  use_moe: true
optimizer:
  betas: !!python/tuple
  - 0.99
  - 0.99
  lr: 0.0002
  name: adamw
  weight_decay: 0.03
pred: noise_pred
private:
  accountant: prv
  dp_method: dpsgd
  max_grad_norm: 1.0
  noise_multiplier: 0.5
  secure_mode: false
  target_delta: 1.0e-05
  target_epsilon: 10
  use_dp: false
sample:
  algorithm: euler_maruyama_ode
  mini_batch_size: 500
  n_samples: 50000
  path: data/scratch/samples
  sample_steps: 100
  save_npz: ''
  save_start: 20000
sample_dir: output/acdc_wholeheart_uncond_fa_ec_moe_greyscale_uvit_mid_4by4_l6r9_minmax/samples
seed: 1234
train:
  batch_size: 512
  eval_interval: 25000
  log_interval: 100
  mode: uncond
  n_steps: 500000
  save_interval: 25000
workdir: output/acdc_wholeheart_uncond_fa_ec_moe_greyscale_uvit_mid_4by4_l6r9_minmax

2025-11-11 19:34:59,244 - train_greyscale_FA_MoE.py - dataset samples: 25022
2025-11-11 19:34:59,244 - train_greyscale_FA_MoE.py - Using minmax for positional token normalization
2025-11-11 19:35:08,252 - utils.py - nnet has 163145526 parameters
2025-11-11 19:35:09,044 - utils.py - resume from output/acdc_wholeheart_uncond_fa_ec_moe_greyscale_uvit_mid_4by4_l6r9_minmax/ckpts/425000.ckpt
2025-11-11 19:35:09,045 - utils.py - load from output/acdc_wholeheart_uncond_fa_ec_moe_greyscale_uvit_mid_4by4_l6r9_minmax/ckpts/425000.ckpt
2025-11-11 19:35:19,069 - train_greyscale_FA_MoE.py - using [5.287 2.936 3.005 1.94  2.216 1.866 1.186 1.561 1.581 1.169 1.024 1.252
 1.071 1.    1.    1.   ] for loss reweighting
2025-11-11 19:35:19,118 - train_greyscale_FA_MoE.py - Using temperature 1.0 for loss reweighting
2025-11-11 19:35:19,527 - train_greyscale_FA_MoE.py - Start fitting, step=425000, mixed_precision=no
2025-11-11 19:35:51,949 - train_greyscale_FA_MoE.py - [Step 425000] Error occurred: The size of tensor a (54) must match the size of tensor b (768) at non-singleton dimension 1
2025-11-11 19:37:05,062 - train_greyscale_FA_MoE.py - {'step': '441600', 'lr': '0.0002', 'total_loss': '0.0287953', 'main_loss': '0.0287953', 'time_per_step': '2.20483'}
2025-11-11 19:40:52,748 - train_greyscale_FA_MoE.py - {'step': '441700', 'lr': '0.0002', 'total_loss': '0.0258653', 'main_loss': '0.0258653', 'time_per_step': '2.21844'}
2025-11-11 19:44:11,938 - train_greyscale_FA_MoE.py - ckpt_root: output/acdc_wholeheart_uncond_fa_ec_moe_greyscale_uvit_mid_4by4_l6r9_minmax/ckpts
dataset:
  SNR_scale: 4.0
  Y_bound: !!python/tuple
  - 774.0
  Y_entropy: !!python/tuple
  - 5.287
  - 2.936
  - 3.005
  - 1.94
  - 2.216
  - 1.866
  - 1.186
  - 1.561
  - 1.581
  - 1.169
  - 1.024
  - 1.252
  - 1.071
  - 1.0
  - 1.0
  - 1.0
  Y_max: !!python/tuple
  - 774.0
  - 112.375
  - 125.812
  - 49.0
  - 58.5
  - 46.5
  - 20.344
  - 32.906
  - 33.406
  - 19.953
  - 15.953
  - 22.0
  - 16.984
  - 12.812
  - 11.68
  - 7.461
  Y_mean: !!python/tuple
  - 241.045
  - -0.725
  - 0.44
  - 0.107
  - 0.009
  - 0.154
  - -0.057
  - 0.0
  - -0.008
  - 0.019
  - 0.009
  - -0.012
  - 0.005
  - 0.002
  - 0.004
  - -0.002
  Y_min: !!python/tuple
  - 9.5
  - -119.312
  - -122.375
  - -51.25
  - -58.906
  - -49.5
  - -20.688
  - -32.906
  - -33.094
  - -19.891
  - -15.891
  - -21.75
  - -16.969
  - -12.773
  - -11.648
  - -7.492
  Y_std: !!python/tuple
  - 182.467
  - 32.821
  - 34.996
  - 14.001
  - 17.621
  - 13.189
  - 5.79
  - 9.609
  - 9.805
  - 5.652
  - 4.634
  - 6.502
  - 4.963
  - 3.796
  - 3.44
  - 2.178
  block_sz: 4
  dataset_type: wholeheart
  frequency_aware_tokens: true
  greyscale: true
  low_freqs: 12
  name: acdc_uncond
  num_fa_length: 6
  num_fa_repeats: 9
  num_fa_repeats_x: 3
  num_fa_repeats_y: 3
  path: data/scratch/datasets/ACDC/Unlabeled/Wholeheart
  resolution: 96
  reweight: true
  reweight_dim: -1
  tempature: 1.0
  tokens: 128
  tokenwise_normalization: minmax
lr_scheduler:
  name: customized
  warmup_steps: 5000
mixed_precision: 'no'
name: acdc_wholeheart_uncond_uvit_FA_EC_MoE_greyscale_mid_4by4
nnet:
  MoE:
    aux_loss_alpha: 0.0
    depth: 1
    noise_eps: 0.01
    num_experts: 4
    router: topk
    top_k: 2
    type: ecmoe
  depth: 16
  embed_dim: 768
  in_chans: 54
  low_freqs: 12
  mlp_ratio: 4
  mlp_time_embed: true
  name: uvit_greyscale_moe
  num_classes: -1
  num_heads: 12
  qkv_bias: false
  tokens: 128
  use_moe: true
optimizer:
  betas: !!python/tuple
  - 0.99
  - 0.99
  lr: 0.0002
  name: adamw
  weight_decay: 0.03
pred: noise_pred
private:
  accountant: prv
  dp_method: dpsgd
  max_grad_norm: 1.0
  noise_multiplier: 0.5
  secure_mode: false
  target_delta: 1.0e-05
  target_epsilon: 10
  use_dp: false
sample:
  algorithm: euler_maruyama_ode
  mini_batch_size: 500
  n_samples: 50000
  path: data/scratch/samples
  sample_steps: 100
  save_npz: ''
  save_start: 20000
sample_dir: output/acdc_wholeheart_uncond_fa_ec_moe_greyscale_uvit_mid_4by4_l6r9_minmax/samples
seed: 1234
train:
  batch_size: 512
  eval_interval: 25000
  log_interval: 100
  mode: uncond
  n_steps: 500000
  save_interval: 25000
workdir: output/acdc_wholeheart_uncond_fa_ec_moe_greyscale_uvit_mid_4by4_l6r9_minmax

2025-11-11 19:44:12,077 - train_greyscale_FA_MoE.py - dataset samples: 25022
2025-11-11 19:44:12,077 - train_greyscale_FA_MoE.py - Using minmax for positional token normalization
2025-11-11 19:44:20,695 - utils.py - nnet has 163145526 parameters
2025-11-11 19:44:21,380 - utils.py - resume from output/acdc_wholeheart_uncond_fa_ec_moe_greyscale_uvit_mid_4by4_l6r9_minmax/ckpts/425000.ckpt
2025-11-11 19:44:21,381 - utils.py - load from output/acdc_wholeheart_uncond_fa_ec_moe_greyscale_uvit_mid_4by4_l6r9_minmax/ckpts/425000.ckpt
2025-11-11 19:44:31,224 - train_greyscale_FA_MoE.py - using [5.287 2.936 3.005 1.94  2.216 1.866 1.186 1.561 1.581 1.169 1.024 1.252
 1.071 1.    1.    1.   ] for loss reweighting
2025-11-11 19:44:31,226 - train_greyscale_FA_MoE.py - Using temperature 1.0 for loss reweighting
2025-11-11 19:44:31,259 - train_greyscale_FA_MoE.py - Start fitting, step=425000, mixed_precision=no
2025-11-11 19:45:01,417 - train_greyscale_FA_MoE.py - [Step 425000] Error occurred: The size of tensor a (54) must match the size of tensor b (768) at non-singleton dimension 1
2025-11-11 19:46:21,060 - train_greyscale_FA_MoE.py - ckpt_root: output/acdc_wholeheart_uncond_fa_ec_moe_greyscale_uvit_mid_4by4_l6r9_minmax/ckpts
dataset:
  SNR_scale: 4.0
  Y_bound: !!python/tuple
  - 774.0
  Y_entropy: !!python/tuple
  - 5.287
  - 2.936
  - 3.005
  - 1.94
  - 2.216
  - 1.866
  - 1.186
  - 1.561
  - 1.581
  - 1.169
  - 1.024
  - 1.252
  - 1.071
  - 1.0
  - 1.0
  - 1.0
  Y_max: !!python/tuple
  - 774.0
  - 112.375
  - 125.812
  - 49.0
  - 58.5
  - 46.5
  - 20.344
  - 32.906
  - 33.406
  - 19.953
  - 15.953
  - 22.0
  - 16.984
  - 12.812
  - 11.68
  - 7.461
  Y_mean: !!python/tuple
  - 241.045
  - -0.725
  - 0.44
  - 0.107
  - 0.009
  - 0.154
  - -0.057
  - 0.0
  - -0.008
  - 0.019
  - 0.009
  - -0.012
  - 0.005
  - 0.002
  - 0.004
  - -0.002
  Y_min: !!python/tuple
  - 9.5
  - -119.312
  - -122.375
  - -51.25
  - -58.906
  - -49.5
  - -20.688
  - -32.906
  - -33.094
  - -19.891
  - -15.891
  - -21.75
  - -16.969
  - -12.773
  - -11.648
  - -7.492
  Y_std: !!python/tuple
  - 182.467
  - 32.821
  - 34.996
  - 14.001
  - 17.621
  - 13.189
  - 5.79
  - 9.609
  - 9.805
  - 5.652
  - 4.634
  - 6.502
  - 4.963
  - 3.796
  - 3.44
  - 2.178
  block_sz: 4
  dataset_type: wholeheart
  frequency_aware_tokens: true
  greyscale: true
  low_freqs: 12
  name: acdc_uncond
  num_fa_length: 6
  num_fa_repeats: 9
  num_fa_repeats_x: 3
  num_fa_repeats_y: 3
  path: data/scratch/datasets/ACDC/Unlabeled/Wholeheart
  resolution: 96
  reweight: true
  reweight_dim: -1
  tempature: 1.0
  tokens: 128
  tokenwise_normalization: minmax
lr_scheduler:
  name: customized
  warmup_steps: 5000
mixed_precision: 'no'
name: acdc_wholeheart_uncond_uvit_FA_EC_MoE_greyscale_mid_4by4
nnet:
  MoE:
    aux_loss_alpha: 0.0
    depth: 1
    noise_eps: 0.01
    num_experts: 4
    router: topk
    top_k: 2
    type: ecmoe
  depth: 16
  embed_dim: 768
  in_chans: 54
  low_freqs: 12
  mlp_ratio: 4
  mlp_time_embed: true
  name: uvit_greyscale_moe
  num_classes: -1
  num_heads: 12
  qkv_bias: false
  tokens: 128
  use_moe: true
optimizer:
  betas: !!python/tuple
  - 0.99
  - 0.99
  lr: 0.0002
  name: adamw
  weight_decay: 0.03
pred: noise_pred
private:
  accountant: prv
  dp_method: dpsgd
  max_grad_norm: 1.0
  noise_multiplier: 0.5
  secure_mode: false
  target_delta: 1.0e-05
  target_epsilon: 10
  use_dp: false
sample:
  algorithm: euler_maruyama_ode
  mini_batch_size: 500
  n_samples: 50000
  path: data/scratch/samples
  sample_steps: 100
  save_npz: ''
  save_start: 20000
sample_dir: output/acdc_wholeheart_uncond_fa_ec_moe_greyscale_uvit_mid_4by4_l6r9_minmax/samples
seed: 1234
train:
  batch_size: 512
  eval_interval: 25000
  log_interval: 100
  mode: uncond
  n_steps: 500000
  save_interval: 25000
workdir: output/acdc_wholeheart_uncond_fa_ec_moe_greyscale_uvit_mid_4by4_l6r9_minmax

2025-11-11 19:46:21,153 - train_greyscale_FA_MoE.py - dataset samples: 25022
2025-11-11 19:46:21,154 - train_greyscale_FA_MoE.py - Using minmax for positional token normalization
2025-11-11 19:46:28,726 - utils.py - nnet has 163145526 parameters
2025-11-11 19:46:29,412 - utils.py - resume from output/acdc_wholeheart_uncond_fa_ec_moe_greyscale_uvit_mid_4by4_l6r9_minmax/ckpts/425000.ckpt
2025-11-11 19:46:29,416 - utils.py - load from output/acdc_wholeheart_uncond_fa_ec_moe_greyscale_uvit_mid_4by4_l6r9_minmax/ckpts/425000.ckpt
2025-11-11 19:46:37,275 - train_greyscale_FA_MoE.py - using [5.287 2.936 3.005 1.94  2.216 1.866 1.186 1.561 1.581 1.169 1.024 1.252
 1.071 1.    1.    1.   ] for loss reweighting
2025-11-11 19:46:37,304 - train_greyscale_FA_MoE.py - Using temperature 1.0 for loss reweighting
2025-11-11 19:46:37,335 - train_greyscale_FA_MoE.py - Start fitting, step=425000, mixed_precision=no
2025-11-11 19:47:06,911 - train_greyscale_FA_MoE.py - [Step 425000] Error occurred: The size of tensor a (54) must match the size of tensor b (768) at non-singleton dimension 1
2025-11-11 19:49:24,136 - train_greyscale_FA_MoE.py - ckpt_root: output/acdc_wholeheart_uncond_fa_ec_moe_greyscale_uvit_mid_4by4_l6r9_minmax/ckpts
dataset:
  SNR_scale: 4.0
  Y_bound: !!python/tuple
  - 774.0
  Y_entropy: !!python/tuple
  - 5.287
  - 2.936
  - 3.005
  - 1.94
  - 2.216
  - 1.866
  - 1.186
  - 1.561
  - 1.581
  - 1.169
  - 1.024
  - 1.252
  - 1.071
  - 1.0
  - 1.0
  - 1.0
  Y_max: !!python/tuple
  - 774.0
  - 112.375
  - 125.812
  - 49.0
  - 58.5
  - 46.5
  - 20.344
  - 32.906
  - 33.406
  - 19.953
  - 15.953
  - 22.0
  - 16.984
  - 12.812
  - 11.68
  - 7.461
  Y_mean: !!python/tuple
  - 241.045
  - -0.725
  - 0.44
  - 0.107
  - 0.009
  - 0.154
  - -0.057
  - 0.0
  - -0.008
  - 0.019
  - 0.009
  - -0.012
  - 0.005
  - 0.002
  - 0.004
  - -0.002
  Y_min: !!python/tuple
  - 9.5
  - -119.312
  - -122.375
  - -51.25
  - -58.906
  - -49.5
  - -20.688
  - -32.906
  - -33.094
  - -19.891
  - -15.891
  - -21.75
  - -16.969
  - -12.773
  - -11.648
  - -7.492
  Y_std: !!python/tuple
  - 182.467
  - 32.821
  - 34.996
  - 14.001
  - 17.621
  - 13.189
  - 5.79
  - 9.609
  - 9.805
  - 5.652
  - 4.634
  - 6.502
  - 4.963
  - 3.796
  - 3.44
  - 2.178
  block_sz: 4
  dataset_type: wholeheart
  frequency_aware_tokens: true
  greyscale: true
  low_freqs: 12
  name: acdc_uncond
  num_fa_length: 6
  num_fa_repeats: 9
  num_fa_repeats_x: 3
  num_fa_repeats_y: 3
  path: data/scratch/datasets/ACDC/Unlabeled/Wholeheart
  resolution: 96
  reweight: true
  reweight_dim: -1
  tempature: 1.0
  tokens: 128
  tokenwise_normalization: minmax
lr_scheduler:
  name: customized
  warmup_steps: 5000
mixed_precision: 'no'
name: acdc_wholeheart_uncond_uvit_FA_EC_MoE_greyscale_mid_4by4
nnet:
  MoE:
    aux_loss_alpha: 0.0
    depth: 1
    noise_eps: 0.01
    num_experts: 4
    router: topk
    top_k: 2
    type: ecmoe
  depth: 16
  embed_dim: 768
  in_chans: 54
  low_freqs: 12
  mlp_ratio: 4
  mlp_time_embed: true
  name: uvit_greyscale_moe
  num_classes: -1
  num_heads: 12
  qkv_bias: false
  tokens: 128
  use_moe: true
optimizer:
  betas: !!python/tuple
  - 0.99
  - 0.99
  lr: 0.0002
  name: adamw
  weight_decay: 0.03
pred: noise_pred
private:
  accountant: prv
  dp_method: dpsgd
  max_grad_norm: 1.0
  noise_multiplier: 0.5
  secure_mode: false
  target_delta: 1.0e-05
  target_epsilon: 10
  use_dp: false
sample:
  algorithm: euler_maruyama_ode
  mini_batch_size: 500
  n_samples: 50000
  path: data/scratch/samples
  sample_steps: 100
  save_npz: ''
  save_start: 20000
sample_dir: output/acdc_wholeheart_uncond_fa_ec_moe_greyscale_uvit_mid_4by4_l6r9_minmax/samples
seed: 1234
train:
  batch_size: 512
  eval_interval: 25000
  log_interval: 100
  mode: uncond
  n_steps: 500000
  save_interval: 25000
workdir: output/acdc_wholeheart_uncond_fa_ec_moe_greyscale_uvit_mid_4by4_l6r9_minmax

2025-11-11 19:49:24,227 - train_greyscale_FA_MoE.py - dataset samples: 25022
2025-11-11 19:49:24,227 - train_greyscale_FA_MoE.py - Using minmax for positional token normalization
2025-11-11 19:49:31,840 - utils.py - nnet has 163145526 parameters
2025-11-11 19:49:32,507 - utils.py - resume from output/acdc_wholeheart_uncond_fa_ec_moe_greyscale_uvit_mid_4by4_l6r9_minmax/ckpts/425000.ckpt
2025-11-11 19:49:32,508 - utils.py - load from output/acdc_wholeheart_uncond_fa_ec_moe_greyscale_uvit_mid_4by4_l6r9_minmax/ckpts/425000.ckpt
2025-11-11 19:49:39,220 - train_greyscale_FA_MoE.py - using [5.287 2.936 3.005 1.94  2.216 1.866 1.186 1.561 1.581 1.169 1.024 1.252
 1.071 1.    1.    1.   ] for loss reweighting
2025-11-11 19:49:39,226 - train_greyscale_FA_MoE.py - Using temperature 1.0 for loss reweighting
2025-11-11 19:49:39,257 - train_greyscale_FA_MoE.py - Start fitting, step=425000, mixed_precision=no
2025-11-11 19:54:59,786 - train_greyscale_FA_MoE.py - {'step': '425100', 'lr': '0.0002', 'total_loss': '0.0197821', 'main_loss': '0.0197821', 'time_per_step': '2.15195'}
2025-11-11 19:58:46,695 - train_greyscale_FA_MoE.py - {'step': '425200', 'lr': '0.0002', 'total_loss': '0.0204884', 'main_loss': '0.0204884', 'time_per_step': '2.19467'}
2025-11-11 20:02:34,755 - train_greyscale_FA_MoE.py - {'step': '425300', 'lr': '0.0002', 'total_loss': '0.0262472', 'main_loss': '0.0262472', 'time_per_step': '2.22723'}
2025-11-11 20:06:20,778 - train_greyscale_FA_MoE.py - {'step': '425400', 'lr': '0.0002', 'total_loss': '0.0268419', 'main_loss': '0.0268419', 'time_per_step': '2.18916'}
2025-11-11 20:10:08,500 - train_greyscale_FA_MoE.py - {'step': '425500', 'lr': '0.0002', 'total_loss': '0.0270691', 'main_loss': '0.0270691', 'time_per_step': '2.19943'}
2025-11-11 20:13:55,621 - train_greyscale_FA_MoE.py - {'step': '425600', 'lr': '0.0002', 'total_loss': '0.0267276', 'main_loss': '0.0267276', 'time_per_step': '2.18201'}
2025-11-11 20:17:43,097 - train_greyscale_FA_MoE.py - {'step': '425700', 'lr': '0.0002', 'total_loss': '0.0284118', 'main_loss': '0.0284118', 'time_per_step': '2.17312'}
2025-11-11 20:21:29,164 - train_greyscale_FA_MoE.py - {'step': '425800', 'lr': '0.0002', 'total_loss': '0.0214681', 'main_loss': '0.0214681', 'time_per_step': '2.17862'}
2025-11-11 20:25:16,737 - train_greyscale_FA_MoE.py - {'step': '425900', 'lr': '0.0002', 'total_loss': '0.0272309', 'main_loss': '0.0272309', 'time_per_step': '2.14313'}
2025-11-11 20:29:03,517 - train_greyscale_FA_MoE.py - {'step': '426000', 'lr': '0.0002', 'total_loss': '0.0261964', 'main_loss': '0.0261964', 'time_per_step': '2.18821'}
2025-11-11 20:32:50,398 - train_greyscale_FA_MoE.py - {'step': '426100', 'lr': '0.0002', 'total_loss': '0.0258726', 'main_loss': '0.0258726', 'time_per_step': '2.13951'}
2025-11-11 20:36:36,147 - train_greyscale_FA_MoE.py - {'step': '426200', 'lr': '0.0002', 'total_loss': '0.0361745', 'main_loss': '0.0361745', 'time_per_step': '2.18654'}
2025-11-11 20:40:23,782 - train_greyscale_FA_MoE.py - {'step': '426300', 'lr': '0.0002', 'total_loss': '0.0274669', 'main_loss': '0.0274669', 'time_per_step': '2.21604'}
2025-11-11 20:44:11,258 - train_greyscale_FA_MoE.py - {'step': '426400', 'lr': '0.0002', 'total_loss': '0.0296145', 'main_loss': '0.0296145', 'time_per_step': '2.18186'}
2025-11-11 20:47:58,010 - train_greyscale_FA_MoE.py - {'step': '426500', 'lr': '0.0002', 'total_loss': '0.0263501', 'main_loss': '0.0263501', 'time_per_step': '2.18624'}
2025-11-11 20:51:44,372 - train_greyscale_FA_MoE.py - {'step': '426600', 'lr': '0.0002', 'total_loss': '0.0266908', 'main_loss': '0.0266908', 'time_per_step': '2.19149'}
2025-11-11 20:55:31,304 - train_greyscale_FA_MoE.py - {'step': '426700', 'lr': '0.0002', 'total_loss': '0.0341057', 'main_loss': '0.0341057', 'time_per_step': '2.19653'}
2025-11-11 20:59:18,414 - train_greyscale_FA_MoE.py - {'step': '426800', 'lr': '0.0002', 'total_loss': '0.022123', 'main_loss': '0.022123', 'time_per_step': '2.14832'}
2025-11-11 21:03:06,702 - train_greyscale_FA_MoE.py - {'step': '426900', 'lr': '0.0002', 'total_loss': '0.0202129', 'main_loss': '0.0202129', 'time_per_step': '2.14011'}
2025-11-11 21:06:52,890 - train_greyscale_FA_MoE.py - {'step': '427000', 'lr': '0.0002', 'total_loss': '0.0205374', 'main_loss': '0.0205374', 'time_per_step': '2.1726'}
2025-11-11 21:10:40,492 - train_greyscale_FA_MoE.py - {'step': '427100', 'lr': '0.0002', 'total_loss': '0.0247402', 'main_loss': '0.0247402', 'time_per_step': '2.19289'}
2025-11-11 21:14:27,661 - train_greyscale_FA_MoE.py - {'step': '427200', 'lr': '0.0002', 'total_loss': '0.0266734', 'main_loss': '0.0266734', 'time_per_step': '2.20187'}
2025-11-11 21:18:14,932 - train_greyscale_FA_MoE.py - {'step': '427300', 'lr': '0.0002', 'total_loss': '0.025473', 'main_loss': '0.025473', 'time_per_step': '2.14093'}
2025-11-11 21:22:00,555 - train_greyscale_FA_MoE.py - {'step': '427400', 'lr': '0.0002', 'total_loss': '0.0286024', 'main_loss': '0.0286024', 'time_per_step': '2.10983'}
2025-11-11 21:25:48,543 - train_greyscale_FA_MoE.py - {'step': '427500', 'lr': '0.0002', 'total_loss': '0.0252301', 'main_loss': '0.0252301', 'time_per_step': '2.15566'}
2025-11-11 21:29:35,670 - train_greyscale_FA_MoE.py - {'step': '427600', 'lr': '0.0002', 'total_loss': '0.0234777', 'main_loss': '0.0234777', 'time_per_step': '2.27513'}
2025-11-11 21:33:23,285 - train_greyscale_FA_MoE.py - {'step': '427700', 'lr': '0.0002', 'total_loss': '0.018351', 'main_loss': '0.018351', 'time_per_step': '2.20536'}
2025-11-11 21:37:09,366 - train_greyscale_FA_MoE.py - {'step': '427800', 'lr': '0.0002', 'total_loss': '0.0306595', 'main_loss': '0.0306595', 'time_per_step': '2.19813'}
2025-11-11 21:40:56,002 - train_greyscale_FA_MoE.py - {'step': '427900', 'lr': '0.0002', 'total_loss': '0.0240245', 'main_loss': '0.0240245', 'time_per_step': '2.18415'}
2025-11-11 21:44:43,094 - train_greyscale_FA_MoE.py - {'step': '428000', 'lr': '0.0002', 'total_loss': '0.0260395', 'main_loss': '0.0260395', 'time_per_step': '2.18761'}
2025-11-11 21:48:30,151 - train_greyscale_FA_MoE.py - {'step': '428100', 'lr': '0.0002', 'total_loss': '0.0281618', 'main_loss': '0.0281618', 'time_per_step': '2.20705'}
2025-11-11 21:52:16,349 - train_greyscale_FA_MoE.py - {'step': '428200', 'lr': '0.0002', 'total_loss': '0.0277418', 'main_loss': '0.0277418', 'time_per_step': '2.29842'}
2025-11-11 21:56:03,278 - train_greyscale_FA_MoE.py - {'step': '428300', 'lr': '0.0002', 'total_loss': '0.0302597', 'main_loss': '0.0302597', 'time_per_step': '2.1856'}
2025-11-11 21:59:50,761 - train_greyscale_FA_MoE.py - {'step': '428400', 'lr': '0.0002', 'total_loss': '0.0260086', 'main_loss': '0.0260086', 'time_per_step': '2.18991'}
2025-11-11 22:03:37,660 - train_greyscale_FA_MoE.py - {'step': '428500', 'lr': '0.0002', 'total_loss': '0.0296386', 'main_loss': '0.0296386', 'time_per_step': '2.1609'}
2025-11-11 22:07:23,592 - train_greyscale_FA_MoE.py - {'step': '428600', 'lr': '0.0002', 'total_loss': '0.0307707', 'main_loss': '0.0307707', 'time_per_step': '2.11262'}
2025-11-11 22:11:10,963 - train_greyscale_FA_MoE.py - {'step': '428700', 'lr': '0.0002', 'total_loss': '0.0215499', 'main_loss': '0.0215499', 'time_per_step': '2.15693'}
2025-11-11 22:14:57,971 - train_greyscale_FA_MoE.py - {'step': '428800', 'lr': '0.0002', 'total_loss': '0.0327081', 'main_loss': '0.0327081', 'time_per_step': '2.18999'}
2025-11-11 22:18:45,282 - train_greyscale_FA_MoE.py - {'step': '428900', 'lr': '0.0002', 'total_loss': '0.0238612', 'main_loss': '0.0238612', 'time_per_step': '2.18988'}
2025-11-11 22:22:31,043 - train_greyscale_FA_MoE.py - {'step': '429000', 'lr': '0.0002', 'total_loss': '0.0259801', 'main_loss': '0.0259801', 'time_per_step': '2.22054'}
2025-11-11 22:26:18,512 - train_greyscale_FA_MoE.py - {'step': '429100', 'lr': '0.0002', 'total_loss': '0.0274355', 'main_loss': '0.0274355', 'time_per_step': '2.14602'}
2025-11-11 22:30:05,828 - train_greyscale_FA_MoE.py - {'step': '429200', 'lr': '0.0002', 'total_loss': '0.0264625', 'main_loss': '0.0264625', 'time_per_step': '2.25548'}
2025-11-11 22:33:52,529 - train_greyscale_FA_MoE.py - {'step': '429300', 'lr': '0.0002', 'total_loss': '0.0271714', 'main_loss': '0.0271714', 'time_per_step': '2.16813'}
2025-11-11 22:37:38,775 - train_greyscale_FA_MoE.py - {'step': '429400', 'lr': '0.0002', 'total_loss': '0.0283136', 'main_loss': '0.0283136', 'time_per_step': '2.17871'}
2025-11-11 22:41:25,664 - train_greyscale_FA_MoE.py - {'step': '429500', 'lr': '0.0002', 'total_loss': '0.0292593', 'main_loss': '0.0292593', 'time_per_step': '2.18749'}
2025-11-11 22:45:12,778 - train_greyscale_FA_MoE.py - {'step': '429600', 'lr': '0.0002', 'total_loss': '0.0261072', 'main_loss': '0.0261072', 'time_per_step': '2.18862'}
2025-11-11 22:48:59,964 - train_greyscale_FA_MoE.py - {'step': '429700', 'lr': '0.0002', 'total_loss': '0.0255311', 'main_loss': '0.0255311', 'time_per_step': '2.12226'}
2025-11-11 22:52:45,677 - train_greyscale_FA_MoE.py - {'step': '429800', 'lr': '0.0002', 'total_loss': '0.0238783', 'main_loss': '0.0238783', 'time_per_step': '2.11643'}
2025-11-11 22:56:33,210 - train_greyscale_FA_MoE.py - {'step': '429900', 'lr': '0.0002', 'total_loss': '0.021779', 'main_loss': '0.021779', 'time_per_step': '2.17786'}
2025-11-11 23:00:20,452 - train_greyscale_FA_MoE.py - {'step': '430000', 'lr': '0.0002', 'total_loss': '0.028218', 'main_loss': '0.028218', 'time_per_step': '2.22433'}
2025-11-11 23:04:08,745 - train_greyscale_FA_MoE.py - {'step': '430100', 'lr': '0.0002', 'total_loss': '0.0270054', 'main_loss': '0.0270054', 'time_per_step': '3.34274'}
2025-11-11 23:07:55,008 - train_greyscale_FA_MoE.py - {'step': '430200', 'lr': '0.0002', 'total_loss': '0.025019', 'main_loss': '0.025019', 'time_per_step': '2.18907'}
2025-11-11 23:11:42,093 - train_greyscale_FA_MoE.py - {'step': '430300', 'lr': '0.0002', 'total_loss': '0.0225065', 'main_loss': '0.0225065', 'time_per_step': '2.17997'}
2025-11-11 23:15:29,337 - train_greyscale_FA_MoE.py - {'step': '430400', 'lr': '0.0002', 'total_loss': '0.0249321', 'main_loss': '0.0249321', 'time_per_step': '2.15442'}
2025-11-11 23:19:15,904 - train_greyscale_FA_MoE.py - {'step': '430500', 'lr': '0.0002', 'total_loss': '0.0261987', 'main_loss': '0.0261987', 'time_per_step': '2.3179'}
2025-11-11 23:23:04,019 - train_greyscale_FA_MoE.py - {'step': '430600', 'lr': '0.0002', 'total_loss': '0.0292553', 'main_loss': '0.0292553', 'time_per_step': '2.21181'}
2025-11-11 23:26:52,389 - train_greyscale_FA_MoE.py - {'step': '430700', 'lr': '0.0002', 'total_loss': '0.0255456', 'main_loss': '0.0255456', 'time_per_step': '2.17213'}
2025-11-11 23:30:41,456 - train_greyscale_FA_MoE.py - {'step': '430800', 'lr': '0.0002', 'total_loss': '0.0218497', 'main_loss': '0.0218497', 'time_per_step': '2.23452'}
2025-11-11 23:34:29,166 - train_greyscale_FA_MoE.py - {'step': '430900', 'lr': '0.0002', 'total_loss': '0.0276298', 'main_loss': '0.0276298', 'time_per_step': '2.09687'}
2025-11-11 23:38:17,885 - train_greyscale_FA_MoE.py - {'step': '431000', 'lr': '0.0002', 'total_loss': '0.0331058', 'main_loss': '0.0331058', 'time_per_step': '2.10855'}
2025-11-11 23:42:07,687 - train_greyscale_FA_MoE.py - {'step': '431100', 'lr': '0.0002', 'total_loss': '0.021964', 'main_loss': '0.021964', 'time_per_step': '2.21636'}
2025-11-11 23:45:56,914 - train_greyscale_FA_MoE.py - {'step': '431200', 'lr': '0.0002', 'total_loss': '0.0275133', 'main_loss': '0.0275133', 'time_per_step': '2.21366'}
2025-11-11 23:49:44,855 - train_greyscale_FA_MoE.py - {'step': '431300', 'lr': '0.0002', 'total_loss': '0.0258847', 'main_loss': '0.0258847', 'time_per_step': '2.1608'}
2025-11-11 23:53:33,284 - train_greyscale_FA_MoE.py - {'step': '431400', 'lr': '0.0002', 'total_loss': '0.0228036', 'main_loss': '0.0228036', 'time_per_step': '2.18343'}
2025-11-11 23:57:22,232 - train_greyscale_FA_MoE.py - {'step': '431500', 'lr': '0.0002', 'total_loss': '0.0250633', 'main_loss': '0.0250633', 'time_per_step': '2.21557'}
2025-11-12 00:01:11,279 - train_greyscale_FA_MoE.py - {'step': '431600', 'lr': '0.0002', 'total_loss': '0.0256535', 'main_loss': '0.0256535', 'time_per_step': '2.25188'}
2025-11-12 00:05:00,885 - train_greyscale_FA_MoE.py - {'step': '431700', 'lr': '0.0002', 'total_loss': '0.0195348', 'main_loss': '0.0195348', 'time_per_step': '2.20818'}
2025-11-12 00:08:48,756 - train_greyscale_FA_MoE.py - {'step': '431800', 'lr': '0.0002', 'total_loss': '0.0297433', 'main_loss': '0.0297433', 'time_per_step': '2.19961'}
2025-11-12 00:12:38,895 - train_greyscale_FA_MoE.py - {'step': '431900', 'lr': '0.0002', 'total_loss': '0.0254488', 'main_loss': '0.0254488', 'time_per_step': '2.2142'}
2025-11-12 00:16:27,592 - train_greyscale_FA_MoE.py - {'step': '432000', 'lr': '0.0002', 'total_loss': '0.0257372', 'main_loss': '0.0257372', 'time_per_step': '2.23872'}
2025-11-12 00:20:16,399 - train_greyscale_FA_MoE.py - {'step': '432100', 'lr': '0.0002', 'total_loss': '0.0232234', 'main_loss': '0.0232234', 'time_per_step': '2.1108'}
2025-11-12 00:24:04,065 - train_greyscale_FA_MoE.py - {'step': '432200', 'lr': '0.0002', 'total_loss': '0.0250958', 'main_loss': '0.0250958', 'time_per_step': '2.10994'}
2025-11-12 00:27:54,071 - train_greyscale_FA_MoE.py - {'step': '432300', 'lr': '0.0002', 'total_loss': '0.0248202', 'main_loss': '0.0248202', 'time_per_step': '2.21488'}
2025-11-12 00:31:43,047 - train_greyscale_FA_MoE.py - {'step': '432400', 'lr': '0.0002', 'total_loss': '0.0265235', 'main_loss': '0.0265235', 'time_per_step': '2.1948'}
2025-11-12 00:35:32,040 - train_greyscale_FA_MoE.py - {'step': '432500', 'lr': '0.0002', 'total_loss': '0.0206683', 'main_loss': '0.0206683', 'time_per_step': '2.29567'}
2025-11-12 00:39:19,725 - train_greyscale_FA_MoE.py - {'step': '432600', 'lr': '0.0002', 'total_loss': '0.0244897', 'main_loss': '0.0244897', 'time_per_step': '2.19483'}
2025-11-12 00:43:08,521 - train_greyscale_FA_MoE.py - {'step': '432700', 'lr': '0.0002', 'total_loss': '0.0241921', 'main_loss': '0.0241921', 'time_per_step': '2.20276'}
2025-11-12 00:46:57,275 - train_greyscale_FA_MoE.py - {'step': '432800', 'lr': '0.0002', 'total_loss': '0.0232439', 'main_loss': '0.0232439', 'time_per_step': '2.2051'}
2025-11-12 00:50:46,053 - train_greyscale_FA_MoE.py - {'step': '432900', 'lr': '0.0002', 'total_loss': '0.0318471', 'main_loss': '0.0318471', 'time_per_step': '2.17332'}
2025-11-12 00:54:33,856 - train_greyscale_FA_MoE.py - {'step': '433000', 'lr': '0.0002', 'total_loss': '0.0268013', 'main_loss': '0.0268013', 'time_per_step': '2.20142'}
2025-11-12 00:58:22,596 - train_greyscale_FA_MoE.py - {'step': '433100', 'lr': '0.0002', 'total_loss': '0.0212437', 'main_loss': '0.0212437', 'time_per_step': '2.2216'}
2025-11-12 01:02:12,841 - train_greyscale_FA_MoE.py - {'step': '433200', 'lr': '0.0002', 'total_loss': '0.0254347', 'main_loss': '0.0254347', 'time_per_step': '2.1663'}
2025-11-12 01:06:01,985 - train_greyscale_FA_MoE.py - {'step': '433300', 'lr': '0.0002', 'total_loss': '0.0287399', 'main_loss': '0.0287399', 'time_per_step': '2.17531'}
2025-11-12 01:09:49,987 - train_greyscale_FA_MoE.py - {'step': '433400', 'lr': '0.0002', 'total_loss': '0.0289174', 'main_loss': '0.0289174', 'time_per_step': '2.10946'}
2025-11-12 01:13:39,227 - train_greyscale_FA_MoE.py - {'step': '433500', 'lr': '0.0002', 'total_loss': '0.0294556', 'main_loss': '0.0294556', 'time_per_step': '2.21799'}
2025-11-12 01:17:27,997 - train_greyscale_FA_MoE.py - {'step': '433600', 'lr': '0.0002', 'total_loss': '0.0255849', 'main_loss': '0.0255849', 'time_per_step': '2.21113'}
2025-11-12 01:21:16,875 - train_greyscale_FA_MoE.py - {'step': '433700', 'lr': '0.0002', 'total_loss': '0.025315', 'main_loss': '0.025315', 'time_per_step': '2.20395'}
2025-11-12 01:25:04,996 - train_greyscale_FA_MoE.py - {'step': '433800', 'lr': '0.0002', 'total_loss': '0.0300251', 'main_loss': '0.0300251', 'time_per_step': '2.30077'}
2025-11-12 01:28:53,687 - train_greyscale_FA_MoE.py - {'step': '433900', 'lr': '0.0002', 'total_loss': '0.0217449', 'main_loss': '0.0217449', 'time_per_step': '2.2526'}
2025-11-12 01:32:42,602 - train_greyscale_FA_MoE.py - {'step': '434000', 'lr': '0.0002', 'total_loss': '0.0190023', 'main_loss': '0.0190023', 'time_per_step': '2.23845'}
2025-11-12 01:36:31,249 - train_greyscale_FA_MoE.py - {'step': '434100', 'lr': '0.0002', 'total_loss': '0.0258796', 'main_loss': '0.0258796', 'time_per_step': '2.23431'}
2025-11-12 01:40:19,012 - train_greyscale_FA_MoE.py - {'step': '434200', 'lr': '0.0002', 'total_loss': '0.0306795', 'main_loss': '0.0306795', 'time_per_step': '2.18904'}
2025-11-12 01:44:07,627 - train_greyscale_FA_MoE.py - {'step': '434300', 'lr': '0.0002', 'total_loss': '0.0276787', 'main_loss': '0.0276787', 'time_per_step': '2.19439'}
2025-11-12 01:47:57,153 - train_greyscale_FA_MoE.py - {'step': '434400', 'lr': '0.0002', 'total_loss': '0.0214774', 'main_loss': '0.0214774', 'time_per_step': '2.20803'}
2025-11-12 01:51:46,537 - train_greyscale_FA_MoE.py - {'step': '434500', 'lr': '0.0002', 'total_loss': '0.0312901', 'main_loss': '0.0312901', 'time_per_step': '2.10849'}
2025-11-12 01:55:34,072 - train_greyscale_FA_MoE.py - {'step': '434600', 'lr': '0.0002', 'total_loss': '0.0277418', 'main_loss': '0.0277418', 'time_per_step': '2.11414'}
2025-11-12 01:59:24,200 - train_greyscale_FA_MoE.py - {'step': '434700', 'lr': '0.0002', 'total_loss': '0.031905', 'main_loss': '0.031905', 'time_per_step': '2.33629'}
2025-11-12 02:03:14,428 - train_greyscale_FA_MoE.py - {'step': '434800', 'lr': '0.0002', 'total_loss': '0.0206896', 'main_loss': '0.0206896', 'time_per_step': '2.22233'}
2025-11-12 02:07:03,316 - train_greyscale_FA_MoE.py - {'step': '434900', 'lr': '0.0002', 'total_loss': '0.0238484', 'main_loss': '0.0238484', 'time_per_step': '2.19204'}
2025-11-12 02:10:51,922 - train_greyscale_FA_MoE.py - {'step': '435000', 'lr': '0.0002', 'total_loss': '0.0199079', 'main_loss': '0.0199079', 'time_per_step': '2.22928'}
2025-11-12 02:14:41,094 - train_greyscale_FA_MoE.py - {'step': '435100', 'lr': '0.0002', 'total_loss': '0.0312991', 'main_loss': '0.0312991', 'time_per_step': '2.20843'}
2025-11-12 02:18:30,311 - train_greyscale_FA_MoE.py - {'step': '435200', 'lr': '0.0002', 'total_loss': '0.0307806', 'main_loss': '0.0307806', 'time_per_step': '2.15864'}
2025-11-12 02:22:19,555 - train_greyscale_FA_MoE.py - {'step': '435300', 'lr': '0.0002', 'total_loss': '0.0210524', 'main_loss': '0.0210524', 'time_per_step': '2.22262'}
2025-11-12 02:26:07,151 - train_greyscale_FA_MoE.py - {'step': '435400', 'lr': '0.0002', 'total_loss': '0.0296118', 'main_loss': '0.0296118', 'time_per_step': '2.20647'}
2025-11-12 02:29:56,188 - train_greyscale_FA_MoE.py - {'step': '435500', 'lr': '0.0002', 'total_loss': '0.0219393', 'main_loss': '0.0219393', 'time_per_step': '2.19592'}
2025-11-12 02:33:45,573 - train_greyscale_FA_MoE.py - {'step': '435600', 'lr': '0.0002', 'total_loss': '0.0247632', 'main_loss': '0.0247632', 'time_per_step': '2.23781'}
2025-11-12 02:37:35,519 - train_greyscale_FA_MoE.py - {'step': '435700', 'lr': '0.0002', 'total_loss': '0.0266001', 'main_loss': '0.0266001', 'time_per_step': '2.19223'}
2025-11-12 02:41:23,074 - train_greyscale_FA_MoE.py - {'step': '435800', 'lr': '0.0002', 'total_loss': '0.0297169', 'main_loss': '0.0297169', 'time_per_step': '2.11481'}
2025-11-12 02:45:12,729 - train_greyscale_FA_MoE.py - {'step': '435900', 'lr': '0.0002', 'total_loss': '0.0272773', 'main_loss': '0.0272773', 'time_per_step': '2.17571'}
2025-11-12 02:49:01,103 - train_greyscale_FA_MoE.py - {'step': '436000', 'lr': '0.0002', 'total_loss': '0.0371169', 'main_loss': '0.0371169', 'time_per_step': '2.24346'}
2025-11-12 02:52:50,289 - train_greyscale_FA_MoE.py - {'step': '436100', 'lr': '0.0002', 'total_loss': '0.0225901', 'main_loss': '0.0225901', 'time_per_step': '2.18016'}
2025-11-12 02:56:37,733 - train_greyscale_FA_MoE.py - {'step': '436200', 'lr': '0.0002', 'total_loss': '0.0264381', 'main_loss': '0.0264381', 'time_per_step': '2.16433'}
2025-11-12 03:00:27,355 - train_greyscale_FA_MoE.py - {'step': '436300', 'lr': '0.0002', 'total_loss': '0.0258654', 'main_loss': '0.0258654', 'time_per_step': '2.20522'}
2025-11-12 03:04:18,177 - train_greyscale_FA_MoE.py - {'step': '436400', 'lr': '0.0002', 'total_loss': '0.0300741', 'main_loss': '0.0300741', 'time_per_step': '2.2171'}
2025-11-12 03:08:08,696 - train_greyscale_FA_MoE.py - {'step': '436500', 'lr': '0.0002', 'total_loss': '0.0342355', 'main_loss': '0.0342355', 'time_per_step': '2.17548'}
2025-11-12 03:11:56,018 - train_greyscale_FA_MoE.py - {'step': '436600', 'lr': '0.0002', 'total_loss': '0.027848', 'main_loss': '0.027848', 'time_per_step': '2.20568'}
2025-11-12 03:15:44,961 - train_greyscale_FA_MoE.py - {'step': '436700', 'lr': '0.0002', 'total_loss': '0.0267195', 'main_loss': '0.0267195', 'time_per_step': '2.22646'}
2025-11-12 03:19:33,697 - train_greyscale_FA_MoE.py - {'step': '436800', 'lr': '0.0002', 'total_loss': '0.029618', 'main_loss': '0.029618', 'time_per_step': '2.21156'}
2025-11-12 03:23:22,893 - train_greyscale_FA_MoE.py - {'step': '436900', 'lr': '0.0002', 'total_loss': '0.0262046', 'main_loss': '0.0262046', 'time_per_step': '2.1027'}
2025-11-12 03:27:10,379 - train_greyscale_FA_MoE.py - {'step': '437000', 'lr': '0.0002', 'total_loss': '0.0287268', 'main_loss': '0.0287268', 'time_per_step': '2.08943'}
2025-11-12 03:30:59,704 - train_greyscale_FA_MoE.py - {'step': '437100', 'lr': '0.0002', 'total_loss': '0.0189489', 'main_loss': '0.0189489', 'time_per_step': '2.20316'}
2025-11-12 03:34:48,286 - train_greyscale_FA_MoE.py - {'step': '437200', 'lr': '0.0002', 'total_loss': '0.0296163', 'main_loss': '0.0296163', 'time_per_step': '2.19374'}
2025-11-12 03:38:37,146 - train_greyscale_FA_MoE.py - {'step': '437300', 'lr': '0.0002', 'total_loss': '0.0242902', 'main_loss': '0.0242902', 'time_per_step': '2.21754'}
2025-11-12 03:42:24,757 - train_greyscale_FA_MoE.py - {'step': '437400', 'lr': '0.0002', 'total_loss': '0.026651', 'main_loss': '0.026651', 'time_per_step': '2.2423'}
2025-11-12 03:46:13,505 - train_greyscale_FA_MoE.py - {'step': '437500', 'lr': '0.0002', 'total_loss': '0.032365', 'main_loss': '0.032365', 'time_per_step': '2.20294'}
2025-11-12 03:50:01,918 - train_greyscale_FA_MoE.py - {'step': '437600', 'lr': '0.0002', 'total_loss': '0.0306435', 'main_loss': '0.0306435', 'time_per_step': '2.24576'}
2025-11-12 03:53:50,937 - train_greyscale_FA_MoE.py - {'step': '437700', 'lr': '0.0002', 'total_loss': '0.0224493', 'main_loss': '0.0224493', 'time_per_step': '2.19938'}
2025-11-12 03:57:38,571 - train_greyscale_FA_MoE.py - {'step': '437800', 'lr': '0.0002', 'total_loss': '0.0247962', 'main_loss': '0.0247962', 'time_per_step': '2.1703'}
2025-11-12 04:01:27,329 - train_greyscale_FA_MoE.py - {'step': '437900', 'lr': '0.0002', 'total_loss': '0.0231456', 'main_loss': '0.0231456', 'time_per_step': '2.20124'}
2025-11-12 04:05:16,890 - train_greyscale_FA_MoE.py - {'step': '438000', 'lr': '0.0002', 'total_loss': '0.0245184', 'main_loss': '0.0245184', 'time_per_step': '2.21474'}
2025-11-12 04:09:05,533 - train_greyscale_FA_MoE.py - {'step': '438100', 'lr': '0.0002', 'total_loss': '0.0266735', 'main_loss': '0.0266735', 'time_per_step': '2.15814'}
2025-11-12 04:12:52,882 - train_greyscale_FA_MoE.py - {'step': '438200', 'lr': '0.0002', 'total_loss': '0.0247538', 'main_loss': '0.0247538', 'time_per_step': '2.10825'}
2025-11-12 04:16:43,168 - train_greyscale_FA_MoE.py - {'step': '438300', 'lr': '0.0002', 'total_loss': '0.0210992', 'main_loss': '0.0210992', 'time_per_step': '2.19464'}
2025-11-12 04:20:32,037 - train_greyscale_FA_MoE.py - {'step': '438400', 'lr': '0.0002', 'total_loss': '0.0199743', 'main_loss': '0.0199743', 'time_per_step': '2.20218'}
2025-11-12 04:24:20,457 - train_greyscale_FA_MoE.py - {'step': '438500', 'lr': '0.0002', 'total_loss': '0.029177', 'main_loss': '0.029177', 'time_per_step': '2.15652'}
2025-11-12 04:28:08,006 - train_greyscale_FA_MoE.py - {'step': '438600', 'lr': '0.0002', 'total_loss': '0.0211231', 'main_loss': '0.0211231', 'time_per_step': '2.24003'}
2025-11-12 04:31:57,001 - train_greyscale_FA_MoE.py - {'step': '438700', 'lr': '0.0002', 'total_loss': '0.0291601', 'main_loss': '0.0291601', 'time_per_step': '2.21796'}
2025-11-12 04:35:45,962 - train_greyscale_FA_MoE.py - {'step': '438800', 'lr': '0.0002', 'total_loss': '0.0245945', 'main_loss': '0.0245945', 'time_per_step': '2.19681'}
2025-11-12 04:39:34,939 - train_greyscale_FA_MoE.py - {'step': '438900', 'lr': '0.0002', 'total_loss': '0.0218179', 'main_loss': '0.0218179', 'time_per_step': '2.25755'}
2025-11-12 04:43:22,385 - train_greyscale_FA_MoE.py - {'step': '439000', 'lr': '0.0002', 'total_loss': '0.025744', 'main_loss': '0.025744', 'time_per_step': '2.20541'}
2025-11-12 04:47:10,946 - train_greyscale_FA_MoE.py - {'step': '439100', 'lr': '0.0002', 'total_loss': '0.0283687', 'main_loss': '0.0283687', 'time_per_step': '2.20512'}
2025-11-12 04:50:59,776 - train_greyscale_FA_MoE.py - {'step': '439200', 'lr': '0.0002', 'total_loss': '0.0211292', 'main_loss': '0.0211292', 'time_per_step': '2.19652'}
2025-11-12 04:54:48,620 - train_greyscale_FA_MoE.py - {'step': '439300', 'lr': '0.0002', 'total_loss': '0.0238593', 'main_loss': '0.0238593', 'time_per_step': '2.10899'}
2025-11-12 04:58:35,659 - train_greyscale_FA_MoE.py - {'step': '439400', 'lr': '0.0002', 'total_loss': '0.0346465', 'main_loss': '0.0346465', 'time_per_step': '2.17882'}
2025-11-12 05:02:26,163 - train_greyscale_FA_MoE.py - {'step': '439500', 'lr': '0.0002', 'total_loss': '0.0298809', 'main_loss': '0.0298809', 'time_per_step': '2.19505'}
2025-11-12 05:06:14,653 - train_greyscale_FA_MoE.py - {'step': '439600', 'lr': '0.0002', 'total_loss': '0.0262701', 'main_loss': '0.0262701', 'time_per_step': '2.21708'}
2025-11-12 05:10:03,400 - train_greyscale_FA_MoE.py - {'step': '439700', 'lr': '0.0002', 'total_loss': '0.0311002', 'main_loss': '0.0311002', 'time_per_step': '2.21776'}
2025-11-12 05:13:51,224 - train_greyscale_FA_MoE.py - {'step': '439800', 'lr': '0.0002', 'total_loss': '0.0239271', 'main_loss': '0.0239271', 'time_per_step': '2.23943'}
2025-11-12 05:17:39,641 - train_greyscale_FA_MoE.py - {'step': '439900', 'lr': '0.0002', 'total_loss': '0.0228177', 'main_loss': '0.0228177', 'time_per_step': '2.25465'}
2025-11-12 05:21:28,718 - train_greyscale_FA_MoE.py - {'step': '440000', 'lr': '0.0002', 'total_loss': '0.0240929', 'main_loss': '0.0240929', 'time_per_step': '2.21782'}
2025-11-12 05:25:17,815 - train_greyscale_FA_MoE.py - {'step': '440100', 'lr': '0.0002', 'total_loss': '0.0242004', 'main_loss': '0.0242004', 'time_per_step': '2.20762'}
2025-11-12 05:29:05,527 - train_greyscale_FA_MoE.py - {'step': '440200', 'lr': '0.0002', 'total_loss': '0.0264793', 'main_loss': '0.0264793', 'time_per_step': '2.24081'}
2025-11-12 05:32:54,702 - train_greyscale_FA_MoE.py - {'step': '440300', 'lr': '0.0002', 'total_loss': '0.0252999', 'main_loss': '0.0252999', 'time_per_step': '2.25879'}
2025-11-12 05:36:43,069 - train_greyscale_FA_MoE.py - {'step': '440400', 'lr': '0.0002', 'total_loss': '0.0195712', 'main_loss': '0.0195712', 'time_per_step': '2.22286'}
2025-11-12 05:40:31,828 - train_greyscale_FA_MoE.py - {'step': '440500', 'lr': '0.0002', 'total_loss': '0.0243063', 'main_loss': '0.0243063', 'time_per_step': '2.11545'}
2025-11-12 05:44:18,781 - train_greyscale_FA_MoE.py - {'step': '440600', 'lr': '0.0002', 'total_loss': '0.0284547', 'main_loss': '0.0284547', 'time_per_step': '2.10692'}
2025-11-12 05:48:08,685 - train_greyscale_FA_MoE.py - {'step': '440700', 'lr': '0.0002', 'total_loss': '0.022156', 'main_loss': '0.022156', 'time_per_step': '2.1957'}
2025-11-12 05:51:57,243 - train_greyscale_FA_MoE.py - {'step': '440800', 'lr': '0.0002', 'total_loss': '0.0271356', 'main_loss': '0.0271356', 'time_per_step': '2.20742'}
2025-11-12 05:55:46,144 - train_greyscale_FA_MoE.py - {'step': '440900', 'lr': '0.0002', 'total_loss': '0.0225855', 'main_loss': '0.0225855', 'time_per_step': '2.22538'}
2025-11-12 05:59:33,859 - train_greyscale_FA_MoE.py - {'step': '441000', 'lr': '0.0002', 'total_loss': '0.027688', 'main_loss': '0.027688', 'time_per_step': '2.20155'}
2025-11-12 06:03:24,142 - train_greyscale_FA_MoE.py - {'step': '441100', 'lr': '0.0002', 'total_loss': '0.0277739', 'main_loss': '0.0277739', 'time_per_step': '2.35182'}
2025-11-12 06:07:12,642 - train_greyscale_FA_MoE.py - {'step': '441200', 'lr': '0.0002', 'total_loss': '0.0259783', 'main_loss': '0.0259783', 'time_per_step': '2.23271'}
2025-11-12 06:11:02,025 - train_greyscale_FA_MoE.py - {'step': '441300', 'lr': '0.0002', 'total_loss': '0.023544', 'main_loss': '0.023544', 'time_per_step': '2.22833'}
2025-11-12 06:14:49,589 - train_greyscale_FA_MoE.py - {'step': '441400', 'lr': '0.0002', 'total_loss': '0.0266787', 'main_loss': '0.0266787', 'time_per_step': '2.22874'}
2025-11-12 06:18:40,197 - train_greyscale_FA_MoE.py - {'step': '441500', 'lr': '0.0002', 'total_loss': '0.0210792', 'main_loss': '0.0210792', 'time_per_step': '2.20035'}
2025-11-12 06:22:28,159 - train_greyscale_FA_MoE.py - {'step': '441600', 'lr': '0.0002', 'total_loss': '0.0211158', 'main_loss': '0.0211158', 'time_per_step': '2.20918'}
2025-11-12 06:26:16,848 - train_greyscale_FA_MoE.py - {'step': '441700', 'lr': '0.0002', 'total_loss': '0.0220015', 'main_loss': '0.0220015', 'time_per_step': '2.13202'}
2025-11-12 06:30:05,337 - train_greyscale_FA_MoE.py - {'step': '441800', 'lr': '0.0002', 'total_loss': '0.0279195', 'main_loss': '0.0279195', 'time_per_step': '3.57197'}
2025-11-12 06:33:53,021 - train_greyscale_FA_MoE.py - {'step': '441900', 'lr': '0.0002', 'total_loss': '0.0263716', 'main_loss': '0.0263716', 'time_per_step': '2.23883'}
2025-11-12 06:37:42,028 - train_greyscale_FA_MoE.py - {'step': '442000', 'lr': '0.0002', 'total_loss': '0.0213656', 'main_loss': '0.0213656', 'time_per_step': '2.23332'}
2025-11-12 06:41:31,226 - train_greyscale_FA_MoE.py - {'step': '442100', 'lr': '0.0002', 'total_loss': '0.0252023', 'main_loss': '0.0252023', 'time_per_step': '2.22262'}
2025-11-12 06:45:20,140 - train_greyscale_FA_MoE.py - {'step': '442200', 'lr': '0.0002', 'total_loss': '0.0266432', 'main_loss': '0.0266432', 'time_per_step': '2.22235'}
2025-11-12 06:49:07,423 - train_greyscale_FA_MoE.py - {'step': '442300', 'lr': '0.0002', 'total_loss': '0.0256787', 'main_loss': '0.0256787', 'time_per_step': '2.19436'}
2025-11-12 06:52:56,314 - train_greyscale_FA_MoE.py - {'step': '442400', 'lr': '0.0002', 'total_loss': '0.0219834', 'main_loss': '0.0219834', 'time_per_step': '2.20064'}
2025-11-12 06:56:45,415 - train_greyscale_FA_MoE.py - {'step': '442500', 'lr': '0.0002', 'total_loss': '0.0259629', 'main_loss': '0.0259629', 'time_per_step': '2.21647'}
2025-11-12 07:00:34,327 - train_greyscale_FA_MoE.py - {'step': '442600', 'lr': '0.0002', 'total_loss': '0.0200527', 'main_loss': '0.0200527', 'time_per_step': '2.20938'}
2025-11-12 07:04:22,718 - train_greyscale_FA_MoE.py - {'step': '442700', 'lr': '0.0002', 'total_loss': '0.022809', 'main_loss': '0.022809', 'time_per_step': '2.22519'}
2025-11-12 07:08:11,018 - train_greyscale_FA_MoE.py - {'step': '442800', 'lr': '0.0002', 'total_loss': '0.0239651', 'main_loss': '0.0239651', 'time_per_step': '2.21141'}
2025-11-12 07:11:59,635 - train_greyscale_FA_MoE.py - {'step': '442900', 'lr': '0.0002', 'total_loss': '0.0264411', 'main_loss': '0.0264411', 'time_per_step': '2.11051'}
2025-11-12 07:15:48,256 - train_greyscale_FA_MoE.py - {'step': '443000', 'lr': '0.0002', 'total_loss': '0.02497', 'main_loss': '0.02497', 'time_per_step': '2.10716'}
2025-11-12 07:19:36,295 - train_greyscale_FA_MoE.py - {'step': '443100', 'lr': '0.0002', 'total_loss': '0.0214528', 'main_loss': '0.0214528', 'time_per_step': '2.25407'}
2025-11-12 07:23:25,399 - train_greyscale_FA_MoE.py - {'step': '443200', 'lr': '0.0002', 'total_loss': '0.0275287', 'main_loss': '0.0275287', 'time_per_step': '2.21289'}
2025-11-12 07:27:13,987 - train_greyscale_FA_MoE.py - {'step': '443300', 'lr': '0.0002', 'total_loss': '0.0285565', 'main_loss': '0.0285565', 'time_per_step': '2.2262'}
2025-11-12 07:31:02,908 - train_greyscale_FA_MoE.py - {'step': '443400', 'lr': '0.0002', 'total_loss': '0.0255423', 'main_loss': '0.0255423', 'time_per_step': '2.20039'}
2025-11-12 07:34:59,304 - train_greyscale_FA_MoE.py - {'step': '443500', 'lr': '0.0002', 'total_loss': '0.0284205', 'main_loss': '0.0284205', 'time_per_step': '2.2459'}
2025-11-12 07:38:49,404 - train_greyscale_FA_MoE.py - {'step': '443600', 'lr': '0.0002', 'total_loss': '0.0275177', 'main_loss': '0.0275177', 'time_per_step': '2.20604'}
2025-11-12 07:42:52,706 - train_greyscale_FA_MoE.py - {'step': '443700', 'lr': '0.0002', 'total_loss': '0.0299624', 'main_loss': '0.0299624', 'time_per_step': '2.21677'}
2025-11-12 07:46:48,333 - train_greyscale_FA_MoE.py - {'step': '443800', 'lr': '0.0002', 'total_loss': '0.025328', 'main_loss': '0.025328', 'time_per_step': '2.21764'}
2025-11-12 07:50:36,072 - train_greyscale_FA_MoE.py - {'step': '443900', 'lr': '0.0002', 'total_loss': '0.0262374', 'main_loss': '0.0262374', 'time_per_step': '2.24653'}
2025-11-12 07:54:25,011 - train_greyscale_FA_MoE.py - {'step': '444000', 'lr': '0.0002', 'total_loss': '0.0241495', 'main_loss': '0.0241495', 'time_per_step': '2.19555'}
2025-11-12 07:58:14,184 - train_greyscale_FA_MoE.py - {'step': '444100', 'lr': '0.0002', 'total_loss': '0.0228479', 'main_loss': '0.0228479', 'time_per_step': '2.11092'}
2025-11-12 08:02:03,233 - train_greyscale_FA_MoE.py - {'step': '444200', 'lr': '0.0002', 'total_loss': '0.0258438', 'main_loss': '0.0258438', 'time_per_step': '2.10623'}
2025-11-12 08:05:51,665 - train_greyscale_FA_MoE.py - {'step': '444300', 'lr': '0.0002', 'total_loss': '0.0269325', 'main_loss': '0.0269325', 'time_per_step': '2.21412'}
2025-11-12 08:09:40,418 - train_greyscale_FA_MoE.py - {'step': '444400', 'lr': '0.0002', 'total_loss': '0.0267692', 'main_loss': '0.0267692', 'time_per_step': '2.24008'}
2025-11-12 08:13:29,354 - train_greyscale_FA_MoE.py - {'step': '444500', 'lr': '0.0002', 'total_loss': '0.0184979', 'main_loss': '0.0184979', 'time_per_step': '2.22351'}
2025-11-12 08:17:18,349 - train_greyscale_FA_MoE.py - {'step': '444600', 'lr': '0.0002', 'total_loss': '0.0174546', 'main_loss': '0.0174546', 'time_per_step': '2.23509'}
2025-11-12 08:21:05,970 - train_greyscale_FA_MoE.py - {'step': '444700', 'lr': '0.0002', 'total_loss': '0.0198678', 'main_loss': '0.0198678', 'time_per_step': '2.26746'}
2025-11-12 08:24:54,795 - train_greyscale_FA_MoE.py - {'step': '444800', 'lr': '0.0002', 'total_loss': '0.0261777', 'main_loss': '0.0261777', 'time_per_step': '2.22604'}
2025-11-12 08:28:43,646 - train_greyscale_FA_MoE.py - {'step': '444900', 'lr': '0.0002', 'total_loss': '0.0228895', 'main_loss': '0.0228895', 'time_per_step': '2.23189'}
2025-11-12 08:32:31,879 - train_greyscale_FA_MoE.py - {'step': '445000', 'lr': '0.0002', 'total_loss': '0.0231452', 'main_loss': '0.0231452', 'time_per_step': '2.22565'}
2025-11-12 08:36:19,885 - train_greyscale_FA_MoE.py - {'step': '445100', 'lr': '0.0002', 'total_loss': '0.0313462', 'main_loss': '0.0313462', 'time_per_step': '2.19913'}
2025-11-12 08:40:08,298 - train_greyscale_FA_MoE.py - {'step': '445200', 'lr': '0.0002', 'total_loss': '0.0269907', 'main_loss': '0.0269907', 'time_per_step': '2.21619'}
2025-11-12 08:43:56,666 - train_greyscale_FA_MoE.py - {'step': '445300', 'lr': '0.0002', 'total_loss': '0.0252915', 'main_loss': '0.0252915', 'time_per_step': '2.10682'}
2025-11-12 08:47:45,321 - train_greyscale_FA_MoE.py - {'step': '445400', 'lr': '0.0002', 'total_loss': '0.0309985', 'main_loss': '0.0309985', 'time_per_step': '2.10866'}
2025-11-12 08:51:33,264 - train_greyscale_FA_MoE.py - {'step': '445500', 'lr': '0.0002', 'total_loss': '0.0249119', 'main_loss': '0.0249119', 'time_per_step': '2.21505'}
2025-11-12 08:55:22,402 - train_greyscale_FA_MoE.py - {'step': '445600', 'lr': '0.0002', 'total_loss': '0.0253044', 'main_loss': '0.0253044', 'time_per_step': '2.22819'}
2025-11-12 08:59:11,245 - train_greyscale_FA_MoE.py - {'step': '445700', 'lr': '0.0002', 'total_loss': '0.0258621', 'main_loss': '0.0258621', 'time_per_step': '2.20033'}
2025-11-12 09:03:00,332 - train_greyscale_FA_MoE.py - {'step': '445800', 'lr': '0.0002', 'total_loss': '0.0281153', 'main_loss': '0.0281153', 'time_per_step': '2.20404'}
2025-11-12 09:06:47,888 - train_greyscale_FA_MoE.py - {'step': '445900', 'lr': '0.0002', 'total_loss': '0.02445', 'main_loss': '0.02445', 'time_per_step': '2.2114'}
2025-11-12 09:10:36,906 - train_greyscale_FA_MoE.py - {'step': '446000', 'lr': '0.0002', 'total_loss': '0.0244509', 'main_loss': '0.0244509', 'time_per_step': '2.2184'}
2025-11-12 09:14:25,683 - train_greyscale_FA_MoE.py - {'step': '446100', 'lr': '0.0002', 'total_loss': '0.0236519', 'main_loss': '0.0236519', 'time_per_step': '2.17356'}
2025-11-12 09:18:14,398 - train_greyscale_FA_MoE.py - {'step': '446200', 'lr': '0.0002', 'total_loss': '0.0257968', 'main_loss': '0.0257968', 'time_per_step': '2.20456'}
2025-11-12 09:22:01,758 - train_greyscale_FA_MoE.py - {'step': '446300', 'lr': '0.0002', 'total_loss': '0.025892', 'main_loss': '0.025892', 'time_per_step': '2.24101'}
2025-11-12 09:25:50,601 - train_greyscale_FA_MoE.py - {'step': '446400', 'lr': '0.0002', 'total_loss': '0.030481', 'main_loss': '0.030481', 'time_per_step': '2.23881'}
2025-11-12 09:29:39,631 - train_greyscale_FA_MoE.py - {'step': '446500', 'lr': '0.0002', 'total_loss': '0.0266883', 'main_loss': '0.0266883', 'time_per_step': '2.10205'}
2025-11-12 09:33:28,043 - train_greyscale_FA_MoE.py - {'step': '446600', 'lr': '0.0002', 'total_loss': '0.0278924', 'main_loss': '0.0278924', 'time_per_step': '2.10588'}
2025-11-12 09:37:16,130 - train_greyscale_FA_MoE.py - {'step': '446700', 'lr': '0.0002', 'total_loss': '0.0263588', 'main_loss': '0.0263588', 'time_per_step': '2.21914'}
2025-11-12 09:41:05,081 - train_greyscale_FA_MoE.py - {'step': '446800', 'lr': '0.0002', 'total_loss': '0.0246718', 'main_loss': '0.0246718', 'time_per_step': '2.28172'}
2025-11-12 09:44:53,614 - train_greyscale_FA_MoE.py - {'step': '446900', 'lr': '0.0002', 'total_loss': '0.0237487', 'main_loss': '0.0237487', 'time_per_step': '2.23213'}
2025-11-12 09:48:42,853 - train_greyscale_FA_MoE.py - {'step': '447000', 'lr': '0.0002', 'total_loss': '0.0269763', 'main_loss': '0.0269763', 'time_per_step': '2.19725'}
2025-11-12 09:52:30,481 - train_greyscale_FA_MoE.py - {'step': '447100', 'lr': '0.0002', 'total_loss': '0.0253523', 'main_loss': '0.0253523', 'time_per_step': '2.22542'}
2025-11-12 09:56:18,383 - train_greyscale_FA_MoE.py - {'step': '447200', 'lr': '0.0002', 'total_loss': '0.0274344', 'main_loss': '0.0274344', 'time_per_step': '2.21333'}
2025-11-12 10:00:07,202 - train_greyscale_FA_MoE.py - {'step': '447300', 'lr': '0.0002', 'total_loss': '0.0280392', 'main_loss': '0.0280392', 'time_per_step': '2.20035'}
2025-11-12 10:03:56,659 - train_greyscale_FA_MoE.py - {'step': '447400', 'lr': '0.0002', 'total_loss': '0.0248939', 'main_loss': '0.0248939', 'time_per_step': '2.22081'}
2025-11-12 10:07:44,230 - train_greyscale_FA_MoE.py - {'step': '447500', 'lr': '0.0002', 'total_loss': '0.0301911', 'main_loss': '0.0301911', 'time_per_step': '2.23747'}
2025-11-12 10:11:32,550 - train_greyscale_FA_MoE.py - {'step': '447600', 'lr': '0.0002', 'total_loss': '0.0278535', 'main_loss': '0.0278535', 'time_per_step': '2.17217'}
2025-11-12 10:15:21,109 - train_greyscale_FA_MoE.py - {'step': '447700', 'lr': '0.0002', 'total_loss': '0.0309549', 'main_loss': '0.0309549', 'time_per_step': '2.0946'}
2025-11-12 10:19:08,590 - train_greyscale_FA_MoE.py - {'step': '447800', 'lr': '0.0002', 'total_loss': '0.0220638', 'main_loss': '0.0220638', 'time_per_step': '2.1011'}
2025-11-12 10:22:56,185 - train_greyscale_FA_MoE.py - {'step': '447900', 'lr': '0.0002', 'total_loss': '0.021502', 'main_loss': '0.021502', 'time_per_step': '2.22084'}
2025-11-12 10:26:44,564 - train_greyscale_FA_MoE.py - {'step': '448000', 'lr': '0.0002', 'total_loss': '0.02363', 'main_loss': '0.02363', 'time_per_step': '2.21611'}
2025-11-12 10:30:32,333 - train_greyscale_FA_MoE.py - {'step': '448100', 'lr': '0.0002', 'total_loss': '0.0233796', 'main_loss': '0.0233796', 'time_per_step': '2.20035'}
2025-11-12 10:34:20,017 - train_greyscale_FA_MoE.py - {'step': '448200', 'lr': '0.0002', 'total_loss': '0.0269421', 'main_loss': '0.0269421', 'time_per_step': '2.20645'}
2025-11-12 10:38:07,238 - train_greyscale_FA_MoE.py - {'step': '448300', 'lr': '0.0002', 'total_loss': '0.0281798', 'main_loss': '0.0281798', 'time_per_step': '2.22049'}
2025-11-12 10:41:55,743 - train_greyscale_FA_MoE.py - {'step': '448400', 'lr': '0.0002', 'total_loss': '0.0285741', 'main_loss': '0.0285741', 'time_per_step': '2.17375'}
2025-11-12 10:45:43,670 - train_greyscale_FA_MoE.py - {'step': '448500', 'lr': '0.0002', 'total_loss': '0.036026', 'main_loss': '0.036026', 'time_per_step': '2.21154'}
2025-11-12 10:49:31,516 - train_greyscale_FA_MoE.py - {'step': '448600', 'lr': '0.0002', 'total_loss': '0.0206505', 'main_loss': '0.0206505', 'time_per_step': '2.21719'}
2025-11-12 10:53:18,108 - train_greyscale_FA_MoE.py - {'step': '448700', 'lr': '0.0002', 'total_loss': '0.0240175', 'main_loss': '0.0240175', 'time_per_step': '2.20419'}
2025-11-12 10:57:06,171 - train_greyscale_FA_MoE.py - {'step': '448800', 'lr': '0.0002', 'total_loss': '0.0244282', 'main_loss': '0.0244282', 'time_per_step': '2.26391'}
2025-11-12 11:00:53,385 - train_greyscale_FA_MoE.py - {'step': '448900', 'lr': '0.0002', 'total_loss': '0.0213054', 'main_loss': '0.0213054', 'time_per_step': '2.10477'}
2025-11-12 11:04:42,144 - train_greyscale_FA_MoE.py - {'step': '449000', 'lr': '0.0002', 'total_loss': '0.0237624', 'main_loss': '0.0237624', 'time_per_step': '2.12927'}
2025-11-12 11:08:29,696 - train_greyscale_FA_MoE.py - {'step': '449100', 'lr': '0.0002', 'total_loss': '0.0316889', 'main_loss': '0.0316889', 'time_per_step': '2.20187'}
2025-11-12 11:12:17,850 - train_greyscale_FA_MoE.py - {'step': '449200', 'lr': '0.0002', 'total_loss': '0.0287878', 'main_loss': '0.0287878', 'time_per_step': '2.20692'}
2025-11-12 11:16:05,685 - train_greyscale_FA_MoE.py - {'step': '449300', 'lr': '0.0002', 'total_loss': '0.0210747', 'main_loss': '0.0210747', 'time_per_step': '2.24586'}
2025-11-12 11:19:54,279 - train_greyscale_FA_MoE.py - {'step': '449400', 'lr': '0.0002', 'total_loss': '0.025855', 'main_loss': '0.025855', 'time_per_step': '2.20632'}
2025-11-12 11:23:41,357 - train_greyscale_FA_MoE.py - {'step': '449500', 'lr': '0.0002', 'total_loss': '0.0248259', 'main_loss': '0.0248259', 'time_per_step': '2.21955'}
2025-11-12 11:27:29,613 - train_greyscale_FA_MoE.py - {'step': '449600', 'lr': '0.0002', 'total_loss': '0.0273568', 'main_loss': '0.0273568', 'time_per_step': '2.22309'}
2025-11-12 11:31:20,919 - train_greyscale_FA_MoE.py - {'step': '449700', 'lr': '0.0002', 'total_loss': '0.02448', 'main_loss': '0.02448', 'time_per_step': '2.24612'}
2025-11-12 11:35:11,031 - train_greyscale_FA_MoE.py - {'step': '449800', 'lr': '0.0002', 'total_loss': '0.0291316', 'main_loss': '0.0291316', 'time_per_step': '2.25258'}
2025-11-12 11:38:59,895 - train_greyscale_FA_MoE.py - {'step': '449900', 'lr': '0.0002', 'total_loss': '0.0223389', 'main_loss': '0.0223389', 'time_per_step': '2.20861'}
2025-11-12 11:42:49,462 - train_greyscale_FA_MoE.py - {'step': '450000', 'lr': '0.0002', 'total_loss': '0.0187676', 'main_loss': '0.0187676', 'time_per_step': '2.23478'}
2025-11-12 11:42:49,486 - train_greyscale_FA_MoE.py - Saved expert distribution of layer in_block_0 to output/acdc_wholeheart_uncond_fa_ec_moe_greyscale_uvit_mid_4by4_l6r9_minmax/samples/expert_distribution_in_block_0_step450000.npy
2025-11-12 11:42:51,194 - train_greyscale_FA_MoE.py - Saved expert distribution of layer out_block_7 to output/acdc_wholeheart_uncond_fa_ec_moe_greyscale_uvit_mid_4by4_l6r9_minmax/samples/expert_distribution_out_block_7_step450000.npy
2025-11-12 11:42:52,659 - train_greyscale_FA_MoE.py - Save a grid of 16 samples into output/acdc_wholeheart_uncond_fa_ec_moe_greyscale_uvit_mid_4by4_l6r9_minmax/samples/450000.png by DPM-Solver
2025-11-12 11:42:58,378 - train_greyscale_FA_MoE.py - Finished saving sample grid to output/acdc_wholeheart_uncond_fa_ec_moe_greyscale_uvit_mid_4by4_l6r9_minmax/samples/450000.png by DPM-Solver.
2025-11-12 11:42:58,727 - train_greyscale_FA_MoE.py - Save and eval checkpoint 450000...
2025-11-12 11:43:01,142 - train_greyscale_FA_MoE.py - eval_step: n_samples=50000, sample_steps=50, algorithm=dpm_solver, mini_batch_size=500, samples save into output/acdc_wholeheart_uncond_fa_ec_moe_greyscale_uvit_mid_4by4_l6r9_minmax/samples/acdc_wholeheart_uncond_uvit_FA_EC_MoE_greyscale_mid_4by4_450000_dpm
2025-11-12 12:33:11,116 - train_greyscale_FA_MoE.py - step=450000 fid50000=16.562015186869644
2025-11-12 12:33:12,896 - is_lpips.py - Found 50000 samples for IS calculation
2025-11-12 12:36:22,958 - is_lpips.py - Total features shape: (50000, 2048)
2025-11-12 12:36:23,521 - is_lpips.py - Inception Score: 0.0017 ± 0.0000
2025-11-12 12:36:23,529 - train_greyscale_FA_MoE.py - step=450000 IS50000=0.001657183631323278 ± 2.959119910883601e-06
2025-11-12 12:41:50,580 - is_lpips.py - LPIPS: 0.5155 ± 0.0529
2025-11-12 12:41:50,585 - train_greyscale_FA_MoE.py - step=450000 LPIPS50000=0.5154743182185768
2025-11-12 12:47:25,167 - train_greyscale_FA_MoE.py - {'step': '450100', 'lr': '0.0002', 'total_loss': '0.0249337', 'main_loss': '0.0249337', 'time_per_step': '2.08847'}
2025-11-12 12:51:12,544 - train_greyscale_FA_MoE.py - {'step': '450200', 'lr': '0.0002', 'total_loss': '0.0226536', 'main_loss': '0.0226536', 'time_per_step': '2.09618'}
2025-11-12 12:54:59,886 - train_greyscale_FA_MoE.py - {'step': '450300', 'lr': '0.0002', 'total_loss': '0.0230449', 'main_loss': '0.0230449', 'time_per_step': '2.20337'}
2025-11-12 12:58:47,659 - train_greyscale_FA_MoE.py - {'step': '450400', 'lr': '0.0002', 'total_loss': '0.0269616', 'main_loss': '0.0269616', 'time_per_step': '2.20699'}
2025-11-12 13:02:36,669 - train_greyscale_FA_MoE.py - {'step': '450500', 'lr': '0.0002', 'total_loss': '0.0314062', 'main_loss': '0.0314062', 'time_per_step': '2.20094'}
2025-11-12 13:06:25,025 - train_greyscale_FA_MoE.py - {'step': '450600', 'lr': '0.0002', 'total_loss': '0.0259673', 'main_loss': '0.0259673', 'time_per_step': '2.14655'}
2025-11-12 13:10:11,922 - train_greyscale_FA_MoE.py - {'step': '450700', 'lr': '0.0002', 'total_loss': '0.0216113', 'main_loss': '0.0216113', 'time_per_step': '2.17213'}
2025-11-12 13:13:59,299 - train_greyscale_FA_MoE.py - {'step': '450800', 'lr': '0.0002', 'total_loss': '0.0234445', 'main_loss': '0.0234445', 'time_per_step': '2.21332'}
2025-11-12 13:17:47,741 - train_greyscale_FA_MoE.py - {'step': '450900', 'lr': '0.0002', 'total_loss': '0.0240161', 'main_loss': '0.0240161', 'time_per_step': '2.26189'}
2025-11-12 13:21:34,969 - train_greyscale_FA_MoE.py - {'step': '451000', 'lr': '0.0002', 'total_loss': '0.0277766', 'main_loss': '0.0277766', 'time_per_step': '2.22181'}
2025-11-12 13:25:21,677 - train_greyscale_FA_MoE.py - {'step': '451100', 'lr': '0.0002', 'total_loss': '0.0303587', 'main_loss': '0.0303587', 'time_per_step': '2.20971'}
2025-11-12 13:29:09,507 - train_greyscale_FA_MoE.py - {'step': '451200', 'lr': '0.0002', 'total_loss': '0.0243693', 'main_loss': '0.0243693', 'time_per_step': '2.21463'}
2025-11-12 13:32:57,312 - train_greyscale_FA_MoE.py - {'step': '451300', 'lr': '0.0002', 'total_loss': '0.0200866', 'main_loss': '0.0200866', 'time_per_step': '2.0966'}
2025-11-12 13:36:44,289 - train_greyscale_FA_MoE.py - {'step': '451400', 'lr': '0.0002', 'total_loss': '0.0264669', 'main_loss': '0.0264669', 'time_per_step': '2.09357'}
2025-11-12 13:40:31,298 - train_greyscale_FA_MoE.py - {'step': '451500', 'lr': '0.0002', 'total_loss': '0.0198046', 'main_loss': '0.0198046', 'time_per_step': '2.23106'}
2025-11-12 13:44:19,214 - train_greyscale_FA_MoE.py - {'step': '451600', 'lr': '0.0002', 'total_loss': '0.0271468', 'main_loss': '0.0271468', 'time_per_step': '2.21188'}
2025-11-12 13:48:07,491 - train_greyscale_FA_MoE.py - {'step': '451700', 'lr': '0.0002', 'total_loss': '0.0264332', 'main_loss': '0.0264332', 'time_per_step': '2.20638'}
2025-11-12 13:51:54,434 - train_greyscale_FA_MoE.py - {'step': '451800', 'lr': '0.0002', 'total_loss': '0.026833', 'main_loss': '0.026833', 'time_per_step': '2.20758'}
2025-11-12 13:55:41,512 - train_greyscale_FA_MoE.py - {'step': '451900', 'lr': '0.0002', 'total_loss': '0.0249389', 'main_loss': '0.0249389', 'time_per_step': '2.15212'}
2025-11-12 13:59:30,264 - train_greyscale_FA_MoE.py - {'step': '452000', 'lr': '0.0002', 'total_loss': '0.0284779', 'main_loss': '0.0284779', 'time_per_step': '2.22377'}
2025-11-12 14:03:19,412 - train_greyscale_FA_MoE.py - {'step': '452100', 'lr': '0.0002', 'total_loss': '0.0286905', 'main_loss': '0.0286905', 'time_per_step': '2.2206'}
2025-11-12 14:07:08,336 - train_greyscale_FA_MoE.py - {'step': '452200', 'lr': '0.0002', 'total_loss': '0.0181939', 'main_loss': '0.0181939', 'time_per_step': '2.2079'}
2025-11-12 14:10:56,440 - train_greyscale_FA_MoE.py - {'step': '452300', 'lr': '0.0002', 'total_loss': '0.0241916', 'main_loss': '0.0241916', 'time_per_step': '2.21775'}
2025-11-12 14:14:44,783 - train_greyscale_FA_MoE.py - {'step': '452400', 'lr': '0.0002', 'total_loss': '0.0289266', 'main_loss': '0.0289266', 'time_per_step': '2.18585'}
2025-11-12 14:18:32,460 - train_greyscale_FA_MoE.py - {'step': '452500', 'lr': '0.0002', 'total_loss': '0.0266674', 'main_loss': '0.0266674', 'time_per_step': '2.10788'}
2025-11-12 14:22:20,047 - train_greyscale_FA_MoE.py - {'step': '452600', 'lr': '0.0002', 'total_loss': '0.0236911', 'main_loss': '0.0236911', 'time_per_step': '2.0959'}
2025-11-12 14:26:06,847 - train_greyscale_FA_MoE.py - {'step': '452700', 'lr': '0.0002', 'total_loss': '0.0346134', 'main_loss': '0.0346134', 'time_per_step': '2.15083'}
2025-11-12 14:29:54,214 - train_greyscale_FA_MoE.py - {'step': '452800', 'lr': '0.0002', 'total_loss': '0.0328454', 'main_loss': '0.0328454', 'time_per_step': '2.19956'}
2025-11-12 14:33:42,483 - train_greyscale_FA_MoE.py - {'step': '452900', 'lr': '0.0002', 'total_loss': '0.0272672', 'main_loss': '0.0272672', 'time_per_step': '2.20833'}
2025-11-12 14:37:30,088 - train_greyscale_FA_MoE.py - {'step': '453000', 'lr': '0.0002', 'total_loss': '0.0287295', 'main_loss': '0.0287295', 'time_per_step': '2.15395'}
2025-11-12 14:41:16,830 - train_greyscale_FA_MoE.py - {'step': '453100', 'lr': '0.0002', 'total_loss': '0.0256696', 'main_loss': '0.0256696', 'time_per_step': '2.1942'}
2025-11-12 14:45:04,755 - train_greyscale_FA_MoE.py - {'step': '453200', 'lr': '0.0002', 'total_loss': '0.0295966', 'main_loss': '0.0295966', 'time_per_step': '2.23582'}
2025-11-12 14:48:53,106 - train_greyscale_FA_MoE.py - {'step': '453300', 'lr': '0.0002', 'total_loss': '0.022139', 'main_loss': '0.022139', 'time_per_step': '2.22513'}
2025-11-12 14:52:40,862 - train_greyscale_FA_MoE.py - {'step': '453400', 'lr': '0.0002', 'total_loss': '0.0250173', 'main_loss': '0.0250173', 'time_per_step': '2.21081'}
2025-11-12 14:56:27,297 - train_greyscale_FA_MoE.py - {'step': '453500', 'lr': '0.0002', 'total_loss': '0.0251188', 'main_loss': '0.0251188', 'time_per_step': '2.16583'}
2025-11-12 15:00:14,554 - train_greyscale_FA_MoE.py - {'step': '453600', 'lr': '0.0002', 'total_loss': '0.0251263', 'main_loss': '0.0251263', 'time_per_step': '2.15014'}
2025-11-12 15:04:03,561 - train_greyscale_FA_MoE.py - {'step': '453700', 'lr': '0.0002', 'total_loss': '0.0271231', 'main_loss': '0.0271231', 'time_per_step': '2.09537'}
2025-11-12 15:07:51,682 - train_greyscale_FA_MoE.py - {'step': '453800', 'lr': '0.0002', 'total_loss': '0.0306938', 'main_loss': '0.0306938', 'time_per_step': '2.09857'}
2025-11-12 15:11:38,976 - train_greyscale_FA_MoE.py - {'step': '453900', 'lr': '0.0002', 'total_loss': '0.022882', 'main_loss': '0.022882', 'time_per_step': '2.21285'}
2025-11-12 15:15:26,844 - train_greyscale_FA_MoE.py - {'step': '454000', 'lr': '0.0002', 'total_loss': '0.0287359', 'main_loss': '0.0287359', 'time_per_step': '2.21544'}
2025-11-12 15:19:14,642 - train_greyscale_FA_MoE.py - {'step': '454100', 'lr': '0.0002', 'total_loss': '0.0233913', 'main_loss': '0.0233913', 'time_per_step': '2.23661'}
2025-11-12 15:23:02,562 - train_greyscale_FA_MoE.py - {'step': '454200', 'lr': '0.0002', 'total_loss': '0.0208521', 'main_loss': '0.0208521', 'time_per_step': '2.19673'}
2025-11-12 15:26:49,593 - train_greyscale_FA_MoE.py - {'step': '454300', 'lr': '0.0002', 'total_loss': '0.025646', 'main_loss': '0.025646', 'time_per_step': '2.223'}
2025-11-12 15:30:36,872 - train_greyscale_FA_MoE.py - {'step': '454400', 'lr': '0.0002', 'total_loss': '0.0251063', 'main_loss': '0.0251063', 'time_per_step': '2.15751'}
2025-11-12 15:34:24,784 - train_greyscale_FA_MoE.py - {'step': '454500', 'lr': '0.0002', 'total_loss': '0.0268112', 'main_loss': '0.0268112', 'time_per_step': '2.25778'}
2025-11-12 15:38:12,921 - train_greyscale_FA_MoE.py - {'step': '454600', 'lr': '0.0002', 'total_loss': '0.0261209', 'main_loss': '0.0261209', 'time_per_step': '2.20143'}
2025-11-12 15:42:00,137 - train_greyscale_FA_MoE.py - {'step': '454700', 'lr': '0.0002', 'total_loss': '0.0239796', 'main_loss': '0.0239796', 'time_per_step': '2.19731'}
2025-11-12 15:45:49,285 - train_greyscale_FA_MoE.py - {'step': '454800', 'lr': '0.0002', 'total_loss': '0.029125', 'main_loss': '0.029125', 'time_per_step': '2.21452'}
2025-11-12 15:49:37,763 - train_greyscale_FA_MoE.py - {'step': '454900', 'lr': '0.0002', 'total_loss': '0.0217326', 'main_loss': '0.0217326', 'time_per_step': '2.09574'}
2025-11-12 15:53:25,304 - train_greyscale_FA_MoE.py - {'step': '455000', 'lr': '0.0002', 'total_loss': '0.0253336', 'main_loss': '0.0253336', 'time_per_step': '2.08344'}
2025-11-12 15:57:13,258 - train_greyscale_FA_MoE.py - {'step': '455100', 'lr': '0.0002', 'total_loss': '0.0288145', 'main_loss': '0.0288145', 'time_per_step': '2.2027'}
2025-11-12 16:01:01,891 - train_greyscale_FA_MoE.py - {'step': '455200', 'lr': '0.0002', 'total_loss': '0.0245236', 'main_loss': '0.0245236', 'time_per_step': '2.23495'}
2025-11-12 16:04:50,648 - train_greyscale_FA_MoE.py - {'step': '455300', 'lr': '0.0002', 'total_loss': '0.0238584', 'main_loss': '0.0238584', 'time_per_step': '2.20838'}
2025-11-12 16:08:39,060 - train_greyscale_FA_MoE.py - {'step': '455400', 'lr': '0.0002', 'total_loss': '0.0261293', 'main_loss': '0.0261293', 'time_per_step': '2.17164'}
2025-11-12 16:12:25,831 - train_greyscale_FA_MoE.py - {'step': '455500', 'lr': '0.0002', 'total_loss': '0.0273287', 'main_loss': '0.0273287', 'time_per_step': '2.20873'}
2025-11-12 16:16:13,751 - train_greyscale_FA_MoE.py - {'step': '455600', 'lr': '0.0002', 'total_loss': '0.0272206', 'main_loss': '0.0272206', 'time_per_step': '2.21762'}
2025-11-12 16:20:02,852 - train_greyscale_FA_MoE.py - {'step': '455700', 'lr': '0.0002', 'total_loss': '0.0262974', 'main_loss': '0.0262974', 'time_per_step': '2.20005'}
2025-11-12 16:23:51,806 - train_greyscale_FA_MoE.py - {'step': '455800', 'lr': '0.0002', 'total_loss': '0.028812', 'main_loss': '0.028812', 'time_per_step': '2.21057'}
2025-11-12 16:27:36,881 - train_greyscale_FA_MoE.py - {'step': '455900', 'lr': '0.0002', 'total_loss': '0.027049', 'main_loss': '0.027049', 'time_per_step': '2.19581'}
2025-11-12 16:31:24,489 - train_greyscale_FA_MoE.py - {'step': '456000', 'lr': '0.0002', 'total_loss': '0.0276546', 'main_loss': '0.0276546', 'time_per_step': '2.39171'}
2025-11-12 16:35:12,534 - train_greyscale_FA_MoE.py - {'step': '456100', 'lr': '0.0002', 'total_loss': '0.0266959', 'main_loss': '0.0266959', 'time_per_step': '2.10783'}
2025-11-12 16:39:00,754 - train_greyscale_FA_MoE.py - {'step': '456200', 'lr': '0.0002', 'total_loss': '0.0267108', 'main_loss': '0.0267108', 'time_per_step': '2.11072'}
2025-11-12 16:42:48,625 - train_greyscale_FA_MoE.py - {'step': '456300', 'lr': '0.0002', 'total_loss': '0.0279062', 'main_loss': '0.0279062', 'time_per_step': '2.20937'}
2025-11-12 16:46:36,561 - train_greyscale_FA_MoE.py - {'step': '456400', 'lr': '0.0002', 'total_loss': '0.0234196', 'main_loss': '0.0234196', 'time_per_step': '2.25313'}
2025-11-12 16:50:25,136 - train_greyscale_FA_MoE.py - {'step': '456500', 'lr': '0.0002', 'total_loss': '0.0256911', 'main_loss': '0.0256911', 'time_per_step': '2.20246'}
2025-11-12 16:54:13,794 - train_greyscale_FA_MoE.py - {'step': '456600', 'lr': '0.0002', 'total_loss': '0.0263592', 'main_loss': '0.0263592', 'time_per_step': '2.22256'}
2025-11-12 16:58:00,380 - train_greyscale_FA_MoE.py - {'step': '456700', 'lr': '0.0002', 'total_loss': '0.0277389', 'main_loss': '0.0277389', 'time_per_step': '2.20182'}
2025-11-12 17:01:48,567 - train_greyscale_FA_MoE.py - {'step': '456800', 'lr': '0.0002', 'total_loss': '0.027691', 'main_loss': '0.027691', 'time_per_step': '2.21047'}
2025-11-12 17:05:37,162 - train_greyscale_FA_MoE.py - {'step': '456900', 'lr': '0.0002', 'total_loss': '0.022985', 'main_loss': '0.022985', 'time_per_step': '2.24465'}
2025-11-12 17:09:25,347 - train_greyscale_FA_MoE.py - {'step': '457000', 'lr': '0.0002', 'total_loss': '0.0216073', 'main_loss': '0.0216073', 'time_per_step': '2.23231'}
2025-11-12 17:13:12,382 - train_greyscale_FA_MoE.py - {'step': '457100', 'lr': '0.0002', 'total_loss': '0.0291583', 'main_loss': '0.0291583', 'time_per_step': '2.22097'}
2025-11-12 17:17:00,703 - train_greyscale_FA_MoE.py - {'step': '457200', 'lr': '0.0002', 'total_loss': '0.0221963', 'main_loss': '0.0221963', 'time_per_step': '2.22292'}
2025-11-12 17:20:49,352 - train_greyscale_FA_MoE.py - {'step': '457300', 'lr': '0.0002', 'total_loss': '0.027449', 'main_loss': '0.027449', 'time_per_step': '2.14166'}
2025-11-12 17:24:37,737 - train_greyscale_FA_MoE.py - {'step': '457400', 'lr': '0.0002', 'total_loss': '0.0204729', 'main_loss': '0.0204729', 'time_per_step': '2.09682'}
2025-11-12 17:28:25,552 - train_greyscale_FA_MoE.py - {'step': '457500', 'lr': '0.0002', 'total_loss': '0.0291334', 'main_loss': '0.0291334', 'time_per_step': '2.24354'}
2025-11-12 17:32:14,439 - train_greyscale_FA_MoE.py - {'step': '457600', 'lr': '0.0002', 'total_loss': '0.0263674', 'main_loss': '0.0263674', 'time_per_step': '2.21216'}
2025-11-12 17:36:03,196 - train_greyscale_FA_MoE.py - {'step': '457700', 'lr': '0.0002', 'total_loss': '0.0246986', 'main_loss': '0.0246986', 'time_per_step': '2.20188'}
2025-11-12 17:39:51,806 - train_greyscale_FA_MoE.py - {'step': '457800', 'lr': '0.0002', 'total_loss': '0.0211367', 'main_loss': '0.0211367', 'time_per_step': '2.20599'}
2025-11-12 17:43:38,684 - train_greyscale_FA_MoE.py - {'step': '457900', 'lr': '0.0002', 'total_loss': '0.0232314', 'main_loss': '0.0232314', 'time_per_step': '2.16523'}
2025-11-12 17:47:27,053 - train_greyscale_FA_MoE.py - {'step': '458000', 'lr': '0.0002', 'total_loss': '0.0213639', 'main_loss': '0.0213639', 'time_per_step': '2.25115'}
2025-11-12 17:51:16,085 - train_greyscale_FA_MoE.py - {'step': '458100', 'lr': '0.0002', 'total_loss': '0.0252012', 'main_loss': '0.0252012', 'time_per_step': '2.20628'}
2025-11-12 17:55:04,651 - train_greyscale_FA_MoE.py - {'step': '458200', 'lr': '0.0002', 'total_loss': '0.0271006', 'main_loss': '0.0271006', 'time_per_step': '2.25806'}
2025-11-12 17:58:51,905 - train_greyscale_FA_MoE.py - {'step': '458300', 'lr': '0.0002', 'total_loss': '0.0218836', 'main_loss': '0.0218836', 'time_per_step': '2.18709'}
2025-11-12 18:02:40,561 - train_greyscale_FA_MoE.py - {'step': '458400', 'lr': '0.0002', 'total_loss': '0.0242174', 'main_loss': '0.0242174', 'time_per_step': '2.2135'}
2025-11-12 18:06:29,541 - train_greyscale_FA_MoE.py - {'step': '458500', 'lr': '0.0002', 'total_loss': '0.0255204', 'main_loss': '0.0255204', 'time_per_step': '2.09522'}
2025-11-12 18:10:17,865 - train_greyscale_FA_MoE.py - {'step': '458600', 'lr': '0.0002', 'total_loss': '0.0259805', 'main_loss': '0.0259805', 'time_per_step': '2.10761'}
2025-11-12 18:14:06,066 - train_greyscale_FA_MoE.py - {'step': '458700', 'lr': '0.0002', 'total_loss': '0.0238645', 'main_loss': '0.0238645', 'time_per_step': '2.25552'}
2025-11-12 18:17:54,846 - train_greyscale_FA_MoE.py - {'step': '458800', 'lr': '0.0002', 'total_loss': '0.0228218', 'main_loss': '0.0228218', 'time_per_step': '2.21502'}
2025-11-12 18:21:43,966 - train_greyscale_FA_MoE.py - {'step': '458900', 'lr': '0.0002', 'total_loss': '0.0227471', 'main_loss': '0.0227471', 'time_per_step': '2.24713'}
2025-11-12 18:25:32,336 - train_greyscale_FA_MoE.py - {'step': '459000', 'lr': '0.0002', 'total_loss': '0.0266491', 'main_loss': '0.0266491', 'time_per_step': '2.21692'}
2025-11-12 18:29:19,488 - train_greyscale_FA_MoE.py - {'step': '459100', 'lr': '0.0002', 'total_loss': '0.023481', 'main_loss': '0.023481', 'time_per_step': '2.25336'}
2025-11-12 18:33:07,290 - train_greyscale_FA_MoE.py - {'step': '459200', 'lr': '0.0002', 'total_loss': '0.0242719', 'main_loss': '0.0242719', 'time_per_step': '2.21964'}
2025-11-12 18:36:56,494 - train_greyscale_FA_MoE.py - {'step': '459300', 'lr': '0.0002', 'total_loss': '0.0280146', 'main_loss': '0.0280146', 'time_per_step': '2.21752'}
2025-11-12 18:40:44,799 - train_greyscale_FA_MoE.py - {'step': '459400', 'lr': '0.0002', 'total_loss': '0.0291263', 'main_loss': '0.0291263', 'time_per_step': '2.20905'}
2025-11-12 18:44:31,935 - train_greyscale_FA_MoE.py - {'step': '459500', 'lr': '0.0002', 'total_loss': '0.0299991', 'main_loss': '0.0299991', 'time_per_step': '2.23238'}
2025-11-12 18:48:20,372 - train_greyscale_FA_MoE.py - {'step': '459600', 'lr': '0.0002', 'total_loss': '0.0209682', 'main_loss': '0.0209682', 'time_per_step': '2.21575'}
2025-11-12 18:52:09,790 - train_greyscale_FA_MoE.py - {'step': '459700', 'lr': '0.0002', 'total_loss': '0.0237997', 'main_loss': '0.0237997', 'time_per_step': '2.08313'}
2025-11-12 18:55:56,912 - train_greyscale_FA_MoE.py - {'step': '459800', 'lr': '0.0002', 'total_loss': '0.0283958', 'main_loss': '0.0283958', 'time_per_step': '2.09566'}
2025-11-12 18:59:44,708 - train_greyscale_FA_MoE.py - {'step': '459900', 'lr': '0.0002', 'total_loss': '0.0225363', 'main_loss': '0.0225363', 'time_per_step': '2.21631'}
2025-11-12 19:03:34,720 - train_greyscale_FA_MoE.py - {'step': '460000', 'lr': '0.0002', 'total_loss': '0.0233208', 'main_loss': '0.0233208', 'time_per_step': '2.26969'}
2025-11-12 19:07:22,278 - train_greyscale_FA_MoE.py - {'step': '460100', 'lr': '0.0002', 'total_loss': '0.0234921', 'main_loss': '0.0234921', 'time_per_step': '2.23163'}
2025-11-12 19:11:10,643 - train_greyscale_FA_MoE.py - {'step': '460200', 'lr': '0.0002', 'total_loss': '0.0268391', 'main_loss': '0.0268391', 'time_per_step': '2.21142'}
2025-11-12 19:14:57,940 - train_greyscale_FA_MoE.py - {'step': '460300', 'lr': '0.0002', 'total_loss': '0.0248601', 'main_loss': '0.0248601', 'time_per_step': '2.20737'}
2025-11-12 19:18:45,977 - train_greyscale_FA_MoE.py - {'step': '460400', 'lr': '0.0002', 'total_loss': '0.0266899', 'main_loss': '0.0266899', 'time_per_step': '2.19696'}
2025-11-12 19:22:34,314 - train_greyscale_FA_MoE.py - {'step': '460500', 'lr': '0.0002', 'total_loss': '0.027746', 'main_loss': '0.027746', 'time_per_step': '2.24768'}
2025-11-12 19:26:22,959 - train_greyscale_FA_MoE.py - {'step': '460600', 'lr': '0.0002', 'total_loss': '0.0287643', 'main_loss': '0.0287643', 'time_per_step': '2.19904'}
2025-11-12 19:30:10,120 - train_greyscale_FA_MoE.py - {'step': '460700', 'lr': '0.0002', 'total_loss': '0.0242549', 'main_loss': '0.0242549', 'time_per_step': '2.19765'}
2025-11-12 19:33:58,397 - train_greyscale_FA_MoE.py - {'step': '460800', 'lr': '0.0002', 'total_loss': '0.0252705', 'main_loss': '0.0252705', 'time_per_step': '2.19782'}
2025-11-12 19:37:46,487 - train_greyscale_FA_MoE.py - {'step': '460900', 'lr': '0.0002', 'total_loss': '0.0217314', 'main_loss': '0.0217314', 'time_per_step': '2.09895'}
2025-11-12 19:41:34,544 - train_greyscale_FA_MoE.py - {'step': '461000', 'lr': '0.0002', 'total_loss': '0.02465', 'main_loss': '0.02465', 'time_per_step': '2.17351'}
2025-11-12 19:45:21,943 - train_greyscale_FA_MoE.py - {'step': '461100', 'lr': '0.0002', 'total_loss': '0.0231909', 'main_loss': '0.0231909', 'time_per_step': '2.20824'}
2025-11-12 19:49:10,893 - train_greyscale_FA_MoE.py - {'step': '461200', 'lr': '0.0002', 'total_loss': '0.027213', 'main_loss': '0.027213', 'time_per_step': '2.22664'}
2025-11-12 19:52:58,171 - train_greyscale_FA_MoE.py - {'step': '461300', 'lr': '0.0002', 'total_loss': '0.0255662', 'main_loss': '0.0255662', 'time_per_step': '2.17566'}
2025-11-12 19:56:46,317 - train_greyscale_FA_MoE.py - {'step': '461400', 'lr': '0.0002', 'total_loss': '0.0259218', 'main_loss': '0.0259218', 'time_per_step': '2.21544'}
2025-11-12 20:00:34,180 - train_greyscale_FA_MoE.py - {'step': '461500', 'lr': '0.0002', 'total_loss': '0.0255204', 'main_loss': '0.0255204', 'time_per_step': '2.1773'}
2025-11-12 20:04:23,522 - train_greyscale_FA_MoE.py - {'step': '461600', 'lr': '0.0002', 'total_loss': '0.0299865', 'main_loss': '0.0299865', 'time_per_step': '2.21652'}
2025-11-12 20:08:12,183 - train_greyscale_FA_MoE.py - {'step': '461700', 'lr': '0.0002', 'total_loss': '0.0211056', 'main_loss': '0.0211056', 'time_per_step': '2.2116'}
2025-11-12 20:11:59,368 - train_greyscale_FA_MoE.py - {'step': '461800', 'lr': '0.0002', 'total_loss': '0.0220547', 'main_loss': '0.0220547', 'time_per_step': '2.20609'}
2025-11-12 20:15:46,628 - train_greyscale_FA_MoE.py - {'step': '461900', 'lr': '0.0002', 'total_loss': '0.0238183', 'main_loss': '0.0238183', 'time_per_step': '2.21252'}
2025-11-12 20:19:35,549 - train_greyscale_FA_MoE.py - {'step': '462000', 'lr': '0.0002', 'total_loss': '0.0248409', 'main_loss': '0.0248409', 'time_per_step': '2.2771'}
2025-11-12 20:23:24,021 - train_greyscale_FA_MoE.py - {'step': '462100', 'lr': '0.0002', 'total_loss': '0.028551', 'main_loss': '0.028551', 'time_per_step': '2.19031'}
2025-11-12 20:27:11,929 - train_greyscale_FA_MoE.py - {'step': '462200', 'lr': '0.0002', 'total_loss': '0.0276723', 'main_loss': '0.0276723', 'time_per_step': '2.10492'}
2025-11-12 20:30:59,885 - train_greyscale_FA_MoE.py - {'step': '462300', 'lr': '0.0002', 'total_loss': '0.0276783', 'main_loss': '0.0276783', 'time_per_step': '2.21805'}
2025-11-12 20:34:48,250 - train_greyscale_FA_MoE.py - {'step': '462400', 'lr': '0.0002', 'total_loss': '0.0234094', 'main_loss': '0.0234094', 'time_per_step': '2.19149'}
2025-11-12 20:38:36,173 - train_greyscale_FA_MoE.py - {'step': '462500', 'lr': '0.0002', 'total_loss': '0.025404', 'main_loss': '0.025404', 'time_per_step': '2.2772'}
2025-11-12 20:42:25,291 - train_greyscale_FA_MoE.py - {'step': '462600', 'lr': '0.0002', 'total_loss': '0.0292079', 'main_loss': '0.0292079', 'time_per_step': '2.18761'}
2025-11-12 20:46:13,322 - train_greyscale_FA_MoE.py - {'step': '462700', 'lr': '0.0002', 'total_loss': '0.0277019', 'main_loss': '0.0277019', 'time_per_step': '2.2165'}
2025-11-12 20:50:01,616 - train_greyscale_FA_MoE.py - {'step': '462800', 'lr': '0.0002', 'total_loss': '0.0267755', 'main_loss': '0.0267755', 'time_per_step': '2.24761'}
2025-11-12 20:53:49,979 - train_greyscale_FA_MoE.py - {'step': '462900', 'lr': '0.0002', 'total_loss': '0.0209951', 'main_loss': '0.0209951', 'time_per_step': '2.24365'}
2025-11-12 20:57:38,141 - train_greyscale_FA_MoE.py - {'step': '463000', 'lr': '0.0002', 'total_loss': '0.0231376', 'main_loss': '0.0231376', 'time_per_step': '2.21622'}
2025-11-12 21:01:25,937 - train_greyscale_FA_MoE.py - {'step': '463100', 'lr': '0.0002', 'total_loss': '0.0257644', 'main_loss': '0.0257644', 'time_per_step': '2.1948'}
2025-11-12 21:05:15,561 - train_greyscale_FA_MoE.py - {'step': '463200', 'lr': '0.0002', 'total_loss': '0.0268924', 'main_loss': '0.0268924', 'time_per_step': '2.20142'}
2025-11-12 21:09:03,803 - train_greyscale_FA_MoE.py - {'step': '463300', 'lr': '0.0002', 'total_loss': '0.0261497', 'main_loss': '0.0261497', 'time_per_step': '2.09742'}
2025-11-12 21:12:51,302 - train_greyscale_FA_MoE.py - {'step': '463400', 'lr': '0.0002', 'total_loss': '0.0270251', 'main_loss': '0.0270251', 'time_per_step': '2.09582'}
2025-11-12 21:16:38,962 - train_greyscale_FA_MoE.py - {'step': '463500', 'lr': '0.0002', 'total_loss': '0.0251903', 'main_loss': '0.0251903', 'time_per_step': '2.20763'}
2025-11-12 21:20:27,331 - train_greyscale_FA_MoE.py - {'step': '463600', 'lr': '0.0002', 'total_loss': '0.0196051', 'main_loss': '0.0196051', 'time_per_step': '2.173'}
2025-11-12 21:24:15,275 - train_greyscale_FA_MoE.py - {'step': '463700', 'lr': '0.0002', 'total_loss': '0.0247672', 'main_loss': '0.0247672', 'time_per_step': '2.17564'}
2025-11-12 21:28:03,989 - train_greyscale_FA_MoE.py - {'step': '463800', 'lr': '0.0002', 'total_loss': '0.0247305', 'main_loss': '0.0247305', 'time_per_step': '2.4397'}
2025-11-12 21:31:51,455 - train_greyscale_FA_MoE.py - {'step': '463900', 'lr': '0.0002', 'total_loss': '0.0275074', 'main_loss': '0.0275074', 'time_per_step': '2.24265'}
2025-11-12 21:35:39,820 - train_greyscale_FA_MoE.py - {'step': '464000', 'lr': '0.0002', 'total_loss': '0.0158833', 'main_loss': '0.0158833', 'time_per_step': '2.23096'}
2025-11-12 21:39:27,413 - train_greyscale_FA_MoE.py - {'step': '464100', 'lr': '0.0002', 'total_loss': '0.0200066', 'main_loss': '0.0200066', 'time_per_step': '2.24408'}
2025-11-12 21:43:15,722 - train_greyscale_FA_MoE.py - {'step': '464200', 'lr': '0.0002', 'total_loss': '0.0252106', 'main_loss': '0.0252106', 'time_per_step': '2.16915'}
2025-11-12 21:47:03,175 - train_greyscale_FA_MoE.py - {'step': '464300', 'lr': '0.0002', 'total_loss': '0.0218255', 'main_loss': '0.0218255', 'time_per_step': '2.20894'}
2025-11-12 21:50:50,152 - train_greyscale_FA_MoE.py - {'step': '464400', 'lr': '0.0002', 'total_loss': '0.0268852', 'main_loss': '0.0268852', 'time_per_step': '2.21565'}
2025-11-12 21:54:38,861 - train_greyscale_FA_MoE.py - {'step': '464500', 'lr': '0.0002', 'total_loss': '0.0273102', 'main_loss': '0.0273102', 'time_per_step': '2.09787'}
2025-11-12 21:58:27,389 - train_greyscale_FA_MoE.py - {'step': '464600', 'lr': '0.0002', 'total_loss': '0.0250634', 'main_loss': '0.0250634', 'time_per_step': '2.0965'}
2025-11-12 22:02:15,723 - train_greyscale_FA_MoE.py - {'step': '464700', 'lr': '0.0002', 'total_loss': '0.0241976', 'main_loss': '0.0241976', 'time_per_step': '2.20837'}
2025-11-12 22:06:03,879 - train_greyscale_FA_MoE.py - {'step': '464800', 'lr': '0.0002', 'total_loss': '0.0288327', 'main_loss': '0.0288327', 'time_per_step': '2.20969'}
2025-11-12 22:09:51,720 - train_greyscale_FA_MoE.py - {'step': '464900', 'lr': '0.0002', 'total_loss': '0.0253114', 'main_loss': '0.0253114', 'time_per_step': '2.20729'}
2025-11-12 22:13:39,441 - train_greyscale_FA_MoE.py - {'step': '465000', 'lr': '0.0002', 'total_loss': '0.0185273', 'main_loss': '0.0185273', 'time_per_step': '2.22157'}
2025-11-12 22:17:26,172 - train_greyscale_FA_MoE.py - {'step': '465100', 'lr': '0.0002', 'total_loss': '0.0266179', 'main_loss': '0.0266179', 'time_per_step': '2.26963'}
2025-11-12 22:21:14,069 - train_greyscale_FA_MoE.py - {'step': '465200', 'lr': '0.0002', 'total_loss': '0.0259541', 'main_loss': '0.0259541', 'time_per_step': '2.20897'}
2025-11-12 22:25:01,968 - train_greyscale_FA_MoE.py - {'step': '465300', 'lr': '0.0002', 'total_loss': '0.0193214', 'main_loss': '0.0193214', 'time_per_step': '2.1861'}
2025-11-12 22:28:50,221 - train_greyscale_FA_MoE.py - {'step': '465400', 'lr': '0.0002', 'total_loss': '0.0231292', 'main_loss': '0.0231292', 'time_per_step': '2.28033'}
2025-11-12 22:32:37,560 - train_greyscale_FA_MoE.py - {'step': '465500', 'lr': '0.0002', 'total_loss': '0.0258052', 'main_loss': '0.0258052', 'time_per_step': '2.19515'}
2025-11-12 22:36:25,337 - train_greyscale_FA_MoE.py - {'step': '465600', 'lr': '0.0002', 'total_loss': '0.029405', 'main_loss': '0.029405', 'time_per_step': '2.23553'}
2025-11-12 22:40:14,083 - train_greyscale_FA_MoE.py - {'step': '465700', 'lr': '0.0002', 'total_loss': '0.0279903', 'main_loss': '0.0279903', 'time_per_step': '2.10328'}
2025-11-12 22:44:02,565 - train_greyscale_FA_MoE.py - {'step': '465800', 'lr': '0.0002', 'total_loss': '0.0297637', 'main_loss': '0.0297637', 'time_per_step': '2.09771'}
2025-11-12 22:47:50,593 - train_greyscale_FA_MoE.py - {'step': '465900', 'lr': '0.0002', 'total_loss': '0.028084', 'main_loss': '0.028084', 'time_per_step': '2.20243'}
2025-11-12 22:51:39,289 - train_greyscale_FA_MoE.py - {'step': '466000', 'lr': '0.0002', 'total_loss': '0.0236373', 'main_loss': '0.0236373', 'time_per_step': '2.19536'}
2025-11-12 22:55:28,056 - train_greyscale_FA_MoE.py - {'step': '466100', 'lr': '0.0002', 'total_loss': '0.0222781', 'main_loss': '0.0222781', 'time_per_step': '2.23706'}
2025-11-12 22:59:16,669 - train_greyscale_FA_MoE.py - {'step': '466200', 'lr': '0.0002', 'total_loss': '0.0247474', 'main_loss': '0.0247474', 'time_per_step': '2.20911'}
2025-11-12 23:03:04,695 - train_greyscale_FA_MoE.py - {'step': '466300', 'lr': '0.0002', 'total_loss': '0.0233359', 'main_loss': '0.0233359', 'time_per_step': '2.2591'}
2025-11-12 23:06:53,411 - train_greyscale_FA_MoE.py - {'step': '466400', 'lr': '0.0002', 'total_loss': '0.0243053', 'main_loss': '0.0243053', 'time_per_step': '2.23618'}
2025-11-12 23:10:42,005 - train_greyscale_FA_MoE.py - {'step': '466500', 'lr': '0.0002', 'total_loss': '0.0244869', 'main_loss': '0.0244869', 'time_per_step': '2.20174'}
2025-11-12 23:14:29,661 - train_greyscale_FA_MoE.py - {'step': '466600', 'lr': '0.0002', 'total_loss': '0.0192719', 'main_loss': '0.0192719', 'time_per_step': '2.20076'}
2025-11-12 23:18:16,806 - train_greyscale_FA_MoE.py - {'step': '466700', 'lr': '0.0002', 'total_loss': '0.0246277', 'main_loss': '0.0246277', 'time_per_step': '2.18317'}
2025-11-12 23:22:05,126 - train_greyscale_FA_MoE.py - {'step': '466800', 'lr': '0.0002', 'total_loss': '0.0199791', 'main_loss': '0.0199791', 'time_per_step': '2.26429'}
2025-11-12 23:25:54,610 - train_greyscale_FA_MoE.py - {'step': '466900', 'lr': '0.0002', 'total_loss': '0.0317108', 'main_loss': '0.0317108', 'time_per_step': '2.09022'}
2025-11-12 23:29:43,008 - train_greyscale_FA_MoE.py - {'step': '467000', 'lr': '0.0002', 'total_loss': '0.0242895', 'main_loss': '0.0242895', 'time_per_step': '2.08796'}
2025-11-12 23:33:30,488 - train_greyscale_FA_MoE.py - {'step': '467100', 'lr': '0.0002', 'total_loss': '0.0206393', 'main_loss': '0.0206393', 'time_per_step': '2.19514'}
2025-11-12 23:37:17,937 - train_greyscale_FA_MoE.py - {'step': '467200', 'lr': '0.0002', 'total_loss': '0.028905', 'main_loss': '0.028905', 'time_per_step': '2.2286'}
2025-11-12 23:41:06,668 - train_greyscale_FA_MoE.py - {'step': '467300', 'lr': '0.0002', 'total_loss': '0.0189087', 'main_loss': '0.0189087', 'time_per_step': '2.19523'}
2025-11-12 23:44:55,408 - train_greyscale_FA_MoE.py - {'step': '467400', 'lr': '0.0002', 'total_loss': '0.0266991', 'main_loss': '0.0266991', 'time_per_step': '2.21629'}
2025-11-12 23:48:42,928 - train_greyscale_FA_MoE.py - {'step': '467500', 'lr': '0.0002', 'total_loss': '0.0215428', 'main_loss': '0.0215428', 'time_per_step': '2.20826'}
2025-11-12 23:52:31,112 - train_greyscale_FA_MoE.py - {'step': '467600', 'lr': '0.0002', 'total_loss': '0.0233095', 'main_loss': '0.0233095', 'time_per_step': '2.25847'}
2025-11-12 23:56:19,142 - train_greyscale_FA_MoE.py - {'step': '467700', 'lr': '0.0002', 'total_loss': '0.0225051', 'main_loss': '0.0225051', 'time_per_step': '2.19165'}
2025-11-13 00:00:07,634 - train_greyscale_FA_MoE.py - {'step': '467800', 'lr': '0.0002', 'total_loss': '0.0241167', 'main_loss': '0.0241167', 'time_per_step': '2.16846'}
2025-11-13 00:03:55,105 - train_greyscale_FA_MoE.py - {'step': '467900', 'lr': '0.0002', 'total_loss': '0.0288661', 'main_loss': '0.0288661', 'time_per_step': '2.23428'}
2025-11-13 00:07:43,160 - train_greyscale_FA_MoE.py - {'step': '468000', 'lr': '0.0002', 'total_loss': '0.0267114', 'main_loss': '0.0267114', 'time_per_step': '2.21346'}
2025-11-13 00:11:31,476 - train_greyscale_FA_MoE.py - {'step': '468100', 'lr': '0.0002', 'total_loss': '0.0276812', 'main_loss': '0.0276812', 'time_per_step': '2.10445'}
2025-11-13 00:15:19,666 - train_greyscale_FA_MoE.py - {'step': '468200', 'lr': '0.0002', 'total_loss': '0.020614', 'main_loss': '0.020614', 'time_per_step': '2.16466'}
2025-11-13 00:19:07,492 - train_greyscale_FA_MoE.py - {'step': '468300', 'lr': '0.0002', 'total_loss': '0.0256861', 'main_loss': '0.0256861', 'time_per_step': '2.21264'}
2025-11-13 00:22:56,365 - train_greyscale_FA_MoE.py - {'step': '468400', 'lr': '0.0002', 'total_loss': '0.0188258', 'main_loss': '0.0188258', 'time_per_step': '2.18578'}
2025-11-13 00:26:44,105 - train_greyscale_FA_MoE.py - {'step': '468500', 'lr': '0.0002', 'total_loss': '0.0255136', 'main_loss': '0.0255136', 'time_per_step': '2.20101'}
2025-11-13 00:30:32,299 - train_greyscale_FA_MoE.py - {'step': '468600', 'lr': '0.0002', 'total_loss': '0.0257918', 'main_loss': '0.0257918', 'time_per_step': '2.18184'}
2025-11-13 00:34:19,198 - train_greyscale_FA_MoE.py - {'step': '468700', 'lr': '0.0002', 'total_loss': '0.0193412', 'main_loss': '0.0193412', 'time_per_step': '2.14535'}
2025-11-13 00:38:06,915 - train_greyscale_FA_MoE.py - {'step': '468800', 'lr': '0.0002', 'total_loss': '0.0229571', 'main_loss': '0.0229571', 'time_per_step': '2.21813'}
2025-11-13 00:41:56,160 - train_greyscale_FA_MoE.py - {'step': '468900', 'lr': '0.0002', 'total_loss': '0.0268193', 'main_loss': '0.0268193', 'time_per_step': '2.22069'}
2025-11-13 00:45:44,162 - train_greyscale_FA_MoE.py - {'step': '469000', 'lr': '0.0002', 'total_loss': '0.0231015', 'main_loss': '0.0231015', 'time_per_step': '2.20742'}
2025-11-13 00:49:31,050 - train_greyscale_FA_MoE.py - {'step': '469100', 'lr': '0.0002', 'total_loss': '0.0263301', 'main_loss': '0.0263301', 'time_per_step': '2.22411'}
2025-11-13 00:53:19,427 - train_greyscale_FA_MoE.py - {'step': '469200', 'lr': '0.0002', 'total_loss': '0.0273459', 'main_loss': '0.0273459', 'time_per_step': '2.21892'}
2025-11-13 00:57:07,924 - train_greyscale_FA_MoE.py - {'step': '469300', 'lr': '0.0002', 'total_loss': '0.025338', 'main_loss': '0.025338', 'time_per_step': '2.10751'}
2025-11-13 01:00:55,827 - train_greyscale_FA_MoE.py - {'step': '469400', 'lr': '0.0002', 'total_loss': '0.0214547', 'main_loss': '0.0214547', 'time_per_step': '2.09369'}
2025-11-13 01:04:44,199 - train_greyscale_FA_MoE.py - {'step': '469500', 'lr': '0.0002', 'total_loss': '0.0218401', 'main_loss': '0.0218401', 'time_per_step': '2.21024'}
2025-11-13 01:08:33,125 - train_greyscale_FA_MoE.py - {'step': '469600', 'lr': '0.0002', 'total_loss': '0.0237909', 'main_loss': '0.0237909', 'time_per_step': '2.21997'}
2025-11-13 01:12:20,593 - train_greyscale_FA_MoE.py - {'step': '469700', 'lr': '0.0002', 'total_loss': '0.0268982', 'main_loss': '0.0268982', 'time_per_step': '2.21316'}
2025-11-13 01:16:09,075 - train_greyscale_FA_MoE.py - {'step': '469800', 'lr': '0.0002', 'total_loss': '0.026778', 'main_loss': '0.026778', 'time_per_step': '2.22165'}
2025-11-13 01:19:56,404 - train_greyscale_FA_MoE.py - {'step': '469900', 'lr': '0.0002', 'total_loss': '0.0260927', 'main_loss': '0.0260927', 'time_per_step': '2.2127'}
2025-11-13 01:23:45,788 - train_greyscale_FA_MoE.py - {'step': '470000', 'lr': '0.0002', 'total_loss': '0.0275812', 'main_loss': '0.0275812', 'time_per_step': '2.24264'}
2025-11-13 01:27:33,807 - train_greyscale_FA_MoE.py - {'step': '470100', 'lr': '0.0002', 'total_loss': '0.0188366', 'main_loss': '0.0188366', 'time_per_step': '2.20959'}
2025-11-13 01:31:22,018 - train_greyscale_FA_MoE.py - {'step': '470200', 'lr': '0.0002', 'total_loss': '0.0264264', 'main_loss': '0.0264264', 'time_per_step': '2.1703'}
2025-11-13 01:35:09,686 - train_greyscale_FA_MoE.py - {'step': '470300', 'lr': '0.0002', 'total_loss': '0.021325', 'main_loss': '0.021325', 'time_per_step': '2.23039'}
2025-11-13 01:38:57,843 - train_greyscale_FA_MoE.py - {'step': '470400', 'lr': '0.0002', 'total_loss': '0.0226914', 'main_loss': '0.0226914', 'time_per_step': '2.14717'}
2025-11-13 01:42:46,374 - train_greyscale_FA_MoE.py - {'step': '470500', 'lr': '0.0002', 'total_loss': '0.0294291', 'main_loss': '0.0294291', 'time_per_step': '2.10953'}
2025-11-13 01:46:34,141 - train_greyscale_FA_MoE.py - {'step': '470600', 'lr': '0.0002', 'total_loss': '0.0263781', 'main_loss': '0.0263781', 'time_per_step': '2.10349'}
2025-11-13 01:50:22,875 - train_greyscale_FA_MoE.py - {'step': '470700', 'lr': '0.0002', 'total_loss': '0.0267363', 'main_loss': '0.0267363', 'time_per_step': '2.21193'}
2025-11-13 01:54:11,393 - train_greyscale_FA_MoE.py - {'step': '470800', 'lr': '0.0002', 'total_loss': '0.0261306', 'main_loss': '0.0261306', 'time_per_step': '2.19722'}
2025-11-13 01:57:59,715 - train_greyscale_FA_MoE.py - {'step': '470900', 'lr': '0.0002', 'total_loss': '0.025558', 'main_loss': '0.025558', 'time_per_step': '2.20556'}
2025-11-13 02:01:48,272 - train_greyscale_FA_MoE.py - {'step': '471000', 'lr': '0.0002', 'total_loss': '0.0186707', 'main_loss': '0.0186707', 'time_per_step': '2.21147'}
2025-11-13 02:05:36,016 - train_greyscale_FA_MoE.py - {'step': '471100', 'lr': '0.0002', 'total_loss': '0.0247389', 'main_loss': '0.0247389', 'time_per_step': '2.2431'}
2025-11-13 02:09:23,353 - train_greyscale_FA_MoE.py - {'step': '471200', 'lr': '0.0002', 'total_loss': '0.019412', 'main_loss': '0.019412', 'time_per_step': '2.22108'}
2025-11-13 02:13:11,773 - train_greyscale_FA_MoE.py - {'step': '471300', 'lr': '0.0002', 'total_loss': '0.0228726', 'main_loss': '0.0228726', 'time_per_step': '2.22385'}
2025-11-13 02:17:00,735 - train_greyscale_FA_MoE.py - {'step': '471400', 'lr': '0.0002', 'total_loss': '0.0208479', 'main_loss': '0.0208479', 'time_per_step': '2.21273'}
2025-11-13 02:20:47,397 - train_greyscale_FA_MoE.py - {'step': '471500', 'lr': '0.0002', 'total_loss': '0.0243909', 'main_loss': '0.0243909', 'time_per_step': '2.22238'}
2025-11-13 02:24:35,065 - train_greyscale_FA_MoE.py - {'step': '471600', 'lr': '0.0002', 'total_loss': '0.0231281', 'main_loss': '0.0231281', 'time_per_step': '2.30438'}
2025-11-13 02:28:23,050 - train_greyscale_FA_MoE.py - {'step': '471700', 'lr': '0.0002', 'total_loss': '0.020846', 'main_loss': '0.020846', 'time_per_step': '2.10193'}
2025-11-13 02:32:10,542 - train_greyscale_FA_MoE.py - {'step': '471800', 'lr': '0.0002', 'total_loss': '0.0318732', 'main_loss': '0.0318732', 'time_per_step': '2.09752'}
2025-11-13 02:35:58,292 - train_greyscale_FA_MoE.py - {'step': '471900', 'lr': '0.0002', 'total_loss': '0.0294561', 'main_loss': '0.0294561', 'time_per_step': '2.21734'}
2025-11-13 02:39:46,587 - train_greyscale_FA_MoE.py - {'step': '472000', 'lr': '0.0002', 'total_loss': '0.0244868', 'main_loss': '0.0244868', 'time_per_step': '2.1968'}
2025-11-13 02:43:35,132 - train_greyscale_FA_MoE.py - {'step': '472100', 'lr': '0.0002', 'total_loss': '0.0244193', 'main_loss': '0.0244193', 'time_per_step': '2.30735'}
2025-11-13 02:47:24,047 - train_greyscale_FA_MoE.py - {'step': '472200', 'lr': '0.0002', 'total_loss': '0.0256336', 'main_loss': '0.0256336', 'time_per_step': '2.28521'}
2025-11-13 02:51:11,452 - train_greyscale_FA_MoE.py - {'step': '472300', 'lr': '0.0002', 'total_loss': '0.0224813', 'main_loss': '0.0224813', 'time_per_step': '2.20118'}
2025-11-13 02:54:59,060 - train_greyscale_FA_MoE.py - {'step': '472400', 'lr': '0.0002', 'total_loss': '0.0222011', 'main_loss': '0.0222011', 'time_per_step': '2.14173'}
2025-11-13 02:58:46,993 - train_greyscale_FA_MoE.py - {'step': '472500', 'lr': '0.0002', 'total_loss': '0.0261579', 'main_loss': '0.0261579', 'time_per_step': '2.21758'}
2025-11-13 03:02:36,090 - train_greyscale_FA_MoE.py - {'step': '472600', 'lr': '0.0002', 'total_loss': '0.0205836', 'main_loss': '0.0205836', 'time_per_step': '2.30942'}
2025-11-13 03:06:23,049 - train_greyscale_FA_MoE.py - {'step': '472700', 'lr': '0.0002', 'total_loss': '0.0250568', 'main_loss': '0.0250568', 'time_per_step': '2.21527'}
2025-11-13 03:10:11,716 - train_greyscale_FA_MoE.py - {'step': '472800', 'lr': '0.0002', 'total_loss': '0.0213941', 'main_loss': '0.0213941', 'time_per_step': '2.19992'}
2025-11-13 03:13:59,290 - train_greyscale_FA_MoE.py - {'step': '472900', 'lr': '0.0002', 'total_loss': '0.0144148', 'main_loss': '0.0144148', 'time_per_step': '2.09971'}
2025-11-13 03:17:47,479 - train_greyscale_FA_MoE.py - {'step': '473000', 'lr': '0.0002', 'total_loss': '0.0296798', 'main_loss': '0.0296798', 'time_per_step': '2.09506'}
2025-11-13 03:21:35,386 - train_greyscale_FA_MoE.py - {'step': '473100', 'lr': '0.0002', 'total_loss': '0.0210416', 'main_loss': '0.0210416', 'time_per_step': '2.26231'}
2025-11-13 03:25:24,243 - train_greyscale_FA_MoE.py - {'step': '473200', 'lr': '0.0002', 'total_loss': '0.0227465', 'main_loss': '0.0227465', 'time_per_step': '2.34228'}
2025-11-13 03:29:11,292 - train_greyscale_FA_MoE.py - {'step': '473300', 'lr': '0.0002', 'total_loss': '0.0298379', 'main_loss': '0.0298379', 'time_per_step': '2.23521'}
2025-11-13 03:32:59,998 - train_greyscale_FA_MoE.py - {'step': '473400', 'lr': '0.0002', 'total_loss': '0.0206554', 'main_loss': '0.0206554', 'time_per_step': '2.20638'}
2025-11-13 03:36:46,562 - train_greyscale_FA_MoE.py - {'step': '473500', 'lr': '0.0002', 'total_loss': '0.0264572', 'main_loss': '0.0264572', 'time_per_step': '2.22686'}
2025-11-13 03:40:33,823 - train_greyscale_FA_MoE.py - {'step': '473600', 'lr': '0.0002', 'total_loss': '0.0186122', 'main_loss': '0.0186122', 'time_per_step': '2.18822'}
2025-11-13 03:44:21,786 - train_greyscale_FA_MoE.py - {'step': '473700', 'lr': '0.0002', 'total_loss': '0.0316588', 'main_loss': '0.0316588', 'time_per_step': '2.20413'}
2025-11-13 03:48:09,793 - train_greyscale_FA_MoE.py - {'step': '473800', 'lr': '0.0002', 'total_loss': '0.0229889', 'main_loss': '0.0229889', 'time_per_step': '2.23085'}
2025-11-13 03:51:56,397 - train_greyscale_FA_MoE.py - {'step': '473900', 'lr': '0.0002', 'total_loss': '0.0206485', 'main_loss': '0.0206485', 'time_per_step': '2.19059'}
2025-11-13 03:55:43,027 - train_greyscale_FA_MoE.py - {'step': '474000', 'lr': '0.0002', 'total_loss': '0.0273627', 'main_loss': '0.0273627', 'time_per_step': '2.1538'}
2025-11-13 03:59:30,119 - train_greyscale_FA_MoE.py - {'step': '474100', 'lr': '0.0002', 'total_loss': '0.0342474', 'main_loss': '0.0342474', 'time_per_step': '2.09489'}
2025-11-13 04:03:18,468 - train_greyscale_FA_MoE.py - {'step': '474200', 'lr': '0.0002', 'total_loss': '0.0226348', 'main_loss': '0.0226348', 'time_per_step': '2.09602'}
2025-11-13 04:07:06,087 - train_greyscale_FA_MoE.py - {'step': '474300', 'lr': '0.0002', 'total_loss': '0.026438', 'main_loss': '0.026438', 'time_per_step': '2.26517'}
2025-11-13 04:10:53,228 - train_greyscale_FA_MoE.py - {'step': '474400', 'lr': '0.0002', 'total_loss': '0.0238631', 'main_loss': '0.0238631', 'time_per_step': '2.23531'}
2025-11-13 04:14:41,422 - train_greyscale_FA_MoE.py - {'step': '474500', 'lr': '0.0002', 'total_loss': '0.0233039', 'main_loss': '0.0233039', 'time_per_step': '2.20655'}
2025-11-13 04:18:29,256 - train_greyscale_FA_MoE.py - {'step': '474600', 'lr': '0.0002', 'total_loss': '0.0245796', 'main_loss': '0.0245796', 'time_per_step': '2.1573'}
2025-11-13 04:22:15,503 - train_greyscale_FA_MoE.py - {'step': '474700', 'lr': '0.0002', 'total_loss': '0.0296687', 'main_loss': '0.0296687', 'time_per_step': '2.2157'}
2025-11-13 04:26:02,358 - train_greyscale_FA_MoE.py - {'step': '474800', 'lr': '0.0002', 'total_loss': '0.0209519', 'main_loss': '0.0209519', 'time_per_step': '2.20027'}
2025-11-13 04:29:49,637 - train_greyscale_FA_MoE.py - {'step': '474900', 'lr': '0.0002', 'total_loss': '0.0283541', 'main_loss': '0.0283541', 'time_per_step': '2.19985'}
2025-11-13 04:33:37,632 - train_greyscale_FA_MoE.py - {'step': '475000', 'lr': '0.0002', 'total_loss': '0.0250434', 'main_loss': '0.0250434', 'time_per_step': '2.17433'}
2025-11-13 04:33:37,658 - train_greyscale_FA_MoE.py - Saved expert distribution of layer in_block_0 to output/acdc_wholeheart_uncond_fa_ec_moe_greyscale_uvit_mid_4by4_l6r9_minmax/samples/expert_distribution_in_block_0_step475000.npy
2025-11-13 04:33:39,054 - train_greyscale_FA_MoE.py - Saved expert distribution of layer out_block_7 to output/acdc_wholeheart_uncond_fa_ec_moe_greyscale_uvit_mid_4by4_l6r9_minmax/samples/expert_distribution_out_block_7_step475000.npy
2025-11-13 04:33:40,624 - train_greyscale_FA_MoE.py - Save a grid of 16 samples into output/acdc_wholeheart_uncond_fa_ec_moe_greyscale_uvit_mid_4by4_l6r9_minmax/samples/475000.png by DPM-Solver
2025-11-13 04:33:46,074 - train_greyscale_FA_MoE.py - Finished saving sample grid to output/acdc_wholeheart_uncond_fa_ec_moe_greyscale_uvit_mid_4by4_l6r9_minmax/samples/475000.png by DPM-Solver.
2025-11-13 04:33:46,139 - train_greyscale_FA_MoE.py - Save and eval checkpoint 475000...
2025-11-13 04:33:48,525 - train_greyscale_FA_MoE.py - eval_step: n_samples=50000, sample_steps=50, algorithm=dpm_solver, mini_batch_size=500, samples save into output/acdc_wholeheart_uncond_fa_ec_moe_greyscale_uvit_mid_4by4_l6r9_minmax/samples/acdc_wholeheart_uncond_uvit_FA_EC_MoE_greyscale_mid_4by4_475000_dpm
2025-11-13 05:23:20,697 - train_greyscale_FA_MoE.py - step=475000 fid50000=16.315725021986168
2025-11-13 05:23:22,168 - is_lpips.py - Found 50000 samples for IS calculation
2025-11-13 05:26:32,907 - is_lpips.py - Total features shape: (50000, 2048)
2025-11-13 05:26:33,470 - is_lpips.py - Inception Score: 0.0017 ± 0.0000
2025-11-13 05:26:33,486 - train_greyscale_FA_MoE.py - step=475000 IS50000=0.0016566917765885592 ± 3.0548155791620957e-06
2025-11-13 05:28:38,236 - is_lpips.py - LPIPS: 0.5152 ± 0.0534
2025-11-13 05:28:38,241 - train_greyscale_FA_MoE.py - step=475000 LPIPS50000=0.5152233634678549
2025-11-13 05:33:40,445 - train_greyscale_FA_MoE.py - {'step': '475100', 'lr': '0.0002', 'total_loss': '0.0212302', 'main_loss': '0.0212302', 'time_per_step': '2.16909'}
2025-11-13 05:37:27,000 - train_greyscale_FA_MoE.py - {'step': '475200', 'lr': '0.0002', 'total_loss': '0.0229888', 'main_loss': '0.0229888', 'time_per_step': '2.20716'}
2025-11-13 05:41:13,855 - train_greyscale_FA_MoE.py - {'step': '475300', 'lr': '0.0002', 'total_loss': '0.023558', 'main_loss': '0.023558', 'time_per_step': '2.10047'}
2025-11-13 05:45:01,843 - train_greyscale_FA_MoE.py - {'step': '475400', 'lr': '0.0002', 'total_loss': '0.0220819', 'main_loss': '0.0220819', 'time_per_step': '2.11039'}
2025-11-13 05:48:50,166 - train_greyscale_FA_MoE.py - {'step': '475500', 'lr': '0.0002', 'total_loss': '0.0202707', 'main_loss': '0.0202707', 'time_per_step': '2.20839'}
2025-11-13 05:52:37,129 - train_greyscale_FA_MoE.py - {'step': '475600', 'lr': '0.0002', 'total_loss': '0.0248019', 'main_loss': '0.0248019', 'time_per_step': '2.23512'}
2025-11-13 05:56:25,446 - train_greyscale_FA_MoE.py - {'step': '475700', 'lr': '0.0002', 'total_loss': '0.022821', 'main_loss': '0.022821', 'time_per_step': '2.21512'}
2025-11-13 06:00:14,215 - train_greyscale_FA_MoE.py - {'step': '475800', 'lr': '0.0002', 'total_loss': '0.0218047', 'main_loss': '0.0218047', 'time_per_step': '2.2153'}
2025-11-13 06:04:02,901 - train_greyscale_FA_MoE.py - {'step': '475900', 'lr': '0.0002', 'total_loss': '0.0241303', 'main_loss': '0.0241303', 'time_per_step': '2.2598'}
2025-11-13 06:07:50,060 - train_greyscale_FA_MoE.py - {'step': '476000', 'lr': '0.0002', 'total_loss': '0.0309657', 'main_loss': '0.0309657', 'time_per_step': '2.20595'}
2025-11-13 06:11:38,651 - train_greyscale_FA_MoE.py - {'step': '476100', 'lr': '0.0002', 'total_loss': '0.0313805', 'main_loss': '0.0313805', 'time_per_step': '2.20565'}
2025-11-13 06:15:26,442 - train_greyscale_FA_MoE.py - {'step': '476200', 'lr': '0.0002', 'total_loss': '0.0290359', 'main_loss': '0.0290359', 'time_per_step': '2.21615'}
2025-11-13 06:19:14,649 - train_greyscale_FA_MoE.py - {'step': '476300', 'lr': '0.0002', 'total_loss': '0.0281218', 'main_loss': '0.0281218', 'time_per_step': '2.20989'}
2025-11-13 06:23:01,525 - train_greyscale_FA_MoE.py - {'step': '476400', 'lr': '0.0002', 'total_loss': '0.0310987', 'main_loss': '0.0310987', 'time_per_step': '2.20229'}
2025-11-13 06:26:48,977 - train_greyscale_FA_MoE.py - {'step': '476500', 'lr': '0.0002', 'total_loss': '0.0230151', 'main_loss': '0.0230151', 'time_per_step': '2.09913'}
2025-11-13 06:30:36,724 - train_greyscale_FA_MoE.py - {'step': '476600', 'lr': '0.0002', 'total_loss': '0.0237709', 'main_loss': '0.0237709', 'time_per_step': '2.10882'}
2025-11-13 06:34:25,124 - train_greyscale_FA_MoE.py - {'step': '476700', 'lr': '0.0002', 'total_loss': '0.0243775', 'main_loss': '0.0243775', 'time_per_step': '2.4066'}
2025-11-13 06:38:13,435 - train_greyscale_FA_MoE.py - {'step': '476800', 'lr': '0.0002', 'total_loss': '0.0285966', 'main_loss': '0.0285966', 'time_per_step': '2.2426'}
2025-11-13 06:42:01,473 - train_greyscale_FA_MoE.py - {'step': '476900', 'lr': '0.0002', 'total_loss': '0.0320757', 'main_loss': '0.0320757', 'time_per_step': '2.23077'}
2025-11-13 06:45:50,031 - train_greyscale_FA_MoE.py - {'step': '477000', 'lr': '0.0002', 'total_loss': '0.0263695', 'main_loss': '0.0263695', 'time_per_step': '2.18182'}
2025-11-13 06:49:36,858 - train_greyscale_FA_MoE.py - {'step': '477100', 'lr': '0.0002', 'total_loss': '0.0338686', 'main_loss': '0.0338686', 'time_per_step': '2.2066'}
2025-11-13 06:53:24,901 - train_greyscale_FA_MoE.py - {'step': '477200', 'lr': '0.0002', 'total_loss': '0.0259795', 'main_loss': '0.0259795', 'time_per_step': '2.20708'}
2025-11-13 06:57:12,149 - train_greyscale_FA_MoE.py - {'step': '477300', 'lr': '0.0002', 'total_loss': '0.027327', 'main_loss': '0.027327', 'time_per_step': '2.20712'}
2025-11-13 07:00:59,701 - train_greyscale_FA_MoE.py - {'step': '477400', 'lr': '0.0002', 'total_loss': '0.0254951', 'main_loss': '0.0254951', 'time_per_step': '2.211'}
2025-11-13 07:04:47,409 - train_greyscale_FA_MoE.py - {'step': '477500', 'lr': '0.0002', 'total_loss': '0.0267433', 'main_loss': '0.0267433', 'time_per_step': '2.23187'}
2025-11-13 07:08:35,424 - train_greyscale_FA_MoE.py - {'step': '477600', 'lr': '0.0002', 'total_loss': '0.0266694', 'main_loss': '0.0266694', 'time_per_step': '2.22674'}
2025-11-13 07:12:23,456 - train_greyscale_FA_MoE.py - {'step': '477700', 'lr': '0.0002', 'total_loss': '0.0217026', 'main_loss': '0.0217026', 'time_per_step': '2.10249'}
2025-11-13 07:16:11,217 - train_greyscale_FA_MoE.py - {'step': '477800', 'lr': '0.0002', 'total_loss': '0.0250332', 'main_loss': '0.0250332', 'time_per_step': '2.09891'}
2025-11-13 07:19:58,669 - train_greyscale_FA_MoE.py - {'step': '477900', 'lr': '0.0002', 'total_loss': '0.0191187', 'main_loss': '0.0191187', 'time_per_step': '2.19286'}
2025-11-13 07:23:46,245 - train_greyscale_FA_MoE.py - {'step': '478000', 'lr': '0.0002', 'total_loss': '0.0184643', 'main_loss': '0.0184643', 'time_per_step': '2.35641'}
2025-11-13 07:27:34,919 - train_greyscale_FA_MoE.py - {'step': '478100', 'lr': '0.0002', 'total_loss': '0.0279417', 'main_loss': '0.0279417', 'time_per_step': '2.27689'}
2025-11-13 07:31:23,590 - train_greyscale_FA_MoE.py - {'step': '478200', 'lr': '0.0002', 'total_loss': '0.0263078', 'main_loss': '0.0263078', 'time_per_step': '2.25093'}
2025-11-13 07:35:15,286 - train_greyscale_FA_MoE.py - {'step': '478300', 'lr': '0.0002', 'total_loss': '0.027741', 'main_loss': '0.027741', 'time_per_step': '2.1973'}
2025-11-13 07:39:05,560 - train_greyscale_FA_MoE.py - {'step': '478400', 'lr': '0.0002', 'total_loss': '0.0228059', 'main_loss': '0.0228059', 'time_per_step': '2.29672'}
2025-11-13 07:43:00,640 - train_greyscale_FA_MoE.py - {'step': '478500', 'lr': '0.0002', 'total_loss': '0.0273561', 'main_loss': '0.0273561', 'time_per_step': '2.22449'}
2025-11-13 07:46:52,248 - train_greyscale_FA_MoE.py - {'step': '478600', 'lr': '0.0002', 'total_loss': '0.0232271', 'main_loss': '0.0232271', 'time_per_step': '2.19903'}
2025-11-13 07:50:40,465 - train_greyscale_FA_MoE.py - {'step': '478700', 'lr': '0.0002', 'total_loss': '0.0301061', 'main_loss': '0.0301061', 'time_per_step': '2.21539'}
2025-11-13 07:54:27,051 - train_greyscale_FA_MoE.py - {'step': '478800', 'lr': '0.0002', 'total_loss': '0.0250166', 'main_loss': '0.0250166', 'time_per_step': '2.22023'}
2025-11-13 07:58:14,926 - train_greyscale_FA_MoE.py - {'step': '478900', 'lr': '0.0002', 'total_loss': '0.0255441', 'main_loss': '0.0255441', 'time_per_step': '2.09805'}
2025-11-13 08:02:03,486 - train_greyscale_FA_MoE.py - {'step': '479000', 'lr': '0.0002', 'total_loss': '0.0260185', 'main_loss': '0.0260185', 'time_per_step': '2.09774'}
2025-11-13 08:05:52,802 - train_greyscale_FA_MoE.py - {'step': '479100', 'lr': '0.0002', 'total_loss': '0.0217952', 'main_loss': '0.0217952', 'time_per_step': '2.20583'}
2025-11-13 08:09:39,415 - train_greyscale_FA_MoE.py - {'step': '479200', 'lr': '0.0002', 'total_loss': '0.0331501', 'main_loss': '0.0331501', 'time_per_step': '2.25225'}
2025-11-13 08:13:26,998 - train_greyscale_FA_MoE.py - {'step': '479300', 'lr': '0.0002', 'total_loss': '0.0274171', 'main_loss': '0.0274171', 'time_per_step': '2.21056'}
2025-11-13 08:17:14,988 - train_greyscale_FA_MoE.py - {'step': '479400', 'lr': '0.0002', 'total_loss': '0.0174495', 'main_loss': '0.0174495', 'time_per_step': '2.19727'}
2025-11-13 08:21:02,897 - train_greyscale_FA_MoE.py - {'step': '479500', 'lr': '0.0002', 'total_loss': '0.0252764', 'main_loss': '0.0252764', 'time_per_step': '2.1695'}
2025-11-13 08:24:49,426 - train_greyscale_FA_MoE.py - {'step': '479600', 'lr': '0.0002', 'total_loss': '0.0225717', 'main_loss': '0.0225717', 'time_per_step': '2.17531'}
2025-11-13 08:28:36,911 - train_greyscale_FA_MoE.py - {'step': '479700', 'lr': '0.0002', 'total_loss': '0.0280603', 'main_loss': '0.0280603', 'time_per_step': '2.20044'}
2025-11-13 08:32:24,818 - train_greyscale_FA_MoE.py - {'step': '479800', 'lr': '0.0002', 'total_loss': '0.0253571', 'main_loss': '0.0253571', 'time_per_step': '2.23746'}
2025-11-13 08:36:12,714 - train_greyscale_FA_MoE.py - {'step': '479900', 'lr': '0.0002', 'total_loss': '0.0267793', 'main_loss': '0.0267793', 'time_per_step': '2.22412'}
2025-11-13 08:40:00,188 - train_greyscale_FA_MoE.py - {'step': '480000', 'lr': '0.0002', 'total_loss': '0.0295239', 'main_loss': '0.0295239', 'time_per_step': '2.23558'}
2025-11-13 08:43:48,616 - train_greyscale_FA_MoE.py - {'step': '480100', 'lr': '0.0002', 'total_loss': '0.0220937', 'main_loss': '0.0220937', 'time_per_step': '2.10087'}
2025-11-13 08:47:39,940 - train_greyscale_FA_MoE.py - {'step': '480200', 'lr': '0.0002', 'total_loss': '0.023783', 'main_loss': '0.023783', 'time_per_step': '2.08707'}
2025-11-13 08:51:29,158 - train_greyscale_FA_MoE.py - {'step': '480300', 'lr': '0.0002', 'total_loss': '0.0253995', 'main_loss': '0.0253995', 'time_per_step': '2.20951'}
2025-11-13 08:55:16,282 - train_greyscale_FA_MoE.py - {'step': '480400', 'lr': '0.0002', 'total_loss': '0.0234289', 'main_loss': '0.0234289', 'time_per_step': '2.23066'}
2025-11-13 08:59:04,202 - train_greyscale_FA_MoE.py - {'step': '480500', 'lr': '0.0002', 'total_loss': '0.0289096', 'main_loss': '0.0289096', 'time_per_step': '2.20597'}
2025-11-13 09:02:53,782 - train_greyscale_FA_MoE.py - {'step': '480600', 'lr': '0.0002', 'total_loss': '0.0274758', 'main_loss': '0.0274758', 'time_per_step': '2.22373'}
2025-11-13 09:06:41,312 - train_greyscale_FA_MoE.py - {'step': '480700', 'lr': '0.0002', 'total_loss': '0.0223046', 'main_loss': '0.0223046', 'time_per_step': '2.21152'}
2025-11-13 09:10:28,309 - train_greyscale_FA_MoE.py - {'step': '480800', 'lr': '0.0002', 'total_loss': '0.02398', 'main_loss': '0.02398', 'time_per_step': '2.22895'}
2025-11-13 09:14:16,310 - train_greyscale_FA_MoE.py - {'step': '480900', 'lr': '0.0002', 'total_loss': '0.0265666', 'main_loss': '0.0265666', 'time_per_step': '2.19556'}
2025-11-13 09:18:04,347 - train_greyscale_FA_MoE.py - {'step': '481000', 'lr': '0.0002', 'total_loss': '0.0276234', 'main_loss': '0.0276234', 'time_per_step': '2.21145'}
2025-11-13 09:21:52,621 - train_greyscale_FA_MoE.py - {'step': '481100', 'lr': '0.0002', 'total_loss': '0.0199795', 'main_loss': '0.0199795', 'time_per_step': '2.19111'}
2025-11-13 09:25:39,586 - train_greyscale_FA_MoE.py - {'step': '481200', 'lr': '0.0002', 'total_loss': '0.0229044', 'main_loss': '0.0229044', 'time_per_step': '2.2011'}
2025-11-13 09:29:27,933 - train_greyscale_FA_MoE.py - {'step': '481300', 'lr': '0.0002', 'total_loss': '0.0248336', 'main_loss': '0.0248336', 'time_per_step': '2.09896'}
2025-11-13 09:33:16,152 - train_greyscale_FA_MoE.py - {'step': '481400', 'lr': '0.0002', 'total_loss': '0.0201186', 'main_loss': '0.0201186', 'time_per_step': '2.0853'}
2025-11-13 09:37:04,491 - train_greyscale_FA_MoE.py - {'step': '481500', 'lr': '0.0002', 'total_loss': '0.0260973', 'main_loss': '0.0260973', 'time_per_step': '2.22631'}
2025-11-13 09:40:51,495 - train_greyscale_FA_MoE.py - {'step': '481600', 'lr': '0.0002', 'total_loss': '0.0206095', 'main_loss': '0.0206095', 'time_per_step': '2.20186'}
2025-11-13 09:44:40,251 - train_greyscale_FA_MoE.py - {'step': '481700', 'lr': '0.0002', 'total_loss': '0.0230612', 'main_loss': '0.0230612', 'time_per_step': '2.22453'}
2025-11-13 09:48:28,729 - train_greyscale_FA_MoE.py - {'step': '481800', 'lr': '0.0002', 'total_loss': '0.0286285', 'main_loss': '0.0286285', 'time_per_step': '2.17256'}
2025-11-13 09:52:18,349 - train_greyscale_FA_MoE.py - {'step': '481900', 'lr': '0.0002', 'total_loss': '0.0282046', 'main_loss': '0.0282046', 'time_per_step': '2.21443'}
2025-11-13 09:56:05,593 - train_greyscale_FA_MoE.py - {'step': '482000', 'lr': '0.0002', 'total_loss': '0.0244793', 'main_loss': '0.0244793', 'time_per_step': '2.25484'}
2025-11-13 09:59:53,975 - train_greyscale_FA_MoE.py - {'step': '482100', 'lr': '0.0002', 'total_loss': '0.0277507', 'main_loss': '0.0277507', 'time_per_step': '2.23379'}
2025-11-13 10:03:43,168 - train_greyscale_FA_MoE.py - {'step': '482200', 'lr': '0.0002', 'total_loss': '0.0289747', 'main_loss': '0.0289747', 'time_per_step': '2.21141'}
2025-11-13 10:07:30,253 - train_greyscale_FA_MoE.py - {'step': '482300', 'lr': '0.0002', 'total_loss': '0.0218444', 'main_loss': '0.0218444', 'time_per_step': '2.19843'}
2025-11-13 10:11:16,740 - train_greyscale_FA_MoE.py - {'step': '482400', 'lr': '0.0002', 'total_loss': '0.0272783', 'main_loss': '0.0272783', 'time_per_step': '2.19639'}
2025-11-13 10:15:03,814 - train_greyscale_FA_MoE.py - {'step': '482500', 'lr': '0.0002', 'total_loss': '0.0237941', 'main_loss': '0.0237941', 'time_per_step': '2.10776'}
2025-11-13 10:18:51,745 - train_greyscale_FA_MoE.py - {'step': '482600', 'lr': '0.0002', 'total_loss': '0.0234509', 'main_loss': '0.0234509', 'time_per_step': '2.09654'}
2025-11-13 10:22:40,430 - train_greyscale_FA_MoE.py - {'step': '482700', 'lr': '0.0002', 'total_loss': '0.0303962', 'main_loss': '0.0303962', 'time_per_step': '2.14846'}
2025-11-13 10:26:27,260 - train_greyscale_FA_MoE.py - {'step': '482800', 'lr': '0.0002', 'total_loss': '0.0294038', 'main_loss': '0.0294038', 'time_per_step': '2.14944'}
2025-11-13 10:30:15,928 - train_greyscale_FA_MoE.py - {'step': '482900', 'lr': '0.0002', 'total_loss': '0.0264958', 'main_loss': '0.0264958', 'time_per_step': '2.21648'}
2025-11-13 10:34:04,150 - train_greyscale_FA_MoE.py - {'step': '483000', 'lr': '0.0002', 'total_loss': '0.0261718', 'main_loss': '0.0261718', 'time_per_step': '2.20182'}
2025-11-13 10:37:52,116 - train_greyscale_FA_MoE.py - {'step': '483100', 'lr': '0.0002', 'total_loss': '0.0242663', 'main_loss': '0.0242663', 'time_per_step': '2.18345'}
2025-11-13 10:41:39,339 - train_greyscale_FA_MoE.py - {'step': '483200', 'lr': '0.0002', 'total_loss': '0.0253071', 'main_loss': '0.0253071', 'time_per_step': '2.18598'}
2025-11-13 10:45:27,394 - train_greyscale_FA_MoE.py - {'step': '483300', 'lr': '0.0002', 'total_loss': '0.0251787', 'main_loss': '0.0251787', 'time_per_step': '2.1722'}
2025-11-13 10:49:14,963 - train_greyscale_FA_MoE.py - {'step': '483400', 'lr': '0.0002', 'total_loss': '0.0259925', 'main_loss': '0.0259925', 'time_per_step': '2.17364'}
2025-11-13 10:53:04,034 - train_greyscale_FA_MoE.py - {'step': '483500', 'lr': '0.0002', 'total_loss': '0.0283828', 'main_loss': '0.0283828', 'time_per_step': '2.18891'}
2025-11-13 10:56:51,653 - train_greyscale_FA_MoE.py - {'step': '483600', 'lr': '0.0002', 'total_loss': '0.0253047', 'main_loss': '0.0253047', 'time_per_step': '2.18138'}
2025-11-13 11:00:39,898 - train_greyscale_FA_MoE.py - {'step': '483700', 'lr': '0.0002', 'total_loss': '0.0253314', 'main_loss': '0.0253314', 'time_per_step': '2.08362'}
2025-11-13 11:04:28,411 - train_greyscale_FA_MoE.py - {'step': '483800', 'lr': '0.0002', 'total_loss': '0.0230391', 'main_loss': '0.0230391', 'time_per_step': '2.09734'}
2025-11-13 11:08:16,624 - train_greyscale_FA_MoE.py - {'step': '483900', 'lr': '0.0002', 'total_loss': '0.0274351', 'main_loss': '0.0274351', 'time_per_step': '2.21069'}
2025-11-13 11:12:03,568 - train_greyscale_FA_MoE.py - {'step': '484000', 'lr': '0.0002', 'total_loss': '0.0242558', 'main_loss': '0.0242558', 'time_per_step': '2.2154'}
2025-11-13 11:15:51,733 - train_greyscale_FA_MoE.py - {'step': '484100', 'lr': '0.0002', 'total_loss': '0.0227135', 'main_loss': '0.0227135', 'time_per_step': '2.20458'}
2025-11-13 11:19:39,117 - train_greyscale_FA_MoE.py - {'step': '484200', 'lr': '0.0002', 'total_loss': '0.023099', 'main_loss': '0.023099', 'time_per_step': '2.22356'}
2025-11-13 11:23:27,836 - train_greyscale_FA_MoE.py - {'step': '484300', 'lr': '0.0002', 'total_loss': '0.0288688', 'main_loss': '0.0288688', 'time_per_step': '2.2046'}
2025-11-13 11:27:15,972 - train_greyscale_FA_MoE.py - {'step': '484400', 'lr': '0.0002', 'total_loss': '0.0244565', 'main_loss': '0.0244565', 'time_per_step': '2.22075'}
2025-11-13 11:31:04,611 - train_greyscale_FA_MoE.py - {'step': '484500', 'lr': '0.0002', 'total_loss': '0.0262975', 'main_loss': '0.0262975', 'time_per_step': '2.29515'}
2025-11-13 11:34:52,032 - train_greyscale_FA_MoE.py - {'step': '484600', 'lr': '0.0002', 'total_loss': '0.0285499', 'main_loss': '0.0285499', 'time_per_step': '2.22849'}
2025-11-13 11:38:40,590 - train_greyscale_FA_MoE.py - {'step': '484700', 'lr': '0.0002', 'total_loss': '0.0222479', 'main_loss': '0.0222479', 'time_per_step': '2.19425'}
2025-11-13 11:42:27,619 - train_greyscale_FA_MoE.py - {'step': '484800', 'lr': '0.0002', 'total_loss': '0.0258623', 'main_loss': '0.0258623', 'time_per_step': '2.19877'}
2025-11-13 11:46:15,505 - train_greyscale_FA_MoE.py - {'step': '484900', 'lr': '0.0002', 'total_loss': '0.0246259', 'main_loss': '0.0246259', 'time_per_step': '2.12205'}
2025-11-13 11:50:03,065 - train_greyscale_FA_MoE.py - {'step': '485000', 'lr': '0.0002', 'total_loss': '0.0320171', 'main_loss': '0.0320171', 'time_per_step': '2.09873'}
2025-11-13 11:53:51,245 - train_greyscale_FA_MoE.py - {'step': '485100', 'lr': '0.0002', 'total_loss': '0.0242314', 'main_loss': '0.0242314', 'time_per_step': '2.19501'}
2025-11-13 11:57:38,648 - train_greyscale_FA_MoE.py - {'step': '485200', 'lr': '0.0002', 'total_loss': '0.0272149', 'main_loss': '0.0272149', 'time_per_step': '2.22206'}
2025-11-13 12:01:27,092 - train_greyscale_FA_MoE.py - {'step': '485300', 'lr': '0.0002', 'total_loss': '0.024192', 'main_loss': '0.024192', 'time_per_step': '2.21874'}
2025-11-13 12:05:15,733 - train_greyscale_FA_MoE.py - {'step': '485400', 'lr': '0.0002', 'total_loss': '0.0233431', 'main_loss': '0.0233431', 'time_per_step': '2.20516'}
2025-11-13 12:09:04,047 - train_greyscale_FA_MoE.py - {'step': '485500', 'lr': '0.0002', 'total_loss': '0.0193967', 'main_loss': '0.0193967', 'time_per_step': '2.19881'}
2025-11-13 12:12:50,811 - train_greyscale_FA_MoE.py - {'step': '485600', 'lr': '0.0002', 'total_loss': '0.033657', 'main_loss': '0.033657', 'time_per_step': '2.21623'}
2025-11-13 12:16:39,302 - train_greyscale_FA_MoE.py - {'step': '485700', 'lr': '0.0002', 'total_loss': '0.0209693', 'main_loss': '0.0209693', 'time_per_step': '2.19869'}
2025-11-13 12:20:28,169 - train_greyscale_FA_MoE.py - {'step': '485800', 'lr': '0.0002', 'total_loss': '0.0271584', 'main_loss': '0.0271584', 'time_per_step': '2.2323'}
2025-11-13 12:24:16,367 - train_greyscale_FA_MoE.py - {'step': '485900', 'lr': '0.0002', 'total_loss': '0.0193569', 'main_loss': '0.0193569', 'time_per_step': '2.20687'}
2025-11-13 12:28:04,499 - train_greyscale_FA_MoE.py - {'step': '486000', 'lr': '0.0002', 'total_loss': '0.0263024', 'main_loss': '0.0263024', 'time_per_step': '2.26454'}
2025-11-13 12:31:52,572 - train_greyscale_FA_MoE.py - {'step': '486100', 'lr': '0.0002', 'total_loss': '0.0183882', 'main_loss': '0.0183882', 'time_per_step': '2.11819'}
2025-11-13 12:35:40,643 - train_greyscale_FA_MoE.py - {'step': '486200', 'lr': '0.0002', 'total_loss': '0.0216398', 'main_loss': '0.0216398', 'time_per_step': '2.11878'}
2025-11-13 12:39:29,713 - train_greyscale_FA_MoE.py - {'step': '486300', 'lr': '0.0002', 'total_loss': '0.0291591', 'main_loss': '0.0291591', 'time_per_step': '2.21677'}
2025-11-13 12:43:16,236 - train_greyscale_FA_MoE.py - {'step': '486400', 'lr': '0.0002', 'total_loss': '0.0251568', 'main_loss': '0.0251568', 'time_per_step': '2.21979'}
2025-11-13 12:47:04,030 - train_greyscale_FA_MoE.py - {'step': '486500', 'lr': '0.0002', 'total_loss': '0.0181035', 'main_loss': '0.0181035', 'time_per_step': '2.19983'}
2025-11-13 12:50:51,870 - train_greyscale_FA_MoE.py - {'step': '486600', 'lr': '0.0002', 'total_loss': '0.0277665', 'main_loss': '0.0277665', 'time_per_step': '2.20628'}
2025-11-13 12:54:39,807 - train_greyscale_FA_MoE.py - {'step': '486700', 'lr': '0.0002', 'total_loss': '0.024743', 'main_loss': '0.024743', 'time_per_step': '2.23113'}
2025-11-13 12:58:26,681 - train_greyscale_FA_MoE.py - {'step': '486800', 'lr': '0.0002', 'total_loss': '0.0285031', 'main_loss': '0.0285031', 'time_per_step': '2.14834'}
2025-11-13 13:02:15,216 - train_greyscale_FA_MoE.py - {'step': '486900', 'lr': '0.0002', 'total_loss': '0.0236529', 'main_loss': '0.0236529', 'time_per_step': '2.20757'}
2025-11-13 13:06:03,620 - train_greyscale_FA_MoE.py - {'step': '487000', 'lr': '0.0002', 'total_loss': '0.0224326', 'main_loss': '0.0224326', 'time_per_step': '2.20049'}
2025-11-13 13:09:51,489 - train_greyscale_FA_MoE.py - {'step': '487100', 'lr': '0.0002', 'total_loss': '0.0221973', 'main_loss': '0.0221973', 'time_per_step': '2.19853'}
2025-11-13 13:13:38,582 - train_greyscale_FA_MoE.py - {'step': '487200', 'lr': '0.0002', 'total_loss': '0.023154', 'main_loss': '0.023154', 'time_per_step': '2.25208'}
2025-11-13 13:17:26,842 - train_greyscale_FA_MoE.py - {'step': '487300', 'lr': '0.0002', 'total_loss': '0.0267937', 'main_loss': '0.0267937', 'time_per_step': '2.11279'}
2025-11-13 13:21:13,909 - train_greyscale_FA_MoE.py - {'step': '487400', 'lr': '0.0002', 'total_loss': '0.0233768', 'main_loss': '0.0233768', 'time_per_step': '2.08484'}
2025-11-13 13:25:01,498 - train_greyscale_FA_MoE.py - {'step': '487500', 'lr': '0.0002', 'total_loss': '0.0265189', 'main_loss': '0.0265189', 'time_per_step': '2.20328'}
2025-11-13 13:28:48,349 - train_greyscale_FA_MoE.py - {'step': '487600', 'lr': '0.0002', 'total_loss': '0.0271215', 'main_loss': '0.0271215', 'time_per_step': '2.19205'}
2025-11-13 13:32:37,049 - train_greyscale_FA_MoE.py - {'step': '487700', 'lr': '0.0002', 'total_loss': '0.0286915', 'main_loss': '0.0286915', 'time_per_step': '2.20936'}
2025-11-13 13:36:24,544 - train_greyscale_FA_MoE.py - {'step': '487800', 'lr': '0.0002', 'total_loss': '0.0274275', 'main_loss': '0.0274275', 'time_per_step': '2.44145'}
2025-11-13 13:40:12,449 - train_greyscale_FA_MoE.py - {'step': '487900', 'lr': '0.0002', 'total_loss': '0.0273374', 'main_loss': '0.0273374', 'time_per_step': '2.22563'}
2025-11-13 13:43:59,037 - train_greyscale_FA_MoE.py - {'step': '488000', 'lr': '0.0002', 'total_loss': '0.0213192', 'main_loss': '0.0213192', 'time_per_step': '2.20451'}
2025-11-13 13:47:47,348 - train_greyscale_FA_MoE.py - {'step': '488100', 'lr': '0.0002', 'total_loss': '0.0277597', 'main_loss': '0.0277597', 'time_per_step': '2.22313'}
2025-11-13 13:51:35,453 - train_greyscale_FA_MoE.py - {'step': '488200', 'lr': '0.0002', 'total_loss': '0.0339095', 'main_loss': '0.0339095', 'time_per_step': '2.31395'}
2025-11-13 13:55:23,322 - train_greyscale_FA_MoE.py - {'step': '488300', 'lr': '0.0002', 'total_loss': '0.0254573', 'main_loss': '0.0254573', 'time_per_step': '2.1815'}
2025-11-13 13:59:10,342 - train_greyscale_FA_MoE.py - {'step': '488400', 'lr': '0.0002', 'total_loss': '0.0302879', 'main_loss': '0.0302879', 'time_per_step': '2.17933'}
2025-11-13 14:02:58,858 - train_greyscale_FA_MoE.py - {'step': '488500', 'lr': '0.0002', 'total_loss': '0.0226699', 'main_loss': '0.0226699', 'time_per_step': '2.10078'}
2025-11-13 14:06:46,917 - train_greyscale_FA_MoE.py - {'step': '488600', 'lr': '0.0002', 'total_loss': '0.0228596', 'main_loss': '0.0228596', 'time_per_step': '2.09577'}
2025-11-13 14:10:35,324 - train_greyscale_FA_MoE.py - {'step': '488700', 'lr': '0.0002', 'total_loss': '0.0241473', 'main_loss': '0.0241473', 'time_per_step': '2.23704'}
2025-11-13 14:14:21,690 - train_greyscale_FA_MoE.py - {'step': '488800', 'lr': '0.0002', 'total_loss': '0.0241059', 'main_loss': '0.0241059', 'time_per_step': '2.22494'}
2025-11-13 14:18:09,897 - train_greyscale_FA_MoE.py - {'step': '488900', 'lr': '0.0002', 'total_loss': '0.0281769', 'main_loss': '0.0281769', 'time_per_step': '2.19259'}
2025-11-13 14:21:58,462 - train_greyscale_FA_MoE.py - {'step': '489000', 'lr': '0.0002', 'total_loss': '0.0266718', 'main_loss': '0.0266718', 'time_per_step': '2.24025'}
2025-11-13 14:25:45,956 - train_greyscale_FA_MoE.py - {'step': '489100', 'lr': '0.0002', 'total_loss': '0.0256331', 'main_loss': '0.0256331', 'time_per_step': '2.25498'}
2025-11-13 14:29:32,724 - train_greyscale_FA_MoE.py - {'step': '489200', 'lr': '0.0002', 'total_loss': '0.0247252', 'main_loss': '0.0247252', 'time_per_step': '2.20944'}
2025-11-13 14:33:21,095 - train_greyscale_FA_MoE.py - {'step': '489300', 'lr': '0.0002', 'total_loss': '0.0222065', 'main_loss': '0.0222065', 'time_per_step': '2.18387'}
2025-11-13 14:37:08,939 - train_greyscale_FA_MoE.py - {'step': '489400', 'lr': '0.0002', 'total_loss': '0.02631', 'main_loss': '0.02631', 'time_per_step': '2.16157'}
2025-11-13 14:40:57,481 - train_greyscale_FA_MoE.py - {'step': '489500', 'lr': '0.0002', 'total_loss': '0.0225008', 'main_loss': '0.0225008', 'time_per_step': '3.77899'}
2025-11-13 14:44:44,846 - train_greyscale_FA_MoE.py - {'step': '489600', 'lr': '0.0002', 'total_loss': '0.0252546', 'main_loss': '0.0252546', 'time_per_step': '2.23739'}
2025-11-13 14:48:33,140 - train_greyscale_FA_MoE.py - {'step': '489700', 'lr': '0.0002', 'total_loss': '0.0255714', 'main_loss': '0.0255714', 'time_per_step': '2.10111'}
2025-11-13 14:52:20,401 - train_greyscale_FA_MoE.py - {'step': '489800', 'lr': '0.0002', 'total_loss': '0.0266795', 'main_loss': '0.0266795', 'time_per_step': '2.09822'}
2025-11-13 14:56:07,848 - train_greyscale_FA_MoE.py - {'step': '489900', 'lr': '0.0002', 'total_loss': '0.0256456', 'main_loss': '0.0256456', 'time_per_step': '2.21598'}
2025-11-13 14:59:55,716 - train_greyscale_FA_MoE.py - {'step': '490000', 'lr': '0.0002', 'total_loss': '0.0228577', 'main_loss': '0.0228577', 'time_per_step': '2.25381'}
2025-11-13 15:03:44,604 - train_greyscale_FA_MoE.py - {'step': '490100', 'lr': '0.0002', 'total_loss': '0.0309558', 'main_loss': '0.0309558', 'time_per_step': '2.21237'}
2025-11-13 15:07:33,609 - train_greyscale_FA_MoE.py - {'step': '490200', 'lr': '0.0002', 'total_loss': '0.0262614', 'main_loss': '0.0262614', 'time_per_step': '2.2193'}
2025-11-13 15:11:20,458 - train_greyscale_FA_MoE.py - {'step': '490300', 'lr': '0.0002', 'total_loss': '0.0263002', 'main_loss': '0.0263002', 'time_per_step': '2.16632'}
2025-11-13 15:15:08,632 - train_greyscale_FA_MoE.py - {'step': '490400', 'lr': '0.0002', 'total_loss': '0.0229851', 'main_loss': '0.0229851', 'time_per_step': '2.21458'}
2025-11-13 15:18:57,218 - train_greyscale_FA_MoE.py - {'step': '490500', 'lr': '0.0002', 'total_loss': '0.029984', 'main_loss': '0.029984', 'time_per_step': '2.22064'}
2025-11-13 15:22:45,123 - train_greyscale_FA_MoE.py - {'step': '490600', 'lr': '0.0002', 'total_loss': '0.0231507', 'main_loss': '0.0231507', 'time_per_step': '2.1932'}
2025-11-13 15:26:32,116 - train_greyscale_FA_MoE.py - {'step': '490700', 'lr': '0.0002', 'total_loss': '0.0219831', 'main_loss': '0.0219831', 'time_per_step': '2.20214'}
2025-11-13 15:30:19,810 - train_greyscale_FA_MoE.py - {'step': '490800', 'lr': '0.0002', 'total_loss': '0.0226668', 'main_loss': '0.0226668', 'time_per_step': '2.21562'}
2025-11-13 15:34:06,539 - train_greyscale_FA_MoE.py - {'step': '490900', 'lr': '0.0002', 'total_loss': '0.0234796', 'main_loss': '0.0234796', 'time_per_step': '2.08835'}
2025-11-13 15:37:53,201 - train_greyscale_FA_MoE.py - {'step': '491000', 'lr': '0.0002', 'total_loss': '0.0246236', 'main_loss': '0.0246236', 'time_per_step': '2.10126'}
2025-11-13 15:41:40,901 - train_greyscale_FA_MoE.py - {'step': '491100', 'lr': '0.0002', 'total_loss': '0.0293789', 'main_loss': '0.0293789', 'time_per_step': '2.22716'}
2025-11-13 15:45:28,851 - train_greyscale_FA_MoE.py - {'step': '491200', 'lr': '0.0002', 'total_loss': '0.0257095', 'main_loss': '0.0257095', 'time_per_step': '2.21841'}
2025-11-13 15:49:17,208 - train_greyscale_FA_MoE.py - {'step': '491300', 'lr': '0.0002', 'total_loss': '0.0232089', 'main_loss': '0.0232089', 'time_per_step': '2.21263'}
2025-11-13 15:53:05,579 - train_greyscale_FA_MoE.py - {'step': '491400', 'lr': '0.0002', 'total_loss': '0.0243267', 'main_loss': '0.0243267', 'time_per_step': '2.26767'}
2025-11-13 15:56:52,506 - train_greyscale_FA_MoE.py - {'step': '491500', 'lr': '0.0002', 'total_loss': '0.0263394', 'main_loss': '0.0263394', 'time_per_step': '2.21274'}
2025-11-13 16:00:40,496 - train_greyscale_FA_MoE.py - {'step': '491600', 'lr': '0.0002', 'total_loss': '0.0248818', 'main_loss': '0.0248818', 'time_per_step': '2.21294'}
2025-11-13 16:04:28,954 - train_greyscale_FA_MoE.py - {'step': '491700', 'lr': '0.0002', 'total_loss': '0.0249729', 'main_loss': '0.0249729', 'time_per_step': '2.20025'}
2025-11-13 16:08:16,775 - train_greyscale_FA_MoE.py - {'step': '491800', 'lr': '0.0002', 'total_loss': '0.02599', 'main_loss': '0.02599', 'time_per_step': '2.21426'}
2025-11-13 16:12:04,082 - train_greyscale_FA_MoE.py - {'step': '491900', 'lr': '0.0002', 'total_loss': '0.0285367', 'main_loss': '0.0285367', 'time_per_step': '2.16889'}
2025-11-13 16:15:52,203 - train_greyscale_FA_MoE.py - {'step': '492000', 'lr': '0.0002', 'total_loss': '0.0298867', 'main_loss': '0.0298867', 'time_per_step': '2.15516'}
2025-11-13 16:19:39,592 - train_greyscale_FA_MoE.py - {'step': '492100', 'lr': '0.0002', 'total_loss': '0.0230689', 'main_loss': '0.0230689', 'time_per_step': '2.09507'}
2025-11-13 16:23:27,504 - train_greyscale_FA_MoE.py - {'step': '492200', 'lr': '0.0002', 'total_loss': '0.0264293', 'main_loss': '0.0264293', 'time_per_step': '2.09811'}
2025-11-13 16:27:13,922 - train_greyscale_FA_MoE.py - {'step': '492300', 'lr': '0.0002', 'total_loss': '0.0218819', 'main_loss': '0.0218819', 'time_per_step': '2.16211'}
2025-11-13 16:31:00,164 - train_greyscale_FA_MoE.py - {'step': '492400', 'lr': '0.0002', 'total_loss': '0.0252832', 'main_loss': '0.0252832', 'time_per_step': '2.16631'}
2025-11-13 16:34:48,250 - train_greyscale_FA_MoE.py - {'step': '492500', 'lr': '0.0002', 'total_loss': '0.0259017', 'main_loss': '0.0259017', 'time_per_step': '2.1959'}
2025-11-13 16:38:36,618 - train_greyscale_FA_MoE.py - {'step': '492600', 'lr': '0.0002', 'total_loss': '0.0279967', 'main_loss': '0.0279967', 'time_per_step': '2.28516'}
2025-11-13 16:42:23,479 - train_greyscale_FA_MoE.py - {'step': '492700', 'lr': '0.0002', 'total_loss': '0.0284024', 'main_loss': '0.0284024', 'time_per_step': '2.27526'}
2025-11-13 16:46:11,332 - train_greyscale_FA_MoE.py - {'step': '492800', 'lr': '0.0002', 'total_loss': '0.0249964', 'main_loss': '0.0249964', 'time_per_step': '2.23161'}
2025-11-13 16:49:58,333 - train_greyscale_FA_MoE.py - {'step': '492900', 'lr': '0.0002', 'total_loss': '0.0280433', 'main_loss': '0.0280433', 'time_per_step': '2.21065'}
2025-11-13 16:53:45,910 - train_greyscale_FA_MoE.py - {'step': '493000', 'lr': '0.0002', 'total_loss': '0.0262706', 'main_loss': '0.0262706', 'time_per_step': '2.21652'}
2025-11-13 16:57:32,247 - train_greyscale_FA_MoE.py - {'step': '493100', 'lr': '0.0002', 'total_loss': '0.0231926', 'main_loss': '0.0231926', 'time_per_step': '2.21824'}
2025-11-13 17:01:19,736 - train_greyscale_FA_MoE.py - {'step': '493200', 'lr': '0.0002', 'total_loss': '0.0221069', 'main_loss': '0.0221069', 'time_per_step': '2.19065'}
2025-11-13 17:05:08,891 - train_greyscale_FA_MoE.py - {'step': '493300', 'lr': '0.0002', 'total_loss': '0.0314966', 'main_loss': '0.0314966', 'time_per_step': '2.11053'}
2025-11-13 17:08:56,993 - train_greyscale_FA_MoE.py - {'step': '493400', 'lr': '0.0002', 'total_loss': '0.0300299', 'main_loss': '0.0300299', 'time_per_step': '2.09707'}
2025-11-13 17:12:44,352 - train_greyscale_FA_MoE.py - {'step': '493500', 'lr': '0.0002', 'total_loss': '0.0288653', 'main_loss': '0.0288653', 'time_per_step': '2.21218'}
2025-11-13 17:16:31,893 - train_greyscale_FA_MoE.py - {'step': '493600', 'lr': '0.0002', 'total_loss': '0.0256512', 'main_loss': '0.0256512', 'time_per_step': '2.22545'}
2025-11-13 17:20:20,018 - train_greyscale_FA_MoE.py - {'step': '493700', 'lr': '0.0002', 'total_loss': '0.0215607', 'main_loss': '0.0215607', 'time_per_step': '2.1612'}
2025-11-13 17:24:07,853 - train_greyscale_FA_MoE.py - {'step': '493800', 'lr': '0.0002', 'total_loss': '0.0288238', 'main_loss': '0.0288238', 'time_per_step': '2.20595'}
2025-11-13 17:27:54,323 - train_greyscale_FA_MoE.py - {'step': '493900', 'lr': '0.0002', 'total_loss': '0.0230453', 'main_loss': '0.0230453', 'time_per_step': '2.21897'}
2025-11-13 17:31:42,844 - train_greyscale_FA_MoE.py - {'step': '494000', 'lr': '0.0002', 'total_loss': '0.0192798', 'main_loss': '0.0192798', 'time_per_step': '2.20398'}
2025-11-13 17:35:30,206 - train_greyscale_FA_MoE.py - {'step': '494100', 'lr': '0.0002', 'total_loss': '0.0200699', 'main_loss': '0.0200699', 'time_per_step': '2.21446'}
2025-11-13 17:39:17,297 - train_greyscale_FA_MoE.py - {'step': '494200', 'lr': '0.0002', 'total_loss': '0.0235244', 'main_loss': '0.0235244', 'time_per_step': '2.23651'}
2025-11-13 17:43:04,347 - train_greyscale_FA_MoE.py - {'step': '494300', 'lr': '0.0002', 'total_loss': '0.0227848', 'main_loss': '0.0227848', 'time_per_step': '2.16938'}
2025-11-13 17:46:52,345 - train_greyscale_FA_MoE.py - {'step': '494400', 'lr': '0.0002', 'total_loss': '0.0200237', 'main_loss': '0.0200237', 'time_per_step': '2.20301'}
2025-11-13 17:50:40,659 - train_greyscale_FA_MoE.py - {'step': '494500', 'lr': '0.0002', 'total_loss': '0.0295446', 'main_loss': '0.0295446', 'time_per_step': '2.10029'}
2025-11-13 17:54:28,390 - train_greyscale_FA_MoE.py - {'step': '494600', 'lr': '0.0002', 'total_loss': '0.0270934', 'main_loss': '0.0270934', 'time_per_step': '2.09763'}
2025-11-13 17:58:15,777 - train_greyscale_FA_MoE.py - {'step': '494700', 'lr': '0.0002', 'total_loss': '0.0261112', 'main_loss': '0.0261112', 'time_per_step': '2.2035'}
2025-11-13 18:02:04,260 - train_greyscale_FA_MoE.py - {'step': '494800', 'lr': '0.0002', 'total_loss': '0.0256557', 'main_loss': '0.0256557', 'time_per_step': '2.16705'}
2025-11-13 18:05:52,226 - train_greyscale_FA_MoE.py - {'step': '494900', 'lr': '0.0002', 'total_loss': '0.0268008', 'main_loss': '0.0268008', 'time_per_step': '2.2052'}
2025-11-13 18:09:39,084 - train_greyscale_FA_MoE.py - {'step': '495000', 'lr': '0.0002', 'total_loss': '0.0241885', 'main_loss': '0.0241885', 'time_per_step': '2.21601'}
2025-11-13 18:13:25,395 - train_greyscale_FA_MoE.py - {'step': '495100', 'lr': '0.0002', 'total_loss': '0.0205515', 'main_loss': '0.0205515', 'time_per_step': '2.20168'}
2025-11-13 18:17:12,756 - train_greyscale_FA_MoE.py - {'step': '495200', 'lr': '0.0002', 'total_loss': '0.0232972', 'main_loss': '0.0232972', 'time_per_step': '2.2206'}
2025-11-13 18:21:01,187 - train_greyscale_FA_MoE.py - {'step': '495300', 'lr': '0.0002', 'total_loss': '0.0277865', 'main_loss': '0.0277865', 'time_per_step': '2.18272'}
2025-11-13 18:24:49,063 - train_greyscale_FA_MoE.py - {'step': '495400', 'lr': '0.0002', 'total_loss': '0.0290844', 'main_loss': '0.0290844', 'time_per_step': '2.22557'}
2025-11-13 18:28:36,054 - train_greyscale_FA_MoE.py - {'step': '495500', 'lr': '0.0002', 'total_loss': '0.0194319', 'main_loss': '0.0194319', 'time_per_step': '2.25084'}
2025-11-13 18:32:23,863 - train_greyscale_FA_MoE.py - {'step': '495600', 'lr': '0.0002', 'total_loss': '0.0256148', 'main_loss': '0.0256148', 'time_per_step': '2.32193'}
2025-11-13 18:36:11,873 - train_greyscale_FA_MoE.py - {'step': '495700', 'lr': '0.0002', 'total_loss': '0.0252334', 'main_loss': '0.0252334', 'time_per_step': '2.11959'}
2025-11-13 18:39:59,319 - train_greyscale_FA_MoE.py - {'step': '495800', 'lr': '0.0002', 'total_loss': '0.0216281', 'main_loss': '0.0216281', 'time_per_step': '2.09543'}
2025-11-13 18:43:46,801 - train_greyscale_FA_MoE.py - {'step': '495900', 'lr': '0.0002', 'total_loss': '0.0276243', 'main_loss': '0.0276243', 'time_per_step': '2.19909'}
2025-11-13 18:47:34,810 - train_greyscale_FA_MoE.py - {'step': '496000', 'lr': '0.0002', 'total_loss': '0.0224637', 'main_loss': '0.0224637', 'time_per_step': '2.26841'}
2025-11-13 18:51:22,612 - train_greyscale_FA_MoE.py - {'step': '496100', 'lr': '0.0002', 'total_loss': '0.0287631', 'main_loss': '0.0287631', 'time_per_step': '2.18196'}
2025-11-13 18:55:10,595 - train_greyscale_FA_MoE.py - {'step': '496200', 'lr': '0.0002', 'total_loss': '0.0241924', 'main_loss': '0.0241924', 'time_per_step': '2.22888'}
2025-11-13 18:58:56,778 - train_greyscale_FA_MoE.py - {'step': '496300', 'lr': '0.0002', 'total_loss': '0.0262159', 'main_loss': '0.0262159', 'time_per_step': '2.20518'}
2025-11-13 19:02:46,261 - train_greyscale_FA_MoE.py - {'step': '496400', 'lr': '0.0002', 'total_loss': '0.0209214', 'main_loss': '0.0209214', 'time_per_step': '2.19885'}
2025-11-13 19:06:34,062 - train_greyscale_FA_MoE.py - {'step': '496500', 'lr': '0.0002', 'total_loss': '0.0268611', 'main_loss': '0.0268611', 'time_per_step': '2.20036'}
2025-11-13 19:10:21,219 - train_greyscale_FA_MoE.py - {'step': '496600', 'lr': '0.0002', 'total_loss': '0.0243397', 'main_loss': '0.0243397', 'time_per_step': '2.19813'}
2025-11-13 19:14:07,669 - train_greyscale_FA_MoE.py - {'step': '496700', 'lr': '0.0002', 'total_loss': '0.0275454', 'main_loss': '0.0275454', 'time_per_step': '2.20178'}
2025-11-13 19:17:54,545 - train_greyscale_FA_MoE.py - {'step': '496800', 'lr': '0.0002', 'total_loss': '0.0254404', 'main_loss': '0.0254404', 'time_per_step': '2.22897'}
2025-11-13 19:21:41,886 - train_greyscale_FA_MoE.py - {'step': '496900', 'lr': '0.0002', 'total_loss': '0.0227857', 'main_loss': '0.0227857', 'time_per_step': '2.10202'}
2025-11-13 19:25:29,271 - train_greyscale_FA_MoE.py - {'step': '497000', 'lr': '0.0002', 'total_loss': '0.0250062', 'main_loss': '0.0250062', 'time_per_step': '2.10035'}
2025-11-13 19:29:16,601 - train_greyscale_FA_MoE.py - {'step': '497100', 'lr': '0.0002', 'total_loss': '0.0283714', 'main_loss': '0.0283714', 'time_per_step': '2.20677'}
2025-11-13 19:33:04,806 - train_greyscale_FA_MoE.py - {'step': '497200', 'lr': '0.0002', 'total_loss': '0.031197', 'main_loss': '0.031197', 'time_per_step': '2.2686'}
2025-11-13 19:36:51,611 - train_greyscale_FA_MoE.py - {'step': '497300', 'lr': '0.0002', 'total_loss': '0.0249729', 'main_loss': '0.0249729', 'time_per_step': '2.23229'}
2025-11-13 19:40:38,755 - train_greyscale_FA_MoE.py - {'step': '497400', 'lr': '0.0002', 'total_loss': '0.0268146', 'main_loss': '0.0268146', 'time_per_step': '2.21021'}
2025-11-13 19:44:25,249 - train_greyscale_FA_MoE.py - {'step': '497500', 'lr': '0.0002', 'total_loss': '0.0214511', 'main_loss': '0.0214511', 'time_per_step': '2.22251'}
2025-11-13 19:48:13,039 - train_greyscale_FA_MoE.py - {'step': '497600', 'lr': '0.0002', 'total_loss': '0.0235615', 'main_loss': '0.0235615', 'time_per_step': '2.20767'}
2025-11-13 19:52:00,952 - train_greyscale_FA_MoE.py - {'step': '497700', 'lr': '0.0002', 'total_loss': '0.0208089', 'main_loss': '0.0208089', 'time_per_step': '2.19395'}
2025-11-13 19:55:48,266 - train_greyscale_FA_MoE.py - {'step': '497800', 'lr': '0.0002', 'total_loss': '0.0220818', 'main_loss': '0.0220818', 'time_per_step': '2.22157'}
2025-11-13 19:59:34,798 - train_greyscale_FA_MoE.py - {'step': '497900', 'lr': '0.0002', 'total_loss': '0.0232123', 'main_loss': '0.0232123', 'time_per_step': '2.24026'}
2025-11-13 20:03:25,891 - train_greyscale_FA_MoE.py - {'step': '498000', 'lr': '0.0002', 'total_loss': '0.0311907', 'main_loss': '0.0311907', 'time_per_step': '2.22126'}
2025-11-13 20:07:15,157 - train_greyscale_FA_MoE.py - {'step': '498100', 'lr': '0.0002', 'total_loss': '0.0229904', 'main_loss': '0.0229904', 'time_per_step': '2.09553'}
2025-11-13 20:11:02,023 - train_greyscale_FA_MoE.py - {'step': '498200', 'lr': '0.0002', 'total_loss': '0.0291473', 'main_loss': '0.0291473', 'time_per_step': '2.09993'}
2025-11-13 20:14:49,318 - train_greyscale_FA_MoE.py - {'step': '498300', 'lr': '0.0002', 'total_loss': '0.026601', 'main_loss': '0.026601', 'time_per_step': '2.2036'}
2025-11-13 20:18:37,351 - train_greyscale_FA_MoE.py - {'step': '498400', 'lr': '0.0002', 'total_loss': '0.0311801', 'main_loss': '0.0311801', 'time_per_step': '2.23428'}
2025-11-13 20:22:25,066 - train_greyscale_FA_MoE.py - {'step': '498500', 'lr': '0.0002', 'total_loss': '0.0285092', 'main_loss': '0.0285092', 'time_per_step': '2.19074'}
2025-11-13 20:26:12,763 - train_greyscale_FA_MoE.py - {'step': '498600', 'lr': '0.0002', 'total_loss': '0.027704', 'main_loss': '0.027704', 'time_per_step': '2.20193'}
2025-11-13 20:29:59,701 - train_greyscale_FA_MoE.py - {'step': '498700', 'lr': '0.0002', 'total_loss': '0.0199356', 'main_loss': '0.0199356', 'time_per_step': '2.14323'}
2025-11-13 20:33:48,093 - train_greyscale_FA_MoE.py - {'step': '498800', 'lr': '0.0002', 'total_loss': '0.0216411', 'main_loss': '0.0216411', 'time_per_step': '2.19751'}
2025-11-13 20:37:35,966 - train_greyscale_FA_MoE.py - {'step': '498900', 'lr': '0.0002', 'total_loss': '0.0257831', 'main_loss': '0.0257831', 'time_per_step': '2.2624'}
2025-11-13 20:41:22,772 - train_greyscale_FA_MoE.py - {'step': '499000', 'lr': '0.0002', 'total_loss': '0.0312329', 'main_loss': '0.0312329', 'time_per_step': '2.20032'}
2025-11-13 20:45:09,571 - train_greyscale_FA_MoE.py - {'step': '499100', 'lr': '0.0002', 'total_loss': '0.027273', 'main_loss': '0.027273', 'time_per_step': '2.18057'}
2025-11-13 20:48:56,568 - train_greyscale_FA_MoE.py - {'step': '499200', 'lr': '0.0002', 'total_loss': '0.0222914', 'main_loss': '0.0222914', 'time_per_step': '2.16597'}
2025-11-13 20:52:44,879 - train_greyscale_FA_MoE.py - {'step': '499300', 'lr': '0.0002', 'total_loss': '0.0217935', 'main_loss': '0.0217935', 'time_per_step': '2.09609'}
2025-11-13 20:56:31,777 - train_greyscale_FA_MoE.py - {'step': '499400', 'lr': '0.0002', 'total_loss': '0.0240791', 'main_loss': '0.0240791', 'time_per_step': '2.10135'}
2025-11-13 21:00:18,883 - train_greyscale_FA_MoE.py - {'step': '499500', 'lr': '0.0002', 'total_loss': '0.0254183', 'main_loss': '0.0254183', 'time_per_step': '2.25164'}
2025-11-13 21:04:08,314 - train_greyscale_FA_MoE.py - {'step': '499600', 'lr': '0.0002', 'total_loss': '0.0217834', 'main_loss': '0.0217834', 'time_per_step': '2.21568'}
2025-11-13 21:07:56,486 - train_greyscale_FA_MoE.py - {'step': '499700', 'lr': '0.0002', 'total_loss': '0.0214815', 'main_loss': '0.0214815', 'time_per_step': '2.21262'}
2025-11-13 21:11:43,319 - train_greyscale_FA_MoE.py - {'step': '499800', 'lr': '0.0002', 'total_loss': '0.0326054', 'main_loss': '0.0326054', 'time_per_step': '2.2193'}
2025-11-13 21:15:29,614 - train_greyscale_FA_MoE.py - {'step': '499900', 'lr': '0.0002', 'total_loss': '0.0276885', 'main_loss': '0.0276885', 'time_per_step': '2.23291'}
2025-11-13 21:19:17,003 - train_greyscale_FA_MoE.py - {'step': '500000', 'lr': '0.0002', 'total_loss': '0.0242191', 'main_loss': '0.0242191', 'time_per_step': '2.19694'}
2025-11-13 21:19:17,014 - train_greyscale_FA_MoE.py - Saved expert distribution of layer in_block_0 to output/acdc_wholeheart_uncond_fa_ec_moe_greyscale_uvit_mid_4by4_l6r9_minmax/samples/expert_distribution_in_block_0_step500000.npy
2025-11-13 21:19:18,439 - train_greyscale_FA_MoE.py - Saved expert distribution of layer out_block_7 to output/acdc_wholeheart_uncond_fa_ec_moe_greyscale_uvit_mid_4by4_l6r9_minmax/samples/expert_distribution_out_block_7_step500000.npy
2025-11-13 21:19:20,013 - train_greyscale_FA_MoE.py - Save a grid of 16 samples into output/acdc_wholeheart_uncond_fa_ec_moe_greyscale_uvit_mid_4by4_l6r9_minmax/samples/500000.png by DPM-Solver
2025-11-13 21:19:25,492 - train_greyscale_FA_MoE.py - Finished saving sample grid to output/acdc_wholeheart_uncond_fa_ec_moe_greyscale_uvit_mid_4by4_l6r9_minmax/samples/500000.png by DPM-Solver.
2025-11-13 21:19:25,538 - train_greyscale_FA_MoE.py - Save and eval checkpoint 500000...
2025-11-13 21:19:27,924 - train_greyscale_FA_MoE.py - eval_step: n_samples=50000, sample_steps=50, algorithm=dpm_solver, mini_batch_size=500, samples save into output/acdc_wholeheart_uncond_fa_ec_moe_greyscale_uvit_mid_4by4_l6r9_minmax/samples/acdc_wholeheart_uncond_uvit_FA_EC_MoE_greyscale_mid_4by4_500000_dpm
2025-11-13 22:09:05,224 - train_greyscale_FA_MoE.py - step=500000 fid50000=16.12904838062684
2025-11-13 22:09:06,734 - is_lpips.py - Found 50000 samples for IS calculation
2025-11-13 22:12:18,874 - is_lpips.py - Total features shape: (50000, 2048)
2025-11-13 22:12:19,439 - is_lpips.py - Inception Score: 0.0017 ± 0.0000
2025-11-13 22:12:19,449 - train_greyscale_FA_MoE.py - step=500000 IS50000=0.001658134744502604 ± 3.2368443498853594e-06
2025-11-13 22:14:47,043 - is_lpips.py - LPIPS: 0.5153 ± 0.0522
2025-11-13 22:14:47,049 - train_greyscale_FA_MoE.py - step=500000 LPIPS50000=0.5152894035553429
2025-11-13 22:15:23,466 - train_greyscale_FA_MoE.py - Finish fitting, step=500000
2025-11-13 22:15:24,683 - train_greyscale_FA_MoE.py - all done!
