2025-09-21 20:27:27,450 - train_greyscale_Pos_MoE.py - ckpt_root: output/acdc_wholeheart_uncond_pos_moh_minmax_greyscale_uvit_mid_4by4/ckpts
dataset:
  SNR_scale: 4.0
  Y_entropy: !!python/tuple
  - 5.883
  - 3.502
  - 2.341
  - 1.48
  - 3.576
  - 2.75
  - 2.018
  - 1.365
  - 2.418
  - 2.045
  - 1.586
  - 1.175
  - 1.453
  - 1.317
  - 1.108
  - 1.0
  Y_max: !!python/tuple
  - 502.5
  - 502.5
  - 502.5
  - 502.5
  - 502.5
  - 502.5
  - 502.5
  - 502.5
  - 502.5
  - 502.5
  - 502.5
  - 502.5
  - 502.5
  - 502.5
  - 502.5
  - 502.5
  Y_mean: !!python/tuple
  - -270.982
  - -0.725
  - 0.44
  - 0.107
  - 0.009
  - 0.154
  - -0.057
  - 0.0
  - -0.008
  - 0.019
  - 0.009
  - -0.012
  - 0.005
  - 0.002
  - 0.004
  - -0.002
  Y_min: !!python/tuple
  - 0
  - 0
  - 0
  - 0
  - 0
  - 0
  - 0
  - 0
  - 0
  - 0
  - 0
  - 0
  - 0
  - 0
  - 0
  - 0
  Y_std: !!python/tuple
  - 182.433
  - 32.821
  - 34.996
  - 14.001
  - 17.621
  - 13.189
  - 5.79
  - 9.609
  - 9.805
  - 5.652
  - 4.634
  - 6.502
  - 4.963
  - 3.796
  - 3.44
  - 2.178
  block_sz: 4
  dataset_type: wholeheart
  greyscale: true
  low_freqs: 16
  name: acdc_uncond
  path: data/scratch/datasets/ACDC/Unlabeled/Wholeheart
  positional_tokens: true
  resolution: 96
  reweight: false
  tokens: 16
  tokenwise_normalization: minmax
lr_scheduler:
  name: customized
  warmup_steps: 5000
mixed_precision: 'no'
name: acdc_wholeheart_uncond_uvit_Pos_MoH_minmax_greyscale_mid_4by4
nnet:
  MoH:
    aux_loss_alpha: 0.001
    depth: 1
    num_shared_heads: 4
    top_k: 8
  depth: 16
  embed_dim: 768
  in_chans: 576
  low_freqs: 16
  mlp_ratio: 4
  mlp_time_embed: false
  name: uvit_greyscale_moh
  num_classes: -1
  num_heads: 12
  qkv_bias: false
  tokens: 16
  use_moe: true
optimizer:
  betas: !!python/tuple
  - 0.99
  - 0.99
  lr: 0.0002
  name: adamw
  weight_decay: 0.03
pred: noise_pred
private:
  accountant: prv
  dp_method: dpsgd
  max_grad_norm: 1.0
  noise_multiplier: 0.5
  secure_mode: false
  target_delta: 1.0e-05
  target_epsilon: 10
  use_dp: false
sample:
  algorithm: euler_maruyama_ode
  mini_batch_size: 500
  n_samples: 50000
  path: data/scratch/samples
  sample_steps: 100
  save_npz: ''
  save_start: 100000
sample_dir: output/acdc_wholeheart_uncond_pos_moh_minmax_greyscale_uvit_mid_4by4/samples
seed: 1234
train:
  batch_size: 512
  eval_interval: 25000
  log_interval: 100
  mode: uncond
  n_steps: 500000
  save_interval: 25000
workdir: output/acdc_wholeheart_uncond_pos_moh_minmax_greyscale_uvit_mid_4by4

2025-09-21 21:33:20,121 - train_greyscale_Pos_MoE.py - ckpt_root: output/acdc_wholeheart_uncond_pos_moh_minmax_greyscale_uvit_mid_4by4/ckpts
dataset:
  SNR_scale: 4.0
  Y_entropy: !!python/tuple
  - 5.883
  - 3.502
  - 2.341
  - 1.48
  - 3.576
  - 2.75
  - 2.018
  - 1.365
  - 2.418
  - 2.045
  - 1.586
  - 1.175
  - 1.453
  - 1.317
  - 1.108
  - 1.0
  Y_max: !!python/tuple
  - 502.5
  - 502.5
  - 502.5
  - 502.5
  - 502.5
  - 502.5
  - 502.5
  - 502.5
  - 502.5
  - 502.5
  - 502.5
  - 502.5
  - 502.5
  - 502.5
  - 502.5
  - 502.5
  Y_mean: !!python/tuple
  - -270.982
  - -0.725
  - 0.44
  - 0.107
  - 0.009
  - 0.154
  - -0.057
  - 0.0
  - -0.008
  - 0.019
  - 0.009
  - -0.012
  - 0.005
  - 0.002
  - 0.004
  - -0.002
  Y_min: !!python/tuple
  - 0
  - 0
  - 0
  - 0
  - 0
  - 0
  - 0
  - 0
  - 0
  - 0
  - 0
  - 0
  - 0
  - 0
  - 0
  - 0
  Y_std: !!python/tuple
  - 182.433
  - 32.821
  - 34.996
  - 14.001
  - 17.621
  - 13.189
  - 5.79
  - 9.609
  - 9.805
  - 5.652
  - 4.634
  - 6.502
  - 4.963
  - 3.796
  - 3.44
  - 2.178
  block_sz: 4
  dataset_type: wholeheart
  greyscale: true
  low_freqs: 16
  name: acdc_uncond
  path: data/scratch/datasets/ACDC/Unlabeled/Wholeheart
  positional_tokens: true
  resolution: 96
  reweight: false
  tokens: 16
  tokenwise_normalization: minmax
lr_scheduler:
  name: customized
  warmup_steps: 5000
mixed_precision: 'no'
name: acdc_wholeheart_uncond_uvit_Pos_MoH_minmax_greyscale_mid_4by4
nnet:
  MoH:
    aux_loss_alpha: 0.001
    depth: 1
    num_shared_heads: 4
    top_k: 8
  depth: 16
  embed_dim: 768
  in_chans: 576
  low_freqs: 16
  mlp_ratio: 4
  mlp_time_embed: false
  name: uvit_greyscale_moh
  num_classes: -1
  num_heads: 12
  qkv_bias: false
  tokens: 16
  use_moe: true
optimizer:
  betas: !!python/tuple
  - 0.99
  - 0.99
  lr: 0.0002
  name: adamw
  weight_decay: 0.03
pred: noise_pred
private:
  accountant: prv
  dp_method: dpsgd
  max_grad_norm: 1.0
  noise_multiplier: 0.5
  secure_mode: false
  target_delta: 1.0e-05
  target_epsilon: 10
  use_dp: false
sample:
  algorithm: euler_maruyama_ode
  mini_batch_size: 500
  n_samples: 50000
  path: data/scratch/samples
  sample_steps: 100
  save_npz: ''
  save_start: 100000
sample_dir: output/acdc_wholeheart_uncond_pos_moh_minmax_greyscale_uvit_mid_4by4/samples
seed: 1234
train:
  batch_size: 512
  eval_interval: 25000
  log_interval: 100
  mode: uncond
  n_steps: 500000
  save_interval: 25000
workdir: output/acdc_wholeheart_uncond_pos_moh_minmax_greyscale_uvit_mid_4by4

2025-09-21 21:33:20,282 - train_greyscale_Pos_MoE.py - dataset samples: 25023
2025-09-21 21:33:20,282 - train_greyscale_Pos_MoE.py - Using minmax for positional token normalization
2025-09-21 21:33:25,060 - utils.py - nnet has 130821720 parameters
2025-09-21 21:33:25,660 - train_greyscale_Pos_MoE.py - Not using loss reweighting.
2025-09-21 21:33:25,661 - train_greyscale_Pos_MoE.py - Start fitting, step=0, mixed_precision=no
2025-09-21 21:37:08,841 - train_greyscale_Pos_MoE.py - {'step': '100', 'lr': '4e-06', 'total_loss': '1.07779', 'main_loss': '1.06179', 'aux_loss': '16', 'time_per_step': '0.796783'}
2025-09-21 21:39:24,062 - train_greyscale_Pos_MoE.py - {'step': '200', 'lr': '8e-06', 'total_loss': '1.01924', 'main_loss': '1.00324', 'aux_loss': '16', 'time_per_step': '0.734754'}
2025-09-21 21:41:39,566 - train_greyscale_Pos_MoE.py - {'step': '300', 'lr': '1.2e-05', 'total_loss': '1.01485', 'main_loss': '0.998848', 'aux_loss': '16', 'time_per_step': '0.837863'}
2025-09-21 21:43:54,676 - train_greyscale_Pos_MoE.py - {'step': '400', 'lr': '1.6e-05', 'total_loss': '1.0082', 'main_loss': '0.992198', 'aux_loss': '16', 'time_per_step': '0.845413'}
2025-09-21 21:46:09,924 - train_greyscale_Pos_MoE.py - {'step': '500', 'lr': '2e-05', 'total_loss': '0.955179', 'main_loss': '0.939179', 'aux_loss': '16', 'time_per_step': '0.743981'}
2025-09-21 21:48:25,296 - train_greyscale_Pos_MoE.py - {'step': '600', 'lr': '2.4e-05', 'total_loss': '0.862911', 'main_loss': '0.846911', 'aux_loss': '16', 'time_per_step': '0.911774'}
2025-09-21 21:50:40,555 - train_greyscale_Pos_MoE.py - {'step': '700', 'lr': '2.8e-05', 'total_loss': '0.754426', 'main_loss': '0.738426', 'aux_loss': '16', 'time_per_step': '0.775266'}
2025-09-21 21:52:55,576 - train_greyscale_Pos_MoE.py - {'step': '800', 'lr': '3.2e-05', 'total_loss': '0.650392', 'main_loss': '0.634392', 'aux_loss': '16', 'time_per_step': '0.750621'}
2025-09-21 21:55:11,681 - train_greyscale_Pos_MoE.py - {'step': '900', 'lr': '3.6e-05', 'total_loss': '0.576935', 'main_loss': '0.560935', 'aux_loss': '16', 'time_per_step': '0.910645'}
2025-09-21 21:57:26,826 - train_greyscale_Pos_MoE.py - {'step': '1000', 'lr': '4e-05', 'total_loss': '0.512402', 'main_loss': '0.496402', 'aux_loss': '16', 'time_per_step': '0.80327'}
2025-09-21 21:59:41,620 - train_greyscale_Pos_MoE.py - {'step': '1100', 'lr': '4.4e-05', 'total_loss': '0.460358', 'main_loss': '0.444358', 'aux_loss': '16', 'time_per_step': '0.899861'}
2025-09-21 22:01:54,477 - train_greyscale_Pos_MoE.py - {'step': '1200', 'lr': '4.8e-05', 'total_loss': '0.414405', 'main_loss': '0.398405', 'aux_loss': '16', 'time_per_step': '0.521159'}
2025-09-21 22:04:12,697 - train_greyscale_Pos_MoE.py - {'step': '1300', 'lr': '5.2e-05', 'total_loss': '0.371861', 'main_loss': '0.355861', 'aux_loss': '16', 'time_per_step': '0.849424'}
2025-09-21 22:06:27,809 - train_greyscale_Pos_MoE.py - {'step': '1400', 'lr': '5.6e-05', 'total_loss': '0.336986', 'main_loss': '0.320986', 'aux_loss': '16', 'time_per_step': '0.846497'}
2025-09-21 22:08:42,602 - train_greyscale_Pos_MoE.py - {'step': '1500', 'lr': '6e-05', 'total_loss': '0.314357', 'main_loss': '0.298357', 'aux_loss': '16', 'time_per_step': '0.724232'}
2025-09-21 22:10:58,307 - train_greyscale_Pos_MoE.py - {'step': '1600', 'lr': '6.4e-05', 'total_loss': '0.286805', 'main_loss': '0.270805', 'aux_loss': '16', 'time_per_step': '0.821229'}
2025-09-21 22:13:13,330 - train_greyscale_Pos_MoE.py - {'step': '1700', 'lr': '6.8e-05', 'total_loss': '0.259684', 'main_loss': '0.243684', 'aux_loss': '16', 'time_per_step': '0.830317'}
2025-09-21 22:15:28,718 - train_greyscale_Pos_MoE.py - {'step': '1800', 'lr': '7.2e-05', 'total_loss': '0.244467', 'main_loss': '0.228467', 'aux_loss': '16', 'time_per_step': '0.777978'}
2025-09-21 22:17:44,033 - train_greyscale_Pos_MoE.py - {'step': '1900', 'lr': '7.6e-05', 'total_loss': '0.22666', 'main_loss': '0.21066', 'aux_loss': '16', 'time_per_step': '0.817092'}
2025-09-21 22:19:59,674 - train_greyscale_Pos_MoE.py - {'step': '2000', 'lr': '8e-05', 'total_loss': '0.202725', 'main_loss': '0.186725', 'aux_loss': '16', 'time_per_step': '0.918176'}
2025-09-21 22:22:15,722 - train_greyscale_Pos_MoE.py - {'step': '2100', 'lr': '8.4e-05', 'total_loss': '0.187624', 'main_loss': '0.171624', 'aux_loss': '16', 'time_per_step': '0.834512'}
2025-09-21 22:24:30,304 - train_greyscale_Pos_MoE.py - {'step': '2200', 'lr': '8.8e-05', 'total_loss': '0.178931', 'main_loss': '0.162931', 'aux_loss': '16', 'time_per_step': '0.823332'}
2025-09-21 22:26:45,746 - train_greyscale_Pos_MoE.py - {'step': '2300', 'lr': '9.2e-05', 'total_loss': '0.161855', 'main_loss': '0.145855', 'aux_loss': '16', 'time_per_step': '0.796653'}
2025-09-21 22:28:58,414 - train_greyscale_Pos_MoE.py - {'step': '2400', 'lr': '9.6e-05', 'total_loss': '0.167257', 'main_loss': '0.151257', 'aux_loss': '16', 'time_per_step': '0.521034'}
2025-09-21 22:31:16,470 - train_greyscale_Pos_MoE.py - {'step': '2500', 'lr': '0.0001', 'total_loss': '0.150792', 'main_loss': '0.134792', 'aux_loss': '16', 'time_per_step': '0.817038'}
2025-09-21 22:33:31,349 - train_greyscale_Pos_MoE.py - {'step': '2600', 'lr': '0.000104', 'total_loss': '0.15148', 'main_loss': '0.13548', 'aux_loss': '16', 'time_per_step': '0.787122'}
2025-09-21 22:35:46,688 - train_greyscale_Pos_MoE.py - {'step': '2700', 'lr': '0.000108', 'total_loss': '0.133935', 'main_loss': '0.117935', 'aux_loss': '16', 'time_per_step': '0.815439'}
2025-09-21 22:38:02,976 - train_greyscale_Pos_MoE.py - {'step': '2800', 'lr': '0.000112', 'total_loss': '0.128982', 'main_loss': '0.112982', 'aux_loss': '16', 'time_per_step': '0.736051'}
2025-09-21 22:40:17,795 - train_greyscale_Pos_MoE.py - {'step': '2900', 'lr': '0.000116', 'total_loss': '0.120331', 'main_loss': '0.104331', 'aux_loss': '16', 'time_per_step': '0.794171'}
2025-09-21 22:42:33,361 - train_greyscale_Pos_MoE.py - {'step': '3000', 'lr': '0.00012', 'total_loss': '0.107853', 'main_loss': '0.0918527', 'aux_loss': '16', 'time_per_step': '0.667686'}
2025-09-21 22:44:49,146 - train_greyscale_Pos_MoE.py - {'step': '3100', 'lr': '0.000124', 'total_loss': '0.115977', 'main_loss': '0.0999768', 'aux_loss': '16', 'time_per_step': '0.806927'}
2025-09-21 22:47:03,920 - train_greyscale_Pos_MoE.py - {'step': '3200', 'lr': '0.000128', 'total_loss': '0.114816', 'main_loss': '0.0988156', 'aux_loss': '16', 'time_per_step': '0.801848'}
2025-09-21 22:49:19,761 - train_greyscale_Pos_MoE.py - {'step': '3300', 'lr': '0.000132', 'total_loss': '0.117633', 'main_loss': '0.101633', 'aux_loss': '16', 'time_per_step': '0.833871'}
2025-09-21 22:51:34,950 - train_greyscale_Pos_MoE.py - {'step': '3400', 'lr': '0.000136', 'total_loss': '0.0963361', 'main_loss': '0.0803361', 'aux_loss': '16', 'time_per_step': '0.728122'}
2025-09-21 22:53:50,733 - train_greyscale_Pos_MoE.py - {'step': '3500', 'lr': '0.00014', 'total_loss': '0.0997341', 'main_loss': '0.0837341', 'aux_loss': '16', 'time_per_step': '0.79724'}
2025-09-21 22:56:03,432 - train_greyscale_Pos_MoE.py - {'step': '3600', 'lr': '0.000144', 'total_loss': '0.110857', 'main_loss': '0.0948572', 'aux_loss': '16', 'time_per_step': '0.522006'}
2025-09-21 22:58:21,532 - train_greyscale_Pos_MoE.py - {'step': '3700', 'lr': '0.000148', 'total_loss': '0.0950878', 'main_loss': '0.0790877', 'aux_loss': '16', 'time_per_step': '0.724173'}
2025-09-21 23:00:37,521 - train_greyscale_Pos_MoE.py - {'step': '3800', 'lr': '0.000152', 'total_loss': '0.109857', 'main_loss': '0.0938572', 'aux_loss': '16', 'time_per_step': '0.720144'}
2025-09-21 23:02:52,437 - train_greyscale_Pos_MoE.py - {'step': '3900', 'lr': '0.000156', 'total_loss': '0.101286', 'main_loss': '0.0852863', 'aux_loss': '16', 'time_per_step': '0.872554'}
2025-09-21 23:05:07,834 - train_greyscale_Pos_MoE.py - {'step': '4000', 'lr': '0.00016', 'total_loss': '0.0981315', 'main_loss': '0.0821315', 'aux_loss': '16', 'time_per_step': '0.794468'}
2025-09-21 23:07:23,733 - train_greyscale_Pos_MoE.py - {'step': '4100', 'lr': '0.000164', 'total_loss': '0.0996482', 'main_loss': '0.0836482', 'aux_loss': '16', 'time_per_step': '1.29276'}
2025-09-21 23:09:38,248 - train_greyscale_Pos_MoE.py - {'step': '4200', 'lr': '0.000168', 'total_loss': '0.0993385', 'main_loss': '0.0833385', 'aux_loss': '16', 'time_per_step': '0.845227'}
2025-09-21 23:11:53,188 - train_greyscale_Pos_MoE.py - {'step': '4300', 'lr': '0.000172', 'total_loss': '0.0989136', 'main_loss': '0.0829136', 'aux_loss': '16', 'time_per_step': '0.820221'}
2025-09-21 23:14:09,145 - train_greyscale_Pos_MoE.py - {'step': '4400', 'lr': '0.000176', 'total_loss': '0.0787327', 'main_loss': '0.0627327', 'aux_loss': '16', 'time_per_step': '0.700715'}
2025-09-21 23:16:24,108 - train_greyscale_Pos_MoE.py - {'step': '4500', 'lr': '0.00018', 'total_loss': '0.0845909', 'main_loss': '0.0685909', 'aux_loss': '16', 'time_per_step': '0.725761'}
2025-09-21 23:18:39,064 - train_greyscale_Pos_MoE.py - {'step': '4600', 'lr': '0.000184', 'total_loss': '0.0966491', 'main_loss': '0.0806491', 'aux_loss': '16', 'time_per_step': '0.763854'}
2025-09-21 23:20:54,450 - train_greyscale_Pos_MoE.py - {'step': '4700', 'lr': '0.000188', 'total_loss': '0.0888717', 'main_loss': '0.0728717', 'aux_loss': '16', 'time_per_step': '0.853883'}
2025-09-21 23:23:07,362 - train_greyscale_Pos_MoE.py - {'step': '4800', 'lr': '0.000192', 'total_loss': '0.0960101', 'main_loss': '0.0800101', 'aux_loss': '16', 'time_per_step': '0.521434'}
2025-09-21 23:25:24,983 - train_greyscale_Pos_MoE.py - {'step': '4900', 'lr': '0.000196', 'total_loss': '0.0885792', 'main_loss': '0.0725792', 'aux_loss': '16', 'time_per_step': '0.690804'}
2025-09-21 23:27:40,387 - train_greyscale_Pos_MoE.py - {'step': '5000', 'lr': '0.0002', 'total_loss': '0.0964132', 'main_loss': '0.0804132', 'aux_loss': '16', 'time_per_step': '0.857213'}
2025-09-21 23:29:55,660 - train_greyscale_Pos_MoE.py - {'step': '5100', 'lr': '0.0002', 'total_loss': '0.0911672', 'main_loss': '0.0751672', 'aux_loss': '16', 'time_per_step': '0.759046'}
2025-09-21 23:32:10,926 - train_greyscale_Pos_MoE.py - {'step': '5200', 'lr': '0.0002', 'total_loss': '0.102997', 'main_loss': '0.086997', 'aux_loss': '16', 'time_per_step': '0.813094'}
2025-09-21 23:34:25,806 - train_greyscale_Pos_MoE.py - {'step': '5300', 'lr': '0.0002', 'total_loss': '0.0915907', 'main_loss': '0.0755907', 'aux_loss': '16', 'time_per_step': '0.776485'}
2025-09-21 23:36:41,597 - train_greyscale_Pos_MoE.py - {'step': '5400', 'lr': '0.0002', 'total_loss': '0.0903323', 'main_loss': '0.0743323', 'aux_loss': '16', 'time_per_step': '0.777551'}
2025-09-21 23:38:55,911 - train_greyscale_Pos_MoE.py - {'step': '5500', 'lr': '0.0002', 'total_loss': '0.0820468', 'main_loss': '0.0660468', 'aux_loss': '16', 'time_per_step': '0.812896'}
2025-09-21 23:41:11,261 - train_greyscale_Pos_MoE.py - {'step': '5600', 'lr': '0.0002', 'total_loss': '0.088402', 'main_loss': '0.0724019', 'aux_loss': '16', 'time_per_step': '0.650273'}
2025-09-21 23:43:26,935 - train_greyscale_Pos_MoE.py - {'step': '5700', 'lr': '0.0002', 'total_loss': '0.0859061', 'main_loss': '0.0699061', 'aux_loss': '16', 'time_per_step': '0.609894'}
2025-09-21 23:45:42,391 - train_greyscale_Pos_MoE.py - {'step': '5800', 'lr': '0.0002', 'total_loss': '0.0986331', 'main_loss': '0.0826331', 'aux_loss': '16', 'time_per_step': '0.87779'}
2025-09-21 23:47:56,492 - train_greyscale_Pos_MoE.py - {'step': '5900', 'lr': '0.0002', 'total_loss': '0.0820316', 'main_loss': '0.0660316', 'aux_loss': '16', 'time_per_step': '0.812522'}
2025-09-21 23:50:09,760 - train_greyscale_Pos_MoE.py - {'step': '6000', 'lr': '0.0002', 'total_loss': '0.0798525', 'main_loss': '0.0638525', 'aux_loss': '16', 'time_per_step': '0.523121'}
2025-09-21 23:52:27,757 - train_greyscale_Pos_MoE.py - {'step': '6100', 'lr': '0.0002', 'total_loss': '0.0728901', 'main_loss': '0.0568901', 'aux_loss': '16', 'time_per_step': '0.825107'}
2025-09-21 23:54:43,665 - train_greyscale_Pos_MoE.py - {'step': '6200', 'lr': '0.0002', 'total_loss': '0.0828555', 'main_loss': '0.0668555', 'aux_loss': '16', 'time_per_step': '0.727574'}
2025-09-21 23:56:58,482 - train_greyscale_Pos_MoE.py - {'step': '6300', 'lr': '0.0002', 'total_loss': '0.0884512', 'main_loss': '0.0724512', 'aux_loss': '16', 'time_per_step': '0.880969'}
2025-09-21 23:59:13,611 - train_greyscale_Pos_MoE.py - {'step': '6400', 'lr': '0.0002', 'total_loss': '0.0847318', 'main_loss': '0.0687318', 'aux_loss': '16', 'time_per_step': '0.891604'}
2025-09-22 00:01:28,960 - train_greyscale_Pos_MoE.py - {'step': '6500', 'lr': '0.0002', 'total_loss': '0.091734', 'main_loss': '0.075734', 'aux_loss': '16', 'time_per_step': '0.936064'}
2025-09-22 00:03:43,661 - train_greyscale_Pos_MoE.py - {'step': '6600', 'lr': '0.0002', 'total_loss': '0.0968347', 'main_loss': '0.0808347', 'aux_loss': '16', 'time_per_step': '0.767893'}
2025-09-22 00:05:58,760 - train_greyscale_Pos_MoE.py - {'step': '6700', 'lr': '0.0002', 'total_loss': '0.0797228', 'main_loss': '0.0637228', 'aux_loss': '16', 'time_per_step': '0.719671'}
2025-09-22 00:08:14,445 - train_greyscale_Pos_MoE.py - {'step': '6800', 'lr': '0.0002', 'total_loss': '0.0833864', 'main_loss': '0.0673864', 'aux_loss': '16', 'time_per_step': '0.902256'}
2025-09-22 00:10:29,127 - train_greyscale_Pos_MoE.py - {'step': '6900', 'lr': '0.0002', 'total_loss': '0.073127', 'main_loss': '0.057127', 'aux_loss': '16', 'time_per_step': '0.713186'}
2025-09-22 00:12:44,389 - train_greyscale_Pos_MoE.py - {'step': '7000', 'lr': '0.0002', 'total_loss': '0.0855189', 'main_loss': '0.0695189', 'aux_loss': '16', 'time_per_step': '0.788405'}
2025-09-22 00:15:00,023 - train_greyscale_Pos_MoE.py - {'step': '7100', 'lr': '0.0002', 'total_loss': '0.0776653', 'main_loss': '0.0616653', 'aux_loss': '16', 'time_per_step': '0.810447'}
2025-09-22 00:17:12,815 - train_greyscale_Pos_MoE.py - {'step': '7200', 'lr': '0.0002', 'total_loss': '0.0718275', 'main_loss': '0.0558275', 'aux_loss': '16', 'time_per_step': '0.523026'}
2025-09-22 00:19:31,014 - train_greyscale_Pos_MoE.py - {'step': '7300', 'lr': '0.0002', 'total_loss': '0.0802639', 'main_loss': '0.0642639', 'aux_loss': '16', 'time_per_step': '0.646361'}
2025-09-22 00:21:46,169 - train_greyscale_Pos_MoE.py - {'step': '7400', 'lr': '0.0002', 'total_loss': '0.07735', 'main_loss': '0.06135', 'aux_loss': '16', 'time_per_step': '0.86705'}
2025-09-22 00:24:01,483 - train_greyscale_Pos_MoE.py - {'step': '7500', 'lr': '0.0002', 'total_loss': '0.0741384', 'main_loss': '0.0581384', 'aux_loss': '16', 'time_per_step': '0.909636'}
2025-09-22 00:26:16,497 - train_greyscale_Pos_MoE.py - {'step': '7600', 'lr': '0.0002', 'total_loss': '0.077562', 'main_loss': '0.061562', 'aux_loss': '16', 'time_per_step': '0.774117'}
2025-09-22 00:28:31,642 - train_greyscale_Pos_MoE.py - {'step': '7700', 'lr': '0.0002', 'total_loss': '0.0756022', 'main_loss': '0.0596022', 'aux_loss': '16', 'time_per_step': '0.849975'}
2025-09-22 00:30:46,497 - train_greyscale_Pos_MoE.py - {'step': '7800', 'lr': '0.0002', 'total_loss': '0.0750709', 'main_loss': '0.0590709', 'aux_loss': '16', 'time_per_step': '0.765263'}
2025-09-22 00:33:02,124 - train_greyscale_Pos_MoE.py - {'step': '7900', 'lr': '0.0002', 'total_loss': '0.0762192', 'main_loss': '0.0602192', 'aux_loss': '16', 'time_per_step': '0.770058'}
2025-09-22 00:35:16,868 - train_greyscale_Pos_MoE.py - {'step': '8000', 'lr': '0.0002', 'total_loss': '0.074632', 'main_loss': '0.058632', 'aux_loss': '16', 'time_per_step': '0.800314'}
2025-09-22 00:37:32,150 - train_greyscale_Pos_MoE.py - {'step': '8100', 'lr': '0.0002', 'total_loss': '0.0758255', 'main_loss': '0.0598255', 'aux_loss': '16', 'time_per_step': '0.946728'}
2025-09-22 00:39:47,604 - train_greyscale_Pos_MoE.py - {'step': '8200', 'lr': '0.0002', 'total_loss': '0.0750789', 'main_loss': '0.0590789', 'aux_loss': '16', 'time_per_step': '0.789761'}
2025-09-22 00:42:02,598 - train_greyscale_Pos_MoE.py - {'step': '8300', 'lr': '0.0002', 'total_loss': '0.0698084', 'main_loss': '0.0538084', 'aux_loss': '16', 'time_per_step': '0.740903'}
2025-09-22 00:44:15,889 - train_greyscale_Pos_MoE.py - {'step': '8400', 'lr': '0.0002', 'total_loss': '0.0774962', 'main_loss': '0.0614962', 'aux_loss': '16', 'time_per_step': '0.520789'}
2025-09-22 00:46:33,780 - train_greyscale_Pos_MoE.py - {'step': '8500', 'lr': '0.0002', 'total_loss': '0.0644848', 'main_loss': '0.0484848', 'aux_loss': '16', 'time_per_step': '0.84583'}
2025-09-22 00:48:49,341 - train_greyscale_Pos_MoE.py - {'step': '8600', 'lr': '0.0002', 'total_loss': '0.0721801', 'main_loss': '0.0561801', 'aux_loss': '16', 'time_per_step': '0.821405'}
2025-09-22 00:51:03,918 - train_greyscale_Pos_MoE.py - {'step': '8700', 'lr': '0.0002', 'total_loss': '0.0717575', 'main_loss': '0.0557575', 'aux_loss': '16', 'time_per_step': '0.875509'}
2025-09-22 00:53:18,659 - train_greyscale_Pos_MoE.py - {'step': '8800', 'lr': '0.0002', 'total_loss': '0.068037', 'main_loss': '0.052037', 'aux_loss': '16', 'time_per_step': '0.681571'}
2025-09-22 00:55:32,891 - train_greyscale_Pos_MoE.py - {'step': '8900', 'lr': '0.0002', 'total_loss': '0.0860115', 'main_loss': '0.0700115', 'aux_loss': '16', 'time_per_step': '0.841402'}
2025-09-22 00:57:48,306 - train_greyscale_Pos_MoE.py - {'step': '9000', 'lr': '0.0002', 'total_loss': '0.0722295', 'main_loss': '0.0562295', 'aux_loss': '16', 'time_per_step': '0.797327'}
2025-09-22 01:00:03,416 - train_greyscale_Pos_MoE.py - {'step': '9100', 'lr': '0.0002', 'total_loss': '0.0629314', 'main_loss': '0.0469314', 'aux_loss': '16', 'time_per_step': '0.863627'}
2025-09-22 01:02:18,631 - train_greyscale_Pos_MoE.py - {'step': '9200', 'lr': '0.0002', 'total_loss': '0.0799334', 'main_loss': '0.0639334', 'aux_loss': '16', 'time_per_step': '0.828232'}
2025-09-22 01:04:33,860 - train_greyscale_Pos_MoE.py - {'step': '9300', 'lr': '0.0002', 'total_loss': '0.079666', 'main_loss': '0.063666', 'aux_loss': '16', 'time_per_step': '0.785327'}
2025-09-22 01:06:49,130 - train_greyscale_Pos_MoE.py - {'step': '9400', 'lr': '0.0002', 'total_loss': '0.0717448', 'main_loss': '0.0557448', 'aux_loss': '16', 'time_per_step': '0.712453'}
2025-09-22 01:09:04,297 - train_greyscale_Pos_MoE.py - {'step': '9500', 'lr': '0.0002', 'total_loss': '0.0698337', 'main_loss': '0.0538337', 'aux_loss': '16', 'time_per_step': '0.819736'}
2025-09-22 01:11:17,272 - train_greyscale_Pos_MoE.py - {'step': '9600', 'lr': '0.0002', 'total_loss': '0.0717199', 'main_loss': '0.0557199', 'aux_loss': '16', 'time_per_step': '0.51973'}
2025-09-22 01:13:35,125 - train_greyscale_Pos_MoE.py - {'step': '9700', 'lr': '0.0002', 'total_loss': '0.0660857', 'main_loss': '0.0500857', 'aux_loss': '16', 'time_per_step': '0.987337'}
2025-09-22 01:15:50,368 - train_greyscale_Pos_MoE.py - {'step': '9800', 'lr': '0.0002', 'total_loss': '0.0634438', 'main_loss': '0.0474438', 'aux_loss': '16', 'time_per_step': '0.804448'}
2025-09-22 01:18:05,356 - train_greyscale_Pos_MoE.py - {'step': '9900', 'lr': '0.0002', 'total_loss': '0.0744155', 'main_loss': '0.0584155', 'aux_loss': '16', 'time_per_step': '0.758313'}
2025-09-22 01:20:20,199 - train_greyscale_Pos_MoE.py - {'step': '10000', 'lr': '0.0002', 'total_loss': '0.0723397', 'main_loss': '0.0563397', 'aux_loss': '16', 'time_per_step': '0.77617'}
2025-09-22 01:22:35,677 - train_greyscale_Pos_MoE.py - {'step': '10100', 'lr': '0.0002', 'total_loss': '0.0704461', 'main_loss': '0.0544461', 'aux_loss': '16', 'time_per_step': '0.881036'}
2025-09-22 01:24:50,876 - train_greyscale_Pos_MoE.py - {'step': '10200', 'lr': '0.0002', 'total_loss': '0.064594', 'main_loss': '0.048594', 'aux_loss': '16', 'time_per_step': '0.852168'}
2025-09-22 01:27:05,664 - train_greyscale_Pos_MoE.py - {'step': '10300', 'lr': '0.0002', 'total_loss': '0.0723358', 'main_loss': '0.0563358', 'aux_loss': '16', 'time_per_step': '0.841992'}
2025-09-22 01:29:20,712 - train_greyscale_Pos_MoE.py - {'step': '10400', 'lr': '0.0002', 'total_loss': '0.0666952', 'main_loss': '0.0506952', 'aux_loss': '16', 'time_per_step': '0.871074'}
2025-09-22 01:31:35,645 - train_greyscale_Pos_MoE.py - {'step': '10500', 'lr': '0.0002', 'total_loss': '0.0612574', 'main_loss': '0.0452574', 'aux_loss': '16', 'time_per_step': '0.892601'}
2025-09-22 01:33:50,955 - train_greyscale_Pos_MoE.py - {'step': '10600', 'lr': '0.0002', 'total_loss': '0.0636957', 'main_loss': '0.0476957', 'aux_loss': '16', 'time_per_step': '0.904635'}
2025-09-22 01:36:06,106 - train_greyscale_Pos_MoE.py - {'step': '10700', 'lr': '0.0002', 'total_loss': '0.0637981', 'main_loss': '0.0477981', 'aux_loss': '16', 'time_per_step': '0.847868'}
2025-09-22 01:38:19,153 - train_greyscale_Pos_MoE.py - {'step': '10800', 'lr': '0.0002', 'total_loss': '0.0743956', 'main_loss': '0.0583956', 'aux_loss': '16', 'time_per_step': '0.520401'}
2025-09-22 01:40:37,039 - train_greyscale_Pos_MoE.py - {'step': '10900', 'lr': '0.0002', 'total_loss': '0.0644731', 'main_loss': '0.0484731', 'aux_loss': '16', 'time_per_step': '0.822113'}
2025-09-22 01:42:52,111 - train_greyscale_Pos_MoE.py - {'step': '11000', 'lr': '0.0002', 'total_loss': '0.0613204', 'main_loss': '0.0453204', 'aux_loss': '16', 'time_per_step': '0.863267'}
2025-09-22 01:45:07,589 - train_greyscale_Pos_MoE.py - {'step': '11100', 'lr': '0.0002', 'total_loss': '0.0691441', 'main_loss': '0.0531441', 'aux_loss': '16', 'time_per_step': '0.813033'}
2025-09-22 01:47:23,222 - train_greyscale_Pos_MoE.py - {'step': '11200', 'lr': '0.0002', 'total_loss': '0.064784', 'main_loss': '0.048784', 'aux_loss': '16', 'time_per_step': '0.95478'}
2025-09-22 01:49:38,628 - train_greyscale_Pos_MoE.py - {'step': '11300', 'lr': '0.0002', 'total_loss': '0.0663561', 'main_loss': '0.0503561', 'aux_loss': '16', 'time_per_step': '0.778069'}
2025-09-22 01:51:53,368 - train_greyscale_Pos_MoE.py - {'step': '11400', 'lr': '0.0002', 'total_loss': '0.0619971', 'main_loss': '0.0459971', 'aux_loss': '16', 'time_per_step': '0.88222'}
2025-09-22 01:54:08,063 - train_greyscale_Pos_MoE.py - {'step': '11500', 'lr': '0.0002', 'total_loss': '0.0602657', 'main_loss': '0.0442657', 'aux_loss': '16', 'time_per_step': '0.734883'}
2025-09-22 01:56:23,991 - train_greyscale_Pos_MoE.py - {'step': '11600', 'lr': '0.0002', 'total_loss': '0.0582062', 'main_loss': '0.0422062', 'aux_loss': '16', 'time_per_step': '0.885366'}
2025-09-22 01:58:38,957 - train_greyscale_Pos_MoE.py - {'step': '11700', 'lr': '0.0002', 'total_loss': '0.0728179', 'main_loss': '0.0568179', 'aux_loss': '16', 'time_per_step': '0.869479'}
2025-09-22 02:00:54,579 - train_greyscale_Pos_MoE.py - {'step': '11800', 'lr': '0.0002', 'total_loss': '0.0614202', 'main_loss': '0.0454202', 'aux_loss': '16', 'time_per_step': '0.876451'}
2025-09-22 02:03:09,234 - train_greyscale_Pos_MoE.py - {'step': '11900', 'lr': '0.0002', 'total_loss': '0.0606565', 'main_loss': '0.0446565', 'aux_loss': '16', 'time_per_step': '0.739778'}
2025-09-22 02:05:22,266 - train_greyscale_Pos_MoE.py - {'step': '12000', 'lr': '0.0002', 'total_loss': '0.0612679', 'main_loss': '0.0452679', 'aux_loss': '16', 'time_per_step': '0.522253'}
2025-09-22 02:07:40,318 - train_greyscale_Pos_MoE.py - {'step': '12100', 'lr': '0.0002', 'total_loss': '0.0683517', 'main_loss': '0.0523517', 'aux_loss': '16', 'time_per_step': '0.857519'}
2025-09-22 02:09:55,594 - train_greyscale_Pos_MoE.py - {'step': '12200', 'lr': '0.0002', 'total_loss': '0.0564527', 'main_loss': '0.0404527', 'aux_loss': '16', 'time_per_step': '0.844844'}
2025-09-22 02:12:12,115 - train_greyscale_Pos_MoE.py - {'step': '12300', 'lr': '0.0002', 'total_loss': '0.0518942', 'main_loss': '0.0358942', 'aux_loss': '16', 'time_per_step': '0.781862'}
2025-09-22 02:14:27,085 - train_greyscale_Pos_MoE.py - {'step': '12400', 'lr': '0.0002', 'total_loss': '0.0515608', 'main_loss': '0.0355608', 'aux_loss': '16', 'time_per_step': '0.715652'}
2025-09-22 02:16:42,601 - train_greyscale_Pos_MoE.py - {'step': '12500', 'lr': '0.0002', 'total_loss': '0.0604015', 'main_loss': '0.0444015', 'aux_loss': '16', 'time_per_step': '0.803793'}
2025-09-22 02:18:57,732 - train_greyscale_Pos_MoE.py - {'step': '12600', 'lr': '0.0002', 'total_loss': '0.0600679', 'main_loss': '0.0440679', 'aux_loss': '16', 'time_per_step': '0.774163'}
2025-09-22 02:21:12,962 - train_greyscale_Pos_MoE.py - {'step': '12700', 'lr': '0.0002', 'total_loss': '0.0605088', 'main_loss': '0.0445088', 'aux_loss': '16', 'time_per_step': '0.923025'}
2025-09-22 02:23:28,257 - train_greyscale_Pos_MoE.py - {'step': '12800', 'lr': '0.0002', 'total_loss': '0.0552798', 'main_loss': '0.0392798', 'aux_loss': '16', 'time_per_step': '0.689213'}
2025-09-22 02:25:43,759 - train_greyscale_Pos_MoE.py - {'step': '12900', 'lr': '0.0002', 'total_loss': '0.0627427', 'main_loss': '0.0467427', 'aux_loss': '16', 'time_per_step': '0.917068'}
2025-09-22 02:27:58,226 - train_greyscale_Pos_MoE.py - {'step': '13000', 'lr': '0.0002', 'total_loss': '0.0593483', 'main_loss': '0.0433483', 'aux_loss': '16', 'time_per_step': '0.873037'}
2025-09-22 02:30:13,409 - train_greyscale_Pos_MoE.py - {'step': '13100', 'lr': '0.0002', 'total_loss': '0.0641492', 'main_loss': '0.0481492', 'aux_loss': '16', 'time_per_step': '0.762074'}
2025-09-22 02:32:26,761 - train_greyscale_Pos_MoE.py - {'step': '13200', 'lr': '0.0002', 'total_loss': '0.0562438', 'main_loss': '0.0402438', 'aux_loss': '16', 'time_per_step': '0.52155'}
2025-09-22 02:34:44,804 - train_greyscale_Pos_MoE.py - {'step': '13300', 'lr': '0.0002', 'total_loss': '0.065023', 'main_loss': '0.049023', 'aux_loss': '16', 'time_per_step': '0.94817'}
2025-09-22 02:36:59,606 - train_greyscale_Pos_MoE.py - {'step': '13400', 'lr': '0.0002', 'total_loss': '0.0567707', 'main_loss': '0.0407707', 'aux_loss': '16', 'time_per_step': '0.817126'}
2025-09-22 02:39:14,872 - train_greyscale_Pos_MoE.py - {'step': '13500', 'lr': '0.0002', 'total_loss': '0.0658582', 'main_loss': '0.0498582', 'aux_loss': '16', 'time_per_step': '0.834776'}
2025-09-22 02:41:29,899 - train_greyscale_Pos_MoE.py - {'step': '13600', 'lr': '0.0002', 'total_loss': '0.0655537', 'main_loss': '0.0495537', 'aux_loss': '16', 'time_per_step': '0.904179'}
2025-09-22 02:43:45,003 - train_greyscale_Pos_MoE.py - {'step': '13700', 'lr': '0.0002', 'total_loss': '0.0560841', 'main_loss': '0.0400841', 'aux_loss': '16', 'time_per_step': '0.76557'}
2025-09-22 02:45:59,734 - train_greyscale_Pos_MoE.py - {'step': '13800', 'lr': '0.0002', 'total_loss': '0.0635283', 'main_loss': '0.0475283', 'aux_loss': '16', 'time_per_step': '0.783263'}
2025-09-22 02:48:14,975 - train_greyscale_Pos_MoE.py - {'step': '13900', 'lr': '0.0002', 'total_loss': '0.0492552', 'main_loss': '0.0332552', 'aux_loss': '16', 'time_per_step': '0.660862'}
2025-09-22 02:50:30,145 - train_greyscale_Pos_MoE.py - {'step': '14000', 'lr': '0.0002', 'total_loss': '0.0567489', 'main_loss': '0.0407489', 'aux_loss': '16', 'time_per_step': '0.794015'}
2025-09-22 02:52:45,539 - train_greyscale_Pos_MoE.py - {'step': '14100', 'lr': '0.0002', 'total_loss': '0.0540267', 'main_loss': '0.0380267', 'aux_loss': '16', 'time_per_step': '0.73662'}
2025-09-22 02:55:00,356 - train_greyscale_Pos_MoE.py - {'step': '14200', 'lr': '0.0002', 'total_loss': '0.0694377', 'main_loss': '0.0534377', 'aux_loss': '16', 'time_per_step': '0.790329'}
2025-09-22 02:57:16,149 - train_greyscale_Pos_MoE.py - {'step': '14300', 'lr': '0.0002', 'total_loss': '0.0554421', 'main_loss': '0.0394421', 'aux_loss': '16', 'time_per_step': '0.879237'}
2025-09-22 02:59:29,234 - train_greyscale_Pos_MoE.py - {'step': '14400', 'lr': '0.0002', 'total_loss': '0.0556481', 'main_loss': '0.0396481', 'aux_loss': '16', 'time_per_step': '0.522335'}
2025-09-22 03:01:48,624 - train_greyscale_Pos_MoE.py - {'step': '14500', 'lr': '0.0002', 'total_loss': '0.053152', 'main_loss': '0.037152', 'aux_loss': '16', 'time_per_step': '0.58813'}
2025-09-22 03:04:06,675 - train_greyscale_Pos_MoE.py - {'step': '14600', 'lr': '0.0002', 'total_loss': '0.0558755', 'main_loss': '0.0398755', 'aux_loss': '16', 'time_per_step': '0.600614'}
2025-09-22 03:06:23,822 - train_greyscale_Pos_MoE.py - {'step': '14700', 'lr': '0.0002', 'total_loss': '0.0558771', 'main_loss': '0.0398771', 'aux_loss': '16', 'time_per_step': '0.578694'}
2025-09-22 03:08:40,765 - train_greyscale_Pos_MoE.py - {'step': '14800', 'lr': '0.0002', 'total_loss': '0.0702609', 'main_loss': '0.0542609', 'aux_loss': '16', 'time_per_step': '0.585844'}
2025-09-22 03:10:57,164 - train_greyscale_Pos_MoE.py - {'step': '14900', 'lr': '0.0002', 'total_loss': '0.0633549', 'main_loss': '0.0473549', 'aux_loss': '16', 'time_per_step': '0.614345'}
2025-09-22 03:13:13,662 - train_greyscale_Pos_MoE.py - {'step': '15000', 'lr': '0.0002', 'total_loss': '0.0521832', 'main_loss': '0.0361832', 'aux_loss': '16', 'time_per_step': '0.605098'}
2025-09-22 03:15:30,816 - train_greyscale_Pos_MoE.py - {'step': '15100', 'lr': '0.0002', 'total_loss': '0.0545872', 'main_loss': '0.0385872', 'aux_loss': '16', 'time_per_step': '0.620286'}
2025-09-22 03:17:47,734 - train_greyscale_Pos_MoE.py - {'step': '15200', 'lr': '0.0002', 'total_loss': '0.0595808', 'main_loss': '0.0435808', 'aux_loss': '16', 'time_per_step': '0.602257'}
2025-09-22 03:20:04,626 - train_greyscale_Pos_MoE.py - {'step': '15300', 'lr': '0.0002', 'total_loss': '0.0499316', 'main_loss': '0.0339316', 'aux_loss': '16', 'time_per_step': '0.623636'}
2025-09-22 03:22:21,671 - train_greyscale_Pos_MoE.py - {'step': '15400', 'lr': '0.0002', 'total_loss': '0.0642225', 'main_loss': '0.0482225', 'aux_loss': '16', 'time_per_step': '0.599134'}
2025-09-22 03:24:38,574 - train_greyscale_Pos_MoE.py - {'step': '15500', 'lr': '0.0002', 'total_loss': '0.0639283', 'main_loss': '0.0479283', 'aux_loss': '16', 'time_per_step': '0.584968'}
2025-09-22 03:26:53,774 - train_greyscale_Pos_MoE.py - {'step': '15600', 'lr': '0.0002', 'total_loss': '0.0482495', 'main_loss': '0.0322495', 'aux_loss': '16', 'time_per_step': '0.520092'}
2025-09-22 03:29:13,399 - train_greyscale_Pos_MoE.py - {'step': '15700', 'lr': '0.0002', 'total_loss': '0.0611544', 'main_loss': '0.0451544', 'aux_loss': '16', 'time_per_step': '0.59441'}
2025-09-22 03:31:30,502 - train_greyscale_Pos_MoE.py - {'step': '15800', 'lr': '0.0002', 'total_loss': '0.0509961', 'main_loss': '0.0349961', 'aux_loss': '16', 'time_per_step': '0.609822'}
2025-09-22 03:33:47,365 - train_greyscale_Pos_MoE.py - {'step': '15900', 'lr': '0.0002', 'total_loss': '0.0529728', 'main_loss': '0.0369728', 'aux_loss': '16', 'time_per_step': '0.624649'}
2025-09-22 03:36:04,462 - train_greyscale_Pos_MoE.py - {'step': '16000', 'lr': '0.0002', 'total_loss': '0.050665', 'main_loss': '0.034665', 'aux_loss': '16', 'time_per_step': '0.578726'}
2025-09-22 03:38:21,666 - train_greyscale_Pos_MoE.py - {'step': '16100', 'lr': '0.0002', 'total_loss': '0.056003', 'main_loss': '0.040003', 'aux_loss': '16', 'time_per_step': '0.581848'}
2025-09-22 03:40:38,692 - train_greyscale_Pos_MoE.py - {'step': '16200', 'lr': '0.0002', 'total_loss': '0.0496959', 'main_loss': '0.0336959', 'aux_loss': '16', 'time_per_step': '0.6179'}
2025-09-22 03:42:55,612 - train_greyscale_Pos_MoE.py - {'step': '16300', 'lr': '0.0002', 'total_loss': '0.0517454', 'main_loss': '0.0357454', 'aux_loss': '16', 'time_per_step': '0.618099'}
2025-09-22 03:45:11,777 - train_greyscale_Pos_MoE.py - {'step': '16400', 'lr': '0.0002', 'total_loss': '0.0490499', 'main_loss': '0.0330499', 'aux_loss': '16', 'time_per_step': '0.603141'}
2025-09-22 03:47:28,152 - train_greyscale_Pos_MoE.py - {'step': '16500', 'lr': '0.0002', 'total_loss': '0.0609074', 'main_loss': '0.0449074', 'aux_loss': '16', 'time_per_step': '0.598221'}
2025-09-22 03:49:45,172 - train_greyscale_Pos_MoE.py - {'step': '16600', 'lr': '0.0002', 'total_loss': '0.050291', 'main_loss': '0.034291', 'aux_loss': '16', 'time_per_step': '0.595726'}
2025-09-22 03:52:01,863 - train_greyscale_Pos_MoE.py - {'step': '16700', 'lr': '0.0002', 'total_loss': '0.0578941', 'main_loss': '0.0418941', 'aux_loss': '16', 'time_per_step': '0.612359'}
2025-09-22 03:54:16,997 - train_greyscale_Pos_MoE.py - {'step': '16800', 'lr': '0.0002', 'total_loss': '0.0548629', 'main_loss': '0.0388629', 'aux_loss': '16', 'time_per_step': '0.520864'}
2025-09-22 03:56:36,390 - train_greyscale_Pos_MoE.py - {'step': '16900', 'lr': '0.0002', 'total_loss': '0.0570558', 'main_loss': '0.0410558', 'aux_loss': '16', 'time_per_step': '0.593943'}
2025-09-22 03:58:52,793 - train_greyscale_Pos_MoE.py - {'step': '17000', 'lr': '0.0002', 'total_loss': '0.0602493', 'main_loss': '0.0442493', 'aux_loss': '16', 'time_per_step': '0.610762'}
2025-09-22 04:01:09,547 - train_greyscale_Pos_MoE.py - {'step': '17100', 'lr': '0.0002', 'total_loss': '0.0562069', 'main_loss': '0.0402069', 'aux_loss': '16', 'time_per_step': '0.569949'}
2025-09-22 04:03:26,486 - train_greyscale_Pos_MoE.py - {'step': '17200', 'lr': '0.0002', 'total_loss': '0.0465068', 'main_loss': '0.0305068', 'aux_loss': '16', 'time_per_step': '0.614728'}
2025-09-22 04:05:43,737 - train_greyscale_Pos_MoE.py - {'step': '17300', 'lr': '0.0002', 'total_loss': '0.0649437', 'main_loss': '0.0489437', 'aux_loss': '16', 'time_per_step': '0.586965'}
2025-09-22 04:08:00,458 - train_greyscale_Pos_MoE.py - {'step': '17400', 'lr': '0.0002', 'total_loss': '0.0479956', 'main_loss': '0.0319956', 'aux_loss': '16', 'time_per_step': '0.643524'}
2025-09-22 04:10:17,347 - train_greyscale_Pos_MoE.py - {'step': '17500', 'lr': '0.0002', 'total_loss': '0.0531186', 'main_loss': '0.0371186', 'aux_loss': '16', 'time_per_step': '0.608113'}
2025-09-22 04:12:34,345 - train_greyscale_Pos_MoE.py - {'step': '17600', 'lr': '0.0002', 'total_loss': '0.0480313', 'main_loss': '0.0320313', 'aux_loss': '16', 'time_per_step': '0.657062'}
2025-09-22 04:14:50,919 - train_greyscale_Pos_MoE.py - {'step': '17700', 'lr': '0.0002', 'total_loss': '0.0650396', 'main_loss': '0.0490396', 'aux_loss': '16', 'time_per_step': '0.604942'}
2025-09-22 04:17:07,399 - train_greyscale_Pos_MoE.py - {'step': '17800', 'lr': '0.0002', 'total_loss': '0.0511976', 'main_loss': '0.0351976', 'aux_loss': '16', 'time_per_step': '0.641283'}
2025-09-22 04:19:24,437 - train_greyscale_Pos_MoE.py - {'step': '17900', 'lr': '0.0002', 'total_loss': '0.0531111', 'main_loss': '0.0371111', 'aux_loss': '16', 'time_per_step': '0.583308'}
2025-09-22 04:21:39,057 - train_greyscale_Pos_MoE.py - {'step': '18000', 'lr': '0.0002', 'total_loss': '0.0592326', 'main_loss': '0.0432326', 'aux_loss': '16', 'time_per_step': '0.528973'}
2025-09-22 04:23:58,148 - train_greyscale_Pos_MoE.py - {'step': '18100', 'lr': '0.0002', 'total_loss': '0.0488598', 'main_loss': '0.0328598', 'aux_loss': '16', 'time_per_step': '0.591525'}
2025-09-22 04:26:14,830 - train_greyscale_Pos_MoE.py - {'step': '18200', 'lr': '0.0002', 'total_loss': '0.0529664', 'main_loss': '0.0369664', 'aux_loss': '16', 'time_per_step': '0.609208'}
2025-09-22 04:28:31,759 - train_greyscale_Pos_MoE.py - {'step': '18300', 'lr': '0.0002', 'total_loss': '0.052489', 'main_loss': '0.036489', 'aux_loss': '16', 'time_per_step': '0.58335'}
2025-09-22 04:30:48,517 - train_greyscale_Pos_MoE.py - {'step': '18400', 'lr': '0.0002', 'total_loss': '0.0502768', 'main_loss': '0.0342768', 'aux_loss': '16', 'time_per_step': '0.581289'}
2025-09-22 04:33:05,173 - train_greyscale_Pos_MoE.py - {'step': '18500', 'lr': '0.0002', 'total_loss': '0.0589703', 'main_loss': '0.0429703', 'aux_loss': '16', 'time_per_step': '0.589907'}
2025-09-22 04:35:21,533 - train_greyscale_Pos_MoE.py - {'step': '18600', 'lr': '0.0002', 'total_loss': '0.0432319', 'main_loss': '0.0272319', 'aux_loss': '16', 'time_per_step': '0.607467'}
2025-09-22 04:37:38,661 - train_greyscale_Pos_MoE.py - {'step': '18700', 'lr': '0.0002', 'total_loss': '0.0507785', 'main_loss': '0.0347785', 'aux_loss': '16', 'time_per_step': '0.625244'}
2025-09-22 04:39:55,768 - train_greyscale_Pos_MoE.py - {'step': '18800', 'lr': '0.0002', 'total_loss': '0.0615552', 'main_loss': '0.0455552', 'aux_loss': '16', 'time_per_step': '0.598663'}
2025-09-22 04:42:12,946 - train_greyscale_Pos_MoE.py - {'step': '18900', 'lr': '0.0002', 'total_loss': '0.0569959', 'main_loss': '0.0409959', 'aux_loss': '16', 'time_per_step': '0.646848'}
2025-09-22 04:44:29,830 - train_greyscale_Pos_MoE.py - {'step': '19000', 'lr': '0.0002', 'total_loss': '0.0473281', 'main_loss': '0.0313281', 'aux_loss': '16', 'time_per_step': '0.625181'}
2025-09-22 04:46:47,135 - train_greyscale_Pos_MoE.py - {'step': '19100', 'lr': '0.0002', 'total_loss': '0.0501503', 'main_loss': '0.0341504', 'aux_loss': '16', 'time_per_step': '0.595825'}
2025-09-22 04:49:01,694 - train_greyscale_Pos_MoE.py - {'step': '19200', 'lr': '0.0002', 'total_loss': '0.0544024', 'main_loss': '0.0384024', 'aux_loss': '16', 'time_per_step': '0.52215'}
2025-09-22 04:51:21,308 - train_greyscale_Pos_MoE.py - {'step': '19300', 'lr': '0.0002', 'total_loss': '0.0564108', 'main_loss': '0.0404108', 'aux_loss': '16', 'time_per_step': '0.575455'}
2025-09-22 04:53:38,251 - train_greyscale_Pos_MoE.py - {'step': '19400', 'lr': '0.0002', 'total_loss': '0.0566523', 'main_loss': '0.0406523', 'aux_loss': '16', 'time_per_step': '0.651561'}
2025-09-22 04:55:55,124 - train_greyscale_Pos_MoE.py - {'step': '19500', 'lr': '0.0002', 'total_loss': '0.0458009', 'main_loss': '0.0298009', 'aux_loss': '16', 'time_per_step': '0.600684'}
2025-09-22 04:58:12,071 - train_greyscale_Pos_MoE.py - {'step': '19600', 'lr': '0.0002', 'total_loss': '0.0526003', 'main_loss': '0.0366003', 'aux_loss': '16', 'time_per_step': '0.618381'}
2025-09-22 05:00:29,206 - train_greyscale_Pos_MoE.py - {'step': '19700', 'lr': '0.0002', 'total_loss': '0.0471842', 'main_loss': '0.0311842', 'aux_loss': '16', 'time_per_step': '0.608737'}
2025-09-22 05:02:46,024 - train_greyscale_Pos_MoE.py - {'step': '19800', 'lr': '0.0002', 'total_loss': '0.0477137', 'main_loss': '0.0317137', 'aux_loss': '16', 'time_per_step': '0.615095'}
2025-09-22 05:05:03,033 - train_greyscale_Pos_MoE.py - {'step': '19900', 'lr': '0.0002', 'total_loss': '0.056641', 'main_loss': '0.040641', 'aux_loss': '16', 'time_per_step': '0.620492'}
2025-09-22 05:07:19,677 - train_greyscale_Pos_MoE.py - {'step': '20000', 'lr': '0.0002', 'total_loss': '0.0519278', 'main_loss': '0.0359278', 'aux_loss': '16', 'time_per_step': '0.576041'}
2025-09-22 05:09:36,729 - train_greyscale_Pos_MoE.py - {'step': '20100', 'lr': '0.0002', 'total_loss': '0.0573138', 'main_loss': '0.0413138', 'aux_loss': '16', 'time_per_step': '0.632811'}
2025-09-22 05:11:53,336 - train_greyscale_Pos_MoE.py - {'step': '20200', 'lr': '0.0002', 'total_loss': '0.0616987', 'main_loss': '0.0456987', 'aux_loss': '16', 'time_per_step': '0.573349'}
2025-09-22 05:14:10,170 - train_greyscale_Pos_MoE.py - {'step': '20300', 'lr': '0.0002', 'total_loss': '0.0567819', 'main_loss': '0.0407819', 'aux_loss': '16', 'time_per_step': '0.621785'}
2025-09-22 05:16:25,151 - train_greyscale_Pos_MoE.py - {'step': '20400', 'lr': '0.0002', 'total_loss': '0.0496433', 'main_loss': '0.0336433', 'aux_loss': '16', 'time_per_step': '0.526878'}
2025-09-22 05:18:44,914 - train_greyscale_Pos_MoE.py - {'step': '20500', 'lr': '0.0002', 'total_loss': '0.0521302', 'main_loss': '0.0361302', 'aux_loss': '16', 'time_per_step': '0.573246'}
2025-09-22 05:21:01,892 - train_greyscale_Pos_MoE.py - {'step': '20600', 'lr': '0.0002', 'total_loss': '0.0436696', 'main_loss': '0.0276696', 'aux_loss': '16', 'time_per_step': '0.576417'}
2025-09-22 05:23:18,495 - train_greyscale_Pos_MoE.py - {'step': '20700', 'lr': '0.0002', 'total_loss': '0.0456421', 'main_loss': '0.0296421', 'aux_loss': '16', 'time_per_step': '0.618931'}
2025-09-22 05:25:35,396 - train_greyscale_Pos_MoE.py - {'step': '20800', 'lr': '0.0002', 'total_loss': '0.054161', 'main_loss': '0.038161', 'aux_loss': '16', 'time_per_step': '0.564694'}
2025-09-22 05:27:52,074 - train_greyscale_Pos_MoE.py - {'step': '20900', 'lr': '0.0002', 'total_loss': '0.0502459', 'main_loss': '0.0342459', 'aux_loss': '16', 'time_per_step': '0.599123'}
2025-09-22 05:30:08,563 - train_greyscale_Pos_MoE.py - {'step': '21000', 'lr': '0.0002', 'total_loss': '0.053576', 'main_loss': '0.037576', 'aux_loss': '16', 'time_per_step': '0.587028'}
2025-09-22 05:32:25,884 - train_greyscale_Pos_MoE.py - {'step': '21100', 'lr': '0.0002', 'total_loss': '0.0539733', 'main_loss': '0.0379733', 'aux_loss': '16', 'time_per_step': '0.589738'}
2025-09-22 05:34:42,320 - train_greyscale_Pos_MoE.py - {'step': '21200', 'lr': '0.0002', 'total_loss': '0.0510844', 'main_loss': '0.0350844', 'aux_loss': '16', 'time_per_step': '0.589385'}
2025-09-22 05:36:59,325 - train_greyscale_Pos_MoE.py - {'step': '21300', 'lr': '0.0002', 'total_loss': '0.0467483', 'main_loss': '0.0307483', 'aux_loss': '16', 'time_per_step': '0.59951'}
2025-09-22 05:39:15,991 - train_greyscale_Pos_MoE.py - {'step': '21400', 'lr': '0.0002', 'total_loss': '0.0451856', 'main_loss': '0.0291856', 'aux_loss': '16', 'time_per_step': '0.609098'}
2025-09-22 05:41:33,105 - train_greyscale_Pos_MoE.py - {'step': '21500', 'lr': '0.0002', 'total_loss': '0.0495195', 'main_loss': '0.0335195', 'aux_loss': '16', 'time_per_step': '0.6193'}
2025-09-22 05:43:48,094 - train_greyscale_Pos_MoE.py - {'step': '21600', 'lr': '0.0002', 'total_loss': '0.0507779', 'main_loss': '0.0347779', 'aux_loss': '16', 'time_per_step': '0.528384'}
2025-09-22 05:46:07,456 - train_greyscale_Pos_MoE.py - {'step': '21700', 'lr': '0.0002', 'total_loss': '0.0480897', 'main_loss': '0.0320897', 'aux_loss': '16', 'time_per_step': '0.622467'}
2025-09-22 05:48:24,375 - train_greyscale_Pos_MoE.py - {'step': '21800', 'lr': '0.0002', 'total_loss': '0.0519313', 'main_loss': '0.0359313', 'aux_loss': '16', 'time_per_step': '0.630959'}
2025-09-22 05:50:41,024 - train_greyscale_Pos_MoE.py - {'step': '21900', 'lr': '0.0002', 'total_loss': '0.0425238', 'main_loss': '0.0265238', 'aux_loss': '16', 'time_per_step': '0.587368'}
2025-09-22 05:52:57,935 - train_greyscale_Pos_MoE.py - {'step': '22000', 'lr': '0.0002', 'total_loss': '0.0457954', 'main_loss': '0.0297954', 'aux_loss': '16', 'time_per_step': '0.585321'}
2025-09-22 05:55:15,154 - train_greyscale_Pos_MoE.py - {'step': '22100', 'lr': '0.0002', 'total_loss': '0.0496353', 'main_loss': '0.0336353', 'aux_loss': '16', 'time_per_step': '0.601201'}
2025-09-22 05:57:31,757 - train_greyscale_Pos_MoE.py - {'step': '22200', 'lr': '0.0002', 'total_loss': '0.052772', 'main_loss': '0.036772', 'aux_loss': '16', 'time_per_step': '0.604172'}
2025-09-22 05:59:48,372 - train_greyscale_Pos_MoE.py - {'step': '22300', 'lr': '0.0002', 'total_loss': '0.0446782', 'main_loss': '0.0286782', 'aux_loss': '16', 'time_per_step': '0.582703'}
2025-09-22 06:02:04,557 - train_greyscale_Pos_MoE.py - {'step': '22400', 'lr': '0.0002', 'total_loss': '0.0534245', 'main_loss': '0.0374245', 'aux_loss': '16', 'time_per_step': '0.579744'}
2025-09-22 06:04:21,041 - train_greyscale_Pos_MoE.py - {'step': '22500', 'lr': '0.0002', 'total_loss': '0.0513887', 'main_loss': '0.0353887', 'aux_loss': '16', 'time_per_step': '0.629869'}
2025-09-22 06:06:38,087 - train_greyscale_Pos_MoE.py - {'step': '22600', 'lr': '0.0002', 'total_loss': '0.048047', 'main_loss': '0.032047', 'aux_loss': '16', 'time_per_step': '0.587601'}
2025-09-22 06:08:54,678 - train_greyscale_Pos_MoE.py - {'step': '22700', 'lr': '0.0002', 'total_loss': '0.0509626', 'main_loss': '0.0349626', 'aux_loss': '16', 'time_per_step': '0.595709'}
2025-09-22 06:11:09,916 - train_greyscale_Pos_MoE.py - {'step': '22800', 'lr': '0.0002', 'total_loss': '0.0447272', 'main_loss': '0.0287272', 'aux_loss': '16', 'time_per_step': '0.519925'}
2025-09-22 06:13:29,507 - train_greyscale_Pos_MoE.py - {'step': '22900', 'lr': '0.0002', 'total_loss': '0.0502179', 'main_loss': '0.0342179', 'aux_loss': '16', 'time_per_step': '0.647643'}
2025-09-22 06:15:46,421 - train_greyscale_Pos_MoE.py - {'step': '23000', 'lr': '0.0002', 'total_loss': '0.047632', 'main_loss': '0.031632', 'aux_loss': '16', 'time_per_step': '0.575768'}
2025-09-22 06:18:03,359 - train_greyscale_Pos_MoE.py - {'step': '23100', 'lr': '0.0002', 'total_loss': '0.0530877', 'main_loss': '0.0370877', 'aux_loss': '16', 'time_per_step': '0.606518'}
2025-09-22 06:20:20,941 - train_greyscale_Pos_MoE.py - {'step': '23200', 'lr': '0.0002', 'total_loss': '0.0587956', 'main_loss': '0.0427956', 'aux_loss': '16', 'time_per_step': '0.626161'}
2025-09-22 06:22:37,255 - train_greyscale_Pos_MoE.py - {'step': '23300', 'lr': '0.0002', 'total_loss': '0.0606314', 'main_loss': '0.0446314', 'aux_loss': '16', 'time_per_step': '0.598642'}
2025-09-22 06:24:54,360 - train_greyscale_Pos_MoE.py - {'step': '23400', 'lr': '0.0002', 'total_loss': '0.0487', 'main_loss': '0.0327', 'aux_loss': '16', 'time_per_step': '0.602432'}
2025-09-22 06:27:11,121 - train_greyscale_Pos_MoE.py - {'step': '23500', 'lr': '0.0002', 'total_loss': '0.0492955', 'main_loss': '0.0332955', 'aux_loss': '16', 'time_per_step': '0.677337'}
2025-09-22 06:29:28,283 - train_greyscale_Pos_MoE.py - {'step': '23600', 'lr': '0.0002', 'total_loss': '0.0446644', 'main_loss': '0.0286644', 'aux_loss': '16', 'time_per_step': '0.61193'}
2025-09-22 06:31:44,462 - train_greyscale_Pos_MoE.py - {'step': '23700', 'lr': '0.0002', 'total_loss': '0.0467046', 'main_loss': '0.0307046', 'aux_loss': '16', 'time_per_step': '0.613208'}
2025-09-22 06:34:01,070 - train_greyscale_Pos_MoE.py - {'step': '23800', 'lr': '0.0002', 'total_loss': '0.0437798', 'main_loss': '0.0277798', 'aux_loss': '16', 'time_per_step': '0.583786'}
2025-09-22 06:36:18,414 - train_greyscale_Pos_MoE.py - {'step': '23900', 'lr': '0.0002', 'total_loss': '0.0429101', 'main_loss': '0.0269101', 'aux_loss': '16', 'time_per_step': '0.598449'}
2025-09-22 06:38:33,165 - train_greyscale_Pos_MoE.py - {'step': '24000', 'lr': '0.0002', 'total_loss': '0.0523784', 'main_loss': '0.0363784', 'aux_loss': '16', 'time_per_step': '0.520957'}
2025-09-22 06:40:52,617 - train_greyscale_Pos_MoE.py - {'step': '24100', 'lr': '0.0002', 'total_loss': '0.0473457', 'main_loss': '0.0313457', 'aux_loss': '16', 'time_per_step': '0.59863'}
2025-09-22 06:43:09,136 - train_greyscale_Pos_MoE.py - {'step': '24200', 'lr': '0.0002', 'total_loss': '0.0488232', 'main_loss': '0.0328232', 'aux_loss': '16', 'time_per_step': '0.592098'}
2025-09-22 06:45:25,430 - train_greyscale_Pos_MoE.py - {'step': '24300', 'lr': '0.0002', 'total_loss': '0.0462039', 'main_loss': '0.0302039', 'aux_loss': '16', 'time_per_step': '0.591069'}
2025-09-22 06:47:42,997 - train_greyscale_Pos_MoE.py - {'step': '24400', 'lr': '0.0002', 'total_loss': '0.0465388', 'main_loss': '0.0305388', 'aux_loss': '16', 'time_per_step': '0.619317'}
2025-09-22 06:49:59,669 - train_greyscale_Pos_MoE.py - {'step': '24500', 'lr': '0.0002', 'total_loss': '0.0547017', 'main_loss': '0.0387017', 'aux_loss': '16', 'time_per_step': '0.596952'}
2025-09-22 06:52:17,169 - train_greyscale_Pos_MoE.py - {'step': '24600', 'lr': '0.0002', 'total_loss': '0.056436', 'main_loss': '0.040436', 'aux_loss': '16', 'time_per_step': '0.577242'}
2025-09-22 06:54:33,812 - train_greyscale_Pos_MoE.py - {'step': '24700', 'lr': '0.0002', 'total_loss': '0.043998', 'main_loss': '0.027998', 'aux_loss': '16', 'time_per_step': '0.635979'}
2025-09-22 06:56:50,530 - train_greyscale_Pos_MoE.py - {'step': '24800', 'lr': '0.0002', 'total_loss': '0.0465589', 'main_loss': '0.0305589', 'aux_loss': '16', 'time_per_step': '0.630452'}
2025-09-22 06:59:07,152 - train_greyscale_Pos_MoE.py - {'step': '24900', 'lr': '0.0002', 'total_loss': '0.0448433', 'main_loss': '0.0288433', 'aux_loss': '16', 'time_per_step': '0.644902'}
2025-09-22 07:01:23,899 - train_greyscale_Pos_MoE.py - {'step': '25000', 'lr': '0.0002', 'total_loss': '0.0484615', 'main_loss': '0.0324615', 'aux_loss': '16', 'time_per_step': '0.624951'}
2025-09-22 07:01:23,900 - train_greyscale_Pos_MoE.py - Save a grid of 16 samples into output/acdc_wholeheart_uncond_pos_moh_minmax_greyscale_uvit_mid_4by4/samples/25000.png by DPM-Solver
2025-09-22 07:03:42,510 - train_greyscale_Pos_MoE.py - {'step': '25100', 'lr': '0.0002', 'total_loss': '0.048674', 'main_loss': '0.032674', 'aux_loss': '16', 'time_per_step': '0.580581'}
2025-09-22 07:05:57,373 - train_greyscale_Pos_MoE.py - {'step': '25200', 'lr': '0.0002', 'total_loss': '0.0496084', 'main_loss': '0.0336084', 'aux_loss': '16', 'time_per_step': '0.522426'}
2025-09-22 07:08:16,121 - train_greyscale_Pos_MoE.py - {'step': '25300', 'lr': '0.0002', 'total_loss': '0.0491977', 'main_loss': '0.0331977', 'aux_loss': '16', 'time_per_step': '0.613249'}
2025-09-22 07:10:33,180 - train_greyscale_Pos_MoE.py - {'step': '25400', 'lr': '0.0002', 'total_loss': '0.0559076', 'main_loss': '0.0399076', 'aux_loss': '16', 'time_per_step': '0.598682'}
2025-09-22 07:12:50,571 - train_greyscale_Pos_MoE.py - {'step': '25500', 'lr': '0.0002', 'total_loss': '0.0422585', 'main_loss': '0.0262585', 'aux_loss': '16', 'time_per_step': '0.633952'}
2025-09-22 07:15:06,957 - train_greyscale_Pos_MoE.py - {'step': '25600', 'lr': '0.0002', 'total_loss': '0.0448346', 'main_loss': '0.0288346', 'aux_loss': '16', 'time_per_step': '0.601681'}
2025-09-22 07:17:24,488 - train_greyscale_Pos_MoE.py - {'step': '25700', 'lr': '0.0002', 'total_loss': '0.0503749', 'main_loss': '0.0343749', 'aux_loss': '16', 'time_per_step': '0.62805'}
2025-09-22 07:19:41,654 - train_greyscale_Pos_MoE.py - {'step': '25800', 'lr': '0.0002', 'total_loss': '0.0425246', 'main_loss': '0.0265246', 'aux_loss': '16', 'time_per_step': '0.635321'}
2025-09-22 07:21:58,655 - train_greyscale_Pos_MoE.py - {'step': '25900', 'lr': '0.0002', 'total_loss': '0.0521775', 'main_loss': '0.0361775', 'aux_loss': '16', 'time_per_step': '0.595823'}
2025-09-22 07:24:16,292 - train_greyscale_Pos_MoE.py - {'step': '26000', 'lr': '0.0002', 'total_loss': '0.0611277', 'main_loss': '0.0451277', 'aux_loss': '16', 'time_per_step': '0.598679'}
2025-09-22 07:26:32,486 - train_greyscale_Pos_MoE.py - {'step': '26100', 'lr': '0.0002', 'total_loss': '0.058878', 'main_loss': '0.042878', 'aux_loss': '16', 'time_per_step': '0.632407'}
2025-09-22 07:28:49,293 - train_greyscale_Pos_MoE.py - {'step': '26200', 'lr': '0.0002', 'total_loss': '0.0502502', 'main_loss': '0.0342502', 'aux_loss': '16', 'time_per_step': '0.651334'}
2025-09-22 07:31:05,357 - train_greyscale_Pos_MoE.py - {'step': '26300', 'lr': '0.0002', 'total_loss': '0.04276', 'main_loss': '0.02676', 'aux_loss': '16', 'time_per_step': '0.584692'}
2025-09-22 07:33:26,017 - train_greyscale_Pos_MoE.py - {'step': '26400', 'lr': '0.0002', 'total_loss': '0.0566987', 'main_loss': '0.0406987', 'aux_loss': '16', 'time_per_step': '0.542653'}
2025-09-22 07:35:46,134 - train_greyscale_Pos_MoE.py - {'step': '26500', 'lr': '0.0002', 'total_loss': '0.0499212', 'main_loss': '0.0339212', 'aux_loss': '16', 'time_per_step': '0.922209'}
2025-09-22 07:38:02,777 - train_greyscale_Pos_MoE.py - {'step': '26600', 'lr': '0.0002', 'total_loss': '0.0486963', 'main_loss': '0.0326963', 'aux_loss': '16', 'time_per_step': '0.597522'}
2025-09-22 07:40:19,267 - train_greyscale_Pos_MoE.py - {'step': '26700', 'lr': '0.0002', 'total_loss': '0.0507121', 'main_loss': '0.0347121', 'aux_loss': '16', 'time_per_step': '0.609947'}
2025-09-22 07:42:36,493 - train_greyscale_Pos_MoE.py - {'step': '26800', 'lr': '0.0002', 'total_loss': '0.0477168', 'main_loss': '0.0317168', 'aux_loss': '16', 'time_per_step': '0.706513'}
2025-09-22 07:44:53,718 - train_greyscale_Pos_MoE.py - {'step': '26900', 'lr': '0.0002', 'total_loss': '0.0446362', 'main_loss': '0.0286362', 'aux_loss': '16', 'time_per_step': '0.609703'}
2025-09-22 07:47:30,134 - train_greyscale_Pos_MoE.py - {'step': '27000', 'lr': '0.0002', 'total_loss': '0.0457213', 'main_loss': '0.0297213', 'aux_loss': '16', 'time_per_step': '0.714442'}
2025-09-22 07:50:09,030 - train_greyscale_Pos_MoE.py - {'step': '27100', 'lr': '0.0002', 'total_loss': '0.0496176', 'main_loss': '0.0336175', 'aux_loss': '16', 'time_per_step': '0.565974'}
2025-09-22 07:52:26,642 - train_greyscale_Pos_MoE.py - {'step': '27200', 'lr': '0.0002', 'total_loss': '0.0484103', 'main_loss': '0.0324103', 'aux_loss': '16', 'time_per_step': '0.612747'}
2025-09-22 07:54:43,530 - train_greyscale_Pos_MoE.py - {'step': '27300', 'lr': '0.0002', 'total_loss': '0.0565154', 'main_loss': '0.0405154', 'aux_loss': '16', 'time_per_step': '0.596972'}
2025-09-22 07:57:00,730 - train_greyscale_Pos_MoE.py - {'step': '27400', 'lr': '0.0002', 'total_loss': '0.054736', 'main_loss': '0.038736', 'aux_loss': '16', 'time_per_step': '0.636704'}
2025-09-22 07:59:17,401 - train_greyscale_Pos_MoE.py - {'step': '27500', 'lr': '0.0002', 'total_loss': '0.047308', 'main_loss': '0.031308', 'aux_loss': '16', 'time_per_step': '0.590863'}
2025-09-22 08:01:32,252 - train_greyscale_Pos_MoE.py - {'step': '27600', 'lr': '0.0002', 'total_loss': '0.0532874', 'main_loss': '0.0372874', 'aux_loss': '16', 'time_per_step': '0.521011'}
2025-09-22 08:03:51,708 - train_greyscale_Pos_MoE.py - {'step': '27700', 'lr': '0.0002', 'total_loss': '0.0509795', 'main_loss': '0.0349795', 'aux_loss': '16', 'time_per_step': '0.607739'}
2025-09-22 08:06:08,451 - train_greyscale_Pos_MoE.py - {'step': '27800', 'lr': '0.0002', 'total_loss': '0.0474789', 'main_loss': '0.0314789', 'aux_loss': '16', 'time_per_step': '0.576424'}
2025-09-22 08:08:24,843 - train_greyscale_Pos_MoE.py - {'step': '27900', 'lr': '0.0002', 'total_loss': '0.0419065', 'main_loss': '0.0259065', 'aux_loss': '16', 'time_per_step': '0.574177'}
2025-09-22 08:10:42,322 - train_greyscale_Pos_MoE.py - {'step': '28000', 'lr': '0.0002', 'total_loss': '0.0506129', 'main_loss': '0.0346129', 'aux_loss': '16', 'time_per_step': '0.6115'}
2025-09-22 08:12:59,102 - train_greyscale_Pos_MoE.py - {'step': '28100', 'lr': '0.0002', 'total_loss': '0.0439242', 'main_loss': '0.0279242', 'aux_loss': '16', 'time_per_step': '0.559196'}
2025-09-22 08:15:16,417 - train_greyscale_Pos_MoE.py - {'step': '28200', 'lr': '0.0002', 'total_loss': '0.0491329', 'main_loss': '0.0331329', 'aux_loss': '16', 'time_per_step': '0.57603'}
2025-09-22 08:17:33,269 - train_greyscale_Pos_MoE.py - {'step': '28300', 'lr': '0.0002', 'total_loss': '0.0500415', 'main_loss': '0.0340415', 'aux_loss': '16', 'time_per_step': '0.569517'}
2025-09-22 08:19:49,923 - train_greyscale_Pos_MoE.py - {'step': '28400', 'lr': '0.0002', 'total_loss': '0.0570162', 'main_loss': '0.0410162', 'aux_loss': '16', 'time_per_step': '0.611523'}
2025-09-22 08:22:06,461 - train_greyscale_Pos_MoE.py - {'step': '28500', 'lr': '0.0002', 'total_loss': '0.0488648', 'main_loss': '0.0328648', 'aux_loss': '16', 'time_per_step': '0.601173'}
2025-09-22 08:24:23,584 - train_greyscale_Pos_MoE.py - {'step': '28600', 'lr': '0.0002', 'total_loss': '0.0500249', 'main_loss': '0.0340249', 'aux_loss': '16', 'time_per_step': '0.938764'}
2025-09-22 08:26:39,693 - train_greyscale_Pos_MoE.py - {'step': '28700', 'lr': '0.0002', 'total_loss': '0.0479105', 'main_loss': '0.0319105', 'aux_loss': '16', 'time_per_step': '0.638863'}
2025-09-22 08:28:55,409 - train_greyscale_Pos_MoE.py - {'step': '28800', 'lr': '0.0002', 'total_loss': '0.0424428', 'main_loss': '0.0264428', 'aux_loss': '16', 'time_per_step': '0.519236'}
2025-09-22 08:31:15,228 - train_greyscale_Pos_MoE.py - {'step': '28900', 'lr': '0.0002', 'total_loss': '0.0376731', 'main_loss': '0.0216731', 'aux_loss': '16', 'time_per_step': '0.603207'}
2025-09-22 08:33:32,447 - train_greyscale_Pos_MoE.py - {'step': '29000', 'lr': '0.0002', 'total_loss': '0.0520888', 'main_loss': '0.0360888', 'aux_loss': '16', 'time_per_step': '0.626323'}
2025-09-22 08:35:49,250 - train_greyscale_Pos_MoE.py - {'step': '29100', 'lr': '0.0002', 'total_loss': '0.055526', 'main_loss': '0.039526', 'aux_loss': '16', 'time_per_step': '0.660424'}
2025-09-22 08:38:06,158 - train_greyscale_Pos_MoE.py - {'step': '29200', 'lr': '0.0002', 'total_loss': '0.0475511', 'main_loss': '0.0315511', 'aux_loss': '16', 'time_per_step': '0.600549'}
2025-09-22 08:40:23,637 - train_greyscale_Pos_MoE.py - {'step': '29300', 'lr': '0.0002', 'total_loss': '0.0353198', 'main_loss': '0.0193198', 'aux_loss': '16', 'time_per_step': '0.950065'}
2025-09-22 08:42:40,220 - train_greyscale_Pos_MoE.py - {'step': '29400', 'lr': '0.0002', 'total_loss': '0.0430406', 'main_loss': '0.0270406', 'aux_loss': '16', 'time_per_step': '0.596163'}
2025-09-22 08:44:57,848 - train_greyscale_Pos_MoE.py - {'step': '29500', 'lr': '0.0002', 'total_loss': '0.0449203', 'main_loss': '0.0289203', 'aux_loss': '16', 'time_per_step': '0.586033'}
2025-09-22 08:47:14,777 - train_greyscale_Pos_MoE.py - {'step': '29600', 'lr': '0.0002', 'total_loss': '0.0498632', 'main_loss': '0.0338632', 'aux_loss': '16', 'time_per_step': '0.616245'}
2025-09-22 08:49:32,062 - train_greyscale_Pos_MoE.py - {'step': '29700', 'lr': '0.0002', 'total_loss': '0.04308', 'main_loss': '0.02708', 'aux_loss': '16', 'time_per_step': '0.608304'}
2025-09-22 08:51:48,350 - train_greyscale_Pos_MoE.py - {'step': '29800', 'lr': '0.0002', 'total_loss': '0.0377592', 'main_loss': '0.0217592', 'aux_loss': '16', 'time_per_step': '0.618608'}
2025-09-22 08:54:04,675 - train_greyscale_Pos_MoE.py - {'step': '29900', 'lr': '0.0002', 'total_loss': '0.0347848', 'main_loss': '0.0187848', 'aux_loss': '16', 'time_per_step': '0.572524'}
2025-09-22 08:56:19,871 - train_greyscale_Pos_MoE.py - {'step': '30000', 'lr': '0.0002', 'total_loss': '0.0534093', 'main_loss': '0.0374093', 'aux_loss': '16', 'time_per_step': '0.520477'}
2025-09-22 08:58:39,263 - train_greyscale_Pos_MoE.py - {'step': '30100', 'lr': '0.0002', 'total_loss': '0.0588018', 'main_loss': '0.0428018', 'aux_loss': '16', 'time_per_step': '0.59043'}
2025-09-22 09:00:55,964 - train_greyscale_Pos_MoE.py - {'step': '30200', 'lr': '0.0002', 'total_loss': '0.0460035', 'main_loss': '0.0300035', 'aux_loss': '16', 'time_per_step': '0.562588'}
2025-09-22 09:03:12,770 - train_greyscale_Pos_MoE.py - {'step': '30300', 'lr': '0.0002', 'total_loss': '0.0500577', 'main_loss': '0.0340577', 'aux_loss': '16', 'time_per_step': '0.602482'}
2025-09-22 09:05:29,170 - train_greyscale_Pos_MoE.py - {'step': '30400', 'lr': '0.0002', 'total_loss': '0.0438718', 'main_loss': '0.0278718', 'aux_loss': '16', 'time_per_step': '0.615996'}
2025-09-22 09:07:45,981 - train_greyscale_Pos_MoE.py - {'step': '30500', 'lr': '0.0002', 'total_loss': '0.0529617', 'main_loss': '0.0369617', 'aux_loss': '16', 'time_per_step': '0.603934'}
2025-09-22 09:10:02,625 - train_greyscale_Pos_MoE.py - {'step': '30600', 'lr': '0.0002', 'total_loss': '0.0521721', 'main_loss': '0.0361721', 'aux_loss': '16', 'time_per_step': '0.577972'}
2025-09-22 09:12:19,616 - train_greyscale_Pos_MoE.py - {'step': '30700', 'lr': '0.0002', 'total_loss': '0.0542863', 'main_loss': '0.0382863', 'aux_loss': '16', 'time_per_step': '0.579552'}
2025-09-22 09:14:36,649 - train_greyscale_Pos_MoE.py - {'step': '30800', 'lr': '0.0002', 'total_loss': '0.0497746', 'main_loss': '0.0337746', 'aux_loss': '16', 'time_per_step': '0.569565'}
2025-09-22 09:16:53,143 - train_greyscale_Pos_MoE.py - {'step': '30900', 'lr': '0.0002', 'total_loss': '0.0513424', 'main_loss': '0.0353424', 'aux_loss': '16', 'time_per_step': '0.59098'}
2025-09-22 09:19:09,949 - train_greyscale_Pos_MoE.py - {'step': '31000', 'lr': '0.0002', 'total_loss': '0.0433314', 'main_loss': '0.0273314', 'aux_loss': '16', 'time_per_step': '0.596848'}
2025-09-22 09:21:26,265 - train_greyscale_Pos_MoE.py - {'step': '31100', 'lr': '0.0002', 'total_loss': '0.0471657', 'main_loss': '0.0311657', 'aux_loss': '16', 'time_per_step': '0.621437'}
2025-09-22 09:23:43,266 - train_greyscale_Pos_MoE.py - {'step': '31200', 'lr': '0.0002', 'total_loss': '0.0460911', 'main_loss': '0.0300911', 'aux_loss': '16', 'time_per_step': '0.521846'}
2025-09-22 09:26:02,776 - train_greyscale_Pos_MoE.py - {'step': '31300', 'lr': '0.0002', 'total_loss': '0.043231', 'main_loss': '0.027231', 'aux_loss': '16', 'time_per_step': '0.581176'}
2025-09-22 09:28:19,363 - train_greyscale_Pos_MoE.py - {'step': '31400', 'lr': '0.0002', 'total_loss': '0.0454479', 'main_loss': '0.0294479', 'aux_loss': '16', 'time_per_step': '0.587121'}
2025-09-22 09:30:36,511 - train_greyscale_Pos_MoE.py - {'step': '31500', 'lr': '0.0002', 'total_loss': '0.048885', 'main_loss': '0.032885', 'aux_loss': '16', 'time_per_step': '0.556624'}
2025-09-22 09:32:53,460 - train_greyscale_Pos_MoE.py - {'step': '31600', 'lr': '0.0002', 'total_loss': '0.0439067', 'main_loss': '0.0279067', 'aux_loss': '16', 'time_per_step': '0.602478'}
2025-09-22 09:35:10,393 - train_greyscale_Pos_MoE.py - {'step': '31700', 'lr': '0.0002', 'total_loss': '0.0455041', 'main_loss': '0.0295041', 'aux_loss': '16', 'time_per_step': '0.618117'}
2025-09-22 09:37:27,462 - train_greyscale_Pos_MoE.py - {'step': '31800', 'lr': '0.0002', 'total_loss': '0.0372356', 'main_loss': '0.0212356', 'aux_loss': '16', 'time_per_step': '0.59071'}
2025-09-22 09:39:44,519 - train_greyscale_Pos_MoE.py - {'step': '31900', 'lr': '0.0002', 'total_loss': '0.0429557', 'main_loss': '0.0269557', 'aux_loss': '16', 'time_per_step': '0.612379'}
2025-09-22 09:42:01,803 - train_greyscale_Pos_MoE.py - {'step': '32000', 'lr': '0.0002', 'total_loss': '0.0480529', 'main_loss': '0.0320529', 'aux_loss': '16', 'time_per_step': '0.598236'}
2025-09-22 09:44:18,279 - train_greyscale_Pos_MoE.py - {'step': '32100', 'lr': '0.0002', 'total_loss': '0.047207', 'main_loss': '0.031207', 'aux_loss': '16', 'time_per_step': '0.608689'}
2025-09-22 09:46:34,855 - train_greyscale_Pos_MoE.py - {'step': '32200', 'lr': '0.0002', 'total_loss': '0.0502547', 'main_loss': '0.0342547', 'aux_loss': '16', 'time_per_step': '0.627931'}
2025-09-22 09:48:51,351 - train_greyscale_Pos_MoE.py - {'step': '32300', 'lr': '0.0002', 'total_loss': '0.0467543', 'main_loss': '0.0307543', 'aux_loss': '16', 'time_per_step': '0.612024'}
2025-09-22 09:51:06,534 - train_greyscale_Pos_MoE.py - {'step': '32400', 'lr': '0.0002', 'total_loss': '0.0527297', 'main_loss': '0.0367297', 'aux_loss': '16', 'time_per_step': '0.520165'}
2025-09-22 09:53:25,823 - train_greyscale_Pos_MoE.py - {'step': '32500', 'lr': '0.0002', 'total_loss': '0.0444152', 'main_loss': '0.0284152', 'aux_loss': '16', 'time_per_step': '0.619879'}
2025-09-22 09:55:42,941 - train_greyscale_Pos_MoE.py - {'step': '32600', 'lr': '0.0002', 'total_loss': '0.0542091', 'main_loss': '0.0382091', 'aux_loss': '16', 'time_per_step': '0.581777'}
2025-09-22 09:57:59,986 - train_greyscale_Pos_MoE.py - {'step': '32700', 'lr': '0.0002', 'total_loss': '0.054271', 'main_loss': '0.0382711', 'aux_loss': '16', 'time_per_step': '0.595152'}
2025-09-22 10:00:16,381 - train_greyscale_Pos_MoE.py - {'step': '32800', 'lr': '0.0002', 'total_loss': '0.0539999', 'main_loss': '0.0379999', 'aux_loss': '16', 'time_per_step': '0.636384'}
2025-09-22 10:02:33,433 - train_greyscale_Pos_MoE.py - {'step': '32900', 'lr': '0.0002', 'total_loss': '0.0467969', 'main_loss': '0.0307969', 'aux_loss': '16', 'time_per_step': '0.584951'}
2025-09-22 10:04:50,747 - train_greyscale_Pos_MoE.py - {'step': '33000', 'lr': '0.0002', 'total_loss': '0.061376', 'main_loss': '0.045376', 'aux_loss': '16', 'time_per_step': '0.598732'}
2025-09-22 10:07:08,405 - train_greyscale_Pos_MoE.py - {'step': '33100', 'lr': '0.0002', 'total_loss': '0.0553576', 'main_loss': '0.0393576', 'aux_loss': '16', 'time_per_step': '0.602026'}
2025-09-22 10:09:24,882 - train_greyscale_Pos_MoE.py - {'step': '33200', 'lr': '0.0002', 'total_loss': '0.0394649', 'main_loss': '0.0234649', 'aux_loss': '16', 'time_per_step': '0.613337'}
2025-09-22 10:11:41,796 - train_greyscale_Pos_MoE.py - {'step': '33300', 'lr': '0.0002', 'total_loss': '0.0465491', 'main_loss': '0.0305491', 'aux_loss': '16', 'time_per_step': '0.568306'}
2025-09-22 10:13:58,915 - train_greyscale_Pos_MoE.py - {'step': '33400', 'lr': '0.0002', 'total_loss': '0.0450697', 'main_loss': '0.0290697', 'aux_loss': '16', 'time_per_step': '0.584129'}
2025-09-22 10:16:16,246 - train_greyscale_Pos_MoE.py - {'step': '33500', 'lr': '0.0002', 'total_loss': '0.0439356', 'main_loss': '0.0279356', 'aux_loss': '16', 'time_per_step': '0.57649'}
2025-09-22 10:18:31,735 - train_greyscale_Pos_MoE.py - {'step': '33600', 'lr': '0.0002', 'total_loss': '0.0461892', 'main_loss': '0.0301892', 'aux_loss': '16', 'time_per_step': '0.525269'}
2025-09-22 10:20:51,834 - train_greyscale_Pos_MoE.py - {'step': '33700', 'lr': '0.0002', 'total_loss': '0.0593668', 'main_loss': '0.0433668', 'aux_loss': '16', 'time_per_step': '0.628523'}
2025-09-22 10:23:08,587 - train_greyscale_Pos_MoE.py - {'step': '33800', 'lr': '0.0002', 'total_loss': '0.0467402', 'main_loss': '0.0307402', 'aux_loss': '16', 'time_per_step': '0.580399'}
2025-09-22 10:25:25,511 - train_greyscale_Pos_MoE.py - {'step': '33900', 'lr': '0.0002', 'total_loss': '0.0441718', 'main_loss': '0.0281718', 'aux_loss': '16', 'time_per_step': '0.607399'}
2025-09-22 10:27:42,830 - train_greyscale_Pos_MoE.py - {'step': '34000', 'lr': '0.0002', 'total_loss': '0.0498122', 'main_loss': '0.0338122', 'aux_loss': '16', 'time_per_step': '0.593603'}
2025-09-22 10:30:00,082 - train_greyscale_Pos_MoE.py - {'step': '34100', 'lr': '0.0002', 'total_loss': '0.0508537', 'main_loss': '0.0348537', 'aux_loss': '16', 'time_per_step': '0.599336'}
2025-09-22 10:32:17,035 - train_greyscale_Pos_MoE.py - {'step': '34200', 'lr': '0.0002', 'total_loss': '0.0396867', 'main_loss': '0.0236867', 'aux_loss': '16', 'time_per_step': '0.603804'}
2025-09-22 10:34:33,803 - train_greyscale_Pos_MoE.py - {'step': '34300', 'lr': '0.0002', 'total_loss': '0.0440955', 'main_loss': '0.0280955', 'aux_loss': '16', 'time_per_step': '0.618463'}
2025-09-22 10:36:51,067 - train_greyscale_Pos_MoE.py - {'step': '34400', 'lr': '0.0002', 'total_loss': '0.0465782', 'main_loss': '0.0305782', 'aux_loss': '16', 'time_per_step': '0.587135'}
2025-09-22 10:39:07,047 - train_greyscale_Pos_MoE.py - {'step': '34500', 'lr': '0.0002', 'total_loss': '0.0453725', 'main_loss': '0.0293725', 'aux_loss': '16', 'time_per_step': '0.595011'}
2025-09-22 10:41:24,261 - train_greyscale_Pos_MoE.py - {'step': '34600', 'lr': '0.0002', 'total_loss': '0.0471138', 'main_loss': '0.0311138', 'aux_loss': '16', 'time_per_step': '0.59965'}
2025-09-22 10:43:40,810 - train_greyscale_Pos_MoE.py - {'step': '34700', 'lr': '0.0002', 'total_loss': '0.0519522', 'main_loss': '0.0359522', 'aux_loss': '16', 'time_per_step': '0.580905'}
2025-09-22 10:45:57,371 - train_greyscale_Pos_MoE.py - {'step': '34800', 'lr': '0.0002', 'total_loss': '0.0409896', 'main_loss': '0.0249896', 'aux_loss': '16', 'time_per_step': '0.521963'}
2025-09-22 10:48:17,143 - train_greyscale_Pos_MoE.py - {'step': '34900', 'lr': '0.0002', 'total_loss': '0.0446602', 'main_loss': '0.0286602', 'aux_loss': '16', 'time_per_step': '0.630229'}
2025-09-22 10:50:33,824 - train_greyscale_Pos_MoE.py - {'step': '35000', 'lr': '0.0002', 'total_loss': '0.0465012', 'main_loss': '0.0305012', 'aux_loss': '16', 'time_per_step': '0.619921'}
2025-09-22 10:52:51,040 - train_greyscale_Pos_MoE.py - {'step': '35100', 'lr': '0.0002', 'total_loss': '0.0437806', 'main_loss': '0.0277806', 'aux_loss': '16', 'time_per_step': '0.624428'}
2025-09-22 10:55:07,780 - train_greyscale_Pos_MoE.py - {'step': '35200', 'lr': '0.0002', 'total_loss': '0.0459779', 'main_loss': '0.0299779', 'aux_loss': '16', 'time_per_step': '0.616361'}
2025-09-22 10:57:24,527 - train_greyscale_Pos_MoE.py - {'step': '35300', 'lr': '0.0002', 'total_loss': '0.0424469', 'main_loss': '0.0264469', 'aux_loss': '16', 'time_per_step': '0.591396'}
2025-09-22 10:59:41,672 - train_greyscale_Pos_MoE.py - {'step': '35400', 'lr': '0.0002', 'total_loss': '0.0449376', 'main_loss': '0.0289376', 'aux_loss': '16', 'time_per_step': '0.589276'}
2025-09-22 11:01:58,063 - train_greyscale_Pos_MoE.py - {'step': '35500', 'lr': '0.0002', 'total_loss': '0.0526938', 'main_loss': '0.0366938', 'aux_loss': '16', 'time_per_step': '0.588495'}
2025-09-22 11:04:14,668 - train_greyscale_Pos_MoE.py - {'step': '35600', 'lr': '0.0002', 'total_loss': '0.0526269', 'main_loss': '0.0366269', 'aux_loss': '16', 'time_per_step': '0.614992'}
2025-09-22 11:06:31,739 - train_greyscale_Pos_MoE.py - {'step': '35700', 'lr': '0.0002', 'total_loss': '0.0620658', 'main_loss': '0.0460658', 'aux_loss': '16', 'time_per_step': '0.591587'}
2025-09-22 11:08:47,967 - train_greyscale_Pos_MoE.py - {'step': '35800', 'lr': '0.0002', 'total_loss': '0.0501837', 'main_loss': '0.0341837', 'aux_loss': '16', 'time_per_step': '0.635892'}
2025-09-22 11:11:05,299 - train_greyscale_Pos_MoE.py - {'step': '35900', 'lr': '0.0002', 'total_loss': '0.0388905', 'main_loss': '0.0228905', 'aux_loss': '16', 'time_per_step': '0.604135'}
2025-09-22 11:13:20,656 - train_greyscale_Pos_MoE.py - {'step': '36000', 'lr': '0.0002', 'total_loss': '0.046474', 'main_loss': '0.030474', 'aux_loss': '16', 'time_per_step': '0.522431'}
2025-09-22 11:15:40,579 - train_greyscale_Pos_MoE.py - {'step': '36100', 'lr': '0.0002', 'total_loss': '0.0459465', 'main_loss': '0.0299465', 'aux_loss': '16', 'time_per_step': '0.797577'}
2025-09-22 11:17:57,229 - train_greyscale_Pos_MoE.py - {'step': '36200', 'lr': '0.0002', 'total_loss': '0.0451019', 'main_loss': '0.0291019', 'aux_loss': '16', 'time_per_step': '0.5904'}
2025-09-22 11:20:13,897 - train_greyscale_Pos_MoE.py - {'step': '36300', 'lr': '0.0002', 'total_loss': '0.0435944', 'main_loss': '0.0275944', 'aux_loss': '16', 'time_per_step': '0.638024'}
2025-09-22 11:22:30,748 - train_greyscale_Pos_MoE.py - {'step': '36400', 'lr': '0.0002', 'total_loss': '0.0430624', 'main_loss': '0.0270624', 'aux_loss': '16', 'time_per_step': '0.57557'}
2025-09-22 11:24:48,691 - train_greyscale_Pos_MoE.py - {'step': '36500', 'lr': '0.0002', 'total_loss': '0.0509541', 'main_loss': '0.0349541', 'aux_loss': '16', 'time_per_step': '0.593702'}
2025-09-22 11:27:05,742 - train_greyscale_Pos_MoE.py - {'step': '36600', 'lr': '0.0002', 'total_loss': '0.0429825', 'main_loss': '0.0269825', 'aux_loss': '16', 'time_per_step': '0.595963'}
2025-09-22 11:29:23,212 - train_greyscale_Pos_MoE.py - {'step': '36700', 'lr': '0.0002', 'total_loss': '0.0473186', 'main_loss': '0.0313186', 'aux_loss': '16', 'time_per_step': '0.758705'}
2025-09-22 11:31:40,369 - train_greyscale_Pos_MoE.py - {'step': '36800', 'lr': '0.0002', 'total_loss': '0.0460853', 'main_loss': '0.0300853', 'aux_loss': '16', 'time_per_step': '0.619864'}
2025-09-22 11:33:57,296 - train_greyscale_Pos_MoE.py - {'step': '36900', 'lr': '0.0002', 'total_loss': '0.0448276', 'main_loss': '0.0288276', 'aux_loss': '16', 'time_per_step': '0.589773'}
2025-09-22 11:36:14,252 - train_greyscale_Pos_MoE.py - {'step': '37000', 'lr': '0.0002', 'total_loss': '0.0477279', 'main_loss': '0.0317279', 'aux_loss': '16', 'time_per_step': '0.593132'}
2025-09-22 11:38:42,694 - train_greyscale_Pos_MoE.py - {'step': '37100', 'lr': '0.0002', 'total_loss': '0.0474776', 'main_loss': '0.0314776', 'aux_loss': '16', 'time_per_step': '0.579138'}
2025-09-22 11:40:59,278 - train_greyscale_Pos_MoE.py - {'step': '37200', 'lr': '0.0002', 'total_loss': '0.0419972', 'main_loss': '0.0259972', 'aux_loss': '16', 'time_per_step': '0.520812'}
2025-09-22 11:43:21,487 - train_greyscale_Pos_MoE.py - {'step': '37300', 'lr': '0.0002', 'total_loss': '0.0409452', 'main_loss': '0.0249452', 'aux_loss': '16', 'time_per_step': '0.587872'}
2025-09-22 11:45:38,300 - train_greyscale_Pos_MoE.py - {'step': '37400', 'lr': '0.0002', 'total_loss': '0.0430114', 'main_loss': '0.0270114', 'aux_loss': '16', 'time_per_step': '0.584761'}
2025-09-22 11:47:55,169 - train_greyscale_Pos_MoE.py - {'step': '37500', 'lr': '0.0002', 'total_loss': '0.0486879', 'main_loss': '0.0326879', 'aux_loss': '16', 'time_per_step': '0.594104'}
2025-09-22 11:50:12,169 - train_greyscale_Pos_MoE.py - {'step': '37600', 'lr': '0.0002', 'total_loss': '0.045883', 'main_loss': '0.029883', 'aux_loss': '16', 'time_per_step': '0.603887'}
2025-09-22 11:52:29,214 - train_greyscale_Pos_MoE.py - {'step': '37700', 'lr': '0.0002', 'total_loss': '0.0458138', 'main_loss': '0.0298138', 'aux_loss': '16', 'time_per_step': '0.609288'}
2025-09-22 11:54:46,036 - train_greyscale_Pos_MoE.py - {'step': '37800', 'lr': '0.0002', 'total_loss': '0.0398379', 'main_loss': '0.0238379', 'aux_loss': '16', 'time_per_step': '0.630157'}
2025-09-22 11:57:02,651 - train_greyscale_Pos_MoE.py - {'step': '37900', 'lr': '0.0002', 'total_loss': '0.0424571', 'main_loss': '0.0264571', 'aux_loss': '16', 'time_per_step': '0.602027'}
2025-09-22 11:59:20,285 - train_greyscale_Pos_MoE.py - {'step': '38000', 'lr': '0.0002', 'total_loss': '0.0487132', 'main_loss': '0.0327132', 'aux_loss': '16', 'time_per_step': '0.63274'}
2025-09-22 12:01:36,926 - train_greyscale_Pos_MoE.py - {'step': '38100', 'lr': '0.0002', 'total_loss': '0.0528385', 'main_loss': '0.0368385', 'aux_loss': '16', 'time_per_step': '0.613989'}
2025-09-22 12:03:54,977 - train_greyscale_Pos_MoE.py - {'step': '38200', 'lr': '0.0002', 'total_loss': '0.0463999', 'main_loss': '0.0303999', 'aux_loss': '16', 'time_per_step': '0.5951'}
2025-09-22 12:06:18,152 - train_greyscale_Pos_MoE.py - {'step': '38300', 'lr': '0.0002', 'total_loss': '0.045344', 'main_loss': '0.029344', 'aux_loss': '16', 'time_per_step': '0.806369'}
2025-09-22 12:08:32,887 - train_greyscale_Pos_MoE.py - {'step': '38400', 'lr': '0.0002', 'total_loss': '0.0488389', 'main_loss': '0.0328389', 'aux_loss': '16', 'time_per_step': '0.520897'}
2025-09-22 12:10:56,776 - train_greyscale_Pos_MoE.py - {'step': '38500', 'lr': '0.0002', 'total_loss': '0.0444713', 'main_loss': '0.0284713', 'aux_loss': '16', 'time_per_step': '0.590112'}
2025-09-22 12:13:18,910 - train_greyscale_Pos_MoE.py - {'step': '38600', 'lr': '0.0002', 'total_loss': '0.0492816', 'main_loss': '0.0332816', 'aux_loss': '16', 'time_per_step': '0.570205'}
2025-09-22 12:15:36,239 - train_greyscale_Pos_MoE.py - {'step': '38700', 'lr': '0.0002', 'total_loss': '0.0404806', 'main_loss': '0.0244806', 'aux_loss': '16', 'time_per_step': '0.63405'}
2025-09-22 12:17:53,877 - train_greyscale_Pos_MoE.py - {'step': '38800', 'lr': '0.0002', 'total_loss': '0.0405935', 'main_loss': '0.0245935', 'aux_loss': '16', 'time_per_step': '0.636951'}
2025-09-22 12:20:10,915 - train_greyscale_Pos_MoE.py - {'step': '38900', 'lr': '0.0002', 'total_loss': '0.0421145', 'main_loss': '0.0261145', 'aux_loss': '16', 'time_per_step': '0.611257'}
2025-09-22 12:22:28,039 - train_greyscale_Pos_MoE.py - {'step': '39000', 'lr': '0.0002', 'total_loss': '0.0447071', 'main_loss': '0.0287071', 'aux_loss': '16', 'time_per_step': '0.622566'}
2025-09-22 12:24:45,561 - train_greyscale_Pos_MoE.py - {'step': '39100', 'lr': '0.0002', 'total_loss': '0.0416633', 'main_loss': '0.0256633', 'aux_loss': '16', 'time_per_step': '0.620901'}
2025-09-22 12:27:04,332 - train_greyscale_Pos_MoE.py - {'step': '39200', 'lr': '0.0002', 'total_loss': '0.0486344', 'main_loss': '0.0326344', 'aux_loss': '16', 'time_per_step': '0.626008'}
2025-09-22 12:29:23,052 - train_greyscale_Pos_MoE.py - {'step': '39300', 'lr': '0.0002', 'total_loss': '0.0544652', 'main_loss': '0.0384652', 'aux_loss': '16', 'time_per_step': '1.28673'}
2025-09-22 12:31:40,056 - train_greyscale_Pos_MoE.py - {'step': '39400', 'lr': '0.0002', 'total_loss': '0.0388628', 'main_loss': '0.0228628', 'aux_loss': '16', 'time_per_step': '0.637249'}
2025-09-22 12:33:57,373 - train_greyscale_Pos_MoE.py - {'step': '39500', 'lr': '0.0002', 'total_loss': '0.0480679', 'main_loss': '0.0320679', 'aux_loss': '16', 'time_per_step': '0.613358'}
2025-09-22 12:36:12,619 - train_greyscale_Pos_MoE.py - {'step': '39600', 'lr': '0.0002', 'total_loss': '0.0396945', 'main_loss': '0.0236945', 'aux_loss': '16', 'time_per_step': '0.526844'}
2025-09-22 12:38:32,516 - train_greyscale_Pos_MoE.py - {'step': '39700', 'lr': '0.0002', 'total_loss': '0.0550323', 'main_loss': '0.0390323', 'aux_loss': '16', 'time_per_step': '0.584788'}
2025-09-22 12:40:49,219 - train_greyscale_Pos_MoE.py - {'step': '39800', 'lr': '0.0002', 'total_loss': '0.0386409', 'main_loss': '0.0226409', 'aux_loss': '16', 'time_per_step': '0.585708'}
2025-09-22 12:43:06,116 - train_greyscale_Pos_MoE.py - {'step': '39900', 'lr': '0.0002', 'total_loss': '0.0530761', 'main_loss': '0.0370761', 'aux_loss': '16', 'time_per_step': '0.574055'}
2025-09-22 12:45:23,659 - train_greyscale_Pos_MoE.py - {'step': '40000', 'lr': '0.0002', 'total_loss': '0.0482072', 'main_loss': '0.0322072', 'aux_loss': '16', 'time_per_step': '1.21888'}
2025-09-22 12:47:39,580 - train_greyscale_Pos_MoE.py - {'step': '40100', 'lr': '0.0002', 'total_loss': '0.0448018', 'main_loss': '0.0288018', 'aux_loss': '16', 'time_per_step': '0.613435'}
2025-09-22 12:49:56,962 - train_greyscale_Pos_MoE.py - {'step': '40200', 'lr': '0.0002', 'total_loss': '0.0433745', 'main_loss': '0.0273745', 'aux_loss': '16', 'time_per_step': '0.59919'}
2025-09-22 12:52:14,434 - train_greyscale_Pos_MoE.py - {'step': '40300', 'lr': '0.0002', 'total_loss': '0.0467619', 'main_loss': '0.0307619', 'aux_loss': '16', 'time_per_step': '0.612491'}
2025-09-22 12:54:31,254 - train_greyscale_Pos_MoE.py - {'step': '40400', 'lr': '0.0002', 'total_loss': '0.0418237', 'main_loss': '0.0258237', 'aux_loss': '16', 'time_per_step': '0.702092'}
2025-09-22 12:56:48,373 - train_greyscale_Pos_MoE.py - {'step': '40500', 'lr': '0.0002', 'total_loss': '0.043596', 'main_loss': '0.027596', 'aux_loss': '16', 'time_per_step': '0.606563'}
2025-09-22 12:59:06,094 - train_greyscale_Pos_MoE.py - {'step': '40600', 'lr': '0.0002', 'total_loss': '0.0485015', 'main_loss': '0.0325015', 'aux_loss': '16', 'time_per_step': '0.607429'}
2025-09-22 13:01:22,553 - train_greyscale_Pos_MoE.py - {'step': '40700', 'lr': '0.0002', 'total_loss': '0.0428385', 'main_loss': '0.0268385', 'aux_loss': '16', 'time_per_step': '0.633751'}
2025-09-22 13:03:38,015 - train_greyscale_Pos_MoE.py - {'step': '40800', 'lr': '0.0002', 'total_loss': '0.046677', 'main_loss': '0.030677', 'aux_loss': '16', 'time_per_step': '0.520514'}
2025-09-22 13:05:56,909 - train_greyscale_Pos_MoE.py - {'step': '40900', 'lr': '0.0002', 'total_loss': '0.0421244', 'main_loss': '0.0261244', 'aux_loss': '16', 'time_per_step': '0.569478'}
2025-09-22 13:08:14,182 - train_greyscale_Pos_MoE.py - {'step': '41000', 'lr': '0.0002', 'total_loss': '0.0389394', 'main_loss': '0.0229394', 'aux_loss': '16', 'time_per_step': '0.610877'}
2025-09-22 13:10:31,011 - train_greyscale_Pos_MoE.py - {'step': '41100', 'lr': '0.0002', 'total_loss': '0.0395449', 'main_loss': '0.0235449', 'aux_loss': '16', 'time_per_step': '0.586366'}
2025-09-22 13:12:48,001 - train_greyscale_Pos_MoE.py - {'step': '41200', 'lr': '0.0002', 'total_loss': '0.0406384', 'main_loss': '0.0246384', 'aux_loss': '16', 'time_per_step': '0.606236'}
2025-09-22 13:15:04,724 - train_greyscale_Pos_MoE.py - {'step': '41300', 'lr': '0.0002', 'total_loss': '0.0503152', 'main_loss': '0.0343152', 'aux_loss': '16', 'time_per_step': '0.562668'}
2025-09-22 13:17:22,055 - train_greyscale_Pos_MoE.py - {'step': '41400', 'lr': '0.0002', 'total_loss': '0.0497752', 'main_loss': '0.0337752', 'aux_loss': '16', 'time_per_step': '0.617657'}
2025-09-22 13:19:38,579 - train_greyscale_Pos_MoE.py - {'step': '41500', 'lr': '0.0002', 'total_loss': '0.0453078', 'main_loss': '0.0293078', 'aux_loss': '16', 'time_per_step': '0.588101'}
2025-09-22 13:21:55,553 - train_greyscale_Pos_MoE.py - {'step': '41600', 'lr': '0.0002', 'total_loss': '0.0471524', 'main_loss': '0.0311524', 'aux_loss': '16', 'time_per_step': '0.590339'}
2025-09-22 13:24:12,042 - train_greyscale_Pos_MoE.py - {'step': '41700', 'lr': '0.0002', 'total_loss': '0.0462782', 'main_loss': '0.0302782', 'aux_loss': '16', 'time_per_step': '0.601401'}
2025-09-22 13:26:28,909 - train_greyscale_Pos_MoE.py - {'step': '41800', 'lr': '0.0002', 'total_loss': '0.0445164', 'main_loss': '0.0285164', 'aux_loss': '16', 'time_per_step': '0.619313'}
2025-09-22 13:28:45,616 - train_greyscale_Pos_MoE.py - {'step': '41900', 'lr': '0.0002', 'total_loss': '0.0485117', 'main_loss': '0.0325117', 'aux_loss': '16', 'time_per_step': '0.599673'}
2025-09-22 13:31:00,672 - train_greyscale_Pos_MoE.py - {'step': '42000', 'lr': '0.0002', 'total_loss': '0.0467594', 'main_loss': '0.0307594', 'aux_loss': '16', 'time_per_step': '0.520608'}
2025-09-22 13:33:20,062 - train_greyscale_Pos_MoE.py - {'step': '42100', 'lr': '0.0002', 'total_loss': '0.0562634', 'main_loss': '0.0402634', 'aux_loss': '16', 'time_per_step': '0.608997'}
2025-09-22 13:35:37,034 - train_greyscale_Pos_MoE.py - {'step': '42200', 'lr': '0.0002', 'total_loss': '0.0476493', 'main_loss': '0.0316493', 'aux_loss': '16', 'time_per_step': '0.584542'}
2025-09-22 13:37:53,717 - train_greyscale_Pos_MoE.py - {'step': '42300', 'lr': '0.0002', 'total_loss': '0.0450519', 'main_loss': '0.0290519', 'aux_loss': '16', 'time_per_step': '0.573085'}
2025-09-22 13:40:10,937 - train_greyscale_Pos_MoE.py - {'step': '42400', 'lr': '0.0002', 'total_loss': '0.042776', 'main_loss': '0.026776', 'aux_loss': '16', 'time_per_step': '0.596237'}
2025-09-22 13:42:27,798 - train_greyscale_Pos_MoE.py - {'step': '42500', 'lr': '0.0002', 'total_loss': '0.0496548', 'main_loss': '0.0336548', 'aux_loss': '16', 'time_per_step': '0.603228'}
2025-09-22 13:44:44,647 - train_greyscale_Pos_MoE.py - {'step': '42600', 'lr': '0.0002', 'total_loss': '0.0493285', 'main_loss': '0.0333285', 'aux_loss': '16', 'time_per_step': '0.624186'}
2025-09-22 13:47:01,651 - train_greyscale_Pos_MoE.py - {'step': '42700', 'lr': '0.0002', 'total_loss': '0.0437048', 'main_loss': '0.0277048', 'aux_loss': '16', 'time_per_step': '0.598592'}
2025-09-22 13:49:18,038 - train_greyscale_Pos_MoE.py - {'step': '42800', 'lr': '0.0002', 'total_loss': '0.0430721', 'main_loss': '0.0270721', 'aux_loss': '16', 'time_per_step': '0.58309'}
2025-09-22 13:51:35,552 - train_greyscale_Pos_MoE.py - {'step': '42900', 'lr': '0.0002', 'total_loss': '0.0366212', 'main_loss': '0.0206212', 'aux_loss': '16', 'time_per_step': '0.632483'}
2025-09-22 13:53:52,490 - train_greyscale_Pos_MoE.py - {'step': '43000', 'lr': '0.0002', 'total_loss': '0.040421', 'main_loss': '0.024421', 'aux_loss': '16', 'time_per_step': '0.599149'}
2025-09-22 13:56:10,012 - train_greyscale_Pos_MoE.py - {'step': '43100', 'lr': '0.0002', 'total_loss': '0.0471009', 'main_loss': '0.0311009', 'aux_loss': '16', 'time_per_step': '0.598095'}
2025-09-22 13:58:25,155 - train_greyscale_Pos_MoE.py - {'step': '43200', 'lr': '0.0002', 'total_loss': '0.0411271', 'main_loss': '0.0251271', 'aux_loss': '16', 'time_per_step': '0.521224'}
2025-09-22 14:00:44,483 - train_greyscale_Pos_MoE.py - {'step': '43300', 'lr': '0.0002', 'total_loss': '0.0400761', 'main_loss': '0.0240761', 'aux_loss': '16', 'time_per_step': '0.605137'}
2025-09-22 14:03:01,577 - train_greyscale_Pos_MoE.py - {'step': '43400', 'lr': '0.0002', 'total_loss': '0.0422858', 'main_loss': '0.0262858', 'aux_loss': '16', 'time_per_step': '0.560568'}
2025-09-22 14:05:58,035 - train_greyscale_Pos_MoE.py - {'step': '43500', 'lr': '0.0002', 'total_loss': '0.0430655', 'main_loss': '0.0270655', 'aux_loss': '16', 'time_per_step': '0.650975'}
2025-09-22 14:11:18,432 - train_greyscale_Pos_MoE.py - {'step': '43600', 'lr': '0.0002', 'total_loss': '0.0476552', 'main_loss': '0.0316552', 'aux_loss': '16', 'time_per_step': '0.646973'}
2025-09-22 14:13:43,944 - train_greyscale_Pos_MoE.py - {'step': '43700', 'lr': '0.0002', 'total_loss': '0.041564', 'main_loss': '0.025564', 'aux_loss': '16', 'time_per_step': '0.607437'}
2025-09-22 14:16:05,476 - train_greyscale_Pos_MoE.py - {'step': '43800', 'lr': '0.0002', 'total_loss': '0.0380108', 'main_loss': '0.0220108', 'aux_loss': '16', 'time_per_step': '0.586746'}
2025-09-22 14:18:26,749 - train_greyscale_Pos_MoE.py - {'step': '43900', 'lr': '0.0002', 'total_loss': '0.0505648', 'main_loss': '0.0345648', 'aux_loss': '16', 'time_per_step': '0.611941'}
2025-09-22 14:20:47,900 - train_greyscale_Pos_MoE.py - {'step': '44000', 'lr': '0.0002', 'total_loss': '0.0439356', 'main_loss': '0.0279356', 'aux_loss': '16', 'time_per_step': '0.591337'}
2025-09-22 14:23:09,215 - train_greyscale_Pos_MoE.py - {'step': '44100', 'lr': '0.0002', 'total_loss': '0.0481135', 'main_loss': '0.0321135', 'aux_loss': '16', 'time_per_step': '0.615683'}
2025-09-22 14:25:31,093 - train_greyscale_Pos_MoE.py - {'step': '44200', 'lr': '0.0002', 'total_loss': '0.0516688', 'main_loss': '0.0356688', 'aux_loss': '16', 'time_per_step': '0.629828'}
2025-09-22 14:27:50,555 - train_greyscale_Pos_MoE.py - {'step': '44300', 'lr': '0.0002', 'total_loss': '0.0471459', 'main_loss': '0.0311459', 'aux_loss': '16', 'time_per_step': '0.601322'}
2025-09-22 14:30:06,192 - train_greyscale_Pos_MoE.py - {'step': '44400', 'lr': '0.0002', 'total_loss': '0.0421948', 'main_loss': '0.0261948', 'aux_loss': '16', 'time_per_step': '0.522077'}
2025-09-22 14:32:25,213 - train_greyscale_Pos_MoE.py - {'step': '44500', 'lr': '0.0002', 'total_loss': '0.0433797', 'main_loss': '0.0273797', 'aux_loss': '16', 'time_per_step': '0.63291'}
2025-09-22 14:34:42,129 - train_greyscale_Pos_MoE.py - {'step': '44600', 'lr': '0.0002', 'total_loss': '0.042526', 'main_loss': '0.026526', 'aux_loss': '16', 'time_per_step': '0.606839'}
2025-09-22 14:36:59,027 - train_greyscale_Pos_MoE.py - {'step': '44700', 'lr': '0.0002', 'total_loss': '0.044918', 'main_loss': '0.028918', 'aux_loss': '16', 'time_per_step': '0.632633'}
2025-09-22 14:39:15,479 - train_greyscale_Pos_MoE.py - {'step': '44800', 'lr': '0.0002', 'total_loss': '0.0449443', 'main_loss': '0.0289443', 'aux_loss': '16', 'time_per_step': '0.575838'}
2025-09-22 14:41:32,176 - train_greyscale_Pos_MoE.py - {'step': '44900', 'lr': '0.0002', 'total_loss': '0.0374853', 'main_loss': '0.0214853', 'aux_loss': '16', 'time_per_step': '0.597491'}
2025-09-22 14:43:48,965 - train_greyscale_Pos_MoE.py - {'step': '45000', 'lr': '0.0002', 'total_loss': '0.0415261', 'main_loss': '0.0255261', 'aux_loss': '16', 'time_per_step': '0.647434'}
2025-09-22 14:46:06,017 - train_greyscale_Pos_MoE.py - {'step': '45100', 'lr': '0.0002', 'total_loss': '0.0437477', 'main_loss': '0.0277477', 'aux_loss': '16', 'time_per_step': '0.573177'}
2025-09-22 14:48:23,129 - train_greyscale_Pos_MoE.py - {'step': '45200', 'lr': '0.0002', 'total_loss': '0.0476018', 'main_loss': '0.0316018', 'aux_loss': '16', 'time_per_step': '0.733607'}
2025-09-22 14:50:40,078 - train_greyscale_Pos_MoE.py - {'step': '45300', 'lr': '0.0002', 'total_loss': '0.0435167', 'main_loss': '0.0275167', 'aux_loss': '16', 'time_per_step': '0.615967'}
2025-09-22 14:52:58,336 - train_greyscale_Pos_MoE.py - {'step': '45400', 'lr': '0.0002', 'total_loss': '0.0439389', 'main_loss': '0.0279389', 'aux_loss': '16', 'time_per_step': '0.619701'}
2025-09-22 14:55:15,659 - train_greyscale_Pos_MoE.py - {'step': '45500', 'lr': '0.0002', 'total_loss': '0.0571313', 'main_loss': '0.0411313', 'aux_loss': '16', 'time_per_step': '0.602753'}
2025-09-22 14:57:30,780 - train_greyscale_Pos_MoE.py - {'step': '45600', 'lr': '0.0002', 'total_loss': '0.041308', 'main_loss': '0.025308', 'aux_loss': '16', 'time_per_step': '0.519833'}
2025-09-22 14:59:50,574 - train_greyscale_Pos_MoE.py - {'step': '45700', 'lr': '0.0002', 'total_loss': '0.0390352', 'main_loss': '0.0230352', 'aux_loss': '16', 'time_per_step': '0.592649'}
2025-09-22 15:02:48,149 - train_greyscale_Pos_MoE.py - {'step': '45800', 'lr': '0.0002', 'total_loss': '0.0438669', 'main_loss': '0.0278669', 'aux_loss': '16', 'time_per_step': '0.637582'}
2025-09-22 15:05:05,090 - train_greyscale_Pos_MoE.py - {'step': '45900', 'lr': '0.0002', 'total_loss': '0.0404656', 'main_loss': '0.0244656', 'aux_loss': '16', 'time_per_step': '0.625913'}
2025-09-22 15:07:22,098 - train_greyscale_Pos_MoE.py - {'step': '46000', 'lr': '0.0002', 'total_loss': '0.0463541', 'main_loss': '0.0303541', 'aux_loss': '16', 'time_per_step': '0.60683'}
2025-09-22 15:09:38,617 - train_greyscale_Pos_MoE.py - {'step': '46100', 'lr': '0.0002', 'total_loss': '0.0428475', 'main_loss': '0.0268475', 'aux_loss': '16', 'time_per_step': '0.608459'}
2025-09-22 15:11:55,341 - train_greyscale_Pos_MoE.py - {'step': '46200', 'lr': '0.0002', 'total_loss': '0.0379536', 'main_loss': '0.0219536', 'aux_loss': '16', 'time_per_step': '0.602986'}
2025-09-22 15:14:12,146 - train_greyscale_Pos_MoE.py - {'step': '46300', 'lr': '0.0002', 'total_loss': '0.044571', 'main_loss': '0.028571', 'aux_loss': '16', 'time_per_step': '0.623593'}
2025-09-22 15:16:29,128 - train_greyscale_Pos_MoE.py - {'step': '46400', 'lr': '0.0002', 'total_loss': '0.0401976', 'main_loss': '0.0241976', 'aux_loss': '16', 'time_per_step': '0.600656'}
2025-09-22 15:18:46,264 - train_greyscale_Pos_MoE.py - {'step': '46500', 'lr': '0.0002', 'total_loss': '0.0374731', 'main_loss': '0.0214731', 'aux_loss': '16', 'time_per_step': '0.611953'}
2025-09-22 15:21:03,154 - train_greyscale_Pos_MoE.py - {'step': '46600', 'lr': '0.0002', 'total_loss': '0.0403852', 'main_loss': '0.0243852', 'aux_loss': '16', 'time_per_step': '0.611992'}
2025-09-22 15:23:20,407 - train_greyscale_Pos_MoE.py - {'step': '46700', 'lr': '0.0002', 'total_loss': '0.0386227', 'main_loss': '0.0226227', 'aux_loss': '16', 'time_per_step': '0.607084'}
2025-09-22 15:25:35,627 - train_greyscale_Pos_MoE.py - {'step': '46800', 'lr': '0.0002', 'total_loss': '0.046877', 'main_loss': '0.030877', 'aux_loss': '16', 'time_per_step': '0.525936'}
2025-09-22 15:27:55,704 - train_greyscale_Pos_MoE.py - {'step': '46900', 'lr': '0.0002', 'total_loss': '0.0415274', 'main_loss': '0.0255274', 'aux_loss': '16', 'time_per_step': '0.604139'}
2025-09-22 15:30:13,224 - train_greyscale_Pos_MoE.py - {'step': '47000', 'lr': '0.0002', 'total_loss': '0.0507127', 'main_loss': '0.0347127', 'aux_loss': '16', 'time_per_step': '0.606138'}
2025-09-22 15:32:30,454 - train_greyscale_Pos_MoE.py - {'step': '47100', 'lr': '0.0002', 'total_loss': '0.0454492', 'main_loss': '0.0294492', 'aux_loss': '16', 'time_per_step': '0.680457'}
2025-09-22 15:34:47,652 - train_greyscale_Pos_MoE.py - {'step': '47200', 'lr': '0.0002', 'total_loss': '0.0439056', 'main_loss': '0.0279056', 'aux_loss': '16', 'time_per_step': '0.602613'}
2025-09-22 15:37:05,888 - train_greyscale_Pos_MoE.py - {'step': '47300', 'lr': '0.0002', 'total_loss': '0.0413917', 'main_loss': '0.0253917', 'aux_loss': '16', 'time_per_step': '0.57154'}
2025-09-22 15:39:23,581 - train_greyscale_Pos_MoE.py - {'step': '47400', 'lr': '0.0002', 'total_loss': '0.0369926', 'main_loss': '0.0209926', 'aux_loss': '16', 'time_per_step': '0.901208'}
2025-09-22 15:41:41,191 - train_greyscale_Pos_MoE.py - {'step': '47500', 'lr': '0.0002', 'total_loss': '0.0471851', 'main_loss': '0.0311851', 'aux_loss': '16', 'time_per_step': '0.62527'}
2025-09-22 15:43:58,625 - train_greyscale_Pos_MoE.py - {'step': '47600', 'lr': '0.0002', 'total_loss': '0.0410335', 'main_loss': '0.0250335', 'aux_loss': '16', 'time_per_step': '0.590096'}
2025-09-22 15:46:15,930 - train_greyscale_Pos_MoE.py - {'step': '47700', 'lr': '0.0002', 'total_loss': '0.0419454', 'main_loss': '0.0259454', 'aux_loss': '16', 'time_per_step': '0.584481'}
2025-09-22 15:48:35,260 - train_greyscale_Pos_MoE.py - {'step': '47800', 'lr': '0.0002', 'total_loss': '0.0552836', 'main_loss': '0.0392836', 'aux_loss': '16', 'time_per_step': '0.583723'}
2025-09-22 15:50:52,556 - train_greyscale_Pos_MoE.py - {'step': '47900', 'lr': '0.0002', 'total_loss': '0.040626', 'main_loss': '0.024626', 'aux_loss': '16', 'time_per_step': '0.614995'}
2025-09-22 15:53:08,424 - train_greyscale_Pos_MoE.py - {'step': '48000', 'lr': '0.0002', 'total_loss': '0.0357769', 'main_loss': '0.0197769', 'aux_loss': '16', 'time_per_step': '0.525527'}
2025-09-22 15:55:28,969 - train_greyscale_Pos_MoE.py - {'step': '48100', 'lr': '0.0002', 'total_loss': '0.0413456', 'main_loss': '0.0253456', 'aux_loss': '16', 'time_per_step': '0.608083'}
2025-09-22 15:57:46,595 - train_greyscale_Pos_MoE.py - {'step': '48200', 'lr': '0.0002', 'total_loss': '0.0489936', 'main_loss': '0.0329936', 'aux_loss': '16', 'time_per_step': '0.586054'}
2025-09-22 16:00:03,767 - train_greyscale_Pos_MoE.py - {'step': '48300', 'lr': '0.0002', 'total_loss': '0.0444607', 'main_loss': '0.0284607', 'aux_loss': '16', 'time_per_step': '0.603874'}
2025-09-22 16:02:21,495 - train_greyscale_Pos_MoE.py - {'step': '48400', 'lr': '0.0002', 'total_loss': '0.043652', 'main_loss': '0.027652', 'aux_loss': '16', 'time_per_step': '0.624362'}
2025-09-22 16:04:38,878 - train_greyscale_Pos_MoE.py - {'step': '48500', 'lr': '0.0002', 'total_loss': '0.034655', 'main_loss': '0.018655', 'aux_loss': '16', 'time_per_step': '0.60724'}
2025-09-22 16:06:56,094 - train_greyscale_Pos_MoE.py - {'step': '48600', 'lr': '0.0002', 'total_loss': '0.043948', 'main_loss': '0.027948', 'aux_loss': '16', 'time_per_step': '0.609088'}
2025-09-22 16:09:13,978 - train_greyscale_Pos_MoE.py - {'step': '48700', 'lr': '0.0002', 'total_loss': '0.0509979', 'main_loss': '0.0349979', 'aux_loss': '16', 'time_per_step': '0.611809'}
2025-09-22 16:11:31,566 - train_greyscale_Pos_MoE.py - {'step': '48800', 'lr': '0.0002', 'total_loss': '0.0507507', 'main_loss': '0.0347507', 'aux_loss': '16', 'time_per_step': '0.651953'}
2025-09-22 16:13:49,015 - train_greyscale_Pos_MoE.py - {'step': '48900', 'lr': '0.0002', 'total_loss': '0.0448735', 'main_loss': '0.0288735', 'aux_loss': '16', 'time_per_step': '0.638804'}
2025-09-22 16:16:06,232 - train_greyscale_Pos_MoE.py - {'step': '49000', 'lr': '0.0002', 'total_loss': '0.0422619', 'main_loss': '0.0262619', 'aux_loss': '16', 'time_per_step': '0.604532'}
2025-09-22 16:18:24,086 - train_greyscale_Pos_MoE.py - {'step': '49100', 'lr': '0.0002', 'total_loss': '0.0424214', 'main_loss': '0.0264214', 'aux_loss': '16', 'time_per_step': '0.622554'}
2025-09-22 16:20:39,738 - train_greyscale_Pos_MoE.py - {'step': '49200', 'lr': '0.0002', 'total_loss': '0.0350512', 'main_loss': '0.0190512', 'aux_loss': '16', 'time_per_step': '0.521724'}
2025-09-22 16:22:59,409 - train_greyscale_Pos_MoE.py - {'step': '49300', 'lr': '0.0002', 'total_loss': '0.0461664', 'main_loss': '0.0301664', 'aux_loss': '16', 'time_per_step': '0.642416'}
2025-09-22 16:25:17,236 - train_greyscale_Pos_MoE.py - {'step': '49400', 'lr': '0.0002', 'total_loss': '0.0443855', 'main_loss': '0.0283855', 'aux_loss': '16', 'time_per_step': '0.589539'}
2025-09-22 16:27:34,866 - train_greyscale_Pos_MoE.py - {'step': '49500', 'lr': '0.0002', 'total_loss': '0.0425665', 'main_loss': '0.0265665', 'aux_loss': '16', 'time_per_step': '0.618474'}
2025-09-22 16:29:52,312 - train_greyscale_Pos_MoE.py - {'step': '49600', 'lr': '0.0002', 'total_loss': '0.0494535', 'main_loss': '0.0334535', 'aux_loss': '16', 'time_per_step': '0.620102'}
2025-09-22 16:32:09,681 - train_greyscale_Pos_MoE.py - {'step': '49700', 'lr': '0.0002', 'total_loss': '0.0486534', 'main_loss': '0.0326534', 'aux_loss': '16', 'time_per_step': '0.615684'}
2025-09-22 16:34:27,304 - train_greyscale_Pos_MoE.py - {'step': '49800', 'lr': '0.0002', 'total_loss': '0.0475439', 'main_loss': '0.0315439', 'aux_loss': '16', 'time_per_step': '0.611798'}
2025-09-22 16:36:44,773 - train_greyscale_Pos_MoE.py - {'step': '49900', 'lr': '0.0002', 'total_loss': '0.0432827', 'main_loss': '0.0272827', 'aux_loss': '16', 'time_per_step': '0.591558'}
2025-09-22 16:39:01,917 - train_greyscale_Pos_MoE.py - {'step': '50000', 'lr': '0.0002', 'total_loss': '0.0460582', 'main_loss': '0.0300582', 'aux_loss': '16', 'time_per_step': '0.603848'}
2025-09-22 16:39:01,919 - train_greyscale_Pos_MoE.py - Save a grid of 16 samples into output/acdc_wholeheart_uncond_pos_moh_minmax_greyscale_uvit_mid_4by4/samples/50000.png by DPM-Solver
2025-09-22 16:41:20,823 - train_greyscale_Pos_MoE.py - {'step': '50100', 'lr': '0.0002', 'total_loss': '0.04652', 'main_loss': '0.03052', 'aux_loss': '16', 'time_per_step': '0.60144'}
2025-09-22 16:43:38,297 - train_greyscale_Pos_MoE.py - {'step': '50200', 'lr': '0.0002', 'total_loss': '0.0498558', 'main_loss': '0.0338558', 'aux_loss': '16', 'time_per_step': '0.615209'}
2025-09-22 16:45:55,355 - train_greyscale_Pos_MoE.py - {'step': '50300', 'lr': '0.0002', 'total_loss': '0.0388261', 'main_loss': '0.0228261', 'aux_loss': '16', 'time_per_step': '0.580394'}
2025-09-22 16:48:11,319 - train_greyscale_Pos_MoE.py - {'step': '50400', 'lr': '0.0002', 'total_loss': '0.0441671', 'main_loss': '0.0281671', 'aux_loss': '16', 'time_per_step': '0.523694'}
2025-09-22 16:50:32,066 - train_greyscale_Pos_MoE.py - {'step': '50500', 'lr': '0.0002', 'total_loss': '0.0463533', 'main_loss': '0.0303533', 'aux_loss': '16', 'time_per_step': '0.601783'}
2025-09-22 16:52:49,016 - train_greyscale_Pos_MoE.py - {'step': '50600', 'lr': '0.0002', 'total_loss': '0.0430259', 'main_loss': '0.0270259', 'aux_loss': '16', 'time_per_step': '0.58916'}
2025-09-22 16:55:06,339 - train_greyscale_Pos_MoE.py - {'step': '50700', 'lr': '0.0002', 'total_loss': '0.0447181', 'main_loss': '0.0287181', 'aux_loss': '16', 'time_per_step': '0.641513'}
2025-09-22 16:57:23,638 - train_greyscale_Pos_MoE.py - {'step': '50800', 'lr': '0.0002', 'total_loss': '0.0424086', 'main_loss': '0.0264086', 'aux_loss': '16', 'time_per_step': '0.58253'}
2025-09-22 16:59:41,052 - train_greyscale_Pos_MoE.py - {'step': '50900', 'lr': '0.0002', 'total_loss': '0.037422', 'main_loss': '0.021422', 'aux_loss': '16', 'time_per_step': '0.615418'}
2025-09-22 17:01:59,013 - train_greyscale_Pos_MoE.py - {'step': '51000', 'lr': '0.0002', 'total_loss': '0.0470478', 'main_loss': '0.0310478', 'aux_loss': '16', 'time_per_step': '0.644635'}
2025-09-22 17:04:15,821 - train_greyscale_Pos_MoE.py - {'step': '51100', 'lr': '0.0002', 'total_loss': '0.0533426', 'main_loss': '0.0373426', 'aux_loss': '16', 'time_per_step': '0.598252'}
2025-09-22 17:06:33,252 - train_greyscale_Pos_MoE.py - {'step': '51200', 'lr': '0.0002', 'total_loss': '0.0411632', 'main_loss': '0.0251632', 'aux_loss': '16', 'time_per_step': '0.612048'}
2025-09-22 17:08:51,293 - train_greyscale_Pos_MoE.py - {'step': '51300', 'lr': '0.0002', 'total_loss': '0.0431009', 'main_loss': '0.0271009', 'aux_loss': '16', 'time_per_step': '1.71816'}
2025-09-22 17:11:07,704 - train_greyscale_Pos_MoE.py - {'step': '51400', 'lr': '0.0002', 'total_loss': '0.0427615', 'main_loss': '0.0267615', 'aux_loss': '16', 'time_per_step': '0.621231'}
2025-09-22 17:13:24,624 - train_greyscale_Pos_MoE.py - {'step': '51500', 'lr': '0.0002', 'total_loss': '0.0487385', 'main_loss': '0.0327385', 'aux_loss': '16', 'time_per_step': '0.635659'}
2025-09-22 17:15:40,819 - train_greyscale_Pos_MoE.py - {'step': '51600', 'lr': '0.0002', 'total_loss': '0.0402909', 'main_loss': '0.0242909', 'aux_loss': '16', 'time_per_step': '0.522505'}
2025-09-22 17:18:00,795 - train_greyscale_Pos_MoE.py - {'step': '51700', 'lr': '0.0002', 'total_loss': '0.0461111', 'main_loss': '0.0301111', 'aux_loss': '16', 'time_per_step': '0.607847'}
2025-09-22 17:20:20,101 - train_greyscale_Pos_MoE.py - {'step': '51800', 'lr': '0.0002', 'total_loss': '0.04264', 'main_loss': '0.02664', 'aux_loss': '16', 'time_per_step': '0.620237'}
2025-09-22 17:22:37,478 - train_greyscale_Pos_MoE.py - {'step': '51900', 'lr': '0.0002', 'total_loss': '0.0490906', 'main_loss': '0.0330906', 'aux_loss': '16', 'time_per_step': '0.606885'}
2025-09-22 17:24:54,761 - train_greyscale_Pos_MoE.py - {'step': '52000', 'lr': '0.0002', 'total_loss': '0.0498023', 'main_loss': '0.0338023', 'aux_loss': '16', 'time_per_step': '0.571719'}
2025-09-22 17:27:12,359 - train_greyscale_Pos_MoE.py - {'step': '52100', 'lr': '0.0002', 'total_loss': '0.0323342', 'main_loss': '0.0163342', 'aux_loss': '16', 'time_per_step': '0.627091'}
2025-09-22 17:29:29,443 - train_greyscale_Pos_MoE.py - {'step': '52200', 'lr': '0.0002', 'total_loss': '0.0452993', 'main_loss': '0.0292993', 'aux_loss': '16', 'time_per_step': '0.621284'}
2025-09-22 17:31:47,149 - train_greyscale_Pos_MoE.py - {'step': '52300', 'lr': '0.0002', 'total_loss': '0.0455801', 'main_loss': '0.0295801', 'aux_loss': '16', 'time_per_step': '0.57403'}
2025-09-22 17:34:04,744 - train_greyscale_Pos_MoE.py - {'step': '52400', 'lr': '0.0002', 'total_loss': '0.0371019', 'main_loss': '0.0211019', 'aux_loss': '16', 'time_per_step': '0.609752'}
2025-09-22 17:36:22,790 - train_greyscale_Pos_MoE.py - {'step': '52500', 'lr': '0.0002', 'total_loss': '0.0509902', 'main_loss': '0.0349902', 'aux_loss': '16', 'time_per_step': '0.638591'}
2025-09-22 17:38:40,205 - train_greyscale_Pos_MoE.py - {'step': '52600', 'lr': '0.0002', 'total_loss': '0.0402158', 'main_loss': '0.0242158', 'aux_loss': '16', 'time_per_step': '0.587857'}
2025-09-22 17:40:58,002 - train_greyscale_Pos_MoE.py - {'step': '52700', 'lr': '0.0002', 'total_loss': '0.03905', 'main_loss': '0.02305', 'aux_loss': '16', 'time_per_step': '0.635073'}
2025-09-22 17:43:13,882 - train_greyscale_Pos_MoE.py - {'step': '52800', 'lr': '0.0002', 'total_loss': '0.0422725', 'main_loss': '0.0262725', 'aux_loss': '16', 'time_per_step': '0.52007'}
2025-09-22 17:45:33,951 - train_greyscale_Pos_MoE.py - {'step': '52900', 'lr': '0.0002', 'total_loss': '0.0449322', 'main_loss': '0.0289322', 'aux_loss': '16', 'time_per_step': '0.609443'}
2025-09-22 17:47:51,379 - train_greyscale_Pos_MoE.py - {'step': '53000', 'lr': '0.0002', 'total_loss': '0.0408169', 'main_loss': '0.0248169', 'aux_loss': '16', 'time_per_step': '0.571114'}
2025-09-22 17:50:08,845 - train_greyscale_Pos_MoE.py - {'step': '53100', 'lr': '0.0002', 'total_loss': '0.0368649', 'main_loss': '0.0208649', 'aux_loss': '16', 'time_per_step': '0.606027'}
2025-09-22 17:52:26,534 - train_greyscale_Pos_MoE.py - {'step': '53200', 'lr': '0.0002', 'total_loss': '0.0340493', 'main_loss': '0.0180493', 'aux_loss': '16', 'time_per_step': '0.587592'}
2025-09-22 17:54:43,669 - train_greyscale_Pos_MoE.py - {'step': '53300', 'lr': '0.0002', 'total_loss': '0.0425532', 'main_loss': '0.0265532', 'aux_loss': '16', 'time_per_step': '0.591733'}
2025-09-22 17:57:01,195 - train_greyscale_Pos_MoE.py - {'step': '53400', 'lr': '0.0002', 'total_loss': '0.0486042', 'main_loss': '0.0326043', 'aux_loss': '16', 'time_per_step': '0.632876'}
2025-09-22 17:59:18,694 - train_greyscale_Pos_MoE.py - {'step': '53500', 'lr': '0.0002', 'total_loss': '0.0396902', 'main_loss': '0.0236902', 'aux_loss': '16', 'time_per_step': '0.586852'}
2025-09-22 18:01:36,419 - train_greyscale_Pos_MoE.py - {'step': '53600', 'lr': '0.0002', 'total_loss': '0.03577', 'main_loss': '0.01977', 'aux_loss': '16', 'time_per_step': '0.584815'}
2025-09-22 18:03:54,091 - train_greyscale_Pos_MoE.py - {'step': '53700', 'lr': '0.0002', 'total_loss': '0.0447021', 'main_loss': '0.0287021', 'aux_loss': '16', 'time_per_step': '0.572914'}
2025-09-22 18:06:11,888 - train_greyscale_Pos_MoE.py - {'step': '53800', 'lr': '0.0002', 'total_loss': '0.043688', 'main_loss': '0.027688', 'aux_loss': '16', 'time_per_step': '0.618315'}
2025-09-22 18:08:29,042 - train_greyscale_Pos_MoE.py - {'step': '53900', 'lr': '0.0002', 'total_loss': '0.0375527', 'main_loss': '0.0215527', 'aux_loss': '16', 'time_per_step': '0.617018'}
2025-09-22 18:10:44,578 - train_greyscale_Pos_MoE.py - {'step': '54000', 'lr': '0.0002', 'total_loss': '0.0473436', 'main_loss': '0.0313436', 'aux_loss': '16', 'time_per_step': '0.525094'}
2025-09-22 18:13:04,554 - train_greyscale_Pos_MoE.py - {'step': '54100', 'lr': '0.0002', 'total_loss': '0.0463213', 'main_loss': '0.0303213', 'aux_loss': '16', 'time_per_step': '0.606225'}
2025-09-22 18:15:21,791 - train_greyscale_Pos_MoE.py - {'step': '54200', 'lr': '0.0002', 'total_loss': '0.0466811', 'main_loss': '0.0306811', 'aux_loss': '16', 'time_per_step': '0.574285'}
2025-09-22 18:17:39,620 - train_greyscale_Pos_MoE.py - {'step': '54300', 'lr': '0.0002', 'total_loss': '0.0459831', 'main_loss': '0.0299831', 'aux_loss': '16', 'time_per_step': '0.647121'}
2025-09-22 18:19:57,117 - train_greyscale_Pos_MoE.py - {'step': '54400', 'lr': '0.0002', 'total_loss': '0.037293', 'main_loss': '0.021293', 'aux_loss': '16', 'time_per_step': '0.609376'}
2025-09-22 18:22:14,193 - train_greyscale_Pos_MoE.py - {'step': '54500', 'lr': '0.0002', 'total_loss': '0.0348266', 'main_loss': '0.0188266', 'aux_loss': '16', 'time_per_step': '0.643695'}
2025-09-22 18:24:31,922 - train_greyscale_Pos_MoE.py - {'step': '54600', 'lr': '0.0002', 'total_loss': '0.0438741', 'main_loss': '0.0278741', 'aux_loss': '16', 'time_per_step': '0.612675'}
2025-09-22 18:26:49,208 - train_greyscale_Pos_MoE.py - {'step': '54700', 'lr': '0.0002', 'total_loss': '0.0403566', 'main_loss': '0.0243566', 'aux_loss': '16', 'time_per_step': '0.630058'}
2025-09-22 18:29:06,866 - train_greyscale_Pos_MoE.py - {'step': '54800', 'lr': '0.0002', 'total_loss': '0.0346823', 'main_loss': '0.0186822', 'aux_loss': '16', 'time_per_step': '0.605684'}
2025-09-22 18:31:24,380 - train_greyscale_Pos_MoE.py - {'step': '54900', 'lr': '0.0002', 'total_loss': '0.041059', 'main_loss': '0.025059', 'aux_loss': '16', 'time_per_step': '0.605533'}
2025-09-22 18:33:42,073 - train_greyscale_Pos_MoE.py - {'step': '55000', 'lr': '0.0002', 'total_loss': '0.0423037', 'main_loss': '0.0263037', 'aux_loss': '16', 'time_per_step': '0.637544'}
2025-09-22 18:35:59,478 - train_greyscale_Pos_MoE.py - {'step': '55100', 'lr': '0.0002', 'total_loss': '0.0426614', 'main_loss': '0.0266614', 'aux_loss': '16', 'time_per_step': '0.58165'}
2025-09-22 18:38:14,945 - train_greyscale_Pos_MoE.py - {'step': '55200', 'lr': '0.0002', 'total_loss': '0.0406006', 'main_loss': '0.0246006', 'aux_loss': '16', 'time_per_step': '0.523257'}
2025-09-22 18:40:34,715 - train_greyscale_Pos_MoE.py - {'step': '55300', 'lr': '0.0002', 'total_loss': '0.0474287', 'main_loss': '0.0314287', 'aux_loss': '16', 'time_per_step': '0.614485'}
2025-09-22 18:42:52,496 - train_greyscale_Pos_MoE.py - {'step': '55400', 'lr': '0.0002', 'total_loss': '0.0400293', 'main_loss': '0.0240293', 'aux_loss': '16', 'time_per_step': '0.604013'}
2025-09-22 18:45:10,346 - train_greyscale_Pos_MoE.py - {'step': '55500', 'lr': '0.0002', 'total_loss': '0.0430125', 'main_loss': '0.0270125', 'aux_loss': '16', 'time_per_step': '0.973443'}
2025-09-22 18:47:27,266 - train_greyscale_Pos_MoE.py - {'step': '55600', 'lr': '0.0002', 'total_loss': '0.0501288', 'main_loss': '0.0341288', 'aux_loss': '16', 'time_per_step': '0.594705'}
2025-09-22 18:49:44,408 - train_greyscale_Pos_MoE.py - {'step': '55700', 'lr': '0.0002', 'total_loss': '0.0416176', 'main_loss': '0.0256176', 'aux_loss': '16', 'time_per_step': '0.634738'}
2025-09-22 18:52:01,608 - train_greyscale_Pos_MoE.py - {'step': '55800', 'lr': '0.0002', 'total_loss': '0.047131', 'main_loss': '0.031131', 'aux_loss': '16', 'time_per_step': '0.595691'}
2025-09-22 18:54:18,989 - train_greyscale_Pos_MoE.py - {'step': '55900', 'lr': '0.0002', 'total_loss': '0.0450055', 'main_loss': '0.0290055', 'aux_loss': '16', 'time_per_step': '0.622078'}
2025-09-22 18:56:36,508 - train_greyscale_Pos_MoE.py - {'step': '56000', 'lr': '0.0002', 'total_loss': '0.0361993', 'main_loss': '0.0201993', 'aux_loss': '16', 'time_per_step': '0.567505'}
2025-09-22 18:58:53,752 - train_greyscale_Pos_MoE.py - {'step': '56100', 'lr': '0.0002', 'total_loss': '0.0433419', 'main_loss': '0.0273419', 'aux_loss': '16', 'time_per_step': '0.599151'}
2025-09-22 19:01:11,253 - train_greyscale_Pos_MoE.py - {'step': '56200', 'lr': '0.0002', 'total_loss': '0.0431313', 'main_loss': '0.0271313', 'aux_loss': '16', 'time_per_step': '0.630645'}
2025-09-22 19:03:28,508 - train_greyscale_Pos_MoE.py - {'step': '56300', 'lr': '0.0002', 'total_loss': '0.0459154', 'main_loss': '0.0299154', 'aux_loss': '16', 'time_per_step': '0.575433'}
2025-09-22 19:05:44,505 - train_greyscale_Pos_MoE.py - {'step': '56400', 'lr': '0.0002', 'total_loss': '0.0415946', 'main_loss': '0.0255946', 'aux_loss': '16', 'time_per_step': '0.525473'}
2025-09-22 19:08:04,476 - train_greyscale_Pos_MoE.py - {'step': '56500', 'lr': '0.0002', 'total_loss': '0.0399311', 'main_loss': '0.0239311', 'aux_loss': '16', 'time_per_step': '0.610353'}
2025-09-22 19:10:21,472 - train_greyscale_Pos_MoE.py - {'step': '56600', 'lr': '0.0002', 'total_loss': '0.038412', 'main_loss': '0.022412', 'aux_loss': '16', 'time_per_step': '0.607834'}
2025-09-22 19:12:39,222 - train_greyscale_Pos_MoE.py - {'step': '56700', 'lr': '0.0002', 'total_loss': '0.0382826', 'main_loss': '0.0222826', 'aux_loss': '16', 'time_per_step': '0.656134'}
2025-09-22 19:14:56,600 - train_greyscale_Pos_MoE.py - {'step': '56800', 'lr': '0.0002', 'total_loss': '0.0393399', 'main_loss': '0.0233399', 'aux_loss': '16', 'time_per_step': '0.60642'}
2025-09-22 19:17:15,001 - train_greyscale_Pos_MoE.py - {'step': '56900', 'lr': '0.0002', 'total_loss': '0.0418528', 'main_loss': '0.0258528', 'aux_loss': '16', 'time_per_step': '0.613206'}
2025-09-22 19:19:32,753 - train_greyscale_Pos_MoE.py - {'step': '57000', 'lr': '0.0002', 'total_loss': '0.0453972', 'main_loss': '0.0293972', 'aux_loss': '16', 'time_per_step': '0.606248'}
2025-09-22 19:21:50,364 - train_greyscale_Pos_MoE.py - {'step': '57100', 'lr': '0.0002', 'total_loss': '0.0391916', 'main_loss': '0.0231916', 'aux_loss': '16', 'time_per_step': '0.641912'}
2025-09-22 19:24:08,296 - train_greyscale_Pos_MoE.py - {'step': '57200', 'lr': '0.0002', 'total_loss': '0.0386029', 'main_loss': '0.0226029', 'aux_loss': '16', 'time_per_step': '0.59424'}
2025-09-22 19:26:25,837 - train_greyscale_Pos_MoE.py - {'step': '57300', 'lr': '0.0002', 'total_loss': '0.0350204', 'main_loss': '0.0190204', 'aux_loss': '16', 'time_per_step': '0.620728'}
2025-09-22 19:28:43,531 - train_greyscale_Pos_MoE.py - {'step': '57400', 'lr': '0.0002', 'total_loss': '0.0380321', 'main_loss': '0.0220321', 'aux_loss': '16', 'time_per_step': '0.60789'}
2025-09-22 19:31:00,520 - train_greyscale_Pos_MoE.py - {'step': '57500', 'lr': '0.0002', 'total_loss': '0.0437346', 'main_loss': '0.0277346', 'aux_loss': '16', 'time_per_step': '0.641852'}
2025-09-22 19:33:16,348 - train_greyscale_Pos_MoE.py - {'step': '57600', 'lr': '0.0002', 'total_loss': '0.050683', 'main_loss': '0.034683', 'aux_loss': '16', 'time_per_step': '0.523282'}
2025-09-22 19:35:36,479 - train_greyscale_Pos_MoE.py - {'step': '57700', 'lr': '0.0002', 'total_loss': '0.0395072', 'main_loss': '0.0235072', 'aux_loss': '16', 'time_per_step': '0.602941'}
2025-09-22 19:37:53,794 - train_greyscale_Pos_MoE.py - {'step': '57800', 'lr': '0.0002', 'total_loss': '0.0438635', 'main_loss': '0.0278635', 'aux_loss': '16', 'time_per_step': '0.576405'}
2025-09-22 19:40:11,207 - train_greyscale_Pos_MoE.py - {'step': '57900', 'lr': '0.0002', 'total_loss': '0.042627', 'main_loss': '0.026627', 'aux_loss': '16', 'time_per_step': '0.617383'}
2025-09-22 19:42:28,821 - train_greyscale_Pos_MoE.py - {'step': '58000', 'lr': '0.0002', 'total_loss': '0.0442671', 'main_loss': '0.0282671', 'aux_loss': '16', 'time_per_step': '0.627187'}
2025-09-22 19:44:45,713 - train_greyscale_Pos_MoE.py - {'step': '58100', 'lr': '0.0002', 'total_loss': '0.0477486', 'main_loss': '0.0317486', 'aux_loss': '16', 'time_per_step': '0.61332'}
2025-09-22 19:47:03,516 - train_greyscale_Pos_MoE.py - {'step': '58200', 'lr': '0.0002', 'total_loss': '0.0471059', 'main_loss': '0.0311059', 'aux_loss': '16', 'time_per_step': '0.616671'}
2025-09-22 19:49:21,449 - train_greyscale_Pos_MoE.py - {'step': '58300', 'lr': '0.0002', 'total_loss': '0.0383747', 'main_loss': '0.0223747', 'aux_loss': '16', 'time_per_step': '0.619549'}
2025-09-22 19:51:39,261 - train_greyscale_Pos_MoE.py - {'step': '58400', 'lr': '0.0002', 'total_loss': '0.0493343', 'main_loss': '0.0333343', 'aux_loss': '16', 'time_per_step': '0.593083'}
2025-09-22 19:53:56,783 - train_greyscale_Pos_MoE.py - {'step': '58500', 'lr': '0.0002', 'total_loss': '0.0524228', 'main_loss': '0.0364228', 'aux_loss': '16', 'time_per_step': '0.617972'}
2025-09-22 19:56:14,145 - train_greyscale_Pos_MoE.py - {'step': '58600', 'lr': '0.0002', 'total_loss': '0.0450766', 'main_loss': '0.0290766', 'aux_loss': '16', 'time_per_step': '0.578739'}
2025-09-22 19:58:32,371 - train_greyscale_Pos_MoE.py - {'step': '58700', 'lr': '0.0002', 'total_loss': '0.041372', 'main_loss': '0.025372', 'aux_loss': '16', 'time_per_step': '0.626307'}
2025-09-22 20:00:47,856 - train_greyscale_Pos_MoE.py - {'step': '58800', 'lr': '0.0002', 'total_loss': '0.0410411', 'main_loss': '0.0250411', 'aux_loss': '16', 'time_per_step': '0.527426'}
2025-09-22 20:03:07,972 - train_greyscale_Pos_MoE.py - {'step': '58900', 'lr': '0.0002', 'total_loss': '0.0393542', 'main_loss': '0.0233542', 'aux_loss': '16', 'time_per_step': '0.60817'}
2025-09-22 20:05:26,048 - train_greyscale_Pos_MoE.py - {'step': '59000', 'lr': '0.0002', 'total_loss': '0.046153', 'main_loss': '0.030153', 'aux_loss': '16', 'time_per_step': '0.617803'}
2025-09-22 20:07:43,568 - train_greyscale_Pos_MoE.py - {'step': '59100', 'lr': '0.0002', 'total_loss': '0.0401169', 'main_loss': '0.0241169', 'aux_loss': '16', 'time_per_step': '0.609338'}
2025-09-22 20:10:01,262 - train_greyscale_Pos_MoE.py - {'step': '59200', 'lr': '0.0002', 'total_loss': '0.0538676', 'main_loss': '0.0378676', 'aux_loss': '16', 'time_per_step': '0.607901'}
2025-09-22 20:12:18,075 - train_greyscale_Pos_MoE.py - {'step': '59300', 'lr': '0.0002', 'total_loss': '0.0369726', 'main_loss': '0.0209726', 'aux_loss': '16', 'time_per_step': '0.566572'}
2025-09-22 20:14:35,883 - train_greyscale_Pos_MoE.py - {'step': '59400', 'lr': '0.0002', 'total_loss': '0.0526686', 'main_loss': '0.0366686', 'aux_loss': '16', 'time_per_step': '0.596774'}
2025-09-22 20:16:52,700 - train_greyscale_Pos_MoE.py - {'step': '59500', 'lr': '0.0002', 'total_loss': '0.0400286', 'main_loss': '0.0240286', 'aux_loss': '16', 'time_per_step': '0.584622'}
2025-09-22 20:19:10,249 - train_greyscale_Pos_MoE.py - {'step': '59600', 'lr': '0.0002', 'total_loss': '0.0403359', 'main_loss': '0.0243359', 'aux_loss': '16', 'time_per_step': '0.624071'}
2025-09-22 20:21:27,976 - train_greyscale_Pos_MoE.py - {'step': '59700', 'lr': '0.0002', 'total_loss': '0.0384601', 'main_loss': '0.0224601', 'aux_loss': '16', 'time_per_step': '0.598347'}
2025-09-22 20:23:47,654 - train_greyscale_Pos_MoE.py - {'step': '59800', 'lr': '0.0002', 'total_loss': '0.0372318', 'main_loss': '0.0212318', 'aux_loss': '16', 'time_per_step': '0.575229'}
2025-09-22 20:26:03,734 - train_greyscale_Pos_MoE.py - {'step': '59900', 'lr': '0.0002', 'total_loss': '0.0505933', 'main_loss': '0.0345933', 'aux_loss': '16', 'time_per_step': '0.586815'}
2025-09-22 20:28:19,441 - train_greyscale_Pos_MoE.py - {'step': '60000', 'lr': '0.0002', 'total_loss': '0.0359294', 'main_loss': '0.0199294', 'aux_loss': '16', 'time_per_step': '0.52581'}
2025-09-22 20:30:39,846 - train_greyscale_Pos_MoE.py - {'step': '60100', 'lr': '0.0002', 'total_loss': '0.04317', 'main_loss': '0.02717', 'aux_loss': '16', 'time_per_step': '0.593508'}
2025-09-22 20:32:57,559 - train_greyscale_Pos_MoE.py - {'step': '60200', 'lr': '0.0002', 'total_loss': '0.0414408', 'main_loss': '0.0254408', 'aux_loss': '16', 'time_per_step': '0.599471'}
2025-09-22 20:35:15,902 - train_greyscale_Pos_MoE.py - {'step': '60300', 'lr': '0.0002', 'total_loss': '0.0426743', 'main_loss': '0.0266743', 'aux_loss': '16', 'time_per_step': '0.590265'}
2025-09-22 20:37:33,648 - train_greyscale_Pos_MoE.py - {'step': '60400', 'lr': '0.0002', 'total_loss': '0.0406553', 'main_loss': '0.0246553', 'aux_loss': '16', 'time_per_step': '0.622598'}
2025-09-22 20:39:51,487 - train_greyscale_Pos_MoE.py - {'step': '60500', 'lr': '0.0002', 'total_loss': '0.0398679', 'main_loss': '0.0238679', 'aux_loss': '16', 'time_per_step': '0.59693'}
2025-09-22 20:42:09,593 - train_greyscale_Pos_MoE.py - {'step': '60600', 'lr': '0.0002', 'total_loss': '0.0381826', 'main_loss': '0.0221826', 'aux_loss': '16', 'time_per_step': '0.611596'}
2025-09-22 20:44:27,649 - train_greyscale_Pos_MoE.py - {'step': '60700', 'lr': '0.0002', 'total_loss': '0.0400659', 'main_loss': '0.0240659', 'aux_loss': '16', 'time_per_step': '0.602287'}
2025-09-22 20:46:46,988 - train_greyscale_Pos_MoE.py - {'step': '60800', 'lr': '0.0002', 'total_loss': '0.0484416', 'main_loss': '0.0324416', 'aux_loss': '16', 'time_per_step': '1.73127'}
2025-09-22 20:49:02,774 - train_greyscale_Pos_MoE.py - {'step': '60900', 'lr': '0.0002', 'total_loss': '0.037988', 'main_loss': '0.021988', 'aux_loss': '16', 'time_per_step': '0.61202'}
2025-09-22 20:51:39,122 - train_greyscale_Pos_MoE.py - {'step': '61000', 'lr': '0.0002', 'total_loss': '0.0449155', 'main_loss': '0.0289155', 'aux_loss': '16', 'time_per_step': '0.576232'}
2025-09-22 20:53:57,572 - train_greyscale_Pos_MoE.py - {'step': '61100', 'lr': '0.0002', 'total_loss': '0.0446887', 'main_loss': '0.0286887', 'aux_loss': '16', 'time_per_step': '0.590278'}
2025-09-22 20:56:14,133 - train_greyscale_Pos_MoE.py - {'step': '61200', 'lr': '0.0002', 'total_loss': '0.0411549', 'main_loss': '0.0251549', 'aux_loss': '16', 'time_per_step': '0.526603'}
2025-09-22 20:58:34,898 - train_greyscale_Pos_MoE.py - {'step': '61300', 'lr': '0.0002', 'total_loss': '0.0442682', 'main_loss': '0.0282682', 'aux_loss': '16', 'time_per_step': '0.630548'}
2025-09-22 21:00:52,574 - train_greyscale_Pos_MoE.py - {'step': '61400', 'lr': '0.0002', 'total_loss': '0.0386549', 'main_loss': '0.0226549', 'aux_loss': '16', 'time_per_step': '0.611754'}
2025-09-22 21:03:10,805 - train_greyscale_Pos_MoE.py - {'step': '61500', 'lr': '0.0002', 'total_loss': '0.0441955', 'main_loss': '0.0281955', 'aux_loss': '16', 'time_per_step': '0.612214'}
2025-09-22 21:05:28,551 - train_greyscale_Pos_MoE.py - {'step': '61600', 'lr': '0.0002', 'total_loss': '0.0408307', 'main_loss': '0.0248307', 'aux_loss': '16', 'time_per_step': '0.639616'}
2025-09-22 21:07:46,754 - train_greyscale_Pos_MoE.py - {'step': '61700', 'lr': '0.0002', 'total_loss': '0.0438938', 'main_loss': '0.0278938', 'aux_loss': '16', 'time_per_step': '0.612548'}
2025-09-22 21:10:05,446 - train_greyscale_Pos_MoE.py - {'step': '61800', 'lr': '0.0002', 'total_loss': '0.0396426', 'main_loss': '0.0236426', 'aux_loss': '16', 'time_per_step': '0.608243'}
2025-09-22 21:12:22,440 - train_greyscale_Pos_MoE.py - {'step': '61900', 'lr': '0.0002', 'total_loss': '0.0411571', 'main_loss': '0.0251571', 'aux_loss': '16', 'time_per_step': '0.621881'}
2025-09-22 21:14:39,823 - train_greyscale_Pos_MoE.py - {'step': '62000', 'lr': '0.0002', 'total_loss': '0.041546', 'main_loss': '0.025546', 'aux_loss': '16', 'time_per_step': '0.657796'}
2025-09-22 21:16:57,598 - train_greyscale_Pos_MoE.py - {'step': '62100', 'lr': '0.0002', 'total_loss': '0.0448514', 'main_loss': '0.0288514', 'aux_loss': '16', 'time_per_step': '0.634529'}
2025-09-22 21:19:14,954 - train_greyscale_Pos_MoE.py - {'step': '62200', 'lr': '0.0002', 'total_loss': '0.0406844', 'main_loss': '0.0246844', 'aux_loss': '16', 'time_per_step': '0.591205'}
2025-09-22 21:21:31,675 - train_greyscale_Pos_MoE.py - {'step': '62300', 'lr': '0.0002', 'total_loss': '0.0347448', 'main_loss': '0.0187448', 'aux_loss': '16', 'time_per_step': '0.572402'}
2025-09-22 21:23:47,151 - train_greyscale_Pos_MoE.py - {'step': '62400', 'lr': '0.0002', 'total_loss': '0.0413572', 'main_loss': '0.0253572', 'aux_loss': '16', 'time_per_step': '0.520437'}
2025-09-22 21:26:07,038 - train_greyscale_Pos_MoE.py - {'step': '62500', 'lr': '0.0002', 'total_loss': '0.0408167', 'main_loss': '0.0248167', 'aux_loss': '16', 'time_per_step': '0.59596'}
2025-09-22 21:28:24,484 - train_greyscale_Pos_MoE.py - {'step': '62600', 'lr': '0.0002', 'total_loss': '0.031491', 'main_loss': '0.015491', 'aux_loss': '16', 'time_per_step': '0.628246'}
2025-09-22 21:30:42,450 - train_greyscale_Pos_MoE.py - {'step': '62700', 'lr': '0.0002', 'total_loss': '0.039653', 'main_loss': '0.023653', 'aux_loss': '16', 'time_per_step': '0.563036'}
2025-09-22 21:33:00,022 - train_greyscale_Pos_MoE.py - {'step': '62800', 'lr': '0.0002', 'total_loss': '0.0454053', 'main_loss': '0.0294053', 'aux_loss': '16', 'time_per_step': '0.602222'}
2025-09-22 21:35:17,333 - train_greyscale_Pos_MoE.py - {'step': '62900', 'lr': '0.0002', 'total_loss': '0.0388512', 'main_loss': '0.0228512', 'aux_loss': '16', 'time_per_step': '0.596672'}
2025-09-22 21:37:34,996 - train_greyscale_Pos_MoE.py - {'step': '63000', 'lr': '0.0002', 'total_loss': '0.038388', 'main_loss': '0.022388', 'aux_loss': '16', 'time_per_step': '0.585318'}
2025-09-22 21:39:52,377 - train_greyscale_Pos_MoE.py - {'step': '63100', 'lr': '0.0002', 'total_loss': '0.0450539', 'main_loss': '0.0290539', 'aux_loss': '16', 'time_per_step': '0.585141'}
2025-09-22 21:42:09,559 - train_greyscale_Pos_MoE.py - {'step': '63200', 'lr': '0.0002', 'total_loss': '0.0426849', 'main_loss': '0.0266849', 'aux_loss': '16', 'time_per_step': '0.605928'}
2025-09-22 21:44:26,252 - train_greyscale_Pos_MoE.py - {'step': '63300', 'lr': '0.0002', 'total_loss': '0.039277', 'main_loss': '0.023277', 'aux_loss': '16', 'time_per_step': '0.601957'}
2025-09-22 21:46:43,437 - train_greyscale_Pos_MoE.py - {'step': '63400', 'lr': '0.0002', 'total_loss': '0.0401474', 'main_loss': '0.0241474', 'aux_loss': '16', 'time_per_step': '0.612164'}
2025-09-22 21:48:59,440 - train_greyscale_Pos_MoE.py - {'step': '63500', 'lr': '0.0002', 'total_loss': '0.0434935', 'main_loss': '0.0274935', 'aux_loss': '16', 'time_per_step': '0.598795'}
2025-09-22 21:51:15,658 - train_greyscale_Pos_MoE.py - {'step': '63600', 'lr': '0.0002', 'total_loss': '0.0411801', 'main_loss': '0.0251801', 'aux_loss': '16', 'time_per_step': '0.523422'}
2025-09-22 21:53:34,915 - train_greyscale_Pos_MoE.py - {'step': '63700', 'lr': '0.0002', 'total_loss': '0.0400962', 'main_loss': '0.0240962', 'aux_loss': '16', 'time_per_step': '0.660511'}
2025-09-22 21:55:52,368 - train_greyscale_Pos_MoE.py - {'step': '63800', 'lr': '0.0002', 'total_loss': '0.0423993', 'main_loss': '0.0263993', 'aux_loss': '16', 'time_per_step': '0.591572'}
2025-09-22 21:58:09,424 - train_greyscale_Pos_MoE.py - {'step': '63900', 'lr': '0.0002', 'total_loss': '0.0403926', 'main_loss': '0.0243926', 'aux_loss': '16', 'time_per_step': '0.613576'}
2025-09-22 22:00:26,770 - train_greyscale_Pos_MoE.py - {'step': '64000', 'lr': '0.0002', 'total_loss': '0.0484194', 'main_loss': '0.0324194', 'aux_loss': '16', 'time_per_step': '0.594461'}
2025-09-22 22:02:44,116 - train_greyscale_Pos_MoE.py - {'step': '64100', 'lr': '0.0002', 'total_loss': '0.0411064', 'main_loss': '0.0251064', 'aux_loss': '16', 'time_per_step': '0.626814'}
2025-09-22 22:05:00,595 - train_greyscale_Pos_MoE.py - {'step': '64200', 'lr': '0.0002', 'total_loss': '0.0442949', 'main_loss': '0.0282949', 'aux_loss': '16', 'time_per_step': '0.641006'}
2025-09-22 22:07:18,044 - train_greyscale_Pos_MoE.py - {'step': '64300', 'lr': '0.0002', 'total_loss': '0.0427151', 'main_loss': '0.0267151', 'aux_loss': '16', 'time_per_step': '0.609862'}
2025-09-22 22:09:35,121 - train_greyscale_Pos_MoE.py - {'step': '64400', 'lr': '0.0002', 'total_loss': '0.0402752', 'main_loss': '0.0242752', 'aux_loss': '16', 'time_per_step': '0.613406'}
2025-09-22 22:11:52,641 - train_greyscale_Pos_MoE.py - {'step': '64500', 'lr': '0.0002', 'total_loss': '0.038983', 'main_loss': '0.022983', 'aux_loss': '16', 'time_per_step': '0.61541'}
2025-09-22 22:14:09,599 - train_greyscale_Pos_MoE.py - {'step': '64600', 'lr': '0.0002', 'total_loss': '0.0482542', 'main_loss': '0.0322542', 'aux_loss': '16', 'time_per_step': '0.599002'}
2025-09-22 22:16:26,740 - train_greyscale_Pos_MoE.py - {'step': '64700', 'lr': '0.0002', 'total_loss': '0.0364771', 'main_loss': '0.0204771', 'aux_loss': '16', 'time_per_step': '0.61452'}
2025-09-22 22:18:42,330 - train_greyscale_Pos_MoE.py - {'step': '64800', 'lr': '0.0002', 'total_loss': '0.0390096', 'main_loss': '0.0230096', 'aux_loss': '16', 'time_per_step': '0.522017'}
2025-09-22 22:21:01,953 - train_greyscale_Pos_MoE.py - {'step': '64900', 'lr': '0.0002', 'total_loss': '0.047311', 'main_loss': '0.031311', 'aux_loss': '16', 'time_per_step': '0.614993'}
2025-09-22 22:23:19,494 - train_greyscale_Pos_MoE.py - {'step': '65000', 'lr': '0.0002', 'total_loss': '0.0441456', 'main_loss': '0.0281456', 'aux_loss': '16', 'time_per_step': '0.617714'}
2025-09-22 22:25:36,774 - train_greyscale_Pos_MoE.py - {'step': '65100', 'lr': '0.0002', 'total_loss': '0.0365835', 'main_loss': '0.0205835', 'aux_loss': '16', 'time_per_step': '0.660386'}
2025-09-22 22:27:53,840 - train_greyscale_Pos_MoE.py - {'step': '65200', 'lr': '0.0002', 'total_loss': '0.0382905', 'main_loss': '0.0222905', 'aux_loss': '16', 'time_per_step': '0.618968'}
2025-09-22 22:30:11,293 - train_greyscale_Pos_MoE.py - {'step': '65300', 'lr': '0.0002', 'total_loss': '0.0398385', 'main_loss': '0.0238385', 'aux_loss': '16', 'time_per_step': '0.647788'}
2025-09-22 22:32:28,654 - train_greyscale_Pos_MoE.py - {'step': '65400', 'lr': '0.0002', 'total_loss': '0.0333161', 'main_loss': '0.0173161', 'aux_loss': '16', 'time_per_step': '0.648082'}
2025-09-22 22:34:45,125 - train_greyscale_Pos_MoE.py - {'step': '65500', 'lr': '0.0002', 'total_loss': '0.0466935', 'main_loss': '0.0306935', 'aux_loss': '16', 'time_per_step': '0.582102'}
2025-09-22 22:37:01,926 - train_greyscale_Pos_MoE.py - {'step': '65600', 'lr': '0.0002', 'total_loss': '0.0428041', 'main_loss': '0.0268041', 'aux_loss': '16', 'time_per_step': '0.599181'}
2025-09-22 22:39:19,596 - train_greyscale_Pos_MoE.py - {'step': '65700', 'lr': '0.0002', 'total_loss': '0.0397343', 'main_loss': '0.0237343', 'aux_loss': '16', 'time_per_step': '0.601712'}
2025-09-22 22:41:35,657 - train_greyscale_Pos_MoE.py - {'step': '65800', 'lr': '0.0002', 'total_loss': '0.0418864', 'main_loss': '0.0258864', 'aux_loss': '16', 'time_per_step': '0.603765'}
2025-09-22 22:43:51,985 - train_greyscale_Pos_MoE.py - {'step': '65900', 'lr': '0.0002', 'total_loss': '0.0463758', 'main_loss': '0.0303758', 'aux_loss': '16', 'time_per_step': '0.572342'}
2025-09-22 22:46:07,462 - train_greyscale_Pos_MoE.py - {'step': '66000', 'lr': '0.0002', 'total_loss': '0.0417509', 'main_loss': '0.0257509', 'aux_loss': '16', 'time_per_step': '0.52009'}
2025-09-22 22:48:26,614 - train_greyscale_Pos_MoE.py - {'step': '66100', 'lr': '0.0002', 'total_loss': '0.0397021', 'main_loss': '0.0237021', 'aux_loss': '16', 'time_per_step': '0.563112'}
2025-09-22 22:50:43,291 - train_greyscale_Pos_MoE.py - {'step': '66200', 'lr': '0.0002', 'total_loss': '0.0383199', 'main_loss': '0.0223199', 'aux_loss': '16', 'time_per_step': '0.570029'}
2025-09-22 22:53:00,140 - train_greyscale_Pos_MoE.py - {'step': '66300', 'lr': '0.0002', 'total_loss': '0.043103', 'main_loss': '0.027103', 'aux_loss': '16', 'time_per_step': '0.632737'}
2025-09-22 22:55:17,113 - train_greyscale_Pos_MoE.py - {'step': '66400', 'lr': '0.0002', 'total_loss': '0.0408532', 'main_loss': '0.0248532', 'aux_loss': '16', 'time_per_step': '0.586508'}
2025-09-22 22:57:34,053 - train_greyscale_Pos_MoE.py - {'step': '66500', 'lr': '0.0002', 'total_loss': '0.0473558', 'main_loss': '0.0313558', 'aux_loss': '16', 'time_per_step': '0.639755'}
2025-09-22 22:59:51,101 - train_greyscale_Pos_MoE.py - {'step': '66600', 'lr': '0.0002', 'total_loss': '0.0470237', 'main_loss': '0.0310237', 'aux_loss': '16', 'time_per_step': '0.581305'}
2025-09-22 23:02:08,463 - train_greyscale_Pos_MoE.py - {'step': '66700', 'lr': '0.0002', 'total_loss': '0.0365804', 'main_loss': '0.0205804', 'aux_loss': '16', 'time_per_step': '0.652474'}
2025-09-22 23:04:26,613 - train_greyscale_Pos_MoE.py - {'step': '66800', 'lr': '0.0002', 'total_loss': '0.0379733', 'main_loss': '0.0219733', 'aux_loss': '16', 'time_per_step': '0.604839'}
2025-09-22 23:06:42,799 - train_greyscale_Pos_MoE.py - {'step': '66900', 'lr': '0.0002', 'total_loss': '0.0360699', 'main_loss': '0.0200699', 'aux_loss': '16', 'time_per_step': '0.608549'}
2025-09-22 23:08:59,048 - train_greyscale_Pos_MoE.py - {'step': '67000', 'lr': '0.0002', 'total_loss': '0.0379086', 'main_loss': '0.0219086', 'aux_loss': '16', 'time_per_step': '0.606679'}
2025-09-22 23:11:15,335 - train_greyscale_Pos_MoE.py - {'step': '67100', 'lr': '0.0002', 'total_loss': '0.047985', 'main_loss': '0.031985', 'aux_loss': '16', 'time_per_step': '0.600211'}
2025-09-22 23:13:30,320 - train_greyscale_Pos_MoE.py - {'step': '67200', 'lr': '0.0002', 'total_loss': '0.0388143', 'main_loss': '0.0228143', 'aux_loss': '16', 'time_per_step': '0.516732'}
2025-09-22 23:15:49,489 - train_greyscale_Pos_MoE.py - {'step': '67300', 'lr': '0.0002', 'total_loss': '0.0352914', 'main_loss': '0.0192914', 'aux_loss': '16', 'time_per_step': '0.583007'}
2025-09-22 23:18:06,267 - train_greyscale_Pos_MoE.py - {'step': '67400', 'lr': '0.0002', 'total_loss': '0.0333768', 'main_loss': '0.0173768', 'aux_loss': '16', 'time_per_step': '0.640652'}
2025-09-22 23:20:23,146 - train_greyscale_Pos_MoE.py - {'step': '67500', 'lr': '0.0002', 'total_loss': '0.0409106', 'main_loss': '0.0249106', 'aux_loss': '16', 'time_per_step': '0.770331'}
2025-09-22 23:22:39,895 - train_greyscale_Pos_MoE.py - {'step': '67600', 'lr': '0.0002', 'total_loss': '0.0355524', 'main_loss': '0.0195524', 'aux_loss': '16', 'time_per_step': '0.610828'}
2025-09-22 23:24:56,216 - train_greyscale_Pos_MoE.py - {'step': '67700', 'lr': '0.0002', 'total_loss': '0.0425661', 'main_loss': '0.0265661', 'aux_loss': '16', 'time_per_step': '0.5901'}
2025-09-22 23:27:12,991 - train_greyscale_Pos_MoE.py - {'step': '67800', 'lr': '0.0002', 'total_loss': '0.0437868', 'main_loss': '0.0277868', 'aux_loss': '16', 'time_per_step': '0.564753'}
2025-09-22 23:29:29,563 - train_greyscale_Pos_MoE.py - {'step': '67900', 'lr': '0.0002', 'total_loss': '0.039562', 'main_loss': '0.023562', 'aux_loss': '16', 'time_per_step': '0.581224'}
2025-09-22 23:31:46,882 - train_greyscale_Pos_MoE.py - {'step': '68000', 'lr': '0.0002', 'total_loss': '0.0397033', 'main_loss': '0.0237033', 'aux_loss': '16', 'time_per_step': '0.553637'}
2025-09-22 23:34:04,023 - train_greyscale_Pos_MoE.py - {'step': '68100', 'lr': '0.0002', 'total_loss': '0.0415814', 'main_loss': '0.0255814', 'aux_loss': '16', 'time_per_step': '0.621844'}
2025-09-22 23:36:20,669 - train_greyscale_Pos_MoE.py - {'step': '68200', 'lr': '0.0002', 'total_loss': '0.0395766', 'main_loss': '0.0235766', 'aux_loss': '16', 'time_per_step': '0.62196'}
2025-09-22 23:38:37,758 - train_greyscale_Pos_MoE.py - {'step': '68300', 'lr': '0.0002', 'total_loss': '0.0340834', 'main_loss': '0.0180834', 'aux_loss': '16', 'time_per_step': '0.615741'}
2025-09-22 23:40:53,062 - train_greyscale_Pos_MoE.py - {'step': '68400', 'lr': '0.0002', 'total_loss': '0.0358838', 'main_loss': '0.0198838', 'aux_loss': '16', 'time_per_step': '0.523052'}
2025-09-22 23:43:12,551 - train_greyscale_Pos_MoE.py - {'step': '68500', 'lr': '0.0002', 'total_loss': '0.0368727', 'main_loss': '0.0208727', 'aux_loss': '16', 'time_per_step': '0.616847'}
2025-09-22 23:45:30,883 - train_greyscale_Pos_MoE.py - {'step': '68600', 'lr': '0.0002', 'total_loss': '0.0405656', 'main_loss': '0.0245656', 'aux_loss': '16', 'time_per_step': '0.617314'}
2025-09-22 23:47:47,991 - train_greyscale_Pos_MoE.py - {'step': '68700', 'lr': '0.0002', 'total_loss': '0.0428623', 'main_loss': '0.0268623', 'aux_loss': '16', 'time_per_step': '0.593376'}
2025-09-22 23:50:04,669 - train_greyscale_Pos_MoE.py - {'step': '68800', 'lr': '0.0002', 'total_loss': '0.0432141', 'main_loss': '0.0272141', 'aux_loss': '16', 'time_per_step': '0.635262'}
2025-09-22 23:52:21,278 - train_greyscale_Pos_MoE.py - {'step': '68900', 'lr': '0.0002', 'total_loss': '0.0437006', 'main_loss': '0.0277006', 'aux_loss': '16', 'time_per_step': '0.592281'}
2025-09-22 23:54:38,320 - train_greyscale_Pos_MoE.py - {'step': '69000', 'lr': '0.0002', 'total_loss': '0.0420846', 'main_loss': '0.0260846', 'aux_loss': '16', 'time_per_step': '0.597795'}
2025-09-22 23:56:55,434 - train_greyscale_Pos_MoE.py - {'step': '69100', 'lr': '0.0002', 'total_loss': '0.0337118', 'main_loss': '0.0177118', 'aux_loss': '16', 'time_per_step': '0.626771'}
2025-09-22 23:59:12,949 - train_greyscale_Pos_MoE.py - {'step': '69200', 'lr': '0.0002', 'total_loss': '0.0449119', 'main_loss': '0.0289119', 'aux_loss': '16', 'time_per_step': '0.576263'}
2025-09-23 00:01:29,989 - train_greyscale_Pos_MoE.py - {'step': '69300', 'lr': '0.0002', 'total_loss': '0.044451', 'main_loss': '0.028451', 'aux_loss': '16', 'time_per_step': '0.602437'}
2025-09-23 00:03:46,489 - train_greyscale_Pos_MoE.py - {'step': '69400', 'lr': '0.0002', 'total_loss': '0.0361224', 'main_loss': '0.0201224', 'aux_loss': '16', 'time_per_step': '0.568708'}
2025-09-23 00:06:03,528 - train_greyscale_Pos_MoE.py - {'step': '69500', 'lr': '0.0002', 'total_loss': '0.0422221', 'main_loss': '0.0262221', 'aux_loss': '16', 'time_per_step': '0.575897'}
2025-09-23 00:08:18,375 - train_greyscale_Pos_MoE.py - {'step': '69600', 'lr': '0.0002', 'total_loss': '0.0402512', 'main_loss': '0.0242512', 'aux_loss': '16', 'time_per_step': '0.520949'}
2025-09-23 00:10:37,738 - train_greyscale_Pos_MoE.py - {'step': '69700', 'lr': '0.0002', 'total_loss': '0.0432863', 'main_loss': '0.0272863', 'aux_loss': '16', 'time_per_step': '0.643502'}
2025-09-23 00:12:54,407 - train_greyscale_Pos_MoE.py - {'step': '69800', 'lr': '0.0002', 'total_loss': '0.0439268', 'main_loss': '0.0279268', 'aux_loss': '16', 'time_per_step': '0.577919'}
2025-09-23 00:15:11,494 - train_greyscale_Pos_MoE.py - {'step': '69900', 'lr': '0.0002', 'total_loss': '0.0439567', 'main_loss': '0.0279567', 'aux_loss': '16', 'time_per_step': '0.59046'}
2025-09-23 00:17:28,646 - train_greyscale_Pos_MoE.py - {'step': '70000', 'lr': '0.0002', 'total_loss': '0.0421589', 'main_loss': '0.0261589', 'aux_loss': '16', 'time_per_step': '0.58342'}
2025-09-23 00:19:45,444 - train_greyscale_Pos_MoE.py - {'step': '70100', 'lr': '0.0002', 'total_loss': '0.0446996', 'main_loss': '0.0286996', 'aux_loss': '16', 'time_per_step': '0.593974'}
2025-09-23 00:22:02,307 - train_greyscale_Pos_MoE.py - {'step': '70200', 'lr': '0.0002', 'total_loss': '0.0331521', 'main_loss': '0.0171521', 'aux_loss': '16', 'time_per_step': '0.621112'}
2025-09-23 00:24:18,750 - train_greyscale_Pos_MoE.py - {'step': '70300', 'lr': '0.0002', 'total_loss': '0.036605', 'main_loss': '0.020605', 'aux_loss': '16', 'time_per_step': '0.606975'}
2025-09-23 00:26:36,075 - train_greyscale_Pos_MoE.py - {'step': '70400', 'lr': '0.0002', 'total_loss': '0.0384336', 'main_loss': '0.0224336', 'aux_loss': '16', 'time_per_step': '0.572808'}
2025-09-23 00:28:53,007 - train_greyscale_Pos_MoE.py - {'step': '70500', 'lr': '0.0002', 'total_loss': '0.0424766', 'main_loss': '0.0264766', 'aux_loss': '16', 'time_per_step': '0.573846'}
2025-09-23 00:31:10,381 - train_greyscale_Pos_MoE.py - {'step': '70600', 'lr': '0.0002', 'total_loss': '0.0369413', 'main_loss': '0.0209413', 'aux_loss': '16', 'time_per_step': '0.610952'}
2025-09-23 00:33:27,103 - train_greyscale_Pos_MoE.py - {'step': '70700', 'lr': '0.0002', 'total_loss': '0.0371731', 'main_loss': '0.0211731', 'aux_loss': '16', 'time_per_step': '0.595641'}
2025-09-23 00:35:41,802 - train_greyscale_Pos_MoE.py - {'step': '70800', 'lr': '0.0002', 'total_loss': '0.0348729', 'main_loss': '0.0188729', 'aux_loss': '16', 'time_per_step': '0.517264'}
2025-09-23 00:38:01,288 - train_greyscale_Pos_MoE.py - {'step': '70900', 'lr': '0.0002', 'total_loss': '0.0380733', 'main_loss': '0.0220733', 'aux_loss': '16', 'time_per_step': '0.623676'}
2025-09-23 00:40:18,414 - train_greyscale_Pos_MoE.py - {'step': '71000', 'lr': '0.0002', 'total_loss': '0.0449495', 'main_loss': '0.0289495', 'aux_loss': '16', 'time_per_step': '0.613937'}
2025-09-23 00:42:35,507 - train_greyscale_Pos_MoE.py - {'step': '71100', 'lr': '0.0002', 'total_loss': '0.0395657', 'main_loss': '0.0235657', 'aux_loss': '16', 'time_per_step': '0.613824'}
2025-09-23 00:44:52,236 - train_greyscale_Pos_MoE.py - {'step': '71200', 'lr': '0.0002', 'total_loss': '0.043786', 'main_loss': '0.027786', 'aux_loss': '16', 'time_per_step': '0.591219'}
2025-09-23 00:47:09,336 - train_greyscale_Pos_MoE.py - {'step': '71300', 'lr': '0.0002', 'total_loss': '0.0412519', 'main_loss': '0.0252519', 'aux_loss': '16', 'time_per_step': '0.669369'}
2025-09-23 00:49:26,061 - train_greyscale_Pos_MoE.py - {'step': '71400', 'lr': '0.0002', 'total_loss': '0.0429043', 'main_loss': '0.0269043', 'aux_loss': '16', 'time_per_step': '0.586586'}
2025-09-23 00:51:43,366 - train_greyscale_Pos_MoE.py - {'step': '71500', 'lr': '0.0002', 'total_loss': '0.0350272', 'main_loss': '0.0190272', 'aux_loss': '16', 'time_per_step': '0.57117'}
2025-09-23 00:54:00,331 - train_greyscale_Pos_MoE.py - {'step': '71600', 'lr': '0.0002', 'total_loss': '0.0354413', 'main_loss': '0.0194413', 'aux_loss': '16', 'time_per_step': '0.579944'}
2025-09-23 00:56:16,964 - train_greyscale_Pos_MoE.py - {'step': '71700', 'lr': '0.0002', 'total_loss': '0.0462633', 'main_loss': '0.0302633', 'aux_loss': '16', 'time_per_step': '0.607323'}
2025-09-23 00:58:33,862 - train_greyscale_Pos_MoE.py - {'step': '71800', 'lr': '0.0002', 'total_loss': '0.0355001', 'main_loss': '0.0195001', 'aux_loss': '16', 'time_per_step': '0.58221'}
2025-09-23 01:00:51,065 - train_greyscale_Pos_MoE.py - {'step': '71900', 'lr': '0.0002', 'total_loss': '0.042848', 'main_loss': '0.026848', 'aux_loss': '16', 'time_per_step': '0.635616'}
2025-09-23 01:03:05,993 - train_greyscale_Pos_MoE.py - {'step': '72000', 'lr': '0.0002', 'total_loss': '0.0348557', 'main_loss': '0.0188557', 'aux_loss': '16', 'time_per_step': '0.521719'}
2025-09-23 01:05:26,055 - train_greyscale_Pos_MoE.py - {'step': '72100', 'lr': '0.0002', 'total_loss': '0.044119', 'main_loss': '0.028119', 'aux_loss': '16', 'time_per_step': '0.640801'}
2025-09-23 01:07:42,738 - train_greyscale_Pos_MoE.py - {'step': '72200', 'lr': '0.0002', 'total_loss': '0.0384827', 'main_loss': '0.0224827', 'aux_loss': '16', 'time_per_step': '0.582476'}
2025-09-23 01:09:59,773 - train_greyscale_Pos_MoE.py - {'step': '72300', 'lr': '0.0002', 'total_loss': '0.0424807', 'main_loss': '0.0264807', 'aux_loss': '16', 'time_per_step': '0.597553'}
2025-09-23 01:12:16,442 - train_greyscale_Pos_MoE.py - {'step': '72400', 'lr': '0.0002', 'total_loss': '0.0427523', 'main_loss': '0.0267522', 'aux_loss': '16', 'time_per_step': '0.64766'}
2025-09-23 01:14:32,946 - train_greyscale_Pos_MoE.py - {'step': '72500', 'lr': '0.0002', 'total_loss': '0.0452381', 'main_loss': '0.0292381', 'aux_loss': '16', 'time_per_step': '0.58446'}
2025-09-23 01:16:49,937 - train_greyscale_Pos_MoE.py - {'step': '72600', 'lr': '0.0002', 'total_loss': '0.038592', 'main_loss': '0.022592', 'aux_loss': '16', 'time_per_step': '0.599386'}
2025-09-23 01:19:06,986 - train_greyscale_Pos_MoE.py - {'step': '72700', 'lr': '0.0002', 'total_loss': '0.035296', 'main_loss': '0.019296', 'aux_loss': '16', 'time_per_step': '0.616086'}
2025-09-23 01:21:24,020 - train_greyscale_Pos_MoE.py - {'step': '72800', 'lr': '0.0002', 'total_loss': '0.0382685', 'main_loss': '0.0222685', 'aux_loss': '16', 'time_per_step': '0.568828'}
2025-09-23 01:23:41,161 - train_greyscale_Pos_MoE.py - {'step': '72900', 'lr': '0.0002', 'total_loss': '0.0402102', 'main_loss': '0.0242101', 'aux_loss': '16', 'time_per_step': '0.59251'}
2025-09-23 01:25:57,799 - train_greyscale_Pos_MoE.py - {'step': '73000', 'lr': '0.0002', 'total_loss': '0.0452282', 'main_loss': '0.0292282', 'aux_loss': '16', 'time_per_step': '0.595098'}
2025-09-23 01:28:14,675 - train_greyscale_Pos_MoE.py - {'step': '73100', 'lr': '0.0002', 'total_loss': '0.0375572', 'main_loss': '0.0215572', 'aux_loss': '16', 'time_per_step': '0.565202'}
2025-09-23 01:30:30,466 - train_greyscale_Pos_MoE.py - {'step': '73200', 'lr': '0.0002', 'total_loss': '0.037984', 'main_loss': '0.021984', 'aux_loss': '16', 'time_per_step': '0.52106'}
2025-09-23 01:32:50,255 - train_greyscale_Pos_MoE.py - {'step': '73300', 'lr': '0.0002', 'total_loss': '0.0400333', 'main_loss': '0.0240333', 'aux_loss': '16', 'time_per_step': '0.61547'}
2025-09-23 01:35:07,072 - train_greyscale_Pos_MoE.py - {'step': '73400', 'lr': '0.0002', 'total_loss': '0.0448527', 'main_loss': '0.0288527', 'aux_loss': '16', 'time_per_step': '0.61619'}
2025-09-23 01:37:23,847 - train_greyscale_Pos_MoE.py - {'step': '73500', 'lr': '0.0002', 'total_loss': '0.0402907', 'main_loss': '0.0242907', 'aux_loss': '16', 'time_per_step': '0.607821'}
2025-09-23 01:39:40,607 - train_greyscale_Pos_MoE.py - {'step': '73600', 'lr': '0.0002', 'total_loss': '0.0415143', 'main_loss': '0.0255143', 'aux_loss': '16', 'time_per_step': '0.632601'}
2025-09-23 01:41:56,878 - train_greyscale_Pos_MoE.py - {'step': '73700', 'lr': '0.0002', 'total_loss': '0.0404452', 'main_loss': '0.0244452', 'aux_loss': '16', 'time_per_step': '0.568908'}
2025-09-23 01:44:13,549 - train_greyscale_Pos_MoE.py - {'step': '73800', 'lr': '0.0002', 'total_loss': '0.040291', 'main_loss': '0.024291', 'aux_loss': '16', 'time_per_step': '0.598841'}
2025-09-23 01:46:31,100 - train_greyscale_Pos_MoE.py - {'step': '73900', 'lr': '0.0002', 'total_loss': '0.0491917', 'main_loss': '0.0331917', 'aux_loss': '16', 'time_per_step': '0.582948'}
2025-09-23 01:48:47,370 - train_greyscale_Pos_MoE.py - {'step': '74000', 'lr': '0.0002', 'total_loss': '0.0400399', 'main_loss': '0.0240399', 'aux_loss': '16', 'time_per_step': '0.593086'}
2025-09-23 01:51:04,094 - train_greyscale_Pos_MoE.py - {'step': '74100', 'lr': '0.0002', 'total_loss': '0.0372731', 'main_loss': '0.0212731', 'aux_loss': '16', 'time_per_step': '0.608053'}
2025-09-23 01:53:21,063 - train_greyscale_Pos_MoE.py - {'step': '74200', 'lr': '0.0002', 'total_loss': '0.040003', 'main_loss': '0.024003', 'aux_loss': '16', 'time_per_step': '0.598232'}
2025-09-23 01:55:37,731 - train_greyscale_Pos_MoE.py - {'step': '74300', 'lr': '0.0002', 'total_loss': '0.0393111', 'main_loss': '0.0233111', 'aux_loss': '16', 'time_per_step': '0.636357'}
2025-09-23 01:57:53,200 - train_greyscale_Pos_MoE.py - {'step': '74400', 'lr': '0.0002', 'total_loss': '0.0386768', 'main_loss': '0.0226768', 'aux_loss': '16', 'time_per_step': '0.52494'}
2025-09-23 02:00:12,241 - train_greyscale_Pos_MoE.py - {'step': '74500', 'lr': '0.0002', 'total_loss': '0.0405023', 'main_loss': '0.0245023', 'aux_loss': '16', 'time_per_step': '0.607229'}
2025-09-23 02:02:29,070 - train_greyscale_Pos_MoE.py - {'step': '74600', 'lr': '0.0002', 'total_loss': '0.039843', 'main_loss': '0.023843', 'aux_loss': '16', 'time_per_step': '0.618641'}
2025-09-23 02:04:45,866 - train_greyscale_Pos_MoE.py - {'step': '74700', 'lr': '0.0002', 'total_loss': '0.0399374', 'main_loss': '0.0239374', 'aux_loss': '16', 'time_per_step': '0.578721'}
2025-09-23 02:07:02,705 - train_greyscale_Pos_MoE.py - {'step': '74800', 'lr': '0.0002', 'total_loss': '0.0420261', 'main_loss': '0.0260261', 'aux_loss': '16', 'time_per_step': '0.649486'}
2025-09-23 02:09:19,209 - train_greyscale_Pos_MoE.py - {'step': '74900', 'lr': '0.0002', 'total_loss': '0.0486305', 'main_loss': '0.0326305', 'aux_loss': '16', 'time_per_step': '0.591663'}
2025-09-23 02:11:35,993 - train_greyscale_Pos_MoE.py - {'step': '75000', 'lr': '0.0002', 'total_loss': '0.035978', 'main_loss': '0.019978', 'aux_loss': '16', 'time_per_step': '0.584799'}
2025-09-23 02:11:35,993 - train_greyscale_Pos_MoE.py - Save a grid of 16 samples into output/acdc_wholeheart_uncond_pos_moh_minmax_greyscale_uvit_mid_4by4/samples/75000.png by DPM-Solver
2025-09-23 02:13:53,690 - train_greyscale_Pos_MoE.py - {'step': '75100', 'lr': '0.0002', 'total_loss': '0.0393785', 'main_loss': '0.0233785', 'aux_loss': '16', 'time_per_step': '0.612037'}
2025-09-23 02:16:11,336 - train_greyscale_Pos_MoE.py - {'step': '75200', 'lr': '0.0002', 'total_loss': '0.0428467', 'main_loss': '0.0268467', 'aux_loss': '16', 'time_per_step': '0.819126'}
2025-09-23 02:18:27,717 - train_greyscale_Pos_MoE.py - {'step': '75300', 'lr': '0.0002', 'total_loss': '0.0396529', 'main_loss': '0.0236529', 'aux_loss': '16', 'time_per_step': '0.587888'}
2025-09-23 02:20:45,112 - train_greyscale_Pos_MoE.py - {'step': '75400', 'lr': '0.0002', 'total_loss': '0.045969', 'main_loss': '0.029969', 'aux_loss': '16', 'time_per_step': '0.616596'}
2025-09-23 02:23:01,667 - train_greyscale_Pos_MoE.py - {'step': '75500', 'lr': '0.0002', 'total_loss': '0.0459696', 'main_loss': '0.0299696', 'aux_loss': '16', 'time_per_step': '0.584457'}
2025-09-23 02:25:17,161 - train_greyscale_Pos_MoE.py - {'step': '75600', 'lr': '0.0002', 'total_loss': '0.0394197', 'main_loss': '0.0234197', 'aux_loss': '16', 'time_per_step': '0.522939'}
2025-09-23 02:27:36,663 - train_greyscale_Pos_MoE.py - {'step': '75700', 'lr': '0.0002', 'total_loss': '0.0407388', 'main_loss': '0.0247388', 'aux_loss': '16', 'time_per_step': '0.591015'}
2025-09-23 02:29:53,407 - train_greyscale_Pos_MoE.py - {'step': '75800', 'lr': '0.0002', 'total_loss': '0.0407502', 'main_loss': '0.0247502', 'aux_loss': '16', 'time_per_step': '0.579799'}
2025-09-23 02:32:10,363 - train_greyscale_Pos_MoE.py - {'step': '75900', 'lr': '0.0002', 'total_loss': '0.0481782', 'main_loss': '0.0321782', 'aux_loss': '16', 'time_per_step': '0.596945'}
2025-09-23 02:34:26,871 - train_greyscale_Pos_MoE.py - {'step': '76000', 'lr': '0.0002', 'total_loss': '0.045212', 'main_loss': '0.029212', 'aux_loss': '16', 'time_per_step': '0.578671'}
2025-09-23 02:36:43,791 - train_greyscale_Pos_MoE.py - {'step': '76100', 'lr': '0.0002', 'total_loss': '0.0372166', 'main_loss': '0.0212166', 'aux_loss': '16', 'time_per_step': '0.593206'}
2025-09-23 02:39:00,317 - train_greyscale_Pos_MoE.py - {'step': '76200', 'lr': '0.0002', 'total_loss': '0.0376759', 'main_loss': '0.0216759', 'aux_loss': '16', 'time_per_step': '0.577836'}
2025-09-23 02:41:17,804 - train_greyscale_Pos_MoE.py - {'step': '76300', 'lr': '0.0002', 'total_loss': '0.0347916', 'main_loss': '0.0187916', 'aux_loss': '16', 'time_per_step': '0.601882'}
2025-09-23 02:43:34,931 - train_greyscale_Pos_MoE.py - {'step': '76400', 'lr': '0.0002', 'total_loss': '0.0406457', 'main_loss': '0.0246457', 'aux_loss': '16', 'time_per_step': '0.604243'}
2025-09-23 02:45:52,101 - train_greyscale_Pos_MoE.py - {'step': '76500', 'lr': '0.0002', 'total_loss': '0.0426756', 'main_loss': '0.0266756', 'aux_loss': '16', 'time_per_step': '0.594829'}
2025-09-23 02:48:09,148 - train_greyscale_Pos_MoE.py - {'step': '76600', 'lr': '0.0002', 'total_loss': '0.0441251', 'main_loss': '0.0281251', 'aux_loss': '16', 'time_per_step': '0.643733'}
2025-09-23 02:50:26,295 - train_greyscale_Pos_MoE.py - {'step': '76700', 'lr': '0.0002', 'total_loss': '0.0458726', 'main_loss': '0.0298726', 'aux_loss': '16', 'time_per_step': '0.568197'}
2025-09-23 02:52:41,405 - train_greyscale_Pos_MoE.py - {'step': '76800', 'lr': '0.0002', 'total_loss': '0.0411716', 'main_loss': '0.0251716', 'aux_loss': '16', 'time_per_step': '0.521834'}
2025-09-23 02:55:00,908 - train_greyscale_Pos_MoE.py - {'step': '76900', 'lr': '0.0002', 'total_loss': '0.0379717', 'main_loss': '0.0219717', 'aux_loss': '16', 'time_per_step': '0.629368'}
2025-09-23 02:57:17,714 - train_greyscale_Pos_MoE.py - {'step': '77000', 'lr': '0.0002', 'total_loss': '0.0463027', 'main_loss': '0.0303027', 'aux_loss': '16', 'time_per_step': '0.636729'}
2025-09-23 02:59:34,446 - train_greyscale_Pos_MoE.py - {'step': '77100', 'lr': '0.0002', 'total_loss': '0.0429728', 'main_loss': '0.0269728', 'aux_loss': '16', 'time_per_step': '0.633146'}
2025-09-23 03:01:52,314 - train_greyscale_Pos_MoE.py - {'step': '77200', 'lr': '0.0002', 'total_loss': '0.0525062', 'main_loss': '0.0365062', 'aux_loss': '16', 'time_per_step': '0.610592'}
2025-09-23 03:04:09,594 - train_greyscale_Pos_MoE.py - {'step': '77300', 'lr': '0.0002', 'total_loss': '0.0390138', 'main_loss': '0.0230138', 'aux_loss': '16', 'time_per_step': '0.582076'}
2025-09-23 03:06:26,418 - train_greyscale_Pos_MoE.py - {'step': '77400', 'lr': '0.0002', 'total_loss': '0.0515643', 'main_loss': '0.0355643', 'aux_loss': '16', 'time_per_step': '0.581543'}
2025-09-23 03:08:43,439 - train_greyscale_Pos_MoE.py - {'step': '77500', 'lr': '0.0002', 'total_loss': '0.0482093', 'main_loss': '0.0322093', 'aux_loss': '16', 'time_per_step': '0.617571'}
2025-09-23 03:11:00,305 - train_greyscale_Pos_MoE.py - {'step': '77600', 'lr': '0.0002', 'total_loss': '0.035804', 'main_loss': '0.019804', 'aux_loss': '16', 'time_per_step': '0.581264'}
2025-09-23 03:13:16,139 - train_greyscale_Pos_MoE.py - {'step': '77700', 'lr': '0.0002', 'total_loss': '0.0359782', 'main_loss': '0.0199782', 'aux_loss': '16', 'time_per_step': '0.596605'}
2025-09-23 03:15:33,300 - train_greyscale_Pos_MoE.py - {'step': '77800', 'lr': '0.0002', 'total_loss': '0.0425226', 'main_loss': '0.0265226', 'aux_loss': '16', 'time_per_step': '0.639798'}
2025-09-23 03:17:49,992 - train_greyscale_Pos_MoE.py - {'step': '77900', 'lr': '0.0002', 'total_loss': '0.0455527', 'main_loss': '0.0295527', 'aux_loss': '16', 'time_per_step': '0.578622'}
2025-09-23 03:20:05,744 - train_greyscale_Pos_MoE.py - {'step': '78000', 'lr': '0.0002', 'total_loss': '0.0403814', 'main_loss': '0.0243814', 'aux_loss': '16', 'time_per_step': '0.519601'}
2025-09-23 03:22:24,928 - train_greyscale_Pos_MoE.py - {'step': '78100', 'lr': '0.0002', 'total_loss': '0.0413919', 'main_loss': '0.0253919', 'aux_loss': '16', 'time_per_step': '0.6573'}
2025-09-23 03:24:41,597 - train_greyscale_Pos_MoE.py - {'step': '78200', 'lr': '0.0002', 'total_loss': '0.0455675', 'main_loss': '0.0295675', 'aux_loss': '16', 'time_per_step': '0.611971'}
2025-09-23 03:26:58,208 - train_greyscale_Pos_MoE.py - {'step': '78300', 'lr': '0.0002', 'total_loss': '0.0419493', 'main_loss': '0.0259493', 'aux_loss': '16', 'time_per_step': '0.608938'}
2025-09-23 03:29:15,117 - train_greyscale_Pos_MoE.py - {'step': '78400', 'lr': '0.0002', 'total_loss': '0.0409608', 'main_loss': '0.0249608', 'aux_loss': '16', 'time_per_step': '0.582166'}
2025-09-23 03:31:32,230 - train_greyscale_Pos_MoE.py - {'step': '78500', 'lr': '0.0002', 'total_loss': '0.0401454', 'main_loss': '0.0241454', 'aux_loss': '16', 'time_per_step': '0.585317'}
2025-09-23 03:33:48,910 - train_greyscale_Pos_MoE.py - {'step': '78600', 'lr': '0.0002', 'total_loss': '0.0409316', 'main_loss': '0.0249316', 'aux_loss': '16', 'time_per_step': '0.61245'}
2025-09-23 03:36:05,165 - train_greyscale_Pos_MoE.py - {'step': '78700', 'lr': '0.0002', 'total_loss': '0.0468974', 'main_loss': '0.0308974', 'aux_loss': '16', 'time_per_step': '0.604079'}
2025-09-23 03:38:22,325 - train_greyscale_Pos_MoE.py - {'step': '78800', 'lr': '0.0002', 'total_loss': '0.0400582', 'main_loss': '0.0240582', 'aux_loss': '16', 'time_per_step': '0.618359'}
2025-09-23 03:40:39,259 - train_greyscale_Pos_MoE.py - {'step': '78900', 'lr': '0.0002', 'total_loss': '0.0426569', 'main_loss': '0.0266569', 'aux_loss': '16', 'time_per_step': '0.592152'}
2025-09-23 03:42:56,507 - train_greyscale_Pos_MoE.py - {'step': '79000', 'lr': '0.0002', 'total_loss': '0.044223', 'main_loss': '0.028223', 'aux_loss': '16', 'time_per_step': '0.575632'}
2025-09-23 03:45:12,449 - train_greyscale_Pos_MoE.py - {'step': '79100', 'lr': '0.0002', 'total_loss': '0.0358061', 'main_loss': '0.0198061', 'aux_loss': '16', 'time_per_step': '0.605859'}
2025-09-23 03:47:27,988 - train_greyscale_Pos_MoE.py - {'step': '79200', 'lr': '0.0002', 'total_loss': '0.0399502', 'main_loss': '0.0239502', 'aux_loss': '16', 'time_per_step': '0.522822'}
2025-09-23 03:49:47,299 - train_greyscale_Pos_MoE.py - {'step': '79300', 'lr': '0.0002', 'total_loss': '0.038094', 'main_loss': '0.022094', 'aux_loss': '16', 'time_per_step': '0.590246'}
2025-09-23 03:52:03,980 - train_greyscale_Pos_MoE.py - {'step': '79400', 'lr': '0.0002', 'total_loss': '0.0479252', 'main_loss': '0.0319252', 'aux_loss': '16', 'time_per_step': '0.591367'}
2025-09-23 03:54:21,063 - train_greyscale_Pos_MoE.py - {'step': '79500', 'lr': '0.0002', 'total_loss': '0.0443072', 'main_loss': '0.0283072', 'aux_loss': '16', 'time_per_step': '0.633033'}
2025-09-23 03:56:37,860 - train_greyscale_Pos_MoE.py - {'step': '79600', 'lr': '0.0002', 'total_loss': '0.0394007', 'main_loss': '0.0234007', 'aux_loss': '16', 'time_per_step': '0.598174'}
2025-09-23 03:58:54,674 - train_greyscale_Pos_MoE.py - {'step': '79700', 'lr': '0.0002', 'total_loss': '0.0344854', 'main_loss': '0.0184854', 'aux_loss': '16', 'time_per_step': '0.592793'}
2025-09-23 04:01:11,671 - train_greyscale_Pos_MoE.py - {'step': '79800', 'lr': '0.0002', 'total_loss': '0.0451018', 'main_loss': '0.0291018', 'aux_loss': '16', 'time_per_step': '0.608257'}
2025-09-23 04:03:28,293 - train_greyscale_Pos_MoE.py - {'step': '79900', 'lr': '0.0002', 'total_loss': '0.0354832', 'main_loss': '0.0194832', 'aux_loss': '16', 'time_per_step': '0.615674'}
2025-09-23 04:05:44,926 - train_greyscale_Pos_MoE.py - {'step': '80000', 'lr': '0.0002', 'total_loss': '0.0390899', 'main_loss': '0.0230899', 'aux_loss': '16', 'time_per_step': '0.584103'}
2025-09-23 04:08:01,946 - train_greyscale_Pos_MoE.py - {'step': '80100', 'lr': '0.0002', 'total_loss': '0.0425826', 'main_loss': '0.0265826', 'aux_loss': '16', 'time_per_step': '0.593187'}
2025-09-23 04:10:18,568 - train_greyscale_Pos_MoE.py - {'step': '80200', 'lr': '0.0002', 'total_loss': '0.0362127', 'main_loss': '0.0202127', 'aux_loss': '16', 'time_per_step': '0.594838'}
2025-09-23 04:12:34,842 - train_greyscale_Pos_MoE.py - {'step': '80300', 'lr': '0.0002', 'total_loss': '0.0299247', 'main_loss': '0.0139247', 'aux_loss': '16', 'time_per_step': '0.5961'}
2025-09-23 04:14:50,363 - train_greyscale_Pos_MoE.py - {'step': '80400', 'lr': '0.0002', 'total_loss': '0.0401877', 'main_loss': '0.0241877', 'aux_loss': '16', 'time_per_step': '0.52233'}
2025-09-23 04:17:10,160 - train_greyscale_Pos_MoE.py - {'step': '80500', 'lr': '0.0002', 'total_loss': '0.0455579', 'main_loss': '0.0295579', 'aux_loss': '16', 'time_per_step': '0.617272'}
2025-09-23 04:19:26,772 - train_greyscale_Pos_MoE.py - {'step': '80600', 'lr': '0.0002', 'total_loss': '0.0382583', 'main_loss': '0.0222583', 'aux_loss': '16', 'time_per_step': '0.568766'}
2025-09-23 04:21:43,377 - train_greyscale_Pos_MoE.py - {'step': '80700', 'lr': '0.0002', 'total_loss': '0.0373979', 'main_loss': '0.0213979', 'aux_loss': '16', 'time_per_step': '0.613588'}
2025-09-23 04:24:00,119 - train_greyscale_Pos_MoE.py - {'step': '80800', 'lr': '0.0002', 'total_loss': '0.0472195', 'main_loss': '0.0312195', 'aux_loss': '16', 'time_per_step': '0.572401'}
2025-09-23 04:26:16,983 - train_greyscale_Pos_MoE.py - {'step': '80900', 'lr': '0.0002', 'total_loss': '0.0344631', 'main_loss': '0.0184631', 'aux_loss': '16', 'time_per_step': '0.577653'}
2025-09-23 04:28:33,901 - train_greyscale_Pos_MoE.py - {'step': '81000', 'lr': '0.0002', 'total_loss': '0.0401575', 'main_loss': '0.0241575', 'aux_loss': '16', 'time_per_step': '0.620161'}
2025-09-23 04:30:50,571 - train_greyscale_Pos_MoE.py - {'step': '81100', 'lr': '0.0002', 'total_loss': '0.0400688', 'main_loss': '0.0240688', 'aux_loss': '16', 'time_per_step': '0.637916'}
2025-09-23 04:33:07,802 - train_greyscale_Pos_MoE.py - {'step': '81200', 'lr': '0.0002', 'total_loss': '0.0438225', 'main_loss': '0.0278225', 'aux_loss': '16', 'time_per_step': '0.592099'}
2025-09-23 04:35:24,763 - train_greyscale_Pos_MoE.py - {'step': '81300', 'lr': '0.0002', 'total_loss': '0.0384648', 'main_loss': '0.0224648', 'aux_loss': '16', 'time_per_step': '0.597499'}
2025-09-23 04:37:40,513 - train_greyscale_Pos_MoE.py - {'step': '81400', 'lr': '0.0002', 'total_loss': '0.0422682', 'main_loss': '0.0262682', 'aux_loss': '16', 'time_per_step': '0.600578'}
2025-09-23 04:39:57,957 - train_greyscale_Pos_MoE.py - {'step': '81500', 'lr': '0.0002', 'total_loss': '0.0395521', 'main_loss': '0.0235521', 'aux_loss': '16', 'time_per_step': '0.578643'}
2025-09-23 04:42:13,054 - train_greyscale_Pos_MoE.py - {'step': '81600', 'lr': '0.0002', 'total_loss': '0.0360342', 'main_loss': '0.0200342', 'aux_loss': '16', 'time_per_step': '0.522751'}
2025-09-23 04:44:32,384 - train_greyscale_Pos_MoE.py - {'step': '81700', 'lr': '0.0002', 'total_loss': '0.0408762', 'main_loss': '0.0248762', 'aux_loss': '16', 'time_per_step': '0.57981'}
2025-09-23 04:46:49,164 - train_greyscale_Pos_MoE.py - {'step': '81800', 'lr': '0.0002', 'total_loss': '0.0396691', 'main_loss': '0.0236691', 'aux_loss': '16', 'time_per_step': '0.614243'}
2025-09-23 04:49:06,012 - train_greyscale_Pos_MoE.py - {'step': '81900', 'lr': '0.0002', 'total_loss': '0.0343791', 'main_loss': '0.0183791', 'aux_loss': '16', 'time_per_step': '0.628096'}
2025-09-23 04:51:23,003 - train_greyscale_Pos_MoE.py - {'step': '82000', 'lr': '0.0002', 'total_loss': '0.0311121', 'main_loss': '0.0151121', 'aux_loss': '16', 'time_per_step': '0.683393'}
2025-09-23 04:53:39,773 - train_greyscale_Pos_MoE.py - {'step': '82100', 'lr': '0.0002', 'total_loss': '0.0458274', 'main_loss': '0.0298274', 'aux_loss': '16', 'time_per_step': '0.617781'}
2025-09-23 04:55:56,576 - train_greyscale_Pos_MoE.py - {'step': '82200', 'lr': '0.0002', 'total_loss': '0.0474432', 'main_loss': '0.0314432', 'aux_loss': '16', 'time_per_step': '0.588866'}
2025-09-23 04:58:13,388 - train_greyscale_Pos_MoE.py - {'step': '82300', 'lr': '0.0002', 'total_loss': '0.0446795', 'main_loss': '0.0286795', 'aux_loss': '16', 'time_per_step': '0.596393'}
2025-09-23 05:00:29,453 - train_greyscale_Pos_MoE.py - {'step': '82400', 'lr': '0.0002', 'total_loss': '0.0340889', 'main_loss': '0.0180889', 'aux_loss': '16', 'time_per_step': '0.616257'}
2025-09-23 05:02:46,911 - train_greyscale_Pos_MoE.py - {'step': '82500', 'lr': '0.0002', 'total_loss': '0.0410493', 'main_loss': '0.0250493', 'aux_loss': '16', 'time_per_step': '0.588475'}
2025-09-23 05:05:03,794 - train_greyscale_Pos_MoE.py - {'step': '82600', 'lr': '0.0002', 'total_loss': '0.0377234', 'main_loss': '0.0217234', 'aux_loss': '16', 'time_per_step': '0.642285'}
2025-09-23 05:07:19,769 - train_greyscale_Pos_MoE.py - {'step': '82700', 'lr': '0.0002', 'total_loss': '0.0410817', 'main_loss': '0.0250817', 'aux_loss': '16', 'time_per_step': '0.607963'}
2025-09-23 05:09:36,971 - train_greyscale_Pos_MoE.py - {'step': '82800', 'lr': '0.0002', 'total_loss': '0.0384249', 'main_loss': '0.0224249', 'aux_loss': '16', 'time_per_step': '0.516678'}
2025-09-23 05:11:55,920 - train_greyscale_Pos_MoE.py - {'step': '82900', 'lr': '0.0002', 'total_loss': '0.0400171', 'main_loss': '0.0240171', 'aux_loss': '16', 'time_per_step': '0.580198'}
2025-09-23 05:14:12,592 - train_greyscale_Pos_MoE.py - {'step': '83000', 'lr': '0.0002', 'total_loss': '0.0404294', 'main_loss': '0.0244294', 'aux_loss': '16', 'time_per_step': '0.601563'}
2025-09-23 05:16:29,454 - train_greyscale_Pos_MoE.py - {'step': '83100', 'lr': '0.0002', 'total_loss': '0.0352767', 'main_loss': '0.0192767', 'aux_loss': '16', 'time_per_step': '0.596138'}
2025-09-23 05:18:46,030 - train_greyscale_Pos_MoE.py - {'step': '83200', 'lr': '0.0002', 'total_loss': '0.0430758', 'main_loss': '0.0270758', 'aux_loss': '16', 'time_per_step': '0.583759'}
2025-09-23 05:21:03,247 - train_greyscale_Pos_MoE.py - {'step': '83300', 'lr': '0.0002', 'total_loss': '0.0407964', 'main_loss': '0.0247964', 'aux_loss': '16', 'time_per_step': '0.574717'}
2025-09-23 05:23:19,886 - train_greyscale_Pos_MoE.py - {'step': '83400', 'lr': '0.0002', 'total_loss': '0.0377083', 'main_loss': '0.0217083', 'aux_loss': '16', 'time_per_step': '0.611629'}
2025-09-23 05:25:36,790 - train_greyscale_Pos_MoE.py - {'step': '83500', 'lr': '0.0002', 'total_loss': '0.0339122', 'main_loss': '0.0179122', 'aux_loss': '16', 'time_per_step': '0.616418'}
2025-09-23 05:27:53,952 - train_greyscale_Pos_MoE.py - {'step': '83600', 'lr': '0.0002', 'total_loss': '0.0392951', 'main_loss': '0.0232951', 'aux_loss': '16', 'time_per_step': '0.588848'}
2025-09-23 05:30:10,868 - train_greyscale_Pos_MoE.py - {'step': '83700', 'lr': '0.0002', 'total_loss': '0.0449753', 'main_loss': '0.0289753', 'aux_loss': '16', 'time_per_step': '0.592184'}
2025-09-23 05:32:27,368 - train_greyscale_Pos_MoE.py - {'step': '83800', 'lr': '0.0002', 'total_loss': '0.0373077', 'main_loss': '0.0213077', 'aux_loss': '16', 'time_per_step': '0.631554'}
2025-09-23 05:34:44,509 - train_greyscale_Pos_MoE.py - {'step': '83900', 'lr': '0.0002', 'total_loss': '0.0439829', 'main_loss': '0.0279829', 'aux_loss': '16', 'time_per_step': '0.59741'}
2025-09-23 05:36:59,425 - train_greyscale_Pos_MoE.py - {'step': '84000', 'lr': '0.0002', 'total_loss': '0.0337587', 'main_loss': '0.0177587', 'aux_loss': '16', 'time_per_step': '0.521503'}
2025-09-23 05:39:19,039 - train_greyscale_Pos_MoE.py - {'step': '84100', 'lr': '0.0002', 'total_loss': '0.0403438', 'main_loss': '0.0243438', 'aux_loss': '16', 'time_per_step': '0.561948'}
2025-09-23 05:41:35,893 - train_greyscale_Pos_MoE.py - {'step': '84200', 'lr': '0.0002', 'total_loss': '0.0428954', 'main_loss': '0.0268954', 'aux_loss': '16', 'time_per_step': '0.601823'}
2025-09-23 05:43:52,210 - train_greyscale_Pos_MoE.py - {'step': '84300', 'lr': '0.0002', 'total_loss': '0.0368018', 'main_loss': '0.0208018', 'aux_loss': '16', 'time_per_step': '0.586335'}
2025-09-23 05:46:09,750 - train_greyscale_Pos_MoE.py - {'step': '84400', 'lr': '0.0002', 'total_loss': '0.0420056', 'main_loss': '0.0260056', 'aux_loss': '16', 'time_per_step': '0.603673'}
2025-09-23 05:48:26,781 - train_greyscale_Pos_MoE.py - {'step': '84500', 'lr': '0.0002', 'total_loss': '0.0381013', 'main_loss': '0.0221013', 'aux_loss': '16', 'time_per_step': '0.595888'}
2025-09-23 05:50:44,180 - train_greyscale_Pos_MoE.py - {'step': '84600', 'lr': '0.0002', 'total_loss': '0.0384779', 'main_loss': '0.0224779', 'aux_loss': '16', 'time_per_step': '0.580228'}
2025-09-23 05:53:01,102 - train_greyscale_Pos_MoE.py - {'step': '84700', 'lr': '0.0002', 'total_loss': '0.0445268', 'main_loss': '0.0285268', 'aux_loss': '16', 'time_per_step': '0.605893'}
2025-09-23 05:55:18,542 - train_greyscale_Pos_MoE.py - {'step': '84800', 'lr': '0.0002', 'total_loss': '0.0388213', 'main_loss': '0.0228213', 'aux_loss': '16', 'time_per_step': '0.609299'}
2025-09-23 05:57:35,064 - train_greyscale_Pos_MoE.py - {'step': '84900', 'lr': '0.0002', 'total_loss': '0.036239', 'main_loss': '0.020239', 'aux_loss': '16', 'time_per_step': '0.604178'}
2025-09-23 05:59:51,664 - train_greyscale_Pos_MoE.py - {'step': '85000', 'lr': '0.0002', 'total_loss': '0.0419426', 'main_loss': '0.0259426', 'aux_loss': '16', 'time_per_step': '0.580561'}
2025-09-23 06:02:08,638 - train_greyscale_Pos_MoE.py - {'step': '85100', 'lr': '0.0002', 'total_loss': '0.0435931', 'main_loss': '0.0275931', 'aux_loss': '16', 'time_per_step': '0.563687'}
2025-09-23 06:04:23,637 - train_greyscale_Pos_MoE.py - {'step': '85200', 'lr': '0.0002', 'total_loss': '0.0373765', 'main_loss': '0.0213765', 'aux_loss': '16', 'time_per_step': '0.521067'}
2025-09-23 06:06:42,984 - train_greyscale_Pos_MoE.py - {'step': '85300', 'lr': '0.0002', 'total_loss': '0.0410993', 'main_loss': '0.0250993', 'aux_loss': '16', 'time_per_step': '0.582973'}
2025-09-23 06:08:59,665 - train_greyscale_Pos_MoE.py - {'step': '85400', 'lr': '0.0002', 'total_loss': '0.0305452', 'main_loss': '0.0145452', 'aux_loss': '16', 'time_per_step': '0.568457'}
2025-09-23 06:11:16,563 - train_greyscale_Pos_MoE.py - {'step': '85500', 'lr': '0.0002', 'total_loss': '0.038774', 'main_loss': '0.022774', 'aux_loss': '16', 'time_per_step': '0.600542'}
2025-09-23 06:13:33,217 - train_greyscale_Pos_MoE.py - {'step': '85600', 'lr': '0.0002', 'total_loss': '0.0455611', 'main_loss': '0.0295611', 'aux_loss': '16', 'time_per_step': '0.564221'}
2025-09-23 06:15:50,070 - train_greyscale_Pos_MoE.py - {'step': '85700', 'lr': '0.0002', 'total_loss': '0.0428813', 'main_loss': '0.0268813', 'aux_loss': '16', 'time_per_step': '0.624075'}
2025-09-23 06:18:07,078 - train_greyscale_Pos_MoE.py - {'step': '85800', 'lr': '0.0002', 'total_loss': '0.0364727', 'main_loss': '0.0204727', 'aux_loss': '16', 'time_per_step': '0.580021'}
2025-09-23 06:20:24,054 - train_greyscale_Pos_MoE.py - {'step': '85900', 'lr': '0.0002', 'total_loss': '0.0437747', 'main_loss': '0.0277747', 'aux_loss': '16', 'time_per_step': '0.625767'}
2025-09-23 06:22:41,156 - train_greyscale_Pos_MoE.py - {'step': '86000', 'lr': '0.0002', 'total_loss': '0.0373037', 'main_loss': '0.0213037', 'aux_loss': '16', 'time_per_step': '0.613934'}
2025-09-23 06:24:57,779 - train_greyscale_Pos_MoE.py - {'step': '86100', 'lr': '0.0002', 'total_loss': '0.0488491', 'main_loss': '0.0328491', 'aux_loss': '16', 'time_per_step': '0.582633'}
2025-09-23 06:27:14,739 - train_greyscale_Pos_MoE.py - {'step': '86200', 'lr': '0.0002', 'total_loss': '0.0369896', 'main_loss': '0.0209896', 'aux_loss': '16', 'time_per_step': '0.55994'}
2025-09-23 06:29:32,251 - train_greyscale_Pos_MoE.py - {'step': '86300', 'lr': '0.0002', 'total_loss': '0.039591', 'main_loss': '0.023591', 'aux_loss': '16', 'time_per_step': '0.625816'}
2025-09-23 06:31:47,458 - train_greyscale_Pos_MoE.py - {'step': '86400', 'lr': '0.0002', 'total_loss': '0.0381945', 'main_loss': '0.0221945', 'aux_loss': '16', 'time_per_step': '0.526745'}
2025-09-23 06:34:07,249 - train_greyscale_Pos_MoE.py - {'step': '86500', 'lr': '0.0002', 'total_loss': '0.0339179', 'main_loss': '0.0179179', 'aux_loss': '16', 'time_per_step': '0.609771'}
2025-09-23 06:36:23,922 - train_greyscale_Pos_MoE.py - {'step': '86600', 'lr': '0.0002', 'total_loss': '0.0414214', 'main_loss': '0.0254214', 'aux_loss': '16', 'time_per_step': '0.595863'}
2025-09-23 06:38:40,490 - train_greyscale_Pos_MoE.py - {'step': '86700', 'lr': '0.0002', 'total_loss': '0.043888', 'main_loss': '0.027888', 'aux_loss': '16', 'time_per_step': '0.592048'}
2025-09-23 06:40:57,555 - train_greyscale_Pos_MoE.py - {'step': '86800', 'lr': '0.0002', 'total_loss': '0.0383851', 'main_loss': '0.0223851', 'aux_loss': '16', 'time_per_step': '0.599924'}
2025-09-23 06:43:14,453 - train_greyscale_Pos_MoE.py - {'step': '86900', 'lr': '0.0002', 'total_loss': '0.0457715', 'main_loss': '0.0297715', 'aux_loss': '16', 'time_per_step': '0.600036'}
2025-09-23 06:45:31,274 - train_greyscale_Pos_MoE.py - {'step': '87000', 'lr': '0.0002', 'total_loss': '0.0375602', 'main_loss': '0.0215602', 'aux_loss': '16', 'time_per_step': '0.596361'}
2025-09-23 06:47:48,166 - train_greyscale_Pos_MoE.py - {'step': '87100', 'lr': '0.0002', 'total_loss': '0.0371067', 'main_loss': '0.0211067', 'aux_loss': '16', 'time_per_step': '0.566272'}
2025-09-23 06:50:04,589 - train_greyscale_Pos_MoE.py - {'step': '87200', 'lr': '0.0002', 'total_loss': '0.0485581', 'main_loss': '0.0325581', 'aux_loss': '16', 'time_per_step': '0.611754'}
2025-09-23 06:52:21,261 - train_greyscale_Pos_MoE.py - {'step': '87300', 'lr': '0.0002', 'total_loss': '0.0404807', 'main_loss': '0.0244807', 'aux_loss': '16', 'time_per_step': '0.612356'}
2025-09-23 06:54:38,265 - train_greyscale_Pos_MoE.py - {'step': '87400', 'lr': '0.0002', 'total_loss': '0.0373428', 'main_loss': '0.0213428', 'aux_loss': '16', 'time_per_step': '0.617603'}
2025-09-23 06:56:55,283 - train_greyscale_Pos_MoE.py - {'step': '87500', 'lr': '0.0002', 'total_loss': '0.0381641', 'main_loss': '0.0221641', 'aux_loss': '16', 'time_per_step': '0.567153'}
2025-09-23 06:59:10,196 - train_greyscale_Pos_MoE.py - {'step': '87600', 'lr': '0.0002', 'total_loss': '0.0394248', 'main_loss': '0.0234248', 'aux_loss': '16', 'time_per_step': '0.522333'}
2025-09-23 07:01:29,612 - train_greyscale_Pos_MoE.py - {'step': '87700', 'lr': '0.0002', 'total_loss': '0.0462842', 'main_loss': '0.0302842', 'aux_loss': '16', 'time_per_step': '0.568418'}
2025-09-23 07:03:45,495 - train_greyscale_Pos_MoE.py - {'step': '87800', 'lr': '0.0002', 'total_loss': '0.0358044', 'main_loss': '0.0198044', 'aux_loss': '16', 'time_per_step': '0.597471'}
2025-09-23 07:06:02,814 - train_greyscale_Pos_MoE.py - {'step': '87900', 'lr': '0.0002', 'total_loss': '0.0321709', 'main_loss': '0.0161709', 'aux_loss': '16', 'time_per_step': '0.573488'}
2025-09-23 07:08:18,959 - train_greyscale_Pos_MoE.py - {'step': '88000', 'lr': '0.0002', 'total_loss': '0.0396559', 'main_loss': '0.0236559', 'aux_loss': '16', 'time_per_step': '0.599129'}
2025-09-23 07:10:36,946 - train_greyscale_Pos_MoE.py - {'step': '88100', 'lr': '0.0002', 'total_loss': '0.0355325', 'main_loss': '0.0195325', 'aux_loss': '16', 'time_per_step': '0.600068'}
2025-09-23 07:12:53,763 - train_greyscale_Pos_MoE.py - {'step': '88200', 'lr': '0.0002', 'total_loss': '0.0378031', 'main_loss': '0.0218031', 'aux_loss': '16', 'time_per_step': '0.592945'}
2025-09-23 07:15:10,587 - train_greyscale_Pos_MoE.py - {'step': '88300', 'lr': '0.0002', 'total_loss': '0.0408019', 'main_loss': '0.0248019', 'aux_loss': '16', 'time_per_step': '0.622544'}
2025-09-23 07:17:27,150 - train_greyscale_Pos_MoE.py - {'step': '88400', 'lr': '0.0002', 'total_loss': '0.0338414', 'main_loss': '0.0178414', 'aux_loss': '16', 'time_per_step': '0.640071'}
2025-09-23 07:19:44,525 - train_greyscale_Pos_MoE.py - {'step': '88500', 'lr': '0.0002', 'total_loss': '0.0337517', 'main_loss': '0.0177517', 'aux_loss': '16', 'time_per_step': '0.583607'}
2025-09-23 07:22:01,164 - train_greyscale_Pos_MoE.py - {'step': '88600', 'lr': '0.0002', 'total_loss': '0.036819', 'main_loss': '0.020819', 'aux_loss': '16', 'time_per_step': '0.613295'}
2025-09-23 07:24:18,063 - train_greyscale_Pos_MoE.py - {'step': '88700', 'lr': '0.0002', 'total_loss': '0.0487042', 'main_loss': '0.0327042', 'aux_loss': '16', 'time_per_step': '0.605975'}
2025-09-23 07:26:33,267 - train_greyscale_Pos_MoE.py - {'step': '88800', 'lr': '0.0002', 'total_loss': '0.0448345', 'main_loss': '0.0288345', 'aux_loss': '16', 'time_per_step': '0.517614'}
2025-09-23 07:28:53,016 - train_greyscale_Pos_MoE.py - {'step': '88900', 'lr': '0.0002', 'total_loss': '0.0348339', 'main_loss': '0.0188339', 'aux_loss': '16', 'time_per_step': '0.620414'}
2025-09-23 07:31:12,371 - train_greyscale_Pos_MoE.py - {'step': '89000', 'lr': '0.0002', 'total_loss': '0.0420639', 'main_loss': '0.0260639', 'aux_loss': '16', 'time_per_step': '0.643666'}
2025-09-23 07:33:29,319 - train_greyscale_Pos_MoE.py - {'step': '89100', 'lr': '0.0002', 'total_loss': '0.0378041', 'main_loss': '0.0218041', 'aux_loss': '16', 'time_per_step': '0.618877'}
2025-09-23 07:35:46,589 - train_greyscale_Pos_MoE.py - {'step': '89200', 'lr': '0.0002', 'total_loss': '0.0407365', 'main_loss': '0.0247365', 'aux_loss': '16', 'time_per_step': '0.617216'}
2025-09-23 07:38:05,465 - train_greyscale_Pos_MoE.py - {'step': '89300', 'lr': '0.0002', 'total_loss': '0.0420252', 'main_loss': '0.0260252', 'aux_loss': '16', 'time_per_step': '2.14126'}
2025-09-23 07:40:25,787 - train_greyscale_Pos_MoE.py - {'step': '89400', 'lr': '0.0002', 'total_loss': '0.0456136', 'main_loss': '0.0296136', 'aux_loss': '16', 'time_per_step': '0.610482'}
2025-09-23 07:42:42,955 - train_greyscale_Pos_MoE.py - {'step': '89500', 'lr': '0.0002', 'total_loss': '0.0375559', 'main_loss': '0.0215559', 'aux_loss': '16', 'time_per_step': '0.581488'}
2025-09-23 07:44:59,840 - train_greyscale_Pos_MoE.py - {'step': '89600', 'lr': '0.0002', 'total_loss': '0.0387873', 'main_loss': '0.0227873', 'aux_loss': '16', 'time_per_step': '0.612696'}
2025-09-23 07:47:16,472 - train_greyscale_Pos_MoE.py - {'step': '89700', 'lr': '0.0002', 'total_loss': '0.0384252', 'main_loss': '0.0224252', 'aux_loss': '16', 'time_per_step': '0.611567'}
2025-09-23 07:49:33,209 - train_greyscale_Pos_MoE.py - {'step': '89800', 'lr': '0.0002', 'total_loss': '0.041311', 'main_loss': '0.025311', 'aux_loss': '16', 'time_per_step': '0.644355'}
2025-09-23 07:51:49,832 - train_greyscale_Pos_MoE.py - {'step': '89900', 'lr': '0.0002', 'total_loss': '0.0418252', 'main_loss': '0.0258252', 'aux_loss': '16', 'time_per_step': '0.638513'}
2025-09-23 07:54:04,877 - train_greyscale_Pos_MoE.py - {'step': '90000', 'lr': '0.0002', 'total_loss': '0.0429059', 'main_loss': '0.026906', 'aux_loss': '16', 'time_per_step': '0.525164'}
2025-09-23 07:56:23,874 - train_greyscale_Pos_MoE.py - {'step': '90100', 'lr': '0.0002', 'total_loss': '0.0466858', 'main_loss': '0.0306858', 'aux_loss': '16', 'time_per_step': '0.591676'}
2025-09-23 07:58:40,641 - train_greyscale_Pos_MoE.py - {'step': '90200', 'lr': '0.0002', 'total_loss': '0.0448831', 'main_loss': '0.0288831', 'aux_loss': '16', 'time_per_step': '0.615336'}
2025-09-23 08:00:57,472 - train_greyscale_Pos_MoE.py - {'step': '90300', 'lr': '0.0002', 'total_loss': '0.0379132', 'main_loss': '0.0219132', 'aux_loss': '16', 'time_per_step': '0.573457'}
2025-09-23 08:03:13,921 - train_greyscale_Pos_MoE.py - {'step': '90400', 'lr': '0.0002', 'total_loss': '0.0418938', 'main_loss': '0.0258938', 'aux_loss': '16', 'time_per_step': '0.590001'}
2025-09-23 08:05:30,940 - train_greyscale_Pos_MoE.py - {'step': '90500', 'lr': '0.0002', 'total_loss': '0.0374552', 'main_loss': '0.0214552', 'aux_loss': '16', 'time_per_step': '0.573251'}
2025-09-23 08:07:47,408 - train_greyscale_Pos_MoE.py - {'step': '90600', 'lr': '0.0002', 'total_loss': '0.0373757', 'main_loss': '0.0213757', 'aux_loss': '16', 'time_per_step': '0.604038'}
2025-09-23 08:10:04,676 - train_greyscale_Pos_MoE.py - {'step': '90700', 'lr': '0.0002', 'total_loss': '0.0376769', 'main_loss': '0.0216769', 'aux_loss': '16', 'time_per_step': '0.56717'}
2025-09-23 08:12:21,548 - train_greyscale_Pos_MoE.py - {'step': '90800', 'lr': '0.0002', 'total_loss': '0.0471913', 'main_loss': '0.0311913', 'aux_loss': '16', 'time_per_step': '0.621596'}
2025-09-23 08:14:38,701 - train_greyscale_Pos_MoE.py - {'step': '90900', 'lr': '0.0002', 'total_loss': '0.0369608', 'main_loss': '0.0209608', 'aux_loss': '16', 'time_per_step': '0.605307'}
2025-09-23 08:16:56,853 - train_greyscale_Pos_MoE.py - {'step': '91000', 'lr': '0.0002', 'total_loss': '0.037086', 'main_loss': '0.021086', 'aux_loss': '16', 'time_per_step': '0.61635'}
2025-09-23 08:19:13,619 - train_greyscale_Pos_MoE.py - {'step': '91100', 'lr': '0.0002', 'total_loss': '0.0348082', 'main_loss': '0.0188082', 'aux_loss': '16', 'time_per_step': '0.623453'}
2025-09-23 08:21:28,576 - train_greyscale_Pos_MoE.py - {'step': '91200', 'lr': '0.0002', 'total_loss': '0.0353563', 'main_loss': '0.0193563', 'aux_loss': '16', 'time_per_step': '0.52248'}
2025-09-23 08:23:47,894 - train_greyscale_Pos_MoE.py - {'step': '91300', 'lr': '0.0002', 'total_loss': '0.042784', 'main_loss': '0.026784', 'aux_loss': '16', 'time_per_step': '0.581345'}
2025-09-23 08:26:04,510 - train_greyscale_Pos_MoE.py - {'step': '91400', 'lr': '0.0002', 'total_loss': '0.0411081', 'main_loss': '0.0251081', 'aux_loss': '16', 'time_per_step': '0.57596'}
2025-09-23 08:28:21,537 - train_greyscale_Pos_MoE.py - {'step': '91500', 'lr': '0.0002', 'total_loss': '0.0415778', 'main_loss': '0.0255778', 'aux_loss': '16', 'time_per_step': '0.58355'}
2025-09-23 08:30:38,012 - train_greyscale_Pos_MoE.py - {'step': '91600', 'lr': '0.0002', 'total_loss': '0.0461613', 'main_loss': '0.0301613', 'aux_loss': '16', 'time_per_step': '0.624653'}
2025-09-23 08:32:54,456 - train_greyscale_Pos_MoE.py - {'step': '91700', 'lr': '0.0002', 'total_loss': '0.0368368', 'main_loss': '0.0208368', 'aux_loss': '16', 'time_per_step': '0.614202'}
2025-09-23 08:35:10,899 - train_greyscale_Pos_MoE.py - {'step': '91800', 'lr': '0.0002', 'total_loss': '0.0420908', 'main_loss': '0.0260908', 'aux_loss': '16', 'time_per_step': '0.591331'}
2025-09-23 08:37:27,209 - train_greyscale_Pos_MoE.py - {'step': '91900', 'lr': '0.0002', 'total_loss': '0.038252', 'main_loss': '0.022252', 'aux_loss': '16', 'time_per_step': '0.590096'}
2025-09-23 08:39:43,873 - train_greyscale_Pos_MoE.py - {'step': '92000', 'lr': '0.0002', 'total_loss': '0.0349958', 'main_loss': '0.0189958', 'aux_loss': '16', 'time_per_step': '0.599432'}
2025-09-23 08:41:59,828 - train_greyscale_Pos_MoE.py - {'step': '92100', 'lr': '0.0002', 'total_loss': '0.045358', 'main_loss': '0.029358', 'aux_loss': '16', 'time_per_step': '0.603399'}
2025-09-23 08:44:17,361 - train_greyscale_Pos_MoE.py - {'step': '92200', 'lr': '0.0002', 'total_loss': '0.0489011', 'main_loss': '0.0329011', 'aux_loss': '16', 'time_per_step': '0.572499'}
2025-09-23 08:46:33,934 - train_greyscale_Pos_MoE.py - {'step': '92300', 'lr': '0.0002', 'total_loss': '0.0391118', 'main_loss': '0.0231118', 'aux_loss': '16', 'time_per_step': '0.632419'}
2025-09-23 08:48:48,928 - train_greyscale_Pos_MoE.py - {'step': '92400', 'lr': '0.0002', 'total_loss': '0.0389501', 'main_loss': '0.0229501', 'aux_loss': '16', 'time_per_step': '0.524067'}
2025-09-23 08:51:08,330 - train_greyscale_Pos_MoE.py - {'step': '92500', 'lr': '0.0002', 'total_loss': '0.0406631', 'main_loss': '0.0246631', 'aux_loss': '16', 'time_per_step': '0.614132'}
2025-09-23 08:53:24,741 - train_greyscale_Pos_MoE.py - {'step': '92600', 'lr': '0.0002', 'total_loss': '0.0447537', 'main_loss': '0.0287537', 'aux_loss': '16', 'time_per_step': '0.601964'}
2025-09-23 08:55:41,892 - train_greyscale_Pos_MoE.py - {'step': '92700', 'lr': '0.0002', 'total_loss': '0.0444152', 'main_loss': '0.0284152', 'aux_loss': '16', 'time_per_step': '0.612485'}
2025-09-23 08:57:58,191 - train_greyscale_Pos_MoE.py - {'step': '92800', 'lr': '0.0002', 'total_loss': '0.0368283', 'main_loss': '0.0208283', 'aux_loss': '16', 'time_per_step': '0.605339'}
2025-09-23 09:00:14,896 - train_greyscale_Pos_MoE.py - {'step': '92900', 'lr': '0.0002', 'total_loss': '0.0437362', 'main_loss': '0.0277362', 'aux_loss': '16', 'time_per_step': '0.618114'}
2025-09-23 09:02:32,282 - train_greyscale_Pos_MoE.py - {'step': '93000', 'lr': '0.0002', 'total_loss': '0.0420629', 'main_loss': '0.0260629', 'aux_loss': '16', 'time_per_step': '0.590829'}
2025-09-23 09:04:49,375 - train_greyscale_Pos_MoE.py - {'step': '93100', 'lr': '0.0002', 'total_loss': '0.040371', 'main_loss': '0.024371', 'aux_loss': '16', 'time_per_step': '0.598236'}
2025-09-23 09:07:05,773 - train_greyscale_Pos_MoE.py - {'step': '93200', 'lr': '0.0002', 'total_loss': '0.0349903', 'main_loss': '0.0189903', 'aux_loss': '16', 'time_per_step': '0.573424'}
2025-09-23 09:09:23,477 - train_greyscale_Pos_MoE.py - {'step': '93300', 'lr': '0.0002', 'total_loss': '0.0345966', 'main_loss': '0.0185966', 'aux_loss': '16', 'time_per_step': '0.956235'}
2025-09-23 09:11:39,854 - train_greyscale_Pos_MoE.py - {'step': '93400', 'lr': '0.0002', 'total_loss': '0.0396437', 'main_loss': '0.0236437', 'aux_loss': '16', 'time_per_step': '0.603894'}
2025-09-23 09:13:57,015 - train_greyscale_Pos_MoE.py - {'step': '93500', 'lr': '0.0002', 'total_loss': '0.0399855', 'main_loss': '0.0239855', 'aux_loss': '16', 'time_per_step': '0.59055'}
2025-09-23 09:16:12,393 - train_greyscale_Pos_MoE.py - {'step': '93600', 'lr': '0.0002', 'total_loss': '0.0430368', 'main_loss': '0.0270368', 'aux_loss': '16', 'time_per_step': '0.517728'}
2025-09-23 09:18:32,564 - train_greyscale_Pos_MoE.py - {'step': '93700', 'lr': '0.0002', 'total_loss': '0.0328918', 'main_loss': '0.0168918', 'aux_loss': '16', 'time_per_step': '0.59463'}
2025-09-23 09:20:49,301 - train_greyscale_Pos_MoE.py - {'step': '93800', 'lr': '0.0002', 'total_loss': '0.0384203', 'main_loss': '0.0224203', 'aux_loss': '16', 'time_per_step': '0.63423'}
2025-09-23 09:23:06,193 - train_greyscale_Pos_MoE.py - {'step': '93900', 'lr': '0.0002', 'total_loss': '0.0322865', 'main_loss': '0.0162865', 'aux_loss': '16', 'time_per_step': '0.619685'}
2025-09-23 09:25:23,116 - train_greyscale_Pos_MoE.py - {'step': '94000', 'lr': '0.0002', 'total_loss': '0.0345425', 'main_loss': '0.0185425', 'aux_loss': '16', 'time_per_step': '0.693017'}
2025-09-23 09:27:39,533 - train_greyscale_Pos_MoE.py - {'step': '94100', 'lr': '0.0002', 'total_loss': '0.0367959', 'main_loss': '0.0207959', 'aux_loss': '16', 'time_per_step': '0.557194'}
2025-09-23 09:29:56,475 - train_greyscale_Pos_MoE.py - {'step': '94200', 'lr': '0.0002', 'total_loss': '0.035505', 'main_loss': '0.019505', 'aux_loss': '16', 'time_per_step': '0.618295'}
2025-09-23 09:32:13,200 - train_greyscale_Pos_MoE.py - {'step': '94300', 'lr': '0.0002', 'total_loss': '0.0382348', 'main_loss': '0.0222348', 'aux_loss': '16', 'time_per_step': '0.555044'}
2025-09-23 09:34:29,682 - train_greyscale_Pos_MoE.py - {'step': '94400', 'lr': '0.0002', 'total_loss': '0.0386897', 'main_loss': '0.0226897', 'aux_loss': '16', 'time_per_step': '0.600359'}
2025-09-23 09:36:46,896 - train_greyscale_Pos_MoE.py - {'step': '94500', 'lr': '0.0002', 'total_loss': '0.0431864', 'main_loss': '0.0271864', 'aux_loss': '16', 'time_per_step': '0.589936'}
2025-09-23 09:39:03,264 - train_greyscale_Pos_MoE.py - {'step': '94600', 'lr': '0.0002', 'total_loss': '0.032429', 'main_loss': '0.016429', 'aux_loss': '16', 'time_per_step': '0.615246'}
2025-09-23 09:41:20,870 - train_greyscale_Pos_MoE.py - {'step': '94700', 'lr': '0.0002', 'total_loss': '0.0326698', 'main_loss': '0.0166698', 'aux_loss': '16', 'time_per_step': '0.61112'}
2025-09-23 09:43:36,448 - train_greyscale_Pos_MoE.py - {'step': '94800', 'lr': '0.0002', 'total_loss': '0.0417486', 'main_loss': '0.0257486', 'aux_loss': '16', 'time_per_step': '0.522813'}
2025-09-23 09:45:55,961 - train_greyscale_Pos_MoE.py - {'step': '94900', 'lr': '0.0002', 'total_loss': '0.0377959', 'main_loss': '0.0217959', 'aux_loss': '16', 'time_per_step': '0.627095'}
2025-09-23 09:48:12,932 - train_greyscale_Pos_MoE.py - {'step': '95000', 'lr': '0.0002', 'total_loss': '0.0370194', 'main_loss': '0.0210194', 'aux_loss': '16', 'time_per_step': '0.561959'}
2025-09-23 09:50:29,816 - train_greyscale_Pos_MoE.py - {'step': '95100', 'lr': '0.0002', 'total_loss': '0.0437447', 'main_loss': '0.0277447', 'aux_loss': '16', 'time_per_step': '0.618468'}
2025-09-23 09:52:46,856 - train_greyscale_Pos_MoE.py - {'step': '95200', 'lr': '0.0002', 'total_loss': '0.0358725', 'main_loss': '0.0198725', 'aux_loss': '16', 'time_per_step': '0.608919'}
2025-09-23 09:55:03,598 - train_greyscale_Pos_MoE.py - {'step': '95300', 'lr': '0.0002', 'total_loss': '0.0397104', 'main_loss': '0.0237104', 'aux_loss': '16', 'time_per_step': '0.603925'}
2025-09-23 09:57:21,151 - train_greyscale_Pos_MoE.py - {'step': '95400', 'lr': '0.0002', 'total_loss': '0.0369428', 'main_loss': '0.0209428', 'aux_loss': '16', 'time_per_step': '0.609911'}
2025-09-23 09:59:38,264 - train_greyscale_Pos_MoE.py - {'step': '95500', 'lr': '0.0002', 'total_loss': '0.0388531', 'main_loss': '0.0228531', 'aux_loss': '16', 'time_per_step': '0.612791'}
2025-09-23 10:01:55,237 - train_greyscale_Pos_MoE.py - {'step': '95600', 'lr': '0.0002', 'total_loss': '0.0480772', 'main_loss': '0.0320772', 'aux_loss': '16', 'time_per_step': '0.58512'}
2025-09-23 10:04:11,959 - train_greyscale_Pos_MoE.py - {'step': '95700', 'lr': '0.0002', 'total_loss': '0.0527524', 'main_loss': '0.0367524', 'aux_loss': '16', 'time_per_step': '0.599515'}
2025-09-23 10:06:28,895 - train_greyscale_Pos_MoE.py - {'step': '95800', 'lr': '0.0002', 'total_loss': '0.0322747', 'main_loss': '0.0162747', 'aux_loss': '16', 'time_per_step': '0.590508'}
2025-09-23 10:08:46,405 - train_greyscale_Pos_MoE.py - {'step': '95900', 'lr': '0.0002', 'total_loss': '0.038529', 'main_loss': '0.022529', 'aux_loss': '16', 'time_per_step': '0.581596'}
2025-09-23 10:11:01,976 - train_greyscale_Pos_MoE.py - {'step': '96000', 'lr': '0.0002', 'total_loss': '0.0356129', 'main_loss': '0.0196129', 'aux_loss': '16', 'time_per_step': '0.526543'}
2025-09-23 10:13:21,589 - train_greyscale_Pos_MoE.py - {'step': '96100', 'lr': '0.0002', 'total_loss': '0.0424511', 'main_loss': '0.0264511', 'aux_loss': '16', 'time_per_step': '0.599313'}
2025-09-23 10:15:38,880 - train_greyscale_Pos_MoE.py - {'step': '96200', 'lr': '0.0002', 'total_loss': '0.045566', 'main_loss': '0.029566', 'aux_loss': '16', 'time_per_step': '1.11271'}
2025-09-23 10:17:55,497 - train_greyscale_Pos_MoE.py - {'step': '96300', 'lr': '0.0002', 'total_loss': '0.0467504', 'main_loss': '0.0307504', 'aux_loss': '16', 'time_per_step': '0.601382'}
2025-09-23 10:20:11,996 - train_greyscale_Pos_MoE.py - {'step': '96400', 'lr': '0.0002', 'total_loss': '0.0400625', 'main_loss': '0.0240625', 'aux_loss': '16', 'time_per_step': '0.561586'}
2025-09-23 10:22:28,828 - train_greyscale_Pos_MoE.py - {'step': '96500', 'lr': '0.0002', 'total_loss': '0.0385496', 'main_loss': '0.0225496', 'aux_loss': '16', 'time_per_step': '0.590675'}
2025-09-23 10:24:45,812 - train_greyscale_Pos_MoE.py - {'step': '96600', 'lr': '0.0002', 'total_loss': '0.0501545', 'main_loss': '0.0341545', 'aux_loss': '16', 'time_per_step': '0.583137'}
2025-09-23 10:27:03,065 - train_greyscale_Pos_MoE.py - {'step': '96700', 'lr': '0.0002', 'total_loss': '0.0331491', 'main_loss': '0.0171491', 'aux_loss': '16', 'time_per_step': '0.64182'}
2025-09-23 10:29:19,434 - train_greyscale_Pos_MoE.py - {'step': '96800', 'lr': '0.0002', 'total_loss': '0.0394599', 'main_loss': '0.0234599', 'aux_loss': '16', 'time_per_step': '0.596941'}
2025-09-23 10:31:36,330 - train_greyscale_Pos_MoE.py - {'step': '96900', 'lr': '0.0002', 'total_loss': '0.0374015', 'main_loss': '0.0214015', 'aux_loss': '16', 'time_per_step': '0.614464'}
2025-09-23 10:33:53,789 - train_greyscale_Pos_MoE.py - {'step': '97000', 'lr': '0.0002', 'total_loss': '0.0507423', 'main_loss': '0.0347423', 'aux_loss': '16', 'time_per_step': '0.574262'}
2025-09-23 10:36:10,198 - train_greyscale_Pos_MoE.py - {'step': '97100', 'lr': '0.0002', 'total_loss': '0.0337966', 'main_loss': '0.0177966', 'aux_loss': '16', 'time_per_step': '0.622447'}
2025-09-23 10:38:24,679 - train_greyscale_Pos_MoE.py - {'step': '97200', 'lr': '0.0002', 'total_loss': '0.0373693', 'main_loss': '0.0213693', 'aux_loss': '16', 'time_per_step': '0.520509'}
2025-09-23 10:40:43,680 - train_greyscale_Pos_MoE.py - {'step': '97300', 'lr': '0.0002', 'total_loss': '0.036695', 'main_loss': '0.020695', 'aux_loss': '16', 'time_per_step': '0.582322'}
2025-09-23 10:43:00,704 - train_greyscale_Pos_MoE.py - {'step': '97400', 'lr': '0.0002', 'total_loss': '0.0385051', 'main_loss': '0.0225051', 'aux_loss': '16', 'time_per_step': '0.599466'}
2025-09-23 10:45:17,291 - train_greyscale_Pos_MoE.py - {'step': '97500', 'lr': '0.0002', 'total_loss': '0.0370371', 'main_loss': '0.0210371', 'aux_loss': '16', 'time_per_step': '0.641559'}
2025-09-23 10:47:34,036 - train_greyscale_Pos_MoE.py - {'step': '97600', 'lr': '0.0002', 'total_loss': '0.0370874', 'main_loss': '0.0210874', 'aux_loss': '16', 'time_per_step': '0.604058'}
2025-09-23 10:49:50,614 - train_greyscale_Pos_MoE.py - {'step': '97700', 'lr': '0.0002', 'total_loss': '0.0356289', 'main_loss': '0.0196289', 'aux_loss': '16', 'time_per_step': '0.597343'}
2025-09-23 10:52:07,598 - train_greyscale_Pos_MoE.py - {'step': '97800', 'lr': '0.0002', 'total_loss': '0.0358165', 'main_loss': '0.0198165', 'aux_loss': '16', 'time_per_step': '0.627099'}
2025-09-23 10:54:24,305 - train_greyscale_Pos_MoE.py - {'step': '97900', 'lr': '0.0002', 'total_loss': '0.0449302', 'main_loss': '0.0289302', 'aux_loss': '16', 'time_per_step': '0.583022'}
2025-09-23 10:56:40,936 - train_greyscale_Pos_MoE.py - {'step': '98000', 'lr': '0.0002', 'total_loss': '0.0446403', 'main_loss': '0.0286403', 'aux_loss': '16', 'time_per_step': '0.613565'}
2025-09-23 10:58:57,945 - train_greyscale_Pos_MoE.py - {'step': '98100', 'lr': '0.0002', 'total_loss': '0.0345864', 'main_loss': '0.0185864', 'aux_loss': '16', 'time_per_step': '0.61655'}
2025-09-23 11:01:14,362 - train_greyscale_Pos_MoE.py - {'step': '98200', 'lr': '0.0002', 'total_loss': '0.0360596', 'main_loss': '0.0200596', 'aux_loss': '16', 'time_per_step': '0.602551'}
2025-09-23 11:03:31,764 - train_greyscale_Pos_MoE.py - {'step': '98300', 'lr': '0.0002', 'total_loss': '0.0392095', 'main_loss': '0.0232095', 'aux_loss': '16', 'time_per_step': '0.573907'}
2025-09-23 11:05:47,172 - train_greyscale_Pos_MoE.py - {'step': '98400', 'lr': '0.0002', 'total_loss': '0.042472', 'main_loss': '0.026472', 'aux_loss': '16', 'time_per_step': '0.524783'}
2025-09-23 11:08:06,662 - train_greyscale_Pos_MoE.py - {'step': '98500', 'lr': '0.0002', 'total_loss': '0.0424601', 'main_loss': '0.0264601', 'aux_loss': '16', 'time_per_step': '0.59318'}
2025-09-23 11:10:23,701 - train_greyscale_Pos_MoE.py - {'step': '98600', 'lr': '0.0002', 'total_loss': '0.0372311', 'main_loss': '0.0212311', 'aux_loss': '16', 'time_per_step': '0.651995'}
2025-09-23 11:12:40,293 - train_greyscale_Pos_MoE.py - {'step': '98700', 'lr': '0.0002', 'total_loss': '0.040417', 'main_loss': '0.024417', 'aux_loss': '16', 'time_per_step': '0.595842'}
2025-09-23 11:14:56,886 - train_greyscale_Pos_MoE.py - {'step': '98800', 'lr': '0.0002', 'total_loss': '0.0400226', 'main_loss': '0.0240226', 'aux_loss': '16', 'time_per_step': '0.567504'}
2025-09-23 11:17:15,609 - train_greyscale_Pos_MoE.py - {'step': '98900', 'lr': '0.0002', 'total_loss': '0.0387298', 'main_loss': '0.0227298', 'aux_loss': '16', 'time_per_step': '0.595184'}
2025-09-23 11:19:32,511 - train_greyscale_Pos_MoE.py - {'step': '99000', 'lr': '0.0002', 'total_loss': '0.0409649', 'main_loss': '0.0249649', 'aux_loss': '16', 'time_per_step': '0.579008'}
2025-09-23 11:21:49,661 - train_greyscale_Pos_MoE.py - {'step': '99100', 'lr': '0.0002', 'total_loss': '0.0372203', 'main_loss': '0.0212203', 'aux_loss': '16', 'time_per_step': '0.604954'}
2025-09-23 11:24:06,499 - train_greyscale_Pos_MoE.py - {'step': '99200', 'lr': '0.0002', 'total_loss': '0.0385546', 'main_loss': '0.0225546', 'aux_loss': '16', 'time_per_step': '0.597387'}
2025-09-23 11:26:23,605 - train_greyscale_Pos_MoE.py - {'step': '99300', 'lr': '0.0002', 'total_loss': '0.0362492', 'main_loss': '0.0202492', 'aux_loss': '16', 'time_per_step': '0.933621'}
2025-09-23 11:28:40,361 - train_greyscale_Pos_MoE.py - {'step': '99400', 'lr': '0.0002', 'total_loss': '0.0437198', 'main_loss': '0.0277198', 'aux_loss': '16', 'time_per_step': '0.599506'}
2025-09-23 11:30:59,596 - train_greyscale_Pos_MoE.py - {'step': '99500', 'lr': '0.0002', 'total_loss': '0.0369912', 'main_loss': '0.0209912', 'aux_loss': '16', 'time_per_step': '0.580701'}
2025-09-23 11:33:13,836 - train_greyscale_Pos_MoE.py - {'step': '99600', 'lr': '0.0002', 'total_loss': '0.0357732', 'main_loss': '0.0197732', 'aux_loss': '16', 'time_per_step': '0.521202'}
2025-09-23 11:35:33,656 - train_greyscale_Pos_MoE.py - {'step': '99700', 'lr': '0.0002', 'total_loss': '0.0367045', 'main_loss': '0.0207045', 'aux_loss': '16', 'time_per_step': '0.603633'}
2025-09-23 11:37:50,474 - train_greyscale_Pos_MoE.py - {'step': '99800', 'lr': '0.0002', 'total_loss': '0.0429011', 'main_loss': '0.0269011', 'aux_loss': '16', 'time_per_step': '0.572571'}
2025-09-23 11:40:07,391 - train_greyscale_Pos_MoE.py - {'step': '99900', 'lr': '0.0002', 'total_loss': '0.0345021', 'main_loss': '0.0185021', 'aux_loss': '16', 'time_per_step': '0.589385'}
2025-09-23 11:42:26,025 - train_greyscale_Pos_MoE.py - {'step': '100000', 'lr': '0.0002', 'total_loss': '0.0409921', 'main_loss': '0.0249921', 'aux_loss': '16', 'time_per_step': '0.573127'}
2025-09-23 11:42:26,035 - train_greyscale_Pos_MoE.py - Save a grid of 16 samples into output/acdc_wholeheart_uncond_pos_moh_minmax_greyscale_uvit_mid_4by4/samples/100000.png by DPM-Solver
2025-09-23 11:42:29,107 - train_greyscale_Pos_MoE.py - Save and eval checkpoint 100000...
2025-09-23 11:42:31,090 - train_greyscale_Pos_MoE.py - eval_step: n_samples=50000, sample_steps=50, algorithm=dpm_solver, mini_batch_size=500, samples save into data/scratch/samples_dpm
2025-09-23 12:11:36,553 - train_greyscale_Pos_MoE.py - ckpt_root: output/acdc_wholeheart_uncond_pos_moh_minmax_greyscale_uvit_mid_4by4/ckpts
dataset:
  SNR_scale: 4.0
  Y_entropy: !!python/tuple
  - 5.883
  - 3.502
  - 2.341
  - 1.48
  - 3.576
  - 2.75
  - 2.018
  - 1.365
  - 2.418
  - 2.045
  - 1.586
  - 1.175
  - 1.453
  - 1.317
  - 1.108
  - 1.0
  Y_max: !!python/tuple
  - 502.5
  - 502.5
  - 502.5
  - 502.5
  - 502.5
  - 502.5
  - 502.5
  - 502.5
  - 502.5
  - 502.5
  - 502.5
  - 502.5
  - 502.5
  - 502.5
  - 502.5
  - 502.5
  Y_mean: !!python/tuple
  - -270.982
  - -0.725
  - 0.44
  - 0.107
  - 0.009
  - 0.154
  - -0.057
  - 0.0
  - -0.008
  - 0.019
  - 0.009
  - -0.012
  - 0.005
  - 0.002
  - 0.004
  - -0.002
  Y_min: !!python/tuple
  - 0
  - 0
  - 0
  - 0
  - 0
  - 0
  - 0
  - 0
  - 0
  - 0
  - 0
  - 0
  - 0
  - 0
  - 0
  - 0
  Y_std: !!python/tuple
  - 182.433
  - 32.821
  - 34.996
  - 14.001
  - 17.621
  - 13.189
  - 5.79
  - 9.609
  - 9.805
  - 5.652
  - 4.634
  - 6.502
  - 4.963
  - 3.796
  - 3.44
  - 2.178
  block_sz: 4
  dataset_type: wholeheart
  greyscale: true
  low_freqs: 16
  name: acdc_uncond
  path: data/scratch/datasets/ACDC/Unlabeled/Wholeheart
  positional_tokens: true
  resolution: 96
  reweight: true
  temperature: 1.0
  tokens: 16
  tokenwise_normalization: minmax
lr_scheduler:
  name: customized
  warmup_steps: 5000
mixed_precision: 'no'
name: acdc_wholeheart_uncond_uvit_Pos_MoH_minmax_greyscale_mid_4by4
nnet:
  MoH:
    aux_loss_alpha: 0.001
    depth: 1
    num_shared_heads: 4
    top_k: 8
  depth: 16
  embed_dim: 768
  in_chans: 576
  low_freqs: 16
  mlp_ratio: 4
  mlp_time_embed: false
  name: uvit_greyscale_moh
  num_classes: -1
  num_heads: 12
  qkv_bias: false
  tokens: 16
  use_moe: true
optimizer:
  betas: !!python/tuple
  - 0.99
  - 0.99
  lr: 0.0002
  name: adamw
  weight_decay: 0.03
pred: noise_pred
private:
  accountant: prv
  dp_method: dpsgd
  max_grad_norm: 1.0
  noise_multiplier: 0.5
  secure_mode: false
  target_delta: 1.0e-05
  target_epsilon: 10
  use_dp: false
sample:
  algorithm: euler_maruyama_ode
  mini_batch_size: 500
  n_samples: 50000
  path: data/scratch/samples
  sample_steps: 100
  save_npz: ''
  save_start: 100000
sample_dir: output/acdc_wholeheart_uncond_pos_moh_minmax_greyscale_uvit_mid_4by4/samples
seed: 1234
train:
  batch_size: 512
  eval_interval: 25000
  log_interval: 100
  mode: uncond
  n_steps: 500000
  save_interval: 25000
workdir: output/acdc_wholeheart_uncond_pos_moh_minmax_greyscale_uvit_mid_4by4

2025-09-23 12:11:36,749 - train_greyscale_Pos_MoE.py - dataset samples: 25023
2025-09-23 12:11:36,750 - train_greyscale_Pos_MoE.py - Using minmax for positional token normalization
2025-09-23 12:11:41,483 - utils.py - nnet has 130821720 parameters
2025-09-23 12:11:42,089 - utils.py - resume from output/acdc_wholeheart_uncond_pos_moh_minmax_greyscale_uvit_mid_4by4/ckpts/100000.ckpt
2025-09-23 12:11:42,089 - utils.py - load from output/acdc_wholeheart_uncond_pos_moh_minmax_greyscale_uvit_mid_4by4/ckpts/100000.ckpt
2025-09-23 12:11:44,490 - train_greyscale_Pos_MoE.py - using [5.883 3.502 2.341 1.48  3.576 2.75  2.018 1.365 2.418 2.045 1.586 1.175
 1.453 1.317 1.108 1.   ] for loss reweighting
2025-09-23 12:11:44,596 - train_greyscale_Pos_MoE.py - Using temperature 1.0 for loss reweighting
2025-09-23 12:11:44,598 - train_greyscale_Pos_MoE.py - Start fitting, step=100000, mixed_precision=no
2025-09-23 12:17:14,265 - train_greyscale_Pos_MoE.py - {'step': '100100', 'lr': '0.0002', 'total_loss': '0.0195434', 'main_loss': '0.00354339', 'aux_loss': '16', 'time_per_step': '0.617881'}
2025-09-23 12:19:29,455 - train_greyscale_Pos_MoE.py - {'step': '100200', 'lr': '0.0002', 'total_loss': '0.0184882', 'main_loss': '0.00248825', 'aux_loss': '16', 'time_per_step': '0.611086'}
2025-09-23 12:21:44,470 - train_greyscale_Pos_MoE.py - {'step': '100300', 'lr': '0.0002', 'total_loss': '0.0181358', 'main_loss': '0.00213583', 'aux_loss': '16', 'time_per_step': '0.581194'}
2025-09-23 12:23:59,760 - train_greyscale_Pos_MoE.py - {'step': '100400', 'lr': '0.0002', 'total_loss': '0.0176861', 'main_loss': '0.00168611', 'aux_loss': '16', 'time_per_step': '0.610744'}
2025-09-23 12:26:15,270 - train_greyscale_Pos_MoE.py - {'step': '100500', 'lr': '0.0002', 'total_loss': '0.0183862', 'main_loss': '0.00238617', 'aux_loss': '16', 'time_per_step': '0.623359'}
2025-09-23 12:28:29,917 - train_greyscale_Pos_MoE.py - {'step': '100600', 'lr': '0.0002', 'total_loss': '0.0177575', 'main_loss': '0.00175746', 'aux_loss': '16', 'time_per_step': '0.613642'}
2025-09-23 12:30:45,646 - train_greyscale_Pos_MoE.py - {'step': '100700', 'lr': '0.0002', 'total_loss': '0.0185632', 'main_loss': '0.00256317', 'aux_loss': '16', 'time_per_step': '0.653981'}
2025-09-23 12:33:01,432 - train_greyscale_Pos_MoE.py - {'step': '100800', 'lr': '0.0002', 'total_loss': '0.0182255', 'main_loss': '0.00222554', 'aux_loss': '16', 'time_per_step': '0.61424'}
2025-09-23 12:35:16,452 - train_greyscale_Pos_MoE.py - {'step': '100900', 'lr': '0.0002', 'total_loss': '0.0186708', 'main_loss': '0.00267083', 'aux_loss': '16', 'time_per_step': '0.595359'}
2025-09-23 12:37:31,979 - train_greyscale_Pos_MoE.py - {'step': '101000', 'lr': '0.0002', 'total_loss': '0.0185059', 'main_loss': '0.00250593', 'aux_loss': '16', 'time_per_step': '0.601716'}
2025-09-23 12:39:48,298 - train_greyscale_Pos_MoE.py - {'step': '101100', 'lr': '0.0002', 'total_loss': '0.0183765', 'main_loss': '0.00237654', 'aux_loss': '16', 'time_per_step': '1.87939'}
2025-09-23 12:42:00,925 - train_greyscale_Pos_MoE.py - {'step': '101200', 'lr': '0.0002', 'total_loss': '0.0184878', 'main_loss': '0.00248777', 'aux_loss': '16', 'time_per_step': '0.520025'}
2025-09-23 12:44:19,221 - train_greyscale_Pos_MoE.py - {'step': '101300', 'lr': '0.0002', 'total_loss': '0.0183434', 'main_loss': '0.00234343', 'aux_loss': '16', 'time_per_step': '0.604658'}
2025-09-23 12:46:34,584 - train_greyscale_Pos_MoE.py - {'step': '101400', 'lr': '0.0002', 'total_loss': '0.0182967', 'main_loss': '0.00229669', 'aux_loss': '16', 'time_per_step': '0.589387'}
2025-09-23 12:48:50,152 - train_greyscale_Pos_MoE.py - {'step': '101500', 'lr': '0.0002', 'total_loss': '0.0184831', 'main_loss': '0.00248311', 'aux_loss': '16', 'time_per_step': '0.581986'}
2025-09-23 12:51:05,848 - train_greyscale_Pos_MoE.py - {'step': '101600', 'lr': '0.0002', 'total_loss': '0.0185737', 'main_loss': '0.00257373', 'aux_loss': '16', 'time_per_step': '0.948169'}
2025-09-23 12:53:20,318 - train_greyscale_Pos_MoE.py - {'step': '101700', 'lr': '0.0002', 'total_loss': '0.0183535', 'main_loss': '0.00235348', 'aux_loss': '16', 'time_per_step': '0.589622'}
2025-09-23 12:55:36,107 - train_greyscale_Pos_MoE.py - {'step': '101800', 'lr': '0.0002', 'total_loss': '0.0187823', 'main_loss': '0.00278234', 'aux_loss': '16', 'time_per_step': '0.576732'}
2025-09-23 12:57:51,878 - train_greyscale_Pos_MoE.py - {'step': '101900', 'lr': '0.0002', 'total_loss': '0.018562', 'main_loss': '0.00256199', 'aux_loss': '16', 'time_per_step': '0.613461'}
2025-09-23 13:00:06,819 - train_greyscale_Pos_MoE.py - {'step': '102000', 'lr': '0.0002', 'total_loss': '0.0180926', 'main_loss': '0.00209257', 'aux_loss': '16', 'time_per_step': '0.588266'}
2025-09-23 13:02:21,975 - train_greyscale_Pos_MoE.py - {'step': '102100', 'lr': '0.0002', 'total_loss': '0.0183311', 'main_loss': '0.00233112', 'aux_loss': '16', 'time_per_step': '0.56366'}
2025-09-23 13:04:37,951 - train_greyscale_Pos_MoE.py - {'step': '102200', 'lr': '0.0002', 'total_loss': '0.018545', 'main_loss': '0.00254504', 'aux_loss': '16', 'time_per_step': '0.609851'}
2025-09-23 13:06:52,852 - train_greyscale_Pos_MoE.py - {'step': '102300', 'lr': '0.0002', 'total_loss': '0.0181738', 'main_loss': '0.00217378', 'aux_loss': '16', 'time_per_step': '0.590557'}
2025-09-23 13:09:06,588 - train_greyscale_Pos_MoE.py - {'step': '102400', 'lr': '0.0002', 'total_loss': '0.0186979', 'main_loss': '0.00269792', 'aux_loss': '16', 'time_per_step': '0.519756'}
2025-09-23 13:11:25,919 - train_greyscale_Pos_MoE.py - {'step': '102500', 'lr': '0.0002', 'total_loss': '0.01848', 'main_loss': '0.00247998', 'aux_loss': '16', 'time_per_step': '0.615721'}
2025-09-23 13:13:41,055 - train_greyscale_Pos_MoE.py - {'step': '102600', 'lr': '0.0002', 'total_loss': '0.0188155', 'main_loss': '0.00281551', 'aux_loss': '16', 'time_per_step': '0.591949'}
2025-09-23 13:15:56,043 - train_greyscale_Pos_MoE.py - {'step': '102700', 'lr': '0.0002', 'total_loss': '0.0182598', 'main_loss': '0.00225982', 'aux_loss': '16', 'time_per_step': '0.587077'}
2025-09-23 13:18:11,315 - train_greyscale_Pos_MoE.py - {'step': '102800', 'lr': '0.0002', 'total_loss': '0.0185417', 'main_loss': '0.00254167', 'aux_loss': '16', 'time_per_step': '0.590265'}
2025-09-23 13:20:26,594 - train_greyscale_Pos_MoE.py - {'step': '102900', 'lr': '0.0002', 'total_loss': '0.0181315', 'main_loss': '0.00213146', 'aux_loss': '16', 'time_per_step': '0.576064'}
2025-09-23 13:22:41,141 - train_greyscale_Pos_MoE.py - {'step': '103000', 'lr': '0.0002', 'total_loss': '0.0180283', 'main_loss': '0.00202827', 'aux_loss': '16', 'time_per_step': '0.607736'}
2025-09-23 13:24:56,104 - train_greyscale_Pos_MoE.py - {'step': '103100', 'lr': '0.0002', 'total_loss': '0.0181914', 'main_loss': '0.00219144', 'aux_loss': '16', 'time_per_step': '0.587037'}
2025-09-23 13:27:11,319 - train_greyscale_Pos_MoE.py - {'step': '103200', 'lr': '0.0002', 'total_loss': '0.018214', 'main_loss': '0.00221401', 'aux_loss': '16', 'time_per_step': '0.589725'}
2025-09-23 13:29:26,223 - train_greyscale_Pos_MoE.py - {'step': '103300', 'lr': '0.0002', 'total_loss': '0.0184796', 'main_loss': '0.00247963', 'aux_loss': '16', 'time_per_step': '0.631917'}
2025-09-23 13:31:41,377 - train_greyscale_Pos_MoE.py - {'step': '103400', 'lr': '0.0002', 'total_loss': '0.0178779', 'main_loss': '0.00187794', 'aux_loss': '16', 'time_per_step': '0.577322'}
2025-09-23 13:33:56,422 - train_greyscale_Pos_MoE.py - {'step': '103500', 'lr': '0.0002', 'total_loss': '0.0180944', 'main_loss': '0.00209436', 'aux_loss': '16', 'time_per_step': '0.608921'}
2025-09-23 13:36:10,791 - train_greyscale_Pos_MoE.py - {'step': '103600', 'lr': '0.0002', 'total_loss': '0.0186727', 'main_loss': '0.0026727', 'aux_loss': '16', 'time_per_step': '0.519742'}
2025-09-23 13:38:28,616 - train_greyscale_Pos_MoE.py - {'step': '103700', 'lr': '0.0002', 'total_loss': '0.0181542', 'main_loss': '0.00215424', 'aux_loss': '16', 'time_per_step': '0.610509'}
2025-09-23 13:40:44,125 - train_greyscale_Pos_MoE.py - {'step': '103800', 'lr': '0.0002', 'total_loss': '0.0185498', 'main_loss': '0.0025498', 'aux_loss': '16', 'time_per_step': '0.587226'}
2025-09-23 13:42:59,686 - train_greyscale_Pos_MoE.py - {'step': '103900', 'lr': '0.0002', 'total_loss': '0.018467', 'main_loss': '0.00246699', 'aux_loss': '16', 'time_per_step': '0.629347'}
2025-09-23 13:45:15,066 - train_greyscale_Pos_MoE.py - {'step': '104000', 'lr': '0.0002', 'total_loss': '0.0182646', 'main_loss': '0.00226459', 'aux_loss': '16', 'time_per_step': '0.594592'}
2025-09-23 13:47:29,915 - train_greyscale_Pos_MoE.py - {'step': '104100', 'lr': '0.0002', 'total_loss': '0.0183506', 'main_loss': '0.00235064', 'aux_loss': '16', 'time_per_step': '0.61805'}
2025-09-23 13:49:44,961 - train_greyscale_Pos_MoE.py - {'step': '104200', 'lr': '0.0002', 'total_loss': '0.018692', 'main_loss': '0.00269204', 'aux_loss': '16', 'time_per_step': '0.604991'}
2025-09-23 13:52:00,011 - train_greyscale_Pos_MoE.py - {'step': '104300', 'lr': '0.0002', 'total_loss': '0.0185883', 'main_loss': '0.00258827', 'aux_loss': '16', 'time_per_step': '0.578584'}
2025-09-23 13:54:16,753 - train_greyscale_Pos_MoE.py - {'step': '104400', 'lr': '0.0002', 'total_loss': '0.0177108', 'main_loss': '0.0017108', 'aux_loss': '16', 'time_per_step': '0.557624'}
2025-09-23 13:56:35,286 - train_greyscale_Pos_MoE.py - {'step': '104500', 'lr': '0.0002', 'total_loss': '0.0178334', 'main_loss': '0.00183343', 'aux_loss': '16', 'time_per_step': '0.579131'}
2025-09-23 13:58:50,187 - train_greyscale_Pos_MoE.py - {'step': '104600', 'lr': '0.0002', 'total_loss': '0.0186381', 'main_loss': '0.00263814', 'aux_loss': '16', 'time_per_step': '0.608364'}
2025-09-23 14:01:05,672 - train_greyscale_Pos_MoE.py - {'step': '104700', 'lr': '0.0002', 'total_loss': '0.018146', 'main_loss': '0.00214602', 'aux_loss': '16', 'time_per_step': '0.773489'}
2025-09-23 14:03:19,361 - train_greyscale_Pos_MoE.py - {'step': '104800', 'lr': '0.0002', 'total_loss': '0.0184554', 'main_loss': '0.00245541', 'aux_loss': '16', 'time_per_step': '0.519279'}
2025-09-23 14:05:37,209 - train_greyscale_Pos_MoE.py - {'step': '104900', 'lr': '0.0002', 'total_loss': '0.0181929', 'main_loss': '0.00219288', 'aux_loss': '16', 'time_per_step': '0.612634'}
2025-09-23 14:07:52,643 - train_greyscale_Pos_MoE.py - {'step': '105000', 'lr': '0.0002', 'total_loss': '0.0186203', 'main_loss': '0.00262034', 'aux_loss': '16', 'time_per_step': '0.609138'}
2025-09-23 14:10:07,620 - train_greyscale_Pos_MoE.py - {'step': '105100', 'lr': '0.0002', 'total_loss': '0.0183392', 'main_loss': '0.00233917', 'aux_loss': '16', 'time_per_step': '0.566204'}
2025-09-23 14:12:22,602 - train_greyscale_Pos_MoE.py - {'step': '105200', 'lr': '0.0002', 'total_loss': '0.0190087', 'main_loss': '0.00300865', 'aux_loss': '16', 'time_per_step': '0.595734'}
2025-09-23 14:14:38,111 - train_greyscale_Pos_MoE.py - {'step': '105300', 'lr': '0.0002', 'total_loss': '0.0185597', 'main_loss': '0.00255971', 'aux_loss': '16', 'time_per_step': '0.548434'}
2025-09-23 14:17:00,234 - train_greyscale_Pos_MoE.py - {'step': '105400', 'lr': '0.0002', 'total_loss': '0.0184149', 'main_loss': '0.00241495', 'aux_loss': '16', 'time_per_step': '0.552414'}
2025-09-23 14:19:16,734 - train_greyscale_Pos_MoE.py - {'step': '105500', 'lr': '0.0002', 'total_loss': '0.0180476', 'main_loss': '0.00204757', 'aux_loss': '16', 'time_per_step': '0.609667'}
2025-09-23 14:21:31,226 - train_greyscale_Pos_MoE.py - {'step': '105600', 'lr': '0.0002', 'total_loss': '0.018297', 'main_loss': '0.00229704', 'aux_loss': '16', 'time_per_step': '0.589997'}
2025-09-23 14:23:45,744 - train_greyscale_Pos_MoE.py - {'step': '105700', 'lr': '0.0002', 'total_loss': '0.0182764', 'main_loss': '0.00227642', 'aux_loss': '16', 'time_per_step': '0.566174'}
2025-09-23 14:26:01,745 - train_greyscale_Pos_MoE.py - {'step': '105800', 'lr': '0.0002', 'total_loss': '0.0189903', 'main_loss': '0.00299033', 'aux_loss': '16', 'time_per_step': '0.597789'}
2025-09-23 14:28:16,654 - train_greyscale_Pos_MoE.py - {'step': '105900', 'lr': '0.0002', 'total_loss': '0.0182326', 'main_loss': '0.00223261', 'aux_loss': '16', 'time_per_step': '0.625281'}
2025-09-23 14:30:30,335 - train_greyscale_Pos_MoE.py - {'step': '106000', 'lr': '0.0002', 'total_loss': '0.0181654', 'main_loss': '0.00216545', 'aux_loss': '16', 'time_per_step': '0.526506'}
2025-09-23 14:32:48,128 - train_greyscale_Pos_MoE.py - {'step': '106100', 'lr': '0.0002', 'total_loss': '0.0178591', 'main_loss': '0.00185914', 'aux_loss': '16', 'time_per_step': '0.734933'}
2025-09-23 14:35:03,134 - train_greyscale_Pos_MoE.py - {'step': '106200', 'lr': '0.0002', 'total_loss': '0.0182341', 'main_loss': '0.00223408', 'aux_loss': '16', 'time_per_step': '0.60952'}
2025-09-23 14:37:18,492 - train_greyscale_Pos_MoE.py - {'step': '106300', 'lr': '0.0002', 'total_loss': '0.0186505', 'main_loss': '0.0026505', 'aux_loss': '16', 'time_per_step': '0.606668'}
2025-09-23 14:39:32,885 - train_greyscale_Pos_MoE.py - {'step': '106400', 'lr': '0.0002', 'total_loss': '0.0183735', 'main_loss': '0.0023735', 'aux_loss': '16', 'time_per_step': '0.602254'}
2025-09-23 14:41:48,239 - train_greyscale_Pos_MoE.py - {'step': '106500', 'lr': '0.0002', 'total_loss': '0.0188368', 'main_loss': '0.00283681', 'aux_loss': '16', 'time_per_step': '0.559841'}
2025-09-23 14:44:03,232 - train_greyscale_Pos_MoE.py - {'step': '106600', 'lr': '0.0002', 'total_loss': '0.0189249', 'main_loss': '0.00292488', 'aux_loss': '16', 'time_per_step': '0.615421'}
2025-09-23 14:46:18,538 - train_greyscale_Pos_MoE.py - {'step': '106700', 'lr': '0.0002', 'total_loss': '0.0182499', 'main_loss': '0.0022499', 'aux_loss': '16', 'time_per_step': '0.6105'}
2025-09-23 14:48:33,451 - train_greyscale_Pos_MoE.py - {'step': '106800', 'lr': '0.0002', 'total_loss': '0.0184036', 'main_loss': '0.00240357', 'aux_loss': '16', 'time_per_step': '0.618996'}
2025-09-23 14:50:48,711 - train_greyscale_Pos_MoE.py - {'step': '106900', 'lr': '0.0002', 'total_loss': '0.0179604', 'main_loss': '0.00196042', 'aux_loss': '16', 'time_per_step': '0.570804'}
2025-09-23 14:53:03,784 - train_greyscale_Pos_MoE.py - {'step': '107000', 'lr': '0.0002', 'total_loss': '0.0186391', 'main_loss': '0.00263913', 'aux_loss': '16', 'time_per_step': '0.627041'}
2025-09-23 14:55:18,747 - train_greyscale_Pos_MoE.py - {'step': '107100', 'lr': '0.0002', 'total_loss': '0.0184236', 'main_loss': '0.00242356', 'aux_loss': '16', 'time_per_step': '0.582842'}
2025-09-23 14:57:32,309 - train_greyscale_Pos_MoE.py - {'step': '107200', 'lr': '0.0002', 'total_loss': '0.0180977', 'main_loss': '0.00209773', 'aux_loss': '16', 'time_per_step': '0.517871'}
2025-09-23 14:59:50,139 - train_greyscale_Pos_MoE.py - {'step': '107300', 'lr': '0.0002', 'total_loss': '0.0184692', 'main_loss': '0.0024692', 'aux_loss': '16', 'time_per_step': '0.606226'}
2025-09-23 15:02:05,778 - train_greyscale_Pos_MoE.py - {'step': '107400', 'lr': '0.0002', 'total_loss': '0.0183775', 'main_loss': '0.00237753', 'aux_loss': '16', 'time_per_step': '1.01306'}
2025-09-23 15:04:20,670 - train_greyscale_Pos_MoE.py - {'step': '107500', 'lr': '0.0002', 'total_loss': '0.0183111', 'main_loss': '0.00231111', 'aux_loss': '16', 'time_per_step': '0.598423'}
2025-09-23 15:06:36,067 - train_greyscale_Pos_MoE.py - {'step': '107600', 'lr': '0.0002', 'total_loss': '0.0184006', 'main_loss': '0.00240058', 'aux_loss': '16', 'time_per_step': '0.597197'}
2025-09-23 15:08:51,225 - train_greyscale_Pos_MoE.py - {'step': '107700', 'lr': '0.0002', 'total_loss': '0.018256', 'main_loss': '0.00225603', 'aux_loss': '16', 'time_per_step': '0.599876'}
2025-09-23 15:11:06,238 - train_greyscale_Pos_MoE.py - {'step': '107800', 'lr': '0.0002', 'total_loss': '0.0183445', 'main_loss': '0.00234454', 'aux_loss': '16', 'time_per_step': '0.637533'}
2025-09-23 15:13:21,874 - train_greyscale_Pos_MoE.py - {'step': '107900', 'lr': '0.0002', 'total_loss': '0.0184114', 'main_loss': '0.00241145', 'aux_loss': '16', 'time_per_step': '0.605849'}
2025-09-23 15:15:37,283 - train_greyscale_Pos_MoE.py - {'step': '108000', 'lr': '0.0002', 'total_loss': '0.0182555', 'main_loss': '0.0022555', 'aux_loss': '16', 'time_per_step': '0.617078'}
2025-09-23 15:17:52,121 - train_greyscale_Pos_MoE.py - {'step': '108100', 'lr': '0.0002', 'total_loss': '0.0183691', 'main_loss': '0.00236911', 'aux_loss': '16', 'time_per_step': '0.582428'}
2025-09-23 15:20:07,036 - train_greyscale_Pos_MoE.py - {'step': '108200', 'lr': '0.0002', 'total_loss': '0.0184002', 'main_loss': '0.00240019', 'aux_loss': '16', 'time_per_step': '0.59269'}
2025-09-23 15:22:22,316 - train_greyscale_Pos_MoE.py - {'step': '108300', 'lr': '0.0002', 'total_loss': '0.0181744', 'main_loss': '0.00217437', 'aux_loss': '16', 'time_per_step': '0.594562'}
2025-09-23 15:24:36,214 - train_greyscale_Pos_MoE.py - {'step': '108400', 'lr': '0.0002', 'total_loss': '0.0184304', 'main_loss': '0.00243042', 'aux_loss': '16', 'time_per_step': '0.52154'}
2025-09-23 15:26:53,837 - train_greyscale_Pos_MoE.py - {'step': '108500', 'lr': '0.0002', 'total_loss': '0.0179727', 'main_loss': '0.00197274', 'aux_loss': '16', 'time_per_step': '0.61617'}
2025-09-23 15:29:08,683 - train_greyscale_Pos_MoE.py - {'step': '108600', 'lr': '0.0002', 'total_loss': '0.0183166', 'main_loss': '0.0023166', 'aux_loss': '16', 'time_per_step': '0.611266'}
2025-09-23 15:31:23,355 - train_greyscale_Pos_MoE.py - {'step': '108700', 'lr': '0.0002', 'total_loss': '0.0184535', 'main_loss': '0.00245348', 'aux_loss': '16', 'time_per_step': '0.597704'}
2025-09-23 15:33:39,145 - train_greyscale_Pos_MoE.py - {'step': '108800', 'lr': '0.0002', 'total_loss': '0.0182048', 'main_loss': '0.00220477', 'aux_loss': '16', 'time_per_step': '0.615462'}
2025-09-23 15:35:53,614 - train_greyscale_Pos_MoE.py - {'step': '108900', 'lr': '0.0002', 'total_loss': '0.0188887', 'main_loss': '0.00288872', 'aux_loss': '16', 'time_per_step': '0.598996'}
2025-09-23 15:38:08,522 - train_greyscale_Pos_MoE.py - {'step': '109000', 'lr': '0.0002', 'total_loss': '0.0183346', 'main_loss': '0.00233457', 'aux_loss': '16', 'time_per_step': '0.58537'}
2025-09-23 15:40:23,559 - train_greyscale_Pos_MoE.py - {'step': '109100', 'lr': '0.0002', 'total_loss': '0.0179596', 'main_loss': '0.00195955', 'aux_loss': '16', 'time_per_step': '0.570939'}
2025-09-23 15:42:38,460 - train_greyscale_Pos_MoE.py - {'step': '109200', 'lr': '0.0002', 'total_loss': '0.0187734', 'main_loss': '0.00277344', 'aux_loss': '16', 'time_per_step': '0.601915'}
2025-09-23 15:44:53,470 - train_greyscale_Pos_MoE.py - {'step': '109300', 'lr': '0.0002', 'total_loss': '0.0188799', 'main_loss': '0.00287993', 'aux_loss': '16', 'time_per_step': '0.561205'}
2025-09-23 15:47:08,737 - train_greyscale_Pos_MoE.py - {'step': '109400', 'lr': '0.0002', 'total_loss': '0.0183764', 'main_loss': '0.00237637', 'aux_loss': '16', 'time_per_step': '0.561374'}
2025-09-23 15:49:25,254 - train_greyscale_Pos_MoE.py - {'step': '109500', 'lr': '0.0002', 'total_loss': '0.018303', 'main_loss': '0.00230304', 'aux_loss': '16', 'time_per_step': '0.616319'}
2025-09-23 15:51:39,096 - train_greyscale_Pos_MoE.py - {'step': '109600', 'lr': '0.0002', 'total_loss': '0.0184798', 'main_loss': '0.00247981', 'aux_loss': '16', 'time_per_step': '0.519124'}
2025-09-23 15:53:56,794 - train_greyscale_Pos_MoE.py - {'step': '109700', 'lr': '0.0002', 'total_loss': '0.0181333', 'main_loss': '0.00213334', 'aux_loss': '16', 'time_per_step': '0.62121'}
2025-09-23 15:56:11,944 - train_greyscale_Pos_MoE.py - {'step': '109800', 'lr': '0.0002', 'total_loss': '0.0180062', 'main_loss': '0.00200618', 'aux_loss': '16', 'time_per_step': '0.587162'}
2025-09-23 15:58:26,753 - train_greyscale_Pos_MoE.py - {'step': '109900', 'lr': '0.0002', 'total_loss': '0.0185711', 'main_loss': '0.00257106', 'aux_loss': '16', 'time_per_step': '0.635643'}
2025-09-23 16:00:42,109 - train_greyscale_Pos_MoE.py - {'step': '110000', 'lr': '0.0002', 'total_loss': '0.0184525', 'main_loss': '0.00245251', 'aux_loss': '16', 'time_per_step': '0.597128'}
2025-09-23 16:02:57,162 - train_greyscale_Pos_MoE.py - {'step': '110100', 'lr': '0.0002', 'total_loss': '0.0184626', 'main_loss': '0.00246263', 'aux_loss': '16', 'time_per_step': '0.57266'}
2025-09-23 16:05:12,224 - train_greyscale_Pos_MoE.py - {'step': '110200', 'lr': '0.0002', 'total_loss': '0.0181851', 'main_loss': '0.00218512', 'aux_loss': '16', 'time_per_step': '0.614145'}
2025-09-23 16:07:27,590 - train_greyscale_Pos_MoE.py - {'step': '110300', 'lr': '0.0002', 'total_loss': '0.018471', 'main_loss': '0.00247099', 'aux_loss': '16', 'time_per_step': '0.613099'}
2025-09-23 16:09:42,456 - train_greyscale_Pos_MoE.py - {'step': '110400', 'lr': '0.0002', 'total_loss': '0.0183275', 'main_loss': '0.00232754', 'aux_loss': '16', 'time_per_step': '0.60702'}
2025-09-23 16:11:57,803 - train_greyscale_Pos_MoE.py - {'step': '110500', 'lr': '0.0002', 'total_loss': '0.0180957', 'main_loss': '0.00209566', 'aux_loss': '16', 'time_per_step': '0.627525'}
2025-09-23 16:14:13,061 - train_greyscale_Pos_MoE.py - {'step': '110600', 'lr': '0.0002', 'total_loss': '0.0182149', 'main_loss': '0.00221488', 'aux_loss': '16', 'time_per_step': '0.593996'}
2025-09-23 16:16:28,408 - train_greyscale_Pos_MoE.py - {'step': '110700', 'lr': '0.0002', 'total_loss': '0.018216', 'main_loss': '0.00221604', 'aux_loss': '16', 'time_per_step': '0.561947'}
2025-09-23 16:18:41,959 - train_greyscale_Pos_MoE.py - {'step': '110800', 'lr': '0.0002', 'total_loss': '0.018758', 'main_loss': '0.00275799', 'aux_loss': '16', 'time_per_step': '0.520314'}
2025-09-23 16:20:59,716 - train_greyscale_Pos_MoE.py - {'step': '110900', 'lr': '0.0002', 'total_loss': '0.0182444', 'main_loss': '0.00224442', 'aux_loss': '16', 'time_per_step': '0.577343'}
2025-09-23 16:23:14,811 - train_greyscale_Pos_MoE.py - {'step': '111000', 'lr': '0.0002', 'total_loss': '0.0180718', 'main_loss': '0.00207183', 'aux_loss': '16', 'time_per_step': '0.597843'}
2025-09-23 16:25:30,081 - train_greyscale_Pos_MoE.py - {'step': '111100', 'lr': '0.0002', 'total_loss': '0.0186217', 'main_loss': '0.00262168', 'aux_loss': '16', 'time_per_step': '0.620443'}
2025-09-23 16:27:45,179 - train_greyscale_Pos_MoE.py - {'step': '111200', 'lr': '0.0002', 'total_loss': '0.0182084', 'main_loss': '0.00220836', 'aux_loss': '16', 'time_per_step': '0.590208'}
2025-09-23 16:30:00,060 - train_greyscale_Pos_MoE.py - {'step': '111300', 'lr': '0.0002', 'total_loss': '0.018324', 'main_loss': '0.00232403', 'aux_loss': '16', 'time_per_step': '0.580963'}
2025-09-23 16:32:15,756 - train_greyscale_Pos_MoE.py - {'step': '111400', 'lr': '0.0002', 'total_loss': '0.0181731', 'main_loss': '0.00217315', 'aux_loss': '16', 'time_per_step': '0.607884'}
2025-09-23 16:34:30,136 - train_greyscale_Pos_MoE.py - {'step': '111500', 'lr': '0.0002', 'total_loss': '0.0180132', 'main_loss': '0.0020132', 'aux_loss': '16', 'time_per_step': '0.59062'}
2025-09-23 16:36:45,777 - train_greyscale_Pos_MoE.py - {'step': '111600', 'lr': '0.0002', 'total_loss': '0.0180125', 'main_loss': '0.0020125', 'aux_loss': '16', 'time_per_step': '0.600657'}
2025-09-23 16:39:01,684 - train_greyscale_Pos_MoE.py - {'step': '111700', 'lr': '0.0002', 'total_loss': '0.0187861', 'main_loss': '0.0027861', 'aux_loss': '16', 'time_per_step': '0.614559'}
2025-09-23 16:41:16,377 - train_greyscale_Pos_MoE.py - {'step': '111800', 'lr': '0.0002', 'total_loss': '0.0181332', 'main_loss': '0.00213316', 'aux_loss': '16', 'time_per_step': '0.599175'}
2025-09-23 16:43:31,257 - train_greyscale_Pos_MoE.py - {'step': '111900', 'lr': '0.0002', 'total_loss': '0.0181453', 'main_loss': '0.00214534', 'aux_loss': '16', 'time_per_step': '0.586764'}
2025-09-23 16:45:45,514 - train_greyscale_Pos_MoE.py - {'step': '112000', 'lr': '0.0002', 'total_loss': '0.0181429', 'main_loss': '0.00214293', 'aux_loss': '16', 'time_per_step': '0.518085'}
2025-09-23 16:48:03,286 - train_greyscale_Pos_MoE.py - {'step': '112100', 'lr': '0.0002', 'total_loss': '0.0184928', 'main_loss': '0.00249279', 'aux_loss': '16', 'time_per_step': '0.611387'}
2025-09-23 16:50:18,357 - train_greyscale_Pos_MoE.py - {'step': '112200', 'lr': '0.0002', 'total_loss': '0.0179435', 'main_loss': '0.00194354', 'aux_loss': '16', 'time_per_step': '0.586164'}
2025-09-23 16:52:33,417 - train_greyscale_Pos_MoE.py - {'step': '112300', 'lr': '0.0002', 'total_loss': '0.0176722', 'main_loss': '0.00167216', 'aux_loss': '16', 'time_per_step': '0.572822'}
2025-09-23 16:54:47,905 - train_greyscale_Pos_MoE.py - {'step': '112400', 'lr': '0.0002', 'total_loss': '0.0177025', 'main_loss': '0.00170248', 'aux_loss': '16', 'time_per_step': '0.592004'}
2025-09-23 16:57:02,789 - train_greyscale_Pos_MoE.py - {'step': '112500', 'lr': '0.0002', 'total_loss': '0.0182478', 'main_loss': '0.00224776', 'aux_loss': '16', 'time_per_step': '0.573643'}
2025-09-23 16:59:18,272 - train_greyscale_Pos_MoE.py - {'step': '112600', 'lr': '0.0002', 'total_loss': '0.0181953', 'main_loss': '0.00219527', 'aux_loss': '16', 'time_per_step': '0.586222'}
2025-09-23 17:01:33,420 - train_greyscale_Pos_MoE.py - {'step': '112700', 'lr': '0.0002', 'total_loss': '0.0183131', 'main_loss': '0.00231309', 'aux_loss': '16', 'time_per_step': '0.604537'}
2025-09-23 17:03:48,580 - train_greyscale_Pos_MoE.py - {'step': '112800', 'lr': '0.0002', 'total_loss': '0.0179665', 'main_loss': '0.00196655', 'aux_loss': '16', 'time_per_step': '0.562443'}
2025-09-23 17:06:03,773 - train_greyscale_Pos_MoE.py - {'step': '112900', 'lr': '0.0002', 'total_loss': '0.018306', 'main_loss': '0.002306', 'aux_loss': '16', 'time_per_step': '0.600013'}
2025-09-23 17:08:19,217 - train_greyscale_Pos_MoE.py - {'step': '113000', 'lr': '0.0002', 'total_loss': '0.0181629', 'main_loss': '0.00216286', 'aux_loss': '16', 'time_per_step': '0.603084'}
2025-09-23 17:10:33,315 - train_greyscale_Pos_MoE.py - {'step': '113100', 'lr': '0.0002', 'total_loss': '0.0184551', 'main_loss': '0.00245509', 'aux_loss': '16', 'time_per_step': '0.564697'}
2025-09-23 17:12:47,564 - train_greyscale_Pos_MoE.py - {'step': '113200', 'lr': '0.0002', 'total_loss': '0.0181113', 'main_loss': '0.00211131', 'aux_loss': '16', 'time_per_step': '0.5198'}
2025-09-23 17:15:05,397 - train_greyscale_Pos_MoE.py - {'step': '113300', 'lr': '0.0002', 'total_loss': '0.0185188', 'main_loss': '0.00251884', 'aux_loss': '16', 'time_per_step': '0.771207'}
2025-09-23 17:17:20,596 - train_greyscale_Pos_MoE.py - {'step': '113400', 'lr': '0.0002', 'total_loss': '0.0181352', 'main_loss': '0.0021352', 'aux_loss': '16', 'time_per_step': '0.580457'}
2025-09-23 17:19:36,131 - train_greyscale_Pos_MoE.py - {'step': '113500', 'lr': '0.0002', 'total_loss': '0.0186243', 'main_loss': '0.00262428', 'aux_loss': '16', 'time_per_step': '0.600693'}
2025-09-23 17:21:50,922 - train_greyscale_Pos_MoE.py - {'step': '113600', 'lr': '0.0002', 'total_loss': '0.0185296', 'main_loss': '0.00252964', 'aux_loss': '16', 'time_per_step': '0.612363'}
2025-09-23 17:24:07,618 - train_greyscale_Pos_MoE.py - {'step': '113700', 'lr': '0.0002', 'total_loss': '0.0180858', 'main_loss': '0.00208579', 'aux_loss': '16', 'time_per_step': '0.60679'}
2025-09-23 17:26:22,020 - train_greyscale_Pos_MoE.py - {'step': '113800', 'lr': '0.0002', 'total_loss': '0.0184241', 'main_loss': '0.00242412', 'aux_loss': '16', 'time_per_step': '0.61019'}
2025-09-23 17:28:36,678 - train_greyscale_Pos_MoE.py - {'step': '113900', 'lr': '0.0002', 'total_loss': '0.0177614', 'main_loss': '0.00176141', 'aux_loss': '16', 'time_per_step': '0.590323'}
2025-09-23 17:30:51,874 - train_greyscale_Pos_MoE.py - {'step': '114000', 'lr': '0.0002', 'total_loss': '0.0181957', 'main_loss': '0.00219568', 'aux_loss': '16', 'time_per_step': '0.610292'}
2025-09-23 17:33:06,924 - train_greyscale_Pos_MoE.py - {'step': '114100', 'lr': '0.0002', 'total_loss': '0.0179758', 'main_loss': '0.0019758', 'aux_loss': '16', 'time_per_step': '0.574267'}
2025-09-23 17:35:21,859 - train_greyscale_Pos_MoE.py - {'step': '114200', 'lr': '0.0002', 'total_loss': '0.0188687', 'main_loss': '0.00286871', 'aux_loss': '16', 'time_per_step': '0.608118'}
2025-09-23 17:37:37,048 - train_greyscale_Pos_MoE.py - {'step': '114300', 'lr': '0.0002', 'total_loss': '0.0180741', 'main_loss': '0.00207412', 'aux_loss': '16', 'time_per_step': '0.588575'}
2025-09-23 17:39:51,117 - train_greyscale_Pos_MoE.py - {'step': '114400', 'lr': '0.0002', 'total_loss': '0.0180471', 'main_loss': '0.00204706', 'aux_loss': '16', 'time_per_step': '0.523551'}
2025-09-23 17:42:08,682 - train_greyscale_Pos_MoE.py - {'step': '114500', 'lr': '0.0002', 'total_loss': '0.0179732', 'main_loss': '0.00197315', 'aux_loss': '16', 'time_per_step': '0.60316'}
2025-09-23 17:44:23,726 - train_greyscale_Pos_MoE.py - {'step': '114600', 'lr': '0.0002', 'total_loss': '0.0182033', 'main_loss': '0.00220328', 'aux_loss': '16', 'time_per_step': '0.590369'}
2025-09-23 17:46:39,265 - train_greyscale_Pos_MoE.py - {'step': '114700', 'lr': '0.0002', 'total_loss': '0.0182147', 'main_loss': '0.00221468', 'aux_loss': '16', 'time_per_step': '0.577796'}
2025-09-23 17:48:54,137 - train_greyscale_Pos_MoE.py - {'step': '114800', 'lr': '0.0002', 'total_loss': '0.0189594', 'main_loss': '0.00295937', 'aux_loss': '16', 'time_per_step': '0.601246'}
2025-09-23 17:51:09,394 - train_greyscale_Pos_MoE.py - {'step': '114900', 'lr': '0.0002', 'total_loss': '0.0186111', 'main_loss': '0.00261106', 'aux_loss': '16', 'time_per_step': '0.608176'}
2025-09-23 17:53:24,759 - train_greyscale_Pos_MoE.py - {'step': '115000', 'lr': '0.0002', 'total_loss': '0.0180001', 'main_loss': '0.00200011', 'aux_loss': '16', 'time_per_step': '0.598455'}
2025-09-23 17:55:40,074 - train_greyscale_Pos_MoE.py - {'step': '115100', 'lr': '0.0002', 'total_loss': '0.0181041', 'main_loss': '0.0021041', 'aux_loss': '16', 'time_per_step': '0.595096'}
2025-09-23 17:57:55,088 - train_greyscale_Pos_MoE.py - {'step': '115200', 'lr': '0.0002', 'total_loss': '0.0183128', 'main_loss': '0.00231282', 'aux_loss': '16', 'time_per_step': '0.565155'}
2025-09-23 18:00:09,658 - train_greyscale_Pos_MoE.py - {'step': '115300', 'lr': '0.0002', 'total_loss': '0.0178024', 'main_loss': '0.00180244', 'aux_loss': '16', 'time_per_step': '0.595958'}
2025-09-23 18:02:24,914 - train_greyscale_Pos_MoE.py - {'step': '115400', 'lr': '0.0002', 'total_loss': '0.0186048', 'main_loss': '0.00260484', 'aux_loss': '16', 'time_per_step': '0.55909'}
2025-09-23 18:04:39,889 - train_greyscale_Pos_MoE.py - {'step': '115500', 'lr': '0.0002', 'total_loss': '0.0186908', 'main_loss': '0.00269075', 'aux_loss': '16', 'time_per_step': '0.568979'}
2025-09-23 18:06:54,144 - train_greyscale_Pos_MoE.py - {'step': '115600', 'lr': '0.0002', 'total_loss': '0.0178014', 'main_loss': '0.00180141', 'aux_loss': '16', 'time_per_step': '0.521137'}
2025-09-23 18:09:11,859 - train_greyscale_Pos_MoE.py - {'step': '115700', 'lr': '0.0002', 'total_loss': '0.0184799', 'main_loss': '0.0024799', 'aux_loss': '16', 'time_per_step': '0.576217'}
2025-09-23 18:11:26,313 - train_greyscale_Pos_MoE.py - {'step': '115800', 'lr': '0.0002', 'total_loss': '0.0179789', 'main_loss': '0.00197888', 'aux_loss': '16', 'time_per_step': '0.565306'}
2025-09-23 18:13:41,622 - train_greyscale_Pos_MoE.py - {'step': '115900', 'lr': '0.0002', 'total_loss': '0.0180737', 'main_loss': '0.00207367', 'aux_loss': '16', 'time_per_step': '0.592374'}
2025-09-23 18:15:56,711 - train_greyscale_Pos_MoE.py - {'step': '116000', 'lr': '0.0002', 'total_loss': '0.0179515', 'main_loss': '0.00195154', 'aux_loss': '16', 'time_per_step': '0.62763'}
2025-09-23 18:18:11,575 - train_greyscale_Pos_MoE.py - {'step': '116100', 'lr': '0.0002', 'total_loss': '0.0182277', 'main_loss': '0.00222774', 'aux_loss': '16', 'time_per_step': '0.598373'}
2025-09-23 18:20:26,433 - train_greyscale_Pos_MoE.py - {'step': '116200', 'lr': '0.0002', 'total_loss': '0.0178762', 'main_loss': '0.00187624', 'aux_loss': '16', 'time_per_step': '0.585332'}
2025-09-23 18:22:41,262 - train_greyscale_Pos_MoE.py - {'step': '116300', 'lr': '0.0002', 'total_loss': '0.0180411', 'main_loss': '0.00204106', 'aux_loss': '16', 'time_per_step': '0.607179'}
2025-09-23 18:24:56,911 - train_greyscale_Pos_MoE.py - {'step': '116400', 'lr': '0.0002', 'total_loss': '0.0178835', 'main_loss': '0.00188347', 'aux_loss': '16', 'time_per_step': '0.599386'}
2025-09-23 18:27:11,541 - train_greyscale_Pos_MoE.py - {'step': '116500', 'lr': '0.0002', 'total_loss': '0.0185652', 'main_loss': '0.00256515', 'aux_loss': '16', 'time_per_step': '0.611581'}
2025-09-23 18:29:27,436 - train_greyscale_Pos_MoE.py - {'step': '116600', 'lr': '0.0002', 'total_loss': '0.0179477', 'main_loss': '0.00194765', 'aux_loss': '16', 'time_per_step': '0.582751'}
2025-09-23 18:31:42,550 - train_greyscale_Pos_MoE.py - {'step': '116700', 'lr': '0.0002', 'total_loss': '0.0183898', 'main_loss': '0.00238983', 'aux_loss': '16', 'time_per_step': '0.632168'}
2025-09-23 18:33:55,992 - train_greyscale_Pos_MoE.py - {'step': '116800', 'lr': '0.0002', 'total_loss': '0.0182139', 'main_loss': '0.00221386', 'aux_loss': '16', 'time_per_step': '0.516289'}
2025-09-23 18:36:13,716 - train_greyscale_Pos_MoE.py - {'step': '116900', 'lr': '0.0002', 'total_loss': '0.0184151', 'main_loss': '0.00241512', 'aux_loss': '16', 'time_per_step': '0.640272'}
2025-09-23 18:38:28,784 - train_greyscale_Pos_MoE.py - {'step': '117000', 'lr': '0.0002', 'total_loss': '0.0185242', 'main_loss': '0.00252419', 'aux_loss': '16', 'time_per_step': '0.616876'}
2025-09-23 18:40:44,043 - train_greyscale_Pos_MoE.py - {'step': '117100', 'lr': '0.0002', 'total_loss': '0.0183593', 'main_loss': '0.0023593', 'aux_loss': '16', 'time_per_step': '0.590074'}
2025-09-23 18:42:59,619 - train_greyscale_Pos_MoE.py - {'step': '117200', 'lr': '0.0002', 'total_loss': '0.0177907', 'main_loss': '0.00179068', 'aux_loss': '16', 'time_per_step': '0.602341'}
2025-09-23 18:45:14,641 - train_greyscale_Pos_MoE.py - {'step': '117300', 'lr': '0.0002', 'total_loss': '0.0188038', 'main_loss': '0.00280378', 'aux_loss': '16', 'time_per_step': '0.626783'}
2025-09-23 18:47:29,331 - train_greyscale_Pos_MoE.py - {'step': '117400', 'lr': '0.0002', 'total_loss': '0.0178485', 'main_loss': '0.00184855', 'aux_loss': '16', 'time_per_step': '0.593893'}
2025-09-23 18:49:45,894 - train_greyscale_Pos_MoE.py - {'step': '117500', 'lr': '0.0002', 'total_loss': '0.0181781', 'main_loss': '0.00217809', 'aux_loss': '16', 'time_per_step': '1.93482'}
2025-09-23 18:51:59,387 - train_greyscale_Pos_MoE.py - {'step': '117600', 'lr': '0.0002', 'total_loss': '0.0178448', 'main_loss': '0.00184483', 'aux_loss': '16', 'time_per_step': '0.626084'}
2025-09-23 18:54:15,010 - train_greyscale_Pos_MoE.py - {'step': '117700', 'lr': '0.0002', 'total_loss': '0.0188416', 'main_loss': '0.00284161', 'aux_loss': '16', 'time_per_step': '0.596725'}
2025-09-23 18:56:30,091 - train_greyscale_Pos_MoE.py - {'step': '117800', 'lr': '0.0002', 'total_loss': '0.0180458', 'main_loss': '0.00204579', 'aux_loss': '16', 'time_per_step': '0.5542'}
2025-09-23 18:58:44,965 - train_greyscale_Pos_MoE.py - {'step': '117900', 'lr': '0.0002', 'total_loss': '0.0182032', 'main_loss': '0.00220317', 'aux_loss': '16', 'time_per_step': '0.606911'}
2025-09-23 19:00:59,861 - train_greyscale_Pos_MoE.py - {'step': '118000', 'lr': '0.0002', 'total_loss': '0.0185315', 'main_loss': '0.0025315', 'aux_loss': '16', 'time_per_step': '0.519423'}
2025-09-23 19:03:17,521 - train_greyscale_Pos_MoE.py - {'step': '118100', 'lr': '0.0002', 'total_loss': '0.017953', 'main_loss': '0.001953', 'aux_loss': '16', 'time_per_step': '0.590314'}
2025-09-23 19:05:32,568 - train_greyscale_Pos_MoE.py - {'step': '118200', 'lr': '0.0002', 'total_loss': '0.0182296', 'main_loss': '0.00222961', 'aux_loss': '16', 'time_per_step': '0.582731'}
2025-09-23 19:07:47,448 - train_greyscale_Pos_MoE.py - {'step': '118300', 'lr': '0.0002', 'total_loss': '0.018195', 'main_loss': '0.00219498', 'aux_loss': '16', 'time_per_step': '0.590564'}
2025-09-23 19:10:02,462 - train_greyscale_Pos_MoE.py - {'step': '118400', 'lr': '0.0002', 'total_loss': '0.018082', 'main_loss': '0.00208196', 'aux_loss': '16', 'time_per_step': '0.793209'}
2025-09-23 19:12:16,996 - train_greyscale_Pos_MoE.py - {'step': '118500', 'lr': '0.0002', 'total_loss': '0.0185933', 'main_loss': '0.0025933', 'aux_loss': '16', 'time_per_step': '0.596766'}
2025-09-23 19:14:32,378 - train_greyscale_Pos_MoE.py - {'step': '118600', 'lr': '0.0002', 'total_loss': '0.0176196', 'main_loss': '0.00161961', 'aux_loss': '16', 'time_per_step': '0.598949'}
2025-09-23 19:16:47,527 - train_greyscale_Pos_MoE.py - {'step': '118700', 'lr': '0.0002', 'total_loss': '0.0181099', 'main_loss': '0.0021099', 'aux_loss': '16', 'time_per_step': '0.581055'}
2025-09-23 19:19:03,041 - train_greyscale_Pos_MoE.py - {'step': '118800', 'lr': '0.0002', 'total_loss': '0.0187149', 'main_loss': '0.00271491', 'aux_loss': '16', 'time_per_step': '0.574044'}
2025-09-23 19:21:17,339 - train_greyscale_Pos_MoE.py - {'step': '118900', 'lr': '0.0002', 'total_loss': '0.0184734', 'main_loss': '0.00247342', 'aux_loss': '16', 'time_per_step': '0.620861'}
2025-09-23 19:23:32,913 - train_greyscale_Pos_MoE.py - {'step': '119000', 'lr': '0.0002', 'total_loss': '0.0179047', 'main_loss': '0.00190473', 'aux_loss': '16', 'time_per_step': '0.584438'}
2025-09-23 19:25:47,489 - train_greyscale_Pos_MoE.py - {'step': '119100', 'lr': '0.0002', 'total_loss': '0.0180977', 'main_loss': '0.00209767', 'aux_loss': '16', 'time_per_step': '0.617743'}
2025-09-23 19:28:01,234 - train_greyscale_Pos_MoE.py - {'step': '119200', 'lr': '0.0002', 'total_loss': '0.0182645', 'main_loss': '0.00226451', 'aux_loss': '16', 'time_per_step': '0.52439'}
2025-09-23 19:30:19,072 - train_greyscale_Pos_MoE.py - {'step': '119300', 'lr': '0.0002', 'total_loss': '0.0184409', 'main_loss': '0.0024409', 'aux_loss': '16', 'time_per_step': '0.617693'}
2025-09-23 19:32:34,080 - train_greyscale_Pos_MoE.py - {'step': '119400', 'lr': '0.0002', 'total_loss': '0.0184584', 'main_loss': '0.00245839', 'aux_loss': '16', 'time_per_step': '0.652702'}
2025-09-23 19:34:49,373 - train_greyscale_Pos_MoE.py - {'step': '119500', 'lr': '0.0002', 'total_loss': '0.0178428', 'main_loss': '0.00184285', 'aux_loss': '16', 'time_per_step': '0.583114'}
2025-09-23 19:37:04,725 - train_greyscale_Pos_MoE.py - {'step': '119600', 'lr': '0.0002', 'total_loss': '0.0182747', 'main_loss': '0.0022747', 'aux_loss': '16', 'time_per_step': '0.634686'}
2025-09-23 19:39:19,459 - train_greyscale_Pos_MoE.py - {'step': '119700', 'lr': '0.0002', 'total_loss': '0.0179431', 'main_loss': '0.00194308', 'aux_loss': '16', 'time_per_step': '0.597982'}
2025-09-23 19:41:34,124 - train_greyscale_Pos_MoE.py - {'step': '119800', 'lr': '0.0002', 'total_loss': '0.017971', 'main_loss': '0.00197099', 'aux_loss': '16', 'time_per_step': '0.605142'}
2025-09-23 19:43:49,711 - train_greyscale_Pos_MoE.py - {'step': '119900', 'lr': '0.0002', 'total_loss': '0.0185027', 'main_loss': '0.00250265', 'aux_loss': '16', 'time_per_step': '0.649866'}
2025-09-23 19:46:04,676 - train_greyscale_Pos_MoE.py - {'step': '120000', 'lr': '0.0002', 'total_loss': '0.0182046', 'main_loss': '0.0022046', 'aux_loss': '16', 'time_per_step': '0.614358'}
2025-09-23 19:48:19,645 - train_greyscale_Pos_MoE.py - {'step': '120100', 'lr': '0.0002', 'total_loss': '0.0185223', 'main_loss': '0.00252234', 'aux_loss': '16', 'time_per_step': '0.579969'}
2025-09-23 19:50:34,892 - train_greyscale_Pos_MoE.py - {'step': '120200', 'lr': '0.0002', 'total_loss': '0.0187792', 'main_loss': '0.00277916', 'aux_loss': '16', 'time_per_step': '0.616948'}
2025-09-23 19:52:49,814 - train_greyscale_Pos_MoE.py - {'step': '120300', 'lr': '0.0002', 'total_loss': '0.0185355', 'main_loss': '0.0025355', 'aux_loss': '16', 'time_per_step': '0.583274'}
2025-09-23 19:55:03,666 - train_greyscale_Pos_MoE.py - {'step': '120400', 'lr': '0.0002', 'total_loss': '0.0181256', 'main_loss': '0.00212561', 'aux_loss': '16', 'time_per_step': '0.519398'}
2025-09-23 19:57:21,301 - train_greyscale_Pos_MoE.py - {'step': '120500', 'lr': '0.0002', 'total_loss': '0.018236', 'main_loss': '0.00223601', 'aux_loss': '16', 'time_per_step': '0.561343'}
2025-09-23 19:59:36,508 - train_greyscale_Pos_MoE.py - {'step': '120600', 'lr': '0.0002', 'total_loss': '0.0177334', 'main_loss': '0.00173344', 'aux_loss': '16', 'time_per_step': '0.602818'}
2025-09-23 20:01:51,620 - train_greyscale_Pos_MoE.py - {'step': '120700', 'lr': '0.0002', 'total_loss': '0.0178098', 'main_loss': '0.00180985', 'aux_loss': '16', 'time_per_step': '0.586832'}
2025-09-23 20:04:06,594 - train_greyscale_Pos_MoE.py - {'step': '120800', 'lr': '0.0002', 'total_loss': '0.0183794', 'main_loss': '0.00237939', 'aux_loss': '16', 'time_per_step': '0.586191'}
2025-09-23 20:06:21,839 - train_greyscale_Pos_MoE.py - {'step': '120900', 'lr': '0.0002', 'total_loss': '0.0181054', 'main_loss': '0.00210539', 'aux_loss': '16', 'time_per_step': '0.616866'}
2025-09-23 20:08:36,587 - train_greyscale_Pos_MoE.py - {'step': '121000', 'lr': '0.0002', 'total_loss': '0.0182939', 'main_loss': '0.00229393', 'aux_loss': '16', 'time_per_step': '0.579237'}
2025-09-23 20:10:51,826 - train_greyscale_Pos_MoE.py - {'step': '121100', 'lr': '0.0002', 'total_loss': '0.0183564', 'main_loss': '0.00235641', 'aux_loss': '16', 'time_per_step': '0.56979'}
2025-09-23 20:13:06,805 - train_greyscale_Pos_MoE.py - {'step': '121200', 'lr': '0.0002', 'total_loss': '0.0181822', 'main_loss': '0.00218221', 'aux_loss': '16', 'time_per_step': '0.573515'}
2025-09-23 20:15:21,590 - train_greyscale_Pos_MoE.py - {'step': '121300', 'lr': '0.0002', 'total_loss': '0.0179461', 'main_loss': '0.00194611', 'aux_loss': '16', 'time_per_step': '0.580561'}
2025-09-23 20:17:36,488 - train_greyscale_Pos_MoE.py - {'step': '121400', 'lr': '0.0002', 'total_loss': '0.0178657', 'main_loss': '0.00186569', 'aux_loss': '16', 'time_per_step': '0.617488'}
2025-09-23 20:19:51,228 - train_greyscale_Pos_MoE.py - {'step': '121500', 'lr': '0.0002', 'total_loss': '0.0181156', 'main_loss': '0.00211555', 'aux_loss': '16', 'time_per_step': '0.625211'}
2025-09-23 20:22:05,604 - train_greyscale_Pos_MoE.py - {'step': '121600', 'lr': '0.0002', 'total_loss': '0.0181921', 'main_loss': '0.00219211', 'aux_loss': '16', 'time_per_step': '0.786511'}
2025-09-23 20:24:22,859 - train_greyscale_Pos_MoE.py - {'step': '121700', 'lr': '0.0002', 'total_loss': '0.0180747', 'main_loss': '0.00207467', 'aux_loss': '16', 'time_per_step': '0.609692'}
2025-09-23 20:26:38,047 - train_greyscale_Pos_MoE.py - {'step': '121800', 'lr': '0.0002', 'total_loss': '0.0183026', 'main_loss': '0.0023026', 'aux_loss': '16', 'time_per_step': '0.602058'}
2025-09-23 20:28:52,984 - train_greyscale_Pos_MoE.py - {'step': '121900', 'lr': '0.0002', 'total_loss': '0.0176956', 'main_loss': '0.00169555', 'aux_loss': '16', 'time_per_step': '0.573199'}
2025-09-23 20:31:08,000 - train_greyscale_Pos_MoE.py - {'step': '122000', 'lr': '0.0002', 'total_loss': '0.0179031', 'main_loss': '0.00190307', 'aux_loss': '16', 'time_per_step': '0.653656'}
2025-09-23 20:33:23,098 - train_greyscale_Pos_MoE.py - {'step': '122100', 'lr': '0.0002', 'total_loss': '0.0181657', 'main_loss': '0.0021657', 'aux_loss': '16', 'time_per_step': '0.639444'}
2025-09-23 20:35:37,972 - train_greyscale_Pos_MoE.py - {'step': '122200', 'lr': '0.0002', 'total_loss': '0.0183267', 'main_loss': '0.00232666', 'aux_loss': '16', 'time_per_step': '0.585154'}
2025-09-23 20:37:54,448 - train_greyscale_Pos_MoE.py - {'step': '122300', 'lr': '0.0002', 'total_loss': '0.0178333', 'main_loss': '0.0018333', 'aux_loss': '16', 'time_per_step': '0.588813'}
2025-09-23 20:40:09,343 - train_greyscale_Pos_MoE.py - {'step': '122400', 'lr': '0.0002', 'total_loss': '0.0183614', 'main_loss': '0.00236137', 'aux_loss': '16', 'time_per_step': '0.552895'}
2025-09-23 20:42:24,479 - train_greyscale_Pos_MoE.py - {'step': '122500', 'lr': '0.0002', 'total_loss': '0.0182551', 'main_loss': '0.00225509', 'aux_loss': '16', 'time_per_step': '0.580315'}
2025-09-23 20:44:39,687 - train_greyscale_Pos_MoE.py - {'step': '122600', 'lr': '0.0002', 'total_loss': '0.0180888', 'main_loss': '0.00208875', 'aux_loss': '16', 'time_per_step': '0.570352'}
2025-09-23 20:46:55,062 - train_greyscale_Pos_MoE.py - {'step': '122700', 'lr': '0.0002', 'total_loss': '0.0182292', 'main_loss': '0.00222921', 'aux_loss': '16', 'time_per_step': '0.573269'}
2025-09-23 20:49:09,066 - train_greyscale_Pos_MoE.py - {'step': '122800', 'lr': '0.0002', 'total_loss': '0.0178459', 'main_loss': '0.00184593', 'aux_loss': '16', 'time_per_step': '0.519626'}
2025-09-23 20:51:26,732 - train_greyscale_Pos_MoE.py - {'step': '122900', 'lr': '0.0002', 'total_loss': '0.0182091', 'main_loss': '0.00220914', 'aux_loss': '16', 'time_per_step': '0.604349'}
2025-09-23 20:53:42,131 - train_greyscale_Pos_MoE.py - {'step': '123000', 'lr': '0.0002', 'total_loss': '0.0180198', 'main_loss': '0.00201981', 'aux_loss': '16', 'time_per_step': '0.622537'}
2025-09-23 20:55:57,013 - train_greyscale_Pos_MoE.py - {'step': '123100', 'lr': '0.0002', 'total_loss': '0.0183933', 'main_loss': '0.00239329', 'aux_loss': '16', 'time_per_step': '0.586311'}
2025-09-23 20:58:12,552 - train_greyscale_Pos_MoE.py - {'step': '123200', 'lr': '0.0002', 'total_loss': '0.018742', 'main_loss': '0.00274201', 'aux_loss': '16', 'time_per_step': '0.637005'}
2025-09-23 21:00:27,750 - train_greyscale_Pos_MoE.py - {'step': '123300', 'lr': '0.0002', 'total_loss': '0.0188558', 'main_loss': '0.00285582', 'aux_loss': '16', 'time_per_step': '0.583969'}
2025-09-23 21:02:43,669 - train_greyscale_Pos_MoE.py - {'step': '123400', 'lr': '0.0002', 'total_loss': '0.0181475', 'main_loss': '0.00214753', 'aux_loss': '16', 'time_per_step': '0.590039'}
2025-09-23 21:04:59,809 - train_greyscale_Pos_MoE.py - {'step': '123500', 'lr': '0.0002', 'total_loss': '0.0181528', 'main_loss': '0.00215277', 'aux_loss': '16', 'time_per_step': '0.604612'}
2025-09-23 21:07:14,263 - train_greyscale_Pos_MoE.py - {'step': '123600', 'lr': '0.0002', 'total_loss': '0.017856', 'main_loss': '0.00185601', 'aux_loss': '16', 'time_per_step': '0.557813'}
2025-09-23 21:09:29,098 - train_greyscale_Pos_MoE.py - {'step': '123700', 'lr': '0.0002', 'total_loss': '0.0180347', 'main_loss': '0.0020347', 'aux_loss': '16', 'time_per_step': '0.624722'}
2025-09-23 21:11:44,747 - train_greyscale_Pos_MoE.py - {'step': '123800', 'lr': '0.0002', 'total_loss': '0.0178706', 'main_loss': '0.0018706', 'aux_loss': '16', 'time_per_step': '0.599055'}
2025-09-23 21:13:59,478 - train_greyscale_Pos_MoE.py - {'step': '123900', 'lr': '0.0002', 'total_loss': '0.017796', 'main_loss': '0.00179603', 'aux_loss': '16', 'time_per_step': '0.61551'}
2025-09-23 21:16:13,164 - train_greyscale_Pos_MoE.py - {'step': '124000', 'lr': '0.0002', 'total_loss': '0.0183768', 'main_loss': '0.00237682', 'aux_loss': '16', 'time_per_step': '0.518952'}
2025-09-23 21:18:31,125 - train_greyscale_Pos_MoE.py - {'step': '124100', 'lr': '0.0002', 'total_loss': '0.018046', 'main_loss': '0.00204603', 'aux_loss': '16', 'time_per_step': '0.617973'}
2025-09-23 21:20:46,413 - train_greyscale_Pos_MoE.py - {'step': '124200', 'lr': '0.0002', 'total_loss': '0.0181551', 'main_loss': '0.0021551', 'aux_loss': '16', 'time_per_step': '0.632321'}
2025-09-23 21:23:01,573 - train_greyscale_Pos_MoE.py - {'step': '124300', 'lr': '0.0002', 'total_loss': '0.0180216', 'main_loss': '0.00202156', 'aux_loss': '16', 'time_per_step': '0.566123'}
2025-09-23 21:25:16,784 - train_greyscale_Pos_MoE.py - {'step': '124400', 'lr': '0.0002', 'total_loss': '0.0180684', 'main_loss': '0.00206836', 'aux_loss': '16', 'time_per_step': '0.622683'}
2025-09-23 21:27:31,510 - train_greyscale_Pos_MoE.py - {'step': '124500', 'lr': '0.0002', 'total_loss': '0.0185151', 'main_loss': '0.00251508', 'aux_loss': '16', 'time_per_step': '0.648671'}
2025-09-23 21:29:47,135 - train_greyscale_Pos_MoE.py - {'step': '124600', 'lr': '0.0002', 'total_loss': '0.0186477', 'main_loss': '0.0026477', 'aux_loss': '16', 'time_per_step': '0.58986'}
2025-09-23 21:32:01,948 - train_greyscale_Pos_MoE.py - {'step': '124700', 'lr': '0.0002', 'total_loss': '0.0178513', 'main_loss': '0.00185128', 'aux_loss': '16', 'time_per_step': '0.586694'}
2025-09-23 21:34:17,098 - train_greyscale_Pos_MoE.py - {'step': '124800', 'lr': '0.0002', 'total_loss': '0.0180204', 'main_loss': '0.00202044', 'aux_loss': '16', 'time_per_step': '0.604481'}
2025-09-23 21:36:32,491 - train_greyscale_Pos_MoE.py - {'step': '124900', 'lr': '0.0002', 'total_loss': '0.0179282', 'main_loss': '0.00192817', 'aux_loss': '16', 'time_per_step': '0.576983'}
2025-09-23 21:38:47,010 - train_greyscale_Pos_MoE.py - {'step': '125000', 'lr': '0.0002', 'total_loss': '0.0181589', 'main_loss': '0.00215894', 'aux_loss': '16', 'time_per_step': '0.597857'}
2025-09-23 21:38:47,011 - train_greyscale_Pos_MoE.py - Save a grid of 16 samples into output/acdc_wholeheart_uncond_pos_moh_minmax_greyscale_uvit_mid_4by4/samples/125000.png by DPM-Solver
2025-09-23 21:38:57,349 - train_greyscale_Pos_MoE.py - Save and eval checkpoint 125000...
2025-09-23 21:38:59,317 - train_greyscale_Pos_MoE.py - eval_step: n_samples=50000, sample_steps=50, algorithm=dpm_solver, mini_batch_size=500, samples save into output/acdc_wholeheart_uncond_pos_moh_minmax_greyscale_uvit_mid_4by4/samples/acdc_wholeheart_uncond_uvit_Pos_MoH_minmax_greyscale_mid_4by4_125000_dpm
2025-09-23 21:56:48,725 - train_greyscale_Pos_MoE.py - step=125000 fid50000=158.05706421434968
2025-09-23 21:57:32,988 - train_greyscale_Pos_MoE.py - eval_step: n_samples=50000, sample_steps=100, algorithm=euler_maruyama_ode, mini_batch_size=500, samples save into output/acdc_wholeheart_uncond_pos_moh_minmax_greyscale_uvit_mid_4by4/samples/acdc_wholeheart_uncond_uvit_Pos_MoH_minmax_greyscale_mid_4by4_125000_euler
2025-09-23 22:26:50,582 - train_greyscale_Pos_MoE.py - step=125000 fid50000=158.40875289767547
2025-09-23 22:33:51,556 - train_greyscale_Pos_MoE.py - {'step': '125100', 'lr': '0.0002', 'total_loss': '0.0181477', 'main_loss': '0.00214765', 'aux_loss': '16', 'time_per_step': '0.564989'}
2025-09-23 22:36:05,789 - train_greyscale_Pos_MoE.py - {'step': '125200', 'lr': '0.0002', 'total_loss': '0.0185167', 'main_loss': '0.00251671', 'aux_loss': '16', 'time_per_step': '0.752924'}
2025-09-23 22:38:23,451 - train_greyscale_Pos_MoE.py - {'step': '125300', 'lr': '0.0002', 'total_loss': '0.0173334', 'main_loss': '0.00133341', 'aux_loss': '16', 'time_per_step': '0.599865'}
2025-09-23 22:40:38,470 - train_greyscale_Pos_MoE.py - {'step': '125400', 'lr': '0.0002', 'total_loss': '0.0182222', 'main_loss': '0.00222224', 'aux_loss': '16', 'time_per_step': '0.612317'}
2025-09-23 22:42:53,524 - train_greyscale_Pos_MoE.py - {'step': '125500', 'lr': '0.0002', 'total_loss': '0.0178214', 'main_loss': '0.00182141', 'aux_loss': '16', 'time_per_step': '0.592753'}
2025-09-23 22:45:08,618 - train_greyscale_Pos_MoE.py - {'step': '125600', 'lr': '0.0002', 'total_loss': '0.0187549', 'main_loss': '0.0027549', 'aux_loss': '16', 'time_per_step': '0.572647'}
2025-09-23 22:47:23,941 - train_greyscale_Pos_MoE.py - {'step': '125700', 'lr': '0.0002', 'total_loss': '0.0181316', 'main_loss': '0.00213161', 'aux_loss': '16', 'time_per_step': '0.622266'}
2025-09-23 22:49:38,860 - train_greyscale_Pos_MoE.py - {'step': '125800', 'lr': '0.0002', 'total_loss': '0.0176958', 'main_loss': '0.00169576', 'aux_loss': '16', 'time_per_step': '0.571277'}
2025-09-23 22:51:54,495 - train_greyscale_Pos_MoE.py - {'step': '125900', 'lr': '0.0002', 'total_loss': '0.0184124', 'main_loss': '0.00241243', 'aux_loss': '16', 'time_per_step': '0.58579'}
2025-09-23 22:54:09,470 - train_greyscale_Pos_MoE.py - {'step': '126000', 'lr': '0.0002', 'total_loss': '0.0181982', 'main_loss': '0.00219819', 'aux_loss': '16', 'time_per_step': '0.616586'}
2025-09-23 22:56:25,015 - train_greyscale_Pos_MoE.py - {'step': '126100', 'lr': '0.0002', 'total_loss': '0.0186793', 'main_loss': '0.00267927', 'aux_loss': '16', 'time_per_step': '0.584858'}
2025-09-23 22:58:39,993 - train_greyscale_Pos_MoE.py - {'step': '126200', 'lr': '0.0002', 'total_loss': '0.017975', 'main_loss': '0.00197502', 'aux_loss': '16', 'time_per_step': '0.613162'}
2025-09-23 23:00:54,696 - train_greyscale_Pos_MoE.py - {'step': '126300', 'lr': '0.0002', 'total_loss': '0.0180979', 'main_loss': '0.00209791', 'aux_loss': '16', 'time_per_step': '0.6393'}
2025-09-23 23:03:08,741 - train_greyscale_Pos_MoE.py - {'step': '126400', 'lr': '0.0002', 'total_loss': '0.0183083', 'main_loss': '0.00230828', 'aux_loss': '16', 'time_per_step': '0.519196'}
2025-09-23 23:05:26,181 - train_greyscale_Pos_MoE.py - {'step': '126500', 'lr': '0.0002', 'total_loss': '0.0181098', 'main_loss': '0.00210984', 'aux_loss': '16', 'time_per_step': '0.579369'}
2025-09-23 23:07:41,278 - train_greyscale_Pos_MoE.py - {'step': '126600', 'lr': '0.0002', 'total_loss': '0.0181911', 'main_loss': '0.00219107', 'aux_loss': '16', 'time_per_step': '0.629848'}
2025-09-23 23:09:56,824 - train_greyscale_Pos_MoE.py - {'step': '126700', 'lr': '0.0002', 'total_loss': '0.018399', 'main_loss': '0.00239899', 'aux_loss': '16', 'time_per_step': '0.592305'}
2025-09-23 23:12:11,608 - train_greyscale_Pos_MoE.py - {'step': '126800', 'lr': '0.0002', 'total_loss': '0.0176671', 'main_loss': '0.00166706', 'aux_loss': '16', 'time_per_step': '0.563883'}
2025-09-23 23:14:26,701 - train_greyscale_Pos_MoE.py - {'step': '126900', 'lr': '0.0002', 'total_loss': '0.0181785', 'main_loss': '0.00217852', 'aux_loss': '16', 'time_per_step': '0.575017'}
2025-09-23 23:16:41,786 - train_greyscale_Pos_MoE.py - {'step': '127000', 'lr': '0.0002', 'total_loss': '0.0174241', 'main_loss': '0.00142413', 'aux_loss': '16', 'time_per_step': '0.587461'}
2025-09-23 23:18:56,536 - train_greyscale_Pos_MoE.py - {'step': '127100', 'lr': '0.0002', 'total_loss': '0.0186724', 'main_loss': '0.00267243', 'aux_loss': '16', 'time_per_step': '0.594651'}
2025-09-23 23:21:12,229 - train_greyscale_Pos_MoE.py - {'step': '127200', 'lr': '0.0002', 'total_loss': '0.0176981', 'main_loss': '0.00169815', 'aux_loss': '16', 'time_per_step': '0.579712'}
2025-09-23 23:23:26,967 - train_greyscale_Pos_MoE.py - {'step': '127300', 'lr': '0.0002', 'total_loss': '0.0180764', 'main_loss': '0.00207641', 'aux_loss': '16', 'time_per_step': '0.568072'}
2025-09-23 23:25:42,496 - train_greyscale_Pos_MoE.py - {'step': '127400', 'lr': '0.0002', 'total_loss': '0.018237', 'main_loss': '0.00223698', 'aux_loss': '16', 'time_per_step': '0.580315'}
2025-09-23 23:27:57,707 - train_greyscale_Pos_MoE.py - {'step': '127500', 'lr': '0.0002', 'total_loss': '0.0181939', 'main_loss': '0.00219388', 'aux_loss': '16', 'time_per_step': '0.603801'}
2025-09-23 23:30:12,241 - train_greyscale_Pos_MoE.py - {'step': '127600', 'lr': '0.0002', 'total_loss': '0.0181949', 'main_loss': '0.00219494', 'aux_loss': '16', 'time_per_step': '0.52123'}
2025-09-23 23:32:29,773 - train_greyscale_Pos_MoE.py - {'step': '127700', 'lr': '0.0002', 'total_loss': '0.0180548', 'main_loss': '0.00205481', 'aux_loss': '16', 'time_per_step': '0.591504'}
2025-09-23 23:34:44,758 - train_greyscale_Pos_MoE.py - {'step': '127800', 'lr': '0.0002', 'total_loss': '0.0186906', 'main_loss': '0.00269065', 'aux_loss': '16', 'time_per_step': '0.589986'}
2025-09-23 23:37:00,313 - train_greyscale_Pos_MoE.py - {'step': '127900', 'lr': '0.0002', 'total_loss': '0.01823', 'main_loss': '0.00222995', 'aux_loss': '16', 'time_per_step': '0.579365'}
2025-09-23 23:39:15,514 - train_greyscale_Pos_MoE.py - {'step': '128000', 'lr': '0.0002', 'total_loss': '0.0175304', 'main_loss': '0.0015304', 'aux_loss': '16', 'time_per_step': '0.627311'}
2025-09-23 23:41:30,114 - train_greyscale_Pos_MoE.py - {'step': '128100', 'lr': '0.0002', 'total_loss': '0.0174633', 'main_loss': '0.00146333', 'aux_loss': '16', 'time_per_step': '0.556142'}
2025-09-23 23:43:45,886 - train_greyscale_Pos_MoE.py - {'step': '128200', 'lr': '0.0002', 'total_loss': '0.0177483', 'main_loss': '0.00174834', 'aux_loss': '16', 'time_per_step': '0.623343'}
2025-09-23 23:46:00,934 - train_greyscale_Pos_MoE.py - {'step': '128300', 'lr': '0.0002', 'total_loss': '0.0186907', 'main_loss': '0.00269066', 'aux_loss': '16', 'time_per_step': '0.662567'}
2025-09-23 23:48:15,725 - train_greyscale_Pos_MoE.py - {'step': '128400', 'lr': '0.0002', 'total_loss': '0.0178287', 'main_loss': '0.00182875', 'aux_loss': '16', 'time_per_step': '0.559209'}
2025-09-23 23:50:31,095 - train_greyscale_Pos_MoE.py - {'step': '128500', 'lr': '0.0002', 'total_loss': '0.0183679', 'main_loss': '0.0023679', 'aux_loss': '16', 'time_per_step': '0.615256'}
2025-09-23 23:52:46,318 - train_greyscale_Pos_MoE.py - {'step': '128600', 'lr': '0.0002', 'total_loss': '0.0177027', 'main_loss': '0.00170274', 'aux_loss': '16', 'time_per_step': '0.56366'}
2025-09-23 23:55:01,127 - train_greyscale_Pos_MoE.py - {'step': '128700', 'lr': '0.0002', 'total_loss': '0.0178656', 'main_loss': '0.00186557', 'aux_loss': '16', 'time_per_step': '0.607995'}
2025-09-23 23:57:15,996 - train_greyscale_Pos_MoE.py - {'step': '128800', 'lr': '0.0002', 'total_loss': '0.018582', 'main_loss': '0.00258204', 'aux_loss': '16', 'time_per_step': '0.515818'}
2025-09-23 23:59:33,797 - train_greyscale_Pos_MoE.py - {'step': '128900', 'lr': '0.0002', 'total_loss': '0.0186103', 'main_loss': '0.00261029', 'aux_loss': '16', 'time_per_step': '0.611015'}
2025-09-24 00:01:49,252 - train_greyscale_Pos_MoE.py - {'step': '129000', 'lr': '0.0002', 'total_loss': '0.0179193', 'main_loss': '0.00191929', 'aux_loss': '16', 'time_per_step': '0.588362'}
2025-09-24 00:04:04,369 - train_greyscale_Pos_MoE.py - {'step': '129100', 'lr': '0.0002', 'total_loss': '0.0181426', 'main_loss': '0.00214264', 'aux_loss': '16', 'time_per_step': '0.625537'}
2025-09-24 00:06:19,754 - train_greyscale_Pos_MoE.py - {'step': '129200', 'lr': '0.0002', 'total_loss': '0.0183194', 'main_loss': '0.00231937', 'aux_loss': '16', 'time_per_step': '0.594232'}
2025-09-24 00:08:35,208 - train_greyscale_Pos_MoE.py - {'step': '129300', 'lr': '0.0002', 'total_loss': '0.01809', 'main_loss': '0.00209002', 'aux_loss': '16', 'time_per_step': '0.598869'}
2025-09-24 00:10:50,185 - train_greyscale_Pos_MoE.py - {'step': '129400', 'lr': '0.0002', 'total_loss': '0.0183708', 'main_loss': '0.00237079', 'aux_loss': '16', 'time_per_step': '0.598732'}
2025-09-24 00:13:05,753 - train_greyscale_Pos_MoE.py - {'step': '129500', 'lr': '0.0002', 'total_loss': '0.0179187', 'main_loss': '0.00191869', 'aux_loss': '16', 'time_per_step': '1.02648'}
2025-09-24 00:15:21,040 - train_greyscale_Pos_MoE.py - {'step': '129600', 'lr': '0.0002', 'total_loss': '0.0180503', 'main_loss': '0.00205029', 'aux_loss': '16', 'time_per_step': '0.602729'}
2025-09-24 00:17:35,910 - train_greyscale_Pos_MoE.py - {'step': '129700', 'lr': '0.0002', 'total_loss': '0.0179261', 'main_loss': '0.00192611', 'aux_loss': '16', 'time_per_step': '0.574959'}
2025-09-24 00:19:50,809 - train_greyscale_Pos_MoE.py - {'step': '129800', 'lr': '0.0002', 'total_loss': '0.018008', 'main_loss': '0.00200801', 'aux_loss': '16', 'time_per_step': '0.587227'}
2025-09-24 00:22:05,833 - train_greyscale_Pos_MoE.py - {'step': '129900', 'lr': '0.0002', 'total_loss': '0.0181638', 'main_loss': '0.00216381', 'aux_loss': '16', 'time_per_step': '0.624879'}
2025-09-24 00:24:19,887 - train_greyscale_Pos_MoE.py - {'step': '130000', 'lr': '0.0002', 'total_loss': '0.0185153', 'main_loss': '0.00251525', 'aux_loss': '16', 'time_per_step': '0.521694'}
2025-09-24 00:26:37,315 - train_greyscale_Pos_MoE.py - {'step': '130100', 'lr': '0.0002', 'total_loss': '0.0181543', 'main_loss': '0.00215431', 'aux_loss': '16', 'time_per_step': '0.576709'}
2025-09-24 00:28:52,277 - train_greyscale_Pos_MoE.py - {'step': '130200', 'lr': '0.0002', 'total_loss': '0.0184425', 'main_loss': '0.0024425', 'aux_loss': '16', 'time_per_step': '0.589402'}
2025-09-24 00:31:07,786 - train_greyscale_Pos_MoE.py - {'step': '130300', 'lr': '0.0002', 'total_loss': '0.0181306', 'main_loss': '0.00213055', 'aux_loss': '16', 'time_per_step': '0.583464'}
2025-09-24 00:33:22,953 - train_greyscale_Pos_MoE.py - {'step': '130400', 'lr': '0.0002', 'total_loss': '0.0184699', 'main_loss': '0.00246991', 'aux_loss': '16', 'time_per_step': '0.638372'}
2025-09-24 00:35:37,705 - train_greyscale_Pos_MoE.py - {'step': '130500', 'lr': '0.0002', 'total_loss': '0.0185125', 'main_loss': '0.00251251', 'aux_loss': '16', 'time_per_step': '0.616036'}
2025-09-24 00:37:53,044 - train_greyscale_Pos_MoE.py - {'step': '130600', 'lr': '0.0002', 'total_loss': '0.0182961', 'main_loss': '0.00229607', 'aux_loss': '16', 'time_per_step': '0.597351'}
2025-09-24 00:40:08,239 - train_greyscale_Pos_MoE.py - {'step': '130700', 'lr': '0.0002', 'total_loss': '0.0177972', 'main_loss': '0.00179721', 'aux_loss': '16', 'time_per_step': '0.589906'}
2025-09-24 00:42:23,386 - train_greyscale_Pos_MoE.py - {'step': '130800', 'lr': '0.0002', 'total_loss': '0.0183802', 'main_loss': '0.00238024', 'aux_loss': '16', 'time_per_step': '0.611332'}
2025-09-24 00:44:38,445 - train_greyscale_Pos_MoE.py - {'step': '130900', 'lr': '0.0002', 'total_loss': '0.0180391', 'main_loss': '0.00203907', 'aux_loss': '16', 'time_per_step': '0.593648'}
2025-09-24 00:46:53,965 - train_greyscale_Pos_MoE.py - {'step': '131000', 'lr': '0.0002', 'total_loss': '0.0181405', 'main_loss': '0.00214048', 'aux_loss': '16', 'time_per_step': '0.586543'}
2025-09-24 00:49:09,471 - train_greyscale_Pos_MoE.py - {'step': '131100', 'lr': '0.0002', 'total_loss': '0.018046', 'main_loss': '0.00204601', 'aux_loss': '16', 'time_per_step': '0.584318'}
2025-09-24 00:51:23,091 - train_greyscale_Pos_MoE.py - {'step': '131200', 'lr': '0.0002', 'total_loss': '0.0180405', 'main_loss': '0.00204048', 'aux_loss': '16', 'time_per_step': '0.519865'}
2025-09-24 00:53:40,782 - train_greyscale_Pos_MoE.py - {'step': '131300', 'lr': '0.0002', 'total_loss': '0.0178232', 'main_loss': '0.00182321', 'aux_loss': '16', 'time_per_step': '0.601406'}
2025-09-24 00:55:56,014 - train_greyscale_Pos_MoE.py - {'step': '131400', 'lr': '0.0002', 'total_loss': '0.0182608', 'main_loss': '0.00226075', 'aux_loss': '16', 'time_per_step': '0.623188'}
2025-09-24 00:58:10,633 - train_greyscale_Pos_MoE.py - {'step': '131500', 'lr': '0.0002', 'total_loss': '0.0180897', 'main_loss': '0.00208974', 'aux_loss': '16', 'time_per_step': '0.583638'}
2025-09-24 01:00:25,743 - train_greyscale_Pos_MoE.py - {'step': '131600', 'lr': '0.0002', 'total_loss': '0.0178391', 'main_loss': '0.0018391', 'aux_loss': '16', 'time_per_step': '0.607913'}
2025-09-24 01:02:40,862 - train_greyscale_Pos_MoE.py - {'step': '131700', 'lr': '0.0002', 'total_loss': '0.0185855', 'main_loss': '0.00258555', 'aux_loss': '16', 'time_per_step': '0.614871'}
2025-09-24 01:04:55,729 - train_greyscale_Pos_MoE.py - {'step': '131800', 'lr': '0.0002', 'total_loss': '0.0181874', 'main_loss': '0.00218739', 'aux_loss': '16', 'time_per_step': '0.58565'}
2025-09-24 01:07:10,867 - train_greyscale_Pos_MoE.py - {'step': '131900', 'lr': '0.0002', 'total_loss': '0.0180661', 'main_loss': '0.0020661', 'aux_loss': '16', 'time_per_step': '0.609421'}
2025-09-24 01:09:25,826 - train_greyscale_Pos_MoE.py - {'step': '132000', 'lr': '0.0002', 'total_loss': '0.0178696', 'main_loss': '0.00186959', 'aux_loss': '16', 'time_per_step': '0.600613'}
2025-09-24 01:11:42,925 - train_greyscale_Pos_MoE.py - {'step': '132100', 'lr': '0.0002', 'total_loss': '0.0182852', 'main_loss': '0.00228515', 'aux_loss': '16', 'time_per_step': '0.611771'}
2025-09-24 01:13:58,657 - train_greyscale_Pos_MoE.py - {'step': '132200', 'lr': '0.0002', 'total_loss': '0.0191351', 'main_loss': '0.0031351', 'aux_loss': '16', 'time_per_step': '0.60082'}
2025-09-24 01:16:13,509 - train_greyscale_Pos_MoE.py - {'step': '132300', 'lr': '0.0002', 'total_loss': '0.0187306', 'main_loss': '0.00273061', 'aux_loss': '16', 'time_per_step': '0.629407'}
2025-09-24 01:18:27,454 - train_greyscale_Pos_MoE.py - {'step': '132400', 'lr': '0.0002', 'total_loss': '0.0179716', 'main_loss': '0.00197157', 'aux_loss': '16', 'time_per_step': '0.523678'}
2025-09-24 01:20:45,751 - train_greyscale_Pos_MoE.py - {'step': '132500', 'lr': '0.0002', 'total_loss': '0.0177439', 'main_loss': '0.00174387', 'aux_loss': '16', 'time_per_step': '0.577215'}
2025-09-24 01:23:00,972 - train_greyscale_Pos_MoE.py - {'step': '132600', 'lr': '0.0002', 'total_loss': '0.0183078', 'main_loss': '0.0023078', 'aux_loss': '16', 'time_per_step': '0.612539'}
2025-09-24 01:25:16,065 - train_greyscale_Pos_MoE.py - {'step': '132700', 'lr': '0.0002', 'total_loss': '0.0183452', 'main_loss': '0.00234522', 'aux_loss': '16', 'time_per_step': '0.593705'}
2025-09-24 01:27:31,533 - train_greyscale_Pos_MoE.py - {'step': '132800', 'lr': '0.0002', 'total_loss': '0.0180318', 'main_loss': '0.00203183', 'aux_loss': '16', 'time_per_step': '0.613941'}
2025-09-24 01:29:46,338 - train_greyscale_Pos_MoE.py - {'step': '132900', 'lr': '0.0002', 'total_loss': '0.0181469', 'main_loss': '0.00214687', 'aux_loss': '16', 'time_per_step': '0.590974'}
2025-09-24 01:32:01,819 - train_greyscale_Pos_MoE.py - {'step': '133000', 'lr': '0.0002', 'total_loss': '0.0173446', 'main_loss': '0.00134459', 'aux_loss': '16', 'time_per_step': '0.591891'}
2025-09-24 01:34:17,337 - train_greyscale_Pos_MoE.py - {'step': '133100', 'lr': '0.0002', 'total_loss': '0.0181232', 'main_loss': '0.00212322', 'aux_loss': '16', 'time_per_step': '0.603486'}
2025-09-24 01:36:32,421 - train_greyscale_Pos_MoE.py - {'step': '133200', 'lr': '0.0002', 'total_loss': '0.0177884', 'main_loss': '0.00178841', 'aux_loss': '16', 'time_per_step': '0.574403'}
2025-09-24 01:38:47,879 - train_greyscale_Pos_MoE.py - {'step': '133300', 'lr': '0.0002', 'total_loss': '0.0183138', 'main_loss': '0.00231376', 'aux_loss': '16', 'time_per_step': '0.605886'}
2025-09-24 01:41:02,772 - train_greyscale_Pos_MoE.py - {'step': '133400', 'lr': '0.0002', 'total_loss': '0.0180486', 'main_loss': '0.00204862', 'aux_loss': '16', 'time_per_step': '0.627234'}
2025-09-24 01:43:18,234 - train_greyscale_Pos_MoE.py - {'step': '133500', 'lr': '0.0002', 'total_loss': '0.0179865', 'main_loss': '0.00198651', 'aux_loss': '16', 'time_per_step': '0.586289'}
2025-09-24 01:45:32,442 - train_greyscale_Pos_MoE.py - {'step': '133600', 'lr': '0.0002', 'total_loss': '0.0179809', 'main_loss': '0.00198088', 'aux_loss': '16', 'time_per_step': '0.522421'}
2025-09-24 01:47:49,906 - train_greyscale_Pos_MoE.py - {'step': '133700', 'lr': '0.0002', 'total_loss': '0.0180714', 'main_loss': '0.00207137', 'aux_loss': '16', 'time_per_step': '0.606271'}
2025-09-24 01:50:05,403 - train_greyscale_Pos_MoE.py - {'step': '133800', 'lr': '0.0002', 'total_loss': '0.0178736', 'main_loss': '0.00187363', 'aux_loss': '16', 'time_per_step': '0.70424'}
2025-09-24 01:52:20,442 - train_greyscale_Pos_MoE.py - {'step': '133900', 'lr': '0.0002', 'total_loss': '0.0185037', 'main_loss': '0.00250371', 'aux_loss': '16', 'time_per_step': '0.567621'}
2025-09-24 01:54:35,734 - train_greyscale_Pos_MoE.py - {'step': '134000', 'lr': '0.0002', 'total_loss': '0.0180245', 'main_loss': '0.00202447', 'aux_loss': '16', 'time_per_step': '0.576'}
2025-09-24 01:56:50,625 - train_greyscale_Pos_MoE.py - {'step': '134100', 'lr': '0.0002', 'total_loss': '0.0181465', 'main_loss': '0.00214649', 'aux_loss': '16', 'time_per_step': '0.622777'}
2025-09-24 01:59:05,831 - train_greyscale_Pos_MoE.py - {'step': '134200', 'lr': '0.0002', 'total_loss': '0.0181494', 'main_loss': '0.00214935', 'aux_loss': '16', 'time_per_step': '0.899723'}
2025-09-24 02:01:21,052 - train_greyscale_Pos_MoE.py - {'step': '134300', 'lr': '0.0002', 'total_loss': '0.0183482', 'main_loss': '0.00234821', 'aux_loss': '16', 'time_per_step': '0.598819'}
2025-09-24 02:03:36,221 - train_greyscale_Pos_MoE.py - {'step': '134400', 'lr': '0.0002', 'total_loss': '0.0178069', 'main_loss': '0.00180687', 'aux_loss': '16', 'time_per_step': '0.612059'}
2025-09-24 02:05:51,251 - train_greyscale_Pos_MoE.py - {'step': '134500', 'lr': '0.0002', 'total_loss': '0.0182894', 'main_loss': '0.00228941', 'aux_loss': '16', 'time_per_step': '0.59909'}
2025-09-24 02:08:06,699 - train_greyscale_Pos_MoE.py - {'step': '134600', 'lr': '0.0002', 'total_loss': '0.01807', 'main_loss': '0.00207003', 'aux_loss': '16', 'time_per_step': '0.604202'}
2025-09-24 02:10:21,399 - train_greyscale_Pos_MoE.py - {'step': '134700', 'lr': '0.0002', 'total_loss': '0.0181136', 'main_loss': '0.0021136', 'aux_loss': '16', 'time_per_step': '0.592913'}
2025-09-24 02:12:35,470 - train_greyscale_Pos_MoE.py - {'step': '134800', 'lr': '0.0002', 'total_loss': '0.0186581', 'main_loss': '0.0026581', 'aux_loss': '16', 'time_per_step': '0.521079'}
2025-09-24 02:14:53,237 - train_greyscale_Pos_MoE.py - {'step': '134900', 'lr': '0.0002', 'total_loss': '0.0177624', 'main_loss': '0.00176244', 'aux_loss': '16', 'time_per_step': '0.591304'}
2025-09-24 02:17:07,875 - train_greyscale_Pos_MoE.py - {'step': '135000', 'lr': '0.0002', 'total_loss': '0.0178668', 'main_loss': '0.0018668', 'aux_loss': '16', 'time_per_step': '0.596012'}
2025-09-24 02:19:23,377 - train_greyscale_Pos_MoE.py - {'step': '135100', 'lr': '0.0002', 'total_loss': '0.0182527', 'main_loss': '0.00225273', 'aux_loss': '16', 'time_per_step': '0.616624'}
2025-09-24 02:21:38,819 - train_greyscale_Pos_MoE.py - {'step': '135200', 'lr': '0.0002', 'total_loss': '0.0181856', 'main_loss': '0.00218558', 'aux_loss': '16', 'time_per_step': '0.593767'}
2025-09-24 02:23:53,908 - train_greyscale_Pos_MoE.py - {'step': '135300', 'lr': '0.0002', 'total_loss': '0.017978', 'main_loss': '0.00197796', 'aux_loss': '16', 'time_per_step': '0.587207'}
2025-09-24 02:26:09,100 - train_greyscale_Pos_MoE.py - {'step': '135400', 'lr': '0.0002', 'total_loss': '0.0180128', 'main_loss': '0.00201281', 'aux_loss': '16', 'time_per_step': '0.570589'}
2025-09-24 02:28:24,828 - train_greyscale_Pos_MoE.py - {'step': '135500', 'lr': '0.0002', 'total_loss': '0.018103', 'main_loss': '0.002103', 'aux_loss': '16', 'time_per_step': '0.575441'}
2025-09-24 02:30:40,116 - train_greyscale_Pos_MoE.py - {'step': '135600', 'lr': '0.0002', 'total_loss': '0.0183093', 'main_loss': '0.0023093', 'aux_loss': '16', 'time_per_step': '0.590809'}
2025-09-24 02:32:55,591 - train_greyscale_Pos_MoE.py - {'step': '135700', 'lr': '0.0002', 'total_loss': '0.0181103', 'main_loss': '0.0021103', 'aux_loss': '16', 'time_per_step': '0.624394'}
2025-09-24 02:35:10,639 - train_greyscale_Pos_MoE.py - {'step': '135800', 'lr': '0.0002', 'total_loss': '0.018559', 'main_loss': '0.00255901', 'aux_loss': '16', 'time_per_step': '0.593444'}
2025-09-24 02:37:25,541 - train_greyscale_Pos_MoE.py - {'step': '135900', 'lr': '0.0002', 'total_loss': '0.0180877', 'main_loss': '0.00208767', 'aux_loss': '16', 'time_per_step': '0.582789'}
2025-09-24 02:39:40,061 - train_greyscale_Pos_MoE.py - {'step': '136000', 'lr': '0.0002', 'total_loss': '0.0182504', 'main_loss': '0.00225044', 'aux_loss': '16', 'time_per_step': '0.519848'}
2025-09-24 02:41:57,770 - train_greyscale_Pos_MoE.py - {'step': '136100', 'lr': '0.0002', 'total_loss': '0.018429', 'main_loss': '0.00242901', 'aux_loss': '16', 'time_per_step': '0.607914'}
2025-09-24 02:44:13,277 - train_greyscale_Pos_MoE.py - {'step': '136200', 'lr': '0.0002', 'total_loss': '0.0179199', 'main_loss': '0.00191994', 'aux_loss': '16', 'time_per_step': '0.605976'}
2025-09-24 02:46:28,795 - train_greyscale_Pos_MoE.py - {'step': '136300', 'lr': '0.0002', 'total_loss': '0.0180731', 'main_loss': '0.00207311', 'aux_loss': '16', 'time_per_step': '0.608746'}
2025-09-24 02:48:43,510 - train_greyscale_Pos_MoE.py - {'step': '136400', 'lr': '0.0002', 'total_loss': '0.018142', 'main_loss': '0.002142', 'aux_loss': '16', 'time_per_step': '0.62524'}
2025-09-24 02:50:59,034 - train_greyscale_Pos_MoE.py - {'step': '136500', 'lr': '0.0002', 'total_loss': '0.0183168', 'main_loss': '0.00231678', 'aux_loss': '16', 'time_per_step': '0.594491'}
2025-09-24 02:53:14,074 - train_greyscale_Pos_MoE.py - {'step': '136600', 'lr': '0.0002', 'total_loss': '0.0181217', 'main_loss': '0.00212172', 'aux_loss': '16', 'time_per_step': '0.601704'}
2025-09-24 02:55:29,523 - train_greyscale_Pos_MoE.py - {'step': '136700', 'lr': '0.0002', 'total_loss': '0.0184475', 'main_loss': '0.00244746', 'aux_loss': '16', 'time_per_step': '0.608696'}
2025-09-24 02:57:44,704 - train_greyscale_Pos_MoE.py - {'step': '136800', 'lr': '0.0002', 'total_loss': '0.0185261', 'main_loss': '0.0025261', 'aux_loss': '16', 'time_per_step': '0.564013'}
2025-09-24 02:59:59,322 - train_greyscale_Pos_MoE.py - {'step': '136900', 'lr': '0.0002', 'total_loss': '0.0182199', 'main_loss': '0.0022199', 'aux_loss': '16', 'time_per_step': '0.604619'}
2025-09-24 03:02:16,672 - train_greyscale_Pos_MoE.py - {'step': '137000', 'lr': '0.0002', 'total_loss': '0.0178825', 'main_loss': '0.00188248', 'aux_loss': '16', 'time_per_step': '0.67374'}
2025-09-24 03:04:32,342 - train_greyscale_Pos_MoE.py - {'step': '137100', 'lr': '0.0002', 'total_loss': '0.0177405', 'main_loss': '0.00174055', 'aux_loss': '16', 'time_per_step': '0.613413'}
2025-09-24 03:06:45,964 - train_greyscale_Pos_MoE.py - {'step': '137200', 'lr': '0.0002', 'total_loss': '0.0180812', 'main_loss': '0.00208124', 'aux_loss': '16', 'time_per_step': '0.522914'}
2025-09-24 03:09:03,526 - train_greyscale_Pos_MoE.py - {'step': '137300', 'lr': '0.0002', 'total_loss': '0.0182391', 'main_loss': '0.00223914', 'aux_loss': '16', 'time_per_step': '0.650063'}
2025-09-24 03:11:18,576 - train_greyscale_Pos_MoE.py - {'step': '137400', 'lr': '0.0002', 'total_loss': '0.0174941', 'main_loss': '0.00149407', 'aux_loss': '16', 'time_per_step': '0.624252'}
2025-09-24 03:13:33,804 - train_greyscale_Pos_MoE.py - {'step': '137500', 'lr': '0.0002', 'total_loss': '0.0187669', 'main_loss': '0.00276693', 'aux_loss': '16', 'time_per_step': '0.615074'}
2025-09-24 03:15:48,911 - train_greyscale_Pos_MoE.py - {'step': '137600', 'lr': '0.0002', 'total_loss': '0.0175883', 'main_loss': '0.00158828', 'aux_loss': '16', 'time_per_step': '0.580939'}
2025-09-24 03:18:04,361 - train_greyscale_Pos_MoE.py - {'step': '137700', 'lr': '0.0002', 'total_loss': '0.018207', 'main_loss': '0.00220696', 'aux_loss': '16', 'time_per_step': '0.588547'}
2025-09-24 03:20:19,695 - train_greyscale_Pos_MoE.py - {'step': '137800', 'lr': '0.0002', 'total_loss': '0.0182409', 'main_loss': '0.00224089', 'aux_loss': '16', 'time_per_step': '0.607069'}
2025-09-24 03:22:34,642 - train_greyscale_Pos_MoE.py - {'step': '137900', 'lr': '0.0002', 'total_loss': '0.0180455', 'main_loss': '0.00204553', 'aux_loss': '16', 'time_per_step': '0.602074'}
2025-09-24 03:24:49,897 - train_greyscale_Pos_MoE.py - {'step': '138000', 'lr': '0.0002', 'total_loss': '0.018048', 'main_loss': '0.00204798', 'aux_loss': '16', 'time_per_step': '0.587367'}
2025-09-24 03:27:04,829 - train_greyscale_Pos_MoE.py - {'step': '138100', 'lr': '0.0002', 'total_loss': '0.0177086', 'main_loss': '0.00170858', 'aux_loss': '16', 'time_per_step': '0.627896'}
2025-09-24 03:29:19,599 - train_greyscale_Pos_MoE.py - {'step': '138200', 'lr': '0.0002', 'total_loss': '0.0183777', 'main_loss': '0.00237774', 'aux_loss': '16', 'time_per_step': '0.571639'}
2025-09-24 03:31:34,756 - train_greyscale_Pos_MoE.py - {'step': '138300', 'lr': '0.0002', 'total_loss': '0.0183065', 'main_loss': '0.00230649', 'aux_loss': '16', 'time_per_step': '0.591695'}
2025-09-24 03:33:48,811 - train_greyscale_Pos_MoE.py - {'step': '138400', 'lr': '0.0002', 'total_loss': '0.0184097', 'main_loss': '0.00240966', 'aux_loss': '16', 'time_per_step': '0.518896'}
2025-09-24 03:36:06,401 - train_greyscale_Pos_MoE.py - {'step': '138500', 'lr': '0.0002', 'total_loss': '0.0178307', 'main_loss': '0.00183072', 'aux_loss': '16', 'time_per_step': '0.603594'}
2025-09-24 03:38:21,591 - train_greyscale_Pos_MoE.py - {'step': '138600', 'lr': '0.0002', 'total_loss': '0.0183863', 'main_loss': '0.00238632', 'aux_loss': '16', 'time_per_step': '0.587951'}
2025-09-24 03:40:36,931 - train_greyscale_Pos_MoE.py - {'step': '138700', 'lr': '0.0002', 'total_loss': '0.0180404', 'main_loss': '0.0020404', 'aux_loss': '16', 'time_per_step': '0.573435'}
2025-09-24 03:42:51,952 - train_greyscale_Pos_MoE.py - {'step': '138800', 'lr': '0.0002', 'total_loss': '0.0178003', 'main_loss': '0.00180027', 'aux_loss': '16', 'time_per_step': '0.594857'}
2025-09-24 03:45:07,169 - train_greyscale_Pos_MoE.py - {'step': '138900', 'lr': '0.0002', 'total_loss': '0.018152', 'main_loss': '0.00215204', 'aux_loss': '16', 'time_per_step': '0.603043'}
2025-09-24 03:47:22,800 - train_greyscale_Pos_MoE.py - {'step': '139000', 'lr': '0.0002', 'total_loss': '0.018058', 'main_loss': '0.00205799', 'aux_loss': '16', 'time_per_step': '0.598558'}
2025-09-24 03:49:37,646 - train_greyscale_Pos_MoE.py - {'step': '139100', 'lr': '0.0002', 'total_loss': '0.0180083', 'main_loss': '0.00200828', 'aux_loss': '16', 'time_per_step': '0.578723'}
2025-09-24 03:51:53,028 - train_greyscale_Pos_MoE.py - {'step': '139200', 'lr': '0.0002', 'total_loss': '0.0180546', 'main_loss': '0.00205463', 'aux_loss': '16', 'time_per_step': '0.581692'}
2025-09-24 03:54:08,213 - train_greyscale_Pos_MoE.py - {'step': '139300', 'lr': '0.0002', 'total_loss': '0.0179691', 'main_loss': '0.00196912', 'aux_loss': '16', 'time_per_step': '0.619031'}
2025-09-24 03:56:22,797 - train_greyscale_Pos_MoE.py - {'step': '139400', 'lr': '0.0002', 'total_loss': '0.0176378', 'main_loss': '0.00163785', 'aux_loss': '16', 'time_per_step': '0.624952'}
2025-09-24 03:58:37,837 - train_greyscale_Pos_MoE.py - {'step': '139500', 'lr': '0.0002', 'total_loss': '0.0183255', 'main_loss': '0.00232551', 'aux_loss': '16', 'time_per_step': '0.590895'}
2025-09-24 04:00:51,744 - train_greyscale_Pos_MoE.py - {'step': '139600', 'lr': '0.0002', 'total_loss': '0.0182711', 'main_loss': '0.00227113', 'aux_loss': '16', 'time_per_step': '0.526105'}
2025-09-24 04:03:10,229 - train_greyscale_Pos_MoE.py - {'step': '139700', 'lr': '0.0002', 'total_loss': '0.0185208', 'main_loss': '0.00252084', 'aux_loss': '16', 'time_per_step': '0.585221'}
2025-09-24 04:05:25,395 - train_greyscale_Pos_MoE.py - {'step': '139800', 'lr': '0.0002', 'total_loss': '0.0182644', 'main_loss': '0.00226442', 'aux_loss': '16', 'time_per_step': '0.580245'}
2025-09-24 04:07:40,725 - train_greyscale_Pos_MoE.py - {'step': '139900', 'lr': '0.0002', 'total_loss': '0.0181196', 'main_loss': '0.00211964', 'aux_loss': '16', 'time_per_step': '0.618616'}
2025-09-24 04:09:55,896 - train_greyscale_Pos_MoE.py - {'step': '140000', 'lr': '0.0002', 'total_loss': '0.018154', 'main_loss': '0.002154', 'aux_loss': '16', 'time_per_step': '0.584674'}
2025-09-24 04:12:13,259 - train_greyscale_Pos_MoE.py - {'step': '140100', 'lr': '0.0002', 'total_loss': '0.0185115', 'main_loss': '0.00251149', 'aux_loss': '16', 'time_per_step': '2.14475'}
2025-09-24 04:14:26,314 - train_greyscale_Pos_MoE.py - {'step': '140200', 'lr': '0.0002', 'total_loss': '0.0178156', 'main_loss': '0.00181563', 'aux_loss': '16', 'time_per_step': '0.589579'}
2025-09-24 04:16:41,129 - train_greyscale_Pos_MoE.py - {'step': '140300', 'lr': '0.0002', 'total_loss': '0.0176677', 'main_loss': '0.00166774', 'aux_loss': '16', 'time_per_step': '0.608373'}
2025-09-24 04:18:56,168 - train_greyscale_Pos_MoE.py - {'step': '140400', 'lr': '0.0002', 'total_loss': '0.0180288', 'main_loss': '0.00202878', 'aux_loss': '16', 'time_per_step': '0.582864'}
2025-09-24 04:21:11,239 - train_greyscale_Pos_MoE.py - {'step': '140500', 'lr': '0.0002', 'total_loss': '0.0181621', 'main_loss': '0.00216207', 'aux_loss': '16', 'time_per_step': '0.566647'}
2025-09-24 04:23:26,073 - train_greyscale_Pos_MoE.py - {'step': '140600', 'lr': '0.0002', 'total_loss': '0.018528', 'main_loss': '0.00252798', 'aux_loss': '16', 'time_per_step': '0.579159'}
2025-09-24 04:25:41,521 - train_greyscale_Pos_MoE.py - {'step': '140700', 'lr': '0.0002', 'total_loss': '0.0177825', 'main_loss': '0.00178254', 'aux_loss': '16', 'time_per_step': '0.56668'}
2025-09-24 04:27:55,240 - train_greyscale_Pos_MoE.py - {'step': '140800', 'lr': '0.0002', 'total_loss': '0.0176883', 'main_loss': '0.0016883', 'aux_loss': '16', 'time_per_step': '0.51953'}
2025-09-24 04:30:13,720 - train_greyscale_Pos_MoE.py - {'step': '140900', 'lr': '0.0002', 'total_loss': '0.0179502', 'main_loss': '0.00195022', 'aux_loss': '16', 'time_per_step': '0.604898'}
2025-09-24 04:32:28,976 - train_greyscale_Pos_MoE.py - {'step': '141000', 'lr': '0.0002', 'total_loss': '0.0182177', 'main_loss': '0.00221767', 'aux_loss': '16', 'time_per_step': '0.599347'}
2025-09-24 04:34:43,821 - train_greyscale_Pos_MoE.py - {'step': '141100', 'lr': '0.0002', 'total_loss': '0.0179213', 'main_loss': '0.00192125', 'aux_loss': '16', 'time_per_step': '0.622076'}
2025-09-24 04:36:59,275 - train_greyscale_Pos_MoE.py - {'step': '141200', 'lr': '0.0002', 'total_loss': '0.0177505', 'main_loss': '0.00175051', 'aux_loss': '16', 'time_per_step': '0.607903'}
2025-09-24 04:39:14,573 - train_greyscale_Pos_MoE.py - {'step': '141300', 'lr': '0.0002', 'total_loss': '0.0179817', 'main_loss': '0.00198169', 'aux_loss': '16', 'time_per_step': '0.627825'}
2025-09-24 04:41:29,304 - train_greyscale_Pos_MoE.py - {'step': '141400', 'lr': '0.0002', 'total_loss': '0.0179592', 'main_loss': '0.00195924', 'aux_loss': '16', 'time_per_step': '0.623224'}
2025-09-24 04:43:44,947 - train_greyscale_Pos_MoE.py - {'step': '141500', 'lr': '0.0002', 'total_loss': '0.0181172', 'main_loss': '0.00211722', 'aux_loss': '16', 'time_per_step': '0.603204'}
2025-09-24 04:46:00,093 - train_greyscale_Pos_MoE.py - {'step': '141600', 'lr': '0.0002', 'total_loss': '0.0186823', 'main_loss': '0.00268228', 'aux_loss': '16', 'time_per_step': '0.614181'}
2025-09-24 04:48:15,292 - train_greyscale_Pos_MoE.py - {'step': '141700', 'lr': '0.0002', 'total_loss': '0.0182942', 'main_loss': '0.00229418', 'aux_loss': '16', 'time_per_step': '0.596086'}
2025-09-24 04:50:30,736 - train_greyscale_Pos_MoE.py - {'step': '141800', 'lr': '0.0002', 'total_loss': '0.0178246', 'main_loss': '0.00182459', 'aux_loss': '16', 'time_per_step': '0.611867'}
2025-09-24 04:52:46,966 - train_greyscale_Pos_MoE.py - {'step': '141900', 'lr': '0.0002', 'total_loss': '0.01804', 'main_loss': '0.00203997', 'aux_loss': '16', 'time_per_step': '2.00324'}
2025-09-24 04:54:59,444 - train_greyscale_Pos_MoE.py - {'step': '142000', 'lr': '0.0002', 'total_loss': '0.0178284', 'main_loss': '0.00182839', 'aux_loss': '16', 'time_per_step': '0.537286'}
2025-09-24 04:57:17,226 - train_greyscale_Pos_MoE.py - {'step': '142100', 'lr': '0.0002', 'total_loss': '0.018383', 'main_loss': '0.00238296', 'aux_loss': '16', 'time_per_step': '0.627322'}
2025-09-24 04:59:32,488 - train_greyscale_Pos_MoE.py - {'step': '142200', 'lr': '0.0002', 'total_loss': '0.0182807', 'main_loss': '0.00228065', 'aux_loss': '16', 'time_per_step': '0.64487'}
2025-09-24 05:01:48,014 - train_greyscale_Pos_MoE.py - {'step': '142300', 'lr': '0.0002', 'total_loss': '0.0177369', 'main_loss': '0.00173686', 'aux_loss': '16', 'time_per_step': '0.573261'}
2025-09-24 05:04:03,449 - train_greyscale_Pos_MoE.py - {'step': '142400', 'lr': '0.0002', 'total_loss': '0.0181898', 'main_loss': '0.00218981', 'aux_loss': '16', 'time_per_step': '0.596138'}
2025-09-24 05:06:18,282 - train_greyscale_Pos_MoE.py - {'step': '142500', 'lr': '0.0002', 'total_loss': '0.0182731', 'main_loss': '0.00227312', 'aux_loss': '16', 'time_per_step': '0.59223'}
2025-09-24 05:08:34,135 - train_greyscale_Pos_MoE.py - {'step': '142600', 'lr': '0.0002', 'total_loss': '0.0177554', 'main_loss': '0.00175535', 'aux_loss': '16', 'time_per_step': '0.565469'}
2025-09-24 05:10:48,648 - train_greyscale_Pos_MoE.py - {'step': '142700', 'lr': '0.0002', 'total_loss': '0.0183981', 'main_loss': '0.00239808', 'aux_loss': '16', 'time_per_step': '0.594158'}
2025-09-24 05:13:04,232 - train_greyscale_Pos_MoE.py - {'step': '142800', 'lr': '0.0002', 'total_loss': '0.0183745', 'main_loss': '0.00237448', 'aux_loss': '16', 'time_per_step': '0.61534'}
2025-09-24 05:15:18,691 - train_greyscale_Pos_MoE.py - {'step': '142900', 'lr': '0.0002', 'total_loss': '0.018284', 'main_loss': '0.00228398', 'aux_loss': '16', 'time_per_step': '0.566565'}
2025-09-24 05:17:33,452 - train_greyscale_Pos_MoE.py - {'step': '143000', 'lr': '0.0002', 'total_loss': '0.01839', 'main_loss': '0.00238997', 'aux_loss': '16', 'time_per_step': '0.575458'}
2025-09-24 05:19:48,787 - train_greyscale_Pos_MoE.py - {'step': '143100', 'lr': '0.0002', 'total_loss': '0.0185115', 'main_loss': '0.00251152', 'aux_loss': '16', 'time_per_step': '0.596905'}
2025-09-24 05:22:02,826 - train_greyscale_Pos_MoE.py - {'step': '143200', 'lr': '0.0002', 'total_loss': '0.0181366', 'main_loss': '0.00213656', 'aux_loss': '16', 'time_per_step': '0.518937'}
2025-09-24 05:24:20,538 - train_greyscale_Pos_MoE.py - {'step': '143300', 'lr': '0.0002', 'total_loss': '0.0181598', 'main_loss': '0.00215984', 'aux_loss': '16', 'time_per_step': '0.577338'}
2025-09-24 05:26:35,791 - train_greyscale_Pos_MoE.py - {'step': '143400', 'lr': '0.0002', 'total_loss': '0.0179258', 'main_loss': '0.00192581', 'aux_loss': '16', 'time_per_step': '0.588878'}
2025-09-24 05:28:51,382 - train_greyscale_Pos_MoE.py - {'step': '143500', 'lr': '0.0002', 'total_loss': '0.0179463', 'main_loss': '0.0019463', 'aux_loss': '16', 'time_per_step': '0.578891'}
2025-09-24 05:31:06,293 - train_greyscale_Pos_MoE.py - {'step': '143600', 'lr': '0.0002', 'total_loss': '0.0183191', 'main_loss': '0.00231913', 'aux_loss': '16', 'time_per_step': '0.633482'}
2025-09-24 05:33:21,239 - train_greyscale_Pos_MoE.py - {'step': '143700', 'lr': '0.0002', 'total_loss': '0.0183363', 'main_loss': '0.0023363', 'aux_loss': '16', 'time_per_step': '0.597472'}
2025-09-24 05:35:36,474 - train_greyscale_Pos_MoE.py - {'step': '143800', 'lr': '0.0002', 'total_loss': '0.0178983', 'main_loss': '0.00189831', 'aux_loss': '16', 'time_per_step': '0.593536'}
2025-09-24 05:37:51,392 - train_greyscale_Pos_MoE.py - {'step': '143900', 'lr': '0.0002', 'total_loss': '0.0181171', 'main_loss': '0.00211714', 'aux_loss': '16', 'time_per_step': '0.59807'}
2025-09-24 05:40:07,598 - train_greyscale_Pos_MoE.py - {'step': '144000', 'lr': '0.0002', 'total_loss': '0.0180793', 'main_loss': '0.00207934', 'aux_loss': '16', 'time_per_step': '0.585021'}
2025-09-24 05:42:22,250 - train_greyscale_Pos_MoE.py - {'step': '144100', 'lr': '0.0002', 'total_loss': '0.0182129', 'main_loss': '0.0022129', 'aux_loss': '16', 'time_per_step': '0.63977'}
2025-09-24 05:44:37,697 - train_greyscale_Pos_MoE.py - {'step': '144200', 'lr': '0.0002', 'total_loss': '0.0182733', 'main_loss': '0.00227325', 'aux_loss': '16', 'time_per_step': '0.593602'}
2025-09-24 05:46:52,944 - train_greyscale_Pos_MoE.py - {'step': '144300', 'lr': '0.0002', 'total_loss': '0.0179582', 'main_loss': '0.00195821', 'aux_loss': '16', 'time_per_step': '0.599914'}
2025-09-24 05:49:06,396 - train_greyscale_Pos_MoE.py - {'step': '144400', 'lr': '0.0002', 'total_loss': '0.0183027', 'main_loss': '0.00230266', 'aux_loss': '16', 'time_per_step': '0.5276'}
2025-09-24 05:51:23,875 - train_greyscale_Pos_MoE.py - {'step': '144500', 'lr': '0.0002', 'total_loss': '0.017668', 'main_loss': '0.001668', 'aux_loss': '16', 'time_per_step': '0.564839'}
2025-09-24 05:53:39,383 - train_greyscale_Pos_MoE.py - {'step': '144600', 'lr': '0.0002', 'total_loss': '0.0180667', 'main_loss': '0.00206666', 'aux_loss': '16', 'time_per_step': '0.578859'}
2025-09-24 05:55:54,378 - train_greyscale_Pos_MoE.py - {'step': '144700', 'lr': '0.0002', 'total_loss': '0.0180633', 'main_loss': '0.00206325', 'aux_loss': '16', 'time_per_step': '0.58093'}
2025-09-24 05:58:09,425 - train_greyscale_Pos_MoE.py - {'step': '144800', 'lr': '0.0002', 'total_loss': '0.0178742', 'main_loss': '0.00187417', 'aux_loss': '16', 'time_per_step': '0.580409'}
2025-09-24 06:00:24,833 - train_greyscale_Pos_MoE.py - {'step': '144900', 'lr': '0.0002', 'total_loss': '0.0181487', 'main_loss': '0.00214873', 'aux_loss': '16', 'time_per_step': '0.596828'}
2025-09-24 06:02:40,569 - train_greyscale_Pos_MoE.py - {'step': '145000', 'lr': '0.0002', 'total_loss': '0.0183407', 'main_loss': '0.00234069', 'aux_loss': '16', 'time_per_step': '0.612822'}
2025-09-24 06:04:55,544 - train_greyscale_Pos_MoE.py - {'step': '145100', 'lr': '0.0002', 'total_loss': '0.0181805', 'main_loss': '0.00218049', 'aux_loss': '16', 'time_per_step': '0.586638'}
2025-09-24 06:07:11,125 - train_greyscale_Pos_MoE.py - {'step': '145200', 'lr': '0.0002', 'total_loss': '0.017889', 'main_loss': '0.001889', 'aux_loss': '16', 'time_per_step': '0.590191'}
2025-09-24 06:09:26,388 - train_greyscale_Pos_MoE.py - {'step': '145300', 'lr': '0.0002', 'total_loss': '0.0179258', 'main_loss': '0.00192578', 'aux_loss': '16', 'time_per_step': '0.567515'}
2025-09-24 06:11:41,626 - train_greyscale_Pos_MoE.py - {'step': '145400', 'lr': '0.0002', 'total_loss': '0.0182268', 'main_loss': '0.00222678', 'aux_loss': '16', 'time_per_step': '0.59979'}
2025-09-24 06:13:56,697 - train_greyscale_Pos_MoE.py - {'step': '145500', 'lr': '0.0002', 'total_loss': '0.0182822', 'main_loss': '0.00228222', 'aux_loss': '16', 'time_per_step': '0.576909'}
2025-09-24 06:16:10,725 - train_greyscale_Pos_MoE.py - {'step': '145600', 'lr': '0.0002', 'total_loss': '0.0178448', 'main_loss': '0.00184479', 'aux_loss': '16', 'time_per_step': '0.518694'}
2025-09-24 06:18:28,235 - train_greyscale_Pos_MoE.py - {'step': '145700', 'lr': '0.0002', 'total_loss': '0.0182437', 'main_loss': '0.00224367', 'aux_loss': '16', 'time_per_step': '0.595659'}
2025-09-24 06:20:43,404 - train_greyscale_Pos_MoE.py - {'step': '145800', 'lr': '0.0002', 'total_loss': '0.017728', 'main_loss': '0.00172801', 'aux_loss': '16', 'time_per_step': '0.596895'}
2025-09-24 06:22:58,780 - train_greyscale_Pos_MoE.py - {'step': '145900', 'lr': '0.0002', 'total_loss': '0.0183481', 'main_loss': '0.00234812', 'aux_loss': '16', 'time_per_step': '0.600582'}
2025-09-24 06:25:13,313 - train_greyscale_Pos_MoE.py - {'step': '146000', 'lr': '0.0002', 'total_loss': '0.018582', 'main_loss': '0.002582', 'aux_loss': '16', 'time_per_step': '0.565573'}
2025-09-24 06:27:28,718 - train_greyscale_Pos_MoE.py - {'step': '146100', 'lr': '0.0002', 'total_loss': '0.0178369', 'main_loss': '0.00183694', 'aux_loss': '16', 'time_per_step': '0.596847'}
2025-09-24 06:29:44,356 - train_greyscale_Pos_MoE.py - {'step': '146200', 'lr': '0.0002', 'total_loss': '0.0177854', 'main_loss': '0.00178543', 'aux_loss': '16', 'time_per_step': '0.613282'}
2025-09-24 06:31:59,534 - train_greyscale_Pos_MoE.py - {'step': '146300', 'lr': '0.0002', 'total_loss': '0.0181799', 'main_loss': '0.00217991', 'aux_loss': '16', 'time_per_step': '0.639142'}
2025-09-24 06:34:14,837 - train_greyscale_Pos_MoE.py - {'step': '146400', 'lr': '0.0002', 'total_loss': '0.0181944', 'main_loss': '0.00219441', 'aux_loss': '16', 'time_per_step': '0.610693'}
2025-09-24 06:36:30,242 - train_greyscale_Pos_MoE.py - {'step': '146500', 'lr': '0.0002', 'total_loss': '0.0180329', 'main_loss': '0.00203291', 'aux_loss': '16', 'time_per_step': '0.593146'}
2025-09-24 06:38:46,297 - train_greyscale_Pos_MoE.py - {'step': '146600', 'lr': '0.0002', 'total_loss': '0.0178788', 'main_loss': '0.00187883', 'aux_loss': '16', 'time_per_step': '0.589124'}
2025-09-24 06:41:02,332 - train_greyscale_Pos_MoE.py - {'step': '146700', 'lr': '0.0002', 'total_loss': '0.0183456', 'main_loss': '0.00234558', 'aux_loss': '16', 'time_per_step': '0.573792'}
2025-09-24 06:43:16,231 - train_greyscale_Pos_MoE.py - {'step': '146800', 'lr': '0.0002', 'total_loss': '0.0177687', 'main_loss': '0.00176875', 'aux_loss': '16', 'time_per_step': '0.523508'}
2025-09-24 06:45:34,627 - train_greyscale_Pos_MoE.py - {'step': '146900', 'lr': '0.0002', 'total_loss': '0.0177284', 'main_loss': '0.00172838', 'aux_loss': '16', 'time_per_step': '0.598778'}
2025-09-24 06:47:49,785 - train_greyscale_Pos_MoE.py - {'step': '147000', 'lr': '0.0002', 'total_loss': '0.0178451', 'main_loss': '0.00184507', 'aux_loss': '16', 'time_per_step': '0.585983'}
2025-09-24 06:50:05,252 - train_greyscale_Pos_MoE.py - {'step': '147100', 'lr': '0.0002', 'total_loss': '0.017911', 'main_loss': '0.001911', 'aux_loss': '16', 'time_per_step': '0.663037'}
2025-09-24 06:52:21,064 - train_greyscale_Pos_MoE.py - {'step': '147200', 'lr': '0.0002', 'total_loss': '0.018282', 'main_loss': '0.00228203', 'aux_loss': '16', 'time_per_step': '0.581211'}
2025-09-24 06:54:35,949 - train_greyscale_Pos_MoE.py - {'step': '147300', 'lr': '0.0002', 'total_loss': '0.0181731', 'main_loss': '0.00217313', 'aux_loss': '16', 'time_per_step': '0.591536'}
2025-09-24 06:56:52,626 - train_greyscale_Pos_MoE.py - {'step': '147400', 'lr': '0.0002', 'total_loss': '0.0181459', 'main_loss': '0.00214594', 'aux_loss': '16', 'time_per_step': '0.562372'}
2025-09-24 06:59:08,076 - train_greyscale_Pos_MoE.py - {'step': '147500', 'lr': '0.0002', 'total_loss': '0.0182884', 'main_loss': '0.00228839', 'aux_loss': '16', 'time_per_step': '0.631615'}
2025-09-24 07:01:23,893 - train_greyscale_Pos_MoE.py - {'step': '147600', 'lr': '0.0002', 'total_loss': '0.0175104', 'main_loss': '0.00151038', 'aux_loss': '16', 'time_per_step': '0.617541'}
2025-09-24 07:03:39,623 - train_greyscale_Pos_MoE.py - {'step': '147700', 'lr': '0.0002', 'total_loss': '0.0176471', 'main_loss': '0.00164715', 'aux_loss': '16', 'time_per_step': '0.609892'}
2025-09-24 07:05:54,906 - train_greyscale_Pos_MoE.py - {'step': '147800', 'lr': '0.0002', 'total_loss': '0.0178435', 'main_loss': '0.00184347', 'aux_loss': '16', 'time_per_step': '0.581375'}
2025-09-24 07:08:10,579 - train_greyscale_Pos_MoE.py - {'step': '147900', 'lr': '0.0002', 'total_loss': '0.0183985', 'main_loss': '0.00239852', 'aux_loss': '16', 'time_per_step': '0.589837'}
2025-09-24 07:10:24,802 - train_greyscale_Pos_MoE.py - {'step': '148000', 'lr': '0.0002', 'total_loss': '0.01797', 'main_loss': '0.00196999', 'aux_loss': '16', 'time_per_step': '0.520643'}
2025-09-24 07:12:42,926 - train_greyscale_Pos_MoE.py - {'step': '148100', 'lr': '0.0002', 'total_loss': '0.0183414', 'main_loss': '0.00234141', 'aux_loss': '16', 'time_per_step': '0.591429'}
2025-09-24 07:14:58,668 - train_greyscale_Pos_MoE.py - {'step': '148200', 'lr': '0.0002', 'total_loss': '0.0185006', 'main_loss': '0.00250059', 'aux_loss': '16', 'time_per_step': '0.592659'}
2025-09-24 07:17:14,466 - train_greyscale_Pos_MoE.py - {'step': '148300', 'lr': '0.0002', 'total_loss': '0.0181381', 'main_loss': '0.00213809', 'aux_loss': '16', 'time_per_step': '0.615049'}
2025-09-24 07:19:30,467 - train_greyscale_Pos_MoE.py - {'step': '148400', 'lr': '0.0002', 'total_loss': '0.0180951', 'main_loss': '0.00209514', 'aux_loss': '16', 'time_per_step': '0.608487'}
2025-09-24 07:21:46,794 - train_greyscale_Pos_MoE.py - {'step': '148500', 'lr': '0.0002', 'total_loss': '0.0181448', 'main_loss': '0.00214479', 'aux_loss': '16', 'time_per_step': '0.589707'}
2025-09-24 07:24:02,209 - train_greyscale_Pos_MoE.py - {'step': '148600', 'lr': '0.0002', 'total_loss': '0.0184435', 'main_loss': '0.00244351', 'aux_loss': '16', 'time_per_step': '0.588293'}
2025-09-24 07:26:18,029 - train_greyscale_Pos_MoE.py - {'step': '148700', 'lr': '0.0002', 'total_loss': '0.0188764', 'main_loss': '0.00287644', 'aux_loss': '16', 'time_per_step': '0.608403'}
2025-09-24 07:28:33,427 - train_greyscale_Pos_MoE.py - {'step': '148800', 'lr': '0.0002', 'total_loss': '0.0182902', 'main_loss': '0.0022902', 'aux_loss': '16', 'time_per_step': '0.615669'}
2025-09-24 07:30:48,929 - train_greyscale_Pos_MoE.py - {'step': '148900', 'lr': '0.0002', 'total_loss': '0.0180801', 'main_loss': '0.00208008', 'aux_loss': '16', 'time_per_step': '0.574847'}
2025-09-24 07:33:06,527 - train_greyscale_Pos_MoE.py - {'step': '149000', 'lr': '0.0002', 'total_loss': '0.0182206', 'main_loss': '0.00222063', 'aux_loss': '16', 'time_per_step': '1.029'}
2025-09-24 07:35:21,334 - train_greyscale_Pos_MoE.py - {'step': '149100', 'lr': '0.0002', 'total_loss': '0.0184777', 'main_loss': '0.00247765', 'aux_loss': '16', 'time_per_step': '0.564515'}
2025-09-24 07:37:35,081 - train_greyscale_Pos_MoE.py - {'step': '149200', 'lr': '0.0002', 'total_loss': '0.0180082', 'main_loss': '0.00200823', 'aux_loss': '16', 'time_per_step': '0.518896'}
2025-09-24 07:39:53,484 - train_greyscale_Pos_MoE.py - {'step': '149300', 'lr': '0.0002', 'total_loss': '0.0180504', 'main_loss': '0.0020504', 'aux_loss': '16', 'time_per_step': '0.58376'}
2025-09-24 07:42:09,253 - train_greyscale_Pos_MoE.py - {'step': '149400', 'lr': '0.0002', 'total_loss': '0.0179516', 'main_loss': '0.00195164', 'aux_loss': '16', 'time_per_step': '0.710135'}
2025-09-24 07:44:25,061 - train_greyscale_Pos_MoE.py - {'step': '149500', 'lr': '0.0002', 'total_loss': '0.018158', 'main_loss': '0.00215801', 'aux_loss': '16', 'time_per_step': '0.601576'}
2025-09-24 07:46:40,577 - train_greyscale_Pos_MoE.py - {'step': '149600', 'lr': '0.0002', 'total_loss': '0.017949', 'main_loss': '0.00194902', 'aux_loss': '16', 'time_per_step': '0.579554'}
2025-09-24 07:48:57,020 - train_greyscale_Pos_MoE.py - {'step': '149700', 'lr': '0.0002', 'total_loss': '0.0186303', 'main_loss': '0.00263034', 'aux_loss': '16', 'time_per_step': '0.624023'}
2025-09-24 07:51:13,925 - train_greyscale_Pos_MoE.py - {'step': '149800', 'lr': '0.0002', 'total_loss': '0.0185711', 'main_loss': '0.00257109', 'aux_loss': '16', 'time_per_step': '0.58118'}
2025-09-24 07:53:29,836 - train_greyscale_Pos_MoE.py - {'step': '149900', 'lr': '0.0002', 'total_loss': '0.0180681', 'main_loss': '0.00206814', 'aux_loss': '16', 'time_per_step': '0.608581'}
2025-09-24 07:55:45,239 - train_greyscale_Pos_MoE.py - {'step': '150000', 'lr': '0.0002', 'total_loss': '0.0180383', 'main_loss': '0.00203834', 'aux_loss': '16', 'time_per_step': '0.602104'}
2025-09-24 07:55:45,244 - train_greyscale_Pos_MoE.py - Save a grid of 16 samples into output/acdc_wholeheart_uncond_pos_moh_minmax_greyscale_uvit_mid_4by4/samples/150000.png by DPM-Solver
2025-09-24 07:55:48,247 - train_greyscale_Pos_MoE.py - Save and eval checkpoint 150000...
2025-09-24 07:55:50,155 - train_greyscale_Pos_MoE.py - eval_step: n_samples=50000, sample_steps=50, algorithm=dpm_solver, mini_batch_size=500, samples save into output/acdc_wholeheart_uncond_pos_moh_minmax_greyscale_uvit_mid_4by4/samples/acdc_wholeheart_uncond_uvit_Pos_MoH_minmax_greyscale_mid_4by4_150000_dpm
2025-09-24 08:13:21,942 - train_greyscale_Pos_MoE.py - step=150000 fid50000=149.20544817814437
2025-09-24 08:13:54,901 - train_greyscale_Pos_MoE.py - eval_step: n_samples=50000, sample_steps=100, algorithm=euler_maruyama_ode, mini_batch_size=500, samples save into output/acdc_wholeheart_uncond_pos_moh_minmax_greyscale_uvit_mid_4by4/samples/acdc_wholeheart_uncond_uvit_Pos_MoH_minmax_greyscale_mid_4by4_150000_euler
2025-09-24 08:43:13,553 - train_greyscale_Pos_MoE.py - step=150000 fid50000=149.8710536644918
2025-09-24 08:50:03,368 - train_greyscale_Pos_MoE.py - {'step': '150100', 'lr': '0.0002', 'total_loss': '0.0179804', 'main_loss': '0.00198043', 'aux_loss': '16', 'time_per_step': '0.601253'}
2025-09-24 08:52:19,070 - train_greyscale_Pos_MoE.py - {'step': '150200', 'lr': '0.0002', 'total_loss': '0.0180975', 'main_loss': '0.00209747', 'aux_loss': '16', 'time_per_step': '0.617105'}
2025-09-24 08:54:34,119 - train_greyscale_Pos_MoE.py - {'step': '150300', 'lr': '0.0002', 'total_loss': '0.0188032', 'main_loss': '0.00280325', 'aux_loss': '16', 'time_per_step': '0.586567'}
2025-09-24 08:56:48,573 - train_greyscale_Pos_MoE.py - {'step': '150400', 'lr': '0.0002', 'total_loss': '0.0182668', 'main_loss': '0.00226684', 'aux_loss': '16', 'time_per_step': '0.520598'}
2025-09-24 08:59:06,641 - train_greyscale_Pos_MoE.py - {'step': '150500', 'lr': '0.0002', 'total_loss': '0.0176775', 'main_loss': '0.00167747', 'aux_loss': '16', 'time_per_step': '0.589455'}
2025-09-24 09:01:22,005 - train_greyscale_Pos_MoE.py - {'step': '150600', 'lr': '0.0002', 'total_loss': '0.0182996', 'main_loss': '0.00229956', 'aux_loss': '16', 'time_per_step': '0.58839'}
2025-09-24 09:03:37,573 - train_greyscale_Pos_MoE.py - {'step': '150700', 'lr': '0.0002', 'total_loss': '0.0184014', 'main_loss': '0.00240142', 'aux_loss': '16', 'time_per_step': '0.600812'}
2025-09-24 09:05:53,336 - train_greyscale_Pos_MoE.py - {'step': '150800', 'lr': '0.0002', 'total_loss': '0.0181049', 'main_loss': '0.00210493', 'aux_loss': '16', 'time_per_step': '0.576035'}
2025-09-24 09:08:09,401 - train_greyscale_Pos_MoE.py - {'step': '150900', 'lr': '0.0002', 'total_loss': '0.0178587', 'main_loss': '0.00185871', 'aux_loss': '16', 'time_per_step': '0.617003'}
2025-09-24 09:10:24,496 - train_greyscale_Pos_MoE.py - {'step': '151000', 'lr': '0.0002', 'total_loss': '0.0181775', 'main_loss': '0.00217746', 'aux_loss': '16', 'time_per_step': '0.596951'}
2025-09-24 09:12:39,993 - train_greyscale_Pos_MoE.py - {'step': '151100', 'lr': '0.0002', 'total_loss': '0.0177114', 'main_loss': '0.00171142', 'aux_loss': '16', 'time_per_step': '0.584862'}
2025-09-24 09:14:55,558 - train_greyscale_Pos_MoE.py - {'step': '151200', 'lr': '0.0002', 'total_loss': '0.0179699', 'main_loss': '0.00196994', 'aux_loss': '16', 'time_per_step': '0.587657'}
2025-09-24 09:17:11,355 - train_greyscale_Pos_MoE.py - {'step': '151300', 'lr': '0.0002', 'total_loss': '0.0183072', 'main_loss': '0.00230717', 'aux_loss': '16', 'time_per_step': '0.597666'}
2025-09-24 09:19:27,199 - train_greyscale_Pos_MoE.py - {'step': '151400', 'lr': '0.0002', 'total_loss': '0.0178984', 'main_loss': '0.00189841', 'aux_loss': '16', 'time_per_step': '0.589402'}
2025-09-24 09:21:42,172 - train_greyscale_Pos_MoE.py - {'step': '151500', 'lr': '0.0002', 'total_loss': '0.018176', 'main_loss': '0.00217599', 'aux_loss': '16', 'time_per_step': '0.571441'}
2025-09-24 09:23:56,368 - train_greyscale_Pos_MoE.py - {'step': '151600', 'lr': '0.0002', 'total_loss': '0.0178692', 'main_loss': '0.00186923', 'aux_loss': '16', 'time_per_step': '0.519222'}
2025-09-24 09:26:14,833 - train_greyscale_Pos_MoE.py - {'step': '151700', 'lr': '0.0002', 'total_loss': '0.0183847', 'main_loss': '0.00238467', 'aux_loss': '16', 'time_per_step': '0.604185'}
2025-09-24 09:28:30,550 - train_greyscale_Pos_MoE.py - {'step': '151800', 'lr': '0.0002', 'total_loss': '0.0185488', 'main_loss': '0.00254882', 'aux_loss': '16', 'time_per_step': '0.612409'}
2025-09-24 09:30:46,114 - train_greyscale_Pos_MoE.py - {'step': '151900', 'lr': '0.0002', 'total_loss': '0.0180627', 'main_loss': '0.00206273', 'aux_loss': '16', 'time_per_step': '0.616199'}
2025-09-24 09:33:02,329 - train_greyscale_Pos_MoE.py - {'step': '152000', 'lr': '0.0002', 'total_loss': '0.0182367', 'main_loss': '0.00223667', 'aux_loss': '16', 'time_per_step': '0.595073'}
2025-09-24 09:35:18,411 - train_greyscale_Pos_MoE.py - {'step': '152100', 'lr': '0.0002', 'total_loss': '0.0181445', 'main_loss': '0.00214447', 'aux_loss': '16', 'time_per_step': '0.58458'}
2025-09-24 09:37:34,001 - train_greyscale_Pos_MoE.py - {'step': '152200', 'lr': '0.0002', 'total_loss': '0.0183709', 'main_loss': '0.00237085', 'aux_loss': '16', 'time_per_step': '0.636697'}
2025-09-24 09:39:49,930 - train_greyscale_Pos_MoE.py - {'step': '152300', 'lr': '0.0002', 'total_loss': '0.0181367', 'main_loss': '0.00213666', 'aux_loss': '16', 'time_per_step': '0.573154'}
2025-09-24 09:42:05,965 - train_greyscale_Pos_MoE.py - {'step': '152400', 'lr': '0.0002', 'total_loss': '0.01773', 'main_loss': '0.00172998', 'aux_loss': '16', 'time_per_step': '0.594026'}
2025-09-24 09:44:21,799 - train_greyscale_Pos_MoE.py - {'step': '152500', 'lr': '0.0002', 'total_loss': '0.018391', 'main_loss': '0.00239104', 'aux_loss': '16', 'time_per_step': '0.601777'}
2025-09-24 09:46:37,459 - train_greyscale_Pos_MoE.py - {'step': '152600', 'lr': '0.0002', 'total_loss': '0.0179856', 'main_loss': '0.00198556', 'aux_loss': '16', 'time_per_step': '0.579999'}
2025-09-24 09:48:53,231 - train_greyscale_Pos_MoE.py - {'step': '152700', 'lr': '0.0002', 'total_loss': '0.0176036', 'main_loss': '0.00160356', 'aux_loss': '16', 'time_per_step': '0.601659'}
2025-09-24 09:51:07,385 - train_greyscale_Pos_MoE.py - {'step': '152800', 'lr': '0.0002', 'total_loss': '0.0185041', 'main_loss': '0.00250414', 'aux_loss': '16', 'time_per_step': '0.520983'}
2025-09-24 09:53:25,278 - train_greyscale_Pos_MoE.py - {'step': '152900', 'lr': '0.0002', 'total_loss': '0.0181282', 'main_loss': '0.00212816', 'aux_loss': '16', 'time_per_step': '0.615788'}
2025-09-24 09:55:40,797 - train_greyscale_Pos_MoE.py - {'step': '153000', 'lr': '0.0002', 'total_loss': '0.018161', 'main_loss': '0.00216096', 'aux_loss': '16', 'time_per_step': '0.621654'}
2025-09-24 09:57:56,604 - train_greyscale_Pos_MoE.py - {'step': '153100', 'lr': '0.0002', 'total_loss': '0.0181907', 'main_loss': '0.00219069', 'aux_loss': '16', 'time_per_step': '0.592403'}
2025-09-24 10:00:12,545 - train_greyscale_Pos_MoE.py - {'step': '153200', 'lr': '0.0002', 'total_loss': '0.0184799', 'main_loss': '0.00247993', 'aux_loss': '16', 'time_per_step': '0.611416'}
2025-09-24 10:02:28,207 - train_greyscale_Pos_MoE.py - {'step': '153300', 'lr': '0.0002', 'total_loss': '0.0185297', 'main_loss': '0.00252972', 'aux_loss': '16', 'time_per_step': '0.611846'}
2025-09-24 10:04:44,152 - train_greyscale_Pos_MoE.py - {'step': '153400', 'lr': '0.0002', 'total_loss': '0.017869', 'main_loss': '0.00186897', 'aux_loss': '16', 'time_per_step': '0.610919'}
2025-09-24 10:06:59,906 - train_greyscale_Pos_MoE.py - {'step': '153500', 'lr': '0.0002', 'total_loss': '0.0185336', 'main_loss': '0.00253359', 'aux_loss': '16', 'time_per_step': '0.571847'}
2025-09-24 10:09:15,826 - train_greyscale_Pos_MoE.py - {'step': '153600', 'lr': '0.0002', 'total_loss': '0.01787', 'main_loss': '0.00187', 'aux_loss': '16', 'time_per_step': '0.598003'}
2025-09-24 10:11:32,157 - train_greyscale_Pos_MoE.py - {'step': '153700', 'lr': '0.0002', 'total_loss': '0.0186326', 'main_loss': '0.00263264', 'aux_loss': '16', 'time_per_step': '0.571637'}
2025-09-24 10:13:48,471 - train_greyscale_Pos_MoE.py - {'step': '153800', 'lr': '0.0002', 'total_loss': '0.018382', 'main_loss': '0.002382', 'aux_loss': '16', 'time_per_step': '0.585309'}
2025-09-24 10:16:04,463 - train_greyscale_Pos_MoE.py - {'step': '153900', 'lr': '0.0002', 'total_loss': '0.0183083', 'main_loss': '0.00230832', 'aux_loss': '16', 'time_per_step': '0.609741'}
2025-09-24 10:18:18,188 - train_greyscale_Pos_MoE.py - {'step': '154000', 'lr': '0.0002', 'total_loss': '0.0183602', 'main_loss': '0.00236022', 'aux_loss': '16', 'time_per_step': '0.522459'}
2025-09-24 10:20:36,539 - train_greyscale_Pos_MoE.py - {'step': '154100', 'lr': '0.0002', 'total_loss': '0.0177065', 'main_loss': '0.00170649', 'aux_loss': '16', 'time_per_step': '0.600239'}
2025-09-24 10:22:51,827 - train_greyscale_Pos_MoE.py - {'step': '154200', 'lr': '0.0002', 'total_loss': '0.0189954', 'main_loss': '0.00299542', 'aux_loss': '16', 'time_per_step': '0.576579'}
2025-09-24 10:25:08,174 - train_greyscale_Pos_MoE.py - {'step': '154300', 'lr': '0.0002', 'total_loss': '0.0178744', 'main_loss': '0.0018744', 'aux_loss': '16', 'time_per_step': '0.562938'}
2025-09-24 10:27:23,873 - train_greyscale_Pos_MoE.py - {'step': '154400', 'lr': '0.0002', 'total_loss': '0.0184405', 'main_loss': '0.00244051', 'aux_loss': '16', 'time_per_step': '0.596568'}
2025-09-24 10:29:39,985 - train_greyscale_Pos_MoE.py - {'step': '154500', 'lr': '0.0002', 'total_loss': '0.017915', 'main_loss': '0.00191501', 'aux_loss': '16', 'time_per_step': '0.624568'}
2025-09-24 10:31:55,935 - train_greyscale_Pos_MoE.py - {'step': '154600', 'lr': '0.0002', 'total_loss': '0.0181969', 'main_loss': '0.0021969', 'aux_loss': '16', 'time_per_step': '0.626876'}
2025-09-24 10:34:11,453 - train_greyscale_Pos_MoE.py - {'step': '154700', 'lr': '0.0002', 'total_loss': '0.0177655', 'main_loss': '0.00176545', 'aux_loss': '16', 'time_per_step': '0.570319'}
2025-09-24 10:36:27,262 - train_greyscale_Pos_MoE.py - {'step': '154800', 'lr': '0.0002', 'total_loss': '0.0178128', 'main_loss': '0.00181283', 'aux_loss': '16', 'time_per_step': '0.592283'}
2025-09-24 10:38:42,652 - train_greyscale_Pos_MoE.py - {'step': '154900', 'lr': '0.0002', 'total_loss': '0.017692', 'main_loss': '0.00169196', 'aux_loss': '16', 'time_per_step': '0.566906'}
2025-09-24 10:40:59,074 - train_greyscale_Pos_MoE.py - {'step': '155000', 'lr': '0.0002', 'total_loss': '0.0182131', 'main_loss': '0.0022131', 'aux_loss': '16', 'time_per_step': '0.621707'}
2025-09-24 10:43:14,625 - train_greyscale_Pos_MoE.py - {'step': '155100', 'lr': '0.0002', 'total_loss': '0.0183634', 'main_loss': '0.00236339', 'aux_loss': '16', 'time_per_step': '0.611778'}
2025-09-24 10:45:28,416 - train_greyscale_Pos_MoE.py - {'step': '155200', 'lr': '0.0002', 'total_loss': '0.0180545', 'main_loss': '0.00205453', 'aux_loss': '16', 'time_per_step': '0.520133'}
2025-09-24 10:47:46,612 - train_greyscale_Pos_MoE.py - {'step': '155300', 'lr': '0.0002', 'total_loss': '0.0179052', 'main_loss': '0.00190524', 'aux_loss': '16', 'time_per_step': '0.597703'}
2025-09-24 10:50:02,347 - train_greyscale_Pos_MoE.py - {'step': '155400', 'lr': '0.0002', 'total_loss': '0.0178542', 'main_loss': '0.00185423', 'aux_loss': '16', 'time_per_step': '0.602936'}
2025-09-24 10:52:18,226 - train_greyscale_Pos_MoE.py - {'step': '155500', 'lr': '0.0002', 'total_loss': '0.0180405', 'main_loss': '0.00204047', 'aux_loss': '16', 'time_per_step': '0.59798'}
2025-09-24 10:54:33,706 - train_greyscale_Pos_MoE.py - {'step': '155600', 'lr': '0.0002', 'total_loss': '0.0180391', 'main_loss': '0.00203908', 'aux_loss': '16', 'time_per_step': '0.573006'}
2025-09-24 10:56:49,618 - train_greyscale_Pos_MoE.py - {'step': '155700', 'lr': '0.0002', 'total_loss': '0.0181951', 'main_loss': '0.00219506', 'aux_loss': '16', 'time_per_step': '0.609122'}
2025-09-24 10:59:05,222 - train_greyscale_Pos_MoE.py - {'step': '155800', 'lr': '0.0002', 'total_loss': '0.0174566', 'main_loss': '0.00145664', 'aux_loss': '16', 'time_per_step': '0.682593'}
2025-09-24 11:01:21,313 - train_greyscale_Pos_MoE.py - {'step': '155900', 'lr': '0.0002', 'total_loss': '0.0178324', 'main_loss': '0.00183241', 'aux_loss': '16', 'time_per_step': '0.604509'}
2025-09-24 11:03:36,760 - train_greyscale_Pos_MoE.py - {'step': '156000', 'lr': '0.0002', 'total_loss': '0.0180474', 'main_loss': '0.00204738', 'aux_loss': '16', 'time_per_step': '0.608752'}
2025-09-24 11:05:52,806 - train_greyscale_Pos_MoE.py - {'step': '156100', 'lr': '0.0002', 'total_loss': '0.0182242', 'main_loss': '0.00222416', 'aux_loss': '16', 'time_per_step': '0.637379'}
2025-09-24 11:08:08,545 - train_greyscale_Pos_MoE.py - {'step': '156200', 'lr': '0.0002', 'total_loss': '0.0176638', 'main_loss': '0.00166381', 'aux_loss': '16', 'time_per_step': '0.585829'}
2025-09-24 11:10:24,263 - train_greyscale_Pos_MoE.py - {'step': '156300', 'lr': '0.0002', 'total_loss': '0.0177411', 'main_loss': '0.00174107', 'aux_loss': '16', 'time_per_step': '0.578273'}
2025-09-24 11:12:38,402 - train_greyscale_Pos_MoE.py - {'step': '156400', 'lr': '0.0002', 'total_loss': '0.0181062', 'main_loss': '0.00210618', 'aux_loss': '16', 'time_per_step': '0.520389'}
2025-09-24 11:14:56,425 - train_greyscale_Pos_MoE.py - {'step': '156500', 'lr': '0.0002', 'total_loss': '0.0182947', 'main_loss': '0.00229468', 'aux_loss': '16', 'time_per_step': '0.596621'}
2025-09-24 11:17:12,273 - train_greyscale_Pos_MoE.py - {'step': '156600', 'lr': '0.0002', 'total_loss': '0.0178867', 'main_loss': '0.00188667', 'aux_loss': '16', 'time_per_step': '0.601926'}
2025-09-24 11:19:27,743 - train_greyscale_Pos_MoE.py - {'step': '156700', 'lr': '0.0002', 'total_loss': '0.0183248', 'main_loss': '0.0023248', 'aux_loss': '16', 'time_per_step': '0.590843'}
2025-09-24 11:21:43,626 - train_greyscale_Pos_MoE.py - {'step': '156800', 'lr': '0.0002', 'total_loss': '0.0187726', 'main_loss': '0.00277258', 'aux_loss': '16', 'time_per_step': '0.602522'}
2025-09-24 11:23:59,222 - train_greyscale_Pos_MoE.py - {'step': '156900', 'lr': '0.0002', 'total_loss': '0.0180066', 'main_loss': '0.0020066', 'aux_loss': '16', 'time_per_step': '0.582556'}
2025-09-24 11:26:15,458 - train_greyscale_Pos_MoE.py - {'step': '157000', 'lr': '0.0002', 'total_loss': '0.0184687', 'main_loss': '0.00246866', 'aux_loss': '16', 'time_per_step': '0.601263'}
2025-09-24 11:28:30,448 - train_greyscale_Pos_MoE.py - {'step': '157100', 'lr': '0.0002', 'total_loss': '0.0180444', 'main_loss': '0.00204439', 'aux_loss': '16', 'time_per_step': '0.587195'}
2025-09-24 11:30:46,990 - train_greyscale_Pos_MoE.py - {'step': '157200', 'lr': '0.0002', 'total_loss': '0.0186035', 'main_loss': '0.0026035', 'aux_loss': '16', 'time_per_step': '0.620042'}
2025-09-24 11:33:02,844 - train_greyscale_Pos_MoE.py - {'step': '157300', 'lr': '0.0002', 'total_loss': '0.0186004', 'main_loss': '0.00260044', 'aux_loss': '16', 'time_per_step': '0.605201'}
2025-09-24 11:35:18,226 - train_greyscale_Pos_MoE.py - {'step': '157400', 'lr': '0.0002', 'total_loss': '0.0179211', 'main_loss': '0.00192112', 'aux_loss': '16', 'time_per_step': '0.629424'}
2025-09-24 11:37:34,349 - train_greyscale_Pos_MoE.py - {'step': '157500', 'lr': '0.0002', 'total_loss': '0.0177892', 'main_loss': '0.00178922', 'aux_loss': '16', 'time_per_step': '0.587118'}
2025-09-24 11:39:48,110 - train_greyscale_Pos_MoE.py - {'step': '157600', 'lr': '0.0002', 'total_loss': '0.0185116', 'main_loss': '0.00251162', 'aux_loss': '16', 'time_per_step': '0.521127'}
2025-09-24 11:42:06,566 - train_greyscale_Pos_MoE.py - {'step': '157700', 'lr': '0.0002', 'total_loss': '0.018478', 'main_loss': '0.00247804', 'aux_loss': '16', 'time_per_step': '0.622579'}
2025-09-24 11:44:22,098 - train_greyscale_Pos_MoE.py - {'step': '157800', 'lr': '0.0002', 'total_loss': '0.0181059', 'main_loss': '0.00210591', 'aux_loss': '16', 'time_per_step': '0.60761'}
2025-09-24 11:46:38,130 - train_greyscale_Pos_MoE.py - {'step': '157900', 'lr': '0.0002', 'total_loss': '0.0184314', 'main_loss': '0.00243136', 'aux_loss': '16', 'time_per_step': '0.601346'}
2025-09-24 11:48:53,889 - train_greyscale_Pos_MoE.py - {'step': '158000', 'lr': '0.0002', 'total_loss': '0.0183213', 'main_loss': '0.0023213', 'aux_loss': '16', 'time_per_step': '0.609074'}
2025-09-24 11:51:09,607 - train_greyscale_Pos_MoE.py - {'step': '158100', 'lr': '0.0002', 'total_loss': '0.0180572', 'main_loss': '0.00205724', 'aux_loss': '16', 'time_per_step': '0.612127'}
2025-09-24 11:53:25,167 - train_greyscale_Pos_MoE.py - {'step': '158200', 'lr': '0.0002', 'total_loss': '0.0178802', 'main_loss': '0.00188022', 'aux_loss': '16', 'time_per_step': '0.608263'}
2025-09-24 11:55:40,864 - train_greyscale_Pos_MoE.py - {'step': '158300', 'lr': '0.0002', 'total_loss': '0.0182326', 'main_loss': '0.00223256', 'aux_loss': '16', 'time_per_step': '0.597313'}
2025-09-24 11:57:56,362 - train_greyscale_Pos_MoE.py - {'step': '158400', 'lr': '0.0002', 'total_loss': '0.0176338', 'main_loss': '0.00163384', 'aux_loss': '16', 'time_per_step': '0.594001'}
2025-09-24 12:00:11,995 - train_greyscale_Pos_MoE.py - {'step': '158500', 'lr': '0.0002', 'total_loss': '0.0180821', 'main_loss': '0.00208212', 'aux_loss': '16', 'time_per_step': '0.595234'}
2025-09-24 12:02:28,589 - train_greyscale_Pos_MoE.py - {'step': '158600', 'lr': '0.0002', 'total_loss': '0.0180446', 'main_loss': '0.00204458', 'aux_loss': '16', 'time_per_step': '0.583662'}
2025-09-24 12:04:44,101 - train_greyscale_Pos_MoE.py - {'step': '158700', 'lr': '0.0002', 'total_loss': '0.0180002', 'main_loss': '0.00200023', 'aux_loss': '16', 'time_per_step': '0.601272'}
2025-09-24 12:06:57,289 - train_greyscale_Pos_MoE.py - {'step': '158800', 'lr': '0.0002', 'total_loss': '0.0179489', 'main_loss': '0.00194892', 'aux_loss': '16', 'time_per_step': '0.520018'}
2025-09-24 12:09:15,330 - train_greyscale_Pos_MoE.py - {'step': '158900', 'lr': '0.0002', 'total_loss': '0.0183341', 'main_loss': '0.00233406', 'aux_loss': '16', 'time_per_step': '0.592831'}
2025-09-24 12:11:31,408 - train_greyscale_Pos_MoE.py - {'step': '159000', 'lr': '0.0002', 'total_loss': '0.0180256', 'main_loss': '0.00202559', 'aux_loss': '16', 'time_per_step': '0.565632'}
2025-09-24 12:13:46,902 - train_greyscale_Pos_MoE.py - {'step': '159100', 'lr': '0.0002', 'total_loss': '0.0186276', 'main_loss': '0.00262763', 'aux_loss': '16', 'time_per_step': '0.628577'}
2025-09-24 12:16:02,980 - train_greyscale_Pos_MoE.py - {'step': '159200', 'lr': '0.0002', 'total_loss': '0.0176237', 'main_loss': '0.00162368', 'aux_loss': '16', 'time_per_step': '0.623589'}
2025-09-24 12:18:18,946 - train_greyscale_Pos_MoE.py - {'step': '159300', 'lr': '0.0002', 'total_loss': '0.017946', 'main_loss': '0.00194598', 'aux_loss': '16', 'time_per_step': '0.581856'}
2025-09-24 12:20:34,433 - train_greyscale_Pos_MoE.py - {'step': '159400', 'lr': '0.0002', 'total_loss': '0.017918', 'main_loss': '0.00191796', 'aux_loss': '16', 'time_per_step': '0.582086'}
2025-09-24 12:22:50,938 - train_greyscale_Pos_MoE.py - {'step': '159500', 'lr': '0.0002', 'total_loss': '0.0184348', 'main_loss': '0.00243479', 'aux_loss': '16', 'time_per_step': '0.575763'}
2025-09-24 12:25:06,664 - train_greyscale_Pos_MoE.py - {'step': '159600', 'lr': '0.0002', 'total_loss': '0.0179395', 'main_loss': '0.0019395', 'aux_loss': '16', 'time_per_step': '0.607518'}
2025-09-24 12:27:22,325 - train_greyscale_Pos_MoE.py - {'step': '159700', 'lr': '0.0002', 'total_loss': '0.0182218', 'main_loss': '0.00222177', 'aux_loss': '16', 'time_per_step': '0.579258'}
2025-09-24 12:29:37,508 - train_greyscale_Pos_MoE.py - {'step': '159800', 'lr': '0.0002', 'total_loss': '0.0180327', 'main_loss': '0.00203271', 'aux_loss': '16', 'time_per_step': '0.584175'}
2025-09-24 12:31:53,739 - train_greyscale_Pos_MoE.py - {'step': '159900', 'lr': '0.0002', 'total_loss': '0.0184115', 'main_loss': '0.00241151', 'aux_loss': '16', 'time_per_step': '0.609814'}
2025-09-24 12:34:07,816 - train_greyscale_Pos_MoE.py - {'step': '160000', 'lr': '0.0002', 'total_loss': '0.0181984', 'main_loss': '0.0021984', 'aux_loss': '16', 'time_per_step': '0.520358'}
2025-09-24 12:36:26,050 - train_greyscale_Pos_MoE.py - {'step': '160100', 'lr': '0.0002', 'total_loss': '0.0182475', 'main_loss': '0.00224752', 'aux_loss': '16', 'time_per_step': '0.61939'}
2025-09-24 12:38:42,132 - train_greyscale_Pos_MoE.py - {'step': '160200', 'lr': '0.0002', 'total_loss': '0.0176822', 'main_loss': '0.00168224', 'aux_loss': '16', 'time_per_step': '0.569213'}
2025-09-24 12:40:57,617 - train_greyscale_Pos_MoE.py - {'step': '160300', 'lr': '0.0002', 'total_loss': '0.0187211', 'main_loss': '0.00272105', 'aux_loss': '16', 'time_per_step': '0.61057'}
2025-09-24 12:43:13,491 - train_greyscale_Pos_MoE.py - {'step': '160400', 'lr': '0.0002', 'total_loss': '0.0178375', 'main_loss': '0.00183748', 'aux_loss': '16', 'time_per_step': '0.585056'}
2025-09-24 12:45:29,175 - train_greyscale_Pos_MoE.py - {'step': '160500', 'lr': '0.0002', 'total_loss': '0.0179571', 'main_loss': '0.00195705', 'aux_loss': '16', 'time_per_step': '0.607558'}
2025-09-24 12:47:44,663 - train_greyscale_Pos_MoE.py - {'step': '160600', 'lr': '0.0002', 'total_loss': '0.0182646', 'main_loss': '0.00226461', 'aux_loss': '16', 'time_per_step': '0.596799'}
2025-09-24 12:49:59,649 - train_greyscale_Pos_MoE.py - {'step': '160700', 'lr': '0.0002', 'total_loss': '0.0180962', 'main_loss': '0.00209622', 'aux_loss': '16', 'time_per_step': '0.581272'}
2025-09-24 12:52:15,754 - train_greyscale_Pos_MoE.py - {'step': '160800', 'lr': '0.0002', 'total_loss': '0.0181092', 'main_loss': '0.00210917', 'aux_loss': '16', 'time_per_step': '0.594052'}
2025-09-24 12:54:31,673 - train_greyscale_Pos_MoE.py - {'step': '160900', 'lr': '0.0002', 'total_loss': '0.0179437', 'main_loss': '0.00194371', 'aux_loss': '16', 'time_per_step': '0.619344'}
2025-09-24 12:56:46,991 - train_greyscale_Pos_MoE.py - {'step': '161000', 'lr': '0.0002', 'total_loss': '0.0179586', 'main_loss': '0.00195857', 'aux_loss': '16', 'time_per_step': '0.614801'}
2025-09-24 12:59:03,113 - train_greyscale_Pos_MoE.py - {'step': '161100', 'lr': '0.0002', 'total_loss': '0.0178002', 'main_loss': '0.00180024', 'aux_loss': '16', 'time_per_step': '0.588357'}
2025-09-24 13:01:16,157 - train_greyscale_Pos_MoE.py - {'step': '161200', 'lr': '0.0002', 'total_loss': '0.0187012', 'main_loss': '0.00270123', 'aux_loss': '16', 'time_per_step': '0.521864'}
2025-09-24 13:03:34,403 - train_greyscale_Pos_MoE.py - {'step': '161300', 'lr': '0.0002', 'total_loss': '0.018316', 'main_loss': '0.00231599', 'aux_loss': '16', 'time_per_step': '0.599698'}
2025-09-24 13:05:50,266 - train_greyscale_Pos_MoE.py - {'step': '161400', 'lr': '0.0002', 'total_loss': '0.01802', 'main_loss': '0.00201999', 'aux_loss': '16', 'time_per_step': '0.651759'}
2025-09-24 13:08:06,369 - train_greyscale_Pos_MoE.py - {'step': '161500', 'lr': '0.0002', 'total_loss': '0.018074', 'main_loss': '0.00207401', 'aux_loss': '16', 'time_per_step': '0.58376'}
2025-09-24 13:10:21,931 - train_greyscale_Pos_MoE.py - {'step': '161600', 'lr': '0.0002', 'total_loss': '0.0176711', 'main_loss': '0.00167105', 'aux_loss': '16', 'time_per_step': '0.604516'}
2025-09-24 13:12:37,969 - train_greyscale_Pos_MoE.py - {'step': '161700', 'lr': '0.0002', 'total_loss': '0.0179876', 'main_loss': '0.00198757', 'aux_loss': '16', 'time_per_step': '0.570267'}
2025-09-24 13:14:53,566 - train_greyscale_Pos_MoE.py - {'step': '161800', 'lr': '0.0002', 'total_loss': '0.0186005', 'main_loss': '0.00260053', 'aux_loss': '16', 'time_per_step': '0.583703'}
2025-09-24 13:17:09,533 - train_greyscale_Pos_MoE.py - {'step': '161900', 'lr': '0.0002', 'total_loss': '0.0176656', 'main_loss': '0.00166565', 'aux_loss': '16', 'time_per_step': '0.610983'}
2025-09-24 13:19:25,133 - train_greyscale_Pos_MoE.py - {'step': '162000', 'lr': '0.0002', 'total_loss': '0.0180495', 'main_loss': '0.00204954', 'aux_loss': '16', 'time_per_step': '0.599085'}
2025-09-24 13:21:40,770 - train_greyscale_Pos_MoE.py - {'step': '162100', 'lr': '0.0002', 'total_loss': '0.0179293', 'main_loss': '0.00192931', 'aux_loss': '16', 'time_per_step': '0.573084'}
2025-09-24 13:23:56,281 - train_greyscale_Pos_MoE.py - {'step': '162200', 'lr': '0.0002', 'total_loss': '0.0182567', 'main_loss': '0.00225675', 'aux_loss': '16', 'time_per_step': '0.594561'}
2025-09-24 13:26:12,128 - train_greyscale_Pos_MoE.py - {'step': '162300', 'lr': '0.0002', 'total_loss': '0.017947', 'main_loss': '0.00194699', 'aux_loss': '16', 'time_per_step': '0.583905'}
2025-09-24 13:28:26,197 - train_greyscale_Pos_MoE.py - {'step': '162400', 'lr': '0.0002', 'total_loss': '0.0181115', 'main_loss': '0.0021115', 'aux_loss': '16', 'time_per_step': '0.520699'}
2025-09-24 13:30:44,700 - train_greyscale_Pos_MoE.py - {'step': '162500', 'lr': '0.0002', 'total_loss': '0.0183571', 'main_loss': '0.00235706', 'aux_loss': '16', 'time_per_step': '0.590676'}
2025-09-24 13:32:59,982 - train_greyscale_Pos_MoE.py - {'step': '162600', 'lr': '0.0002', 'total_loss': '0.0178793', 'main_loss': '0.00187929', 'aux_loss': '16', 'time_per_step': '0.604296'}
2025-09-24 13:35:15,903 - train_greyscale_Pos_MoE.py - {'step': '162700', 'lr': '0.0002', 'total_loss': '0.0179037', 'main_loss': '0.0019037', 'aux_loss': '16', 'time_per_step': '0.589017'}
2025-09-24 13:37:31,334 - train_greyscale_Pos_MoE.py - {'step': '162800', 'lr': '0.0002', 'total_loss': '0.0177026', 'main_loss': '0.00170259', 'aux_loss': '16', 'time_per_step': '0.623573'}
2025-09-24 13:39:47,221 - train_greyscale_Pos_MoE.py - {'step': '162900', 'lr': '0.0002', 'total_loss': '0.0181349', 'main_loss': '0.00213494', 'aux_loss': '16', 'time_per_step': '0.853223'}
2025-09-24 13:42:02,731 - train_greyscale_Pos_MoE.py - {'step': '163000', 'lr': '0.0002', 'total_loss': '0.018239', 'main_loss': '0.002239', 'aux_loss': '16', 'time_per_step': '0.631426'}
2025-09-24 13:44:18,528 - train_greyscale_Pos_MoE.py - {'step': '163100', 'lr': '0.0002', 'total_loss': '0.0187543', 'main_loss': '0.00275431', 'aux_loss': '16', 'time_per_step': '0.620077'}
2025-09-24 13:46:34,978 - train_greyscale_Pos_MoE.py - {'step': '163200', 'lr': '0.0002', 'total_loss': '0.0178931', 'main_loss': '0.00189307', 'aux_loss': '16', 'time_per_step': '0.600807'}
2025-09-24 13:48:50,420 - train_greyscale_Pos_MoE.py - {'step': '163300', 'lr': '0.0002', 'total_loss': '0.0182153', 'main_loss': '0.00221529', 'aux_loss': '16', 'time_per_step': '0.629421'}
2025-09-24 13:51:05,879 - train_greyscale_Pos_MoE.py - {'step': '163400', 'lr': '0.0002', 'total_loss': '0.0180618', 'main_loss': '0.00206183', 'aux_loss': '16', 'time_per_step': '0.61097'}
2025-09-24 13:53:21,271 - train_greyscale_Pos_MoE.py - {'step': '163500', 'lr': '0.0002', 'total_loss': '0.0178518', 'main_loss': '0.00185184', 'aux_loss': '16', 'time_per_step': '0.60121'}
2025-09-24 13:55:35,017 - train_greyscale_Pos_MoE.py - {'step': '163600', 'lr': '0.0002', 'total_loss': '0.0179904', 'main_loss': '0.0019904', 'aux_loss': '16', 'time_per_step': '0.520268'}
2025-09-24 13:57:53,531 - train_greyscale_Pos_MoE.py - {'step': '163700', 'lr': '0.0002', 'total_loss': '0.0178002', 'main_loss': '0.00180017', 'aux_loss': '16', 'time_per_step': '0.575067'}
2025-09-24 14:00:09,298 - train_greyscale_Pos_MoE.py - {'step': '163800', 'lr': '0.0002', 'total_loss': '0.0177588', 'main_loss': '0.00175881', 'aux_loss': '16', 'time_per_step': '0.623084'}
2025-09-24 14:02:25,859 - train_greyscale_Pos_MoE.py - {'step': '163900', 'lr': '0.0002', 'total_loss': '0.0178207', 'main_loss': '0.00182074', 'aux_loss': '16', 'time_per_step': '0.596241'}
2025-09-24 14:04:42,268 - train_greyscale_Pos_MoE.py - {'step': '164000', 'lr': '0.0002', 'total_loss': '0.0178014', 'main_loss': '0.00180135', 'aux_loss': '16', 'time_per_step': '0.590676'}
2025-09-24 14:06:58,112 - train_greyscale_Pos_MoE.py - {'step': '164100', 'lr': '0.0002', 'total_loss': '0.0178516', 'main_loss': '0.00185157', 'aux_loss': '16', 'time_per_step': '0.612675'}
2025-09-24 14:09:13,487 - train_greyscale_Pos_MoE.py - {'step': '164200', 'lr': '0.0002', 'total_loss': '0.0186641', 'main_loss': '0.0026641', 'aux_loss': '16', 'time_per_step': '0.609869'}
2025-09-24 14:11:29,099 - train_greyscale_Pos_MoE.py - {'step': '164300', 'lr': '0.0002', 'total_loss': '0.0181445', 'main_loss': '0.00214449', 'aux_loss': '16', 'time_per_step': '0.608807'}
2025-09-24 14:13:45,153 - train_greyscale_Pos_MoE.py - {'step': '164400', 'lr': '0.0002', 'total_loss': '0.0183765', 'main_loss': '0.00237647', 'aux_loss': '16', 'time_per_step': '0.574332'}
2025-09-24 14:16:00,938 - train_greyscale_Pos_MoE.py - {'step': '164500', 'lr': '0.0002', 'total_loss': '0.0179478', 'main_loss': '0.00194777', 'aux_loss': '16', 'time_per_step': '0.599921'}
2025-09-24 14:18:16,682 - train_greyscale_Pos_MoE.py - {'step': '164600', 'lr': '0.0002', 'total_loss': '0.0176437', 'main_loss': '0.00164374', 'aux_loss': '16', 'time_per_step': '0.577038'}
2025-09-24 14:20:32,757 - train_greyscale_Pos_MoE.py - {'step': '164700', 'lr': '0.0002', 'total_loss': '0.0186437', 'main_loss': '0.00264368', 'aux_loss': '16', 'time_per_step': '0.610048'}
2025-09-24 14:22:46,407 - train_greyscale_Pos_MoE.py - {'step': '164800', 'lr': '0.0002', 'total_loss': '0.0179596', 'main_loss': '0.00195957', 'aux_loss': '16', 'time_per_step': '0.519635'}
2025-09-24 14:25:04,585 - train_greyscale_Pos_MoE.py - {'step': '164900', 'lr': '0.0002', 'total_loss': '0.0182898', 'main_loss': '0.00228977', 'aux_loss': '16', 'time_per_step': '0.599138'}
2025-09-24 14:27:19,663 - train_greyscale_Pos_MoE.py - {'step': '165000', 'lr': '0.0002', 'total_loss': '0.017769', 'main_loss': '0.00176896', 'aux_loss': '16', 'time_per_step': '0.638367'}
2025-09-24 14:29:36,226 - train_greyscale_Pos_MoE.py - {'step': '165100', 'lr': '0.0002', 'total_loss': '0.017876', 'main_loss': '0.00187602', 'aux_loss': '16', 'time_per_step': '0.601187'}
2025-09-24 14:31:51,825 - train_greyscale_Pos_MoE.py - {'step': '165200', 'lr': '0.0002', 'total_loss': '0.0180883', 'main_loss': '0.00208832', 'aux_loss': '16', 'time_per_step': '0.573895'}
2025-09-24 14:34:08,263 - train_greyscale_Pos_MoE.py - {'step': '165300', 'lr': '0.0002', 'total_loss': '0.018144', 'main_loss': '0.00214404', 'aux_loss': '16', 'time_per_step': '0.610071'}
2025-09-24 14:36:23,785 - train_greyscale_Pos_MoE.py - {'step': '165400', 'lr': '0.0002', 'total_loss': '0.0182924', 'main_loss': '0.00229245', 'aux_loss': '16', 'time_per_step': '0.583151'}
2025-09-24 14:38:39,607 - train_greyscale_Pos_MoE.py - {'step': '165500', 'lr': '0.0002', 'total_loss': '0.0175818', 'main_loss': '0.00158179', 'aux_loss': '16', 'time_per_step': '0.601885'}
2025-09-24 14:40:55,276 - train_greyscale_Pos_MoE.py - {'step': '165600', 'lr': '0.0002', 'total_loss': '0.017949', 'main_loss': '0.00194897', 'aux_loss': '16', 'time_per_step': '0.617942'}
2025-09-24 14:43:11,500 - train_greyscale_Pos_MoE.py - {'step': '165700', 'lr': '0.0002', 'total_loss': '0.0181913', 'main_loss': '0.00219125', 'aux_loss': '16', 'time_per_step': '0.650393'}
2025-09-24 14:45:26,536 - train_greyscale_Pos_MoE.py - {'step': '165800', 'lr': '0.0002', 'total_loss': '0.0181347', 'main_loss': '0.00213467', 'aux_loss': '16', 'time_per_step': '0.565372'}
2025-09-24 14:47:42,539 - train_greyscale_Pos_MoE.py - {'step': '165900', 'lr': '0.0002', 'total_loss': '0.0173935', 'main_loss': '0.00139346', 'aux_loss': '16', 'time_per_step': '0.61498'}
2025-09-24 14:49:55,884 - train_greyscale_Pos_MoE.py - {'step': '166000', 'lr': '0.0002', 'total_loss': '0.0186011', 'main_loss': '0.00260115', 'aux_loss': '16', 'time_per_step': '0.521512'}
2025-09-24 14:52:14,281 - train_greyscale_Pos_MoE.py - {'step': '166100', 'lr': '0.0002', 'total_loss': '0.0183721', 'main_loss': '0.00237212', 'aux_loss': '16', 'time_per_step': '0.58678'}
2025-09-24 14:54:30,283 - train_greyscale_Pos_MoE.py - {'step': '166200', 'lr': '0.0002', 'total_loss': '0.0185599', 'main_loss': '0.00255987', 'aux_loss': '16', 'time_per_step': '0.593382'}
2025-09-24 14:56:46,093 - train_greyscale_Pos_MoE.py - {'step': '166300', 'lr': '0.0002', 'total_loss': '0.0182338', 'main_loss': '0.00223384', 'aux_loss': '16', 'time_per_step': '0.598515'}
2025-09-24 14:59:01,776 - train_greyscale_Pos_MoE.py - {'step': '166400', 'lr': '0.0002', 'total_loss': '0.0181559', 'main_loss': '0.00215589', 'aux_loss': '16', 'time_per_step': '0.615942'}
2025-09-24 15:01:17,461 - train_greyscale_Pos_MoE.py - {'step': '166500', 'lr': '0.0002', 'total_loss': '0.0184483', 'main_loss': '0.00244834', 'aux_loss': '16', 'time_per_step': '0.604234'}
2025-09-24 15:03:33,157 - train_greyscale_Pos_MoE.py - {'step': '166600', 'lr': '0.0002', 'total_loss': '0.0178313', 'main_loss': '0.00183133', 'aux_loss': '16', 'time_per_step': '0.582991'}
2025-09-24 15:05:49,006 - train_greyscale_Pos_MoE.py - {'step': '166700', 'lr': '0.0002', 'total_loss': '0.0184845', 'main_loss': '0.00248447', 'aux_loss': '16', 'time_per_step': '0.58752'}
2025-09-24 15:08:05,127 - train_greyscale_Pos_MoE.py - {'step': '166800', 'lr': '0.0002', 'total_loss': '0.017752', 'main_loss': '0.00175195', 'aux_loss': '16', 'time_per_step': '0.626547'}
2025-09-24 15:10:20,708 - train_greyscale_Pos_MoE.py - {'step': '166900', 'lr': '0.0002', 'total_loss': '0.0182729', 'main_loss': '0.00227292', 'aux_loss': '16', 'time_per_step': '0.598137'}
2025-09-24 15:12:36,745 - train_greyscale_Pos_MoE.py - {'step': '167000', 'lr': '0.0002', 'total_loss': '0.0177415', 'main_loss': '0.00174148', 'aux_loss': '16', 'time_per_step': '0.583159'}
2025-09-24 15:14:52,608 - train_greyscale_Pos_MoE.py - {'step': '167100', 'lr': '0.0002', 'total_loss': '0.0178191', 'main_loss': '0.00181905', 'aux_loss': '16', 'time_per_step': '0.597674'}
2025-09-24 15:17:05,949 - train_greyscale_Pos_MoE.py - {'step': '167200', 'lr': '0.0002', 'total_loss': '0.0176367', 'main_loss': '0.00163668', 'aux_loss': '16', 'time_per_step': '0.521336'}
2025-09-24 15:19:24,933 - train_greyscale_Pos_MoE.py - {'step': '167300', 'lr': '0.0002', 'total_loss': '0.0185684', 'main_loss': '0.00256835', 'aux_loss': '16', 'time_per_step': '0.645677'}
2025-09-24 15:21:41,528 - train_greyscale_Pos_MoE.py - {'step': '167400', 'lr': '0.0002', 'total_loss': '0.0182019', 'main_loss': '0.00220192', 'aux_loss': '16', 'time_per_step': '0.565452'}
2025-09-24 15:23:58,058 - train_greyscale_Pos_MoE.py - {'step': '167500', 'lr': '0.0002', 'total_loss': '0.0175888', 'main_loss': '0.00158876', 'aux_loss': '16', 'time_per_step': '0.562542'}
2025-09-24 15:26:14,576 - train_greyscale_Pos_MoE.py - {'step': '167600', 'lr': '0.0002', 'total_loss': '0.0175068', 'main_loss': '0.00150679', 'aux_loss': '16', 'time_per_step': '0.614644'}
2025-09-24 15:28:30,842 - train_greyscale_Pos_MoE.py - {'step': '167700', 'lr': '0.0002', 'total_loss': '0.0183342', 'main_loss': '0.00233424', 'aux_loss': '16', 'time_per_step': '0.598913'}
2025-09-24 15:30:46,396 - train_greyscale_Pos_MoE.py - {'step': '167800', 'lr': '0.0002', 'total_loss': '0.0176972', 'main_loss': '0.00169718', 'aux_loss': '16', 'time_per_step': '0.570578'}
2025-09-24 15:33:02,522 - train_greyscale_Pos_MoE.py - {'step': '167900', 'lr': '0.0002', 'total_loss': '0.0179061', 'main_loss': '0.00190614', 'aux_loss': '16', 'time_per_step': '0.593454'}
2025-09-24 15:35:19,310 - train_greyscale_Pos_MoE.py - {'step': '168000', 'lr': '0.0002', 'total_loss': '0.0179442', 'main_loss': '0.00194418', 'aux_loss': '16', 'time_per_step': '0.560783'}
2025-09-24 15:37:36,190 - train_greyscale_Pos_MoE.py - {'step': '168100', 'lr': '0.0002', 'total_loss': '0.0186669', 'main_loss': '0.00266686', 'aux_loss': '16', 'time_per_step': '0.590828'}
2025-09-24 15:39:52,670 - train_greyscale_Pos_MoE.py - {'step': '168200', 'lr': '0.0002', 'total_loss': '0.017947', 'main_loss': '0.00194703', 'aux_loss': '16', 'time_per_step': '0.576289'}
2025-09-24 15:42:08,605 - train_greyscale_Pos_MoE.py - {'step': '168300', 'lr': '0.0002', 'total_loss': '0.0176772', 'main_loss': '0.00167718', 'aux_loss': '16', 'time_per_step': '0.614526'}
2025-09-24 15:44:23,447 - train_greyscale_Pos_MoE.py - {'step': '168400', 'lr': '0.0002', 'total_loss': '0.0181108', 'main_loss': '0.00211078', 'aux_loss': '16', 'time_per_step': '0.521563'}
2025-09-24 15:46:42,141 - train_greyscale_Pos_MoE.py - {'step': '168500', 'lr': '0.0002', 'total_loss': '0.018551', 'main_loss': '0.00255098', 'aux_loss': '16', 'time_per_step': '0.605795'}
2025-09-24 15:48:58,388 - train_greyscale_Pos_MoE.py - {'step': '168600', 'lr': '0.0002', 'total_loss': '0.0178439', 'main_loss': '0.00184393', 'aux_loss': '16', 'time_per_step': '0.58638'}
2025-09-24 15:51:14,650 - train_greyscale_Pos_MoE.py - {'step': '168700', 'lr': '0.0002', 'total_loss': '0.0178588', 'main_loss': '0.00185876', 'aux_loss': '16', 'time_per_step': '0.580393'}
2025-09-24 15:53:30,423 - train_greyscale_Pos_MoE.py - {'step': '168800', 'lr': '0.0002', 'total_loss': '0.0176413', 'main_loss': '0.00164127', 'aux_loss': '16', 'time_per_step': '0.571962'}
2025-09-24 15:55:46,994 - train_greyscale_Pos_MoE.py - {'step': '168900', 'lr': '0.0002', 'total_loss': '0.0178692', 'main_loss': '0.00186924', 'aux_loss': '16', 'time_per_step': '0.607856'}
2025-09-24 15:58:02,588 - train_greyscale_Pos_MoE.py - {'step': '169000', 'lr': '0.0002', 'total_loss': '0.0184227', 'main_loss': '0.00242272', 'aux_loss': '16', 'time_per_step': '0.587107'}
2025-09-24 16:00:17,884 - train_greyscale_Pos_MoE.py - {'step': '169100', 'lr': '0.0002', 'total_loss': '0.0177936', 'main_loss': '0.00179363', 'aux_loss': '16', 'time_per_step': '0.625992'}
2025-09-24 16:02:33,213 - train_greyscale_Pos_MoE.py - {'step': '169200', 'lr': '0.0002', 'total_loss': '0.0177764', 'main_loss': '0.00177638', 'aux_loss': '16', 'time_per_step': '0.595772'}
2025-09-24 16:04:49,011 - train_greyscale_Pos_MoE.py - {'step': '169300', 'lr': '0.0002', 'total_loss': '0.0185664', 'main_loss': '0.00256641', 'aux_loss': '16', 'time_per_step': '0.603393'}
2025-09-24 16:07:04,432 - train_greyscale_Pos_MoE.py - {'step': '169400', 'lr': '0.0002', 'total_loss': '0.0181296', 'main_loss': '0.00212963', 'aux_loss': '16', 'time_per_step': '0.620528'}
2025-09-24 16:09:20,579 - train_greyscale_Pos_MoE.py - {'step': '169500', 'lr': '0.0002', 'total_loss': '0.0177919', 'main_loss': '0.00179186', 'aux_loss': '16', 'time_per_step': '0.614733'}
2025-09-24 16:11:34,164 - train_greyscale_Pos_MoE.py - {'step': '169600', 'lr': '0.0002', 'total_loss': '0.0180249', 'main_loss': '0.00202493', 'aux_loss': '16', 'time_per_step': '0.543704'}
2025-09-24 16:13:53,148 - train_greyscale_Pos_MoE.py - {'step': '169700', 'lr': '0.0002', 'total_loss': '0.0175792', 'main_loss': '0.00157918', 'aux_loss': '16', 'time_per_step': '0.600551'}
2025-09-24 16:16:09,129 - train_greyscale_Pos_MoE.py - {'step': '169800', 'lr': '0.0002', 'total_loss': '0.0182395', 'main_loss': '0.00223951', 'aux_loss': '16', 'time_per_step': '0.575563'}
2025-09-24 16:18:25,462 - train_greyscale_Pos_MoE.py - {'step': '169900', 'lr': '0.0002', 'total_loss': '0.0183843', 'main_loss': '0.00238433', 'aux_loss': '16', 'time_per_step': '0.590039'}
2025-09-24 16:20:42,143 - train_greyscale_Pos_MoE.py - {'step': '170000', 'lr': '0.0002', 'total_loss': '0.0183454', 'main_loss': '0.00234541', 'aux_loss': '16', 'time_per_step': '0.616588'}
2025-09-24 16:22:57,896 - train_greyscale_Pos_MoE.py - {'step': '170100', 'lr': '0.0002', 'total_loss': '0.0184988', 'main_loss': '0.0024988', 'aux_loss': '16', 'time_per_step': '0.571029'}
2025-09-24 16:25:13,407 - train_greyscale_Pos_MoE.py - {'step': '170200', 'lr': '0.0002', 'total_loss': '0.0177338', 'main_loss': '0.00173378', 'aux_loss': '16', 'time_per_step': '0.60865'}
2025-09-24 16:27:29,568 - train_greyscale_Pos_MoE.py - {'step': '170300', 'lr': '0.0002', 'total_loss': '0.0176924', 'main_loss': '0.00169242', 'aux_loss': '16', 'time_per_step': '0.624336'}
2025-09-24 16:29:45,554 - train_greyscale_Pos_MoE.py - {'step': '170400', 'lr': '0.0002', 'total_loss': '0.0184677', 'main_loss': '0.0024677', 'aux_loss': '16', 'time_per_step': '0.568624'}
2025-09-24 16:32:03,920 - train_greyscale_Pos_MoE.py - {'step': '170500', 'lr': '0.0002', 'total_loss': '0.0178599', 'main_loss': '0.00185991', 'aux_loss': '16', 'time_per_step': '1.80023'}
2025-09-24 16:34:18,371 - train_greyscale_Pos_MoE.py - {'step': '170600', 'lr': '0.0002', 'total_loss': '0.0181944', 'main_loss': '0.00219441', 'aux_loss': '16', 'time_per_step': '0.622238'}
2025-09-24 16:36:34,489 - train_greyscale_Pos_MoE.py - {'step': '170700', 'lr': '0.0002', 'total_loss': '0.0179455', 'main_loss': '0.0019455', 'aux_loss': '16', 'time_per_step': '0.573247'}
2025-09-24 16:38:48,741 - train_greyscale_Pos_MoE.py - {'step': '170800', 'lr': '0.0002', 'total_loss': '0.0183185', 'main_loss': '0.00231851', 'aux_loss': '16', 'time_per_step': '0.521783'}
2025-09-24 16:41:07,809 - train_greyscale_Pos_MoE.py - {'step': '170900', 'lr': '0.0002', 'total_loss': '0.0181624', 'main_loss': '0.00216238', 'aux_loss': '16', 'time_per_step': '0.635141'}
2025-09-24 16:43:24,703 - train_greyscale_Pos_MoE.py - {'step': '171000', 'lr': '0.0002', 'total_loss': '0.0177597', 'main_loss': '0.00175971', 'aux_loss': '16', 'time_per_step': '0.606576'}
2025-09-24 16:45:40,868 - train_greyscale_Pos_MoE.py - {'step': '171100', 'lr': '0.0002', 'total_loss': '0.0184758', 'main_loss': '0.00247577', 'aux_loss': '16', 'time_per_step': '0.575893'}
2025-09-24 16:47:56,556 - train_greyscale_Pos_MoE.py - {'step': '171200', 'lr': '0.0002', 'total_loss': '0.0179918', 'main_loss': '0.0019918', 'aux_loss': '16', 'time_per_step': '0.636693'}
2025-09-24 16:50:12,436 - train_greyscale_Pos_MoE.py - {'step': '171300', 'lr': '0.0002', 'total_loss': '0.0182181', 'main_loss': '0.00221815', 'aux_loss': '16', 'time_per_step': '0.613999'}
2025-09-24 16:52:28,793 - train_greyscale_Pos_MoE.py - {'step': '171400', 'lr': '0.0002', 'total_loss': '0.0183246', 'main_loss': '0.0023246', 'aux_loss': '16', 'time_per_step': '0.584708'}
2025-09-24 16:54:45,155 - train_greyscale_Pos_MoE.py - {'step': '171500', 'lr': '0.0002', 'total_loss': '0.0180354', 'main_loss': '0.00203541', 'aux_loss': '16', 'time_per_step': '0.581366'}
2025-09-24 16:57:01,980 - train_greyscale_Pos_MoE.py - {'step': '171600', 'lr': '0.0002', 'total_loss': '0.0178876', 'main_loss': '0.00188756', 'aux_loss': '16', 'time_per_step': '0.588664'}
2025-09-24 16:59:18,041 - train_greyscale_Pos_MoE.py - {'step': '171700', 'lr': '0.0002', 'total_loss': '0.0183406', 'main_loss': '0.00234061', 'aux_loss': '16', 'time_per_step': '0.561074'}
2025-09-24 17:01:34,477 - train_greyscale_Pos_MoE.py - {'step': '171800', 'lr': '0.0002', 'total_loss': '0.0177978', 'main_loss': '0.00179779', 'aux_loss': '16', 'time_per_step': '0.599181'}
2025-09-24 17:03:49,602 - train_greyscale_Pos_MoE.py - {'step': '171900', 'lr': '0.0002', 'total_loss': '0.0174585', 'main_loss': '0.00145852', 'aux_loss': '16', 'time_per_step': '0.59823'}
2025-09-24 17:06:04,053 - train_greyscale_Pos_MoE.py - {'step': '172000', 'lr': '0.0002', 'total_loss': '0.0183766', 'main_loss': '0.00237657', 'aux_loss': '16', 'time_per_step': '0.531869'}
2025-09-24 17:08:22,978 - train_greyscale_Pos_MoE.py - {'step': '172100', 'lr': '0.0002', 'total_loss': '0.0185758', 'main_loss': '0.00257584', 'aux_loss': '16', 'time_per_step': '0.639238'}
2025-09-24 17:10:39,055 - train_greyscale_Pos_MoE.py - {'step': '172200', 'lr': '0.0002', 'total_loss': '0.0180297', 'main_loss': '0.00202967', 'aux_loss': '16', 'time_per_step': '0.605051'}
2025-09-24 17:12:56,983 - train_greyscale_Pos_MoE.py - {'step': '172300', 'lr': '0.0002', 'total_loss': '0.0179672', 'main_loss': '0.00196718', 'aux_loss': '16', 'time_per_step': '0.573624'}
2025-09-24 17:15:12,804 - train_greyscale_Pos_MoE.py - {'step': '172400', 'lr': '0.0002', 'total_loss': '0.0180277', 'main_loss': '0.00202773', 'aux_loss': '16', 'time_per_step': '0.640234'}
2025-09-24 17:17:28,856 - train_greyscale_Pos_MoE.py - {'step': '172500', 'lr': '0.0002', 'total_loss': '0.0179677', 'main_loss': '0.00196765', 'aux_loss': '16', 'time_per_step': '0.588242'}
2025-09-24 17:19:45,313 - train_greyscale_Pos_MoE.py - {'step': '172600', 'lr': '0.0002', 'total_loss': '0.0183368', 'main_loss': '0.00233684', 'aux_loss': '16', 'time_per_step': '0.589941'}
2025-09-24 17:22:01,430 - train_greyscale_Pos_MoE.py - {'step': '172700', 'lr': '0.0002', 'total_loss': '0.0175715', 'main_loss': '0.0015715', 'aux_loss': '16', 'time_per_step': '0.605672'}
2025-09-24 17:24:17,883 - train_greyscale_Pos_MoE.py - {'step': '172800', 'lr': '0.0002', 'total_loss': '0.0180441', 'main_loss': '0.00204415', 'aux_loss': '16', 'time_per_step': '0.562831'}
2025-09-24 17:26:32,900 - train_greyscale_Pos_MoE.py - {'step': '172900', 'lr': '0.0002', 'total_loss': '0.0180259', 'main_loss': '0.00202592', 'aux_loss': '16', 'time_per_step': '0.566421'}
2025-09-24 17:28:48,365 - train_greyscale_Pos_MoE.py - {'step': '173000', 'lr': '0.0002', 'total_loss': '0.0175487', 'main_loss': '0.0015487', 'aux_loss': '16', 'time_per_step': '0.605956'}
2025-09-24 17:31:04,763 - train_greyscale_Pos_MoE.py - {'step': '173100', 'lr': '0.0002', 'total_loss': '0.0182224', 'main_loss': '0.00222242', 'aux_loss': '16', 'time_per_step': '0.604883'}
2025-09-24 17:33:19,422 - train_greyscale_Pos_MoE.py - {'step': '173200', 'lr': '0.0002', 'total_loss': '0.0180257', 'main_loss': '0.00202575', 'aux_loss': '16', 'time_per_step': '0.523954'}
2025-09-24 17:35:38,265 - train_greyscale_Pos_MoE.py - {'step': '173300', 'lr': '0.0002', 'total_loss': '0.0181291', 'main_loss': '0.00212913', 'aux_loss': '16', 'time_per_step': '0.605897'}
2025-09-24 17:37:54,905 - train_greyscale_Pos_MoE.py - {'step': '173400', 'lr': '0.0002', 'total_loss': '0.0179033', 'main_loss': '0.00190329', 'aux_loss': '16', 'time_per_step': '0.599338'}
2025-09-24 17:40:11,470 - train_greyscale_Pos_MoE.py - {'step': '173500', 'lr': '0.0002', 'total_loss': '0.0180696', 'main_loss': '0.00206956', 'aux_loss': '16', 'time_per_step': '0.831945'}
2025-09-24 17:42:26,948 - train_greyscale_Pos_MoE.py - {'step': '173600', 'lr': '0.0002', 'total_loss': '0.0178776', 'main_loss': '0.00187758', 'aux_loss': '16', 'time_per_step': '0.594106'}
2025-09-24 17:44:43,158 - train_greyscale_Pos_MoE.py - {'step': '173700', 'lr': '0.0002', 'total_loss': '0.0184794', 'main_loss': '0.0024794', 'aux_loss': '16', 'time_per_step': '0.569902'}
2025-09-24 17:46:59,775 - train_greyscale_Pos_MoE.py - {'step': '173800', 'lr': '0.0002', 'total_loss': '0.0182427', 'main_loss': '0.00224266', 'aux_loss': '16', 'time_per_step': '0.594874'}
2025-09-24 17:49:16,352 - train_greyscale_Pos_MoE.py - {'step': '173900', 'lr': '0.0002', 'total_loss': '0.0182401', 'main_loss': '0.00224014', 'aux_loss': '16', 'time_per_step': '0.607507'}
2025-09-24 17:51:32,481 - train_greyscale_Pos_MoE.py - {'step': '174000', 'lr': '0.0002', 'total_loss': '0.0177628', 'main_loss': '0.00176283', 'aux_loss': '16', 'time_per_step': '0.631152'}
2025-09-24 17:53:48,291 - train_greyscale_Pos_MoE.py - {'step': '174100', 'lr': '0.0002', 'total_loss': '0.0183733', 'main_loss': '0.00237328', 'aux_loss': '16', 'time_per_step': '0.563158'}
2025-09-24 17:56:03,846 - train_greyscale_Pos_MoE.py - {'step': '174200', 'lr': '0.0002', 'total_loss': '0.0183072', 'main_loss': '0.00230722', 'aux_loss': '16', 'time_per_step': '0.583566'}
2025-09-24 17:58:19,953 - train_greyscale_Pos_MoE.py - {'step': '174300', 'lr': '0.0002', 'total_loss': '0.0181945', 'main_loss': '0.00219447', 'aux_loss': '16', 'time_per_step': '0.593685'}
2025-09-24 18:00:33,972 - train_greyscale_Pos_MoE.py - {'step': '174400', 'lr': '0.0002', 'total_loss': '0.0176899', 'main_loss': '0.00168989', 'aux_loss': '16', 'time_per_step': '0.524272'}
2025-09-24 18:02:52,772 - train_greyscale_Pos_MoE.py - {'step': '174500', 'lr': '0.0002', 'total_loss': '0.0178363', 'main_loss': '0.00183634', 'aux_loss': '16', 'time_per_step': '0.614648'}
2025-09-24 18:05:08,596 - train_greyscale_Pos_MoE.py - {'step': '174600', 'lr': '0.0002', 'total_loss': '0.0181216', 'main_loss': '0.00212158', 'aux_loss': '16', 'time_per_step': '0.585586'}
2025-09-24 18:07:24,711 - train_greyscale_Pos_MoE.py - {'step': '174700', 'lr': '0.0002', 'total_loss': '0.0181811', 'main_loss': '0.00218108', 'aux_loss': '16', 'time_per_step': '0.584232'}
2025-09-24 18:09:41,056 - train_greyscale_Pos_MoE.py - {'step': '174800', 'lr': '0.0002', 'total_loss': '0.0177685', 'main_loss': '0.00176854', 'aux_loss': '16', 'time_per_step': '0.593088'}
2025-09-24 18:11:57,386 - train_greyscale_Pos_MoE.py - {'step': '174900', 'lr': '0.0002', 'total_loss': '0.0180498', 'main_loss': '0.00204984', 'aux_loss': '16', 'time_per_step': '0.567847'}
2025-09-24 18:14:13,448 - train_greyscale_Pos_MoE.py - {'step': '175000', 'lr': '0.0002', 'total_loss': '0.018375', 'main_loss': '0.00237499', 'aux_loss': '16', 'time_per_step': '0.603739'}
2025-09-24 18:14:13,449 - train_greyscale_Pos_MoE.py - Save a grid of 16 samples into output/acdc_wholeheart_uncond_pos_moh_minmax_greyscale_uvit_mid_4by4/samples/175000.png by DPM-Solver
2025-09-24 18:14:16,452 - train_greyscale_Pos_MoE.py - Save and eval checkpoint 175000...
2025-09-24 18:14:18,370 - train_greyscale_Pos_MoE.py - eval_step: n_samples=50000, sample_steps=50, algorithm=dpm_solver, mini_batch_size=500, samples save into output/acdc_wholeheart_uncond_pos_moh_minmax_greyscale_uvit_mid_4by4/samples/acdc_wholeheart_uncond_uvit_Pos_MoH_minmax_greyscale_mid_4by4_175000_dpm
2025-09-24 18:31:56,388 - train_greyscale_Pos_MoE.py - step=175000 fid50000=142.5354752853179
2025-09-24 18:32:25,268 - train_greyscale_Pos_MoE.py - eval_step: n_samples=50000, sample_steps=100, algorithm=euler_maruyama_ode, mini_batch_size=500, samples save into output/acdc_wholeheart_uncond_pos_moh_minmax_greyscale_uvit_mid_4by4/samples/acdc_wholeheart_uncond_uvit_Pos_MoH_minmax_greyscale_mid_4by4_175000_euler
2025-09-24 19:01:53,920 - train_greyscale_Pos_MoE.py - step=175000 fid50000=142.89042484627095
2025-09-24 19:05:42,981 - train_greyscale_Pos_MoE.py - {'step': '175100', 'lr': '0.0002', 'total_loss': '0.0187725', 'main_loss': '0.00277253', 'aux_loss': '16', 'time_per_step': '0.589031'}
2025-09-24 19:07:59,026 - train_greyscale_Pos_MoE.py - {'step': '175200', 'lr': '0.0002', 'total_loss': '0.0181438', 'main_loss': '0.00214384', 'aux_loss': '16', 'time_per_step': '0.636142'}
2025-09-24 19:10:13,990 - train_greyscale_Pos_MoE.py - {'step': '175300', 'lr': '0.0002', 'total_loss': '0.0180593', 'main_loss': '0.00205928', 'aux_loss': '16', 'time_per_step': '0.580492'}
2025-09-24 19:12:29,471 - train_greyscale_Pos_MoE.py - {'step': '175400', 'lr': '0.0002', 'total_loss': '0.0179612', 'main_loss': '0.00196119', 'aux_loss': '16', 'time_per_step': '0.59383'}
2025-09-24 19:14:46,113 - train_greyscale_Pos_MoE.py - {'step': '175500', 'lr': '0.0002', 'total_loss': '0.0184052', 'main_loss': '0.00240522', 'aux_loss': '16', 'time_per_step': '0.565298'}
2025-09-24 19:16:59,852 - train_greyscale_Pos_MoE.py - {'step': '175600', 'lr': '0.0002', 'total_loss': '0.0181001', 'main_loss': '0.00210012', 'aux_loss': '16', 'time_per_step': '0.525107'}
2025-09-24 19:19:18,106 - train_greyscale_Pos_MoE.py - {'step': '175700', 'lr': '0.0002', 'total_loss': '0.017556', 'main_loss': '0.00155605', 'aux_loss': '16', 'time_per_step': '0.734209'}
2025-09-24 19:21:33,641 - train_greyscale_Pos_MoE.py - {'step': '175800', 'lr': '0.0002', 'total_loss': '0.0176104', 'main_loss': '0.00161035', 'aux_loss': '16', 'time_per_step': '0.603061'}
2025-09-24 19:23:48,900 - train_greyscale_Pos_MoE.py - {'step': '175900', 'lr': '0.0002', 'total_loss': '0.0180286', 'main_loss': '0.00202865', 'aux_loss': '16', 'time_per_step': '0.595324'}
2025-09-24 19:26:04,524 - train_greyscale_Pos_MoE.py - {'step': '176000', 'lr': '0.0002', 'total_loss': '0.0180091', 'main_loss': '0.0020091', 'aux_loss': '16', 'time_per_step': '0.617743'}
2025-09-24 19:28:20,550 - train_greyscale_Pos_MoE.py - {'step': '176100', 'lr': '0.0002', 'total_loss': '0.0182862', 'main_loss': '0.00228616', 'aux_loss': '16', 'time_per_step': '0.570847'}
2025-09-24 19:30:36,792 - train_greyscale_Pos_MoE.py - {'step': '176200', 'lr': '0.0002', 'total_loss': '0.018444', 'main_loss': '0.00244403', 'aux_loss': '16', 'time_per_step': '0.604827'}
2025-09-24 19:32:53,450 - train_greyscale_Pos_MoE.py - {'step': '176300', 'lr': '0.0002', 'total_loss': '0.0181396', 'main_loss': '0.0021396', 'aux_loss': '16', 'time_per_step': '0.619642'}
2025-09-24 19:35:09,405 - train_greyscale_Pos_MoE.py - {'step': '176400', 'lr': '0.0002', 'total_loss': '0.017493', 'main_loss': '0.00149305', 'aux_loss': '16', 'time_per_step': '0.599989'}
2025-09-24 19:37:24,480 - train_greyscale_Pos_MoE.py - {'step': '176500', 'lr': '0.0002', 'total_loss': '0.0182428', 'main_loss': '0.00224279', 'aux_loss': '16', 'time_per_step': '0.586182'}
2025-09-24 19:39:40,508 - train_greyscale_Pos_MoE.py - {'step': '176600', 'lr': '0.0002', 'total_loss': '0.0179968', 'main_loss': '0.0019968', 'aux_loss': '16', 'time_per_step': '0.582915'}
2025-09-24 19:41:56,495 - train_greyscale_Pos_MoE.py - {'step': '176700', 'lr': '0.0002', 'total_loss': '0.0181198', 'main_loss': '0.00211985', 'aux_loss': '16', 'time_per_step': '0.593249'}
2025-09-24 19:44:10,902 - train_greyscale_Pos_MoE.py - {'step': '176800', 'lr': '0.0002', 'total_loss': '0.0175942', 'main_loss': '0.00159417', 'aux_loss': '16', 'time_per_step': '0.722637'}
2025-09-24 19:46:29,777 - train_greyscale_Pos_MoE.py - {'step': '176900', 'lr': '0.0002', 'total_loss': '0.0183245', 'main_loss': '0.00232453', 'aux_loss': '16', 'time_per_step': '0.572264'}
2025-09-24 19:48:45,190 - train_greyscale_Pos_MoE.py - {'step': '177000', 'lr': '0.0002', 'total_loss': '0.0176449', 'main_loss': '0.00164488', 'aux_loss': '16', 'time_per_step': '0.604718'}
2025-09-24 19:51:00,571 - train_greyscale_Pos_MoE.py - {'step': '177100', 'lr': '0.0002', 'total_loss': '0.018105', 'main_loss': '0.00210505', 'aux_loss': '16', 'time_per_step': '0.597223'}
2025-09-24 19:53:16,007 - train_greyscale_Pos_MoE.py - {'step': '177200', 'lr': '0.0002', 'total_loss': '0.0187581', 'main_loss': '0.00275811', 'aux_loss': '16', 'time_per_step': '0.59843'}
2025-09-24 19:55:31,807 - train_greyscale_Pos_MoE.py - {'step': '177300', 'lr': '0.0002', 'total_loss': '0.0175916', 'main_loss': '0.00159159', 'aux_loss': '16', 'time_per_step': '0.590568'}
2025-09-24 19:57:48,034 - train_greyscale_Pos_MoE.py - {'step': '177400', 'lr': '0.0002', 'total_loss': '0.0182939', 'main_loss': '0.00229391', 'aux_loss': '16', 'time_per_step': '0.59991'}
2025-09-24 20:00:03,627 - train_greyscale_Pos_MoE.py - {'step': '177500', 'lr': '0.0002', 'total_loss': '0.0180901', 'main_loss': '0.00209013', 'aux_loss': '16', 'time_per_step': '0.588552'}
2025-09-24 20:02:19,177 - train_greyscale_Pos_MoE.py - {'step': '177600', 'lr': '0.0002', 'total_loss': '0.017928', 'main_loss': '0.00192804', 'aux_loss': '16', 'time_per_step': '0.62385'}
2025-09-24 20:04:35,156 - train_greyscale_Pos_MoE.py - {'step': '177700', 'lr': '0.0002', 'total_loss': '0.018126', 'main_loss': '0.00212601', 'aux_loss': '16', 'time_per_step': '0.582204'}
2025-09-24 20:06:50,922 - train_greyscale_Pos_MoE.py - {'step': '177800', 'lr': '0.0002', 'total_loss': '0.0180142', 'main_loss': '0.00201419', 'aux_loss': '16', 'time_per_step': '0.588041'}
2025-09-24 20:09:06,813 - train_greyscale_Pos_MoE.py - {'step': '177900', 'lr': '0.0002', 'total_loss': '0.017873', 'main_loss': '0.00187298', 'aux_loss': '16', 'time_per_step': '0.588071'}
2025-09-24 20:11:21,471 - train_greyscale_Pos_MoE.py - {'step': '178000', 'lr': '0.0002', 'total_loss': '0.0178237', 'main_loss': '0.00182373', 'aux_loss': '16', 'time_per_step': '0.522302'}
2025-09-24 20:13:40,214 - train_greyscale_Pos_MoE.py - {'step': '178100', 'lr': '0.0002', 'total_loss': '0.0181576', 'main_loss': '0.00215759', 'aux_loss': '16', 'time_per_step': '0.59372'}
2025-09-24 20:15:55,490 - train_greyscale_Pos_MoE.py - {'step': '178200', 'lr': '0.0002', 'total_loss': '0.0179714', 'main_loss': '0.00197136', 'aux_loss': '16', 'time_per_step': '0.59071'}
2025-09-24 20:18:11,152 - train_greyscale_Pos_MoE.py - {'step': '178300', 'lr': '0.0002', 'total_loss': '0.0181854', 'main_loss': '0.00218539', 'aux_loss': '16', 'time_per_step': '0.81509'}
2025-09-24 20:20:26,604 - train_greyscale_Pos_MoE.py - {'step': '178400', 'lr': '0.0002', 'total_loss': '0.0181715', 'main_loss': '0.00217147', 'aux_loss': '16', 'time_per_step': '0.61443'}
2025-09-24 20:22:42,861 - train_greyscale_Pos_MoE.py - {'step': '178500', 'lr': '0.0002', 'total_loss': '0.0178482', 'main_loss': '0.00184824', 'aux_loss': '16', 'time_per_step': '0.651542'}
2025-09-24 20:24:58,426 - train_greyscale_Pos_MoE.py - {'step': '178600', 'lr': '0.0002', 'total_loss': '0.0177143', 'main_loss': '0.00171428', 'aux_loss': '16', 'time_per_step': '0.597883'}
2025-09-24 20:27:13,791 - train_greyscale_Pos_MoE.py - {'step': '178700', 'lr': '0.0002', 'total_loss': '0.017958', 'main_loss': '0.001958', 'aux_loss': '16', 'time_per_step': '0.56779'}
2025-09-24 20:29:29,286 - train_greyscale_Pos_MoE.py - {'step': '178800', 'lr': '0.0002', 'total_loss': '0.0177254', 'main_loss': '0.00172542', 'aux_loss': '16', 'time_per_step': '0.619408'}
2025-09-24 20:31:44,814 - train_greyscale_Pos_MoE.py - {'step': '178900', 'lr': '0.0002', 'total_loss': '0.0185914', 'main_loss': '0.00259139', 'aux_loss': '16', 'time_per_step': '0.599557'}
2025-09-24 20:34:00,579 - train_greyscale_Pos_MoE.py - {'step': '179000', 'lr': '0.0002', 'total_loss': '0.01819', 'main_loss': '0.00219002', 'aux_loss': '16', 'time_per_step': '0.594661'}
2025-09-24 20:36:17,237 - train_greyscale_Pos_MoE.py - {'step': '179100', 'lr': '0.0002', 'total_loss': '0.0181202', 'main_loss': '0.00212019', 'aux_loss': '16', 'time_per_step': '0.606505'}
2025-09-24 20:38:31,372 - train_greyscale_Pos_MoE.py - {'step': '179200', 'lr': '0.0002', 'total_loss': '0.0185682', 'main_loss': '0.00256823', 'aux_loss': '16', 'time_per_step': '0.532776'}
2025-09-24 20:40:49,235 - train_greyscale_Pos_MoE.py - {'step': '179300', 'lr': '0.0002', 'total_loss': '0.0179164', 'main_loss': '0.00191645', 'aux_loss': '16', 'time_per_step': '0.580561'}
2025-09-24 20:43:05,055 - train_greyscale_Pos_MoE.py - {'step': '179400', 'lr': '0.0002', 'total_loss': '0.0180239', 'main_loss': '0.00202393', 'aux_loss': '16', 'time_per_step': '0.717501'}
2025-09-24 20:45:20,528 - train_greyscale_Pos_MoE.py - {'step': '179500', 'lr': '0.0002', 'total_loss': '0.0182877', 'main_loss': '0.00228768', 'aux_loss': '16', 'time_per_step': '0.616417'}
2025-09-24 20:47:36,632 - train_greyscale_Pos_MoE.py - {'step': '179600', 'lr': '0.0002', 'total_loss': '0.0178987', 'main_loss': '0.00189869', 'aux_loss': '16', 'time_per_step': '0.590087'}
2025-09-24 20:49:52,887 - train_greyscale_Pos_MoE.py - {'step': '179700', 'lr': '0.0002', 'total_loss': '0.0182009', 'main_loss': '0.00220088', 'aux_loss': '16', 'time_per_step': '0.606377'}
2025-09-24 20:52:09,115 - train_greyscale_Pos_MoE.py - {'step': '179800', 'lr': '0.0002', 'total_loss': '0.0177123', 'main_loss': '0.00171228', 'aux_loss': '16', 'time_per_step': '0.624432'}
2025-09-24 20:54:24,395 - train_greyscale_Pos_MoE.py - {'step': '179900', 'lr': '0.0002', 'total_loss': '0.0177585', 'main_loss': '0.00175851', 'aux_loss': '16', 'time_per_step': '0.600887'}
2025-09-24 20:56:40,337 - train_greyscale_Pos_MoE.py - {'step': '180000', 'lr': '0.0002', 'total_loss': '0.0188645', 'main_loss': '0.00286449', 'aux_loss': '16', 'time_per_step': '0.609411'}
2025-09-24 20:58:56,302 - train_greyscale_Pos_MoE.py - {'step': '180100', 'lr': '0.0002', 'total_loss': '0.0182671', 'main_loss': '0.00226707', 'aux_loss': '16', 'time_per_step': '0.606616'}
2025-09-24 21:01:12,866 - train_greyscale_Pos_MoE.py - {'step': '180200', 'lr': '0.0002', 'total_loss': '0.0181292', 'main_loss': '0.00212924', 'aux_loss': '16', 'time_per_step': '0.560606'}
2025-09-24 21:03:31,598 - train_greyscale_Pos_MoE.py - {'step': '180300', 'lr': '0.0002', 'total_loss': '0.0181236', 'main_loss': '0.00212358', 'aux_loss': '16', 'time_per_step': '0.607866'}
2025-09-24 21:05:45,316 - train_greyscale_Pos_MoE.py - {'step': '180400', 'lr': '0.0002', 'total_loss': '0.0183848', 'main_loss': '0.00238482', 'aux_loss': '16', 'time_per_step': '0.525834'}
2025-09-24 21:08:03,725 - train_greyscale_Pos_MoE.py - {'step': '180500', 'lr': '0.0002', 'total_loss': '0.0183337', 'main_loss': '0.00233366', 'aux_loss': '16', 'time_per_step': '0.577576'}
2025-09-24 21:10:19,836 - train_greyscale_Pos_MoE.py - {'step': '180600', 'lr': '0.0002', 'total_loss': '0.0182627', 'main_loss': '0.0022627', 'aux_loss': '16', 'time_per_step': '0.581306'}
2025-09-24 21:12:36,052 - train_greyscale_Pos_MoE.py - {'step': '180700', 'lr': '0.0002', 'total_loss': '0.0175695', 'main_loss': '0.00156948', 'aux_loss': '16', 'time_per_step': '0.773836'}
2025-09-24 21:14:51,271 - train_greyscale_Pos_MoE.py - {'step': '180800', 'lr': '0.0002', 'total_loss': '0.0183134', 'main_loss': '0.00231339', 'aux_loss': '16', 'time_per_step': '0.603101'}
2025-09-24 21:17:06,465 - train_greyscale_Pos_MoE.py - {'step': '180900', 'lr': '0.0002', 'total_loss': '0.01795', 'main_loss': '0.00194996', 'aux_loss': '16', 'time_per_step': '0.593407'}
2025-09-24 21:19:22,134 - train_greyscale_Pos_MoE.py - {'step': '181000', 'lr': '0.0002', 'total_loss': '0.0187981', 'main_loss': '0.00279808', 'aux_loss': '16', 'time_per_step': '0.594725'}
2025-09-24 21:21:38,001 - train_greyscale_Pos_MoE.py - {'step': '181100', 'lr': '0.0002', 'total_loss': '0.0178169', 'main_loss': '0.00181689', 'aux_loss': '16', 'time_per_step': '0.61334'}
2025-09-24 21:23:53,956 - train_greyscale_Pos_MoE.py - {'step': '181200', 'lr': '0.0002', 'total_loss': '0.0182394', 'main_loss': '0.00223943', 'aux_loss': '16', 'time_per_step': '0.596434'}
2025-09-24 21:26:09,959 - train_greyscale_Pos_MoE.py - {'step': '181300', 'lr': '0.0002', 'total_loss': '0.0181989', 'main_loss': '0.00219885', 'aux_loss': '16', 'time_per_step': '0.580308'}
2025-09-24 21:28:25,926 - train_greyscale_Pos_MoE.py - {'step': '181400', 'lr': '0.0002', 'total_loss': '0.0182153', 'main_loss': '0.00221525', 'aux_loss': '16', 'time_per_step': '0.603526'}
2025-09-24 21:30:41,333 - train_greyscale_Pos_MoE.py - {'step': '181500', 'lr': '0.0002', 'total_loss': '0.0178717', 'main_loss': '0.00187169', 'aux_loss': '16', 'time_per_step': '0.561825'}
2025-09-24 21:32:55,566 - train_greyscale_Pos_MoE.py - {'step': '181600', 'lr': '0.0002', 'total_loss': '0.0186298', 'main_loss': '0.00262985', 'aux_loss': '16', 'time_per_step': '0.524984'}
2025-09-24 21:35:13,717 - train_greyscale_Pos_MoE.py - {'step': '181700', 'lr': '0.0002', 'total_loss': '0.0175394', 'main_loss': '0.00153943', 'aux_loss': '16', 'time_per_step': '0.642895'}
2025-09-24 21:37:29,524 - train_greyscale_Pos_MoE.py - {'step': '181800', 'lr': '0.0002', 'total_loss': '0.0177407', 'main_loss': '0.00174073', 'aux_loss': '16', 'time_per_step': '0.636557'}
2025-09-24 21:39:45,382 - train_greyscale_Pos_MoE.py - {'step': '181900', 'lr': '0.0002', 'total_loss': '0.0183913', 'main_loss': '0.00239133', 'aux_loss': '16', 'time_per_step': '0.621707'}
2025-09-24 21:42:00,678 - train_greyscale_Pos_MoE.py - {'step': '182000', 'lr': '0.0002', 'total_loss': '0.0181715', 'main_loss': '0.00217155', 'aux_loss': '16', 'time_per_step': '0.610646'}
2025-09-24 21:44:16,152 - train_greyscale_Pos_MoE.py - {'step': '182100', 'lr': '0.0002', 'total_loss': '0.0181522', 'main_loss': '0.00215221', 'aux_loss': '16', 'time_per_step': '0.583034'}
2025-09-24 21:46:32,251 - train_greyscale_Pos_MoE.py - {'step': '182200', 'lr': '0.0002', 'total_loss': '0.0176229', 'main_loss': '0.00162289', 'aux_loss': '16', 'time_per_step': '0.601375'}
2025-09-24 21:48:47,931 - train_greyscale_Pos_MoE.py - {'step': '182300', 'lr': '0.0002', 'total_loss': '0.0180197', 'main_loss': '0.00201973', 'aux_loss': '16', 'time_per_step': '0.571123'}
2025-09-24 21:51:04,048 - train_greyscale_Pos_MoE.py - {'step': '182400', 'lr': '0.0002', 'total_loss': '0.0179495', 'main_loss': '0.00194947', 'aux_loss': '16', 'time_per_step': '0.630329'}
2025-09-24 21:53:19,957 - train_greyscale_Pos_MoE.py - {'step': '182500', 'lr': '0.0002', 'total_loss': '0.0181656', 'main_loss': '0.0021656', 'aux_loss': '16', 'time_per_step': '0.607404'}
2025-09-24 21:55:41,784 - train_greyscale_Pos_MoE.py - {'step': '182600', 'lr': '0.0002', 'total_loss': '0.0183572', 'main_loss': '0.00235722', 'aux_loss': '16', 'time_per_step': '0.561477'}
2025-09-24 21:57:58,158 - train_greyscale_Pos_MoE.py - {'step': '182700', 'lr': '0.0002', 'total_loss': '0.018357', 'main_loss': '0.00235696', 'aux_loss': '16', 'time_per_step': '0.587516'}
2025-09-24 22:00:12,101 - train_greyscale_Pos_MoE.py - {'step': '182800', 'lr': '0.0002', 'total_loss': '0.0180721', 'main_loss': '0.00207214', 'aux_loss': '16', 'time_per_step': '0.525526'}
2025-09-24 22:02:30,535 - train_greyscale_Pos_MoE.py - {'step': '182900', 'lr': '0.0002', 'total_loss': '0.0180385', 'main_loss': '0.00203853', 'aux_loss': '16', 'time_per_step': '0.563616'}
2025-09-24 22:04:46,256 - train_greyscale_Pos_MoE.py - {'step': '183000', 'lr': '0.0002', 'total_loss': '0.0185861', 'main_loss': '0.00258606', 'aux_loss': '16', 'time_per_step': '0.618325'}
2025-09-24 22:07:02,541 - train_greyscale_Pos_MoE.py - {'step': '183100', 'lr': '0.0002', 'total_loss': '0.018456', 'main_loss': '0.00245605', 'aux_loss': '16', 'time_per_step': '0.600384'}
2025-09-24 22:09:17,851 - train_greyscale_Pos_MoE.py - {'step': '183200', 'lr': '0.0002', 'total_loss': '0.0186768', 'main_loss': '0.00267677', 'aux_loss': '16', 'time_per_step': '0.596527'}
2025-09-24 22:11:33,347 - train_greyscale_Pos_MoE.py - {'step': '183300', 'lr': '0.0002', 'total_loss': '0.0179706', 'main_loss': '0.00197055', 'aux_loss': '16', 'time_per_step': '0.573984'}
2025-09-24 22:13:49,066 - train_greyscale_Pos_MoE.py - {'step': '183400', 'lr': '0.0002', 'total_loss': '0.0176869', 'main_loss': '0.00168685', 'aux_loss': '16', 'time_per_step': '0.60261'}
2025-09-24 22:16:05,459 - train_greyscale_Pos_MoE.py - {'step': '183500', 'lr': '0.0002', 'total_loss': '0.0179927', 'main_loss': '0.00199267', 'aux_loss': '16', 'time_per_step': '0.586667'}
2025-09-24 22:18:21,575 - train_greyscale_Pos_MoE.py - {'step': '183600', 'lr': '0.0002', 'total_loss': '0.0175701', 'main_loss': '0.00157014', 'aux_loss': '16', 'time_per_step': '0.581532'}
2025-09-24 22:20:36,713 - train_greyscale_Pos_MoE.py - {'step': '183700', 'lr': '0.0002', 'total_loss': '0.0177727', 'main_loss': '0.00177274', 'aux_loss': '16', 'time_per_step': '0.598452'}
2025-09-24 22:22:52,837 - train_greyscale_Pos_MoE.py - {'step': '183800', 'lr': '0.0002', 'total_loss': '0.0177776', 'main_loss': '0.00177761', 'aux_loss': '16', 'time_per_step': '0.60835'}
2025-09-24 22:25:08,320 - train_greyscale_Pos_MoE.py - {'step': '183900', 'lr': '0.0002', 'total_loss': '0.0176975', 'main_loss': '0.00169753', 'aux_loss': '16', 'time_per_step': '0.584552'}
2025-09-24 22:27:22,526 - train_greyscale_Pos_MoE.py - {'step': '184000', 'lr': '0.0002', 'total_loss': '0.0180851', 'main_loss': '0.00208509', 'aux_loss': '16', 'time_per_step': '0.525951'}
2025-09-24 22:29:41,052 - train_greyscale_Pos_MoE.py - {'step': '184100', 'lr': '0.0002', 'total_loss': '0.0189156', 'main_loss': '0.00291561', 'aux_loss': '16', 'time_per_step': '0.594966'}
2025-09-24 22:31:56,520 - train_greyscale_Pos_MoE.py - {'step': '184200', 'lr': '0.0002', 'total_loss': '0.0178346', 'main_loss': '0.00183464', 'aux_loss': '16', 'time_per_step': '0.588467'}
2025-09-24 22:34:12,189 - train_greyscale_Pos_MoE.py - {'step': '184300', 'lr': '0.0002', 'total_loss': '0.0179675', 'main_loss': '0.00196754', 'aux_loss': '16', 'time_per_step': '0.613192'}
2025-09-24 22:36:27,576 - train_greyscale_Pos_MoE.py - {'step': '184400', 'lr': '0.0002', 'total_loss': '0.0180302', 'main_loss': '0.00203024', 'aux_loss': '16', 'time_per_step': '0.595386'}
2025-09-24 22:38:43,268 - train_greyscale_Pos_MoE.py - {'step': '184500', 'lr': '0.0002', 'total_loss': '0.0182849', 'main_loss': '0.00228493', 'aux_loss': '16', 'time_per_step': '0.616626'}
2025-09-24 22:40:59,437 - train_greyscale_Pos_MoE.py - {'step': '184600', 'lr': '0.0002', 'total_loss': '0.0182358', 'main_loss': '0.00223576', 'aux_loss': '16', 'time_per_step': '0.627745'}
2025-09-24 22:43:15,450 - train_greyscale_Pos_MoE.py - {'step': '184700', 'lr': '0.0002', 'total_loss': '0.0179964', 'main_loss': '0.00199639', 'aux_loss': '16', 'time_per_step': '0.579907'}
2025-09-24 22:45:31,765 - train_greyscale_Pos_MoE.py - {'step': '184800', 'lr': '0.0002', 'total_loss': '0.0178626', 'main_loss': '0.0018626', 'aux_loss': '16', 'time_per_step': '0.588257'}
2025-09-24 22:47:47,266 - train_greyscale_Pos_MoE.py - {'step': '184900', 'lr': '0.0002', 'total_loss': '0.0180747', 'main_loss': '0.00207472', 'aux_loss': '16', 'time_per_step': '0.621787'}
2025-09-24 22:50:03,130 - train_greyscale_Pos_MoE.py - {'step': '185000', 'lr': '0.0002', 'total_loss': '0.0181171', 'main_loss': '0.00211714', 'aux_loss': '16', 'time_per_step': '0.609509'}
2025-09-24 22:52:19,001 - train_greyscale_Pos_MoE.py - {'step': '185100', 'lr': '0.0002', 'total_loss': '0.0179662', 'main_loss': '0.00196617', 'aux_loss': '16', 'time_per_step': '0.58651'}
2025-09-24 22:54:33,890 - train_greyscale_Pos_MoE.py - {'step': '185200', 'lr': '0.0002', 'total_loss': '0.0179164', 'main_loss': '0.0019164', 'aux_loss': '16', 'time_per_step': '0.523866'}
2025-09-24 22:56:52,501 - train_greyscale_Pos_MoE.py - {'step': '185300', 'lr': '0.0002', 'total_loss': '0.0178281', 'main_loss': '0.00182812', 'aux_loss': '16', 'time_per_step': '0.602384'}
2025-09-24 22:59:08,219 - train_greyscale_Pos_MoE.py - {'step': '185400', 'lr': '0.0002', 'total_loss': '0.0188065', 'main_loss': '0.00280653', 'aux_loss': '16', 'time_per_step': '0.592624'}
2025-09-24 23:01:23,402 - train_greyscale_Pos_MoE.py - {'step': '185500', 'lr': '0.0002', 'total_loss': '0.0180453', 'main_loss': '0.00204531', 'aux_loss': '16', 'time_per_step': '0.599182'}
2025-09-24 23:03:40,057 - train_greyscale_Pos_MoE.py - {'step': '185600', 'lr': '0.0002', 'total_loss': '0.0176835', 'main_loss': '0.00168347', 'aux_loss': '16', 'time_per_step': '0.584011'}
2025-09-24 23:05:56,174 - train_greyscale_Pos_MoE.py - {'step': '185700', 'lr': '0.0002', 'total_loss': '0.0177765', 'main_loss': '0.00177653', 'aux_loss': '16', 'time_per_step': '0.623074'}
2025-09-24 23:08:12,075 - train_greyscale_Pos_MoE.py - {'step': '185800', 'lr': '0.0002', 'total_loss': '0.0183395', 'main_loss': '0.00233946', 'aux_loss': '16', 'time_per_step': '0.612003'}
2025-09-24 23:10:27,504 - train_greyscale_Pos_MoE.py - {'step': '185900', 'lr': '0.0002', 'total_loss': '0.0178036', 'main_loss': '0.0018036', 'aux_loss': '16', 'time_per_step': '0.575627'}
2025-09-24 23:12:43,185 - train_greyscale_Pos_MoE.py - {'step': '186000', 'lr': '0.0002', 'total_loss': '0.0178693', 'main_loss': '0.00186935', 'aux_loss': '16', 'time_per_step': '0.568872'}
2025-09-24 23:14:59,319 - train_greyscale_Pos_MoE.py - {'step': '186100', 'lr': '0.0002', 'total_loss': '0.0176822', 'main_loss': '0.00168221', 'aux_loss': '16', 'time_per_step': '0.633963'}
2025-09-24 23:17:15,125 - train_greyscale_Pos_MoE.py - {'step': '186200', 'lr': '0.0002', 'total_loss': '0.0174616', 'main_loss': '0.00146157', 'aux_loss': '16', 'time_per_step': '0.582678'}
2025-09-24 23:19:31,341 - train_greyscale_Pos_MoE.py - {'step': '186300', 'lr': '0.0002', 'total_loss': '0.0178714', 'main_loss': '0.00187144', 'aux_loss': '16', 'time_per_step': '0.614043'}
2025-09-24 23:21:45,791 - train_greyscale_Pos_MoE.py - {'step': '186400', 'lr': '0.0002', 'total_loss': '0.018112', 'main_loss': '0.00211197', 'aux_loss': '16', 'time_per_step': '0.530352'}
2025-09-24 23:24:04,674 - train_greyscale_Pos_MoE.py - {'step': '186500', 'lr': '0.0002', 'total_loss': '0.0185372', 'main_loss': '0.00253717', 'aux_loss': '16', 'time_per_step': '0.577976'}
2025-09-24 23:26:20,881 - train_greyscale_Pos_MoE.py - {'step': '186600', 'lr': '0.0002', 'total_loss': '0.0180427', 'main_loss': '0.00204275', 'aux_loss': '16', 'time_per_step': '0.643264'}
2025-09-24 23:28:36,448 - train_greyscale_Pos_MoE.py - {'step': '186700', 'lr': '0.0002', 'total_loss': '0.0179609', 'main_loss': '0.00196091', 'aux_loss': '16', 'time_per_step': '0.586008'}
2025-09-24 23:30:52,756 - train_greyscale_Pos_MoE.py - {'step': '186800', 'lr': '0.0002', 'total_loss': '0.0176952', 'main_loss': '0.00169521', 'aux_loss': '16', 'time_per_step': '0.6461'}
2025-09-24 23:33:12,243 - train_greyscale_Pos_MoE.py - {'step': '186900', 'lr': '0.0002', 'total_loss': '0.0178723', 'main_loss': '0.00187227', 'aux_loss': '16', 'time_per_step': '0.553352'}
2025-09-24 23:35:29,004 - train_greyscale_Pos_MoE.py - {'step': '187000', 'lr': '0.0002', 'total_loss': '0.0182384', 'main_loss': '0.00223839', 'aux_loss': '16', 'time_per_step': '0.634593'}
2025-09-24 23:37:44,465 - train_greyscale_Pos_MoE.py - {'step': '187100', 'lr': '0.0002', 'total_loss': '0.0180126', 'main_loss': '0.00201262', 'aux_loss': '16', 'time_per_step': '0.579593'}
2025-09-24 23:40:00,261 - train_greyscale_Pos_MoE.py - {'step': '187200', 'lr': '0.0002', 'total_loss': '0.0176002', 'main_loss': '0.00160016', 'aux_loss': '16', 'time_per_step': '0.589611'}
2025-09-24 23:42:16,810 - train_greyscale_Pos_MoE.py - {'step': '187300', 'lr': '0.0002', 'total_loss': '0.0177803', 'main_loss': '0.00178026', 'aux_loss': '16', 'time_per_step': '0.595693'}
2025-09-24 23:44:32,798 - train_greyscale_Pos_MoE.py - {'step': '187400', 'lr': '0.0002', 'total_loss': '0.0180983', 'main_loss': '0.00209826', 'aux_loss': '16', 'time_per_step': '0.621715'}
2025-09-24 23:46:49,231 - train_greyscale_Pos_MoE.py - {'step': '187500', 'lr': '0.0002', 'total_loss': '0.0178931', 'main_loss': '0.00189311', 'aux_loss': '16', 'time_per_step': '0.601911'}
2025-09-24 23:49:03,132 - train_greyscale_Pos_MoE.py - {'step': '187600', 'lr': '0.0002', 'total_loss': '0.0179937', 'main_loss': '0.00199372', 'aux_loss': '16', 'time_per_step': '0.533717'}
2025-09-24 23:51:21,741 - train_greyscale_Pos_MoE.py - {'step': '187700', 'lr': '0.0002', 'total_loss': '0.0182291', 'main_loss': '0.00222911', 'aux_loss': '16', 'time_per_step': '0.595327'}
2025-09-24 23:53:38,216 - train_greyscale_Pos_MoE.py - {'step': '187800', 'lr': '0.0002', 'total_loss': '0.0182198', 'main_loss': '0.00221984', 'aux_loss': '16', 'time_per_step': '0.59365'}
2025-09-24 23:55:54,222 - train_greyscale_Pos_MoE.py - {'step': '187900', 'lr': '0.0002', 'total_loss': '0.0185702', 'main_loss': '0.00257017', 'aux_loss': '16', 'time_per_step': '0.592444'}
2025-09-24 23:58:10,327 - train_greyscale_Pos_MoE.py - {'step': '188000', 'lr': '0.0002', 'total_loss': '0.0176145', 'main_loss': '0.00161452', 'aux_loss': '16', 'time_per_step': '0.599209'}
2025-09-25 00:00:25,978 - train_greyscale_Pos_MoE.py - {'step': '188100', 'lr': '0.0002', 'total_loss': '0.0181652', 'main_loss': '0.00216517', 'aux_loss': '16', 'time_per_step': '0.565877'}
2025-09-25 00:02:43,126 - train_greyscale_Pos_MoE.py - {'step': '188200', 'lr': '0.0002', 'total_loss': '0.0175905', 'main_loss': '0.00159049', 'aux_loss': '16', 'time_per_step': '0.610692'}
2025-09-25 00:04:59,091 - train_greyscale_Pos_MoE.py - {'step': '188300', 'lr': '0.0002', 'total_loss': '0.0178471', 'main_loss': '0.00184708', 'aux_loss': '16', 'time_per_step': '0.597416'}
2025-09-25 00:07:14,961 - train_greyscale_Pos_MoE.py - {'step': '188400', 'lr': '0.0002', 'total_loss': '0.0177399', 'main_loss': '0.00173992', 'aux_loss': '16', 'time_per_step': '0.594321'}
