2026-01-13 21:38:33,378 - train_greyscale_FA_MoE.py - ckpt_root: output_shift_fa/acdc_wholeheart_uncond_fa_ec_moe_greyscale_uvit_mid_4by4_l6r9_low16_Y_bound/ckpts
dataset:
  SNR_scale: 4.0
  Y_bound: !!python/tuple
  - 502.5
  Y_entropy: !!python/tuple
  - 5.883
  - 3.501
  - 3.575
  - 2.418
  - 2.75
  - 2.341
  - 1.479
  - 2.017
  - 2.044
  - 1.453
  - 1.316
  - 1.586
  - 1.365
  - 1.174
  - 1.108
  - 1.0
  Y_max: !!python/tuple
  - 262.0
  - 112.375
  - 125.812
  - 49.0
  - 58.5
  - 46.5
  - 20.344
  - 32.906
  - 33.406
  - 19.953
  - 15.953
  - 22.0
  - 16.984
  - 12.812
  - 11.68
  - 7.461
  Y_mean: !!python/tuple
  - -270.982
  - -0.725
  - 0.44
  - 0.107
  - 0.009
  - 0.154
  - -0.058
  - 0.0
  - -0.008
  - 0.019
  - 0.009
  - -0.012
  - 0.005
  - 0.002
  - 0.004
  - -0.002
  Y_min: !!python/tuple
  - -502.5
  - -119.312
  - -122.375
  - -51.25
  - -58.906
  - -49.5
  - -20.703
  - -32.906
  - -33.094
  - -19.891
  - -15.891
  - -21.75
  - -16.969
  - -12.773
  - -11.648
  - -7.492
  Y_std: !!python/tuple
  - 182.433
  - 32.822
  - 34.997
  - 14.001
  - 17.621
  - 13.189
  - 5.791
  - 9.609
  - 9.805
  - 5.653
  - 4.634
  - 6.503
  - 4.964
  - 3.796
  - 3.44
  - 2.178
  block_sz: 4
  dataset_type: wholeheart
  frequency_aware_tokens: true
  greyscale: true
  low_freqs: 16
  name: acdc_uncond
  num_fa_length: 8
  num_fa_repeats: 9
  num_fa_repeats_x: 3
  num_fa_repeats_y: 3
  path: data/scratch/datasets/ACDC/Unlabeled/Wholeheart
  resolution: 96
  reweight: true
  reweight_dim: -1
  temperature: 0.0
  tokens: 128
  tokenwise_normalization: Y_bound
eval:
  cleanup_samples: true
  eval_start: 400000
  is_batch_size: 32
  lpips_batch_size: 32
  mini_batch_size: 500
  n_samples: 50000
  sample_steps: 100
eval_dir: output/evaluation/FA_EC_l8r9_4by4_low16
lr_scheduler:
  name: customized
  warmup_steps: 5000
mixed_precision: 'no'
name: acdc_wholeheart_uncond_uvit_FA_EC_MoE_greyscale_mid_4by4_low16
nnet:
  MoE:
    aux_loss_alpha: 0.0
    depth: 1
    noise_eps: 0.01
    num_experts: 4
    router: topk
    top_k: 2
    type: ecmoe
  depth: 16
  embed_dim: 768
  in_chans: 72
  low_freqs: 16
  mlp_ratio: 4
  mlp_time_embed: true
  name: uvit_greyscale_moe
  num_classes: -1
  num_heads: 12
  qkv_bias: false
  tokens: 128
  use_moe: true
optimizer:
  betas: !!python/tuple
  - 0.99
  - 0.99
  lr: 0.0002
  name: adamw
  weight_decay: 0.03
pred: noise_pred
private:
  accountant: prv
  dp_method: dpsgd
  max_grad_norm: 1.0
  noise_multiplier: 0.5
  secure_mode: false
  target_delta: 1.0e-05
  target_epsilon: 10
  use_dp: false
sample:
  algorithm: euler_maruyama_ode
  mini_batch_size: 500
  n_samples: 50000
  path: data/scratch/samples
  sample_steps: 100
  save_npz: ''
  save_start: 20000
sample_dir: output_shift_fa/acdc_wholeheart_uncond_fa_ec_moe_greyscale_uvit_mid_4by4_l6r9_low16_Y_bound/samples
seed: 1234
train:
  batch_size: 512
  eval_interval: 25000
  log_interval: 100
  mode: uncond
  n_steps: 500000
  save_interval: 25000
workdir: output_shift_fa/acdc_wholeheart_uncond_fa_ec_moe_greyscale_uvit_mid_4by4_l6r9_low16_Y_bound

2026-01-13 21:39:13,691 - train_greyscale_FA_MoE.py - dataset samples: 25022
2026-01-13 21:39:13,692 - train_greyscale_FA_MoE.py - Using Y_bound for positional token normalization
2026-01-13 21:39:23,147 - utils.py - nnet has 163173192 parameters
2026-01-13 21:39:23,913 - train_greyscale_FA_MoE.py - using [5.883 3.501 3.575 2.418 2.75  2.341 1.479 2.017 2.044 1.453 1.316 1.586
 1.365 1.174 1.108 1.   ] for loss reweighting
2026-01-13 21:39:23,914 - train_greyscale_FA_MoE.py - Using temperature 0.0 for loss reweighting
2026-01-13 21:39:24,195 - train_greyscale_FA_MoE.py - Start fitting, step=0, mixed_precision=no
2026-01-13 21:46:45,587 - train_greyscale_FA_MoE.py - {'step': '100', 'lr': '4e-06', 'total_loss': '0.922077', 'main_loss': '0.922077', 'time_per_step': '2.80751'}
2026-01-13 21:52:02,069 - train_greyscale_FA_MoE.py - {'step': '200', 'lr': '8e-06', 'total_loss': '0.560884', 'main_loss': '0.560884', 'time_per_step': '3.03892'}
2026-01-13 21:57:18,632 - train_greyscale_FA_MoE.py - {'step': '300', 'lr': '1.2e-05', 'total_loss': '0.261263', 'main_loss': '0.261263', 'time_per_step': '3.23867'}
2026-01-13 22:02:35,180 - train_greyscale_FA_MoE.py - {'step': '400', 'lr': '1.6e-05', 'total_loss': '0.159601', 'main_loss': '0.159601', 'time_per_step': '3.15085'}
2026-01-13 23:06:22,604 - train_greyscale_FA_MoE.py - ckpt_root: output_shift_fa/acdc_wholeheart_uncond_fa_ec_moe_greyscale_uvit_mid_4by4_l6r9_low16_Y_bound/ckpts
dataset:
  SNR_scale: 4.0
  Y_bound: !!python/tuple
  - 502.5
  Y_entropy: !!python/tuple
  - 5.883
  - 3.501
  - 3.575
  - 2.418
  - 2.75
  - 2.341
  - 1.479
  - 2.017
  - 2.044
  - 1.453
  - 1.316
  - 1.586
  - 1.365
  - 1.174
  - 1.108
  - 1.0
  Y_max: !!python/tuple
  - 262.0
  - 112.375
  - 125.812
  - 49.0
  - 58.5
  - 46.5
  - 20.344
  - 32.906
  - 33.406
  - 19.953
  - 15.953
  - 22.0
  - 16.984
  - 12.812
  - 11.68
  - 7.461
  Y_mean: !!python/tuple
  - -270.982
  - -0.725
  - 0.44
  - 0.107
  - 0.009
  - 0.154
  - -0.058
  - 0.0
  - -0.008
  - 0.019
  - 0.009
  - -0.012
  - 0.005
  - 0.002
  - 0.004
  - -0.002
  Y_min: !!python/tuple
  - -502.5
  - -119.312
  - -122.375
  - -51.25
  - -58.906
  - -49.5
  - -20.703
  - -32.906
  - -33.094
  - -19.891
  - -15.891
  - -21.75
  - -16.969
  - -12.773
  - -11.648
  - -7.492
  Y_std: !!python/tuple
  - 182.433
  - 32.822
  - 34.997
  - 14.001
  - 17.621
  - 13.189
  - 5.791
  - 9.609
  - 9.805
  - 5.653
  - 4.634
  - 6.503
  - 4.964
  - 3.796
  - 3.44
  - 2.178
  block_sz: 4
  dataset_type: wholeheart
  frequency_aware_tokens: true
  greyscale: true
  low_freqs: 16
  name: acdc_uncond
  num_fa_length: 8
  num_fa_repeats: 9
  num_fa_repeats_x: 3
  num_fa_repeats_y: 3
  path: data/scratch/datasets/ACDC/Unlabeled/Wholeheart
  resolution: 96
  reweight: true
  reweight_dim: -1
  temperature: 0.0
  tokens: 128
  tokenwise_normalization: Y_bound
eval:
  cleanup_samples: true
  eval_start: 400000
  is_batch_size: 32
  lpips_batch_size: 32
  mini_batch_size: 500
  n_samples: 50000
  sample_steps: 100
eval_dir: output/evaluation/FA_EC_l8r9_4by4_low16
lr_scheduler:
  name: customized
  warmup_steps: 5000
mixed_precision: 'no'
name: acdc_wholeheart_uncond_uvit_FA_EC_MoE_greyscale_mid_4by4_low16
nnet:
  MoE:
    aux_loss_alpha: 0.0
    depth: 1
    noise_eps: 0.01
    num_experts: 4
    router: topk
    top_k: 2
    type: ecmoe
  depth: 16
  embed_dim: 768
  in_chans: 72
  low_freqs: 16
  mlp_ratio: 4
  mlp_time_embed: true
  name: uvit_greyscale_moe
  num_classes: -1
  num_heads: 12
  qkv_bias: false
  tokens: 128
  use_moe: true
optimizer:
  betas: !!python/tuple
  - 0.99
  - 0.99
  lr: 0.0002
  name: adamw
  weight_decay: 0.03
pred: noise_pred
private:
  accountant: prv
  dp_method: dpsgd
  max_grad_norm: 1.0
  noise_multiplier: 0.5
  secure_mode: false
  target_delta: 1.0e-05
  target_epsilon: 10
  use_dp: false
sample:
  algorithm: euler_maruyama_ode
  mini_batch_size: 500
  n_samples: 50000
  path: data/scratch/samples
  sample_steps: 100
  save_npz: ''
  save_start: 20000
sample_dir: output_shift_fa/acdc_wholeheart_uncond_fa_ec_moe_greyscale_uvit_mid_4by4_l6r9_low16_Y_bound/samples
seed: 1234
train:
  batch_size: 512
  eval_interval: 25000
  log_interval: 100
  mode: uncond
  n_steps: 500000
  save_interval: 25000
workdir: output_shift_fa/acdc_wholeheart_uncond_fa_ec_moe_greyscale_uvit_mid_4by4_l6r9_low16_Y_bound

2026-01-13 23:07:01,506 - train_greyscale_FA_MoE.py - dataset samples: 25022
2026-01-13 23:07:01,507 - train_greyscale_FA_MoE.py - Using Y_bound for positional token normalization
2026-01-13 23:07:10,885 - utils.py - nnet has 163173192 parameters
2026-01-13 23:07:11,599 - train_greyscale_FA_MoE.py - using [5.883 3.501 3.575 2.418 2.75  2.341 1.479 2.017 2.044 1.453 1.316 1.586
 1.365 1.174 1.108 1.   ] for loss reweighting
2026-01-13 23:07:11,600 - train_greyscale_FA_MoE.py - Using temperature 0.0 for loss reweighting
2026-01-13 23:07:11,619 - train_greyscale_FA_MoE.py - Start fitting, step=0, mixed_precision=no
2026-01-13 23:12:13,022 - train_greyscale_FA_MoE.py - {'step': '100', 'lr': '4e-06', 'total_loss': '0.922056', 'main_loss': '0.922056', 'time_per_step': '2.1666'}
2026-01-13 23:16:00,534 - train_greyscale_FA_MoE.py - {'step': '200', 'lr': '8e-06', 'total_loss': '0.560859', 'main_loss': '0.560859', 'time_per_step': '2.18166'}
2026-01-13 23:19:45,434 - train_greyscale_FA_MoE.py - {'step': '300', 'lr': '1.2e-05', 'total_loss': '0.261026', 'main_loss': '0.261026', 'time_per_step': '2.17733'}
2026-01-13 23:23:31,328 - train_greyscale_FA_MoE.py - {'step': '400', 'lr': '1.6e-05', 'total_loss': '0.159509', 'main_loss': '0.159509', 'time_per_step': '2.16891'}
2026-01-13 23:27:17,437 - train_greyscale_FA_MoE.py - {'step': '500', 'lr': '2e-05', 'total_loss': '0.11722', 'main_loss': '0.11722', 'time_per_step': '2.16742'}
2026-01-13 23:31:03,455 - train_greyscale_FA_MoE.py - {'step': '600', 'lr': '2.4e-05', 'total_loss': '0.090178', 'main_loss': '0.090178', 'time_per_step': '2.26151'}
2026-01-13 23:34:48,235 - train_greyscale_FA_MoE.py - {'step': '700', 'lr': '2.8e-05', 'total_loss': '0.0794441', 'main_loss': '0.0794441', 'time_per_step': '2.17755'}
2026-01-13 23:38:34,148 - train_greyscale_FA_MoE.py - {'step': '800', 'lr': '3.2e-05', 'total_loss': '0.0644235', 'main_loss': '0.0644235', 'time_per_step': '2.25353'}
2026-01-13 23:42:19,220 - train_greyscale_FA_MoE.py - {'step': '900', 'lr': '3.6e-05', 'total_loss': '0.0744323', 'main_loss': '0.0744323', 'time_per_step': '2.18203'}
2026-01-13 23:46:05,805 - train_greyscale_FA_MoE.py - {'step': '1000', 'lr': '4e-05', 'total_loss': '0.0521531', 'main_loss': '0.0521531', 'time_per_step': '2.17003'}
2026-01-13 23:49:50,432 - train_greyscale_FA_MoE.py - {'step': '1100', 'lr': '4.4e-05', 'total_loss': '0.0532282', 'main_loss': '0.0532282', 'time_per_step': '2.10012'}
2026-01-13 23:53:36,032 - train_greyscale_FA_MoE.py - {'step': '1200', 'lr': '4.8e-05', 'total_loss': '0.0525991', 'main_loss': '0.0525991', 'time_per_step': '2.11503'}
2026-01-13 23:57:22,330 - train_greyscale_FA_MoE.py - {'step': '1300', 'lr': '5.2e-05', 'total_loss': '0.0507417', 'main_loss': '0.0507417', 'time_per_step': '2.19098'}
2026-01-14 00:01:08,161 - train_greyscale_FA_MoE.py - {'step': '1400', 'lr': '5.6e-05', 'total_loss': '0.0490113', 'main_loss': '0.0490113', 'time_per_step': '2.19147'}
2026-01-14 00:04:53,211 - train_greyscale_FA_MoE.py - {'step': '1500', 'lr': '6e-05', 'total_loss': '0.04252', 'main_loss': '0.04252', 'time_per_step': '2.17581'}
2026-01-14 00:08:38,878 - train_greyscale_FA_MoE.py - {'step': '1600', 'lr': '6.4e-05', 'total_loss': '0.039551', 'main_loss': '0.039551', 'time_per_step': '2.17809'}
2026-01-14 00:12:23,931 - train_greyscale_FA_MoE.py - {'step': '1700', 'lr': '6.8e-05', 'total_loss': '0.0453029', 'main_loss': '0.0453029', 'time_per_step': '2.1602'}
2026-01-14 00:16:10,812 - train_greyscale_FA_MoE.py - {'step': '1800', 'lr': '7.2e-05', 'total_loss': '0.0516155', 'main_loss': '0.0516155', 'time_per_step': '2.17573'}
2026-01-14 00:19:55,652 - train_greyscale_FA_MoE.py - {'step': '1900', 'lr': '7.6e-05', 'total_loss': '0.0474769', 'main_loss': '0.0474769', 'time_per_step': '2.17871'}
2026-01-14 00:23:41,514 - train_greyscale_FA_MoE.py - {'step': '2000', 'lr': '8e-05', 'total_loss': '0.0458286', 'main_loss': '0.0458286', 'time_per_step': '2.17773'}
2026-01-14 00:27:26,926 - train_greyscale_FA_MoE.py - {'step': '2100', 'lr': '8.4e-05', 'total_loss': '0.0448165', 'main_loss': '0.0448165', 'time_per_step': '2.17453'}
2026-01-14 00:31:11,843 - train_greyscale_FA_MoE.py - {'step': '2200', 'lr': '8.8e-05', 'total_loss': '0.0469237', 'main_loss': '0.0469237', 'time_per_step': '2.1771'}
2026-01-14 00:34:57,093 - train_greyscale_FA_MoE.py - {'step': '2300', 'lr': '9.2e-05', 'total_loss': '0.0421891', 'main_loss': '0.0421891', 'time_per_step': '2.11649'}
2026-01-14 00:38:42,242 - train_greyscale_FA_MoE.py - {'step': '2400', 'lr': '9.6e-05', 'total_loss': '0.0347124', 'main_loss': '0.0347124', 'time_per_step': '2.09963'}
2026-01-14 00:42:27,960 - train_greyscale_FA_MoE.py - {'step': '2500', 'lr': '0.0001', 'total_loss': '0.0495012', 'main_loss': '0.0495012', 'time_per_step': '2.20597'}
2026-01-14 00:46:12,687 - train_greyscale_FA_MoE.py - {'step': '2600', 'lr': '0.000104', 'total_loss': '0.0405222', 'main_loss': '0.0405222', 'time_per_step': '2.19099'}
2026-01-14 00:49:57,956 - train_greyscale_FA_MoE.py - {'step': '2700', 'lr': '0.000108', 'total_loss': '0.0472663', 'main_loss': '0.0472663', 'time_per_step': '2.177'}
2026-01-14 00:53:43,226 - train_greyscale_FA_MoE.py - {'step': '2800', 'lr': '0.000112', 'total_loss': '0.041712', 'main_loss': '0.041712', 'time_per_step': '2.15738'}
2026-01-14 00:57:29,000 - train_greyscale_FA_MoE.py - {'step': '2900', 'lr': '0.000116', 'total_loss': '0.0388468', 'main_loss': '0.0388468', 'time_per_step': '2.2083'}
2026-01-14 01:01:13,816 - train_greyscale_FA_MoE.py - {'step': '3000', 'lr': '0.00012', 'total_loss': '0.0441687', 'main_loss': '0.0441687', 'time_per_step': '2.18433'}
2026-01-14 01:04:59,687 - train_greyscale_FA_MoE.py - {'step': '3100', 'lr': '0.000124', 'total_loss': '0.0446709', 'main_loss': '0.0446709', 'time_per_step': '2.15802'}
2026-01-14 01:08:46,038 - train_greyscale_FA_MoE.py - {'step': '3200', 'lr': '0.000128', 'total_loss': '0.0418532', 'main_loss': '0.0418532', 'time_per_step': '2.16502'}
2026-01-14 01:12:31,442 - train_greyscale_FA_MoE.py - {'step': '3300', 'lr': '0.000132', 'total_loss': '0.0373218', 'main_loss': '0.0373218', 'time_per_step': '2.17917'}
2026-01-14 01:16:17,304 - train_greyscale_FA_MoE.py - {'step': '3400', 'lr': '0.000136', 'total_loss': '0.037321', 'main_loss': '0.037321', 'time_per_step': '2.1939'}
2026-01-14 01:20:03,596 - train_greyscale_FA_MoE.py - {'step': '3500', 'lr': '0.00014', 'total_loss': '0.0372683', 'main_loss': '0.0372683', 'time_per_step': '2.17056'}
2026-01-14 01:23:49,063 - train_greyscale_FA_MoE.py - {'step': '3600', 'lr': '0.000144', 'total_loss': '0.0336397', 'main_loss': '0.0336397', 'time_per_step': '2.11074'}
2026-01-14 01:27:35,893 - train_greyscale_FA_MoE.py - {'step': '3700', 'lr': '0.000148', 'total_loss': '0.0341378', 'main_loss': '0.0341378', 'time_per_step': '2.18568'}
2026-01-14 01:31:20,477 - train_greyscale_FA_MoE.py - {'step': '3800', 'lr': '0.000152', 'total_loss': '0.0364619', 'main_loss': '0.0364619', 'time_per_step': '2.18288'}
2026-01-14 01:35:06,475 - train_greyscale_FA_MoE.py - {'step': '3900', 'lr': '0.000156', 'total_loss': '0.0399846', 'main_loss': '0.0399846', 'time_per_step': '2.1875'}
2026-01-14 01:38:52,229 - train_greyscale_FA_MoE.py - {'step': '4000', 'lr': '0.00016', 'total_loss': '0.0406662', 'main_loss': '0.0406662', 'time_per_step': '2.18649'}
2026-01-14 01:42:37,639 - train_greyscale_FA_MoE.py - {'step': '4100', 'lr': '0.000164', 'total_loss': '0.0339698', 'main_loss': '0.0339698', 'time_per_step': '2.27698'}
2026-01-14 01:46:22,199 - train_greyscale_FA_MoE.py - {'step': '4200', 'lr': '0.000168', 'total_loss': '0.0299832', 'main_loss': '0.0299832', 'time_per_step': '2.20336'}
2026-01-14 01:50:08,075 - train_greyscale_FA_MoE.py - {'step': '4300', 'lr': '0.000172', 'total_loss': '0.0370421', 'main_loss': '0.0370421', 'time_per_step': '2.17079'}
2026-01-14 01:53:54,057 - train_greyscale_FA_MoE.py - {'step': '4400', 'lr': '0.000176', 'total_loss': '0.0344495', 'main_loss': '0.0344495', 'time_per_step': '2.16412'}
2026-01-14 01:57:40,248 - train_greyscale_FA_MoE.py - {'step': '4500', 'lr': '0.00018', 'total_loss': '0.0267712', 'main_loss': '0.0267712', 'time_per_step': '2.18747'}
2026-01-14 02:01:25,012 - train_greyscale_FA_MoE.py - {'step': '4600', 'lr': '0.000184', 'total_loss': '0.0365992', 'main_loss': '0.0365992', 'time_per_step': '2.17764'}
2026-01-14 02:05:10,755 - train_greyscale_FA_MoE.py - {'step': '4700', 'lr': '0.000188', 'total_loss': '0.035223', 'main_loss': '0.035223', 'time_per_step': '2.11531'}
2026-01-14 02:08:55,854 - train_greyscale_FA_MoE.py - {'step': '4800', 'lr': '0.000192', 'total_loss': '0.029351', 'main_loss': '0.029351', 'time_per_step': '2.10245'}
2026-01-14 02:12:42,493 - train_greyscale_FA_MoE.py - {'step': '4900', 'lr': '0.000196', 'total_loss': '0.0297558', 'main_loss': '0.0297558', 'time_per_step': '2.18323'}
2026-01-14 02:16:28,149 - train_greyscale_FA_MoE.py - {'step': '5000', 'lr': '0.0002', 'total_loss': '0.0341592', 'main_loss': '0.0341592', 'time_per_step': '2.17586'}
2026-01-14 02:20:13,981 - train_greyscale_FA_MoE.py - {'step': '5100', 'lr': '0.0002', 'total_loss': '0.0281939', 'main_loss': '0.0281939', 'time_per_step': '2.19641'}
2026-01-14 02:23:58,900 - train_greyscale_FA_MoE.py - {'step': '5200', 'lr': '0.0002', 'total_loss': '0.0314869', 'main_loss': '0.0314869', 'time_per_step': '2.19456'}
2026-01-14 02:27:43,593 - train_greyscale_FA_MoE.py - {'step': '5300', 'lr': '0.0002', 'total_loss': '0.0278115', 'main_loss': '0.0278115', 'time_per_step': '2.16692'}
2026-01-14 02:31:29,027 - train_greyscale_FA_MoE.py - {'step': '5400', 'lr': '0.0002', 'total_loss': '0.0253146', 'main_loss': '0.0253146', 'time_per_step': '2.18998'}
2026-01-14 02:35:14,278 - train_greyscale_FA_MoE.py - {'step': '5500', 'lr': '0.0002', 'total_loss': '0.0286032', 'main_loss': '0.0286032', 'time_per_step': '2.17838'}
2026-01-14 02:38:59,989 - train_greyscale_FA_MoE.py - {'step': '5600', 'lr': '0.0002', 'total_loss': '0.032876', 'main_loss': '0.032876', 'time_per_step': '2.19684'}
2026-01-14 02:42:45,662 - train_greyscale_FA_MoE.py - {'step': '5700', 'lr': '0.0002', 'total_loss': '0.0343891', 'main_loss': '0.0343891', 'time_per_step': '2.20041'}
2026-01-14 02:46:32,044 - train_greyscale_FA_MoE.py - {'step': '5800', 'lr': '0.0002', 'total_loss': '0.0246249', 'main_loss': '0.0246249', 'time_per_step': '2.19495'}
2026-01-14 02:50:19,152 - train_greyscale_FA_MoE.py - {'step': '5900', 'lr': '0.0002', 'total_loss': '0.0285572', 'main_loss': '0.0285572', 'time_per_step': '2.10235'}
2026-01-14 02:54:05,991 - train_greyscale_FA_MoE.py - {'step': '6000', 'lr': '0.0002', 'total_loss': '0.0337603', 'main_loss': '0.0337603', 'time_per_step': '2.10856'}
2026-01-14 02:57:52,821 - train_greyscale_FA_MoE.py - {'step': '6100', 'lr': '0.0002', 'total_loss': '0.0254507', 'main_loss': '0.0254507', 'time_per_step': '2.20774'}
2026-01-14 03:01:40,069 - train_greyscale_FA_MoE.py - {'step': '6200', 'lr': '0.0002', 'total_loss': '0.0334702', 'main_loss': '0.0334702', 'time_per_step': '2.22553'}
2026-01-14 03:05:28,719 - train_greyscale_FA_MoE.py - {'step': '6300', 'lr': '0.0002', 'total_loss': '0.0289597', 'main_loss': '0.0289597', 'time_per_step': '2.22359'}
2026-01-14 03:09:16,747 - train_greyscale_FA_MoE.py - {'step': '6400', 'lr': '0.0002', 'total_loss': '0.0313368', 'main_loss': '0.0313368', 'time_per_step': '2.24527'}
2026-01-14 03:13:04,622 - train_greyscale_FA_MoE.py - {'step': '6500', 'lr': '0.0002', 'total_loss': '0.027799', 'main_loss': '0.027799', 'time_per_step': '2.26984'}
2026-01-14 03:16:54,545 - train_greyscale_FA_MoE.py - {'step': '6600', 'lr': '0.0002', 'total_loss': '0.0259435', 'main_loss': '0.0259435', 'time_per_step': '2.22291'}
2026-01-14 03:20:43,057 - train_greyscale_FA_MoE.py - {'step': '6700', 'lr': '0.0002', 'total_loss': '0.0235418', 'main_loss': '0.0235418', 'time_per_step': '2.1939'}
2026-01-14 03:24:32,277 - train_greyscale_FA_MoE.py - {'step': '6800', 'lr': '0.0002', 'total_loss': '0.0310538', 'main_loss': '0.0310538', 'time_per_step': '2.23423'}
2026-01-14 03:28:19,954 - train_greyscale_FA_MoE.py - {'step': '6900', 'lr': '0.0002', 'total_loss': '0.0291277', 'main_loss': '0.0291277', 'time_per_step': '2.23758'}
2026-01-14 03:32:09,543 - train_greyscale_FA_MoE.py - {'step': '7000', 'lr': '0.0002', 'total_loss': '0.0237849', 'main_loss': '0.0237849', 'time_per_step': '2.22144'}
2026-01-14 03:35:58,476 - train_greyscale_FA_MoE.py - {'step': '7100', 'lr': '0.0002', 'total_loss': '0.029989', 'main_loss': '0.029989', 'time_per_step': '2.09642'}
2026-01-14 03:39:46,601 - train_greyscale_FA_MoE.py - {'step': '7200', 'lr': '0.0002', 'total_loss': '0.0306887', 'main_loss': '0.0306887', 'time_per_step': '2.10697'}
2026-01-14 03:43:35,037 - train_greyscale_FA_MoE.py - {'step': '7300', 'lr': '0.0002', 'total_loss': '0.0226208', 'main_loss': '0.0226208', 'time_per_step': '2.27727'}
2026-01-14 03:47:24,262 - train_greyscale_FA_MoE.py - {'step': '7400', 'lr': '0.0002', 'total_loss': '0.0258079', 'main_loss': '0.0258079', 'time_per_step': '2.23899'}
2026-01-14 03:51:13,008 - train_greyscale_FA_MoE.py - {'step': '7500', 'lr': '0.0002', 'total_loss': '0.0262353', 'main_loss': '0.0262353', 'time_per_step': '2.21968'}
2026-01-14 03:55:01,514 - train_greyscale_FA_MoE.py - {'step': '7600', 'lr': '0.0002', 'total_loss': '0.0274071', 'main_loss': '0.0274071', 'time_per_step': '2.21708'}
2026-01-14 03:58:49,135 - train_greyscale_FA_MoE.py - {'step': '7700', 'lr': '0.0002', 'total_loss': '0.025383', 'main_loss': '0.025383', 'time_per_step': '2.2031'}
2026-01-14 04:02:37,633 - train_greyscale_FA_MoE.py - {'step': '7800', 'lr': '0.0002', 'total_loss': '0.0203907', 'main_loss': '0.0203907', 'time_per_step': '2.40913'}
2026-01-14 04:06:25,595 - train_greyscale_FA_MoE.py - {'step': '7900', 'lr': '0.0002', 'total_loss': '0.0276495', 'main_loss': '0.0276495', 'time_per_step': '2.20904'}
2026-01-14 04:10:14,372 - train_greyscale_FA_MoE.py - {'step': '8000', 'lr': '0.0002', 'total_loss': '0.0216224', 'main_loss': '0.0216224', 'time_per_step': '2.21556'}
2026-01-14 04:14:01,993 - train_greyscale_FA_MoE.py - {'step': '8100', 'lr': '0.0002', 'total_loss': '0.0276426', 'main_loss': '0.0276426', 'time_per_step': '2.22121'}
2026-01-14 04:17:51,606 - train_greyscale_FA_MoE.py - {'step': '8200', 'lr': '0.0002', 'total_loss': '0.0227246', 'main_loss': '0.0227246', 'time_per_step': '2.22326'}
2026-01-14 04:21:40,207 - train_greyscale_FA_MoE.py - {'step': '8300', 'lr': '0.0002', 'total_loss': '0.0254869', 'main_loss': '0.0254869', 'time_per_step': '2.11221'}
2026-01-14 04:25:28,185 - train_greyscale_FA_MoE.py - {'step': '8400', 'lr': '0.0002', 'total_loss': '0.0240053', 'main_loss': '0.0240053', 'time_per_step': '2.08454'}
2026-01-14 04:29:16,362 - train_greyscale_FA_MoE.py - {'step': '8500', 'lr': '0.0002', 'total_loss': '0.0219583', 'main_loss': '0.0219583', 'time_per_step': '2.21889'}
2026-01-14 04:33:07,294 - train_greyscale_FA_MoE.py - {'step': '8600', 'lr': '0.0002', 'total_loss': '0.0211872', 'main_loss': '0.0211872', 'time_per_step': '2.21392'}
2026-01-14 04:36:56,131 - train_greyscale_FA_MoE.py - {'step': '8700', 'lr': '0.0002', 'total_loss': '0.0247939', 'main_loss': '0.0247939', 'time_per_step': '2.22823'}
2026-01-14 04:40:45,227 - train_greyscale_FA_MoE.py - {'step': '8800', 'lr': '0.0002', 'total_loss': '0.0246666', 'main_loss': '0.0246666', 'time_per_step': '2.18839'}
2026-01-14 04:44:32,518 - train_greyscale_FA_MoE.py - {'step': '8900', 'lr': '0.0002', 'total_loss': '0.025362', 'main_loss': '0.025362', 'time_per_step': '2.22891'}
2026-01-14 04:48:21,190 - train_greyscale_FA_MoE.py - {'step': '9000', 'lr': '0.0002', 'total_loss': '0.0243848', 'main_loss': '0.0243848', 'time_per_step': '2.21189'}
2026-01-14 04:52:10,313 - train_greyscale_FA_MoE.py - {'step': '9100', 'lr': '0.0002', 'total_loss': '0.0256586', 'main_loss': '0.0256586', 'time_per_step': '2.2099'}
2026-01-14 04:55:58,961 - train_greyscale_FA_MoE.py - {'step': '9200', 'lr': '0.0002', 'total_loss': '0.0248064', 'main_loss': '0.0248064', 'time_per_step': '2.24731'}
2026-01-14 04:59:46,768 - train_greyscale_FA_MoE.py - {'step': '9300', 'lr': '0.0002', 'total_loss': '0.0288733', 'main_loss': '0.0288733', 'time_per_step': '2.25016'}
2026-01-14 05:03:35,480 - train_greyscale_FA_MoE.py - {'step': '9400', 'lr': '0.0002', 'total_loss': '0.019769', 'main_loss': '0.019769', 'time_per_step': '2.29836'}
2026-01-14 05:07:23,976 - train_greyscale_FA_MoE.py - {'step': '9500', 'lr': '0.0002', 'total_loss': '0.0226422', 'main_loss': '0.0226422', 'time_per_step': '2.12029'}
2026-01-14 05:11:12,138 - train_greyscale_FA_MoE.py - {'step': '9600', 'lr': '0.0002', 'total_loss': '0.0224701', 'main_loss': '0.0224701', 'time_per_step': '2.11274'}
2026-01-14 05:15:02,038 - train_greyscale_FA_MoE.py - {'step': '9700', 'lr': '0.0002', 'total_loss': '0.0257747', 'main_loss': '0.0257747', 'time_per_step': '3.51636'}
2026-01-14 05:18:51,035 - train_greyscale_FA_MoE.py - {'step': '9800', 'lr': '0.0002', 'total_loss': '0.0208088', 'main_loss': '0.0208088', 'time_per_step': '2.2257'}
2026-01-14 05:22:39,693 - train_greyscale_FA_MoE.py - {'step': '9900', 'lr': '0.0002', 'total_loss': '0.0255487', 'main_loss': '0.0255487', 'time_per_step': '2.23394'}
2026-01-14 05:26:28,141 - train_greyscale_FA_MoE.py - {'step': '10000', 'lr': '0.0002', 'total_loss': '0.0217613', 'main_loss': '0.0217613', 'time_per_step': '2.23114'}
2026-01-14 05:30:17,167 - train_greyscale_FA_MoE.py - {'step': '10100', 'lr': '0.0002', 'total_loss': '0.0202538', 'main_loss': '0.0202538', 'time_per_step': '2.21568'}
2026-01-14 05:34:04,924 - train_greyscale_FA_MoE.py - {'step': '10200', 'lr': '0.0002', 'total_loss': '0.0175706', 'main_loss': '0.0175706', 'time_per_step': '2.30743'}
2026-01-14 05:37:54,033 - train_greyscale_FA_MoE.py - {'step': '10300', 'lr': '0.0002', 'total_loss': '0.0202509', 'main_loss': '0.0202509', 'time_per_step': '2.24233'}
2026-01-14 05:41:42,778 - train_greyscale_FA_MoE.py - {'step': '10400', 'lr': '0.0002', 'total_loss': '0.0167155', 'main_loss': '0.0167155', 'time_per_step': '2.21901'}
2026-01-14 05:45:31,424 - train_greyscale_FA_MoE.py - {'step': '10500', 'lr': '0.0002', 'total_loss': '0.0166207', 'main_loss': '0.0166207', 'time_per_step': '2.23881'}
2026-01-14 05:49:19,247 - train_greyscale_FA_MoE.py - {'step': '10600', 'lr': '0.0002', 'total_loss': '0.0171349', 'main_loss': '0.0171349', 'time_per_step': '2.19257'}
2026-01-14 05:53:07,994 - train_greyscale_FA_MoE.py - {'step': '10700', 'lr': '0.0002', 'total_loss': '0.0229513', 'main_loss': '0.0229513', 'time_per_step': '2.11604'}
2026-01-14 05:56:56,607 - train_greyscale_FA_MoE.py - {'step': '10800', 'lr': '0.0002', 'total_loss': '0.0253471', 'main_loss': '0.0253471', 'time_per_step': '2.10647'}
2026-01-14 06:00:46,184 - train_greyscale_FA_MoE.py - {'step': '10900', 'lr': '0.0002', 'total_loss': '0.0228249', 'main_loss': '0.0228249', 'time_per_step': '2.23392'}
2026-01-14 06:04:34,140 - train_greyscale_FA_MoE.py - {'step': '11000', 'lr': '0.0002', 'total_loss': '0.0190336', 'main_loss': '0.0190336', 'time_per_step': '2.30066'}
2026-01-14 06:08:23,257 - train_greyscale_FA_MoE.py - {'step': '11100', 'lr': '0.0002', 'total_loss': '0.0203088', 'main_loss': '0.0203088', 'time_per_step': '2.25003'}
2026-01-14 06:12:11,914 - train_greyscale_FA_MoE.py - {'step': '11200', 'lr': '0.0002', 'total_loss': '0.0211168', 'main_loss': '0.0211168', 'time_per_step': '2.15512'}
2026-01-14 06:16:01,019 - train_greyscale_FA_MoE.py - {'step': '11300', 'lr': '0.0002', 'total_loss': '0.0170104', 'main_loss': '0.0170104', 'time_per_step': '2.21715'}
2026-01-14 06:19:48,626 - train_greyscale_FA_MoE.py - {'step': '11400', 'lr': '0.0002', 'total_loss': '0.0210665', 'main_loss': '0.0210665', 'time_per_step': '2.20721'}
2026-01-14 06:23:37,494 - train_greyscale_FA_MoE.py - {'step': '11500', 'lr': '0.0002', 'total_loss': '0.0162615', 'main_loss': '0.0162615', 'time_per_step': '2.3487'}
2026-01-14 06:27:26,280 - train_greyscale_FA_MoE.py - {'step': '11600', 'lr': '0.0002', 'total_loss': '0.0194654', 'main_loss': '0.0194654', 'time_per_step': '2.23035'}
2026-01-14 06:31:14,903 - train_greyscale_FA_MoE.py - {'step': '11700', 'lr': '0.0002', 'total_loss': '0.0208524', 'main_loss': '0.0208524', 'time_per_step': '2.21687'}
2026-01-14 06:35:02,698 - train_greyscale_FA_MoE.py - {'step': '11800', 'lr': '0.0002', 'total_loss': '0.0221041', 'main_loss': '0.0221041', 'time_per_step': '2.22526'}
2026-01-14 06:38:51,547 - train_greyscale_FA_MoE.py - {'step': '11900', 'lr': '0.0002', 'total_loss': '0.0169329', 'main_loss': '0.0169329', 'time_per_step': '2.10455'}
2026-01-14 06:42:40,127 - train_greyscale_FA_MoE.py - {'step': '12000', 'lr': '0.0002', 'total_loss': '0.023248', 'main_loss': '0.023248', 'time_per_step': '2.10808'}
2026-01-14 06:46:28,749 - train_greyscale_FA_MoE.py - {'step': '12100', 'lr': '0.0002', 'total_loss': '0.0200992', 'main_loss': '0.0200992', 'time_per_step': '2.20757'}
2026-01-14 06:50:16,762 - train_greyscale_FA_MoE.py - {'step': '12200', 'lr': '0.0002', 'total_loss': '0.0179329', 'main_loss': '0.0179329', 'time_per_step': '2.2223'}
2026-01-14 06:54:04,682 - train_greyscale_FA_MoE.py - {'step': '12300', 'lr': '0.0002', 'total_loss': '0.0179046', 'main_loss': '0.0179046', 'time_per_step': '2.26717'}
2026-01-14 06:57:53,507 - train_greyscale_FA_MoE.py - {'step': '12400', 'lr': '0.0002', 'total_loss': '0.0189946', 'main_loss': '0.0189946', 'time_per_step': '2.23533'}
2026-01-14 07:01:42,663 - train_greyscale_FA_MoE.py - {'step': '12500', 'lr': '0.0002', 'total_loss': '0.0213687', 'main_loss': '0.0213687', 'time_per_step': '2.23346'}
2026-01-14 07:05:30,364 - train_greyscale_FA_MoE.py - {'step': '12600', 'lr': '0.0002', 'total_loss': '0.0176408', 'main_loss': '0.0176408', 'time_per_step': '2.21511'}
2026-01-14 07:09:18,874 - train_greyscale_FA_MoE.py - {'step': '12700', 'lr': '0.0002', 'total_loss': '0.0205192', 'main_loss': '0.0205192', 'time_per_step': '2.2411'}
2026-01-14 07:13:07,542 - train_greyscale_FA_MoE.py - {'step': '12800', 'lr': '0.0002', 'total_loss': '0.0222623', 'main_loss': '0.0222623', 'time_per_step': '2.21662'}
2026-01-14 07:16:56,799 - train_greyscale_FA_MoE.py - {'step': '12900', 'lr': '0.0002', 'total_loss': '0.0163123', 'main_loss': '0.0163123', 'time_per_step': '2.23108'}
2026-01-14 07:20:44,580 - train_greyscale_FA_MoE.py - {'step': '13000', 'lr': '0.0002', 'total_loss': '0.0212936', 'main_loss': '0.0212936', 'time_per_step': '2.22545'}
2026-01-14 07:24:33,008 - train_greyscale_FA_MoE.py - {'step': '13100', 'lr': '0.0002', 'total_loss': '0.0221196', 'main_loss': '0.0221196', 'time_per_step': '2.0961'}
2026-01-14 07:28:21,186 - train_greyscale_FA_MoE.py - {'step': '13200', 'lr': '0.0002', 'total_loss': '0.0232211', 'main_loss': '0.0232211', 'time_per_step': '2.11181'}
2026-01-14 07:32:14,525 - train_greyscale_FA_MoE.py - {'step': '13300', 'lr': '0.0002', 'total_loss': '0.021722', 'main_loss': '0.021722', 'time_per_step': '2.18964'}
2026-01-14 07:36:01,990 - train_greyscale_FA_MoE.py - {'step': '13400', 'lr': '0.0002', 'total_loss': '0.0196363', 'main_loss': '0.0196363', 'time_per_step': '2.23319'}
2026-01-14 07:39:50,350 - train_greyscale_FA_MoE.py - {'step': '13500', 'lr': '0.0002', 'total_loss': '0.017685', 'main_loss': '0.017685', 'time_per_step': '2.2491'}
2026-01-14 07:43:38,813 - train_greyscale_FA_MoE.py - {'step': '13600', 'lr': '0.0002', 'total_loss': '0.0220253', 'main_loss': '0.0220253', 'time_per_step': '2.23678'}
2026-01-14 07:47:27,449 - train_greyscale_FA_MoE.py - {'step': '13700', 'lr': '0.0002', 'total_loss': '0.019605', 'main_loss': '0.019605', 'time_per_step': '2.18463'}
2026-01-14 07:51:14,870 - train_greyscale_FA_MoE.py - {'step': '13800', 'lr': '0.0002', 'total_loss': '0.0176687', 'main_loss': '0.0176687', 'time_per_step': '2.22565'}
2026-01-14 07:55:03,966 - train_greyscale_FA_MoE.py - {'step': '13900', 'lr': '0.0002', 'total_loss': '0.0144802', 'main_loss': '0.0144802', 'time_per_step': '2.25667'}
2026-01-14 07:58:53,092 - train_greyscale_FA_MoE.py - {'step': '14000', 'lr': '0.0002', 'total_loss': '0.018874', 'main_loss': '0.018874', 'time_per_step': '2.21841'}
2026-01-14 08:02:41,786 - train_greyscale_FA_MoE.py - {'step': '14100', 'lr': '0.0002', 'total_loss': '0.0210003', 'main_loss': '0.0210003', 'time_per_step': '2.21203'}
2026-01-14 08:06:30,064 - train_greyscale_FA_MoE.py - {'step': '14200', 'lr': '0.0002', 'total_loss': '0.0184645', 'main_loss': '0.0184645', 'time_per_step': '2.20596'}
2026-01-14 08:10:18,690 - train_greyscale_FA_MoE.py - {'step': '14300', 'lr': '0.0002', 'total_loss': '0.0170206', 'main_loss': '0.0170206', 'time_per_step': '2.10455'}
2026-01-14 08:14:06,764 - train_greyscale_FA_MoE.py - {'step': '14400', 'lr': '0.0002', 'total_loss': '0.0153022', 'main_loss': '0.0153022', 'time_per_step': '2.11329'}
2026-01-14 08:17:56,235 - train_greyscale_FA_MoE.py - {'step': '14500', 'lr': '0.0002', 'total_loss': '0.0200498', 'main_loss': '0.0200498', 'time_per_step': '2.22055'}
2026-01-14 08:21:43,747 - train_greyscale_FA_MoE.py - {'step': '14600', 'lr': '0.0002', 'total_loss': '0.0160285', 'main_loss': '0.0160285', 'time_per_step': '2.20112'}
2026-01-14 08:25:32,520 - train_greyscale_FA_MoE.py - {'step': '14700', 'lr': '0.0002', 'total_loss': '0.0169115', 'main_loss': '0.0169115', 'time_per_step': '2.22754'}
2026-01-14 08:29:26,260 - train_greyscale_FA_MoE.py - {'step': '14800', 'lr': '0.0002', 'total_loss': '0.0157581', 'main_loss': '0.0157581', 'time_per_step': '2.24303'}
2026-01-14 08:33:26,354 - train_greyscale_FA_MoE.py - {'step': '14900', 'lr': '0.0002', 'total_loss': '0.0167604', 'main_loss': '0.0167604', 'time_per_step': '2.25438'}
2026-01-14 08:37:22,062 - train_greyscale_FA_MoE.py - {'step': '15000', 'lr': '0.0002', 'total_loss': '0.0205525', 'main_loss': '0.0205525', 'time_per_step': '2.21841'}
2026-01-14 08:41:15,741 - train_greyscale_FA_MoE.py - {'step': '15100', 'lr': '0.0002', 'total_loss': '0.0159992', 'main_loss': '0.0159992', 'time_per_step': '2.22794'}
2026-01-14 08:45:11,221 - train_greyscale_FA_MoE.py - {'step': '15200', 'lr': '0.0002', 'total_loss': '0.0114246', 'main_loss': '0.0114246', 'time_per_step': '2.20987'}
2026-01-14 08:49:01,963 - train_greyscale_FA_MoE.py - {'step': '15300', 'lr': '0.0002', 'total_loss': '0.0145294', 'main_loss': '0.0145294', 'time_per_step': '2.22131'}
2026-01-14 08:52:49,398 - train_greyscale_FA_MoE.py - {'step': '15400', 'lr': '0.0002', 'total_loss': '0.0201289', 'main_loss': '0.0201289', 'time_per_step': '2.20852'}
2026-01-14 08:56:38,033 - train_greyscale_FA_MoE.py - {'step': '15500', 'lr': '0.0002', 'total_loss': '0.0135619', 'main_loss': '0.0135619', 'time_per_step': '2.10021'}
2026-01-14 09:00:25,258 - train_greyscale_FA_MoE.py - {'step': '15600', 'lr': '0.0002', 'total_loss': '0.013931', 'main_loss': '0.013931', 'time_per_step': '2.10268'}
2026-01-14 09:04:14,440 - train_greyscale_FA_MoE.py - {'step': '15700', 'lr': '0.0002', 'total_loss': '0.0157047', 'main_loss': '0.0157047', 'time_per_step': '2.22137'}
2026-01-14 09:08:02,104 - train_greyscale_FA_MoE.py - {'step': '15800', 'lr': '0.0002', 'total_loss': '0.0152801', 'main_loss': '0.0152801', 'time_per_step': '2.23628'}
2026-01-14 09:11:50,425 - train_greyscale_FA_MoE.py - {'step': '15900', 'lr': '0.0002', 'total_loss': '0.0130349', 'main_loss': '0.0130349', 'time_per_step': '2.18811'}
2026-01-14 09:15:38,853 - train_greyscale_FA_MoE.py - {'step': '16000', 'lr': '0.0002', 'total_loss': '0.0157384', 'main_loss': '0.0157384', 'time_per_step': '2.22506'}
2026-01-14 09:19:27,081 - train_greyscale_FA_MoE.py - {'step': '16100', 'lr': '0.0002', 'total_loss': '0.0182843', 'main_loss': '0.0182843', 'time_per_step': '2.19568'}
2026-01-14 09:23:14,669 - train_greyscale_FA_MoE.py - {'step': '16200', 'lr': '0.0002', 'total_loss': '0.0160052', 'main_loss': '0.0160052', 'time_per_step': '2.20084'}
2026-01-14 09:27:03,654 - train_greyscale_FA_MoE.py - {'step': '16300', 'lr': '0.0002', 'total_loss': '0.0166248', 'main_loss': '0.0166248', 'time_per_step': '2.26621'}
2026-01-14 09:30:52,501 - train_greyscale_FA_MoE.py - {'step': '16400', 'lr': '0.0002', 'total_loss': '0.0148301', 'main_loss': '0.0148301', 'time_per_step': '2.19483'}
2026-01-14 09:34:41,266 - train_greyscale_FA_MoE.py - {'step': '16500', 'lr': '0.0002', 'total_loss': '0.0224394', 'main_loss': '0.0224394', 'time_per_step': '2.2171'}
2026-01-14 09:38:30,264 - train_greyscale_FA_MoE.py - {'step': '16600', 'lr': '0.0002', 'total_loss': '0.0255347', 'main_loss': '0.0255347', 'time_per_step': '2.23132'}
2026-01-14 09:42:18,811 - train_greyscale_FA_MoE.py - {'step': '16700', 'lr': '0.0002', 'total_loss': '0.0126347', 'main_loss': '0.0126347', 'time_per_step': '2.10324'}
2026-01-14 09:46:08,047 - train_greyscale_FA_MoE.py - {'step': '16800', 'lr': '0.0002', 'total_loss': '0.0132528', 'main_loss': '0.0132528', 'time_per_step': '2.12076'}
2026-01-14 09:49:57,818 - train_greyscale_FA_MoE.py - {'step': '16900', 'lr': '0.0002', 'total_loss': '0.0194458', 'main_loss': '0.0194458', 'time_per_step': '2.24902'}
2026-01-14 09:53:46,800 - train_greyscale_FA_MoE.py - {'step': '17000', 'lr': '0.0002', 'total_loss': '0.0202029', 'main_loss': '0.0202029', 'time_per_step': '2.22514'}
2026-01-14 09:57:34,159 - train_greyscale_FA_MoE.py - {'step': '17100', 'lr': '0.0002', 'total_loss': '0.0199762', 'main_loss': '0.0199762', 'time_per_step': '2.29996'}
2026-01-14 10:01:23,193 - train_greyscale_FA_MoE.py - {'step': '17200', 'lr': '0.0002', 'total_loss': '0.0179713', 'main_loss': '0.0179713', 'time_per_step': '2.23161'}
2026-01-14 10:05:11,891 - train_greyscale_FA_MoE.py - {'step': '17300', 'lr': '0.0002', 'total_loss': '0.0177605', 'main_loss': '0.0177605', 'time_per_step': '2.2065'}
2026-01-14 10:09:01,106 - train_greyscale_FA_MoE.py - {'step': '17400', 'lr': '0.0002', 'total_loss': '0.0183166', 'main_loss': '0.0183166', 'time_per_step': '2.22932'}
2026-01-14 10:12:48,840 - train_greyscale_FA_MoE.py - {'step': '17500', 'lr': '0.0002', 'total_loss': '0.0226295', 'main_loss': '0.0226295', 'time_per_step': '2.22431'}
2026-01-14 10:16:38,301 - train_greyscale_FA_MoE.py - {'step': '17600', 'lr': '0.0002', 'total_loss': '0.0133139', 'main_loss': '0.0133139', 'time_per_step': '2.21867'}
2026-01-14 10:20:26,815 - train_greyscale_FA_MoE.py - {'step': '17700', 'lr': '0.0002', 'total_loss': '0.0195028', 'main_loss': '0.0195028', 'time_per_step': '2.21621'}
2026-01-14 10:24:15,120 - train_greyscale_FA_MoE.py - {'step': '17800', 'lr': '0.0002', 'total_loss': '0.0180555', 'main_loss': '0.0180555', 'time_per_step': '2.20066'}
2026-01-14 10:28:02,961 - train_greyscale_FA_MoE.py - {'step': '17900', 'lr': '0.0002', 'total_loss': '0.0143083', 'main_loss': '0.0143083', 'time_per_step': '2.10457'}
2026-01-14 10:31:51,272 - train_greyscale_FA_MoE.py - {'step': '18000', 'lr': '0.0002', 'total_loss': '0.0189601', 'main_loss': '0.0189601', 'time_per_step': '2.10612'}
2026-01-14 10:35:40,739 - train_greyscale_FA_MoE.py - {'step': '18100', 'lr': '0.0002', 'total_loss': '0.0180715', 'main_loss': '0.0180715', 'time_per_step': '2.21891'}
2026-01-14 10:39:28,628 - train_greyscale_FA_MoE.py - {'step': '18200', 'lr': '0.0002', 'total_loss': '0.0146931', 'main_loss': '0.0146931', 'time_per_step': '2.24985'}
2026-01-14 10:43:15,905 - train_greyscale_FA_MoE.py - {'step': '18300', 'lr': '0.0002', 'total_loss': '0.0175444', 'main_loss': '0.0175444', 'time_per_step': '2.1986'}
2026-01-14 10:47:03,567 - train_greyscale_FA_MoE.py - {'step': '18400', 'lr': '0.0002', 'total_loss': '0.0173907', 'main_loss': '0.0173907', 'time_per_step': '2.26715'}
2026-01-14 10:50:51,674 - train_greyscale_FA_MoE.py - {'step': '18500', 'lr': '0.0002', 'total_loss': '0.0206928', 'main_loss': '0.0206928', 'time_per_step': '2.21946'}
2026-01-14 10:54:39,952 - train_greyscale_FA_MoE.py - {'step': '18600', 'lr': '0.0002', 'total_loss': '0.0220632', 'main_loss': '0.0220632', 'time_per_step': '2.25754'}
2026-01-14 10:58:27,072 - train_greyscale_FA_MoE.py - {'step': '18700', 'lr': '0.0002', 'total_loss': '0.0162312', 'main_loss': '0.0162312', 'time_per_step': '2.22501'}
2026-01-14 11:02:15,444 - train_greyscale_FA_MoE.py - {'step': '18800', 'lr': '0.0002', 'total_loss': '0.0135164', 'main_loss': '0.0135164', 'time_per_step': '2.21476'}
2026-01-14 11:06:03,086 - train_greyscale_FA_MoE.py - {'step': '18900', 'lr': '0.0002', 'total_loss': '0.015935', 'main_loss': '0.015935', 'time_per_step': '2.23513'}
2026-01-14 11:09:51,714 - train_greyscale_FA_MoE.py - {'step': '19000', 'lr': '0.0002', 'total_loss': '0.0152485', 'main_loss': '0.0152485', 'time_per_step': '2.22717'}
2026-01-14 11:13:38,603 - train_greyscale_FA_MoE.py - {'step': '19100', 'lr': '0.0002', 'total_loss': '0.0158771', 'main_loss': '0.0158771', 'time_per_step': '2.09532'}
2026-01-14 11:17:25,866 - train_greyscale_FA_MoE.py - {'step': '19200', 'lr': '0.0002', 'total_loss': '0.0165248', 'main_loss': '0.0165248', 'time_per_step': '2.09437'}
2026-01-14 11:21:13,842 - train_greyscale_FA_MoE.py - {'step': '19300', 'lr': '0.0002', 'total_loss': '0.0166377', 'main_loss': '0.0166377', 'time_per_step': '2.34973'}
2026-01-14 11:25:01,013 - train_greyscale_FA_MoE.py - {'step': '19400', 'lr': '0.0002', 'total_loss': '0.0168318', 'main_loss': '0.0168318', 'time_per_step': '2.24907'}
2026-01-14 11:28:48,229 - train_greyscale_FA_MoE.py - {'step': '19500', 'lr': '0.0002', 'total_loss': '0.0147749', 'main_loss': '0.0147749', 'time_per_step': '2.19513'}
2026-01-14 11:32:36,760 - train_greyscale_FA_MoE.py - {'step': '19600', 'lr': '0.0002', 'total_loss': '0.0128034', 'main_loss': '0.0128034', 'time_per_step': '2.23232'}
2026-01-14 11:36:24,636 - train_greyscale_FA_MoE.py - {'step': '19700', 'lr': '0.0002', 'total_loss': '0.015785', 'main_loss': '0.015785', 'time_per_step': '2.20883'}
2026-01-14 11:40:11,694 - train_greyscale_FA_MoE.py - {'step': '19800', 'lr': '0.0002', 'total_loss': '0.01018', 'main_loss': '0.01018', 'time_per_step': '2.21156'}
2026-01-14 11:43:59,842 - train_greyscale_FA_MoE.py - {'step': '19900', 'lr': '0.0002', 'total_loss': '0.0122626', 'main_loss': '0.0122626', 'time_per_step': '2.22077'}
2026-01-14 11:47:48,168 - train_greyscale_FA_MoE.py - {'step': '20000', 'lr': '0.0002', 'total_loss': '0.0190151', 'main_loss': '0.0190151', 'time_per_step': '2.24824'}
2026-01-14 11:51:36,736 - train_greyscale_FA_MoE.py - {'step': '20100', 'lr': '0.0002', 'total_loss': '0.0157114', 'main_loss': '0.0157114', 'time_per_step': '2.24344'}
2026-01-14 11:55:23,787 - train_greyscale_FA_MoE.py - {'step': '20200', 'lr': '0.0002', 'total_loss': '0.0134402', 'main_loss': '0.0134402', 'time_per_step': '2.2195'}
2026-01-14 11:59:11,571 - train_greyscale_FA_MoE.py - {'step': '20300', 'lr': '0.0002', 'total_loss': '0.0169073', 'main_loss': '0.0169073', 'time_per_step': '2.09477'}
2026-01-14 12:02:59,725 - train_greyscale_FA_MoE.py - {'step': '20400', 'lr': '0.0002', 'total_loss': '0.0154808', 'main_loss': '0.0154808', 'time_per_step': '2.09165'}
2026-01-14 12:06:49,036 - train_greyscale_FA_MoE.py - {'step': '20500', 'lr': '0.0002', 'total_loss': '0.0124837', 'main_loss': '0.0124837', 'time_per_step': '2.20664'}
2026-01-14 12:10:36,367 - train_greyscale_FA_MoE.py - {'step': '20600', 'lr': '0.0002', 'total_loss': '0.0147645', 'main_loss': '0.0147645', 'time_per_step': '2.23816'}
2026-01-14 12:14:24,120 - train_greyscale_FA_MoE.py - {'step': '20700', 'lr': '0.0002', 'total_loss': '0.0128871', 'main_loss': '0.0128871', 'time_per_step': '2.20587'}
2026-01-14 12:18:13,482 - train_greyscale_FA_MoE.py - {'step': '20800', 'lr': '0.0002', 'total_loss': '0.0144723', 'main_loss': '0.0144723', 'time_per_step': '2.20874'}
2026-01-14 12:22:01,696 - train_greyscale_FA_MoE.py - {'step': '20900', 'lr': '0.0002', 'total_loss': '0.0159828', 'main_loss': '0.0159828', 'time_per_step': '2.08107'}
2026-01-14 12:25:52,295 - train_greyscale_FA_MoE.py - {'step': '21000', 'lr': '0.0002', 'total_loss': '0.019178', 'main_loss': '0.019178', 'time_per_step': '3.425'}
2026-01-14 12:29:39,808 - train_greyscale_FA_MoE.py - {'step': '21100', 'lr': '0.0002', 'total_loss': '0.0158138', 'main_loss': '0.0158138', 'time_per_step': '2.20556'}
2026-01-14 12:33:28,013 - train_greyscale_FA_MoE.py - {'step': '21200', 'lr': '0.0002', 'total_loss': '0.0189562', 'main_loss': '0.0189562', 'time_per_step': '2.2168'}
2026-01-14 12:37:16,642 - train_greyscale_FA_MoE.py - {'step': '21300', 'lr': '0.0002', 'total_loss': '0.0124929', 'main_loss': '0.0124929', 'time_per_step': '2.23345'}
2026-01-14 12:41:04,724 - train_greyscale_FA_MoE.py - {'step': '21400', 'lr': '0.0002', 'total_loss': '0.0165446', 'main_loss': '0.0165446', 'time_per_step': '3.41827'}
2026-01-14 12:44:51,578 - train_greyscale_FA_MoE.py - {'step': '21500', 'lr': '0.0002', 'total_loss': '0.0153349', 'main_loss': '0.0153349', 'time_per_step': '2.10964'}
2026-01-14 12:48:41,262 - train_greyscale_FA_MoE.py - {'step': '21600', 'lr': '0.0002', 'total_loss': '0.0158539', 'main_loss': '0.0158539', 'time_per_step': '2.09403'}
2026-01-14 12:52:29,818 - train_greyscale_FA_MoE.py - {'step': '21700', 'lr': '0.0002', 'total_loss': '0.0142683', 'main_loss': '0.0142683', 'time_per_step': '2.20884'}
2026-01-14 12:56:18,216 - train_greyscale_FA_MoE.py - {'step': '21800', 'lr': '0.0002', 'total_loss': '0.0149513', 'main_loss': '0.0149513', 'time_per_step': '2.21195'}
2026-01-14 13:00:04,988 - train_greyscale_FA_MoE.py - {'step': '21900', 'lr': '0.0002', 'total_loss': '0.0138196', 'main_loss': '0.0138196', 'time_per_step': '2.3174'}
2026-01-14 13:03:53,176 - train_greyscale_FA_MoE.py - {'step': '22000', 'lr': '0.0002', 'total_loss': '0.0175654', 'main_loss': '0.0175654', 'time_per_step': '2.21324'}
2026-01-14 13:07:41,605 - train_greyscale_FA_MoE.py - {'step': '22100', 'lr': '0.0002', 'total_loss': '0.0126265', 'main_loss': '0.0126265', 'time_per_step': '2.22404'}
2026-01-14 13:11:28,858 - train_greyscale_FA_MoE.py - {'step': '22200', 'lr': '0.0002', 'total_loss': '0.0167247', 'main_loss': '0.0167247', 'time_per_step': '2.25472'}
2026-01-14 13:15:17,844 - train_greyscale_FA_MoE.py - {'step': '22300', 'lr': '0.0002', 'total_loss': '0.0181279', 'main_loss': '0.0181279', 'time_per_step': '2.2224'}
2026-01-14 13:19:07,062 - train_greyscale_FA_MoE.py - {'step': '22400', 'lr': '0.0002', 'total_loss': '0.0123561', 'main_loss': '0.0123561', 'time_per_step': '2.201'}
2026-01-14 13:22:56,169 - train_greyscale_FA_MoE.py - {'step': '22500', 'lr': '0.0002', 'total_loss': '0.0152948', 'main_loss': '0.0152948', 'time_per_step': '2.17205'}
2026-01-14 13:26:45,486 - train_greyscale_FA_MoE.py - {'step': '22600', 'lr': '0.0002', 'total_loss': '0.0195456', 'main_loss': '0.0195456', 'time_per_step': '2.21272'}
2026-01-14 13:30:32,370 - train_greyscale_FA_MoE.py - {'step': '22700', 'lr': '0.0002', 'total_loss': '0.015156', 'main_loss': '0.015156', 'time_per_step': '2.0949'}
2026-01-14 13:34:21,250 - train_greyscale_FA_MoE.py - {'step': '22800', 'lr': '0.0002', 'total_loss': '0.0215966', 'main_loss': '0.0215966', 'time_per_step': '2.12003'}
2026-01-14 13:38:09,348 - train_greyscale_FA_MoE.py - {'step': '22900', 'lr': '0.0002', 'total_loss': '0.0140975', 'main_loss': '0.0140975', 'time_per_step': '2.23095'}
2026-01-14 13:42:00,038 - train_greyscale_FA_MoE.py - {'step': '23000', 'lr': '0.0002', 'total_loss': '0.0137033', 'main_loss': '0.0137033', 'time_per_step': '2.25985'}
2026-01-14 13:45:47,066 - train_greyscale_FA_MoE.py - {'step': '23100', 'lr': '0.0002', 'total_loss': '0.0143163', 'main_loss': '0.0143163', 'time_per_step': '2.20234'}
2026-01-14 13:49:36,907 - train_greyscale_FA_MoE.py - {'step': '23200', 'lr': '0.0002', 'total_loss': '0.00920539', 'main_loss': '0.00920539', 'time_per_step': '2.23856'}
2026-01-14 13:53:25,020 - train_greyscale_FA_MoE.py - {'step': '23300', 'lr': '0.0002', 'total_loss': '0.0126967', 'main_loss': '0.0126967', 'time_per_step': '2.22565'}
2026-01-14 13:57:14,954 - train_greyscale_FA_MoE.py - {'step': '23400', 'lr': '0.0002', 'total_loss': '0.0153641', 'main_loss': '0.0153641', 'time_per_step': '2.19408'}
2026-01-14 14:01:02,065 - train_greyscale_FA_MoE.py - {'step': '23500', 'lr': '0.0002', 'total_loss': '0.0129361', 'main_loss': '0.0129361', 'time_per_step': '2.23369'}
2026-01-14 14:04:53,165 - train_greyscale_FA_MoE.py - {'step': '23600', 'lr': '0.0002', 'total_loss': '0.0178819', 'main_loss': '0.0178819', 'time_per_step': '2.20423'}
2026-01-14 14:08:40,881 - train_greyscale_FA_MoE.py - {'step': '23700', 'lr': '0.0002', 'total_loss': '0.0132521', 'main_loss': '0.0132521', 'time_per_step': '2.1955'}
2026-01-14 14:12:31,377 - train_greyscale_FA_MoE.py - {'step': '23800', 'lr': '0.0002', 'total_loss': '0.0165045', 'main_loss': '0.0165045', 'time_per_step': '2.19324'}
2026-01-14 14:16:18,970 - train_greyscale_FA_MoE.py - {'step': '23900', 'lr': '0.0002', 'total_loss': '0.0135645', 'main_loss': '0.0135645', 'time_per_step': '2.09473'}
2026-01-14 14:20:09,028 - train_greyscale_FA_MoE.py - {'step': '24000', 'lr': '0.0002', 'total_loss': '0.0166131', 'main_loss': '0.0166131', 'time_per_step': '2.09309'}
2026-01-14 14:23:57,538 - train_greyscale_FA_MoE.py - {'step': '24100', 'lr': '0.0002', 'total_loss': '0.016152', 'main_loss': '0.016152', 'time_per_step': '2.19873'}
2026-01-14 14:27:47,604 - train_greyscale_FA_MoE.py - {'step': '24200', 'lr': '0.0002', 'total_loss': '0.0110421', 'main_loss': '0.0110421', 'time_per_step': '2.17294'}
2026-01-14 14:31:34,711 - train_greyscale_FA_MoE.py - {'step': '24300', 'lr': '0.0002', 'total_loss': '0.0106375', 'main_loss': '0.0106375', 'time_per_step': '2.26094'}
2026-01-14 14:35:23,265 - train_greyscale_FA_MoE.py - {'step': '24400', 'lr': '0.0002', 'total_loss': '0.0175014', 'main_loss': '0.0175014', 'time_per_step': '2.20589'}
2026-01-14 14:39:13,212 - train_greyscale_FA_MoE.py - {'step': '24500', 'lr': '0.0002', 'total_loss': '0.0112823', 'main_loss': '0.0112823', 'time_per_step': '2.20666'}
2026-01-14 14:43:01,494 - train_greyscale_FA_MoE.py - {'step': '24600', 'lr': '0.0002', 'total_loss': '0.0129965', 'main_loss': '0.0129965', 'time_per_step': '2.22803'}
2026-01-14 14:46:51,634 - train_greyscale_FA_MoE.py - {'step': '24700', 'lr': '0.0002', 'total_loss': '0.0100454', 'main_loss': '0.0100454', 'time_per_step': '2.23159'}
2026-01-14 14:50:39,876 - train_greyscale_FA_MoE.py - {'step': '24800', 'lr': '0.0002', 'total_loss': '0.0121685', 'main_loss': '0.0121685', 'time_per_step': '2.21371'}
2026-01-14 14:54:29,696 - train_greyscale_FA_MoE.py - {'step': '24900', 'lr': '0.0002', 'total_loss': '0.0107869', 'main_loss': '0.0107869', 'time_per_step': '2.17881'}
2026-01-14 14:58:18,540 - train_greyscale_FA_MoE.py - {'step': '25000', 'lr': '0.0002', 'total_loss': '0.014461', 'main_loss': '0.014461', 'time_per_step': '2.22935'}
2026-01-14 14:58:18,545 - train_greyscale_FA_MoE.py - Saved expert distribution of layer in_block_0 to output_shift_fa/acdc_wholeheart_uncond_fa_ec_moe_greyscale_uvit_mid_4by4_l6r9_low16_Y_bound/samples/expert_distribution_in_block_0_step25000.npy
2026-01-14 14:58:20,043 - train_greyscale_FA_MoE.py - Saved expert distribution of layer out_block_7 to output_shift_fa/acdc_wholeheart_uncond_fa_ec_moe_greyscale_uvit_mid_4by4_l6r9_low16_Y_bound/samples/expert_distribution_out_block_7_step25000.npy
2026-01-14 14:58:21,474 - train_greyscale_FA_MoE.py - Save a grid of 16 samples into output_shift_fa/acdc_wholeheart_uncond_fa_ec_moe_greyscale_uvit_mid_4by4_l6r9_low16_Y_bound/samples/25000.png by DPM-Solver
2026-01-14 14:58:27,189 - train_greyscale_FA_MoE.py - Finished saving sample grid to output_shift_fa/acdc_wholeheart_uncond_fa_ec_moe_greyscale_uvit_mid_4by4_l6r9_low16_Y_bound/samples/25000.png by DPM-Solver.
2026-01-14 14:58:27,550 - train_greyscale_FA_MoE.py - Save and eval checkpoint 25000...
2026-01-14 14:58:29,905 - train_greyscale_FA_MoE.py - eval_step: n_samples=50000, sample_steps=50, algorithm=dpm_solver, mini_batch_size=500, samples save into output_shift_fa/acdc_wholeheart_uncond_fa_ec_moe_greyscale_uvit_mid_4by4_l6r9_low16_Y_bound/samples/acdc_wholeheart_uncond_uvit_FA_EC_MoE_greyscale_mid_4by4_low16_25000_dpm
2026-01-14 15:48:55,086 - train_greyscale_FA_MoE.py - step=25000 fid50000=407.83524493631944
2026-01-14 15:55:58,435 - is_lpips.py - LPIPS: 0.7476 ± 0.0706
2026-01-14 15:55:58,441 - train_greyscale_FA_MoE.py - step=25000 LPIPS50000=0.747614310792468
2026-01-14 16:01:32,517 - train_greyscale_FA_MoE.py - {'step': '25100', 'lr': '0.0002', 'total_loss': '0.0137859', 'main_loss': '0.0137859', 'time_per_step': '2.10292'}
2026-01-14 16:05:20,455 - train_greyscale_FA_MoE.py - {'step': '25200', 'lr': '0.0002', 'total_loss': '0.015334', 'main_loss': '0.015334', 'time_per_step': '2.09549'}
2026-01-14 16:09:09,090 - train_greyscale_FA_MoE.py - {'step': '25300', 'lr': '0.0002', 'total_loss': '0.0150373', 'main_loss': '0.0150373', 'time_per_step': '2.20307'}
2026-01-14 16:12:56,175 - train_greyscale_FA_MoE.py - {'step': '25400', 'lr': '0.0002', 'total_loss': '0.0137713', 'main_loss': '0.0137713', 'time_per_step': '2.15081'}
2026-01-14 16:16:44,927 - train_greyscale_FA_MoE.py - {'step': '25500', 'lr': '0.0002', 'total_loss': '0.0119181', 'main_loss': '0.0119181', 'time_per_step': '2.20069'}
2026-01-14 16:20:32,881 - train_greyscale_FA_MoE.py - {'step': '25600', 'lr': '0.0002', 'total_loss': '0.0151046', 'main_loss': '0.0151046', 'time_per_step': '2.20255'}
2026-01-14 16:24:20,238 - train_greyscale_FA_MoE.py - {'step': '25700', 'lr': '0.0002', 'total_loss': '0.0132694', 'main_loss': '0.0132694', 'time_per_step': '2.21891'}
2026-01-14 16:28:07,567 - train_greyscale_FA_MoE.py - {'step': '25800', 'lr': '0.0002', 'total_loss': '0.0142611', 'main_loss': '0.0142611', 'time_per_step': '2.22127'}
2026-01-14 16:31:55,588 - train_greyscale_FA_MoE.py - {'step': '25900', 'lr': '0.0002', 'total_loss': '0.015553', 'main_loss': '0.015553', 'time_per_step': '2.22507'}
2026-01-14 16:35:42,921 - train_greyscale_FA_MoE.py - {'step': '26000', 'lr': '0.0002', 'total_loss': '0.0138783', 'main_loss': '0.0138783', 'time_per_step': '2.22822'}
2026-01-14 16:39:31,633 - train_greyscale_FA_MoE.py - {'step': '26100', 'lr': '0.0002', 'total_loss': '0.0160074', 'main_loss': '0.0160074', 'time_per_step': '2.23766'}
2026-01-14 16:43:18,675 - train_greyscale_FA_MoE.py - {'step': '26200', 'lr': '0.0002', 'total_loss': '0.0101741', 'main_loss': '0.0101741', 'time_per_step': '2.22607'}
2026-01-14 16:47:05,901 - train_greyscale_FA_MoE.py - {'step': '26300', 'lr': '0.0002', 'total_loss': '0.0143179', 'main_loss': '0.0143179', 'time_per_step': '2.10143'}
2026-01-14 16:50:53,333 - train_greyscale_FA_MoE.py - {'step': '26400', 'lr': '0.0002', 'total_loss': '0.0155001', 'main_loss': '0.0155001', 'time_per_step': '2.09591'}
2026-01-14 16:54:42,021 - train_greyscale_FA_MoE.py - {'step': '26500', 'lr': '0.0002', 'total_loss': '0.0130856', 'main_loss': '0.0130856', 'time_per_step': '2.26222'}
2026-01-14 16:58:30,370 - train_greyscale_FA_MoE.py - {'step': '26600', 'lr': '0.0002', 'total_loss': '0.0170339', 'main_loss': '0.0170339', 'time_per_step': '2.2368'}
2026-01-14 17:02:20,748 - train_greyscale_FA_MoE.py - {'step': '26700', 'lr': '0.0002', 'total_loss': '0.0121284', 'main_loss': '0.0121284', 'time_per_step': '2.21116'}
2026-01-14 17:06:10,521 - train_greyscale_FA_MoE.py - {'step': '26800', 'lr': '0.0002', 'total_loss': '0.0118514', 'main_loss': '0.0118514', 'time_per_step': '2.2184'}
2026-01-14 17:09:59,464 - train_greyscale_FA_MoE.py - {'step': '26900', 'lr': '0.0002', 'total_loss': '0.015498', 'main_loss': '0.015498', 'time_per_step': '2.2266'}
2026-01-14 17:13:48,523 - train_greyscale_FA_MoE.py - {'step': '27000', 'lr': '0.0002', 'total_loss': '0.0160142', 'main_loss': '0.0160142', 'time_per_step': '2.21226'}
2026-01-14 17:17:40,480 - train_greyscale_FA_MoE.py - {'step': '27100', 'lr': '0.0002', 'total_loss': '0.0114632', 'main_loss': '0.0114632', 'time_per_step': '2.23531'}
2026-01-14 17:21:31,037 - train_greyscale_FA_MoE.py - {'step': '27200', 'lr': '0.0002', 'total_loss': '0.0158482', 'main_loss': '0.0158482', 'time_per_step': '2.24149'}
2026-01-14 17:25:23,167 - train_greyscale_FA_MoE.py - {'step': '27300', 'lr': '0.0002', 'total_loss': '0.0121066', 'main_loss': '0.0121066', 'time_per_step': '2.21571'}
2026-01-14 17:29:11,843 - train_greyscale_FA_MoE.py - {'step': '27400', 'lr': '0.0002', 'total_loss': '0.0117682', 'main_loss': '0.0117682', 'time_per_step': '2.23346'}
2026-01-14 17:32:59,903 - train_greyscale_FA_MoE.py - {'step': '27500', 'lr': '0.0002', 'total_loss': '0.0118422', 'main_loss': '0.0118422', 'time_per_step': '2.09587'}
2026-01-14 17:36:48,229 - train_greyscale_FA_MoE.py - {'step': '27600', 'lr': '0.0002', 'total_loss': '0.00966755', 'main_loss': '0.00966755', 'time_per_step': '2.07809'}
2026-01-14 17:40:39,141 - train_greyscale_FA_MoE.py - {'step': '27700', 'lr': '0.0002', 'total_loss': '0.0139769', 'main_loss': '0.0139769', 'time_per_step': '2.21813'}
2026-01-14 17:44:28,447 - train_greyscale_FA_MoE.py - {'step': '27800', 'lr': '0.0002', 'total_loss': '0.0186631', 'main_loss': '0.0186631', 'time_per_step': '2.24151'}
2026-01-14 17:48:18,909 - train_greyscale_FA_MoE.py - {'step': '27900', 'lr': '0.0002', 'total_loss': '0.012212', 'main_loss': '0.012212', 'time_per_step': '2.21414'}
2026-01-14 17:52:08,683 - train_greyscale_FA_MoE.py - {'step': '28000', 'lr': '0.0002', 'total_loss': '0.0115441', 'main_loss': '0.0115441', 'time_per_step': '2.19548'}
2026-01-14 17:55:58,914 - train_greyscale_FA_MoE.py - {'step': '28100', 'lr': '0.0002', 'total_loss': '0.0148992', 'main_loss': '0.0148992', 'time_per_step': '2.23969'}
2026-01-14 17:59:47,227 - train_greyscale_FA_MoE.py - {'step': '28200', 'lr': '0.0002', 'total_loss': '0.0147585', 'main_loss': '0.0147585', 'time_per_step': '2.21803'}
2026-01-14 18:03:35,685 - train_greyscale_FA_MoE.py - {'step': '28300', 'lr': '0.0002', 'total_loss': '0.0134804', 'main_loss': '0.0134804', 'time_per_step': '2.20686'}
2026-01-14 18:07:23,094 - train_greyscale_FA_MoE.py - {'step': '28400', 'lr': '0.0002', 'total_loss': '0.0161534', 'main_loss': '0.0161534', 'time_per_step': '2.16494'}
2026-01-14 18:11:11,508 - train_greyscale_FA_MoE.py - {'step': '28500', 'lr': '0.0002', 'total_loss': '0.011795', 'main_loss': '0.011795', 'time_per_step': '2.20506'}
2026-01-14 18:14:58,445 - train_greyscale_FA_MoE.py - {'step': '28600', 'lr': '0.0002', 'total_loss': '0.0139616', 'main_loss': '0.0139616', 'time_per_step': '2.21152'}
2026-01-14 18:18:47,018 - train_greyscale_FA_MoE.py - {'step': '28700', 'lr': '0.0002', 'total_loss': '0.0163943', 'main_loss': '0.0163943', 'time_per_step': '2.09723'}
2026-01-14 18:22:34,349 - train_greyscale_FA_MoE.py - {'step': '28800', 'lr': '0.0002', 'total_loss': '0.0130972', 'main_loss': '0.0130972', 'time_per_step': '2.1531'}
2026-01-14 18:26:23,028 - train_greyscale_FA_MoE.py - {'step': '28900', 'lr': '0.0002', 'total_loss': '0.0138644', 'main_loss': '0.0138644', 'time_per_step': '2.20943'}
2026-01-14 18:30:10,319 - train_greyscale_FA_MoE.py - {'step': '29000', 'lr': '0.0002', 'total_loss': '0.00961663', 'main_loss': '0.00961663', 'time_per_step': '2.20388'}
2026-01-14 18:33:57,795 - train_greyscale_FA_MoE.py - {'step': '29100', 'lr': '0.0002', 'total_loss': '0.0123616', 'main_loss': '0.0123616', 'time_per_step': '2.21226'}
2026-01-14 18:37:46,139 - train_greyscale_FA_MoE.py - {'step': '29200', 'lr': '0.0002', 'total_loss': '0.0121769', 'main_loss': '0.0121769', 'time_per_step': '2.23778'}
2026-01-14 18:41:33,777 - train_greyscale_FA_MoE.py - {'step': '29300', 'lr': '0.0002', 'total_loss': '0.0136826', 'main_loss': '0.0136826', 'time_per_step': '2.28683'}
2026-01-14 18:45:21,012 - train_greyscale_FA_MoE.py - {'step': '29400', 'lr': '0.0002', 'total_loss': '0.013529', 'main_loss': '0.013529', 'time_per_step': '2.23573'}
2026-01-14 18:49:09,255 - train_greyscale_FA_MoE.py - {'step': '29500', 'lr': '0.0002', 'total_loss': '0.0112843', 'main_loss': '0.0112843', 'time_per_step': '2.22598'}
2026-01-14 18:52:56,893 - train_greyscale_FA_MoE.py - {'step': '29600', 'lr': '0.0002', 'total_loss': '0.00930751', 'main_loss': '0.00930751', 'time_per_step': '2.22969'}
2026-01-14 18:56:45,324 - train_greyscale_FA_MoE.py - {'step': '29700', 'lr': '0.0002', 'total_loss': '0.0125414', 'main_loss': '0.0125414', 'time_per_step': '2.19971'}
2026-01-14 19:00:32,482 - train_greyscale_FA_MoE.py - {'step': '29800', 'lr': '0.0002', 'total_loss': '0.0173132', 'main_loss': '0.0173132', 'time_per_step': '2.20201'}
2026-01-14 19:04:19,710 - train_greyscale_FA_MoE.py - {'step': '29900', 'lr': '0.0002', 'total_loss': '0.0148353', 'main_loss': '0.0148353', 'time_per_step': '2.09813'}
2026-01-14 19:08:08,073 - train_greyscale_FA_MoE.py - {'step': '30000', 'lr': '0.0002', 'total_loss': '0.0136547', 'main_loss': '0.0136547', 'time_per_step': '2.09521'}
2026-01-14 19:11:56,660 - train_greyscale_FA_MoE.py - {'step': '30100', 'lr': '0.0002', 'total_loss': '0.0109585', 'main_loss': '0.0109585', 'time_per_step': '2.20319'}
2026-01-14 19:15:44,457 - train_greyscale_FA_MoE.py - {'step': '30200', 'lr': '0.0002', 'total_loss': '0.0119301', 'main_loss': '0.0119301', 'time_per_step': '2.21642'}
2026-01-14 19:19:31,499 - train_greyscale_FA_MoE.py - {'step': '30300', 'lr': '0.0002', 'total_loss': '0.0111675', 'main_loss': '0.0111675', 'time_per_step': '2.21172'}
2026-01-14 19:23:20,186 - train_greyscale_FA_MoE.py - {'step': '30400', 'lr': '0.0002', 'total_loss': '0.0119098', 'main_loss': '0.0119098', 'time_per_step': '2.22242'}
2026-01-14 19:27:07,535 - train_greyscale_FA_MoE.py - {'step': '30500', 'lr': '0.0002', 'total_loss': '0.0123286', 'main_loss': '0.0123286', 'time_per_step': '2.20566'}
2026-01-14 19:30:54,697 - train_greyscale_FA_MoE.py - {'step': '30600', 'lr': '0.0002', 'total_loss': '0.0153783', 'main_loss': '0.0153783', 'time_per_step': '2.22866'}
2026-01-14 19:34:42,647 - train_greyscale_FA_MoE.py - {'step': '30700', 'lr': '0.0002', 'total_loss': '0.0146391', 'main_loss': '0.0146391', 'time_per_step': '2.21741'}
2026-01-14 19:38:30,589 - train_greyscale_FA_MoE.py - {'step': '30800', 'lr': '0.0002', 'total_loss': '0.0124839', 'main_loss': '0.0124839', 'time_per_step': '2.20865'}
2026-01-14 19:42:19,099 - train_greyscale_FA_MoE.py - {'step': '30900', 'lr': '0.0002', 'total_loss': '0.0148108', 'main_loss': '0.0148108', 'time_per_step': '2.25955'}
2026-01-14 19:46:06,408 - train_greyscale_FA_MoE.py - {'step': '31000', 'lr': '0.0002', 'total_loss': '0.0139748', 'main_loss': '0.0139748', 'time_per_step': '2.19813'}
2026-01-14 19:49:53,537 - train_greyscale_FA_MoE.py - {'step': '31100', 'lr': '0.0002', 'total_loss': '0.0143769', 'main_loss': '0.0143769', 'time_per_step': '2.10417'}
2026-01-14 19:53:41,479 - train_greyscale_FA_MoE.py - {'step': '31200', 'lr': '0.0002', 'total_loss': '0.0103818', 'main_loss': '0.0103818', 'time_per_step': '2.09579'}
2026-01-14 19:57:29,355 - train_greyscale_FA_MoE.py - {'step': '31300', 'lr': '0.0002', 'total_loss': '0.0132625', 'main_loss': '0.0132625', 'time_per_step': '2.22892'}
2026-01-14 20:01:16,166 - train_greyscale_FA_MoE.py - {'step': '31400', 'lr': '0.0002', 'total_loss': '0.0141191', 'main_loss': '0.0141191', 'time_per_step': '2.215'}
2026-01-14 20:05:05,406 - train_greyscale_FA_MoE.py - {'step': '31500', 'lr': '0.0002', 'total_loss': '0.0118573', 'main_loss': '0.0118573', 'time_per_step': '2.26398'}
2026-01-14 20:08:53,329 - train_greyscale_FA_MoE.py - {'step': '31600', 'lr': '0.0002', 'total_loss': '0.0110594', 'main_loss': '0.0110594', 'time_per_step': '2.22646'}
2026-01-14 20:12:41,476 - train_greyscale_FA_MoE.py - {'step': '31700', 'lr': '0.0002', 'total_loss': '0.0135567', 'main_loss': '0.0135567', 'time_per_step': '2.21372'}
2026-01-14 20:16:29,572 - train_greyscale_FA_MoE.py - {'step': '31800', 'lr': '0.0002', 'total_loss': '0.0126071', 'main_loss': '0.0126071', 'time_per_step': '2.25707'}
2026-01-14 20:20:17,537 - train_greyscale_FA_MoE.py - {'step': '31900', 'lr': '0.0002', 'total_loss': '0.0185836', 'main_loss': '0.0185836', 'time_per_step': '2.19093'}
2026-01-14 20:24:05,377 - train_greyscale_FA_MoE.py - {'step': '32000', 'lr': '0.0002', 'total_loss': '0.012173', 'main_loss': '0.012173', 'time_per_step': '2.27183'}
2026-01-14 20:27:53,388 - train_greyscale_FA_MoE.py - {'step': '32100', 'lr': '0.0002', 'total_loss': '0.0138751', 'main_loss': '0.0138751', 'time_per_step': '2.21142'}
2026-01-14 20:31:40,365 - train_greyscale_FA_MoE.py - {'step': '32200', 'lr': '0.0002', 'total_loss': '0.0132666', 'main_loss': '0.0132666', 'time_per_step': '2.22287'}
2026-01-14 20:35:28,210 - train_greyscale_FA_MoE.py - {'step': '32300', 'lr': '0.0002', 'total_loss': '0.0156313', 'main_loss': '0.0156313', 'time_per_step': '2.09641'}
2026-01-14 20:39:15,920 - train_greyscale_FA_MoE.py - {'step': '32400', 'lr': '0.0002', 'total_loss': '0.00964179', 'main_loss': '0.00964179', 'time_per_step': '2.09529'}
2026-01-14 20:43:05,185 - train_greyscale_FA_MoE.py - {'step': '32500', 'lr': '0.0002', 'total_loss': '0.0154814', 'main_loss': '0.0154814', 'time_per_step': '2.24791'}
2026-01-14 20:46:52,294 - train_greyscale_FA_MoE.py - {'step': '32600', 'lr': '0.0002', 'total_loss': '0.0179336', 'main_loss': '0.0179336', 'time_per_step': '2.22204'}
2026-01-14 20:50:40,779 - train_greyscale_FA_MoE.py - {'step': '32700', 'lr': '0.0002', 'total_loss': '0.0140083', 'main_loss': '0.0140083', 'time_per_step': '2.19454'}
2026-01-14 20:54:28,291 - train_greyscale_FA_MoE.py - {'step': '32800', 'lr': '0.0002', 'total_loss': '0.00973877', 'main_loss': '0.00973877', 'time_per_step': '2.20229'}
2026-01-14 20:58:17,089 - train_greyscale_FA_MoE.py - {'step': '32900', 'lr': '0.0002', 'total_loss': '0.0168792', 'main_loss': '0.0168792', 'time_per_step': '2.1996'}
2026-01-14 21:02:03,667 - train_greyscale_FA_MoE.py - {'step': '33000', 'lr': '0.0002', 'total_loss': '0.0127092', 'main_loss': '0.0127092', 'time_per_step': '2.20336'}
2026-01-14 21:06:00,549 - train_greyscale_FA_MoE.py - {'step': '33100', 'lr': '0.0002', 'total_loss': '0.0113338', 'main_loss': '0.0113338', 'time_per_step': '2.19133'}
2026-01-14 21:09:46,396 - train_greyscale_FA_MoE.py - {'step': '33200', 'lr': '0.0002', 'total_loss': '0.0142814', 'main_loss': '0.0142814', 'time_per_step': '2.19381'}
2026-01-14 21:13:33,938 - train_greyscale_FA_MoE.py - {'step': '33300', 'lr': '0.0002', 'total_loss': '0.0121416', 'main_loss': '0.0121416', 'time_per_step': '2.22459'}
2026-01-14 21:17:22,061 - train_greyscale_FA_MoE.py - {'step': '33400', 'lr': '0.0002', 'total_loss': '0.0111422', 'main_loss': '0.0111422', 'time_per_step': '2.197'}
2026-01-14 21:21:09,742 - train_greyscale_FA_MoE.py - {'step': '33500', 'lr': '0.0002', 'total_loss': '0.0137613', 'main_loss': '0.0137613', 'time_per_step': '2.10492'}
2026-01-14 21:24:57,527 - train_greyscale_FA_MoE.py - {'step': '33600', 'lr': '0.0002', 'total_loss': '0.0148178', 'main_loss': '0.0148178', 'time_per_step': '2.09795'}
2026-01-14 21:28:45,915 - train_greyscale_FA_MoE.py - {'step': '33700', 'lr': '0.0002', 'total_loss': '0.0158171', 'main_loss': '0.0158171', 'time_per_step': '2.15623'}
2026-01-14 21:32:32,948 - train_greyscale_FA_MoE.py - {'step': '33800', 'lr': '0.0002', 'total_loss': '0.0112827', 'main_loss': '0.0112827', 'time_per_step': '2.23038'}
2026-01-14 21:36:21,713 - train_greyscale_FA_MoE.py - {'step': '33900', 'lr': '0.0002', 'total_loss': '0.0150245', 'main_loss': '0.0150245', 'time_per_step': '2.20255'}
2026-01-14 21:40:09,639 - train_greyscale_FA_MoE.py - {'step': '34000', 'lr': '0.0002', 'total_loss': '0.0137544', 'main_loss': '0.0137544', 'time_per_step': '2.22345'}
2026-01-14 21:43:58,069 - train_greyscale_FA_MoE.py - {'step': '34100', 'lr': '0.0002', 'total_loss': '0.0122327', 'main_loss': '0.0122327', 'time_per_step': '2.21314'}
2026-01-14 21:47:45,031 - train_greyscale_FA_MoE.py - {'step': '34200', 'lr': '0.0002', 'total_loss': '0.0132979', 'main_loss': '0.0132979', 'time_per_step': '2.21178'}
2026-01-14 21:51:32,763 - train_greyscale_FA_MoE.py - {'step': '34300', 'lr': '0.0002', 'total_loss': '0.0129932', 'main_loss': '0.0129932', 'time_per_step': '2.19764'}
2026-01-14 21:55:21,334 - train_greyscale_FA_MoE.py - {'step': '34400', 'lr': '0.0002', 'total_loss': '0.017611', 'main_loss': '0.017611', 'time_per_step': '2.2326'}
2026-01-14 21:59:09,936 - train_greyscale_FA_MoE.py - {'step': '34500', 'lr': '0.0002', 'total_loss': '0.00904506', 'main_loss': '0.00904506', 'time_per_step': '2.18964'}
2026-01-14 22:02:56,915 - train_greyscale_FA_MoE.py - {'step': '34600', 'lr': '0.0002', 'total_loss': '0.0140143', 'main_loss': '0.0140143', 'time_per_step': '2.1804'}
2026-01-14 22:06:44,676 - train_greyscale_FA_MoE.py - {'step': '34700', 'lr': '0.0002', 'total_loss': '0.0100418', 'main_loss': '0.0100418', 'time_per_step': '2.09986'}
2026-01-14 22:10:30,795 - train_greyscale_FA_MoE.py - {'step': '34800', 'lr': '0.0002', 'total_loss': '0.012445', 'main_loss': '0.012445', 'time_per_step': '2.10116'}
2026-01-14 22:14:17,486 - train_greyscale_FA_MoE.py - {'step': '34900', 'lr': '0.0002', 'total_loss': '0.0134647', 'main_loss': '0.0134647', 'time_per_step': '2.18725'}
2026-01-14 22:18:04,056 - train_greyscale_FA_MoE.py - {'step': '35000', 'lr': '0.0002', 'total_loss': '0.013959', 'main_loss': '0.013959', 'time_per_step': '2.23724'}
2026-01-14 22:21:52,335 - train_greyscale_FA_MoE.py - {'step': '35100', 'lr': '0.0002', 'total_loss': '0.0113408', 'main_loss': '0.0113408', 'time_per_step': '2.23401'}
2026-01-14 22:25:43,418 - train_greyscale_FA_MoE.py - {'step': '35200', 'lr': '0.0002', 'total_loss': '0.016006', 'main_loss': '0.016006', 'time_per_step': '2.20203'}
2026-01-14 22:29:31,787 - train_greyscale_FA_MoE.py - {'step': '35300', 'lr': '0.0002', 'total_loss': '0.0116818', 'main_loss': '0.0116818', 'time_per_step': '2.21419'}
2026-01-14 22:33:18,815 - train_greyscale_FA_MoE.py - {'step': '35400', 'lr': '0.0002', 'total_loss': '0.0154691', 'main_loss': '0.0154691', 'time_per_step': '2.22606'}
2026-01-14 22:37:06,841 - train_greyscale_FA_MoE.py - {'step': '35500', 'lr': '0.0002', 'total_loss': '0.0142067', 'main_loss': '0.0142067', 'time_per_step': '2.20904'}
2026-01-14 22:40:55,576 - train_greyscale_FA_MoE.py - {'step': '35600', 'lr': '0.0002', 'total_loss': '0.0131758', 'main_loss': '0.0131758', 'time_per_step': '2.22258'}
2026-01-14 22:44:44,125 - train_greyscale_FA_MoE.py - {'step': '35700', 'lr': '0.0002', 'total_loss': '0.012911', 'main_loss': '0.012911', 'time_per_step': '2.18013'}
2026-01-14 22:48:31,029 - train_greyscale_FA_MoE.py - {'step': '35800', 'lr': '0.0002', 'total_loss': '0.0186126', 'main_loss': '0.0186126', 'time_per_step': '2.21795'}
2026-01-14 22:52:19,289 - train_greyscale_FA_MoE.py - {'step': '35900', 'lr': '0.0002', 'total_loss': '0.00993832', 'main_loss': '0.00993832', 'time_per_step': '2.0987'}
2026-01-14 22:56:06,887 - train_greyscale_FA_MoE.py - {'step': '36000', 'lr': '0.0002', 'total_loss': '0.0150604', 'main_loss': '0.0150604', 'time_per_step': '2.08615'}
2026-01-14 22:59:55,635 - train_greyscale_FA_MoE.py - {'step': '36100', 'lr': '0.0002', 'total_loss': '0.0140837', 'main_loss': '0.0140837', 'time_per_step': '2.20301'}
2026-01-14 23:03:42,841 - train_greyscale_FA_MoE.py - {'step': '36200', 'lr': '0.0002', 'total_loss': '0.011088', 'main_loss': '0.011088', 'time_per_step': '2.21868'}
2026-01-14 23:07:30,521 - train_greyscale_FA_MoE.py - {'step': '36300', 'lr': '0.0002', 'total_loss': '0.0116658', 'main_loss': '0.0116658', 'time_per_step': '2.26063'}
2026-01-14 23:11:17,907 - train_greyscale_FA_MoE.py - {'step': '36400', 'lr': '0.0002', 'total_loss': '0.0104692', 'main_loss': '0.0104692', 'time_per_step': '2.21111'}
2026-01-14 23:15:05,796 - train_greyscale_FA_MoE.py - {'step': '36500', 'lr': '0.0002', 'total_loss': '0.0102096', 'main_loss': '0.0102096', 'time_per_step': '2.21151'}
2026-01-14 23:18:53,408 - train_greyscale_FA_MoE.py - {'step': '36600', 'lr': '0.0002', 'total_loss': '0.0118401', 'main_loss': '0.0118401', 'time_per_step': '2.22807'}
2026-01-14 23:22:41,796 - train_greyscale_FA_MoE.py - {'step': '36700', 'lr': '0.0002', 'total_loss': '0.0140604', 'main_loss': '0.0140604', 'time_per_step': '2.23776'}
2026-01-14 23:26:30,228 - train_greyscale_FA_MoE.py - {'step': '36800', 'lr': '0.0002', 'total_loss': '0.013008', 'main_loss': '0.013008', 'time_per_step': '2.19757'}
2026-01-14 23:30:18,379 - train_greyscale_FA_MoE.py - {'step': '36900', 'lr': '0.0002', 'total_loss': '0.0104226', 'main_loss': '0.0104226', 'time_per_step': '2.17078'}
2026-01-14 23:34:05,306 - train_greyscale_FA_MoE.py - {'step': '37000', 'lr': '0.0002', 'total_loss': '0.0134308', 'main_loss': '0.0134308', 'time_per_step': '2.2537'}
2026-01-14 23:37:52,998 - train_greyscale_FA_MoE.py - {'step': '37100', 'lr': '0.0002', 'total_loss': '0.0120583', 'main_loss': '0.0120583', 'time_per_step': '2.0962'}
2026-01-14 23:41:39,739 - train_greyscale_FA_MoE.py - {'step': '37200', 'lr': '0.0002', 'total_loss': '0.0138511', 'main_loss': '0.0138511', 'time_per_step': '2.11042'}
2026-01-14 23:45:28,842 - train_greyscale_FA_MoE.py - {'step': '37300', 'lr': '0.0002', 'total_loss': '0.0123025', 'main_loss': '0.0123025', 'time_per_step': '2.21443'}
2026-01-14 23:49:16,309 - train_greyscale_FA_MoE.py - {'step': '37400', 'lr': '0.0002', 'total_loss': '0.0115811', 'main_loss': '0.0115811', 'time_per_step': '2.20825'}
2026-01-14 23:53:03,761 - train_greyscale_FA_MoE.py - {'step': '37500', 'lr': '0.0002', 'total_loss': '0.0109526', 'main_loss': '0.0109526', 'time_per_step': '2.27722'}
2026-01-14 23:56:51,128 - train_greyscale_FA_MoE.py - {'step': '37600', 'lr': '0.0002', 'total_loss': '0.00944437', 'main_loss': '0.00944437', 'time_per_step': '2.23226'}
2026-01-15 00:00:39,195 - train_greyscale_FA_MoE.py - {'step': '37700', 'lr': '0.0002', 'total_loss': '0.010237', 'main_loss': '0.010237', 'time_per_step': '2.22694'}
2026-01-15 00:04:26,330 - train_greyscale_FA_MoE.py - {'step': '37800', 'lr': '0.0002', 'total_loss': '0.00998762', 'main_loss': '0.00998762', 'time_per_step': '2.19293'}
2026-01-15 00:08:13,835 - train_greyscale_FA_MoE.py - {'step': '37900', 'lr': '0.0002', 'total_loss': '0.0135734', 'main_loss': '0.0135734', 'time_per_step': '2.22536'}
2026-01-15 00:12:02,154 - train_greyscale_FA_MoE.py - {'step': '38000', 'lr': '0.0002', 'total_loss': '0.0120704', 'main_loss': '0.0120704', 'time_per_step': '2.20835'}
2026-01-15 00:15:51,274 - train_greyscale_FA_MoE.py - {'step': '38100', 'lr': '0.0002', 'total_loss': '0.0140677', 'main_loss': '0.0140677', 'time_per_step': '2.19333'}
2026-01-15 00:19:38,403 - train_greyscale_FA_MoE.py - {'step': '38200', 'lr': '0.0002', 'total_loss': '0.0152477', 'main_loss': '0.0152477', 'time_per_step': '2.23052'}
2026-01-15 00:23:26,762 - train_greyscale_FA_MoE.py - {'step': '38300', 'lr': '0.0002', 'total_loss': '0.0142651', 'main_loss': '0.0142651', 'time_per_step': '2.09729'}
2026-01-15 00:27:13,851 - train_greyscale_FA_MoE.py - {'step': '38400', 'lr': '0.0002', 'total_loss': '0.0108771', 'main_loss': '0.0108771', 'time_per_step': '2.10448'}
2026-01-15 00:31:02,486 - train_greyscale_FA_MoE.py - {'step': '38500', 'lr': '0.0002', 'total_loss': '0.0135475', 'main_loss': '0.0135475', 'time_per_step': '2.21627'}
2026-01-15 00:34:49,809 - train_greyscale_FA_MoE.py - {'step': '38600', 'lr': '0.0002', 'total_loss': '0.0175399', 'main_loss': '0.0175399', 'time_per_step': '2.21949'}
2026-01-15 00:38:38,507 - train_greyscale_FA_MoE.py - {'step': '38700', 'lr': '0.0002', 'total_loss': '0.0141799', 'main_loss': '0.0141799', 'time_per_step': '2.20779'}
2026-01-15 00:42:26,510 - train_greyscale_FA_MoE.py - {'step': '38800', 'lr': '0.0002', 'total_loss': '0.00959461', 'main_loss': '0.00959461', 'time_per_step': '2.23372'}
2026-01-15 00:46:14,641 - train_greyscale_FA_MoE.py - {'step': '38900', 'lr': '0.0002', 'total_loss': '0.0122523', 'main_loss': '0.0122523', 'time_per_step': '2.18067'}
2026-01-15 00:50:01,680 - train_greyscale_FA_MoE.py - {'step': '39000', 'lr': '0.0002', 'total_loss': '0.0102196', 'main_loss': '0.0102196', 'time_per_step': '2.24519'}
2026-01-15 00:53:49,779 - train_greyscale_FA_MoE.py - {'step': '39100', 'lr': '0.0002', 'total_loss': '0.0148723', 'main_loss': '0.0148723', 'time_per_step': '2.20698'}
2026-01-15 00:57:37,534 - train_greyscale_FA_MoE.py - {'step': '39200', 'lr': '0.0002', 'total_loss': '0.0105856', 'main_loss': '0.0105856', 'time_per_step': '2.44952'}
2026-01-15 01:01:26,183 - train_greyscale_FA_MoE.py - {'step': '39300', 'lr': '0.0002', 'total_loss': '0.0124586', 'main_loss': '0.0124586', 'time_per_step': '2.16269'}
2026-01-15 01:05:17,321 - train_greyscale_FA_MoE.py - {'step': '39400', 'lr': '0.0002', 'total_loss': '0.0125055', 'main_loss': '0.0125055', 'time_per_step': '2.19169'}
2026-01-15 01:09:04,693 - train_greyscale_FA_MoE.py - {'step': '39500', 'lr': '0.0002', 'total_loss': '0.0175777', 'main_loss': '0.0175777', 'time_per_step': '2.14599'}
2026-01-15 01:12:51,469 - train_greyscale_FA_MoE.py - {'step': '39600', 'lr': '0.0002', 'total_loss': '0.00943824', 'main_loss': '0.00943824', 'time_per_step': '2.09922'}
2026-01-15 01:16:40,675 - train_greyscale_FA_MoE.py - {'step': '39700', 'lr': '0.0002', 'total_loss': '0.0131173', 'main_loss': '0.0131173', 'time_per_step': '2.21391'}
2026-01-15 01:20:27,354 - train_greyscale_FA_MoE.py - {'step': '39800', 'lr': '0.0002', 'total_loss': '0.0157825', 'main_loss': '0.0157825', 'time_per_step': '2.2127'}
2026-01-15 01:24:14,861 - train_greyscale_FA_MoE.py - {'step': '39900', 'lr': '0.0002', 'total_loss': '0.0118492', 'main_loss': '0.0118492', 'time_per_step': '2.19052'}
2026-01-15 01:28:02,345 - train_greyscale_FA_MoE.py - {'step': '40000', 'lr': '0.0002', 'total_loss': '0.0142267', 'main_loss': '0.0142267', 'time_per_step': '2.1661'}
2026-01-15 01:31:49,453 - train_greyscale_FA_MoE.py - {'step': '40100', 'lr': '0.0002', 'total_loss': '0.0149084', 'main_loss': '0.0149084', 'time_per_step': '2.26703'}
2026-01-15 01:35:35,640 - train_greyscale_FA_MoE.py - {'step': '40200', 'lr': '0.0002', 'total_loss': '0.0126715', 'main_loss': '0.0126715', 'time_per_step': '2.17446'}
2026-01-15 01:39:22,915 - train_greyscale_FA_MoE.py - {'step': '40300', 'lr': '0.0002', 'total_loss': '0.0153035', 'main_loss': '0.0153035', 'time_per_step': '2.21665'}
2026-01-15 01:43:09,905 - train_greyscale_FA_MoE.py - {'step': '40400', 'lr': '0.0002', 'total_loss': '0.00923322', 'main_loss': '0.00923322', 'time_per_step': '2.21158'}
2026-01-15 01:46:58,071 - train_greyscale_FA_MoE.py - {'step': '40500', 'lr': '0.0002', 'total_loss': '0.0111685', 'main_loss': '0.0111685', 'time_per_step': '2.18839'}
2026-01-15 01:50:45,153 - train_greyscale_FA_MoE.py - {'step': '40600', 'lr': '0.0002', 'total_loss': '0.0122541', 'main_loss': '0.0122541', 'time_per_step': '2.20849'}
2026-01-15 01:54:32,332 - train_greyscale_FA_MoE.py - {'step': '40700', 'lr': '0.0002', 'total_loss': '0.0130507', 'main_loss': '0.0130507', 'time_per_step': '2.08981'}
2026-01-15 01:58:19,335 - train_greyscale_FA_MoE.py - {'step': '40800', 'lr': '0.0002', 'total_loss': '0.00866267', 'main_loss': '0.00866267', 'time_per_step': '2.08798'}
2026-01-15 02:02:08,080 - train_greyscale_FA_MoE.py - {'step': '40900', 'lr': '0.0002', 'total_loss': '0.00982985', 'main_loss': '0.00982985', 'time_per_step': '2.19682'}
2026-01-15 02:05:54,577 - train_greyscale_FA_MoE.py - {'step': '41000', 'lr': '0.0002', 'total_loss': '0.0151801', 'main_loss': '0.0151801', 'time_per_step': '2.17675'}
2026-01-15 02:09:42,575 - train_greyscale_FA_MoE.py - {'step': '41100', 'lr': '0.0002', 'total_loss': '0.0134344', 'main_loss': '0.0134344', 'time_per_step': '2.22884'}
2026-01-15 02:13:30,036 - train_greyscale_FA_MoE.py - {'step': '41200', 'lr': '0.0002', 'total_loss': '0.0119527', 'main_loss': '0.0119527', 'time_per_step': '2.21713'}
2026-01-15 02:17:18,559 - train_greyscale_FA_MoE.py - {'step': '41300', 'lr': '0.0002', 'total_loss': '0.0153244', 'main_loss': '0.0153244', 'time_per_step': '2.19443'}
2026-01-15 02:21:05,223 - train_greyscale_FA_MoE.py - {'step': '41400', 'lr': '0.0002', 'total_loss': '0.0115233', 'main_loss': '0.0115233', 'time_per_step': '2.23651'}
2026-01-15 02:24:53,160 - train_greyscale_FA_MoE.py - {'step': '41500', 'lr': '0.0002', 'total_loss': '0.0133547', 'main_loss': '0.0133547', 'time_per_step': '2.16871'}
2026-01-15 02:28:40,583 - train_greyscale_FA_MoE.py - {'step': '41600', 'lr': '0.0002', 'total_loss': '0.0123328', 'main_loss': '0.0123328', 'time_per_step': '2.16007'}
2026-01-15 02:32:28,209 - train_greyscale_FA_MoE.py - {'step': '41700', 'lr': '0.0002', 'total_loss': '0.0103126', 'main_loss': '0.0103126', 'time_per_step': '2.19938'}
2026-01-15 02:36:14,732 - train_greyscale_FA_MoE.py - {'step': '41800', 'lr': '0.0002', 'total_loss': '0.0100899', 'main_loss': '0.0100899', 'time_per_step': '2.18402'}
2026-01-15 02:40:02,763 - train_greyscale_FA_MoE.py - {'step': '41900', 'lr': '0.0002', 'total_loss': '0.0119194', 'main_loss': '0.0119194', 'time_per_step': '2.09117'}
2026-01-15 02:43:49,393 - train_greyscale_FA_MoE.py - {'step': '42000', 'lr': '0.0002', 'total_loss': '0.0117908', 'main_loss': '0.0117908', 'time_per_step': '2.09137'}
2026-01-15 02:47:37,295 - train_greyscale_FA_MoE.py - {'step': '42100', 'lr': '0.0002', 'total_loss': '0.00937763', 'main_loss': '0.00937763', 'time_per_step': '2.36421'}
2026-01-15 02:51:23,300 - train_greyscale_FA_MoE.py - {'step': '42200', 'lr': '0.0002', 'total_loss': '0.0111174', 'main_loss': '0.0111174', 'time_per_step': '2.20015'}
2026-01-15 02:55:10,191 - train_greyscale_FA_MoE.py - {'step': '42300', 'lr': '0.0002', 'total_loss': '0.0128913', 'main_loss': '0.0128913', 'time_per_step': '2.16918'}
2026-01-15 02:58:57,492 - train_greyscale_FA_MoE.py - {'step': '42400', 'lr': '0.0002', 'total_loss': '0.0134597', 'main_loss': '0.0134597', 'time_per_step': '2.22892'}
2026-01-15 03:02:46,432 - train_greyscale_FA_MoE.py - {'step': '42500', 'lr': '0.0002', 'total_loss': '0.0152918', 'main_loss': '0.0152918', 'time_per_step': '2.21458'}
2026-01-15 03:06:32,953 - train_greyscale_FA_MoE.py - {'step': '42600', 'lr': '0.0002', 'total_loss': '0.00955619', 'main_loss': '0.00955619', 'time_per_step': '2.18331'}
2026-01-15 03:10:20,497 - train_greyscale_FA_MoE.py - {'step': '42700', 'lr': '0.0002', 'total_loss': '0.0130365', 'main_loss': '0.0130365', 'time_per_step': '2.23416'}
2026-01-15 03:14:07,690 - train_greyscale_FA_MoE.py - {'step': '42800', 'lr': '0.0002', 'total_loss': '0.0164934', 'main_loss': '0.0164934', 'time_per_step': '2.23113'}
2026-01-15 03:17:56,163 - train_greyscale_FA_MoE.py - {'step': '42900', 'lr': '0.0002', 'total_loss': '0.00934825', 'main_loss': '0.00934825', 'time_per_step': '2.19714'}
2026-01-15 03:21:42,802 - train_greyscale_FA_MoE.py - {'step': '43000', 'lr': '0.0002', 'total_loss': '0.00970813', 'main_loss': '0.00970813', 'time_per_step': '2.19248'}
2026-01-15 03:25:29,831 - train_greyscale_FA_MoE.py - {'step': '43100', 'lr': '0.0002', 'total_loss': '0.012507', 'main_loss': '0.012507', 'time_per_step': '2.09447'}
2026-01-15 03:29:17,136 - train_greyscale_FA_MoE.py - {'step': '43200', 'lr': '0.0002', 'total_loss': '0.010829', 'main_loss': '0.010829', 'time_per_step': '2.09391'}
2026-01-15 03:33:05,414 - train_greyscale_FA_MoE.py - {'step': '43300', 'lr': '0.0002', 'total_loss': '0.012139', 'main_loss': '0.012139', 'time_per_step': '2.24299'}
2026-01-15 03:36:52,004 - train_greyscale_FA_MoE.py - {'step': '43400', 'lr': '0.0002', 'total_loss': '0.0114688', 'main_loss': '0.0114688', 'time_per_step': '2.2257'}
2026-01-15 03:40:40,159 - train_greyscale_FA_MoE.py - {'step': '43500', 'lr': '0.0002', 'total_loss': '0.00863945', 'main_loss': '0.00863945', 'time_per_step': '2.31818'}
2026-01-15 03:44:27,902 - train_greyscale_FA_MoE.py - {'step': '43600', 'lr': '0.0002', 'total_loss': '0.0129698', 'main_loss': '0.0129698', 'time_per_step': '2.24106'}
2026-01-15 03:48:16,112 - train_greyscale_FA_MoE.py - {'step': '43700', 'lr': '0.0002', 'total_loss': '0.0121637', 'main_loss': '0.0121637', 'time_per_step': '2.16596'}
2026-01-15 03:52:02,646 - train_greyscale_FA_MoE.py - {'step': '43800', 'lr': '0.0002', 'total_loss': '0.0192123', 'main_loss': '0.0192123', 'time_per_step': '2.21356'}
2026-01-15 03:55:50,329 - train_greyscale_FA_MoE.py - {'step': '43900', 'lr': '0.0002', 'total_loss': '0.0146716', 'main_loss': '0.0146716', 'time_per_step': '2.21143'}
2026-01-15 03:59:37,677 - train_greyscale_FA_MoE.py - {'step': '44000', 'lr': '0.0002', 'total_loss': '0.0123018', 'main_loss': '0.0123018', 'time_per_step': '2.2883'}
2026-01-15 04:03:24,399 - train_greyscale_FA_MoE.py - {'step': '44100', 'lr': '0.0002', 'total_loss': '0.0119586', 'main_loss': '0.0119586', 'time_per_step': '2.22592'}
2026-01-15 04:07:11,170 - train_greyscale_FA_MoE.py - {'step': '44200', 'lr': '0.0002', 'total_loss': '0.0115157', 'main_loss': '0.0115157', 'time_per_step': '2.23259'}
2026-01-15 04:11:00,027 - train_greyscale_FA_MoE.py - {'step': '44300', 'lr': '0.0002', 'total_loss': '0.01019', 'main_loss': '0.01019', 'time_per_step': '2.0919'}
2026-01-15 04:14:47,466 - train_greyscale_FA_MoE.py - {'step': '44400', 'lr': '0.0002', 'total_loss': '0.0132894', 'main_loss': '0.0132894', 'time_per_step': '2.08936'}
2026-01-15 04:18:36,444 - train_greyscale_FA_MoE.py - {'step': '44500', 'lr': '0.0002', 'total_loss': '0.0158868', 'main_loss': '0.0158868', 'time_per_step': '2.21156'}
2026-01-15 04:22:22,721 - train_greyscale_FA_MoE.py - {'step': '44600', 'lr': '0.0002', 'total_loss': '0.0123027', 'main_loss': '0.0123027', 'time_per_step': '2.19806'}
2026-01-15 04:26:09,951 - train_greyscale_FA_MoE.py - {'step': '44700', 'lr': '0.0002', 'total_loss': '0.012648', 'main_loss': '0.012648', 'time_per_step': '2.20839'}
2026-01-15 04:29:57,943 - train_greyscale_FA_MoE.py - {'step': '44800', 'lr': '0.0002', 'total_loss': '0.0131281', 'main_loss': '0.0131281', 'time_per_step': '2.20541'}
2026-01-15 04:33:45,870 - train_greyscale_FA_MoE.py - {'step': '44900', 'lr': '0.0002', 'total_loss': '0.0123474', 'main_loss': '0.0123474', 'time_per_step': '2.20026'}
2026-01-15 04:37:32,563 - train_greyscale_FA_MoE.py - {'step': '45000', 'lr': '0.0002', 'total_loss': '0.0156339', 'main_loss': '0.0156339', 'time_per_step': '2.21207'}
2026-01-15 04:41:21,052 - train_greyscale_FA_MoE.py - {'step': '45100', 'lr': '0.0002', 'total_loss': '0.0143298', 'main_loss': '0.0143298', 'time_per_step': '2.25032'}
2026-01-15 04:45:09,637 - train_greyscale_FA_MoE.py - {'step': '45200', 'lr': '0.0002', 'total_loss': '0.0149273', 'main_loss': '0.0149273', 'time_per_step': '2.18501'}
2026-01-15 04:48:57,189 - train_greyscale_FA_MoE.py - {'step': '45300', 'lr': '0.0002', 'total_loss': '0.0127385', 'main_loss': '0.0127385', 'time_per_step': '2.15138'}
2026-01-15 04:52:43,974 - train_greyscale_FA_MoE.py - {'step': '45400', 'lr': '0.0002', 'total_loss': '0.00937063', 'main_loss': '0.00937063', 'time_per_step': '2.21692'}
2026-01-15 04:56:31,633 - train_greyscale_FA_MoE.py - {'step': '45500', 'lr': '0.0002', 'total_loss': '0.012419', 'main_loss': '0.012419', 'time_per_step': '2.09262'}
2026-01-15 05:00:18,734 - train_greyscale_FA_MoE.py - {'step': '45600', 'lr': '0.0002', 'total_loss': '0.00851397', 'main_loss': '0.00851397', 'time_per_step': '2.08913'}
2026-01-15 05:04:06,054 - train_greyscale_FA_MoE.py - {'step': '45700', 'lr': '0.0002', 'total_loss': '0.0113846', 'main_loss': '0.0113846', 'time_per_step': '2.25631'}
2026-01-15 05:07:53,265 - train_greyscale_FA_MoE.py - {'step': '45800', 'lr': '0.0002', 'total_loss': '0.0126727', 'main_loss': '0.0126727', 'time_per_step': '2.20728'}
2026-01-15 05:11:40,557 - train_greyscale_FA_MoE.py - {'step': '45900', 'lr': '0.0002', 'total_loss': '0.00778015', 'main_loss': '0.00778015', 'time_per_step': '2.21848'}
2026-01-15 05:15:28,086 - train_greyscale_FA_MoE.py - {'step': '46000', 'lr': '0.0002', 'total_loss': '0.0137116', 'main_loss': '0.0137116', 'time_per_step': '2.21835'}
2026-01-15 05:19:15,384 - train_greyscale_FA_MoE.py - {'step': '46100', 'lr': '0.0002', 'total_loss': '0.0118523', 'main_loss': '0.0118523', 'time_per_step': '2.20069'}
2026-01-15 05:23:03,743 - train_greyscale_FA_MoE.py - {'step': '46200', 'lr': '0.0002', 'total_loss': '0.0106798', 'main_loss': '0.0106798', 'time_per_step': '2.27795'}
2026-01-15 05:26:50,755 - train_greyscale_FA_MoE.py - {'step': '46300', 'lr': '0.0002', 'total_loss': '0.0137742', 'main_loss': '0.0137742', 'time_per_step': '2.23062'}
2026-01-15 05:30:37,758 - train_greyscale_FA_MoE.py - {'step': '46400', 'lr': '0.0002', 'total_loss': '0.0126112', 'main_loss': '0.0126112', 'time_per_step': '2.19541'}
2026-01-15 05:34:26,405 - train_greyscale_FA_MoE.py - {'step': '46500', 'lr': '0.0002', 'total_loss': '0.0115626', 'main_loss': '0.0115626', 'time_per_step': '2.11272'}
2026-01-15 05:38:13,611 - train_greyscale_FA_MoE.py - {'step': '46600', 'lr': '0.0002', 'total_loss': '0.012805', 'main_loss': '0.012805', 'time_per_step': '2.1924'}
2026-01-15 05:42:01,140 - train_greyscale_FA_MoE.py - {'step': '46700', 'lr': '0.0002', 'total_loss': '0.00695033', 'main_loss': '0.00695033', 'time_per_step': '2.11301'}
2026-01-15 05:45:48,347 - train_greyscale_FA_MoE.py - {'step': '46800', 'lr': '0.0002', 'total_loss': '0.0101878', 'main_loss': '0.0101878', 'time_per_step': '2.09182'}
2026-01-15 05:49:36,857 - train_greyscale_FA_MoE.py - {'step': '46900', 'lr': '0.0002', 'total_loss': '0.0105562', 'main_loss': '0.0105562', 'time_per_step': '2.21768'}
2026-01-15 05:53:24,779 - train_greyscale_FA_MoE.py - {'step': '47000', 'lr': '0.0002', 'total_loss': '0.00790522', 'main_loss': '0.00790522', 'time_per_step': '2.22205'}
2026-01-15 05:57:12,822 - train_greyscale_FA_MoE.py - {'step': '47100', 'lr': '0.0002', 'total_loss': '0.0153332', 'main_loss': '0.0153332', 'time_per_step': '2.23329'}
2026-01-15 06:00:59,411 - train_greyscale_FA_MoE.py - {'step': '47200', 'lr': '0.0002', 'total_loss': '0.0115299', 'main_loss': '0.0115299', 'time_per_step': '2.19469'}
2026-01-15 06:04:46,169 - train_greyscale_FA_MoE.py - {'step': '47300', 'lr': '0.0002', 'total_loss': '0.0118592', 'main_loss': '0.0118592', 'time_per_step': '2.20379'}
2026-01-15 06:08:33,584 - train_greyscale_FA_MoE.py - {'step': '47400', 'lr': '0.0002', 'total_loss': '0.0180504', 'main_loss': '0.0180504', 'time_per_step': '2.25052'}
2026-01-15 06:12:20,888 - train_greyscale_FA_MoE.py - {'step': '47500', 'lr': '0.0002', 'total_loss': '0.0116615', 'main_loss': '0.0116615', 'time_per_step': '2.22542'}
2026-01-15 06:16:09,426 - train_greyscale_FA_MoE.py - {'step': '47600', 'lr': '0.0002', 'total_loss': '0.0133581', 'main_loss': '0.0133581', 'time_per_step': '2.19038'}
2026-01-15 06:19:56,296 - train_greyscale_FA_MoE.py - {'step': '47700', 'lr': '0.0002', 'total_loss': '0.0173016', 'main_loss': '0.0173016', 'time_per_step': '2.22381'}
2026-01-15 06:23:43,846 - train_greyscale_FA_MoE.py - {'step': '47800', 'lr': '0.0002', 'total_loss': '0.0126889', 'main_loss': '0.0126889', 'time_per_step': '2.20397'}
2026-01-15 06:27:31,679 - train_greyscale_FA_MoE.py - {'step': '47900', 'lr': '0.0002', 'total_loss': '0.00977822', 'main_loss': '0.00977822', 'time_per_step': '2.09985'}
2026-01-15 06:31:18,363 - train_greyscale_FA_MoE.py - {'step': '48000', 'lr': '0.0002', 'total_loss': '0.0123591', 'main_loss': '0.0123591', 'time_per_step': '2.08948'}
2026-01-15 06:35:05,829 - train_greyscale_FA_MoE.py - {'step': '48100', 'lr': '0.0002', 'total_loss': '0.0118521', 'main_loss': '0.0118521', 'time_per_step': '2.22471'}
2026-01-15 06:38:53,489 - train_greyscale_FA_MoE.py - {'step': '48200', 'lr': '0.0002', 'total_loss': '0.0131996', 'main_loss': '0.0131996', 'time_per_step': '2.22434'}
2026-01-15 06:42:41,202 - train_greyscale_FA_MoE.py - {'step': '48300', 'lr': '0.0002', 'total_loss': '0.0138571', 'main_loss': '0.0138571', 'time_per_step': '2.17501'}
2026-01-15 06:46:29,526 - train_greyscale_FA_MoE.py - {'step': '48400', 'lr': '0.0002', 'total_loss': '0.0132036', 'main_loss': '0.0132036', 'time_per_step': '2.22618'}
2026-01-15 06:50:16,402 - train_greyscale_FA_MoE.py - {'step': '48500', 'lr': '0.0002', 'total_loss': '0.00952483', 'main_loss': '0.00952483', 'time_per_step': '2.20998'}
2026-01-15 06:54:03,798 - train_greyscale_FA_MoE.py - {'step': '48600', 'lr': '0.0002', 'total_loss': '0.0156812', 'main_loss': '0.0156812', 'time_per_step': '2.28324'}
2026-01-15 06:57:51,752 - train_greyscale_FA_MoE.py - {'step': '48700', 'lr': '0.0002', 'total_loss': '0.00863548', 'main_loss': '0.00863548', 'time_per_step': '2.20504'}
2026-01-15 07:01:39,361 - train_greyscale_FA_MoE.py - {'step': '48800', 'lr': '0.0002', 'total_loss': '0.0120993', 'main_loss': '0.0120993', 'time_per_step': '2.22864'}
2026-01-15 07:05:26,112 - train_greyscale_FA_MoE.py - {'step': '48900', 'lr': '0.0002', 'total_loss': '0.0103138', 'main_loss': '0.0103138', 'time_per_step': '2.16951'}
2026-01-15 07:09:13,532 - train_greyscale_FA_MoE.py - {'step': '49000', 'lr': '0.0002', 'total_loss': '0.0154616', 'main_loss': '0.0154616', 'time_per_step': '2.22713'}
2026-01-15 07:13:01,293 - train_greyscale_FA_MoE.py - {'step': '49100', 'lr': '0.0002', 'total_loss': '0.0126626', 'main_loss': '0.0126626', 'time_per_step': '2.0954'}
2026-01-15 07:16:49,770 - train_greyscale_FA_MoE.py - {'step': '49200', 'lr': '0.0002', 'total_loss': '0.0141326', 'main_loss': '0.0141326', 'time_per_step': '2.09296'}
2026-01-15 07:20:37,007 - train_greyscale_FA_MoE.py - {'step': '49300', 'lr': '0.0002', 'total_loss': '0.00743409', 'main_loss': '0.00743409', 'time_per_step': '2.28861'}
2026-01-15 07:24:24,900 - train_greyscale_FA_MoE.py - {'step': '49400', 'lr': '0.0002', 'total_loss': '0.0130523', 'main_loss': '0.0130523', 'time_per_step': '2.20422'}
2026-01-15 07:28:12,124 - train_greyscale_FA_MoE.py - {'step': '49500', 'lr': '0.0002', 'total_loss': '0.0107957', 'main_loss': '0.0107957', 'time_per_step': '2.19495'}
2026-01-15 07:32:00,193 - train_greyscale_FA_MoE.py - {'step': '49600', 'lr': '0.0002', 'total_loss': '0.0134201', 'main_loss': '0.0134201', 'time_per_step': '2.21808'}
2026-01-15 07:35:46,951 - train_greyscale_FA_MoE.py - {'step': '49700', 'lr': '0.0002', 'total_loss': '0.0106592', 'main_loss': '0.0106592', 'time_per_step': '2.27095'}
2026-01-15 07:39:34,436 - train_greyscale_FA_MoE.py - {'step': '49800', 'lr': '0.0002', 'total_loss': '0.010299', 'main_loss': '0.010299', 'time_per_step': '2.25397'}
2026-01-15 07:43:21,522 - train_greyscale_FA_MoE.py - {'step': '49900', 'lr': '0.0002', 'total_loss': '0.0148886', 'main_loss': '0.0148886', 'time_per_step': '2.19883'}
2026-01-15 07:47:08,921 - train_greyscale_FA_MoE.py - {'step': '50000', 'lr': '0.0002', 'total_loss': '0.00919758', 'main_loss': '0.00919758', 'time_per_step': '2.21606'}
2026-01-15 07:47:08,935 - train_greyscale_FA_MoE.py - Saved expert distribution of layer in_block_0 to output_shift_fa/acdc_wholeheart_uncond_fa_ec_moe_greyscale_uvit_mid_4by4_l6r9_low16_Y_bound/samples/expert_distribution_in_block_0_step50000.npy
2026-01-15 07:47:10,373 - train_greyscale_FA_MoE.py - Saved expert distribution of layer out_block_7 to output_shift_fa/acdc_wholeheart_uncond_fa_ec_moe_greyscale_uvit_mid_4by4_l6r9_low16_Y_bound/samples/expert_distribution_out_block_7_step50000.npy
2026-01-15 07:47:11,925 - train_greyscale_FA_MoE.py - Save a grid of 16 samples into output_shift_fa/acdc_wholeheart_uncond_fa_ec_moe_greyscale_uvit_mid_4by4_l6r9_low16_Y_bound/samples/50000.png by DPM-Solver
2026-01-15 07:47:17,421 - train_greyscale_FA_MoE.py - Finished saving sample grid to output_shift_fa/acdc_wholeheart_uncond_fa_ec_moe_greyscale_uvit_mid_4by4_l6r9_low16_Y_bound/samples/50000.png by DPM-Solver.
2026-01-15 07:47:17,468 - train_greyscale_FA_MoE.py - Save and eval checkpoint 50000...
2026-01-15 07:47:19,816 - train_greyscale_FA_MoE.py - eval_step: n_samples=50000, sample_steps=50, algorithm=dpm_solver, mini_batch_size=500, samples save into output_shift_fa/acdc_wholeheart_uncond_fa_ec_moe_greyscale_uvit_mid_4by4_l6r9_low16_Y_bound/samples/acdc_wholeheart_uncond_uvit_FA_EC_MoE_greyscale_mid_4by4_low16_50000_dpm
2026-01-15 08:37:37,806 - train_greyscale_FA_MoE.py - step=50000 fid50000=22.760282633980637
2026-01-15 08:44:19,029 - is_lpips.py - LPIPS: 0.5279 ± 0.0482
2026-01-15 08:44:19,035 - train_greyscale_FA_MoE.py - step=50000 LPIPS50000=0.5279378941491509
2026-01-15 08:49:29,823 - train_greyscale_FA_MoE.py - {'step': '50100', 'lr': '0.0002', 'total_loss': '0.0117362', 'main_loss': '0.0117362', 'time_per_step': '2.14431'}
2026-01-15 08:53:17,341 - train_greyscale_FA_MoE.py - {'step': '50200', 'lr': '0.0002', 'total_loss': '0.0121017', 'main_loss': '0.0121017', 'time_per_step': '2.17619'}
2026-01-15 08:57:02,582 - train_greyscale_FA_MoE.py - {'step': '50300', 'lr': '0.0002', 'total_loss': '0.0108647', 'main_loss': '0.0108647', 'time_per_step': '2.13336'}
2026-01-15 09:00:47,858 - train_greyscale_FA_MoE.py - {'step': '50400', 'lr': '0.0002', 'total_loss': '0.0124903', 'main_loss': '0.0124903', 'time_per_step': '2.10762'}
2026-01-15 09:04:33,770 - train_greyscale_FA_MoE.py - {'step': '50500', 'lr': '0.0002', 'total_loss': '0.0127246', 'main_loss': '0.0127246', 'time_per_step': '2.28858'}
2026-01-15 09:08:21,471 - train_greyscale_FA_MoE.py - {'step': '50600', 'lr': '0.0002', 'total_loss': '0.0104362', 'main_loss': '0.0104362', 'time_per_step': '2.20307'}
2026-01-15 09:12:08,307 - train_greyscale_FA_MoE.py - {'step': '50700', 'lr': '0.0002', 'total_loss': '0.0113352', 'main_loss': '0.0113352', 'time_per_step': '2.22491'}
2026-01-15 09:15:55,872 - train_greyscale_FA_MoE.py - {'step': '50800', 'lr': '0.0002', 'total_loss': '0.0126592', 'main_loss': '0.0126592', 'time_per_step': '2.21301'}
2026-01-15 09:19:44,492 - train_greyscale_FA_MoE.py - {'step': '50900', 'lr': '0.0002', 'total_loss': '0.0100586', 'main_loss': '0.0100586', 'time_per_step': '2.17965'}
2026-01-15 09:23:32,049 - train_greyscale_FA_MoE.py - {'step': '51000', 'lr': '0.0002', 'total_loss': '0.0134947', 'main_loss': '0.0134947', 'time_per_step': '2.20551'}
2026-01-15 09:27:18,951 - train_greyscale_FA_MoE.py - {'step': '51100', 'lr': '0.0002', 'total_loss': '0.0110418', 'main_loss': '0.0110418', 'time_per_step': '2.25633'}
2026-01-15 09:31:07,050 - train_greyscale_FA_MoE.py - {'step': '51200', 'lr': '0.0002', 'total_loss': '0.0124936', 'main_loss': '0.0124936', 'time_per_step': '2.20124'}
2026-01-15 09:34:54,784 - train_greyscale_FA_MoE.py - {'step': '51300', 'lr': '0.0002', 'total_loss': '0.0102164', 'main_loss': '0.0102164', 'time_per_step': '2.21507'}
2026-01-15 09:38:42,581 - train_greyscale_FA_MoE.py - {'step': '51400', 'lr': '0.0002', 'total_loss': '0.012306', 'main_loss': '0.012306', 'time_per_step': '2.22363'}
2026-01-15 09:42:31,917 - train_greyscale_FA_MoE.py - {'step': '51500', 'lr': '0.0002', 'total_loss': '0.0119901', 'main_loss': '0.0119901', 'time_per_step': '2.09719'}
2026-01-15 09:46:19,995 - train_greyscale_FA_MoE.py - {'step': '51600', 'lr': '0.0002', 'total_loss': '0.0135491', 'main_loss': '0.0135491', 'time_per_step': '2.09975'}
2026-01-15 09:50:08,133 - train_greyscale_FA_MoE.py - {'step': '51700', 'lr': '0.0002', 'total_loss': '0.00861351', 'main_loss': '0.00861351', 'time_per_step': '2.21574'}
2026-01-15 09:53:56,322 - train_greyscale_FA_MoE.py - {'step': '51800', 'lr': '0.0002', 'total_loss': '0.0103427', 'main_loss': '0.0103427', 'time_per_step': '2.1832'}
2026-01-15 09:57:43,292 - train_greyscale_FA_MoE.py - {'step': '51900', 'lr': '0.0002', 'total_loss': '0.013675', 'main_loss': '0.013675', 'time_per_step': '2.20439'}
2026-01-15 10:01:31,080 - train_greyscale_FA_MoE.py - {'step': '52000', 'lr': '0.0002', 'total_loss': '0.00834252', 'main_loss': '0.00834252', 'time_per_step': '2.21522'}
2026-01-15 10:05:19,160 - train_greyscale_FA_MoE.py - {'step': '52100', 'lr': '0.0002', 'total_loss': '0.0104869', 'main_loss': '0.0104869', 'time_per_step': '2.21722'}
2026-01-15 10:09:06,936 - train_greyscale_FA_MoE.py - {'step': '52200', 'lr': '0.0002', 'total_loss': '0.0139668', 'main_loss': '0.0139668', 'time_per_step': '2.18557'}
2026-01-15 10:12:53,702 - train_greyscale_FA_MoE.py - {'step': '52300', 'lr': '0.0002', 'total_loss': '0.015348', 'main_loss': '0.015348', 'time_per_step': '2.16764'}
2026-01-15 10:16:44,009 - train_greyscale_FA_MoE.py - {'step': '52400', 'lr': '0.0002', 'total_loss': '0.00701729', 'main_loss': '0.00701729', 'time_per_step': '2.20903'}
2026-01-15 10:20:31,946 - train_greyscale_FA_MoE.py - {'step': '52500', 'lr': '0.0002', 'total_loss': '0.0167183', 'main_loss': '0.0167183', 'time_per_step': '2.19389'}
2026-01-15 10:24:20,587 - train_greyscale_FA_MoE.py - {'step': '52600', 'lr': '0.0002', 'total_loss': '0.0195743', 'main_loss': '0.0195743', 'time_per_step': '2.23157'}
2026-01-15 10:28:07,715 - train_greyscale_FA_MoE.py - {'step': '52700', 'lr': '0.0002', 'total_loss': '0.0102374', 'main_loss': '0.0102374', 'time_per_step': '2.08667'}
2026-01-15 10:31:54,849 - train_greyscale_FA_MoE.py - {'step': '52800', 'lr': '0.0002', 'total_loss': '0.0130608', 'main_loss': '0.0130608', 'time_per_step': '2.09289'}
2026-01-15 10:35:43,706 - train_greyscale_FA_MoE.py - {'step': '52900', 'lr': '0.0002', 'total_loss': '0.0156605', 'main_loss': '0.0156605', 'time_per_step': '2.21512'}
2026-01-15 10:39:31,045 - train_greyscale_FA_MoE.py - {'step': '53000', 'lr': '0.0002', 'total_loss': '0.00785762', 'main_loss': '0.00785762', 'time_per_step': '2.24368'}
2026-01-15 10:43:18,472 - train_greyscale_FA_MoE.py - {'step': '53100', 'lr': '0.0002', 'total_loss': '0.0082675', 'main_loss': '0.0082675', 'time_per_step': '2.21502'}
2026-01-15 10:47:06,918 - train_greyscale_FA_MoE.py - {'step': '53200', 'lr': '0.0002', 'total_loss': '0.0109213', 'main_loss': '0.0109213', 'time_per_step': '2.1846'}
2026-01-15 10:50:55,106 - train_greyscale_FA_MoE.py - {'step': '53300', 'lr': '0.0002', 'total_loss': '0.0105724', 'main_loss': '0.0105724', 'time_per_step': '2.21879'}
2026-01-15 10:54:42,540 - train_greyscale_FA_MoE.py - {'step': '53400', 'lr': '0.0002', 'total_loss': '0.0105275', 'main_loss': '0.0105275', 'time_per_step': '2.20453'}
2026-01-15 10:58:29,456 - train_greyscale_FA_MoE.py - {'step': '53500', 'lr': '0.0002', 'total_loss': '0.0104098', 'main_loss': '0.0104098', 'time_per_step': '2.23382'}
2026-01-15 11:02:16,890 - train_greyscale_FA_MoE.py - {'step': '53600', 'lr': '0.0002', 'total_loss': '0.0132096', 'main_loss': '0.0132096', 'time_per_step': '2.20115'}
2026-01-15 11:06:04,766 - train_greyscale_FA_MoE.py - {'step': '53700', 'lr': '0.0002', 'total_loss': '0.00926695', 'main_loss': '0.00926695', 'time_per_step': '2.24748'}
2026-01-15 11:09:52,688 - train_greyscale_FA_MoE.py - {'step': '53800', 'lr': '0.0002', 'total_loss': '0.014638', 'main_loss': '0.014638', 'time_per_step': '2.20042'}
2026-01-15 11:13:39,468 - train_greyscale_FA_MoE.py - {'step': '53900', 'lr': '0.0002', 'total_loss': '0.00780827', 'main_loss': '0.00780827', 'time_per_step': '2.09422'}
2026-01-15 11:17:25,973 - train_greyscale_FA_MoE.py - {'step': '54000', 'lr': '0.0002', 'total_loss': '0.0113222', 'main_loss': '0.0113222', 'time_per_step': '2.09393'}
2026-01-15 11:21:14,558 - train_greyscale_FA_MoE.py - {'step': '54100', 'lr': '0.0002', 'total_loss': '0.00983476', 'main_loss': '0.00983476', 'time_per_step': '2.14916'}
2026-01-15 11:25:02,507 - train_greyscale_FA_MoE.py - {'step': '54200', 'lr': '0.0002', 'total_loss': '0.0103938', 'main_loss': '0.0103938', 'time_per_step': '2.18407'}
2026-01-15 11:28:49,393 - train_greyscale_FA_MoE.py - {'step': '54300', 'lr': '0.0002', 'total_loss': '0.00971332', 'main_loss': '0.00971332', 'time_per_step': '2.22226'}
2026-01-15 11:32:37,626 - train_greyscale_FA_MoE.py - {'step': '54400', 'lr': '0.0002', 'total_loss': '0.0161886', 'main_loss': '0.0161886', 'time_per_step': '2.31607'}
2026-01-15 11:36:25,812 - train_greyscale_FA_MoE.py - {'step': '54500', 'lr': '0.0002', 'total_loss': '0.0140009', 'main_loss': '0.0140009', 'time_per_step': '2.22113'}
2026-01-15 11:40:13,228 - train_greyscale_FA_MoE.py - {'step': '54600', 'lr': '0.0002', 'total_loss': '0.0141075', 'main_loss': '0.0141075', 'time_per_step': '2.20926'}
2026-01-15 11:44:00,040 - train_greyscale_FA_MoE.py - {'step': '54700', 'lr': '0.0002', 'total_loss': '0.00943974', 'main_loss': '0.00943974', 'time_per_step': '2.20464'}
2026-01-15 11:47:47,873 - train_greyscale_FA_MoE.py - {'step': '54800', 'lr': '0.0002', 'total_loss': '0.0105826', 'main_loss': '0.0105826', 'time_per_step': '2.20374'}
2026-01-15 11:51:35,880 - train_greyscale_FA_MoE.py - {'step': '54900', 'lr': '0.0002', 'total_loss': '0.0113254', 'main_loss': '0.0113254', 'time_per_step': '2.19087'}
2026-01-15 11:55:24,278 - train_greyscale_FA_MoE.py - {'step': '55000', 'lr': '0.0002', 'total_loss': '0.0139846', 'main_loss': '0.0139846', 'time_per_step': '2.21009'}
2026-01-15 11:59:11,292 - train_greyscale_FA_MoE.py - {'step': '55100', 'lr': '0.0002', 'total_loss': '0.0121922', 'main_loss': '0.0121922', 'time_per_step': '2.10359'}
2026-01-15 12:02:58,658 - train_greyscale_FA_MoE.py - {'step': '55200', 'lr': '0.0002', 'total_loss': '0.0100886', 'main_loss': '0.0100886', 'time_per_step': '2.09172'}
2026-01-15 12:06:46,199 - train_greyscale_FA_MoE.py - {'step': '55300', 'lr': '0.0002', 'total_loss': '0.0100451', 'main_loss': '0.0100451', 'time_per_step': '2.24748'}
2026-01-15 12:10:34,264 - train_greyscale_FA_MoE.py - {'step': '55400', 'lr': '0.0002', 'total_loss': '0.0128069', 'main_loss': '0.0128069', 'time_per_step': '2.26935'}
2026-01-15 12:14:21,102 - train_greyscale_FA_MoE.py - {'step': '55500', 'lr': '0.0002', 'total_loss': '0.0118281', 'main_loss': '0.0118281', 'time_per_step': '2.20335'}
2026-01-15 12:18:09,544 - train_greyscale_FA_MoE.py - {'step': '55600', 'lr': '0.0002', 'total_loss': '0.0104319', 'main_loss': '0.0104319', 'time_per_step': '2.20847'}
2026-01-15 12:21:57,748 - train_greyscale_FA_MoE.py - {'step': '55700', 'lr': '0.0002', 'total_loss': '0.0123684', 'main_loss': '0.0123684', 'time_per_step': '2.20877'}
2026-01-15 12:25:45,675 - train_greyscale_FA_MoE.py - {'step': '55800', 'lr': '0.0002', 'total_loss': '0.00989176', 'main_loss': '0.00989176', 'time_per_step': '2.18207'}
2026-01-15 12:29:32,871 - train_greyscale_FA_MoE.py - {'step': '55900', 'lr': '0.0002', 'total_loss': '0.0134442', 'main_loss': '0.0134442', 'time_per_step': '2.23028'}
2026-01-15 12:33:20,444 - train_greyscale_FA_MoE.py - {'step': '56000', 'lr': '0.0002', 'total_loss': '0.0136265', 'main_loss': '0.0136265', 'time_per_step': '2.19139'}
2026-01-15 12:37:09,043 - train_greyscale_FA_MoE.py - {'step': '56100', 'lr': '0.0002', 'total_loss': '0.0092941', 'main_loss': '0.0092941', 'time_per_step': '2.20831'}
2026-01-15 12:40:56,113 - train_greyscale_FA_MoE.py - {'step': '56200', 'lr': '0.0002', 'total_loss': '0.0126692', 'main_loss': '0.0126692', 'time_per_step': '2.21971'}
2026-01-15 12:44:42,984 - train_greyscale_FA_MoE.py - {'step': '56300', 'lr': '0.0002', 'total_loss': '0.00904168', 'main_loss': '0.00904168', 'time_per_step': '2.11445'}
2026-01-15 12:48:29,481 - train_greyscale_FA_MoE.py - {'step': '56400', 'lr': '0.0002', 'total_loss': '0.00756975', 'main_loss': '0.00756975', 'time_per_step': '2.09538'}
2026-01-15 12:52:18,863 - train_greyscale_FA_MoE.py - {'step': '56500', 'lr': '0.0002', 'total_loss': '0.0149581', 'main_loss': '0.0149581', 'time_per_step': '2.21467'}
2026-01-15 12:56:07,236 - train_greyscale_FA_MoE.py - {'step': '56600', 'lr': '0.0002', 'total_loss': '0.00933429', 'main_loss': '0.00933429', 'time_per_step': '2.2506'}
2026-01-15 12:59:54,416 - train_greyscale_FA_MoE.py - {'step': '56700', 'lr': '0.0002', 'total_loss': '0.0129806', 'main_loss': '0.0129806', 'time_per_step': '2.21634'}
2026-01-15 13:03:42,277 - train_greyscale_FA_MoE.py - {'step': '56800', 'lr': '0.0002', 'total_loss': '0.0119139', 'main_loss': '0.0119139', 'time_per_step': '2.22694'}
2026-01-15 13:07:30,369 - train_greyscale_FA_MoE.py - {'step': '56900', 'lr': '0.0002', 'total_loss': '0.00829229', 'main_loss': '0.00829229', 'time_per_step': '2.19204'}
2026-01-15 13:11:18,483 - train_greyscale_FA_MoE.py - {'step': '57000', 'lr': '0.0002', 'total_loss': '0.0120544', 'main_loss': '0.0120544', 'time_per_step': '2.18942'}
2026-01-15 13:15:05,199 - train_greyscale_FA_MoE.py - {'step': '57100', 'lr': '0.0002', 'total_loss': '0.0102983', 'main_loss': '0.0102983', 'time_per_step': '2.23753'}
2026-01-15 13:18:53,271 - train_greyscale_FA_MoE.py - {'step': '57200', 'lr': '0.0002', 'total_loss': '0.0125383', 'main_loss': '0.0125383', 'time_per_step': '2.21492'}
2026-01-15 13:22:41,305 - train_greyscale_FA_MoE.py - {'step': '57300', 'lr': '0.0002', 'total_loss': '0.00945579', 'main_loss': '0.00945579', 'time_per_step': '2.19612'}
2026-01-15 13:26:29,352 - train_greyscale_FA_MoE.py - {'step': '57400', 'lr': '0.0002', 'total_loss': '0.00985636', 'main_loss': '0.00985636', 'time_per_step': '2.22002'}
2026-01-15 13:30:16,399 - train_greyscale_FA_MoE.py - {'step': '57500', 'lr': '0.0002', 'total_loss': '0.0135882', 'main_loss': '0.0135882', 'time_per_step': '2.09239'}
2026-01-15 13:34:02,958 - train_greyscale_FA_MoE.py - {'step': '57600', 'lr': '0.0002', 'total_loss': '0.00989777', 'main_loss': '0.00989777', 'time_per_step': '2.09859'}
2026-01-15 13:37:51,583 - train_greyscale_FA_MoE.py - {'step': '57700', 'lr': '0.0002', 'total_loss': '0.0123943', 'main_loss': '0.0123943', 'time_per_step': '2.1968'}
2026-01-15 13:41:39,397 - train_greyscale_FA_MoE.py - {'step': '57800', 'lr': '0.0002', 'total_loss': '0.00803258', 'main_loss': '0.00803258', 'time_per_step': '2.1955'}
2026-01-15 13:45:26,184 - train_greyscale_FA_MoE.py - {'step': '57900', 'lr': '0.0002', 'total_loss': '0.013558', 'main_loss': '0.013558', 'time_per_step': '2.17728'}
2026-01-15 13:49:14,339 - train_greyscale_FA_MoE.py - {'step': '58000', 'lr': '0.0002', 'total_loss': '0.00822126', 'main_loss': '0.00822126', 'time_per_step': '2.19983'}
2026-01-15 13:53:01,861 - train_greyscale_FA_MoE.py - {'step': '58100', 'lr': '0.0002', 'total_loss': '0.0124676', 'main_loss': '0.0124676', 'time_per_step': '2.22021'}
2026-01-15 13:56:48,955 - train_greyscale_FA_MoE.py - {'step': '58200', 'lr': '0.0002', 'total_loss': '0.010907', 'main_loss': '0.010907', 'time_per_step': '2.18916'}
2026-01-15 14:00:35,450 - train_greyscale_FA_MoE.py - {'step': '58300', 'lr': '0.0002', 'total_loss': '0.0105025', 'main_loss': '0.0105025', 'time_per_step': '2.25882'}
2026-01-15 14:04:22,426 - train_greyscale_FA_MoE.py - {'step': '58400', 'lr': '0.0002', 'total_loss': '0.0112128', 'main_loss': '0.0112128', 'time_per_step': '2.24051'}
2026-01-15 14:08:09,801 - train_greyscale_FA_MoE.py - {'step': '58500', 'lr': '0.0002', 'total_loss': '0.0124646', 'main_loss': '0.0124646', 'time_per_step': '2.21652'}
2026-01-15 14:11:57,799 - train_greyscale_FA_MoE.py - {'step': '58600', 'lr': '0.0002', 'total_loss': '0.0112706', 'main_loss': '0.0112706', 'time_per_step': '2.20982'}
2026-01-15 14:15:45,218 - train_greyscale_FA_MoE.py - {'step': '58700', 'lr': '0.0002', 'total_loss': '0.0140466', 'main_loss': '0.0140466', 'time_per_step': '2.09298'}
2026-01-15 14:19:32,470 - train_greyscale_FA_MoE.py - {'step': '58800', 'lr': '0.0002', 'total_loss': '0.0108912', 'main_loss': '0.0108912', 'time_per_step': '2.09909'}
2026-01-15 14:23:21,472 - train_greyscale_FA_MoE.py - {'step': '58900', 'lr': '0.0002', 'total_loss': '0.0110188', 'main_loss': '0.0110188', 'time_per_step': '2.18095'}
2026-01-15 14:27:08,985 - train_greyscale_FA_MoE.py - {'step': '59000', 'lr': '0.0002', 'total_loss': '0.0104373', 'main_loss': '0.0104373', 'time_per_step': '2.16946'}
2026-01-15 14:30:55,693 - train_greyscale_FA_MoE.py - {'step': '59100', 'lr': '0.0002', 'total_loss': '0.0121341', 'main_loss': '0.0121341', 'time_per_step': '2.22807'}
2026-01-15 14:34:43,817 - train_greyscale_FA_MoE.py - {'step': '59200', 'lr': '0.0002', 'total_loss': '0.0100098', 'main_loss': '0.0100098', 'time_per_step': '2.22763'}
2026-01-15 14:38:30,984 - train_greyscale_FA_MoE.py - {'step': '59300', 'lr': '0.0002', 'total_loss': '0.0120644', 'main_loss': '0.0120644', 'time_per_step': '2.23109'}
2026-01-15 14:42:19,227 - train_greyscale_FA_MoE.py - {'step': '59400', 'lr': '0.0002', 'total_loss': '0.0123394', 'main_loss': '0.0123394', 'time_per_step': '2.2322'}
2026-01-15 14:46:05,984 - train_greyscale_FA_MoE.py - {'step': '59500', 'lr': '0.0002', 'total_loss': '0.0111077', 'main_loss': '0.0111077', 'time_per_step': '2.2608'}
2026-01-15 14:49:52,850 - train_greyscale_FA_MoE.py - {'step': '59600', 'lr': '0.0002', 'total_loss': '0.0119957', 'main_loss': '0.0119957', 'time_per_step': '2.23035'}
2026-01-15 14:53:40,843 - train_greyscale_FA_MoE.py - {'step': '59700', 'lr': '0.0002', 'total_loss': '0.00732024', 'main_loss': '0.00732024', 'time_per_step': '2.21097'}
2026-01-15 14:57:28,499 - train_greyscale_FA_MoE.py - {'step': '59800', 'lr': '0.0002', 'total_loss': '0.0154308', 'main_loss': '0.0154308', 'time_per_step': '2.221'}
2026-01-15 15:01:15,191 - train_greyscale_FA_MoE.py - {'step': '59900', 'lr': '0.0002', 'total_loss': '0.0110197', 'main_loss': '0.0110197', 'time_per_step': '2.09666'}
2026-01-15 15:05:02,319 - train_greyscale_FA_MoE.py - {'step': '60000', 'lr': '0.0002', 'total_loss': '0.0109735', 'main_loss': '0.0109735', 'time_per_step': '2.08982'}
2026-01-15 15:08:50,558 - train_greyscale_FA_MoE.py - {'step': '60100', 'lr': '0.0002', 'total_loss': '0.0142542', 'main_loss': '0.0142542', 'time_per_step': '2.25106'}
2026-01-15 15:12:38,325 - train_greyscale_FA_MoE.py - {'step': '60200', 'lr': '0.0002', 'total_loss': '0.0100482', 'main_loss': '0.0100482', 'time_per_step': '2.2151'}
2026-01-15 15:16:25,395 - train_greyscale_FA_MoE.py - {'step': '60300', 'lr': '0.0002', 'total_loss': '0.00980422', 'main_loss': '0.00980422', 'time_per_step': '2.21302'}
2026-01-15 15:20:12,580 - train_greyscale_FA_MoE.py - {'step': '60400', 'lr': '0.0002', 'total_loss': '0.012351', 'main_loss': '0.012351', 'time_per_step': '2.23232'}
2026-01-15 15:24:00,202 - train_greyscale_FA_MoE.py - {'step': '60500', 'lr': '0.0002', 'total_loss': '0.0127638', 'main_loss': '0.0127638', 'time_per_step': '2.19791'}
2026-01-15 15:27:48,129 - train_greyscale_FA_MoE.py - {'step': '60600', 'lr': '0.0002', 'total_loss': '0.0111852', 'main_loss': '0.0111852', 'time_per_step': '2.25877'}
2026-01-15 15:31:35,256 - train_greyscale_FA_MoE.py - {'step': '60700', 'lr': '0.0002', 'total_loss': '0.012751', 'main_loss': '0.012751', 'time_per_step': '2.28452'}
2026-01-15 15:35:23,230 - train_greyscale_FA_MoE.py - {'step': '60800', 'lr': '0.0002', 'total_loss': '0.00967362', 'main_loss': '0.00967362', 'time_per_step': '2.19805'}
2026-01-15 15:39:11,348 - train_greyscale_FA_MoE.py - {'step': '60900', 'lr': '0.0002', 'total_loss': '0.00668327', 'main_loss': '0.00668327', 'time_per_step': '2.15217'}
2026-01-15 15:42:59,618 - train_greyscale_FA_MoE.py - {'step': '61000', 'lr': '0.0002', 'total_loss': '0.0102674', 'main_loss': '0.0102674', 'time_per_step': '2.16335'}
2026-01-15 15:46:46,145 - train_greyscale_FA_MoE.py - {'step': '61100', 'lr': '0.0002', 'total_loss': '0.0134992', 'main_loss': '0.0134992', 'time_per_step': '2.09128'}
2026-01-15 15:50:33,623 - train_greyscale_FA_MoE.py - {'step': '61200', 'lr': '0.0002', 'total_loss': '0.0112875', 'main_loss': '0.0112875', 'time_per_step': '2.15532'}
2026-01-15 15:54:22,219 - train_greyscale_FA_MoE.py - {'step': '61300', 'lr': '0.0002', 'total_loss': '0.011553', 'main_loss': '0.011553', 'time_per_step': '2.21461'}
2026-01-15 15:58:10,007 - train_greyscale_FA_MoE.py - {'step': '61400', 'lr': '0.0002', 'total_loss': '0.00920307', 'main_loss': '0.00920307', 'time_per_step': '2.20438'}
2026-01-15 16:01:56,996 - train_greyscale_FA_MoE.py - {'step': '61500', 'lr': '0.0002', 'total_loss': '0.00825526', 'main_loss': '0.00825526', 'time_per_step': '2.19375'}
2026-01-15 16:05:45,601 - train_greyscale_FA_MoE.py - {'step': '61600', 'lr': '0.0002', 'total_loss': '0.00854562', 'main_loss': '0.00854562', 'time_per_step': '2.20898'}
2026-01-15 16:09:32,900 - train_greyscale_FA_MoE.py - {'step': '61700', 'lr': '0.0002', 'total_loss': '0.00674647', 'main_loss': '0.00674647', 'time_per_step': '2.20615'}
2026-01-15 16:13:21,480 - train_greyscale_FA_MoE.py - {'step': '61800', 'lr': '0.0002', 'total_loss': '0.0137517', 'main_loss': '0.0137517', 'time_per_step': '2.21186'}
2026-01-15 16:17:09,436 - train_greyscale_FA_MoE.py - {'step': '61900', 'lr': '0.0002', 'total_loss': '0.00826937', 'main_loss': '0.00826937', 'time_per_step': '2.14049'}
2026-01-15 16:20:57,568 - train_greyscale_FA_MoE.py - {'step': '62000', 'lr': '0.0002', 'total_loss': '0.0135925', 'main_loss': '0.0135925', 'time_per_step': '2.22318'}
2026-01-15 16:24:45,353 - train_greyscale_FA_MoE.py - {'step': '62100', 'lr': '0.0002', 'total_loss': '0.0114783', 'main_loss': '0.0114783', 'time_per_step': '2.20126'}
2026-01-15 16:28:33,242 - train_greyscale_FA_MoE.py - {'step': '62200', 'lr': '0.0002', 'total_loss': '0.0114861', 'main_loss': '0.0114861', 'time_per_step': '2.22282'}
2026-01-15 16:32:20,341 - train_greyscale_FA_MoE.py - {'step': '62300', 'lr': '0.0002', 'total_loss': '0.00823973', 'main_loss': '0.00823973', 'time_per_step': '2.09353'}
2026-01-15 16:36:07,274 - train_greyscale_FA_MoE.py - {'step': '62400', 'lr': '0.0002', 'total_loss': '0.0146478', 'main_loss': '0.0146478', 'time_per_step': '2.09261'}
2026-01-15 16:39:54,646 - train_greyscale_FA_MoE.py - {'step': '62500', 'lr': '0.0002', 'total_loss': '0.0130879', 'main_loss': '0.0130879', 'time_per_step': '2.19335'}
2026-01-15 16:43:41,840 - train_greyscale_FA_MoE.py - {'step': '62600', 'lr': '0.0002', 'total_loss': '0.00694737', 'main_loss': '0.00694737', 'time_per_step': '2.24097'}
2026-01-15 16:47:28,514 - train_greyscale_FA_MoE.py - {'step': '62700', 'lr': '0.0002', 'total_loss': '0.0102981', 'main_loss': '0.0102981', 'time_per_step': '2.206'}
2026-01-15 16:51:16,653 - train_greyscale_FA_MoE.py - {'step': '62800', 'lr': '0.0002', 'total_loss': '0.0106745', 'main_loss': '0.0106745', 'time_per_step': '2.20705'}
2026-01-15 16:55:04,146 - train_greyscale_FA_MoE.py - {'step': '62900', 'lr': '0.0002', 'total_loss': '0.00869829', 'main_loss': '0.00869829', 'time_per_step': '2.30578'}
2026-01-15 16:58:51,281 - train_greyscale_FA_MoE.py - {'step': '63000', 'lr': '0.0002', 'total_loss': '0.0103906', 'main_loss': '0.0103906', 'time_per_step': '2.23173'}
2026-01-15 17:02:37,824 - train_greyscale_FA_MoE.py - {'step': '63100', 'lr': '0.0002', 'total_loss': '0.0117398', 'main_loss': '0.0117398', 'time_per_step': '2.22418'}
2026-01-15 17:06:25,081 - train_greyscale_FA_MoE.py - {'step': '63200', 'lr': '0.0002', 'total_loss': '0.0115913', 'main_loss': '0.0115913', 'time_per_step': '2.24074'}
2026-01-15 17:10:12,133 - train_greyscale_FA_MoE.py - {'step': '63300', 'lr': '0.0002', 'total_loss': '0.014605', 'main_loss': '0.014605', 'time_per_step': '2.18843'}
2026-01-15 17:13:59,921 - train_greyscale_FA_MoE.py - {'step': '63400', 'lr': '0.0002', 'total_loss': '0.00842172', 'main_loss': '0.00842172', 'time_per_step': '2.21001'}
2026-01-15 17:17:46,663 - train_greyscale_FA_MoE.py - {'step': '63500', 'lr': '0.0002', 'total_loss': '0.00833176', 'main_loss': '0.00833176', 'time_per_step': '2.09215'}
2026-01-15 17:21:35,850 - train_greyscale_FA_MoE.py - {'step': '63600', 'lr': '0.0002', 'total_loss': '0.015159', 'main_loss': '0.015159', 'time_per_step': '2.09861'}
2026-01-15 17:25:23,777 - train_greyscale_FA_MoE.py - {'step': '63700', 'lr': '0.0002', 'total_loss': '0.0124827', 'main_loss': '0.0124827', 'time_per_step': '2.22471'}
2026-01-15 17:29:10,983 - train_greyscale_FA_MoE.py - {'step': '63800', 'lr': '0.0002', 'total_loss': '0.0149283', 'main_loss': '0.0149283', 'time_per_step': '2.2374'}
2026-01-15 17:32:58,200 - train_greyscale_FA_MoE.py - {'step': '63900', 'lr': '0.0002', 'total_loss': '0.0112977', 'main_loss': '0.0112977', 'time_per_step': '2.21856'}
2026-01-15 17:36:46,678 - train_greyscale_FA_MoE.py - {'step': '64000', 'lr': '0.0002', 'total_loss': '0.0111401', 'main_loss': '0.0111401', 'time_per_step': '2.209'}
2026-01-15 17:40:34,658 - train_greyscale_FA_MoE.py - {'step': '64100', 'lr': '0.0002', 'total_loss': '0.00840438', 'main_loss': '0.00840438', 'time_per_step': '2.27755'}
2026-01-15 17:44:22,730 - train_greyscale_FA_MoE.py - {'step': '64200', 'lr': '0.0002', 'total_loss': '0.0106693', 'main_loss': '0.0106693', 'time_per_step': '3.18961'}
2026-01-15 17:48:09,661 - train_greyscale_FA_MoE.py - {'step': '64300', 'lr': '0.0002', 'total_loss': '0.0122321', 'main_loss': '0.0122321', 'time_per_step': '2.24034'}
2026-01-15 17:51:57,490 - train_greyscale_FA_MoE.py - {'step': '64400', 'lr': '0.0002', 'total_loss': '0.0130585', 'main_loss': '0.0130585', 'time_per_step': '2.21569'}
2026-01-15 17:55:45,867 - train_greyscale_FA_MoE.py - {'step': '64500', 'lr': '0.0002', 'total_loss': '0.0111036', 'main_loss': '0.0111036', 'time_per_step': '2.22081'}
2026-01-15 17:59:32,713 - train_greyscale_FA_MoE.py - {'step': '64600', 'lr': '0.0002', 'total_loss': '0.00972793', 'main_loss': '0.00972793', 'time_per_step': '2.20495'}
2026-01-15 18:03:20,535 - train_greyscale_FA_MoE.py - {'step': '64700', 'lr': '0.0002', 'total_loss': '0.0123303', 'main_loss': '0.0123303', 'time_per_step': '2.10079'}
2026-01-15 18:07:08,753 - train_greyscale_FA_MoE.py - {'step': '64800', 'lr': '0.0002', 'total_loss': '0.0100185', 'main_loss': '0.0100185', 'time_per_step': '2.10207'}
2026-01-15 18:10:57,386 - train_greyscale_FA_MoE.py - {'step': '64900', 'lr': '0.0002', 'total_loss': '0.0141956', 'main_loss': '0.0141956', 'time_per_step': '2.21138'}
2026-01-15 18:14:44,183 - train_greyscale_FA_MoE.py - {'step': '65000', 'lr': '0.0002', 'total_loss': '0.0142206', 'main_loss': '0.0142206', 'time_per_step': '2.22415'}
2026-01-15 18:18:32,439 - train_greyscale_FA_MoE.py - {'step': '65100', 'lr': '0.0002', 'total_loss': '0.0110657', 'main_loss': '0.0110657', 'time_per_step': '2.2423'}
2026-01-15 18:22:19,612 - train_greyscale_FA_MoE.py - {'step': '65200', 'lr': '0.0002', 'total_loss': '0.0139618', 'main_loss': '0.0139618', 'time_per_step': '2.18976'}
2026-01-15 18:26:07,493 - train_greyscale_FA_MoE.py - {'step': '65300', 'lr': '0.0002', 'total_loss': '0.0108342', 'main_loss': '0.0108342', 'time_per_step': '2.2128'}
2026-01-15 18:29:54,454 - train_greyscale_FA_MoE.py - {'step': '65400', 'lr': '0.0002', 'total_loss': '0.00903583', 'main_loss': '0.00903583', 'time_per_step': '2.18149'}
2026-01-15 18:33:42,072 - train_greyscale_FA_MoE.py - {'step': '65500', 'lr': '0.0002', 'total_loss': '0.0118994', 'main_loss': '0.0118994', 'time_per_step': '2.22993'}
2026-01-15 18:37:29,592 - train_greyscale_FA_MoE.py - {'step': '65600', 'lr': '0.0002', 'total_loss': '0.00892603', 'main_loss': '0.00892603', 'time_per_step': '2.22771'}
2026-01-15 18:41:18,130 - train_greyscale_FA_MoE.py - {'step': '65700', 'lr': '0.0002', 'total_loss': '0.00999096', 'main_loss': '0.00999096', 'time_per_step': '2.18395'}
2026-01-15 18:45:05,261 - train_greyscale_FA_MoE.py - {'step': '65800', 'lr': '0.0002', 'total_loss': '0.0124182', 'main_loss': '0.0124182', 'time_per_step': '2.26782'}
2026-01-15 18:48:53,136 - train_greyscale_FA_MoE.py - {'step': '65900', 'lr': '0.0002', 'total_loss': '0.0106238', 'main_loss': '0.0106238', 'time_per_step': '2.09336'}
2026-01-15 18:52:41,023 - train_greyscale_FA_MoE.py - {'step': '66000', 'lr': '0.0002', 'total_loss': '0.0100716', 'main_loss': '0.0100716', 'time_per_step': '2.09718'}
2026-01-15 18:56:28,692 - train_greyscale_FA_MoE.py - {'step': '66100', 'lr': '0.0002', 'total_loss': '0.00788086', 'main_loss': '0.00788086', 'time_per_step': '2.225'}
2026-01-15 19:00:16,167 - train_greyscale_FA_MoE.py - {'step': '66200', 'lr': '0.0002', 'total_loss': '0.00887625', 'main_loss': '0.00887625', 'time_per_step': '2.18502'}
2026-01-15 19:04:04,318 - train_greyscale_FA_MoE.py - {'step': '66300', 'lr': '0.0002', 'total_loss': '0.0133075', 'main_loss': '0.0133075', 'time_per_step': '2.29573'}
2026-01-15 19:07:52,129 - train_greyscale_FA_MoE.py - {'step': '66400', 'lr': '0.0002', 'total_loss': '0.0108079', 'main_loss': '0.0108079', 'time_per_step': '2.21255'}
2026-01-15 19:11:40,517 - train_greyscale_FA_MoE.py - {'step': '66500', 'lr': '0.0002', 'total_loss': '0.0109412', 'main_loss': '0.0109412', 'time_per_step': '2.20343'}
2026-01-15 19:15:27,421 - train_greyscale_FA_MoE.py - {'step': '66600', 'lr': '0.0002', 'total_loss': '0.00906825', 'main_loss': '0.00906825', 'time_per_step': '2.19461'}
2026-01-15 19:19:15,173 - train_greyscale_FA_MoE.py - {'step': '66700', 'lr': '0.0002', 'total_loss': '0.0146278', 'main_loss': '0.0146278', 'time_per_step': '2.19524'}
2026-01-15 19:23:03,032 - train_greyscale_FA_MoE.py - {'step': '66800', 'lr': '0.0002', 'total_loss': '0.00972185', 'main_loss': '0.00972185', 'time_per_step': '2.22405'}
2026-01-15 19:26:50,905 - train_greyscale_FA_MoE.py - {'step': '66900', 'lr': '0.0002', 'total_loss': '0.00906664', 'main_loss': '0.00906664', 'time_per_step': '2.2292'}
2026-01-15 19:30:38,048 - train_greyscale_FA_MoE.py - {'step': '67000', 'lr': '0.0002', 'total_loss': '0.0115816', 'main_loss': '0.0115816', 'time_per_step': '2.22944'}
2026-01-15 19:34:25,931 - train_greyscale_FA_MoE.py - {'step': '67100', 'lr': '0.0002', 'total_loss': '0.011744', 'main_loss': '0.011744', 'time_per_step': '2.09332'}
2026-01-15 19:38:12,632 - train_greyscale_FA_MoE.py - {'step': '67200', 'lr': '0.0002', 'total_loss': '0.0097915', 'main_loss': '0.0097915', 'time_per_step': '2.09123'}
2026-01-15 19:42:01,847 - train_greyscale_FA_MoE.py - {'step': '67300', 'lr': '0.0002', 'total_loss': '0.01046', 'main_loss': '0.01046', 'time_per_step': '2.21749'}
2026-01-15 19:45:48,328 - train_greyscale_FA_MoE.py - {'step': '67400', 'lr': '0.0002', 'total_loss': '0.012331', 'main_loss': '0.012331', 'time_per_step': '2.19999'}
2026-01-15 19:49:36,031 - train_greyscale_FA_MoE.py - {'step': '67500', 'lr': '0.0002', 'total_loss': '0.00821461', 'main_loss': '0.00821461', 'time_per_step': '2.22919'}
2026-01-15 19:53:23,184 - train_greyscale_FA_MoE.py - {'step': '67600', 'lr': '0.0002', 'total_loss': '0.00940488', 'main_loss': '0.00940488', 'time_per_step': '2.17874'}
2026-01-15 19:57:11,176 - train_greyscale_FA_MoE.py - {'step': '67700', 'lr': '0.0002', 'total_loss': '0.0116918', 'main_loss': '0.0116918', 'time_per_step': '2.3154'}
2026-01-15 20:00:57,940 - train_greyscale_FA_MoE.py - {'step': '67800', 'lr': '0.0002', 'total_loss': '0.00952025', 'main_loss': '0.00952025', 'time_per_step': '2.2077'}
2026-01-15 20:04:45,920 - train_greyscale_FA_MoE.py - {'step': '67900', 'lr': '0.0002', 'total_loss': '0.0122235', 'main_loss': '0.0122235', 'time_per_step': '2.22096'}
2026-01-15 20:08:32,607 - train_greyscale_FA_MoE.py - {'step': '68000', 'lr': '0.0002', 'total_loss': '0.00848459', 'main_loss': '0.00848459', 'time_per_step': '2.21569'}
2026-01-15 20:12:19,656 - train_greyscale_FA_MoE.py - {'step': '68100', 'lr': '0.0002', 'total_loss': '0.0102142', 'main_loss': '0.0102142', 'time_per_step': '2.19437'}
2026-01-15 20:16:07,065 - train_greyscale_FA_MoE.py - {'step': '68200', 'lr': '0.0002', 'total_loss': '0.0132215', 'main_loss': '0.0132215', 'time_per_step': '2.16771'}
2026-01-15 20:19:54,864 - train_greyscale_FA_MoE.py - {'step': '68300', 'lr': '0.0002', 'total_loss': '0.0104396', 'main_loss': '0.0104396', 'time_per_step': '2.09683'}
2026-01-15 20:23:42,223 - train_greyscale_FA_MoE.py - {'step': '68400', 'lr': '0.0002', 'total_loss': '0.014863', 'main_loss': '0.014863', 'time_per_step': '2.09085'}
2026-01-15 20:27:30,142 - train_greyscale_FA_MoE.py - {'step': '68500', 'lr': '0.0002', 'total_loss': '0.0105214', 'main_loss': '0.0105214', 'time_per_step': '2.16934'}
2026-01-15 20:31:16,477 - train_greyscale_FA_MoE.py - {'step': '68600', 'lr': '0.0002', 'total_loss': '0.0136366', 'main_loss': '0.0136366', 'time_per_step': '2.22558'}
2026-01-15 20:35:04,136 - train_greyscale_FA_MoE.py - {'step': '68700', 'lr': '0.0002', 'total_loss': '0.0147467', 'main_loss': '0.0147467', 'time_per_step': '2.25922'}
2026-01-15 20:38:51,672 - train_greyscale_FA_MoE.py - {'step': '68800', 'lr': '0.0002', 'total_loss': '0.0113377', 'main_loss': '0.0113377', 'time_per_step': '2.2189'}
2026-01-15 20:42:38,980 - train_greyscale_FA_MoE.py - {'step': '68900', 'lr': '0.0002', 'total_loss': '0.00987934', 'main_loss': '0.00987934', 'time_per_step': '2.21914'}
2026-01-15 20:46:25,767 - train_greyscale_FA_MoE.py - {'step': '69000', 'lr': '0.0002', 'total_loss': '0.0120661', 'main_loss': '0.0120661', 'time_per_step': '2.19108'}
2026-01-15 20:50:13,639 - train_greyscale_FA_MoE.py - {'step': '69100', 'lr': '0.0002', 'total_loss': '0.00927597', 'main_loss': '0.00927597', 'time_per_step': '2.17756'}
2026-01-15 20:54:01,378 - train_greyscale_FA_MoE.py - {'step': '69200', 'lr': '0.0002', 'total_loss': '0.00896749', 'main_loss': '0.00896749', 'time_per_step': '2.17023'}
2026-01-15 20:57:48,519 - train_greyscale_FA_MoE.py - {'step': '69300', 'lr': '0.0002', 'total_loss': '0.0129641', 'main_loss': '0.0129641', 'time_per_step': '2.23122'}
2026-01-15 21:01:35,102 - train_greyscale_FA_MoE.py - {'step': '69400', 'lr': '0.0002', 'total_loss': '0.00958565', 'main_loss': '0.00958565', 'time_per_step': '2.23779'}
2026-01-15 21:05:22,457 - train_greyscale_FA_MoE.py - {'step': '69500', 'lr': '0.0002', 'total_loss': '0.0085398', 'main_loss': '0.0085398', 'time_per_step': '2.0842'}
2026-01-15 21:09:09,831 - train_greyscale_FA_MoE.py - {'step': '69600', 'lr': '0.0002', 'total_loss': '0.0102406', 'main_loss': '0.0102406', 'time_per_step': '2.0955'}
2026-01-15 21:12:58,344 - train_greyscale_FA_MoE.py - {'step': '69700', 'lr': '0.0002', 'total_loss': '0.0110908', 'main_loss': '0.0110908', 'time_per_step': '2.1827'}
2026-01-15 21:16:45,490 - train_greyscale_FA_MoE.py - {'step': '69800', 'lr': '0.0002', 'total_loss': '0.00794884', 'main_loss': '0.00794884', 'time_per_step': '2.17147'}
2026-01-15 21:20:33,851 - train_greyscale_FA_MoE.py - {'step': '69900', 'lr': '0.0002', 'total_loss': '0.0142188', 'main_loss': '0.0142188', 'time_per_step': '2.2763'}
2026-01-15 21:24:21,061 - train_greyscale_FA_MoE.py - {'step': '70000', 'lr': '0.0002', 'total_loss': '0.0132309', 'main_loss': '0.0132309', 'time_per_step': '2.2235'}
2026-01-15 21:28:08,737 - train_greyscale_FA_MoE.py - {'step': '70100', 'lr': '0.0002', 'total_loss': '0.0090616', 'main_loss': '0.0090616', 'time_per_step': '2.18212'}
2026-01-15 21:31:55,528 - train_greyscale_FA_MoE.py - {'step': '70200', 'lr': '0.0002', 'total_loss': '0.0142663', 'main_loss': '0.0142663', 'time_per_step': '2.19267'}
2026-01-15 21:35:43,463 - train_greyscale_FA_MoE.py - {'step': '70300', 'lr': '0.0002', 'total_loss': '0.0105697', 'main_loss': '0.0105697', 'time_per_step': '2.20243'}
2026-01-15 21:39:30,927 - train_greyscale_FA_MoE.py - {'step': '70400', 'lr': '0.0002', 'total_loss': '0.0125866', 'main_loss': '0.0125866', 'time_per_step': '2.22761'}
2026-01-15 21:43:17,965 - train_greyscale_FA_MoE.py - {'step': '70500', 'lr': '0.0002', 'total_loss': '0.0164766', 'main_loss': '0.0164766', 'time_per_step': '2.19351'}
2026-01-15 21:47:04,717 - train_greyscale_FA_MoE.py - {'step': '70600', 'lr': '0.0002', 'total_loss': '0.0143436', 'main_loss': '0.0143436', 'time_per_step': '2.32697'}
2026-01-15 21:50:52,466 - train_greyscale_FA_MoE.py - {'step': '70700', 'lr': '0.0002', 'total_loss': '0.0129303', 'main_loss': '0.0129303', 'time_per_step': '2.09066'}
2026-01-15 21:54:39,276 - train_greyscale_FA_MoE.py - {'step': '70800', 'lr': '0.0002', 'total_loss': '0.0131461', 'main_loss': '0.0131461', 'time_per_step': '2.10221'}
2026-01-15 21:58:27,386 - train_greyscale_FA_MoE.py - {'step': '70900', 'lr': '0.0002', 'total_loss': '0.00988137', 'main_loss': '0.00988137', 'time_per_step': '2.21382'}
2026-01-15 22:02:13,914 - train_greyscale_FA_MoE.py - {'step': '71000', 'lr': '0.0002', 'total_loss': '0.0114627', 'main_loss': '0.0114627', 'time_per_step': '2.15059'}
2026-01-15 22:06:01,245 - train_greyscale_FA_MoE.py - {'step': '71100', 'lr': '0.0002', 'total_loss': '0.0116147', 'main_loss': '0.0116147', 'time_per_step': '2.21298'}
2026-01-15 22:09:48,089 - train_greyscale_FA_MoE.py - {'step': '71200', 'lr': '0.0002', 'total_loss': '0.0117938', 'main_loss': '0.0117938', 'time_per_step': '2.23692'}
2026-01-15 22:13:33,225 - train_greyscale_FA_MoE.py - {'step': '71300', 'lr': '0.0002', 'total_loss': '0.0108317', 'main_loss': '0.0108317', 'time_per_step': '2.13704'}
2026-01-15 22:17:19,074 - train_greyscale_FA_MoE.py - {'step': '71400', 'lr': '0.0002', 'total_loss': '0.0105442', 'main_loss': '0.0105442', 'time_per_step': '2.19784'}
2026-01-15 22:21:06,116 - train_greyscale_FA_MoE.py - {'step': '71500', 'lr': '0.0002', 'total_loss': '0.0108163', 'main_loss': '0.0108163', 'time_per_step': '2.2124'}
2026-01-15 22:24:53,599 - train_greyscale_FA_MoE.py - {'step': '71600', 'lr': '0.0002', 'total_loss': '0.011275', 'main_loss': '0.011275', 'time_per_step': '2.20594'}
2026-01-15 22:28:41,864 - train_greyscale_FA_MoE.py - {'step': '71700', 'lr': '0.0002', 'total_loss': '0.0106011', 'main_loss': '0.0106011', 'time_per_step': '2.22598'}
2026-01-15 22:32:28,449 - train_greyscale_FA_MoE.py - {'step': '71800', 'lr': '0.0002', 'total_loss': '0.00918531', 'main_loss': '0.00918531', 'time_per_step': '2.19813'}
2026-01-15 22:36:16,035 - train_greyscale_FA_MoE.py - {'step': '71900', 'lr': '0.0002', 'total_loss': '0.00840781', 'main_loss': '0.00840781', 'time_per_step': '2.08994'}
2026-01-15 22:40:02,351 - train_greyscale_FA_MoE.py - {'step': '72000', 'lr': '0.0002', 'total_loss': '0.0111958', 'main_loss': '0.0111958', 'time_per_step': '2.09983'}
2026-01-15 22:43:49,951 - train_greyscale_FA_MoE.py - {'step': '72100', 'lr': '0.0002', 'total_loss': '0.0158822', 'main_loss': '0.0158822', 'time_per_step': '2.24088'}
2026-01-15 22:47:36,624 - train_greyscale_FA_MoE.py - {'step': '72200', 'lr': '0.0002', 'total_loss': '0.0118543', 'main_loss': '0.0118543', 'time_per_step': '2.26323'}
2026-01-15 22:51:23,812 - train_greyscale_FA_MoE.py - {'step': '72300', 'lr': '0.0002', 'total_loss': '0.0113319', 'main_loss': '0.0113319', 'time_per_step': '2.21378'}
2026-01-15 22:55:11,713 - train_greyscale_FA_MoE.py - {'step': '72400', 'lr': '0.0002', 'total_loss': '0.0102734', 'main_loss': '0.0102734', 'time_per_step': '2.23538'}
2026-01-15 22:59:00,763 - train_greyscale_FA_MoE.py - {'step': '72500', 'lr': '0.0002', 'total_loss': '0.0126452', 'main_loss': '0.0126452', 'time_per_step': '2.21879'}
2026-01-15 23:02:56,832 - train_greyscale_FA_MoE.py - {'step': '72600', 'lr': '0.0002', 'total_loss': '0.0115709', 'main_loss': '0.0115709', 'time_per_step': '2.12004'}
2026-01-15 23:07:03,489 - train_greyscale_FA_MoE.py - {'step': '72700', 'lr': '0.0002', 'total_loss': '0.0122303', 'main_loss': '0.0122303', 'time_per_step': '2.28024'}
2026-01-15 23:10:51,104 - train_greyscale_FA_MoE.py - {'step': '72800', 'lr': '0.0002', 'total_loss': '0.0116381', 'main_loss': '0.0116381', 'time_per_step': '2.21252'}
2026-01-15 23:14:39,280 - train_greyscale_FA_MoE.py - {'step': '72900', 'lr': '0.0002', 'total_loss': '0.00943084', 'main_loss': '0.00943084', 'time_per_step': '2.20781'}
2026-01-15 23:18:26,830 - train_greyscale_FA_MoE.py - {'step': '73000', 'lr': '0.0002', 'total_loss': '0.0119793', 'main_loss': '0.0119793', 'time_per_step': '2.2131'}
2026-01-15 23:22:14,264 - train_greyscale_FA_MoE.py - {'step': '73100', 'lr': '0.0002', 'total_loss': '0.0112307', 'main_loss': '0.0112307', 'time_per_step': '2.09355'}
2026-01-15 23:26:01,019 - train_greyscale_FA_MoE.py - {'step': '73200', 'lr': '0.0002', 'total_loss': '0.0117862', 'main_loss': '0.0117862', 'time_per_step': '2.09941'}
2026-01-15 23:29:49,738 - train_greyscale_FA_MoE.py - {'step': '73300', 'lr': '0.0002', 'total_loss': '0.0100856', 'main_loss': '0.0100856', 'time_per_step': '2.23093'}
2026-01-15 23:33:36,472 - train_greyscale_FA_MoE.py - {'step': '73400', 'lr': '0.0002', 'total_loss': '0.00891148', 'main_loss': '0.00891148', 'time_per_step': '2.222'}
2026-01-15 23:37:24,300 - train_greyscale_FA_MoE.py - {'step': '73500', 'lr': '0.0002', 'total_loss': '0.0123902', 'main_loss': '0.0123902', 'time_per_step': '2.19275'}
2026-01-15 23:41:12,595 - train_greyscale_FA_MoE.py - {'step': '73600', 'lr': '0.0002', 'total_loss': '0.0106696', 'main_loss': '0.0106696', 'time_per_step': '2.22472'}
2026-01-15 23:45:00,725 - train_greyscale_FA_MoE.py - {'step': '73700', 'lr': '0.0002', 'total_loss': '0.009114', 'main_loss': '0.009114', 'time_per_step': '2.20584'}
2026-01-15 23:48:47,694 - train_greyscale_FA_MoE.py - {'step': '73800', 'lr': '0.0002', 'total_loss': '0.0118523', 'main_loss': '0.0118523', 'time_per_step': '2.21823'}
2026-01-15 23:52:35,658 - train_greyscale_FA_MoE.py - {'step': '73900', 'lr': '0.0002', 'total_loss': '0.00932831', 'main_loss': '0.00932831', 'time_per_step': '2.21699'}
2026-01-15 23:56:23,432 - train_greyscale_FA_MoE.py - {'step': '74000', 'lr': '0.0002', 'total_loss': '0.00840801', 'main_loss': '0.00840801', 'time_per_step': '2.19549'}
2026-01-16 00:00:11,485 - train_greyscale_FA_MoE.py - {'step': '74100', 'lr': '0.0002', 'total_loss': '0.00818152', 'main_loss': '0.00818152', 'time_per_step': '2.20382'}
2026-01-16 00:03:58,296 - train_greyscale_FA_MoE.py - {'step': '74200', 'lr': '0.0002', 'total_loss': '0.0147189', 'main_loss': '0.0147189', 'time_per_step': '2.21737'}
2026-01-16 00:07:46,169 - train_greyscale_FA_MoE.py - {'step': '74300', 'lr': '0.0002', 'total_loss': '0.0146007', 'main_loss': '0.0146007', 'time_per_step': '2.09031'}
2026-01-16 00:11:33,211 - train_greyscale_FA_MoE.py - {'step': '74400', 'lr': '0.0002', 'total_loss': '0.0130729', 'main_loss': '0.0130729', 'time_per_step': '2.07532'}
2026-01-16 00:15:22,089 - train_greyscale_FA_MoE.py - {'step': '74500', 'lr': '0.0002', 'total_loss': '0.0095989', 'main_loss': '0.0095989', 'time_per_step': '2.21533'}
2026-01-16 00:19:10,197 - train_greyscale_FA_MoE.py - {'step': '74600', 'lr': '0.0002', 'total_loss': '0.00843046', 'main_loss': '0.00843046', 'time_per_step': '2.20181'}
2026-01-16 00:22:58,407 - train_greyscale_FA_MoE.py - {'step': '74700', 'lr': '0.0002', 'total_loss': '0.0105313', 'main_loss': '0.0105313', 'time_per_step': '2.20489'}
2026-01-16 00:26:46,515 - train_greyscale_FA_MoE.py - {'step': '74800', 'lr': '0.0002', 'total_loss': '0.00938909', 'main_loss': '0.00938909', 'time_per_step': '2.19522'}
2026-01-16 00:30:34,550 - train_greyscale_FA_MoE.py - {'step': '74900', 'lr': '0.0002', 'total_loss': '0.0115277', 'main_loss': '0.0115277', 'time_per_step': '2.24697'}
2026-01-16 00:34:21,469 - train_greyscale_FA_MoE.py - {'step': '75000', 'lr': '0.0002', 'total_loss': '0.0082264', 'main_loss': '0.0082264', 'time_per_step': '2.22794'}
2026-01-16 00:34:21,476 - train_greyscale_FA_MoE.py - Saved expert distribution of layer in_block_0 to output_shift_fa/acdc_wholeheart_uncond_fa_ec_moe_greyscale_uvit_mid_4by4_l6r9_low16_Y_bound/samples/expert_distribution_in_block_0_step75000.npy
2026-01-16 00:34:22,964 - train_greyscale_FA_MoE.py - Saved expert distribution of layer out_block_7 to output_shift_fa/acdc_wholeheart_uncond_fa_ec_moe_greyscale_uvit_mid_4by4_l6r9_low16_Y_bound/samples/expert_distribution_out_block_7_step75000.npy
2026-01-16 00:34:24,339 - train_greyscale_FA_MoE.py - Save a grid of 16 samples into output_shift_fa/acdc_wholeheart_uncond_fa_ec_moe_greyscale_uvit_mid_4by4_l6r9_low16_Y_bound/samples/75000.png by DPM-Solver
2026-01-16 00:34:29,819 - train_greyscale_FA_MoE.py - Finished saving sample grid to output_shift_fa/acdc_wholeheart_uncond_fa_ec_moe_greyscale_uvit_mid_4by4_l6r9_low16_Y_bound/samples/75000.png by DPM-Solver.
2026-01-16 00:34:29,867 - train_greyscale_FA_MoE.py - Save and eval checkpoint 75000...
2026-01-16 00:34:32,242 - train_greyscale_FA_MoE.py - eval_step: n_samples=50000, sample_steps=50, algorithm=dpm_solver, mini_batch_size=500, samples save into output_shift_fa/acdc_wholeheart_uncond_fa_ec_moe_greyscale_uvit_mid_4by4_l6r9_low16_Y_bound/samples/acdc_wholeheart_uncond_uvit_FA_EC_MoE_greyscale_mid_4by4_low16_75000_dpm
2026-01-16 01:25:03,988 - train_greyscale_FA_MoE.py - step=75000 fid50000=66.21362504315664
2026-01-16 01:32:21,053 - is_lpips.py - LPIPS: 0.5311 ± 0.0498
2026-01-16 01:32:21,058 - train_greyscale_FA_MoE.py - step=75000 LPIPS50000=0.5311044211250092
2026-01-16 01:37:40,262 - train_greyscale_FA_MoE.py - {'step': '75100', 'lr': '0.0002', 'total_loss': '0.00814411', 'main_loss': '0.00814411', 'time_per_step': '2.21976'}
2026-01-16 01:41:28,099 - train_greyscale_FA_MoE.py - {'step': '75200', 'lr': '0.0002', 'total_loss': '0.0138037', 'main_loss': '0.0138037', 'time_per_step': '2.20004'}
2026-01-16 01:45:15,441 - train_greyscale_FA_MoE.py - {'step': '75300', 'lr': '0.0002', 'total_loss': '0.0108853', 'main_loss': '0.0108853', 'time_per_step': '2.22233'}
2026-01-16 01:49:03,576 - train_greyscale_FA_MoE.py - {'step': '75400', 'lr': '0.0002', 'total_loss': '0.00976299', 'main_loss': '0.00976299', 'time_per_step': '2.29011'}
2026-01-16 01:52:51,593 - train_greyscale_FA_MoE.py - {'step': '75500', 'lr': '0.0002', 'total_loss': '0.0107951', 'main_loss': '0.0107951', 'time_per_step': '2.09861'}
2026-01-16 01:56:39,743 - train_greyscale_FA_MoE.py - {'step': '75600', 'lr': '0.0002', 'total_loss': '0.0125356', 'main_loss': '0.0125356', 'time_per_step': '2.09601'}
2026-01-16 02:00:27,736 - train_greyscale_FA_MoE.py - {'step': '75700', 'lr': '0.0002', 'total_loss': '0.0104659', 'main_loss': '0.0104659', 'time_per_step': '2.26336'}
2026-01-16 02:04:16,248 - train_greyscale_FA_MoE.py - {'step': '75800', 'lr': '0.0002', 'total_loss': '0.0113061', 'main_loss': '0.0113061', 'time_per_step': '2.2478'}
2026-01-16 02:08:03,931 - train_greyscale_FA_MoE.py - {'step': '75900', 'lr': '0.0002', 'total_loss': '0.0134422', 'main_loss': '0.0134422', 'time_per_step': '2.28119'}
2026-01-16 02:11:51,980 - train_greyscale_FA_MoE.py - {'step': '76000', 'lr': '0.0002', 'total_loss': '0.0081376', 'main_loss': '0.0081376', 'time_per_step': '2.1792'}
2026-01-16 02:15:39,185 - train_greyscale_FA_MoE.py - {'step': '76100', 'lr': '0.0002', 'total_loss': '0.00614328', 'main_loss': '0.00614328', 'time_per_step': '2.20141'}
2026-01-16 02:19:28,052 - train_greyscale_FA_MoE.py - {'step': '76200', 'lr': '0.0002', 'total_loss': '0.00901328', 'main_loss': '0.00901328', 'time_per_step': '2.23794'}
2026-01-16 02:23:15,953 - train_greyscale_FA_MoE.py - {'step': '76300', 'lr': '0.0002', 'total_loss': '0.0171653', 'main_loss': '0.0171653', 'time_per_step': '2.21254'}
2026-01-16 02:27:04,255 - train_greyscale_FA_MoE.py - {'step': '76400', 'lr': '0.0002', 'total_loss': '0.0112849', 'main_loss': '0.0112849', 'time_per_step': '2.26382'}
2026-01-16 02:30:51,719 - train_greyscale_FA_MoE.py - {'step': '76500', 'lr': '0.0002', 'total_loss': '0.0116755', 'main_loss': '0.0116755', 'time_per_step': '2.2207'}
2026-01-16 02:34:40,034 - train_greyscale_FA_MoE.py - {'step': '76600', 'lr': '0.0002', 'total_loss': '0.00689845', 'main_loss': '0.00689845', 'time_per_step': '2.19874'}
2026-01-16 02:38:27,491 - train_greyscale_FA_MoE.py - {'step': '76700', 'lr': '0.0002', 'total_loss': '0.00898556', 'main_loss': '0.00898556', 'time_per_step': '2.09276'}
2026-01-16 02:42:15,613 - train_greyscale_FA_MoE.py - {'step': '76800', 'lr': '0.0002', 'total_loss': '0.00732391', 'main_loss': '0.00732391', 'time_per_step': '2.09402'}
2026-01-16 02:46:03,651 - train_greyscale_FA_MoE.py - {'step': '76900', 'lr': '0.0002', 'total_loss': '0.013044', 'main_loss': '0.013044', 'time_per_step': '2.28543'}
2026-01-16 02:49:52,014 - train_greyscale_FA_MoE.py - {'step': '77000', 'lr': '0.0002', 'total_loss': '0.0110839', 'main_loss': '0.0110839', 'time_per_step': '2.1857'}
2026-01-16 02:53:39,646 - train_greyscale_FA_MoE.py - {'step': '77100', 'lr': '0.0002', 'total_loss': '0.00950361', 'main_loss': '0.00950361', 'time_per_step': '2.18043'}
2026-01-16 02:57:26,707 - train_greyscale_FA_MoE.py - {'step': '77200', 'lr': '0.0002', 'total_loss': '0.00730962', 'main_loss': '0.00730962', 'time_per_step': '2.23033'}
2026-01-16 03:01:14,002 - train_greyscale_FA_MoE.py - {'step': '77300', 'lr': '0.0002', 'total_loss': '0.00976584', 'main_loss': '0.00976584', 'time_per_step': '2.18617'}
2026-01-16 03:05:03,052 - train_greyscale_FA_MoE.py - {'step': '77400', 'lr': '0.0002', 'total_loss': '0.0104034', 'main_loss': '0.0104034', 'time_per_step': '2.21589'}
2026-01-16 03:08:51,114 - train_greyscale_FA_MoE.py - {'step': '77500', 'lr': '0.0002', 'total_loss': '0.00991162', 'main_loss': '0.00991162', 'time_per_step': '2.21269'}
2026-01-16 03:12:38,390 - train_greyscale_FA_MoE.py - {'step': '77600', 'lr': '0.0002', 'total_loss': '0.0118319', 'main_loss': '0.0118319', 'time_per_step': '2.20546'}
2026-01-16 03:16:26,204 - train_greyscale_FA_MoE.py - {'step': '77700', 'lr': '0.0002', 'total_loss': '0.0139681', 'main_loss': '0.0139681', 'time_per_step': '2.19044'}
2026-01-16 03:20:15,027 - train_greyscale_FA_MoE.py - {'step': '77800', 'lr': '0.0002', 'total_loss': '0.0104256', 'main_loss': '0.0104256', 'time_per_step': '2.23723'}
2026-01-16 03:24:02,947 - train_greyscale_FA_MoE.py - {'step': '77900', 'lr': '0.0002', 'total_loss': '0.008287', 'main_loss': '0.008287', 'time_per_step': '2.09049'}
2026-01-16 03:27:49,808 - train_greyscale_FA_MoE.py - {'step': '78000', 'lr': '0.0002', 'total_loss': '0.0079752', 'main_loss': '0.0079752', 'time_per_step': '2.09583'}
2026-01-16 03:31:37,749 - train_greyscale_FA_MoE.py - {'step': '78100', 'lr': '0.0002', 'total_loss': '0.0129927', 'main_loss': '0.0129927', 'time_per_step': '2.23958'}
2026-01-16 03:35:25,224 - train_greyscale_FA_MoE.py - {'step': '78200', 'lr': '0.0002', 'total_loss': '0.0100861', 'main_loss': '0.0100861', 'time_per_step': '2.22839'}
2026-01-16 03:39:13,336 - train_greyscale_FA_MoE.py - {'step': '78300', 'lr': '0.0002', 'total_loss': '0.0105656', 'main_loss': '0.0105656', 'time_per_step': '2.21398'}
2026-01-16 03:43:00,702 - train_greyscale_FA_MoE.py - {'step': '78400', 'lr': '0.0002', 'total_loss': '0.0126002', 'main_loss': '0.0126002', 'time_per_step': '2.19764'}
2026-01-16 03:46:47,400 - train_greyscale_FA_MoE.py - {'step': '78500', 'lr': '0.0002', 'total_loss': '0.00944537', 'main_loss': '0.00944537', 'time_per_step': '2.21449'}
2026-01-16 03:50:35,585 - train_greyscale_FA_MoE.py - {'step': '78600', 'lr': '0.0002', 'total_loss': '0.00766946', 'main_loss': '0.00766946', 'time_per_step': '2.18535'}
2026-01-16 03:54:23,104 - train_greyscale_FA_MoE.py - {'step': '78700', 'lr': '0.0002', 'total_loss': '0.0117606', 'main_loss': '0.0117606', 'time_per_step': '2.19055'}
2026-01-16 03:58:10,932 - train_greyscale_FA_MoE.py - {'step': '78800', 'lr': '0.0002', 'total_loss': '0.00886406', 'main_loss': '0.00886406', 'time_per_step': '2.15363'}
2026-01-16 04:01:57,911 - train_greyscale_FA_MoE.py - {'step': '78900', 'lr': '0.0002', 'total_loss': '0.0131201', 'main_loss': '0.0131201', 'time_per_step': '2.24022'}
2026-01-16 04:05:45,386 - train_greyscale_FA_MoE.py - {'step': '79000', 'lr': '0.0002', 'total_loss': '0.00738959', 'main_loss': '0.00738959', 'time_per_step': '2.18779'}
2026-01-16 04:09:32,594 - train_greyscale_FA_MoE.py - {'step': '79100', 'lr': '0.0002', 'total_loss': '0.00930763', 'main_loss': '0.00930763', 'time_per_step': '2.11019'}
2026-01-16 04:13:21,033 - train_greyscale_FA_MoE.py - {'step': '79200', 'lr': '0.0002', 'total_loss': '0.00848865', 'main_loss': '0.00848865', 'time_per_step': '2.09525'}
2026-01-16 04:17:09,468 - train_greyscale_FA_MoE.py - {'step': '79300', 'lr': '0.0002', 'total_loss': '0.00667879', 'main_loss': '0.00667879', 'time_per_step': '2.20383'}
2026-01-16 04:20:57,887 - train_greyscale_FA_MoE.py - {'step': '79400', 'lr': '0.0002', 'total_loss': '0.0134889', 'main_loss': '0.0134889', 'time_per_step': '2.24679'}
2026-01-16 04:24:45,122 - train_greyscale_FA_MoE.py - {'step': '79500', 'lr': '0.0002', 'total_loss': '0.00956394', 'main_loss': '0.00956394', 'time_per_step': '2.21979'}
2026-01-16 04:28:33,486 - train_greyscale_FA_MoE.py - {'step': '79600', 'lr': '0.0002', 'total_loss': '0.0112483', 'main_loss': '0.0112483', 'time_per_step': '2.27741'}
2026-01-16 04:32:20,086 - train_greyscale_FA_MoE.py - {'step': '79700', 'lr': '0.0002', 'total_loss': '0.0123852', 'main_loss': '0.0123852', 'time_per_step': '2.24078'}
2026-01-16 04:36:07,152 - train_greyscale_FA_MoE.py - {'step': '79800', 'lr': '0.0002', 'total_loss': '0.0123766', 'main_loss': '0.0123766', 'time_per_step': '2.21371'}
2026-01-16 04:39:55,582 - train_greyscale_FA_MoE.py - {'step': '79900', 'lr': '0.0002', 'total_loss': '0.00865813', 'main_loss': '0.00865813', 'time_per_step': '2.22344'}
2026-01-16 04:43:43,392 - train_greyscale_FA_MoE.py - {'step': '80000', 'lr': '0.0002', 'total_loss': '0.0119898', 'main_loss': '0.0119898', 'time_per_step': '2.20183'}
2026-01-16 04:47:30,289 - train_greyscale_FA_MoE.py - {'step': '80100', 'lr': '0.0002', 'total_loss': '0.00682261', 'main_loss': '0.00682261', 'time_per_step': '2.22188'}
2026-01-16 04:51:18,525 - train_greyscale_FA_MoE.py - {'step': '80200', 'lr': '0.0002', 'total_loss': '0.00844014', 'main_loss': '0.00844014', 'time_per_step': '2.2742'}
2026-01-16 04:55:07,058 - train_greyscale_FA_MoE.py - {'step': '80300', 'lr': '0.0002', 'total_loss': '0.00809412', 'main_loss': '0.00809412', 'time_per_step': '2.09806'}
2026-01-16 04:58:55,118 - train_greyscale_FA_MoE.py - {'step': '80400', 'lr': '0.0002', 'total_loss': '0.00926886', 'main_loss': '0.00926886', 'time_per_step': '2.0913'}
2026-01-16 05:02:42,913 - train_greyscale_FA_MoE.py - {'step': '80500', 'lr': '0.0002', 'total_loss': '0.0104552', 'main_loss': '0.0104552', 'time_per_step': '2.22442'}
2026-01-16 05:06:29,874 - train_greyscale_FA_MoE.py - {'step': '80600', 'lr': '0.0002', 'total_loss': '0.00827331', 'main_loss': '0.00827331', 'time_per_step': '2.2132'}
2026-01-16 05:10:17,099 - train_greyscale_FA_MoE.py - {'step': '80700', 'lr': '0.0002', 'total_loss': '0.00817022', 'main_loss': '0.00817022', 'time_per_step': '2.22787'}
2026-01-16 05:14:04,989 - train_greyscale_FA_MoE.py - {'step': '80800', 'lr': '0.0002', 'total_loss': '0.012183', 'main_loss': '0.012183', 'time_per_step': '2.25606'}
2026-01-16 05:17:53,337 - train_greyscale_FA_MoE.py - {'step': '80900', 'lr': '0.0002', 'total_loss': '0.0111812', 'main_loss': '0.0111812', 'time_per_step': '2.20115'}
2026-01-16 05:21:40,996 - train_greyscale_FA_MoE.py - {'step': '81000', 'lr': '0.0002', 'total_loss': '0.00760683', 'main_loss': '0.00760683', 'time_per_step': '2.19447'}
2026-01-16 05:25:29,453 - train_greyscale_FA_MoE.py - {'step': '81100', 'lr': '0.0002', 'total_loss': '0.00859808', 'main_loss': '0.00859808', 'time_per_step': '2.19499'}
2026-01-16 05:29:17,069 - train_greyscale_FA_MoE.py - {'step': '81200', 'lr': '0.0002', 'total_loss': '0.00952811', 'main_loss': '0.00952811', 'time_per_step': '2.22223'}
2026-01-16 05:33:04,683 - train_greyscale_FA_MoE.py - {'step': '81300', 'lr': '0.0002', 'total_loss': '0.00903428', 'main_loss': '0.00903428', 'time_per_step': '2.29123'}
2026-01-16 05:36:52,803 - train_greyscale_FA_MoE.py - {'step': '81400', 'lr': '0.0002', 'total_loss': '0.0152652', 'main_loss': '0.0152652', 'time_per_step': '2.22004'}
2026-01-16 05:40:40,800 - train_greyscale_FA_MoE.py - {'step': '81500', 'lr': '0.0002', 'total_loss': '0.00978046', 'main_loss': '0.00978046', 'time_per_step': '2.0934'}
2026-01-16 05:44:28,280 - train_greyscale_FA_MoE.py - {'step': '81600', 'lr': '0.0002', 'total_loss': '0.00905841', 'main_loss': '0.00905841', 'time_per_step': '2.08018'}
2026-01-16 05:48:16,170 - train_greyscale_FA_MoE.py - {'step': '81700', 'lr': '0.0002', 'total_loss': '0.00804799', 'main_loss': '0.00804799', 'time_per_step': '2.19059'}
2026-01-16 05:52:03,803 - train_greyscale_FA_MoE.py - {'step': '81800', 'lr': '0.0002', 'total_loss': '0.00890423', 'main_loss': '0.00890423', 'time_per_step': '2.27241'}
2026-01-16 05:55:51,771 - train_greyscale_FA_MoE.py - {'step': '81900', 'lr': '0.0002', 'total_loss': '0.010558', 'main_loss': '0.010558', 'time_per_step': '2.18887'}
2026-01-16 05:59:39,789 - train_greyscale_FA_MoE.py - {'step': '82000', 'lr': '0.0002', 'total_loss': '0.00673418', 'main_loss': '0.00673418', 'time_per_step': '2.23034'}
2026-01-16 06:03:26,496 - train_greyscale_FA_MoE.py - {'step': '82100', 'lr': '0.0002', 'total_loss': '0.00959517', 'main_loss': '0.00959517', 'time_per_step': '2.20952'}
2026-01-16 06:07:14,972 - train_greyscale_FA_MoE.py - {'step': '82200', 'lr': '0.0002', 'total_loss': '0.012464', 'main_loss': '0.012464', 'time_per_step': '2.22048'}
2026-01-16 06:11:02,686 - train_greyscale_FA_MoE.py - {'step': '82300', 'lr': '0.0002', 'total_loss': '0.0123904', 'main_loss': '0.0123904', 'time_per_step': '2.21615'}
2026-01-16 06:14:50,624 - train_greyscale_FA_MoE.py - {'step': '82400', 'lr': '0.0002', 'total_loss': '0.00890751', 'main_loss': '0.00890751', 'time_per_step': '2.26503'}
2026-01-16 06:18:38,324 - train_greyscale_FA_MoE.py - {'step': '82500', 'lr': '0.0002', 'total_loss': '0.0118525', 'main_loss': '0.0118525', 'time_per_step': '2.22621'}
2026-01-16 06:22:25,744 - train_greyscale_FA_MoE.py - {'step': '82600', 'lr': '0.0002', 'total_loss': '0.0121076', 'main_loss': '0.0121076', 'time_per_step': '2.2178'}
2026-01-16 06:26:13,075 - train_greyscale_FA_MoE.py - {'step': '82700', 'lr': '0.0002', 'total_loss': '0.0067121', 'main_loss': '0.0067121', 'time_per_step': '2.09651'}
2026-01-16 06:30:00,919 - train_greyscale_FA_MoE.py - {'step': '82800', 'lr': '0.0002', 'total_loss': '0.00766934', 'main_loss': '0.00766934', 'time_per_step': '2.09342'}
2026-01-16 06:33:49,112 - train_greyscale_FA_MoE.py - {'step': '82900', 'lr': '0.0002', 'total_loss': '0.00920062', 'main_loss': '0.00920062', 'time_per_step': '2.20282'}
2026-01-16 06:37:37,289 - train_greyscale_FA_MoE.py - {'step': '83000', 'lr': '0.0002', 'total_loss': '0.00795981', 'main_loss': '0.00795981', 'time_per_step': '2.34493'}
2026-01-16 06:41:24,509 - train_greyscale_FA_MoE.py - {'step': '83100', 'lr': '0.0002', 'total_loss': '0.0122004', 'main_loss': '0.0122004', 'time_per_step': '2.23319'}
2026-01-16 06:45:13,285 - train_greyscale_FA_MoE.py - {'step': '83200', 'lr': '0.0002', 'total_loss': '0.00968709', 'main_loss': '0.00968709', 'time_per_step': '2.21504'}
2026-01-16 06:49:00,353 - train_greyscale_FA_MoE.py - {'step': '83300', 'lr': '0.0002', 'total_loss': '0.00561106', 'main_loss': '0.00561106', 'time_per_step': '2.22647'}
2026-01-16 06:52:48,139 - train_greyscale_FA_MoE.py - {'step': '83400', 'lr': '0.0002', 'total_loss': '0.0112584', 'main_loss': '0.0112584', 'time_per_step': '2.21116'}
2026-01-16 06:56:36,270 - train_greyscale_FA_MoE.py - {'step': '83500', 'lr': '0.0002', 'total_loss': '0.014348', 'main_loss': '0.014348', 'time_per_step': '2.20569'}
2026-01-16 07:00:24,127 - train_greyscale_FA_MoE.py - {'step': '83600', 'lr': '0.0002', 'total_loss': '0.0124207', 'main_loss': '0.0124207', 'time_per_step': '2.23234'}
2026-01-16 07:04:11,515 - train_greyscale_FA_MoE.py - {'step': '83700', 'lr': '0.0002', 'total_loss': '0.0126757', 'main_loss': '0.0126757', 'time_per_step': '2.21577'}
2026-01-16 07:07:59,768 - train_greyscale_FA_MoE.py - {'step': '83800', 'lr': '0.0002', 'total_loss': '0.0107346', 'main_loss': '0.0107346', 'time_per_step': '2.23349'}
2026-01-16 07:11:46,872 - train_greyscale_FA_MoE.py - {'step': '83900', 'lr': '0.0002', 'total_loss': '0.0100111', 'main_loss': '0.0100111', 'time_per_step': '2.09991'}
2026-01-16 07:15:34,352 - train_greyscale_FA_MoE.py - {'step': '84000', 'lr': '0.0002', 'total_loss': '0.0121532', 'main_loss': '0.0121532', 'time_per_step': '2.14711'}
2026-01-16 07:19:22,208 - train_greyscale_FA_MoE.py - {'step': '84100', 'lr': '0.0002', 'total_loss': '0.0114194', 'main_loss': '0.0114194', 'time_per_step': '2.20878'}
2026-01-16 07:23:10,687 - train_greyscale_FA_MoE.py - {'step': '84200', 'lr': '0.0002', 'total_loss': '0.00954822', 'main_loss': '0.00954822', 'time_per_step': '2.2465'}
2026-01-16 07:26:59,090 - train_greyscale_FA_MoE.py - {'step': '84300', 'lr': '0.0002', 'total_loss': '0.00887301', 'main_loss': '0.00887301', 'time_per_step': '2.16595'}
2026-01-16 07:30:47,308 - train_greyscale_FA_MoE.py - {'step': '84400', 'lr': '0.0002', 'total_loss': '0.0064831', 'main_loss': '0.0064831', 'time_per_step': '2.18665'}
2026-01-16 07:34:34,200 - train_greyscale_FA_MoE.py - {'step': '84500', 'lr': '0.0002', 'total_loss': '0.00909944', 'main_loss': '0.00909944', 'time_per_step': '2.2673'}
2026-01-16 07:38:21,920 - train_greyscale_FA_MoE.py - {'step': '84600', 'lr': '0.0002', 'total_loss': '0.00864554', 'main_loss': '0.00864554', 'time_per_step': '2.20265'}
2026-01-16 07:42:09,862 - train_greyscale_FA_MoE.py - {'step': '84700', 'lr': '0.0002', 'total_loss': '0.00790271', 'main_loss': '0.00790271', 'time_per_step': '2.19351'}
2026-01-16 07:45:57,811 - train_greyscale_FA_MoE.py - {'step': '84800', 'lr': '0.0002', 'total_loss': '0.00913114', 'main_loss': '0.00913114', 'time_per_step': '2.20073'}
2026-01-16 07:49:45,103 - train_greyscale_FA_MoE.py - {'step': '84900', 'lr': '0.0002', 'total_loss': '0.0115209', 'main_loss': '0.0115209', 'time_per_step': '2.19753'}
2026-01-16 07:53:34,804 - train_greyscale_FA_MoE.py - {'step': '85000', 'lr': '0.0002', 'total_loss': '0.00905128', 'main_loss': '0.00905128', 'time_per_step': '2.24988'}
2026-01-16 07:57:22,425 - train_greyscale_FA_MoE.py - {'step': '85100', 'lr': '0.0002', 'total_loss': '0.00950388', 'main_loss': '0.00950388', 'time_per_step': '2.08396'}
2026-01-16 08:01:10,240 - train_greyscale_FA_MoE.py - {'step': '85200', 'lr': '0.0002', 'total_loss': '0.0121064', 'main_loss': '0.0121064', 'time_per_step': '2.09128'}
2026-01-16 08:04:57,340 - train_greyscale_FA_MoE.py - {'step': '85300', 'lr': '0.0002', 'total_loss': '0.0110358', 'main_loss': '0.0110358', 'time_per_step': '2.18888'}
2026-01-16 08:08:45,742 - train_greyscale_FA_MoE.py - {'step': '85400', 'lr': '0.0002', 'total_loss': '0.0101305', 'main_loss': '0.0101305', 'time_per_step': '2.20445'}
2026-01-16 08:12:34,331 - train_greyscale_FA_MoE.py - {'step': '85500', 'lr': '0.0002', 'total_loss': '0.0140444', 'main_loss': '0.0140444', 'time_per_step': '2.24474'}
2026-01-16 08:16:21,832 - train_greyscale_FA_MoE.py - {'step': '85600', 'lr': '0.0002', 'total_loss': '0.00839073', 'main_loss': '0.00839073', 'time_per_step': '2.21363'}
2026-01-16 08:20:09,063 - train_greyscale_FA_MoE.py - {'step': '85700', 'lr': '0.0002', 'total_loss': '0.00839056', 'main_loss': '0.00839056', 'time_per_step': '2.19039'}
2026-01-16 08:23:56,856 - train_greyscale_FA_MoE.py - {'step': '85800', 'lr': '0.0002', 'total_loss': '0.0118901', 'main_loss': '0.0118901', 'time_per_step': '2.22794'}
2026-01-16 08:27:44,824 - train_greyscale_FA_MoE.py - {'step': '85900', 'lr': '0.0002', 'total_loss': '0.00658538', 'main_loss': '0.00658538', 'time_per_step': '2.21207'}
2026-01-16 08:31:33,027 - train_greyscale_FA_MoE.py - {'step': '86000', 'lr': '0.0002', 'total_loss': '0.00687501', 'main_loss': '0.00687501', 'time_per_step': '2.20093'}
2026-01-16 08:35:20,652 - train_greyscale_FA_MoE.py - {'step': '86100', 'lr': '0.0002', 'total_loss': '0.0140363', 'main_loss': '0.0140363', 'time_per_step': '2.2126'}
2026-01-16 08:39:07,617 - train_greyscale_FA_MoE.py - {'step': '86200', 'lr': '0.0002', 'total_loss': '0.0145512', 'main_loss': '0.0145512', 'time_per_step': '2.21152'}
2026-01-16 08:42:55,554 - train_greyscale_FA_MoE.py - {'step': '86300', 'lr': '0.0002', 'total_loss': '0.0100892', 'main_loss': '0.0100892', 'time_per_step': '2.09566'}
2026-01-16 08:46:43,086 - train_greyscale_FA_MoE.py - {'step': '86400', 'lr': '0.0002', 'total_loss': '0.0172102', 'main_loss': '0.0172102', 'time_per_step': '2.09352'}
2026-01-16 08:50:30,802 - train_greyscale_FA_MoE.py - {'step': '86500', 'lr': '0.0002', 'total_loss': '0.0104905', 'main_loss': '0.0104905', 'time_per_step': '2.19962'}
2026-01-16 08:54:18,878 - train_greyscale_FA_MoE.py - {'step': '86600', 'lr': '0.0002', 'total_loss': '0.00806907', 'main_loss': '0.00806907', 'time_per_step': '2.21496'}
2026-01-16 08:58:06,750 - train_greyscale_FA_MoE.py - {'step': '86700', 'lr': '0.0002', 'total_loss': '0.00955637', 'main_loss': '0.00955637', 'time_per_step': '2.1834'}
2026-01-16 09:01:54,470 - train_greyscale_FA_MoE.py - {'step': '86800', 'lr': '0.0002', 'total_loss': '0.0141974', 'main_loss': '0.0141974', 'time_per_step': '2.20467'}
2026-01-16 09:05:41,855 - train_greyscale_FA_MoE.py - {'step': '86900', 'lr': '0.0002', 'total_loss': '0.0102487', 'main_loss': '0.0102487', 'time_per_step': '2.22669'}
2026-01-16 09:09:29,565 - train_greyscale_FA_MoE.py - {'step': '87000', 'lr': '0.0002', 'total_loss': '0.00984552', 'main_loss': '0.00984552', 'time_per_step': '2.18879'}
2026-01-16 09:13:17,860 - train_greyscale_FA_MoE.py - {'step': '87100', 'lr': '0.0002', 'total_loss': '0.0124377', 'main_loss': '0.0124377', 'time_per_step': '2.22017'}
2026-01-16 09:17:07,516 - train_greyscale_FA_MoE.py - {'step': '87200', 'lr': '0.0002', 'total_loss': '0.00711198', 'main_loss': '0.00711198', 'time_per_step': '2.20901'}
2026-01-16 09:20:56,338 - train_greyscale_FA_MoE.py - {'step': '87300', 'lr': '0.0002', 'total_loss': '0.00954983', 'main_loss': '0.00954983', 'time_per_step': '2.19362'}
2026-01-16 09:24:48,109 - train_greyscale_FA_MoE.py - {'step': '87400', 'lr': '0.0002', 'total_loss': '0.00930502', 'main_loss': '0.00930502', 'time_per_step': '2.23015'}
2026-01-16 09:28:36,194 - train_greyscale_FA_MoE.py - {'step': '87500', 'lr': '0.0002', 'total_loss': '0.011514', 'main_loss': '0.011514', 'time_per_step': '2.10149'}
2026-01-16 09:32:25,741 - train_greyscale_FA_MoE.py - {'step': '87600', 'lr': '0.0002', 'total_loss': '0.0122479', 'main_loss': '0.0122479', 'time_per_step': '2.09277'}
2026-01-16 09:36:16,222 - train_greyscale_FA_MoE.py - {'step': '87700', 'lr': '0.0002', 'total_loss': '0.0128342', 'main_loss': '0.0128342', 'time_per_step': '2.21934'}
2026-01-16 09:40:05,533 - train_greyscale_FA_MoE.py - {'step': '87800', 'lr': '0.0002', 'total_loss': '0.00825244', 'main_loss': '0.00825244', 'time_per_step': '2.29793'}
2026-01-16 09:43:53,549 - train_greyscale_FA_MoE.py - {'step': '87900', 'lr': '0.0002', 'total_loss': '0.0101755', 'main_loss': '0.0101755', 'time_per_step': '2.19054'}
2026-01-16 09:47:40,546 - train_greyscale_FA_MoE.py - {'step': '88000', 'lr': '0.0002', 'total_loss': '0.0122561', 'main_loss': '0.0122561', 'time_per_step': '2.17702'}
2026-01-16 09:51:27,894 - train_greyscale_FA_MoE.py - {'step': '88100', 'lr': '0.0002', 'total_loss': '0.0147324', 'main_loss': '0.0147324', 'time_per_step': '2.20155'}
2026-01-16 09:55:18,471 - train_greyscale_FA_MoE.py - {'step': '88200', 'lr': '0.0002', 'total_loss': '0.00844922', 'main_loss': '0.00844922', 'time_per_step': '3.42138'}
2026-01-16 09:59:07,398 - train_greyscale_FA_MoE.py - {'step': '88300', 'lr': '0.0002', 'total_loss': '0.0102072', 'main_loss': '0.0102072', 'time_per_step': '2.21469'}
2026-01-16 10:02:54,808 - train_greyscale_FA_MoE.py - {'step': '88400', 'lr': '0.0002', 'total_loss': '0.00871574', 'main_loss': '0.00871574', 'time_per_step': '2.2161'}
2026-01-16 10:06:41,925 - train_greyscale_FA_MoE.py - {'step': '88500', 'lr': '0.0002', 'total_loss': '0.0107783', 'main_loss': '0.0107783', 'time_per_step': '2.2133'}
2026-01-16 10:10:29,910 - train_greyscale_FA_MoE.py - {'step': '88600', 'lr': '0.0002', 'total_loss': '0.0069857', 'main_loss': '0.0069857', 'time_per_step': '2.2118'}
2026-01-16 10:14:20,257 - train_greyscale_FA_MoE.py - {'step': '88700', 'lr': '0.0002', 'total_loss': '0.0105111', 'main_loss': '0.0105111', 'time_per_step': '2.10227'}
2026-01-16 10:18:12,336 - train_greyscale_FA_MoE.py - {'step': '88800', 'lr': '0.0002', 'total_loss': '0.0110102', 'main_loss': '0.0110102', 'time_per_step': '2.09122'}
2026-01-16 10:22:00,772 - train_greyscale_FA_MoE.py - {'step': '88900', 'lr': '0.0002', 'total_loss': '0.00735999', 'main_loss': '0.00735999', 'time_per_step': '2.24065'}
2026-01-16 10:25:49,397 - train_greyscale_FA_MoE.py - {'step': '89000', 'lr': '0.0002', 'total_loss': '0.00883373', 'main_loss': '0.00883373', 'time_per_step': '2.21548'}
2026-01-16 10:29:39,750 - train_greyscale_FA_MoE.py - {'step': '89100', 'lr': '0.0002', 'total_loss': '0.0103701', 'main_loss': '0.0103701', 'time_per_step': '2.23294'}
2026-01-16 10:33:30,382 - train_greyscale_FA_MoE.py - {'step': '89200', 'lr': '0.0002', 'total_loss': '0.00687583', 'main_loss': '0.00687583', 'time_per_step': '2.19231'}
2026-01-16 10:37:18,161 - train_greyscale_FA_MoE.py - {'step': '89300', 'lr': '0.0002', 'total_loss': '0.0120786', 'main_loss': '0.0120786', 'time_per_step': '2.16173'}
2026-01-16 10:41:06,795 - train_greyscale_FA_MoE.py - {'step': '89400', 'lr': '0.0002', 'total_loss': '0.00885347', 'main_loss': '0.00885347', 'time_per_step': '2.21968'}
2026-01-16 10:44:55,381 - train_greyscale_FA_MoE.py - {'step': '89500', 'lr': '0.0002', 'total_loss': '0.0129833', 'main_loss': '0.0129833', 'time_per_step': '2.22043'}
2026-01-16 10:48:47,035 - train_greyscale_FA_MoE.py - {'step': '89600', 'lr': '0.0002', 'total_loss': '0.0113259', 'main_loss': '0.0113259', 'time_per_step': '2.22513'}
2026-01-16 10:52:35,560 - train_greyscale_FA_MoE.py - {'step': '89700', 'lr': '0.0002', 'total_loss': '0.0121947', 'main_loss': '0.0121947', 'time_per_step': '2.28815'}
2026-01-16 10:56:23,042 - train_greyscale_FA_MoE.py - {'step': '89800', 'lr': '0.0002', 'total_loss': '0.00834438', 'main_loss': '0.00834438', 'time_per_step': '2.2266'}
2026-01-16 11:00:11,186 - train_greyscale_FA_MoE.py - {'step': '89900', 'lr': '0.0002', 'total_loss': '0.0093367', 'main_loss': '0.0093367', 'time_per_step': '2.08518'}
2026-01-16 11:04:02,202 - train_greyscale_FA_MoE.py - {'step': '90000', 'lr': '0.0002', 'total_loss': '0.0105492', 'main_loss': '0.0105492', 'time_per_step': '2.09655'}
2026-01-16 11:07:50,640 - train_greyscale_FA_MoE.py - {'step': '90100', 'lr': '0.0002', 'total_loss': '0.0119159', 'main_loss': '0.0119159', 'time_per_step': '2.20564'}
2026-01-16 11:11:38,886 - train_greyscale_FA_MoE.py - {'step': '90200', 'lr': '0.0002', 'total_loss': '0.00803659', 'main_loss': '0.00803659', 'time_per_step': '2.22637'}
2026-01-16 11:15:26,378 - train_greyscale_FA_MoE.py - {'step': '90300', 'lr': '0.0002', 'total_loss': '0.00924308', 'main_loss': '0.00924308', 'time_per_step': '2.20567'}
2026-01-16 11:19:17,647 - train_greyscale_FA_MoE.py - {'step': '90400', 'lr': '0.0002', 'total_loss': '0.0080902', 'main_loss': '0.0080902', 'time_per_step': '2.21778'}
2026-01-16 11:23:05,263 - train_greyscale_FA_MoE.py - {'step': '90500', 'lr': '0.0002', 'total_loss': '0.0124315', 'main_loss': '0.0124315', 'time_per_step': '2.26822'}
2026-01-16 11:26:54,406 - train_greyscale_FA_MoE.py - {'step': '90600', 'lr': '0.0002', 'total_loss': '0.0106021', 'main_loss': '0.0106021', 'time_per_step': '2.20752'}
2026-01-16 11:30:43,302 - train_greyscale_FA_MoE.py - {'step': '90700', 'lr': '0.0002', 'total_loss': '0.0140141', 'main_loss': '0.0140141', 'time_per_step': '2.19722'}
2026-01-16 11:34:31,957 - train_greyscale_FA_MoE.py - {'step': '90800', 'lr': '0.0002', 'total_loss': '0.010095', 'main_loss': '0.010095', 'time_per_step': '2.21985'}
2026-01-16 11:38:19,736 - train_greyscale_FA_MoE.py - {'step': '90900', 'lr': '0.0002', 'total_loss': '0.00729651', 'main_loss': '0.00729651', 'time_per_step': '2.1986'}
2026-01-16 11:42:09,265 - train_greyscale_FA_MoE.py - {'step': '91000', 'lr': '0.0002', 'total_loss': '0.0077563', 'main_loss': '0.0077563', 'time_per_step': '2.27607'}
2026-01-16 11:45:57,415 - train_greyscale_FA_MoE.py - {'step': '91100', 'lr': '0.0002', 'total_loss': '0.0112379', 'main_loss': '0.0112379', 'time_per_step': '2.10158'}
2026-01-16 11:49:45,408 - train_greyscale_FA_MoE.py - {'step': '91200', 'lr': '0.0002', 'total_loss': '0.00930889', 'main_loss': '0.00930889', 'time_per_step': '2.09473'}
2026-01-16 11:53:33,833 - train_greyscale_FA_MoE.py - {'step': '91300', 'lr': '0.0002', 'total_loss': '0.00886485', 'main_loss': '0.00886485', 'time_per_step': '2.26764'}
2026-01-16 11:57:22,750 - train_greyscale_FA_MoE.py - {'step': '91400', 'lr': '0.0002', 'total_loss': '0.0124085', 'main_loss': '0.0124085', 'time_per_step': '2.21319'}
2026-01-16 12:01:11,852 - train_greyscale_FA_MoE.py - {'step': '91500', 'lr': '0.0002', 'total_loss': '0.0119518', 'main_loss': '0.0119518', 'time_per_step': '2.21417'}
2026-01-16 12:05:00,819 - train_greyscale_FA_MoE.py - {'step': '91600', 'lr': '0.0002', 'total_loss': '0.00921857', 'main_loss': '0.00921857', 'time_per_step': '2.20419'}
2026-01-16 12:08:49,053 - train_greyscale_FA_MoE.py - {'step': '91700', 'lr': '0.0002', 'total_loss': '0.0120875', 'main_loss': '0.0120875', 'time_per_step': '2.22049'}
2026-01-16 12:12:37,090 - train_greyscale_FA_MoE.py - {'step': '91800', 'lr': '0.0002', 'total_loss': '0.0082067', 'main_loss': '0.0082067', 'time_per_step': '2.36615'}
2026-01-16 12:16:27,108 - train_greyscale_FA_MoE.py - {'step': '91900', 'lr': '0.0002', 'total_loss': '0.0111967', 'main_loss': '0.0111967', 'time_per_step': '2.36174'}
2026-01-16 12:20:14,814 - train_greyscale_FA_MoE.py - {'step': '92000', 'lr': '0.0002', 'total_loss': '0.00902046', 'main_loss': '0.00902046', 'time_per_step': '2.21767'}
2026-01-16 12:24:02,466 - train_greyscale_FA_MoE.py - {'step': '92100', 'lr': '0.0002', 'total_loss': '0.0104987', 'main_loss': '0.0104987', 'time_per_step': '2.22256'}
2026-01-16 12:27:51,234 - train_greyscale_FA_MoE.py - {'step': '92200', 'lr': '0.0002', 'total_loss': '0.0125743', 'main_loss': '0.0125743', 'time_per_step': '2.20493'}
2026-01-16 12:31:39,137 - train_greyscale_FA_MoE.py - {'step': '92300', 'lr': '0.0002', 'total_loss': '0.0119337', 'main_loss': '0.0119337', 'time_per_step': '2.09838'}
2026-01-16 12:35:27,122 - train_greyscale_FA_MoE.py - {'step': '92400', 'lr': '0.0002', 'total_loss': '0.0104557', 'main_loss': '0.0104557', 'time_per_step': '2.0968'}
2026-01-16 12:39:15,475 - train_greyscale_FA_MoE.py - {'step': '92500', 'lr': '0.0002', 'total_loss': '0.00854721', 'main_loss': '0.00854721', 'time_per_step': '2.20018'}
2026-01-16 12:43:04,023 - train_greyscale_FA_MoE.py - {'step': '92600', 'lr': '0.0002', 'total_loss': '0.0134015', 'main_loss': '0.0134015', 'time_per_step': '2.26945'}
2026-01-16 12:46:51,706 - train_greyscale_FA_MoE.py - {'step': '92700', 'lr': '0.0002', 'total_loss': '0.0102646', 'main_loss': '0.0102646', 'time_per_step': '2.23506'}
2026-01-16 12:50:39,855 - train_greyscale_FA_MoE.py - {'step': '92800', 'lr': '0.0002', 'total_loss': '0.010178', 'main_loss': '0.010178', 'time_per_step': '2.23278'}
2026-01-16 12:54:27,241 - train_greyscale_FA_MoE.py - {'step': '92900', 'lr': '0.0002', 'total_loss': '0.0103551', 'main_loss': '0.0103551', 'time_per_step': '2.19967'}
2026-01-16 12:58:15,895 - train_greyscale_FA_MoE.py - {'step': '93000', 'lr': '0.0002', 'total_loss': '0.0107748', 'main_loss': '0.0107748', 'time_per_step': '2.21925'}
2026-01-16 13:02:04,964 - train_greyscale_FA_MoE.py - {'step': '93100', 'lr': '0.0002', 'total_loss': '0.0134921', 'main_loss': '0.0134921', 'time_per_step': '2.25433'}
2026-01-16 13:05:53,969 - train_greyscale_FA_MoE.py - {'step': '93200', 'lr': '0.0002', 'total_loss': '0.0104807', 'main_loss': '0.0104807', 'time_per_step': '2.22164'}
2026-01-16 13:09:41,554 - train_greyscale_FA_MoE.py - {'step': '93300', 'lr': '0.0002', 'total_loss': '0.0102262', 'main_loss': '0.0102262', 'time_per_step': '2.18593'}
2026-01-16 13:13:29,125 - train_greyscale_FA_MoE.py - {'step': '93400', 'lr': '0.0002', 'total_loss': '0.0115969', 'main_loss': '0.0115969', 'time_per_step': '2.19747'}
2026-01-16 13:17:18,968 - train_greyscale_FA_MoE.py - {'step': '93500', 'lr': '0.0002', 'total_loss': '0.0130107', 'main_loss': '0.0130107', 'time_per_step': '2.07468'}
2026-01-16 13:21:06,571 - train_greyscale_FA_MoE.py - {'step': '93600', 'lr': '0.0002', 'total_loss': '0.0119702', 'main_loss': '0.0119702', 'time_per_step': '2.09157'}
2026-01-16 13:24:54,776 - train_greyscale_FA_MoE.py - {'step': '93700', 'lr': '0.0002', 'total_loss': '0.00967377', 'main_loss': '0.00967377', 'time_per_step': '2.19155'}
2026-01-16 13:28:43,794 - train_greyscale_FA_MoE.py - {'step': '93800', 'lr': '0.0002', 'total_loss': '0.00836518', 'main_loss': '0.00836518', 'time_per_step': '2.22093'}
2026-01-16 13:32:32,059 - train_greyscale_FA_MoE.py - {'step': '93900', 'lr': '0.0002', 'total_loss': '0.0148736', 'main_loss': '0.0148736', 'time_per_step': '2.23304'}
2026-01-16 13:36:20,452 - train_greyscale_FA_MoE.py - {'step': '94000', 'lr': '0.0002', 'total_loss': '0.0110739', 'main_loss': '0.0110739', 'time_per_step': '2.23138'}
2026-01-16 13:40:07,832 - train_greyscale_FA_MoE.py - {'step': '94100', 'lr': '0.0002', 'total_loss': '0.0116169', 'main_loss': '0.0116169', 'time_per_step': '2.21839'}
2026-01-16 13:43:56,505 - train_greyscale_FA_MoE.py - {'step': '94200', 'lr': '0.0002', 'total_loss': '0.0117615', 'main_loss': '0.0117615', 'time_per_step': '2.19699'}
2026-01-16 13:47:45,457 - train_greyscale_FA_MoE.py - {'step': '94300', 'lr': '0.0002', 'total_loss': '0.00644273', 'main_loss': '0.00644273', 'time_per_step': '2.19919'}
2026-01-16 13:51:34,146 - train_greyscale_FA_MoE.py - {'step': '94400', 'lr': '0.0002', 'total_loss': '0.00859189', 'main_loss': '0.00859189', 'time_per_step': '2.26029'}
2026-01-16 13:55:21,862 - train_greyscale_FA_MoE.py - {'step': '94500', 'lr': '0.0002', 'total_loss': '0.0101321', 'main_loss': '0.0101321', 'time_per_step': '2.22629'}
2026-01-16 13:59:11,078 - train_greyscale_FA_MoE.py - {'step': '94600', 'lr': '0.0002', 'total_loss': '0.0111117', 'main_loss': '0.0111117', 'time_per_step': '2.20653'}
2026-01-16 14:02:59,627 - train_greyscale_FA_MoE.py - {'step': '94700', 'lr': '0.0002', 'total_loss': '0.00953622', 'main_loss': '0.00953622', 'time_per_step': '2.09198'}
2026-01-16 14:06:47,895 - train_greyscale_FA_MoE.py - {'step': '94800', 'lr': '0.0002', 'total_loss': '0.00694028', 'main_loss': '0.00694028', 'time_per_step': '2.09444'}
2026-01-16 14:10:37,150 - train_greyscale_FA_MoE.py - {'step': '94900', 'lr': '0.0002', 'total_loss': '0.00932482', 'main_loss': '0.00932482', 'time_per_step': '2.3665'}
2026-01-16 14:14:25,198 - train_greyscale_FA_MoE.py - {'step': '95000', 'lr': '0.0002', 'total_loss': '0.00594418', 'main_loss': '0.00594418', 'time_per_step': '2.22946'}
2026-01-16 14:18:14,183 - train_greyscale_FA_MoE.py - {'step': '95100', 'lr': '0.0002', 'total_loss': '0.0140329', 'main_loss': '0.0140329', 'time_per_step': '2.24535'}
2026-01-16 14:22:02,780 - train_greyscale_FA_MoE.py - {'step': '95200', 'lr': '0.0002', 'total_loss': '0.00812343', 'main_loss': '0.00812343', 'time_per_step': '2.21256'}
2026-01-16 14:25:50,219 - train_greyscale_FA_MoE.py - {'step': '95300', 'lr': '0.0002', 'total_loss': '0.0117944', 'main_loss': '0.0117944', 'time_per_step': '2.23316'}
2026-01-16 14:29:38,143 - train_greyscale_FA_MoE.py - {'step': '95400', 'lr': '0.0002', 'total_loss': '0.00702204', 'main_loss': '0.00702204', 'time_per_step': '2.22315'}
2026-01-16 14:33:27,234 - train_greyscale_FA_MoE.py - {'step': '95500', 'lr': '0.0002', 'total_loss': '0.015509', 'main_loss': '0.015509', 'time_per_step': '2.21535'}
2026-01-16 14:37:15,865 - train_greyscale_FA_MoE.py - {'step': '95600', 'lr': '0.0002', 'total_loss': '0.0127277', 'main_loss': '0.0127277', 'time_per_step': '2.22648'}
2026-01-16 14:41:03,981 - train_greyscale_FA_MoE.py - {'step': '95700', 'lr': '0.0002', 'total_loss': '0.00688277', 'main_loss': '0.00688277', 'time_per_step': '2.30851'}
2026-01-16 14:44:52,385 - train_greyscale_FA_MoE.py - {'step': '95800', 'lr': '0.0002', 'total_loss': '0.00830249', 'main_loss': '0.00830249', 'time_per_step': '2.26579'}
2026-01-16 14:48:40,901 - train_greyscale_FA_MoE.py - {'step': '95900', 'lr': '0.0002', 'total_loss': '0.00777531', 'main_loss': '0.00777531', 'time_per_step': '2.09473'}
2026-01-16 14:52:28,991 - train_greyscale_FA_MoE.py - {'step': '96000', 'lr': '0.0002', 'total_loss': '0.0114342', 'main_loss': '0.0114342', 'time_per_step': '2.07405'}
2026-01-16 14:56:16,679 - train_greyscale_FA_MoE.py - {'step': '96100', 'lr': '0.0002', 'total_loss': '0.0077289', 'main_loss': '0.0077289', 'time_per_step': '2.21712'}
2026-01-16 15:00:04,992 - train_greyscale_FA_MoE.py - {'step': '96200', 'lr': '0.0002', 'total_loss': '0.00996786', 'main_loss': '0.00996786', 'time_per_step': '2.2685'}
2026-01-16 15:03:53,303 - train_greyscale_FA_MoE.py - {'step': '96300', 'lr': '0.0002', 'total_loss': '0.00807177', 'main_loss': '0.00807177', 'time_per_step': '2.21235'}
2026-01-16 15:07:41,688 - train_greyscale_FA_MoE.py - {'step': '96400', 'lr': '0.0002', 'total_loss': '0.00650813', 'main_loss': '0.00650813', 'time_per_step': '2.25469'}
2026-01-16 15:11:29,005 - train_greyscale_FA_MoE.py - {'step': '96500', 'lr': '0.0002', 'total_loss': '0.0134132', 'main_loss': '0.0134132', 'time_per_step': '2.20603'}
2026-01-16 15:15:17,337 - train_greyscale_FA_MoE.py - {'step': '96600', 'lr': '0.0002', 'total_loss': '0.0103372', 'main_loss': '0.0103372', 'time_per_step': '2.24675'}
2026-01-16 15:19:06,732 - train_greyscale_FA_MoE.py - {'step': '96700', 'lr': '0.0002', 'total_loss': '0.0103792', 'main_loss': '0.0103792', 'time_per_step': '2.2106'}
2026-01-16 15:22:54,404 - train_greyscale_FA_MoE.py - {'step': '96800', 'lr': '0.0002', 'total_loss': '0.0133653', 'main_loss': '0.0133653', 'time_per_step': '2.22606'}
2026-01-16 15:26:41,523 - train_greyscale_FA_MoE.py - {'step': '96900', 'lr': '0.0002', 'total_loss': '0.00950076', 'main_loss': '0.00950076', 'time_per_step': '2.2296'}
2026-01-16 15:30:29,645 - train_greyscale_FA_MoE.py - {'step': '97000', 'lr': '0.0002', 'total_loss': '0.0126346', 'main_loss': '0.0126346', 'time_per_step': '2.22532'}
2026-01-16 15:34:16,575 - train_greyscale_FA_MoE.py - {'step': '97100', 'lr': '0.0002', 'total_loss': '0.0099685', 'main_loss': '0.0099685', 'time_per_step': '2.08952'}
2026-01-16 15:38:04,307 - train_greyscale_FA_MoE.py - {'step': '97200', 'lr': '0.0002', 'total_loss': '0.00845715', 'main_loss': '0.00845715', 'time_per_step': '2.15079'}
2026-01-16 15:41:51,714 - train_greyscale_FA_MoE.py - {'step': '97300', 'lr': '0.0002', 'total_loss': '0.00928276', 'main_loss': '0.00928276', 'time_per_step': '2.23852'}
2026-01-16 15:45:39,637 - train_greyscale_FA_MoE.py - {'step': '97400', 'lr': '0.0002', 'total_loss': '0.00912258', 'main_loss': '0.00912258', 'time_per_step': '2.21341'}
2026-01-16 15:49:27,750 - train_greyscale_FA_MoE.py - {'step': '97500', 'lr': '0.0002', 'total_loss': '0.0104882', 'main_loss': '0.0104882', 'time_per_step': '2.23851'}
2026-01-16 15:53:15,189 - train_greyscale_FA_MoE.py - {'step': '97600', 'lr': '0.0002', 'total_loss': '0.00865874', 'main_loss': '0.00865874', 'time_per_step': '2.19206'}
2026-01-16 15:57:02,262 - train_greyscale_FA_MoE.py - {'step': '97700', 'lr': '0.0002', 'total_loss': '0.00760932', 'main_loss': '0.00760932', 'time_per_step': '2.21789'}
2026-01-16 16:00:50,787 - train_greyscale_FA_MoE.py - {'step': '97800', 'lr': '0.0002', 'total_loss': '0.00800866', 'main_loss': '0.00800866', 'time_per_step': '2.19755'}
2026-01-16 16:04:38,043 - train_greyscale_FA_MoE.py - {'step': '97900', 'lr': '0.0002', 'total_loss': '0.0124633', 'main_loss': '0.0124633', 'time_per_step': '2.20726'}
2026-01-16 16:08:24,936 - train_greyscale_FA_MoE.py - {'step': '98000', 'lr': '0.0002', 'total_loss': '0.0113144', 'main_loss': '0.0113144', 'time_per_step': '2.17678'}
2026-01-16 16:12:11,455 - train_greyscale_FA_MoE.py - {'step': '98100', 'lr': '0.0002', 'total_loss': '0.0120549', 'main_loss': '0.0120549', 'time_per_step': '2.2049'}
2026-01-16 16:16:00,724 - train_greyscale_FA_MoE.py - {'step': '98200', 'lr': '0.0002', 'total_loss': '0.00719008', 'main_loss': '0.00719008', 'time_per_step': '2.2187'}
2026-01-16 16:19:49,237 - train_greyscale_FA_MoE.py - {'step': '98300', 'lr': '0.0002', 'total_loss': '0.0111552', 'main_loss': '0.0111552', 'time_per_step': '2.09411'}
2026-01-16 16:23:35,902 - train_greyscale_FA_MoE.py - {'step': '98400', 'lr': '0.0002', 'total_loss': '0.0137809', 'main_loss': '0.0137809', 'time_per_step': '2.10553'}
2026-01-16 16:27:23,258 - train_greyscale_FA_MoE.py - {'step': '98500', 'lr': '0.0002', 'total_loss': '0.00945437', 'main_loss': '0.00945437', 'time_per_step': '2.19175'}
2026-01-16 16:31:11,331 - train_greyscale_FA_MoE.py - {'step': '98600', 'lr': '0.0002', 'total_loss': '0.00737014', 'main_loss': '0.00737014', 'time_per_step': '2.21513'}
2026-01-16 16:34:59,477 - train_greyscale_FA_MoE.py - {'step': '98700', 'lr': '0.0002', 'total_loss': '0.0110787', 'main_loss': '0.0110787', 'time_per_step': '2.20913'}
2026-01-16 16:38:47,092 - train_greyscale_FA_MoE.py - {'step': '98800', 'lr': '0.0002', 'total_loss': '0.0132612', 'main_loss': '0.0132612', 'time_per_step': '2.23334'}
2026-01-16 16:42:34,062 - train_greyscale_FA_MoE.py - {'step': '98900', 'lr': '0.0002', 'total_loss': '0.0102525', 'main_loss': '0.0102525', 'time_per_step': '2.26709'}
2026-01-16 16:46:21,841 - train_greyscale_FA_MoE.py - {'step': '99000', 'lr': '0.0002', 'total_loss': '0.00913996', 'main_loss': '0.00913996', 'time_per_step': '2.23811'}
2026-01-16 16:50:09,245 - train_greyscale_FA_MoE.py - {'step': '99100', 'lr': '0.0002', 'total_loss': '0.0106108', 'main_loss': '0.0106108', 'time_per_step': '2.20074'}
2026-01-16 16:53:57,586 - train_greyscale_FA_MoE.py - {'step': '99200', 'lr': '0.0002', 'total_loss': '0.0136227', 'main_loss': '0.0136227', 'time_per_step': '2.17546'}
2026-01-16 16:57:46,495 - train_greyscale_FA_MoE.py - {'step': '99300', 'lr': '0.0002', 'total_loss': '0.0106493', 'main_loss': '0.0106493', 'time_per_step': '2.21929'}
2026-01-16 17:01:34,273 - train_greyscale_FA_MoE.py - {'step': '99400', 'lr': '0.0002', 'total_loss': '0.00975366', 'main_loss': '0.00975366', 'time_per_step': '2.30723'}
2026-01-16 17:05:22,878 - train_greyscale_FA_MoE.py - {'step': '99500', 'lr': '0.0002', 'total_loss': '0.009352', 'main_loss': '0.009352', 'time_per_step': '2.08135'}
2026-01-16 17:09:11,482 - train_greyscale_FA_MoE.py - {'step': '99600', 'lr': '0.0002', 'total_loss': '0.00644868', 'main_loss': '0.00644868', 'time_per_step': '2.09321'}
2026-01-16 17:13:00,056 - train_greyscale_FA_MoE.py - {'step': '99700', 'lr': '0.0002', 'total_loss': '0.00788905', 'main_loss': '0.00788905', 'time_per_step': '2.21946'}
2026-01-16 17:16:49,743 - train_greyscale_FA_MoE.py - {'step': '99800', 'lr': '0.0002', 'total_loss': '0.0106572', 'main_loss': '0.0106572', 'time_per_step': '2.20981'}
2026-01-16 17:20:38,438 - train_greyscale_FA_MoE.py - {'step': '99900', 'lr': '0.0002', 'total_loss': '0.00584511', 'main_loss': '0.00584511', 'time_per_step': '2.20532'}
2026-01-16 17:24:27,555 - train_greyscale_FA_MoE.py - {'step': '100000', 'lr': '0.0002', 'total_loss': '0.00746642', 'main_loss': '0.00746642', 'time_per_step': '2.20978'}
2026-01-16 17:24:27,580 - train_greyscale_FA_MoE.py - Saved expert distribution of layer in_block_0 to output_shift_fa/acdc_wholeheart_uncond_fa_ec_moe_greyscale_uvit_mid_4by4_l6r9_low16_Y_bound/samples/expert_distribution_in_block_0_step100000.npy
2026-01-16 17:24:29,023 - train_greyscale_FA_MoE.py - Saved expert distribution of layer out_block_7 to output_shift_fa/acdc_wholeheart_uncond_fa_ec_moe_greyscale_uvit_mid_4by4_l6r9_low16_Y_bound/samples/expert_distribution_out_block_7_step100000.npy
2026-01-16 17:24:30,604 - train_greyscale_FA_MoE.py - Save a grid of 16 samples into output_shift_fa/acdc_wholeheart_uncond_fa_ec_moe_greyscale_uvit_mid_4by4_l6r9_low16_Y_bound/samples/100000.png by DPM-Solver
2026-01-16 17:24:36,163 - train_greyscale_FA_MoE.py - Finished saving sample grid to output_shift_fa/acdc_wholeheart_uncond_fa_ec_moe_greyscale_uvit_mid_4by4_l6r9_low16_Y_bound/samples/100000.png by DPM-Solver.
2026-01-16 17:24:36,216 - train_greyscale_FA_MoE.py - Save and eval checkpoint 100000...
2026-01-16 17:24:38,562 - train_greyscale_FA_MoE.py - eval_step: n_samples=50000, sample_steps=50, algorithm=dpm_solver, mini_batch_size=500, samples save into output_shift_fa/acdc_wholeheart_uncond_fa_ec_moe_greyscale_uvit_mid_4by4_l6r9_low16_Y_bound/samples/acdc_wholeheart_uncond_uvit_FA_EC_MoE_greyscale_mid_4by4_low16_100000_dpm
2026-01-16 18:15:18,589 - train_greyscale_FA_MoE.py - step=100000 fid50000=19.293496964261294
2026-01-16 18:21:37,558 - is_lpips.py - LPIPS: 0.5153 ± 0.0509
2026-01-16 18:21:37,564 - train_greyscale_FA_MoE.py - step=100000 LPIPS50000=0.515268691623901
2026-01-16 18:26:47,140 - train_greyscale_FA_MoE.py - {'step': '100100', 'lr': '0.0002', 'total_loss': '0.0101926', 'main_loss': '0.0101926', 'time_per_step': '2.26529'}
2026-01-16 18:30:34,751 - train_greyscale_FA_MoE.py - {'step': '100200', 'lr': '0.0002', 'total_loss': '0.0105758', 'main_loss': '0.0105758', 'time_per_step': '2.2503'}
2026-01-16 18:34:22,096 - train_greyscale_FA_MoE.py - {'step': '100300', 'lr': '0.0002', 'total_loss': '0.0125525', 'main_loss': '0.0125525', 'time_per_step': '2.25029'}
2026-01-16 18:38:09,502 - train_greyscale_FA_MoE.py - {'step': '100400', 'lr': '0.0002', 'total_loss': '0.0122003', 'main_loss': '0.0122003', 'time_per_step': '2.24107'}
2026-01-16 18:41:56,788 - train_greyscale_FA_MoE.py - {'step': '100500', 'lr': '0.0002', 'total_loss': '0.0117391', 'main_loss': '0.0117391', 'time_per_step': '2.19629'}
2026-01-16 18:45:44,766 - train_greyscale_FA_MoE.py - {'step': '100600', 'lr': '0.0002', 'total_loss': '0.0128737', 'main_loss': '0.0128737', 'time_per_step': '2.20558'}
2026-01-16 18:49:32,746 - train_greyscale_FA_MoE.py - {'step': '100700', 'lr': '0.0002', 'total_loss': '0.0122775', 'main_loss': '0.0122775', 'time_per_step': '2.15003'}
2026-01-16 18:53:18,921 - train_greyscale_FA_MoE.py - {'step': '100800', 'lr': '0.0002', 'total_loss': '0.0127375', 'main_loss': '0.0127375', 'time_per_step': '2.09035'}
2026-01-16 18:57:06,424 - train_greyscale_FA_MoE.py - {'step': '100900', 'lr': '0.0002', 'total_loss': '0.00886128', 'main_loss': '0.00886128', 'time_per_step': '2.18831'}
2026-01-16 19:00:54,418 - train_greyscale_FA_MoE.py - {'step': '101000', 'lr': '0.0002', 'total_loss': '0.0114532', 'main_loss': '0.0114532', 'time_per_step': '2.21067'}
2026-01-16 19:04:41,330 - train_greyscale_FA_MoE.py - {'step': '101100', 'lr': '0.0002', 'total_loss': '0.014089', 'main_loss': '0.014089', 'time_per_step': '2.22544'}
2026-01-16 19:08:29,238 - train_greyscale_FA_MoE.py - {'step': '101200', 'lr': '0.0002', 'total_loss': '0.00907041', 'main_loss': '0.00907041', 'time_per_step': '2.20858'}
2026-01-16 19:12:17,824 - train_greyscale_FA_MoE.py - {'step': '101300', 'lr': '0.0002', 'total_loss': '0.00970325', 'main_loss': '0.00970325', 'time_per_step': '2.21513'}
2026-01-16 19:16:06,434 - train_greyscale_FA_MoE.py - {'step': '101400', 'lr': '0.0002', 'total_loss': '0.0111629', 'main_loss': '0.0111629', 'time_per_step': '2.2027'}
2026-01-16 19:19:53,396 - train_greyscale_FA_MoE.py - {'step': '101500', 'lr': '0.0002', 'total_loss': '0.00937902', 'main_loss': '0.00937902', 'time_per_step': '2.21596'}
2026-01-16 19:23:41,587 - train_greyscale_FA_MoE.py - {'step': '101600', 'lr': '0.0002', 'total_loss': '0.0104838', 'main_loss': '0.0104838', 'time_per_step': '2.21095'}
2026-01-16 19:27:30,076 - train_greyscale_FA_MoE.py - {'step': '101700', 'lr': '0.0002', 'total_loss': '0.00795888', 'main_loss': '0.00795888', 'time_per_step': '2.13862'}
2026-01-16 19:31:17,267 - train_greyscale_FA_MoE.py - {'step': '101800', 'lr': '0.0002', 'total_loss': '0.00938283', 'main_loss': '0.00938283', 'time_per_step': '2.22425'}
2026-01-16 19:35:03,555 - train_greyscale_FA_MoE.py - {'step': '101900', 'lr': '0.0002', 'total_loss': '0.00749523', 'main_loss': '0.00749523', 'time_per_step': '2.1417'}
2026-01-16 19:38:50,668 - train_greyscale_FA_MoE.py - {'step': '102000', 'lr': '0.0002', 'total_loss': '0.00984013', 'main_loss': '0.00984013', 'time_per_step': '2.08917'}
2026-01-16 19:42:40,354 - train_greyscale_FA_MoE.py - {'step': '102100', 'lr': '0.0002', 'total_loss': '0.00988984', 'main_loss': '0.00988984', 'time_per_step': '2.20649'}
2026-01-16 19:46:28,458 - train_greyscale_FA_MoE.py - {'step': '102200', 'lr': '0.0002', 'total_loss': '0.0109261', 'main_loss': '0.0109261', 'time_per_step': '2.18378'}
2026-01-16 19:50:16,109 - train_greyscale_FA_MoE.py - {'step': '102300', 'lr': '0.0002', 'total_loss': '0.0128368', 'main_loss': '0.0128368', 'time_per_step': '2.242'}
2026-01-16 19:54:04,722 - train_greyscale_FA_MoE.py - {'step': '102400', 'lr': '0.0002', 'total_loss': '0.00885218', 'main_loss': '0.00885218', 'time_per_step': '2.24152'}
2026-01-16 19:57:52,218 - train_greyscale_FA_MoE.py - {'step': '102500', 'lr': '0.0002', 'total_loss': '0.0108703', 'main_loss': '0.0108703', 'time_per_step': '2.19446'}
2026-01-16 20:01:41,199 - train_greyscale_FA_MoE.py - {'step': '102600', 'lr': '0.0002', 'total_loss': '0.00806017', 'main_loss': '0.00806017', 'time_per_step': '2.21415'}
2026-01-16 20:05:28,669 - train_greyscale_FA_MoE.py - {'step': '102700', 'lr': '0.0002', 'total_loss': '0.00799702', 'main_loss': '0.00799702', 'time_per_step': '2.24152'}
2026-01-16 20:09:17,129 - train_greyscale_FA_MoE.py - {'step': '102800', 'lr': '0.0002', 'total_loss': '0.00988868', 'main_loss': '0.00988868', 'time_per_step': '2.20619'}
2026-01-16 20:13:05,898 - train_greyscale_FA_MoE.py - {'step': '102900', 'lr': '0.0002', 'total_loss': '0.0122302', 'main_loss': '0.0122302', 'time_per_step': '2.20018'}
2026-01-16 20:16:55,028 - train_greyscale_FA_MoE.py - {'step': '103000', 'lr': '0.0002', 'total_loss': '0.0116177', 'main_loss': '0.0116177', 'time_per_step': '2.23868'}
2026-01-16 20:20:42,063 - train_greyscale_FA_MoE.py - {'step': '103100', 'lr': '0.0002', 'total_loss': '0.00969947', 'main_loss': '0.00969947', 'time_per_step': '2.14377'}
2026-01-16 20:24:30,218 - train_greyscale_FA_MoE.py - {'step': '103200', 'lr': '0.0002', 'total_loss': '0.00794541', 'main_loss': '0.00794541', 'time_per_step': '2.09362'}
2026-01-16 20:28:19,271 - train_greyscale_FA_MoE.py - {'step': '103300', 'lr': '0.0002', 'total_loss': '0.00766518', 'main_loss': '0.00766518', 'time_per_step': '2.23534'}
2026-01-16 20:32:07,698 - train_greyscale_FA_MoE.py - {'step': '103400', 'lr': '0.0002', 'total_loss': '0.0113551', 'main_loss': '0.0113551', 'time_per_step': '2.27537'}
2026-01-16 20:35:54,853 - train_greyscale_FA_MoE.py - {'step': '103500', 'lr': '0.0002', 'total_loss': '0.00712053', 'main_loss': '0.00712053', 'time_per_step': '2.1821'}
2026-01-16 20:39:42,818 - train_greyscale_FA_MoE.py - {'step': '103600', 'lr': '0.0002', 'total_loss': '0.0112877', 'main_loss': '0.0112877', 'time_per_step': '2.25346'}
2026-01-16 20:43:31,045 - train_greyscale_FA_MoE.py - {'step': '103700', 'lr': '0.0002', 'total_loss': '0.0106544', 'main_loss': '0.0106544', 'time_per_step': '2.20406'}
2026-01-16 20:47:19,493 - train_greyscale_FA_MoE.py - {'step': '103800', 'lr': '0.0002', 'total_loss': '0.0078932', 'main_loss': '0.0078932', 'time_per_step': '2.17975'}
2026-01-16 20:51:07,339 - train_greyscale_FA_MoE.py - {'step': '103900', 'lr': '0.0002', 'total_loss': '0.0106357', 'main_loss': '0.0106357', 'time_per_step': '2.21713'}
2026-01-16 20:54:56,205 - train_greyscale_FA_MoE.py - {'step': '104000', 'lr': '0.0002', 'total_loss': '0.00748756', 'main_loss': '0.00748756', 'time_per_step': '2.21175'}
2026-01-16 20:58:44,532 - train_greyscale_FA_MoE.py - {'step': '104100', 'lr': '0.0002', 'total_loss': '0.00731979', 'main_loss': '0.00731979', 'time_per_step': '2.21219'}
2026-01-16 21:02:32,517 - train_greyscale_FA_MoE.py - {'step': '104200', 'lr': '0.0002', 'total_loss': '0.0108409', 'main_loss': '0.0108409', 'time_per_step': '2.19671'}
2026-01-16 21:06:20,237 - train_greyscale_FA_MoE.py - {'step': '104300', 'lr': '0.0002', 'total_loss': '0.00811902', 'main_loss': '0.00811902', 'time_per_step': '2.09514'}
2026-01-16 21:10:07,444 - train_greyscale_FA_MoE.py - {'step': '104400', 'lr': '0.0002', 'total_loss': '0.0121615', 'main_loss': '0.0121615', 'time_per_step': '2.08294'}
2026-01-16 21:13:56,702 - train_greyscale_FA_MoE.py - {'step': '104500', 'lr': '0.0002', 'total_loss': '0.0068631', 'main_loss': '0.0068631', 'time_per_step': '2.28124'}
2026-01-16 21:17:45,607 - train_greyscale_FA_MoE.py - {'step': '104600', 'lr': '0.0002', 'total_loss': '0.0103225', 'main_loss': '0.0103225', 'time_per_step': '2.22536'}
2026-01-16 21:21:33,850 - train_greyscale_FA_MoE.py - {'step': '104700', 'lr': '0.0002', 'total_loss': '0.011021', 'main_loss': '0.011021', 'time_per_step': '3.35561'}
2026-01-16 21:25:21,405 - train_greyscale_FA_MoE.py - {'step': '104800', 'lr': '0.0002', 'total_loss': '0.0144126', 'main_loss': '0.0144126', 'time_per_step': '2.23777'}
2026-01-16 21:29:09,199 - train_greyscale_FA_MoE.py - {'step': '104900', 'lr': '0.0002', 'total_loss': '0.0133343', 'main_loss': '0.0133343', 'time_per_step': '2.21649'}
2026-01-16 21:32:57,215 - train_greyscale_FA_MoE.py - {'step': '105000', 'lr': '0.0002', 'total_loss': '0.00921602', 'main_loss': '0.00921602', 'time_per_step': '2.2655'}
2026-01-16 21:36:46,020 - train_greyscale_FA_MoE.py - {'step': '105100', 'lr': '0.0002', 'total_loss': '0.00703972', 'main_loss': '0.00703972', 'time_per_step': '3.37886'}
2026-01-16 21:40:33,221 - train_greyscale_FA_MoE.py - {'step': '105200', 'lr': '0.0002', 'total_loss': '0.00953794', 'main_loss': '0.00953794', 'time_per_step': '2.21129'}
2026-01-16 21:44:20,692 - train_greyscale_FA_MoE.py - {'step': '105300', 'lr': '0.0002', 'total_loss': '0.00713153', 'main_loss': '0.00713153', 'time_per_step': '2.19632'}
2026-01-16 21:48:09,322 - train_greyscale_FA_MoE.py - {'step': '105400', 'lr': '0.0002', 'total_loss': '0.0125859', 'main_loss': '0.0125859', 'time_per_step': '2.21696'}
2026-01-16 21:51:57,772 - train_greyscale_FA_MoE.py - {'step': '105500', 'lr': '0.0002', 'total_loss': '0.00694207', 'main_loss': '0.00694207', 'time_per_step': '3.25625'}
2026-01-16 21:55:44,630 - train_greyscale_FA_MoE.py - {'step': '105600', 'lr': '0.0002', 'total_loss': '0.0103088', 'main_loss': '0.0103088', 'time_per_step': '2.09025'}
2026-01-16 21:59:32,985 - train_greyscale_FA_MoE.py - {'step': '105700', 'lr': '0.0002', 'total_loss': '0.00923902', 'main_loss': '0.00923902', 'time_per_step': '2.18004'}
2026-01-16 22:03:21,272 - train_greyscale_FA_MoE.py - {'step': '105800', 'lr': '0.0002', 'total_loss': '0.0133884', 'main_loss': '0.0133884', 'time_per_step': '2.19434'}
2026-01-16 22:07:10,183 - train_greyscale_FA_MoE.py - {'step': '105900', 'lr': '0.0002', 'total_loss': '0.012461', 'main_loss': '0.012461', 'time_per_step': '3.42261'}
2026-01-16 22:10:57,555 - train_greyscale_FA_MoE.py - {'step': '106000', 'lr': '0.0002', 'total_loss': '0.0120359', 'main_loss': '0.0120359', 'time_per_step': '2.21952'}
2026-01-16 22:14:43,418 - train_greyscale_FA_MoE.py - {'step': '106100', 'lr': '0.0002', 'total_loss': '0.00856503', 'main_loss': '0.00856503', 'time_per_step': '2.19783'}
2026-01-16 22:18:30,637 - train_greyscale_FA_MoE.py - {'step': '106200', 'lr': '0.0002', 'total_loss': '0.0115662', 'main_loss': '0.0115662', 'time_per_step': '2.19967'}
2026-01-16 22:22:18,142 - train_greyscale_FA_MoE.py - {'step': '106300', 'lr': '0.0002', 'total_loss': '0.0107735', 'main_loss': '0.0107735', 'time_per_step': '2.20337'}
2026-01-16 22:26:07,825 - train_greyscale_FA_MoE.py - {'step': '106400', 'lr': '0.0002', 'total_loss': '0.00954093', 'main_loss': '0.00954093', 'time_per_step': '2.21763'}
2026-01-16 22:29:56,990 - train_greyscale_FA_MoE.py - {'step': '106500', 'lr': '0.0002', 'total_loss': '0.0118462', 'main_loss': '0.0118462', 'time_per_step': '2.21671'}
2026-01-16 22:33:45,988 - train_greyscale_FA_MoE.py - {'step': '106600', 'lr': '0.0002', 'total_loss': '0.0130688', 'main_loss': '0.0130688', 'time_per_step': '2.22168'}
2026-01-16 22:37:34,349 - train_greyscale_FA_MoE.py - {'step': '106700', 'lr': '0.0002', 'total_loss': '0.0120781', 'main_loss': '0.0120781', 'time_per_step': '3.38325'}
2026-01-16 22:41:21,367 - train_greyscale_FA_MoE.py - {'step': '106800', 'lr': '0.0002', 'total_loss': '0.0125234', 'main_loss': '0.0125234', 'time_per_step': '2.09158'}
2026-01-16 22:45:11,202 - train_greyscale_FA_MoE.py - {'step': '106900', 'lr': '0.0002', 'total_loss': '0.00741691', 'main_loss': '0.00741691', 'time_per_step': '2.26089'}
2026-01-16 22:49:00,407 - train_greyscale_FA_MoE.py - {'step': '107000', 'lr': '0.0002', 'total_loss': '0.00857416', 'main_loss': '0.00857416', 'time_per_step': '2.20919'}
2026-01-16 22:52:48,911 - train_greyscale_FA_MoE.py - {'step': '107100', 'lr': '0.0002', 'total_loss': '0.0103837', 'main_loss': '0.0103837', 'time_per_step': '2.19924'}
2026-01-16 22:56:36,712 - train_greyscale_FA_MoE.py - {'step': '107200', 'lr': '0.0002', 'total_loss': '0.00975673', 'main_loss': '0.00975673', 'time_per_step': '2.23547'}
2026-01-16 23:00:25,541 - train_greyscale_FA_MoE.py - {'step': '107300', 'lr': '0.0002', 'total_loss': '0.0157024', 'main_loss': '0.0157024', 'time_per_step': '2.19943'}
2026-01-16 23:04:14,430 - train_greyscale_FA_MoE.py - {'step': '107400', 'lr': '0.0002', 'total_loss': '0.00760369', 'main_loss': '0.00760369', 'time_per_step': '2.22446'}
2026-01-16 23:08:03,371 - train_greyscale_FA_MoE.py - {'step': '107500', 'lr': '0.0002', 'total_loss': '0.00636832', 'main_loss': '0.00636832', 'time_per_step': '2.26634'}
2026-01-16 23:11:51,312 - train_greyscale_FA_MoE.py - {'step': '107600', 'lr': '0.0002', 'total_loss': '0.00586969', 'main_loss': '0.00586969', 'time_per_step': '2.20895'}
2026-01-16 23:15:39,995 - train_greyscale_FA_MoE.py - {'step': '107700', 'lr': '0.0002', 'total_loss': '0.00717534', 'main_loss': '0.00717534', 'time_per_step': '2.21634'}
2026-01-16 23:19:29,946 - train_greyscale_FA_MoE.py - {'step': '107800', 'lr': '0.0002', 'total_loss': '0.0100284', 'main_loss': '0.0100284', 'time_per_step': '2.20727'}
2026-01-16 23:23:19,385 - train_greyscale_FA_MoE.py - {'step': '107900', 'lr': '0.0002', 'total_loss': '0.00891812', 'main_loss': '0.00891812', 'time_per_step': '2.09181'}
2026-01-16 23:27:06,623 - train_greyscale_FA_MoE.py - {'step': '108000', 'lr': '0.0002', 'total_loss': '0.00868697', 'main_loss': '0.00868697', 'time_per_step': '2.10112'}
2026-01-16 23:30:56,775 - train_greyscale_FA_MoE.py - {'step': '108100', 'lr': '0.0002', 'total_loss': '0.0106101', 'main_loss': '0.0106101', 'time_per_step': '2.26826'}
2026-01-16 23:34:44,931 - train_greyscale_FA_MoE.py - {'step': '108200', 'lr': '0.0002', 'total_loss': '0.00950117', 'main_loss': '0.00950117', 'time_per_step': '2.24813'}
2026-01-16 23:38:32,818 - train_greyscale_FA_MoE.py - {'step': '108300', 'lr': '0.0002', 'total_loss': '0.00974348', 'main_loss': '0.00974348', 'time_per_step': '2.21144'}
2026-01-16 23:42:20,945 - train_greyscale_FA_MoE.py - {'step': '108400', 'lr': '0.0002', 'total_loss': '0.00801705', 'main_loss': '0.00801705', 'time_per_step': '2.22493'}
2026-01-16 23:46:10,015 - train_greyscale_FA_MoE.py - {'step': '108500', 'lr': '0.0002', 'total_loss': '0.00611685', 'main_loss': '0.00611685', 'time_per_step': '2.21271'}
2026-01-16 23:49:59,031 - train_greyscale_FA_MoE.py - {'step': '108600', 'lr': '0.0002', 'total_loss': '0.010497', 'main_loss': '0.010497', 'time_per_step': '2.19892'}
2026-01-16 23:53:47,738 - train_greyscale_FA_MoE.py - {'step': '108700', 'lr': '0.0002', 'total_loss': '0.00925855', 'main_loss': '0.00925855', 'time_per_step': '2.19674'}
2026-01-16 23:57:34,621 - train_greyscale_FA_MoE.py - {'step': '108800', 'lr': '0.0002', 'total_loss': '0.00775665', 'main_loss': '0.00775665', 'time_per_step': '2.35056'}
2026-01-17 00:01:23,408 - train_greyscale_FA_MoE.py - {'step': '108900', 'lr': '0.0002', 'total_loss': '0.00824111', 'main_loss': '0.00824111', 'time_per_step': '2.21201'}
2026-01-17 00:05:12,217 - train_greyscale_FA_MoE.py - {'step': '109000', 'lr': '0.0002', 'total_loss': '0.0104464', 'main_loss': '0.0104464', 'time_per_step': '2.20972'}
2026-01-17 00:08:59,860 - train_greyscale_FA_MoE.py - {'step': '109100', 'lr': '0.0002', 'total_loss': '0.0113372', 'main_loss': '0.0113372', 'time_per_step': '2.09309'}
2026-01-17 00:12:46,623 - train_greyscale_FA_MoE.py - {'step': '109200', 'lr': '0.0002', 'total_loss': '0.0114419', 'main_loss': '0.0114419', 'time_per_step': '2.09247'}
2026-01-17 00:16:36,722 - train_greyscale_FA_MoE.py - {'step': '109300', 'lr': '0.0002', 'total_loss': '0.0169762', 'main_loss': '0.0169762', 'time_per_step': '2.26897'}
2026-01-17 00:20:25,236 - train_greyscale_FA_MoE.py - {'step': '109400', 'lr': '0.0002', 'total_loss': '0.0074166', 'main_loss': '0.0074166', 'time_per_step': '2.19954'}
2026-01-17 00:24:12,073 - train_greyscale_FA_MoE.py - {'step': '109500', 'lr': '0.0002', 'total_loss': '0.0126244', 'main_loss': '0.0126244', 'time_per_step': '2.19734'}
2026-01-17 00:27:59,518 - train_greyscale_FA_MoE.py - {'step': '109600', 'lr': '0.0002', 'total_loss': '0.00910091', 'main_loss': '0.00910091', 'time_per_step': '2.27389'}
2026-01-17 00:31:48,249 - train_greyscale_FA_MoE.py - {'step': '109700', 'lr': '0.0002', 'total_loss': '0.0109508', 'main_loss': '0.0109508', 'time_per_step': '2.20369'}
2026-01-17 00:35:36,114 - train_greyscale_FA_MoE.py - {'step': '109800', 'lr': '0.0002', 'total_loss': '0.00857625', 'main_loss': '0.00857625', 'time_per_step': '2.24869'}
2026-01-17 00:39:24,208 - train_greyscale_FA_MoE.py - {'step': '109900', 'lr': '0.0002', 'total_loss': '0.00772073', 'main_loss': '0.00772073', 'time_per_step': '2.25476'}
2026-01-17 00:43:11,931 - train_greyscale_FA_MoE.py - {'step': '110000', 'lr': '0.0002', 'total_loss': '0.00877558', 'main_loss': '0.00877558', 'time_per_step': '2.19482'}
2026-01-17 00:47:00,242 - train_greyscale_FA_MoE.py - {'step': '110100', 'lr': '0.0002', 'total_loss': '0.010514', 'main_loss': '0.010514', 'time_per_step': '2.26297'}
2026-01-17 00:50:49,002 - train_greyscale_FA_MoE.py - {'step': '110200', 'lr': '0.0002', 'total_loss': '0.0113131', 'main_loss': '0.0113131', 'time_per_step': '2.19435'}
2026-01-17 00:54:37,894 - train_greyscale_FA_MoE.py - {'step': '110300', 'lr': '0.0002', 'total_loss': '0.0118363', 'main_loss': '0.0118363', 'time_per_step': '2.10091'}
2026-01-17 00:58:24,747 - train_greyscale_FA_MoE.py - {'step': '110400', 'lr': '0.0002', 'total_loss': '0.0106261', 'main_loss': '0.0106261', 'time_per_step': '2.0918'}
2026-01-17 01:02:13,747 - train_greyscale_FA_MoE.py - {'step': '110500', 'lr': '0.0002', 'total_loss': '0.0106665', 'main_loss': '0.0106665', 'time_per_step': '2.22597'}
2026-01-17 01:06:02,717 - train_greyscale_FA_MoE.py - {'step': '110600', 'lr': '0.0002', 'total_loss': '0.00727444', 'main_loss': '0.00727444', 'time_per_step': '2.21801'}
2026-01-17 01:09:51,681 - train_greyscale_FA_MoE.py - {'step': '110700', 'lr': '0.0002', 'total_loss': '0.00665248', 'main_loss': '0.00665248', 'time_per_step': '2.19953'}
2026-01-17 01:13:38,878 - train_greyscale_FA_MoE.py - {'step': '110800', 'lr': '0.0002', 'total_loss': '0.0102031', 'main_loss': '0.0102031', 'time_per_step': '2.20877'}
2026-01-17 01:17:27,683 - train_greyscale_FA_MoE.py - {'step': '110900', 'lr': '0.0002', 'total_loss': '0.0100767', 'main_loss': '0.0100767', 'time_per_step': '2.24713'}
2026-01-17 01:21:15,510 - train_greyscale_FA_MoE.py - {'step': '111000', 'lr': '0.0002', 'total_loss': '0.010259', 'main_loss': '0.010259', 'time_per_step': '2.19635'}
2026-01-17 01:25:04,202 - train_greyscale_FA_MoE.py - {'step': '111100', 'lr': '0.0002', 'total_loss': '0.0107532', 'main_loss': '0.0107532', 'time_per_step': '2.24306'}
2026-01-17 01:28:52,176 - train_greyscale_FA_MoE.py - {'step': '111200', 'lr': '0.0002', 'total_loss': '0.00976397', 'main_loss': '0.00976397', 'time_per_step': '2.22273'}
2026-01-17 01:32:41,419 - train_greyscale_FA_MoE.py - {'step': '111300', 'lr': '0.0002', 'total_loss': '0.00740839', 'main_loss': '0.00740839', 'time_per_step': '2.19558'}
2026-01-17 01:36:29,805 - train_greyscale_FA_MoE.py - {'step': '111400', 'lr': '0.0002', 'total_loss': '0.0103451', 'main_loss': '0.0103451', 'time_per_step': '2.22035'}
2026-01-17 01:40:18,413 - train_greyscale_FA_MoE.py - {'step': '111500', 'lr': '0.0002', 'total_loss': '0.00660258', 'main_loss': '0.00660258', 'time_per_step': '2.08928'}
2026-01-17 01:44:05,802 - train_greyscale_FA_MoE.py - {'step': '111600', 'lr': '0.0002', 'total_loss': '0.00761581', 'main_loss': '0.00761581', 'time_per_step': '2.08837'}
2026-01-17 01:47:54,238 - train_greyscale_FA_MoE.py - {'step': '111700', 'lr': '0.0002', 'total_loss': '0.00931497', 'main_loss': '0.00931497', 'time_per_step': '2.21494'}
2026-01-17 01:51:42,613 - train_greyscale_FA_MoE.py - {'step': '111800', 'lr': '0.0002', 'total_loss': '0.00784601', 'main_loss': '0.00784601', 'time_per_step': '2.26951'}
2026-01-17 01:55:31,268 - train_greyscale_FA_MoE.py - {'step': '111900', 'lr': '0.0002', 'total_loss': '0.0115875', 'main_loss': '0.0115875', 'time_per_step': '2.20548'}
2026-01-17 01:59:19,037 - train_greyscale_FA_MoE.py - {'step': '112000', 'lr': '0.0002', 'total_loss': '0.00785044', 'main_loss': '0.00785044', 'time_per_step': '2.17704'}
2026-01-17 02:03:09,939 - train_greyscale_FA_MoE.py - {'step': '112100', 'lr': '0.0002', 'total_loss': '0.0113157', 'main_loss': '0.0113157', 'time_per_step': '2.20003'}
2026-01-17 02:07:02,443 - train_greyscale_FA_MoE.py - {'step': '112200', 'lr': '0.0002', 'total_loss': '0.0112501', 'main_loss': '0.0112501', 'time_per_step': '2.20572'}
2026-01-17 02:10:50,904 - train_greyscale_FA_MoE.py - {'step': '112300', 'lr': '0.0002', 'total_loss': '0.00714443', 'main_loss': '0.00714443', 'time_per_step': '2.21774'}
2026-01-17 02:14:37,776 - train_greyscale_FA_MoE.py - {'step': '112400', 'lr': '0.0002', 'total_loss': '0.013695', 'main_loss': '0.013695', 'time_per_step': '2.26144'}
2026-01-17 02:18:25,540 - train_greyscale_FA_MoE.py - {'step': '112500', 'lr': '0.0002', 'total_loss': '0.00695374', 'main_loss': '0.00695374', 'time_per_step': '2.21439'}
2026-01-17 02:22:13,542 - train_greyscale_FA_MoE.py - {'step': '112600', 'lr': '0.0002', 'total_loss': '0.00884328', 'main_loss': '0.00884328', 'time_per_step': '2.2421'}
2026-01-17 02:26:00,400 - train_greyscale_FA_MoE.py - {'step': '112700', 'lr': '0.0002', 'total_loss': '0.00964077', 'main_loss': '0.00964077', 'time_per_step': '2.09254'}
2026-01-17 02:29:46,267 - train_greyscale_FA_MoE.py - {'step': '112800', 'lr': '0.0002', 'total_loss': '0.00789803', 'main_loss': '0.00789803', 'time_per_step': '2.08828'}
2026-01-17 02:33:34,025 - train_greyscale_FA_MoE.py - {'step': '112900', 'lr': '0.0002', 'total_loss': '0.0104099', 'main_loss': '0.0104099', 'time_per_step': '2.23533'}
2026-01-17 02:37:21,053 - train_greyscale_FA_MoE.py - {'step': '113000', 'lr': '0.0002', 'total_loss': '0.00950494', 'main_loss': '0.00950494', 'time_per_step': '2.19972'}
2026-01-17 02:41:09,035 - train_greyscale_FA_MoE.py - {'step': '113100', 'lr': '0.0002', 'total_loss': '0.00627759', 'main_loss': '0.00627759', 'time_per_step': '2.17048'}
2026-01-17 02:44:56,056 - train_greyscale_FA_MoE.py - {'step': '113200', 'lr': '0.0002', 'total_loss': '0.00743455', 'main_loss': '0.00743455', 'time_per_step': '2.20896'}
2026-01-17 02:48:43,325 - train_greyscale_FA_MoE.py - {'step': '113300', 'lr': '0.0002', 'total_loss': '0.0165421', 'main_loss': '0.0165421', 'time_per_step': '2.20365'}
2026-01-17 02:52:30,642 - train_greyscale_FA_MoE.py - {'step': '113400', 'lr': '0.0002', 'total_loss': '0.00899828', 'main_loss': '0.00899828', 'time_per_step': '2.18621'}
2026-01-17 02:56:17,724 - train_greyscale_FA_MoE.py - {'step': '113500', 'lr': '0.0002', 'total_loss': '0.0110832', 'main_loss': '0.0110832', 'time_per_step': '2.20281'}
2026-01-17 03:00:03,889 - train_greyscale_FA_MoE.py - {'step': '113600', 'lr': '0.0002', 'total_loss': '0.00821762', 'main_loss': '0.00821762', 'time_per_step': '2.27151'}
2026-01-17 03:03:51,359 - train_greyscale_FA_MoE.py - {'step': '113700', 'lr': '0.0002', 'total_loss': '0.00706153', 'main_loss': '0.00706153', 'time_per_step': '2.20212'}
2026-01-17 03:07:38,371 - train_greyscale_FA_MoE.py - {'step': '113800', 'lr': '0.0002', 'total_loss': '0.0148368', 'main_loss': '0.0148368', 'time_per_step': '2.21456'}
2026-01-17 03:11:26,268 - train_greyscale_FA_MoE.py - {'step': '113900', 'lr': '0.0002', 'total_loss': '0.0108579', 'main_loss': '0.0108579', 'time_per_step': '2.08741'}
2026-01-17 03:15:11,916 - train_greyscale_FA_MoE.py - {'step': '114000', 'lr': '0.0002', 'total_loss': '0.0106104', 'main_loss': '0.0106104', 'time_per_step': '2.09141'}
2026-01-17 03:19:00,725 - train_greyscale_FA_MoE.py - {'step': '114100', 'lr': '0.0002', 'total_loss': '0.00930995', 'main_loss': '0.00930995', 'time_per_step': '2.26711'}
2026-01-17 03:22:48,898 - train_greyscale_FA_MoE.py - {'step': '114200', 'lr': '0.0002', 'total_loss': '0.0120424', 'main_loss': '0.0120424', 'time_per_step': '2.18892'}
2026-01-17 03:26:35,977 - train_greyscale_FA_MoE.py - {'step': '114300', 'lr': '0.0002', 'total_loss': '0.00982257', 'main_loss': '0.00982257', 'time_per_step': '2.21081'}
2026-01-17 03:30:22,302 - train_greyscale_FA_MoE.py - {'step': '114400', 'lr': '0.0002', 'total_loss': '0.00837365', 'main_loss': '0.00837365', 'time_per_step': '2.22577'}
2026-01-17 03:34:09,322 - train_greyscale_FA_MoE.py - {'step': '114500', 'lr': '0.0002', 'total_loss': '0.00932243', 'main_loss': '0.00932243', 'time_per_step': '2.20254'}
2026-01-17 03:37:56,590 - train_greyscale_FA_MoE.py - {'step': '114600', 'lr': '0.0002', 'total_loss': '0.00707809', 'main_loss': '0.00707809', 'time_per_step': '2.24352'}
2026-01-17 03:41:44,410 - train_greyscale_FA_MoE.py - {'step': '114700', 'lr': '0.0002', 'total_loss': '0.012982', 'main_loss': '0.012982', 'time_per_step': '2.24031'}
2026-01-17 03:45:30,949 - train_greyscale_FA_MoE.py - {'step': '114800', 'lr': '0.0002', 'total_loss': '0.00931625', 'main_loss': '0.00931625', 'time_per_step': '2.20477'}
2026-01-17 03:49:18,695 - train_greyscale_FA_MoE.py - {'step': '114900', 'lr': '0.0002', 'total_loss': '0.00688583', 'main_loss': '0.00688583', 'time_per_step': '2.18889'}
2026-01-17 03:53:06,182 - train_greyscale_FA_MoE.py - {'step': '115000', 'lr': '0.0002', 'total_loss': '0.00696141', 'main_loss': '0.00696141', 'time_per_step': '2.23135'}
2026-01-17 03:56:53,012 - train_greyscale_FA_MoE.py - {'step': '115100', 'lr': '0.0002', 'total_loss': '0.00917665', 'main_loss': '0.00917665', 'time_per_step': '2.09028'}
2026-01-17 04:00:39,867 - train_greyscale_FA_MoE.py - {'step': '115200', 'lr': '0.0002', 'total_loss': '0.00904414', 'main_loss': '0.00904414', 'time_per_step': '2.09086'}
2026-01-17 04:04:28,369 - train_greyscale_FA_MoE.py - {'step': '115300', 'lr': '0.0002', 'total_loss': '0.0079122', 'main_loss': '0.0079122', 'time_per_step': '2.19694'}
2026-01-17 04:08:15,948 - train_greyscale_FA_MoE.py - {'step': '115400', 'lr': '0.0002', 'total_loss': '0.00840523', 'main_loss': '0.00840523', 'time_per_step': '2.20255'}
2026-01-17 04:12:02,855 - train_greyscale_FA_MoE.py - {'step': '115500', 'lr': '0.0002', 'total_loss': '0.0104003', 'main_loss': '0.0104003', 'time_per_step': '2.20851'}
2026-01-17 04:15:49,750 - train_greyscale_FA_MoE.py - {'step': '115600', 'lr': '0.0002', 'total_loss': '0.0113012', 'main_loss': '0.0113012', 'time_per_step': '2.21193'}
2026-01-17 04:19:36,331 - train_greyscale_FA_MoE.py - {'step': '115700', 'lr': '0.0002', 'total_loss': '0.00961797', 'main_loss': '0.00961797', 'time_per_step': '2.2023'}
2026-01-17 04:23:24,467 - train_greyscale_FA_MoE.py - {'step': '115800', 'lr': '0.0002', 'total_loss': '0.00895515', 'main_loss': '0.00895515', 'time_per_step': '2.1913'}
2026-01-17 04:27:10,904 - train_greyscale_FA_MoE.py - {'step': '115900', 'lr': '0.0002', 'total_loss': '0.00748443', 'main_loss': '0.00748443', 'time_per_step': '2.16465'}
2026-01-17 04:30:57,853 - train_greyscale_FA_MoE.py - {'step': '116000', 'lr': '0.0002', 'total_loss': '0.00597517', 'main_loss': '0.00597517', 'time_per_step': '2.19696'}
2026-01-17 04:34:45,060 - train_greyscale_FA_MoE.py - {'step': '116100', 'lr': '0.0002', 'total_loss': '0.00776795', 'main_loss': '0.00776795', 'time_per_step': '2.32713'}
2026-01-17 04:38:33,195 - train_greyscale_FA_MoE.py - {'step': '116200', 'lr': '0.0002', 'total_loss': '0.0119133', 'main_loss': '0.0119133', 'time_per_step': '2.19171'}
2026-01-17 04:42:19,836 - train_greyscale_FA_MoE.py - {'step': '116300', 'lr': '0.0002', 'total_loss': '0.00959964', 'main_loss': '0.00959964', 'time_per_step': '2.0925'}
2026-01-17 04:46:07,213 - train_greyscale_FA_MoE.py - {'step': '116400', 'lr': '0.0002', 'total_loss': '0.0113204', 'main_loss': '0.0113204', 'time_per_step': '2.07753'}
2026-01-17 04:49:54,756 - train_greyscale_FA_MoE.py - {'step': '116500', 'lr': '0.0002', 'total_loss': '0.0104787', 'main_loss': '0.0104787', 'time_per_step': '2.20483'}
2026-01-17 04:53:43,017 - train_greyscale_FA_MoE.py - {'step': '116600', 'lr': '0.0002', 'total_loss': '0.012299', 'main_loss': '0.012299', 'time_per_step': '2.19437'}
2026-01-17 04:57:29,055 - train_greyscale_FA_MoE.py - {'step': '116700', 'lr': '0.0002', 'total_loss': '0.0125441', 'main_loss': '0.0125441', 'time_per_step': '2.14885'}
2026-01-17 05:01:17,150 - train_greyscale_FA_MoE.py - {'step': '116800', 'lr': '0.0002', 'total_loss': '0.0118284', 'main_loss': '0.0118284', 'time_per_step': '2.22286'}
2026-01-17 05:05:04,499 - train_greyscale_FA_MoE.py - {'step': '116900', 'lr': '0.0002', 'total_loss': '0.00737146', 'main_loss': '0.00737146', 'time_per_step': '2.26765'}
2026-01-17 05:08:51,787 - train_greyscale_FA_MoE.py - {'step': '117000', 'lr': '0.0002', 'total_loss': '0.0068399', 'main_loss': '0.0068399', 'time_per_step': '2.23235'}
2026-01-17 05:12:38,533 - train_greyscale_FA_MoE.py - {'step': '117100', 'lr': '0.0002', 'total_loss': '0.00856381', 'main_loss': '0.00856381', 'time_per_step': '2.21702'}
2026-01-17 05:16:26,964 - train_greyscale_FA_MoE.py - {'step': '117200', 'lr': '0.0002', 'total_loss': '0.00806298', 'main_loss': '0.00806298', 'time_per_step': '2.16003'}
2026-01-17 05:20:13,920 - train_greyscale_FA_MoE.py - {'step': '117300', 'lr': '0.0002', 'total_loss': '0.0106345', 'main_loss': '0.0106345', 'time_per_step': '2.19629'}
2026-01-17 05:24:00,835 - train_greyscale_FA_MoE.py - {'step': '117400', 'lr': '0.0002', 'total_loss': '0.00762155', 'main_loss': '0.00762155', 'time_per_step': '2.22018'}
2026-01-17 05:27:47,638 - train_greyscale_FA_MoE.py - {'step': '117500', 'lr': '0.0002', 'total_loss': '0.00627725', 'main_loss': '0.00627725', 'time_per_step': '2.09201'}
2026-01-17 05:31:34,664 - train_greyscale_FA_MoE.py - {'step': '117600', 'lr': '0.0002', 'total_loss': '0.011239', 'main_loss': '0.011239', 'time_per_step': '2.16965'}
2026-01-17 05:35:22,726 - train_greyscale_FA_MoE.py - {'step': '117700', 'lr': '0.0002', 'total_loss': '0.00894455', 'main_loss': '0.00894455', 'time_per_step': '2.21752'}
2026-01-17 05:39:10,863 - train_greyscale_FA_MoE.py - {'step': '117800', 'lr': '0.0002', 'total_loss': '0.011376', 'main_loss': '0.011376', 'time_per_step': '2.17997'}
2026-01-17 05:42:57,533 - train_greyscale_FA_MoE.py - {'step': '117900', 'lr': '0.0002', 'total_loss': '0.0102776', 'main_loss': '0.0102776', 'time_per_step': '2.22504'}
2026-01-17 05:46:44,867 - train_greyscale_FA_MoE.py - {'step': '118000', 'lr': '0.0002', 'total_loss': '0.0110886', 'main_loss': '0.0110886', 'time_per_step': '2.20193'}
2026-01-17 05:50:33,045 - train_greyscale_FA_MoE.py - {'step': '118100', 'lr': '0.0002', 'total_loss': '0.00898142', 'main_loss': '0.00898142', 'time_per_step': '2.24068'}
2026-01-17 05:54:20,991 - train_greyscale_FA_MoE.py - {'step': '118200', 'lr': '0.0002', 'total_loss': '0.00657485', 'main_loss': '0.00657485', 'time_per_step': '2.2219'}
2026-01-17 05:58:07,251 - train_greyscale_FA_MoE.py - {'step': '118300', 'lr': '0.0002', 'total_loss': '0.0124857', 'main_loss': '0.0124857', 'time_per_step': '2.18302'}
2026-01-17 06:01:53,782 - train_greyscale_FA_MoE.py - {'step': '118400', 'lr': '0.0002', 'total_loss': '0.00833621', 'main_loss': '0.00833621', 'time_per_step': '2.2294'}
2026-01-17 06:05:41,637 - train_greyscale_FA_MoE.py - {'step': '118500', 'lr': '0.0002', 'total_loss': '0.0132377', 'main_loss': '0.0132377', 'time_per_step': '2.22848'}
2026-01-17 06:09:28,931 - train_greyscale_FA_MoE.py - {'step': '118600', 'lr': '0.0002', 'total_loss': '0.00896003', 'main_loss': '0.00896003', 'time_per_step': '2.19824'}
2026-01-17 06:13:15,490 - train_greyscale_FA_MoE.py - {'step': '118700', 'lr': '0.0002', 'total_loss': '0.00846469', 'main_loss': '0.00846469', 'time_per_step': '2.0974'}
2026-01-17 06:17:02,546 - train_greyscale_FA_MoE.py - {'step': '118800', 'lr': '0.0002', 'total_loss': '0.0101401', 'main_loss': '0.0101401', 'time_per_step': '2.09049'}
2026-01-17 06:20:50,406 - train_greyscale_FA_MoE.py - {'step': '118900', 'lr': '0.0002', 'total_loss': '0.00917793', 'main_loss': '0.00917793', 'time_per_step': '2.24148'}
2026-01-17 06:24:37,719 - train_greyscale_FA_MoE.py - {'step': '119000', 'lr': '0.0002', 'total_loss': '0.00938816', 'main_loss': '0.00938816', 'time_per_step': '2.24219'}
2026-01-17 06:28:24,408 - train_greyscale_FA_MoE.py - {'step': '119100', 'lr': '0.0002', 'total_loss': '0.00966047', 'main_loss': '0.00966047', 'time_per_step': '2.21328'}
2026-01-17 06:32:12,294 - train_greyscale_FA_MoE.py - {'step': '119200', 'lr': '0.0002', 'total_loss': '0.00775217', 'main_loss': '0.00775217', 'time_per_step': '2.21005'}
2026-01-17 06:35:59,134 - train_greyscale_FA_MoE.py - {'step': '119300', 'lr': '0.0002', 'total_loss': '0.00735397', 'main_loss': '0.00735397', 'time_per_step': '2.23806'}
2026-01-17 06:39:46,280 - train_greyscale_FA_MoE.py - {'step': '119400', 'lr': '0.0002', 'total_loss': '0.00707136', 'main_loss': '0.00707136', 'time_per_step': '2.20598'}
2026-01-17 06:43:33,217 - train_greyscale_FA_MoE.py - {'step': '119500', 'lr': '0.0002', 'total_loss': '0.0104684', 'main_loss': '0.0104684', 'time_per_step': '2.23073'}
2026-01-17 06:47:21,229 - train_greyscale_FA_MoE.py - {'step': '119600', 'lr': '0.0002', 'total_loss': '0.00878062', 'main_loss': '0.00878062', 'time_per_step': '2.22801'}
2026-01-17 06:51:08,764 - train_greyscale_FA_MoE.py - {'step': '119700', 'lr': '0.0002', 'total_loss': '0.0100922', 'main_loss': '0.0100922', 'time_per_step': '2.20727'}
2026-01-17 06:54:55,804 - train_greyscale_FA_MoE.py - {'step': '119800', 'lr': '0.0002', 'total_loss': '0.00832407', 'main_loss': '0.00832407', 'time_per_step': '2.23127'}
2026-01-17 06:58:42,197 - train_greyscale_FA_MoE.py - {'step': '119900', 'lr': '0.0002', 'total_loss': '0.0067195', 'main_loss': '0.0067195', 'time_per_step': '2.09179'}
2026-01-17 07:02:29,062 - train_greyscale_FA_MoE.py - {'step': '120000', 'lr': '0.0002', 'total_loss': '0.0076518', 'main_loss': '0.0076518', 'time_per_step': '2.11256'}
2026-01-17 07:06:17,418 - train_greyscale_FA_MoE.py - {'step': '120100', 'lr': '0.0002', 'total_loss': '0.00804643', 'main_loss': '0.00804643', 'time_per_step': '2.17941'}
2026-01-17 07:10:04,612 - train_greyscale_FA_MoE.py - {'step': '120200', 'lr': '0.0002', 'total_loss': '0.0106899', 'main_loss': '0.0106899', 'time_per_step': '2.28014'}
2026-01-17 07:13:51,284 - train_greyscale_FA_MoE.py - {'step': '120300', 'lr': '0.0002', 'total_loss': '0.00975683', 'main_loss': '0.00975683', 'time_per_step': '2.21031'}
2026-01-17 07:17:39,725 - train_greyscale_FA_MoE.py - {'step': '120400', 'lr': '0.0002', 'total_loss': '0.0129004', 'main_loss': '0.0129004', 'time_per_step': '2.18583'}
2026-01-17 07:21:27,231 - train_greyscale_FA_MoE.py - {'step': '120500', 'lr': '0.0002', 'total_loss': '0.00883976', 'main_loss': '0.00883976', 'time_per_step': '2.23478'}
2026-01-17 07:25:14,997 - train_greyscale_FA_MoE.py - {'step': '120600', 'lr': '0.0002', 'total_loss': '0.00824479', 'main_loss': '0.00824479', 'time_per_step': '2.20304'}
2026-01-17 07:29:01,236 - train_greyscale_FA_MoE.py - {'step': '120700', 'lr': '0.0002', 'total_loss': '0.00751084', 'main_loss': '0.00751084', 'time_per_step': '2.19704'}
2026-01-17 07:32:56,849 - train_greyscale_FA_MoE.py - {'step': '120800', 'lr': '0.0002', 'total_loss': '0.00778341', 'main_loss': '0.00778341', 'time_per_step': '2.20198'}
2026-01-17 07:36:48,381 - train_greyscale_FA_MoE.py - {'step': '120900', 'lr': '0.0002', 'total_loss': '0.00948947', 'main_loss': '0.00948947', 'time_per_step': '2.22352'}
2026-01-17 07:40:39,996 - train_greyscale_FA_MoE.py - {'step': '121000', 'lr': '0.0002', 'total_loss': '0.00673638', 'main_loss': '0.00673638', 'time_per_step': '2.17192'}
2026-01-17 07:45:15,830 - train_greyscale_FA_MoE.py - {'step': '121100', 'lr': '0.0002', 'total_loss': '0.00730072', 'main_loss': '0.00730072', 'time_per_step': '2.11037'}
2026-01-17 07:49:06,348 - train_greyscale_FA_MoE.py - {'step': '121200', 'lr': '0.0002', 'total_loss': '0.0133236', 'main_loss': '0.0133236', 'time_per_step': '2.09025'}
2026-01-17 07:52:58,559 - train_greyscale_FA_MoE.py - {'step': '121300', 'lr': '0.0002', 'total_loss': '0.00608145', 'main_loss': '0.00608145', 'time_per_step': '2.20283'}
2026-01-17 07:56:46,256 - train_greyscale_FA_MoE.py - {'step': '121400', 'lr': '0.0002', 'total_loss': '0.0071592', 'main_loss': '0.0071592', 'time_per_step': '2.23314'}
2026-01-17 08:00:34,520 - train_greyscale_FA_MoE.py - {'step': '121500', 'lr': '0.0002', 'total_loss': '0.0103174', 'main_loss': '0.0103174', 'time_per_step': '2.30447'}
2026-01-17 08:04:22,081 - train_greyscale_FA_MoE.py - {'step': '121600', 'lr': '0.0002', 'total_loss': '0.00813097', 'main_loss': '0.00813097', 'time_per_step': '2.2264'}
2026-01-17 08:08:09,772 - train_greyscale_FA_MoE.py - {'step': '121700', 'lr': '0.0002', 'total_loss': '0.00949338', 'main_loss': '0.00949338', 'time_per_step': '2.22235'}
2026-01-17 08:11:57,961 - train_greyscale_FA_MoE.py - {'step': '121800', 'lr': '0.0002', 'total_loss': '0.00797956', 'main_loss': '0.00797956', 'time_per_step': '2.23437'}
2026-01-17 08:15:45,772 - train_greyscale_FA_MoE.py - {'step': '121900', 'lr': '0.0002', 'total_loss': '0.0108943', 'main_loss': '0.0108943', 'time_per_step': '2.16786'}
2026-01-17 08:19:32,803 - train_greyscale_FA_MoE.py - {'step': '122000', 'lr': '0.0002', 'total_loss': '0.00797273', 'main_loss': '0.00797273', 'time_per_step': '2.22006'}
2026-01-17 08:23:20,933 - train_greyscale_FA_MoE.py - {'step': '122100', 'lr': '0.0002', 'total_loss': '0.00660797', 'main_loss': '0.00660797', 'time_per_step': '2.19303'}
2026-01-17 08:27:09,151 - train_greyscale_FA_MoE.py - {'step': '122200', 'lr': '0.0002', 'total_loss': '0.00891627', 'main_loss': '0.00891627', 'time_per_step': '2.20231'}
2026-01-17 08:30:56,718 - train_greyscale_FA_MoE.py - {'step': '122300', 'lr': '0.0002', 'total_loss': '0.0105817', 'main_loss': '0.0105817', 'time_per_step': '2.09736'}
2026-01-17 08:34:43,479 - train_greyscale_FA_MoE.py - {'step': '122400', 'lr': '0.0002', 'total_loss': '0.00791156', 'main_loss': '0.00791156', 'time_per_step': '2.2472'}
2026-01-17 08:38:31,856 - train_greyscale_FA_MoE.py - {'step': '122500', 'lr': '0.0002', 'total_loss': '0.00693341', 'main_loss': '0.00693341', 'time_per_step': '2.20164'}
2026-01-17 08:42:19,868 - train_greyscale_FA_MoE.py - {'step': '122600', 'lr': '0.0002', 'total_loss': '0.00945461', 'main_loss': '0.00945461', 'time_per_step': '2.18706'}
2026-01-17 08:46:08,255 - train_greyscale_FA_MoE.py - {'step': '122700', 'lr': '0.0002', 'total_loss': '0.0127287', 'main_loss': '0.0127287', 'time_per_step': '2.20024'}
2026-01-17 08:49:55,347 - train_greyscale_FA_MoE.py - {'step': '122800', 'lr': '0.0002', 'total_loss': '0.0124876', 'main_loss': '0.0124876', 'time_per_step': '2.24667'}
2026-01-17 08:53:42,986 - train_greyscale_FA_MoE.py - {'step': '122900', 'lr': '0.0002', 'total_loss': '0.00784801', 'main_loss': '0.00784801', 'time_per_step': '2.21431'}
2026-01-17 08:57:31,650 - train_greyscale_FA_MoE.py - {'step': '123000', 'lr': '0.0002', 'total_loss': '0.0141256', 'main_loss': '0.0141256', 'time_per_step': '2.2511'}
2026-01-17 09:01:20,132 - train_greyscale_FA_MoE.py - {'step': '123100', 'lr': '0.0002', 'total_loss': '0.00939282', 'main_loss': '0.00939282', 'time_per_step': '2.22624'}
2026-01-17 09:05:07,489 - train_greyscale_FA_MoE.py - {'step': '123200', 'lr': '0.0002', 'total_loss': '0.00833157', 'main_loss': '0.00833157', 'time_per_step': '2.20831'}
2026-01-17 09:08:54,891 - train_greyscale_FA_MoE.py - {'step': '123300', 'lr': '0.0002', 'total_loss': '0.00775371', 'main_loss': '0.00775371', 'time_per_step': '2.18065'}
2026-01-17 09:12:43,166 - train_greyscale_FA_MoE.py - {'step': '123400', 'lr': '0.0002', 'total_loss': '0.00929645', 'main_loss': '0.00929645', 'time_per_step': '2.19015'}
2026-01-17 09:16:32,970 - train_greyscale_FA_MoE.py - {'step': '123500', 'lr': '0.0002', 'total_loss': '0.0121977', 'main_loss': '0.0121977', 'time_per_step': '2.09091'}
2026-01-17 09:20:19,620 - train_greyscale_FA_MoE.py - {'step': '123600', 'lr': '0.0002', 'total_loss': '0.0123797', 'main_loss': '0.0123797', 'time_per_step': '2.10306'}
2026-01-17 09:24:09,092 - train_greyscale_FA_MoE.py - {'step': '123700', 'lr': '0.0002', 'total_loss': '0.011294', 'main_loss': '0.011294', 'time_per_step': '2.24195'}
2026-01-17 09:27:57,316 - train_greyscale_FA_MoE.py - {'step': '123800', 'lr': '0.0002', 'total_loss': '0.00901684', 'main_loss': '0.00901684', 'time_per_step': '2.2066'}
2026-01-17 09:31:45,399 - train_greyscale_FA_MoE.py - {'step': '123900', 'lr': '0.0002', 'total_loss': '0.0113585', 'main_loss': '0.0113585', 'time_per_step': '2.22486'}
2026-01-17 09:35:32,429 - train_greyscale_FA_MoE.py - {'step': '124000', 'lr': '0.0002', 'total_loss': '0.00548206', 'main_loss': '0.00548206', 'time_per_step': '2.2342'}
2026-01-17 09:39:19,900 - train_greyscale_FA_MoE.py - {'step': '124100', 'lr': '0.0002', 'total_loss': '0.0118074', 'main_loss': '0.0118074', 'time_per_step': '2.24121'}
2026-01-17 09:43:08,418 - train_greyscale_FA_MoE.py - {'step': '124200', 'lr': '0.0002', 'total_loss': '0.00814238', 'main_loss': '0.00814238', 'time_per_step': '2.21333'}
2026-01-17 09:46:55,727 - train_greyscale_FA_MoE.py - {'step': '124300', 'lr': '0.0002', 'total_loss': '0.0072374', 'main_loss': '0.0072374', 'time_per_step': '2.23383'}
2026-01-17 09:50:42,943 - train_greyscale_FA_MoE.py - {'step': '124400', 'lr': '0.0002', 'total_loss': '0.0128828', 'main_loss': '0.0128828', 'time_per_step': '2.20965'}
2026-01-17 09:54:31,141 - train_greyscale_FA_MoE.py - {'step': '124500', 'lr': '0.0002', 'total_loss': '0.00958787', 'main_loss': '0.00958787', 'time_per_step': '2.20339'}
2026-01-17 09:58:20,813 - train_greyscale_FA_MoE.py - {'step': '124600', 'lr': '0.0002', 'total_loss': '0.0115866', 'main_loss': '0.0115866', 'time_per_step': '2.21886'}
2026-01-17 10:02:09,865 - train_greyscale_FA_MoE.py - {'step': '124700', 'lr': '0.0002', 'total_loss': '0.00727741', 'main_loss': '0.00727741', 'time_per_step': '2.11787'}
2026-01-17 10:05:56,176 - train_greyscale_FA_MoE.py - {'step': '124800', 'lr': '0.0002', 'total_loss': '0.0103189', 'main_loss': '0.0103189', 'time_per_step': '2.09032'}
2026-01-17 10:09:45,004 - train_greyscale_FA_MoE.py - {'step': '124900', 'lr': '0.0002', 'total_loss': '0.00516816', 'main_loss': '0.00516816', 'time_per_step': '2.18882'}
2026-01-17 10:13:32,530 - train_greyscale_FA_MoE.py - {'step': '125000', 'lr': '0.0002', 'total_loss': '0.0105025', 'main_loss': '0.0105025', 'time_per_step': '2.21023'}
2026-01-17 10:13:32,551 - train_greyscale_FA_MoE.py - Saved expert distribution of layer in_block_0 to output_shift_fa/acdc_wholeheart_uncond_fa_ec_moe_greyscale_uvit_mid_4by4_l6r9_low16_Y_bound/samples/expert_distribution_in_block_0_step125000.npy
2026-01-17 10:13:34,070 - train_greyscale_FA_MoE.py - Saved expert distribution of layer out_block_7 to output_shift_fa/acdc_wholeheart_uncond_fa_ec_moe_greyscale_uvit_mid_4by4_l6r9_low16_Y_bound/samples/expert_distribution_out_block_7_step125000.npy
2026-01-17 10:13:35,456 - train_greyscale_FA_MoE.py - Save a grid of 16 samples into output_shift_fa/acdc_wholeheart_uncond_fa_ec_moe_greyscale_uvit_mid_4by4_l6r9_low16_Y_bound/samples/125000.png by DPM-Solver
2026-01-17 10:13:40,935 - train_greyscale_FA_MoE.py - Finished saving sample grid to output_shift_fa/acdc_wholeheart_uncond_fa_ec_moe_greyscale_uvit_mid_4by4_l6r9_low16_Y_bound/samples/125000.png by DPM-Solver.
2026-01-17 10:13:40,979 - train_greyscale_FA_MoE.py - Save and eval checkpoint 125000...
2026-01-17 10:13:43,349 - train_greyscale_FA_MoE.py - eval_step: n_samples=50000, sample_steps=50, algorithm=dpm_solver, mini_batch_size=500, samples save into output_shift_fa/acdc_wholeheart_uncond_fa_ec_moe_greyscale_uvit_mid_4by4_l6r9_low16_Y_bound/samples/acdc_wholeheart_uncond_uvit_FA_EC_MoE_greyscale_mid_4by4_low16_125000_dpm
2026-01-17 11:04:02,818 - train_greyscale_FA_MoE.py - step=125000 fid50000=17.878856961053657
2026-01-17 11:10:26,985 - is_lpips.py - LPIPS: 0.5167 ± 0.0497
2026-01-17 11:10:26,990 - train_greyscale_FA_MoE.py - step=125000 LPIPS50000=0.5166929526688224
2026-01-17 11:15:13,229 - train_greyscale_FA_MoE.py - {'step': '125100', 'lr': '0.0002', 'total_loss': '0.0104099', 'main_loss': '0.0104099', 'time_per_step': '2.23825'}
2026-01-17 11:19:02,215 - train_greyscale_FA_MoE.py - {'step': '125200', 'lr': '0.0002', 'total_loss': '0.00642372', 'main_loss': '0.00642372', 'time_per_step': '2.22683'}
2026-01-17 11:22:50,563 - train_greyscale_FA_MoE.py - {'step': '125300', 'lr': '0.0002', 'total_loss': '0.00905393', 'main_loss': '0.00905393', 'time_per_step': '2.20776'}
2026-01-17 11:26:38,040 - train_greyscale_FA_MoE.py - {'step': '125400', 'lr': '0.0002', 'total_loss': '0.0111082', 'main_loss': '0.0111082', 'time_per_step': '2.20549'}
2026-01-17 11:30:26,529 - train_greyscale_FA_MoE.py - {'step': '125500', 'lr': '0.0002', 'total_loss': '0.0117082', 'main_loss': '0.0117082', 'time_per_step': '2.19233'}
2026-01-17 11:34:14,178 - train_greyscale_FA_MoE.py - {'step': '125600', 'lr': '0.0002', 'total_loss': '0.0115708', 'main_loss': '0.0115708', 'time_per_step': '2.23097'}
2026-01-17 11:38:02,323 - train_greyscale_FA_MoE.py - {'step': '125700', 'lr': '0.0002', 'total_loss': '0.0076548', 'main_loss': '0.0076548', 'time_per_step': '2.20372'}
2026-01-17 11:41:49,335 - train_greyscale_FA_MoE.py - {'step': '125800', 'lr': '0.0002', 'total_loss': '0.0115107', 'main_loss': '0.0115107', 'time_per_step': '2.19588'}
2026-01-17 11:45:36,943 - train_greyscale_FA_MoE.py - {'step': '125900', 'lr': '0.0002', 'total_loss': '0.00764297', 'main_loss': '0.00764297', 'time_per_step': '2.17514'}
2026-01-17 11:49:24,539 - train_greyscale_FA_MoE.py - {'step': '126000', 'lr': '0.0002', 'total_loss': '0.00766045', 'main_loss': '0.00766045', 'time_per_step': '2.10591'}
2026-01-17 11:53:12,917 - train_greyscale_FA_MoE.py - {'step': '126100', 'lr': '0.0002', 'total_loss': '0.00965755', 'main_loss': '0.00965755', 'time_per_step': '2.17939'}
2026-01-17 11:57:00,102 - train_greyscale_FA_MoE.py - {'step': '126200', 'lr': '0.0002', 'total_loss': '0.00751574', 'main_loss': '0.00751574', 'time_per_step': '2.20334'}
2026-01-17 12:00:48,587 - train_greyscale_FA_MoE.py - {'step': '126300', 'lr': '0.0002', 'total_loss': '0.0101571', 'main_loss': '0.0101571', 'time_per_step': '2.21412'}
2026-01-17 12:04:36,919 - train_greyscale_FA_MoE.py - {'step': '126400', 'lr': '0.0002', 'total_loss': '0.0130298', 'main_loss': '0.0130298', 'time_per_step': '2.32234'}
2026-01-17 12:08:24,853 - train_greyscale_FA_MoE.py - {'step': '126500', 'lr': '0.0002', 'total_loss': '0.00857529', 'main_loss': '0.00857529', 'time_per_step': '2.18645'}
2026-01-17 12:12:12,053 - train_greyscale_FA_MoE.py - {'step': '126600', 'lr': '0.0002', 'total_loss': '0.00894269', 'main_loss': '0.00894269', 'time_per_step': '2.21254'}
2026-01-17 12:16:01,579 - train_greyscale_FA_MoE.py - {'step': '126700', 'lr': '0.0002', 'total_loss': '0.00978882', 'main_loss': '0.00978882', 'time_per_step': '2.19955'}
2026-01-17 12:19:50,887 - train_greyscale_FA_MoE.py - {'step': '126800', 'lr': '0.0002', 'total_loss': '0.0101842', 'main_loss': '0.0101842', 'time_per_step': '2.21653'}
2026-01-17 12:23:39,237 - train_greyscale_FA_MoE.py - {'step': '126900', 'lr': '0.0002', 'total_loss': '0.00841948', 'main_loss': '0.00841948', 'time_per_step': '2.21761'}
2026-01-17 12:27:26,399 - train_greyscale_FA_MoE.py - {'step': '127000', 'lr': '0.0002', 'total_loss': '0.00883857', 'main_loss': '0.00883857', 'time_per_step': '2.20482'}
2026-01-17 12:31:15,429 - train_greyscale_FA_MoE.py - {'step': '127100', 'lr': '0.0002', 'total_loss': '0.00725813', 'main_loss': '0.00725813', 'time_per_step': '2.10009'}
2026-01-17 12:35:03,280 - train_greyscale_FA_MoE.py - {'step': '127200', 'lr': '0.0002', 'total_loss': '0.00939862', 'main_loss': '0.00939862', 'time_per_step': '2.07736'}
2026-01-17 12:38:52,676 - train_greyscale_FA_MoE.py - {'step': '127300', 'lr': '0.0002', 'total_loss': '0.0108103', 'main_loss': '0.0108103', 'time_per_step': '2.23566'}
2026-01-17 12:42:39,830 - train_greyscale_FA_MoE.py - {'step': '127400', 'lr': '0.0002', 'total_loss': '0.0101386', 'main_loss': '0.0101386', 'time_per_step': '2.24047'}
2026-01-17 12:46:27,653 - train_greyscale_FA_MoE.py - {'step': '127500', 'lr': '0.0002', 'total_loss': '0.0104059', 'main_loss': '0.0104059', 'time_per_step': '2.23793'}
2026-01-17 12:50:16,444 - train_greyscale_FA_MoE.py - {'step': '127600', 'lr': '0.0002', 'total_loss': '0.00791199', 'main_loss': '0.00791199', 'time_per_step': '2.25101'}
2026-01-17 12:54:04,818 - train_greyscale_FA_MoE.py - {'step': '127700', 'lr': '0.0002', 'total_loss': '0.00791826', 'main_loss': '0.00791826', 'time_per_step': '2.25248'}
2026-01-17 12:57:52,292 - train_greyscale_FA_MoE.py - {'step': '127800', 'lr': '0.0002', 'total_loss': '0.011779', 'main_loss': '0.011779', 'time_per_step': '2.16481'}
2026-01-17 13:01:40,481 - train_greyscale_FA_MoE.py - {'step': '127900', 'lr': '0.0002', 'total_loss': '0.00951291', 'main_loss': '0.00951291', 'time_per_step': '2.23009'}
2026-01-17 13:05:28,442 - train_greyscale_FA_MoE.py - {'step': '128000', 'lr': '0.0002', 'total_loss': '0.00974166', 'main_loss': '0.00974166', 'time_per_step': '2.23106'}
2026-01-17 13:09:16,128 - train_greyscale_FA_MoE.py - {'step': '128100', 'lr': '0.0002', 'total_loss': '0.0124702', 'main_loss': '0.0124702', 'time_per_step': '2.19663'}
2026-01-17 13:13:03,005 - train_greyscale_FA_MoE.py - {'step': '128200', 'lr': '0.0002', 'total_loss': '0.0123133', 'main_loss': '0.0123133', 'time_per_step': '2.19679'}
2026-01-17 13:16:52,204 - train_greyscale_FA_MoE.py - {'step': '128300', 'lr': '0.0002', 'total_loss': '0.0108413', 'main_loss': '0.0108413', 'time_per_step': '2.11487'}
2026-01-17 13:20:40,080 - train_greyscale_FA_MoE.py - {'step': '128400', 'lr': '0.0002', 'total_loss': '0.0107965', 'main_loss': '0.0107965', 'time_per_step': '2.09988'}
2026-01-17 13:24:28,051 - train_greyscale_FA_MoE.py - {'step': '128500', 'lr': '0.0002', 'total_loss': '0.0107847', 'main_loss': '0.0107847', 'time_per_step': '2.22139'}
2026-01-17 13:28:15,854 - train_greyscale_FA_MoE.py - {'step': '128600', 'lr': '0.0002', 'total_loss': '0.00638023', 'main_loss': '0.00638023', 'time_per_step': '2.23945'}
2026-01-17 13:32:04,288 - train_greyscale_FA_MoE.py - {'step': '128700', 'lr': '0.0002', 'total_loss': '0.00935763', 'main_loss': '0.00935763', 'time_per_step': '2.27643'}
2026-01-17 13:35:52,235 - train_greyscale_FA_MoE.py - {'step': '128800', 'lr': '0.0002', 'total_loss': '0.0115107', 'main_loss': '0.0115107', 'time_per_step': '2.21565'}
2026-01-17 13:39:40,803 - train_greyscale_FA_MoE.py - {'step': '128900', 'lr': '0.0002', 'total_loss': '0.00996862', 'main_loss': '0.00996862', 'time_per_step': '2.18985'}
2026-01-17 13:43:28,085 - train_greyscale_FA_MoE.py - {'step': '129000', 'lr': '0.0002', 'total_loss': '0.0103632', 'main_loss': '0.0103632', 'time_per_step': '2.19993'}
2026-01-17 13:47:16,349 - train_greyscale_FA_MoE.py - {'step': '129100', 'lr': '0.0002', 'total_loss': '0.00718402', 'main_loss': '0.00718402', 'time_per_step': '2.2114'}
2026-01-17 13:51:04,290 - train_greyscale_FA_MoE.py - {'step': '129200', 'lr': '0.0002', 'total_loss': '0.0123534', 'main_loss': '0.0123534', 'time_per_step': '2.29036'}
2026-01-17 13:54:52,480 - train_greyscale_FA_MoE.py - {'step': '129300', 'lr': '0.0002', 'total_loss': '0.0059297', 'main_loss': '0.0059297', 'time_per_step': '2.21342'}
2026-01-17 13:58:40,035 - train_greyscale_FA_MoE.py - {'step': '129400', 'lr': '0.0002', 'total_loss': '0.00898004', 'main_loss': '0.00898004', 'time_per_step': '2.19089'}
2026-01-17 14:02:28,615 - train_greyscale_FA_MoE.py - {'step': '129500', 'lr': '0.0002', 'total_loss': '0.0083934', 'main_loss': '0.0083934', 'time_per_step': '2.09641'}
2026-01-17 14:06:17,127 - train_greyscale_FA_MoE.py - {'step': '129600', 'lr': '0.0002', 'total_loss': '0.00876775', 'main_loss': '0.00876775', 'time_per_step': '2.07731'}
2026-01-17 14:10:06,704 - train_greyscale_FA_MoE.py - {'step': '129700', 'lr': '0.0002', 'total_loss': '0.0100399', 'main_loss': '0.0100399', 'time_per_step': '2.22586'}
2026-01-17 14:13:54,272 - train_greyscale_FA_MoE.py - {'step': '129800', 'lr': '0.0002', 'total_loss': '0.00757319', 'main_loss': '0.00757319', 'time_per_step': '2.19708'}
2026-01-17 14:17:43,193 - train_greyscale_FA_MoE.py - {'step': '129900', 'lr': '0.0002', 'total_loss': '0.00897742', 'main_loss': '0.00897742', 'time_per_step': '2.19987'}
2026-01-17 14:21:31,159 - train_greyscale_FA_MoE.py - {'step': '130000', 'lr': '0.0002', 'total_loss': '0.00777497', 'main_loss': '0.00777497', 'time_per_step': '2.20946'}
2026-01-17 14:25:18,244 - train_greyscale_FA_MoE.py - {'step': '130100', 'lr': '0.0002', 'total_loss': '0.0142851', 'main_loss': '0.0142851', 'time_per_step': '2.19228'}
2026-01-17 14:29:05,745 - train_greyscale_FA_MoE.py - {'step': '130200', 'lr': '0.0002', 'total_loss': '0.00744629', 'main_loss': '0.00744629', 'time_per_step': '2.20245'}
2026-01-17 14:32:54,092 - train_greyscale_FA_MoE.py - {'step': '130300', 'lr': '0.0002', 'total_loss': '0.00850523', 'main_loss': '0.00850523', 'time_per_step': '2.23046'}
2026-01-17 14:36:41,557 - train_greyscale_FA_MoE.py - {'step': '130400', 'lr': '0.0002', 'total_loss': '0.00870273', 'main_loss': '0.00870273', 'time_per_step': '2.20423'}
2026-01-17 14:40:28,889 - train_greyscale_FA_MoE.py - {'step': '130500', 'lr': '0.0002', 'total_loss': '0.00712317', 'main_loss': '0.00712317', 'time_per_step': '2.22519'}
2026-01-17 14:44:15,991 - train_greyscale_FA_MoE.py - {'step': '130600', 'lr': '0.0002', 'total_loss': '0.0100971', 'main_loss': '0.0100971', 'time_per_step': '2.22703'}
2026-01-17 14:48:04,846 - train_greyscale_FA_MoE.py - {'step': '130700', 'lr': '0.0002', 'total_loss': '0.00679444', 'main_loss': '0.00679444', 'time_per_step': '2.15883'}
2026-01-17 14:51:51,980 - train_greyscale_FA_MoE.py - {'step': '130800', 'lr': '0.0002', 'total_loss': '0.0101827', 'main_loss': '0.0101827', 'time_per_step': '2.09309'}
2026-01-17 14:55:40,633 - train_greyscale_FA_MoE.py - {'step': '130900', 'lr': '0.0002', 'total_loss': '0.0102081', 'main_loss': '0.0102081', 'time_per_step': '2.20436'}
2026-01-17 14:59:27,798 - train_greyscale_FA_MoE.py - {'step': '131000', 'lr': '0.0002', 'total_loss': '0.0119692', 'main_loss': '0.0119692', 'time_per_step': '2.20108'}
2026-01-17 15:03:16,021 - train_greyscale_FA_MoE.py - {'step': '131100', 'lr': '0.0002', 'total_loss': '0.00987269', 'main_loss': '0.00987269', 'time_per_step': '2.20483'}
2026-01-17 15:07:03,651 - train_greyscale_FA_MoE.py - {'step': '131200', 'lr': '0.0002', 'total_loss': '0.0106371', 'main_loss': '0.0106371', 'time_per_step': '2.29594'}
2026-01-17 15:10:51,953 - train_greyscale_FA_MoE.py - {'step': '131300', 'lr': '0.0002', 'total_loss': '0.013148', 'main_loss': '0.013148', 'time_per_step': '2.20179'}
2026-01-17 15:14:38,001 - train_greyscale_FA_MoE.py - {'step': '131400', 'lr': '0.0002', 'total_loss': '0.0089636', 'main_loss': '0.0089636', 'time_per_step': '2.20823'}
2026-01-17 15:18:26,545 - train_greyscale_FA_MoE.py - {'step': '131500', 'lr': '0.0002', 'total_loss': '0.0145731', 'main_loss': '0.0145731', 'time_per_step': '2.21561'}
2026-01-17 15:22:15,598 - train_greyscale_FA_MoE.py - {'step': '131600', 'lr': '0.0002', 'total_loss': '0.00830244', 'main_loss': '0.00830244', 'time_per_step': '2.21407'}
2026-01-17 15:26:04,781 - train_greyscale_FA_MoE.py - {'step': '131700', 'lr': '0.0002', 'total_loss': '0.013842', 'main_loss': '0.013842', 'time_per_step': '2.26979'}
2026-01-17 15:29:53,323 - train_greyscale_FA_MoE.py - {'step': '131800', 'lr': '0.0002', 'total_loss': '0.0089847', 'main_loss': '0.0089847', 'time_per_step': '2.23397'}
2026-01-17 15:33:41,730 - train_greyscale_FA_MoE.py - {'step': '131900', 'lr': '0.0002', 'total_loss': '0.00878285', 'main_loss': '0.00878285', 'time_per_step': '2.11759'}
2026-01-17 15:37:29,789 - train_greyscale_FA_MoE.py - {'step': '132000', 'lr': '0.0002', 'total_loss': '0.00653621', 'main_loss': '0.00653621', 'time_per_step': '2.10317'}
2026-01-17 15:41:20,128 - train_greyscale_FA_MoE.py - {'step': '132100', 'lr': '0.0002', 'total_loss': '0.0115164', 'main_loss': '0.0115164', 'time_per_step': '2.25485'}
2026-01-17 15:45:09,287 - train_greyscale_FA_MoE.py - {'step': '132200', 'lr': '0.0002', 'total_loss': '0.00838136', 'main_loss': '0.00838136', 'time_per_step': '2.21773'}
2026-01-17 15:48:58,572 - train_greyscale_FA_MoE.py - {'step': '132300', 'lr': '0.0002', 'total_loss': '0.0103728', 'main_loss': '0.0103728', 'time_per_step': '2.24591'}
2026-01-17 15:52:48,917 - train_greyscale_FA_MoE.py - {'step': '132400', 'lr': '0.0002', 'total_loss': '0.00733091', 'main_loss': '0.00733091', 'time_per_step': '2.20592'}
2026-01-17 15:56:37,987 - train_greyscale_FA_MoE.py - {'step': '132500', 'lr': '0.0002', 'total_loss': '0.00708295', 'main_loss': '0.00708295', 'time_per_step': '2.20277'}
2026-01-17 16:00:27,908 - train_greyscale_FA_MoE.py - {'step': '132600', 'lr': '0.0002', 'total_loss': '0.0110513', 'main_loss': '0.0110513', 'time_per_step': '2.26326'}
2026-01-17 16:04:17,921 - train_greyscale_FA_MoE.py - {'step': '132700', 'lr': '0.0002', 'total_loss': '0.00678332', 'main_loss': '0.00678332', 'time_per_step': '2.23113'}
2026-01-17 16:08:07,526 - train_greyscale_FA_MoE.py - {'step': '132800', 'lr': '0.0002', 'total_loss': '0.0101506', 'main_loss': '0.0101506', 'time_per_step': '2.22238'}
2026-01-17 16:11:56,948 - train_greyscale_FA_MoE.py - {'step': '132900', 'lr': '0.0002', 'total_loss': '0.014355', 'main_loss': '0.014355', 'time_per_step': '2.23653'}
2026-01-17 16:15:46,890 - train_greyscale_FA_MoE.py - {'step': '133000', 'lr': '0.0002', 'total_loss': '0.00571453', 'main_loss': '0.00571453', 'time_per_step': '2.1977'}
2026-01-17 16:19:36,361 - train_greyscale_FA_MoE.py - {'step': '133100', 'lr': '0.0002', 'total_loss': '0.00653779', 'main_loss': '0.00653779', 'time_per_step': '2.10662'}
2026-01-17 16:23:25,405 - train_greyscale_FA_MoE.py - {'step': '133200', 'lr': '0.0002', 'total_loss': '0.00752666', 'main_loss': '0.00752666', 'time_per_step': '2.11167'}
2026-01-17 16:27:15,626 - train_greyscale_FA_MoE.py - {'step': '133300', 'lr': '0.0002', 'total_loss': '0.00722334', 'main_loss': '0.00722334', 'time_per_step': '2.21551'}
2026-01-17 16:31:04,716 - train_greyscale_FA_MoE.py - {'step': '133400', 'lr': '0.0002', 'total_loss': '0.011209', 'main_loss': '0.011209', 'time_per_step': '2.28118'}
2026-01-17 16:34:54,840 - train_greyscale_FA_MoE.py - {'step': '133500', 'lr': '0.0002', 'total_loss': '0.00637783', 'main_loss': '0.00637783', 'time_per_step': '2.21528'}
2026-01-17 16:38:44,900 - train_greyscale_FA_MoE.py - {'step': '133600', 'lr': '0.0002', 'total_loss': '0.00715195', 'main_loss': '0.00715195', 'time_per_step': '2.20373'}
2026-01-17 16:42:34,421 - train_greyscale_FA_MoE.py - {'step': '133700', 'lr': '0.0002', 'total_loss': '0.0102705', 'main_loss': '0.0102705', 'time_per_step': '2.28431'}
2026-01-17 16:46:23,047 - train_greyscale_FA_MoE.py - {'step': '133800', 'lr': '0.0002', 'total_loss': '0.007479', 'main_loss': '0.007479', 'time_per_step': '2.25164'}
2026-01-17 16:50:11,681 - train_greyscale_FA_MoE.py - {'step': '133900', 'lr': '0.0002', 'total_loss': '0.0086457', 'main_loss': '0.0086457', 'time_per_step': '2.24454'}
2026-01-17 16:54:01,225 - train_greyscale_FA_MoE.py - {'step': '134000', 'lr': '0.0002', 'total_loss': '0.010099', 'main_loss': '0.010099', 'time_per_step': '2.24815'}
2026-01-17 16:57:50,552 - train_greyscale_FA_MoE.py - {'step': '134100', 'lr': '0.0002', 'total_loss': '0.00818805', 'main_loss': '0.00818805', 'time_per_step': '2.25175'}
2026-01-17 17:01:39,204 - train_greyscale_FA_MoE.py - {'step': '134200', 'lr': '0.0002', 'total_loss': '0.00878676', 'main_loss': '0.00878676', 'time_per_step': '2.23398'}
2026-01-17 17:05:28,462 - train_greyscale_FA_MoE.py - {'step': '134300', 'lr': '0.0002', 'total_loss': '0.0110134', 'main_loss': '0.0110134', 'time_per_step': '2.10615'}
2026-01-17 17:09:18,280 - train_greyscale_FA_MoE.py - {'step': '134400', 'lr': '0.0002', 'total_loss': '0.00910295', 'main_loss': '0.00910295', 'time_per_step': '2.10384'}
2026-01-17 17:13:07,753 - train_greyscale_FA_MoE.py - {'step': '134500', 'lr': '0.0002', 'total_loss': '0.00840869', 'main_loss': '0.00840869', 'time_per_step': '2.21926'}
2026-01-17 17:16:57,034 - train_greyscale_FA_MoE.py - {'step': '134600', 'lr': '0.0002', 'total_loss': '0.00808692', 'main_loss': '0.00808692', 'time_per_step': '2.17525'}
2026-01-17 17:20:46,942 - train_greyscale_FA_MoE.py - {'step': '134700', 'lr': '0.0002', 'total_loss': '0.00638777', 'main_loss': '0.00638777', 'time_per_step': '2.28426'}
2026-01-17 17:24:37,094 - train_greyscale_FA_MoE.py - {'step': '134800', 'lr': '0.0002', 'total_loss': '0.0102555', 'main_loss': '0.0102555', 'time_per_step': '2.38683'}
2026-01-17 17:28:27,124 - train_greyscale_FA_MoE.py - {'step': '134900', 'lr': '0.0002', 'total_loss': '0.0100328', 'main_loss': '0.0100328', 'time_per_step': '2.24324'}
2026-01-17 17:32:16,161 - train_greyscale_FA_MoE.py - {'step': '135000', 'lr': '0.0002', 'total_loss': '0.00906435', 'main_loss': '0.00906435', 'time_per_step': '2.24458'}
2026-01-17 17:36:05,830 - train_greyscale_FA_MoE.py - {'step': '135100', 'lr': '0.0002', 'total_loss': '0.00996499', 'main_loss': '0.00996499', 'time_per_step': '2.21421'}
2026-01-17 17:39:55,318 - train_greyscale_FA_MoE.py - {'step': '135200', 'lr': '0.0002', 'total_loss': '0.0144244', 'main_loss': '0.0144244', 'time_per_step': '2.21219'}
2026-01-17 17:43:45,393 - train_greyscale_FA_MoE.py - {'step': '135300', 'lr': '0.0002', 'total_loss': '0.00978711', 'main_loss': '0.00978711', 'time_per_step': '2.20217'}
2026-01-17 17:47:35,232 - train_greyscale_FA_MoE.py - {'step': '135400', 'lr': '0.0002', 'total_loss': '0.00570062', 'main_loss': '0.00570062', 'time_per_step': '2.25997'}
2026-01-17 17:51:25,873 - train_greyscale_FA_MoE.py - {'step': '135500', 'lr': '0.0002', 'total_loss': '0.0106455', 'main_loss': '0.0106455', 'time_per_step': '2.10465'}
2026-01-17 17:55:15,412 - train_greyscale_FA_MoE.py - {'step': '135600', 'lr': '0.0002', 'total_loss': '0.00724514', 'main_loss': '0.00724514', 'time_per_step': '2.10684'}
2026-01-17 17:59:05,663 - train_greyscale_FA_MoE.py - {'step': '135700', 'lr': '0.0002', 'total_loss': '0.00705208', 'main_loss': '0.00705208', 'time_per_step': '2.21829'}
2026-01-17 18:02:54,130 - train_greyscale_FA_MoE.py - {'step': '135800', 'lr': '0.0002', 'total_loss': '0.0117536', 'main_loss': '0.0117536', 'time_per_step': '2.28154'}
2026-01-17 18:06:44,323 - train_greyscale_FA_MoE.py - {'step': '135900', 'lr': '0.0002', 'total_loss': '0.0120503', 'main_loss': '0.0120503', 'time_per_step': '2.36577'}
2026-01-17 18:10:33,911 - train_greyscale_FA_MoE.py - {'step': '136000', 'lr': '0.0002', 'total_loss': '0.00852176', 'main_loss': '0.00852176', 'time_per_step': '2.28111'}
2026-01-17 18:14:24,182 - train_greyscale_FA_MoE.py - {'step': '136100', 'lr': '0.0002', 'total_loss': '0.00649626', 'main_loss': '0.00649626', 'time_per_step': '2.20116'}
2026-01-17 18:18:14,130 - train_greyscale_FA_MoE.py - {'step': '136200', 'lr': '0.0002', 'total_loss': '0.0113748', 'main_loss': '0.0113748', 'time_per_step': '2.20913'}
2026-01-17 18:22:03,468 - train_greyscale_FA_MoE.py - {'step': '136300', 'lr': '0.0002', 'total_loss': '0.00952339', 'main_loss': '0.00952339', 'time_per_step': '2.28832'}
2026-01-17 18:25:52,670 - train_greyscale_FA_MoE.py - {'step': '136400', 'lr': '0.0002', 'total_loss': '0.00837761', 'main_loss': '0.00837761', 'time_per_step': '2.2174'}
2026-01-17 18:29:42,987 - train_greyscale_FA_MoE.py - {'step': '136500', 'lr': '0.0002', 'total_loss': '0.00679036', 'main_loss': '0.00679036', 'time_per_step': '2.21841'}
2026-01-17 18:33:31,954 - train_greyscale_FA_MoE.py - {'step': '136600', 'lr': '0.0002', 'total_loss': '0.00937672', 'main_loss': '0.00937672', 'time_per_step': '2.24725'}
2026-01-17 18:37:20,688 - train_greyscale_FA_MoE.py - {'step': '136700', 'lr': '0.0002', 'total_loss': '0.00877174', 'main_loss': '0.00877174', 'time_per_step': '2.10636'}
2026-01-17 18:41:10,079 - train_greyscale_FA_MoE.py - {'step': '136800', 'lr': '0.0002', 'total_loss': '0.00860817', 'main_loss': '0.00860817', 'time_per_step': '2.095'}
2026-01-17 18:44:59,663 - train_greyscale_FA_MoE.py - {'step': '136900', 'lr': '0.0002', 'total_loss': '0.00674313', 'main_loss': '0.00674313', 'time_per_step': '2.14817'}
2026-01-17 18:48:50,045 - train_greyscale_FA_MoE.py - {'step': '137000', 'lr': '0.0002', 'total_loss': '0.00727303', 'main_loss': '0.00727303', 'time_per_step': '2.24059'}
2026-01-17 18:52:39,164 - train_greyscale_FA_MoE.py - {'step': '137100', 'lr': '0.0002', 'total_loss': '0.00940325', 'main_loss': '0.00940325', 'time_per_step': '2.21165'}
2026-01-17 18:56:27,816 - train_greyscale_FA_MoE.py - {'step': '137200', 'lr': '0.0002', 'total_loss': '0.00813014', 'main_loss': '0.00813014', 'time_per_step': '2.23808'}
2026-01-17 19:00:17,909 - train_greyscale_FA_MoE.py - {'step': '137300', 'lr': '0.0002', 'total_loss': '0.00939558', 'main_loss': '0.00939558', 'time_per_step': '2.20774'}
2026-01-17 19:04:07,595 - train_greyscale_FA_MoE.py - {'step': '137400', 'lr': '0.0002', 'total_loss': '0.00897256', 'main_loss': '0.00897256', 'time_per_step': '2.24186'}
2026-01-17 19:07:56,681 - train_greyscale_FA_MoE.py - {'step': '137500', 'lr': '0.0002', 'total_loss': '0.0120989', 'main_loss': '0.0120989', 'time_per_step': '2.2528'}
2026-01-17 19:11:45,886 - train_greyscale_FA_MoE.py - {'step': '137600', 'lr': '0.0002', 'total_loss': '0.00973397', 'main_loss': '0.00973397', 'time_per_step': '2.23284'}
2026-01-17 19:15:35,247 - train_greyscale_FA_MoE.py - {'step': '137700', 'lr': '0.0002', 'total_loss': '0.00602432', 'main_loss': '0.00602432', 'time_per_step': '2.26891'}
2026-01-17 19:19:25,900 - train_greyscale_FA_MoE.py - {'step': '137800', 'lr': '0.0002', 'total_loss': '0.010451', 'main_loss': '0.010451', 'time_per_step': '2.18466'}
2026-01-17 19:23:14,776 - train_greyscale_FA_MoE.py - {'step': '137900', 'lr': '0.0002', 'total_loss': '0.00990071', 'main_loss': '0.00990071', 'time_per_step': '2.19589'}
2026-01-17 19:27:04,317 - train_greyscale_FA_MoE.py - {'step': '138000', 'lr': '0.0002', 'total_loss': '0.00829949', 'main_loss': '0.00829949', 'time_per_step': '2.1598'}
2026-01-17 19:30:54,191 - train_greyscale_FA_MoE.py - {'step': '138100', 'lr': '0.0002', 'total_loss': '0.00714004', 'main_loss': '0.00714004', 'time_per_step': '2.21068'}
2026-01-17 19:34:44,525 - train_greyscale_FA_MoE.py - {'step': '138200', 'lr': '0.0002', 'total_loss': '0.00904431', 'main_loss': '0.00904431', 'time_per_step': '2.25029'}
2026-01-17 19:38:33,105 - train_greyscale_FA_MoE.py - {'step': '138300', 'lr': '0.0002', 'total_loss': '0.0130841', 'main_loss': '0.0130841', 'time_per_step': '2.17482'}
2026-01-17 19:42:23,011 - train_greyscale_FA_MoE.py - {'step': '138400', 'lr': '0.0002', 'total_loss': '0.00963514', 'main_loss': '0.00963514', 'time_per_step': '2.25232'}
2026-01-17 19:46:12,472 - train_greyscale_FA_MoE.py - {'step': '138500', 'lr': '0.0002', 'total_loss': '0.0102961', 'main_loss': '0.0102961', 'time_per_step': '2.23341'}
2026-01-17 19:50:02,999 - train_greyscale_FA_MoE.py - {'step': '138600', 'lr': '0.0002', 'total_loss': '0.00799507', 'main_loss': '0.00799507', 'time_per_step': '2.25867'}
2026-01-17 19:53:51,948 - train_greyscale_FA_MoE.py - {'step': '138700', 'lr': '0.0002', 'total_loss': '0.00843307', 'main_loss': '0.00843307', 'time_per_step': '2.23227'}
2026-01-17 19:57:41,751 - train_greyscale_FA_MoE.py - {'step': '138800', 'lr': '0.0002', 'total_loss': '0.010876', 'main_loss': '0.010876', 'time_per_step': '2.19501'}
2026-01-17 20:01:31,248 - train_greyscale_FA_MoE.py - {'step': '138900', 'lr': '0.0002', 'total_loss': '0.00925612', 'main_loss': '0.00925612', 'time_per_step': '2.22391'}
2026-01-17 20:05:21,961 - train_greyscale_FA_MoE.py - {'step': '139000', 'lr': '0.0002', 'total_loss': '0.0115581', 'main_loss': '0.0115581', 'time_per_step': '2.18396'}
2026-01-17 20:09:11,340 - train_greyscale_FA_MoE.py - {'step': '139100', 'lr': '0.0002', 'total_loss': '0.0070483', 'main_loss': '0.0070483', 'time_per_step': '2.11485'}
2026-01-17 20:13:01,153 - train_greyscale_FA_MoE.py - {'step': '139200', 'lr': '0.0002', 'total_loss': '0.0113076', 'main_loss': '0.0113076', 'time_per_step': '2.10277'}
2026-01-17 20:16:52,097 - train_greyscale_FA_MoE.py - {'step': '139300', 'lr': '0.0002', 'total_loss': '0.00961917', 'main_loss': '0.00961917', 'time_per_step': '2.23675'}
2026-01-17 20:20:41,421 - train_greyscale_FA_MoE.py - {'step': '139400', 'lr': '0.0002', 'total_loss': '0.0113711', 'main_loss': '0.0113711', 'time_per_step': '2.22058'}
2026-01-17 20:24:30,721 - train_greyscale_FA_MoE.py - {'step': '139500', 'lr': '0.0002', 'total_loss': '0.00732386', 'main_loss': '0.00732386', 'time_per_step': '2.2256'}
2026-01-17 20:28:20,945 - train_greyscale_FA_MoE.py - {'step': '139600', 'lr': '0.0002', 'total_loss': '0.00824593', 'main_loss': '0.00824593', 'time_per_step': '2.21259'}
2026-01-17 20:32:10,419 - train_greyscale_FA_MoE.py - {'step': '139700', 'lr': '0.0002', 'total_loss': '0.0122355', 'main_loss': '0.0122355', 'time_per_step': '2.22526'}
2026-01-17 20:36:00,778 - train_greyscale_FA_MoE.py - {'step': '139800', 'lr': '0.0002', 'total_loss': '0.0117913', 'main_loss': '0.0117913', 'time_per_step': '2.24027'}
2026-01-17 20:39:49,655 - train_greyscale_FA_MoE.py - {'step': '139900', 'lr': '0.0002', 'total_loss': '0.00709864', 'main_loss': '0.00709864', 'time_per_step': '2.2318'}
2026-01-17 20:43:38,950 - train_greyscale_FA_MoE.py - {'step': '140000', 'lr': '0.0002', 'total_loss': '0.00761806', 'main_loss': '0.00761806', 'time_per_step': '2.23864'}
2026-01-17 20:47:28,809 - train_greyscale_FA_MoE.py - {'step': '140100', 'lr': '0.0002', 'total_loss': '0.00748494', 'main_loss': '0.00748494', 'time_per_step': '2.21688'}
2026-01-17 20:51:19,097 - train_greyscale_FA_MoE.py - {'step': '140200', 'lr': '0.0002', 'total_loss': '0.0136462', 'main_loss': '0.0136462', 'time_per_step': '2.26893'}
2026-01-17 20:55:09,139 - train_greyscale_FA_MoE.py - {'step': '140300', 'lr': '0.0002', 'total_loss': '0.0122647', 'main_loss': '0.0122647', 'time_per_step': '2.09296'}
2026-01-17 20:58:57,976 - train_greyscale_FA_MoE.py - {'step': '140400', 'lr': '0.0002', 'total_loss': '0.00963408', 'main_loss': '0.00963408', 'time_per_step': '2.1022'}
2026-01-17 21:02:49,197 - train_greyscale_FA_MoE.py - {'step': '140500', 'lr': '0.0002', 'total_loss': '0.00995824', 'main_loss': '0.00995824', 'time_per_step': '2.19834'}
2026-01-17 21:06:38,037 - train_greyscale_FA_MoE.py - {'step': '140600', 'lr': '0.0002', 'total_loss': '0.00881667', 'main_loss': '0.00881667', 'time_per_step': '2.21661'}
2026-01-17 21:10:26,738 - train_greyscale_FA_MoE.py - {'step': '140700', 'lr': '0.0002', 'total_loss': '0.0102071', 'main_loss': '0.0102071', 'time_per_step': '2.25702'}
2026-01-17 21:14:16,770 - train_greyscale_FA_MoE.py - {'step': '140800', 'lr': '0.0002', 'total_loss': '0.00555351', 'main_loss': '0.00555351', 'time_per_step': '2.2277'}
2026-01-17 21:18:06,521 - train_greyscale_FA_MoE.py - {'step': '140900', 'lr': '0.0002', 'total_loss': '0.00657535', 'main_loss': '0.00657535', 'time_per_step': '2.2655'}
2026-01-17 21:21:56,416 - train_greyscale_FA_MoE.py - {'step': '141000', 'lr': '0.0002', 'total_loss': '0.00889905', 'main_loss': '0.00889905', 'time_per_step': '2.2795'}
2026-01-17 21:25:45,484 - train_greyscale_FA_MoE.py - {'step': '141100', 'lr': '0.0002', 'total_loss': '0.00945022', 'main_loss': '0.00945022', 'time_per_step': '2.22292'}
2026-01-17 21:29:37,551 - train_greyscale_FA_MoE.py - {'step': '141200', 'lr': '0.0002', 'total_loss': '0.00829332', 'main_loss': '0.00829332', 'time_per_step': '2.40463'}
2026-01-17 21:33:27,461 - train_greyscale_FA_MoE.py - {'step': '141300', 'lr': '0.0002', 'total_loss': '0.00800357', 'main_loss': '0.00800357', 'time_per_step': '2.26566'}
2026-01-17 21:37:17,486 - train_greyscale_FA_MoE.py - {'step': '141400', 'lr': '0.0002', 'total_loss': '0.0103363', 'main_loss': '0.0103363', 'time_per_step': '2.22868'}
2026-01-17 21:41:07,505 - train_greyscale_FA_MoE.py - {'step': '141500', 'lr': '0.0002', 'total_loss': '0.00744432', 'main_loss': '0.00744432', 'time_per_step': '2.09076'}
2026-01-17 21:44:56,025 - train_greyscale_FA_MoE.py - {'step': '141600', 'lr': '0.0002', 'total_loss': '0.00960678', 'main_loss': '0.00960678', 'time_per_step': '2.10755'}
2026-01-17 21:48:46,234 - train_greyscale_FA_MoE.py - {'step': '141700', 'lr': '0.0002', 'total_loss': '0.00851184', 'main_loss': '0.00851184', 'time_per_step': '2.19933'}
2026-01-17 21:52:37,153 - train_greyscale_FA_MoE.py - {'step': '141800', 'lr': '0.0002', 'total_loss': '0.0128603', 'main_loss': '0.0128603', 'time_per_step': '2.33285'}
2026-01-17 21:56:26,720 - train_greyscale_FA_MoE.py - {'step': '141900', 'lr': '0.0002', 'total_loss': '0.01044', 'main_loss': '0.01044', 'time_per_step': '2.22203'}
2026-01-17 22:00:17,916 - train_greyscale_FA_MoE.py - {'step': '142000', 'lr': '0.0002', 'total_loss': '0.0062423', 'main_loss': '0.0062423', 'time_per_step': '2.22748'}
2026-01-17 22:04:06,985 - train_greyscale_FA_MoE.py - {'step': '142100', 'lr': '0.0002', 'total_loss': '0.0090192', 'main_loss': '0.0090192', 'time_per_step': '2.23578'}
2026-01-17 22:07:56,270 - train_greyscale_FA_MoE.py - {'step': '142200', 'lr': '0.0002', 'total_loss': '0.015162', 'main_loss': '0.015162', 'time_per_step': '2.22999'}
2026-01-17 22:11:47,185 - train_greyscale_FA_MoE.py - {'step': '142300', 'lr': '0.0002', 'total_loss': '0.00890821', 'main_loss': '0.00890821', 'time_per_step': '2.21342'}
2026-01-17 22:15:33,623 - train_greyscale_FA_MoE.py - {'step': '142400', 'lr': '0.0002', 'total_loss': '0.0100837', 'main_loss': '0.0100837', 'time_per_step': '2.27235'}
2026-01-17 22:19:21,496 - train_greyscale_FA_MoE.py - {'step': '142500', 'lr': '0.0002', 'total_loss': '0.00587229', 'main_loss': '0.00587229', 'time_per_step': '2.24049'}
2026-01-17 22:23:11,378 - train_greyscale_FA_MoE.py - {'step': '142600', 'lr': '0.0002', 'total_loss': '0.0113343', 'main_loss': '0.0113343', 'time_per_step': '2.22513'}
2026-01-17 22:27:01,287 - train_greyscale_FA_MoE.py - {'step': '142700', 'lr': '0.0002', 'total_loss': '0.0108866', 'main_loss': '0.0108866', 'time_per_step': '2.09982'}
2026-01-17 22:30:49,775 - train_greyscale_FA_MoE.py - {'step': '142800', 'lr': '0.0002', 'total_loss': '0.00876597', 'main_loss': '0.00876597', 'time_per_step': '2.09585'}
2026-01-17 22:34:39,759 - train_greyscale_FA_MoE.py - {'step': '142900', 'lr': '0.0002', 'total_loss': '0.00770292', 'main_loss': '0.00770292', 'time_per_step': '2.21028'}
2026-01-17 22:38:29,662 - train_greyscale_FA_MoE.py - {'step': '143000', 'lr': '0.0002', 'total_loss': '0.00921595', 'main_loss': '0.00921595', 'time_per_step': '2.2284'}
2026-01-17 22:42:19,876 - train_greyscale_FA_MoE.py - {'step': '143100', 'lr': '0.0002', 'total_loss': '0.00880322', 'main_loss': '0.00880322', 'time_per_step': '2.25536'}
2026-01-17 22:46:08,645 - train_greyscale_FA_MoE.py - {'step': '143200', 'lr': '0.0002', 'total_loss': '0.00963442', 'main_loss': '0.00963442', 'time_per_step': '2.22509'}
2026-01-17 22:49:58,591 - train_greyscale_FA_MoE.py - {'step': '143300', 'lr': '0.0002', 'total_loss': '0.0113117', 'main_loss': '0.0113117', 'time_per_step': '2.21408'}
2026-01-17 22:53:49,379 - train_greyscale_FA_MoE.py - {'step': '143400', 'lr': '0.0002', 'total_loss': '0.0105914', 'main_loss': '0.0105914', 'time_per_step': '2.25869'}
2026-01-17 22:57:39,394 - train_greyscale_FA_MoE.py - {'step': '143500', 'lr': '0.0002', 'total_loss': '0.0112022', 'main_loss': '0.0112022', 'time_per_step': '2.2403'}
2026-01-17 23:01:27,781 - train_greyscale_FA_MoE.py - {'step': '143600', 'lr': '0.0002', 'total_loss': '0.00570198', 'main_loss': '0.00570198', 'time_per_step': '2.2356'}
2026-01-17 23:05:17,021 - train_greyscale_FA_MoE.py - {'step': '143700', 'lr': '0.0002', 'total_loss': '0.0117145', 'main_loss': '0.0117145', 'time_per_step': '2.2352'}
2026-01-17 23:09:04,159 - train_greyscale_FA_MoE.py - {'step': '143800', 'lr': '0.0002', 'total_loss': '0.00929348', 'main_loss': '0.00929348', 'time_per_step': '2.26537'}
2026-01-17 23:12:51,659 - train_greyscale_FA_MoE.py - {'step': '143900', 'lr': '0.0002', 'total_loss': '0.00963985', 'main_loss': '0.00963985', 'time_per_step': '2.09595'}
2026-01-17 23:16:38,029 - train_greyscale_FA_MoE.py - {'step': '144000', 'lr': '0.0002', 'total_loss': '0.0100331', 'main_loss': '0.0100331', 'time_per_step': '2.0943'}
2026-01-17 23:20:25,687 - train_greyscale_FA_MoE.py - {'step': '144100', 'lr': '0.0002', 'total_loss': '0.00655125', 'main_loss': '0.00655125', 'time_per_step': '2.17487'}
2026-01-17 23:24:12,873 - train_greyscale_FA_MoE.py - {'step': '144200', 'lr': '0.0002', 'total_loss': '0.0100387', 'main_loss': '0.0100387', 'time_per_step': '2.20712'}
2026-01-17 23:28:00,027 - train_greyscale_FA_MoE.py - {'step': '144300', 'lr': '0.0002', 'total_loss': '0.0110713', 'main_loss': '0.0110713', 'time_per_step': '2.21956'}
2026-01-17 23:31:46,680 - train_greyscale_FA_MoE.py - {'step': '144400', 'lr': '0.0002', 'total_loss': '0.00625198', 'main_loss': '0.00625198', 'time_per_step': '2.20294'}
2026-01-17 23:35:34,476 - train_greyscale_FA_MoE.py - {'step': '144500', 'lr': '0.0002', 'total_loss': '0.00989353', 'main_loss': '0.00989353', 'time_per_step': '2.26957'}
2026-01-17 23:39:21,329 - train_greyscale_FA_MoE.py - {'step': '144600', 'lr': '0.0002', 'total_loss': '0.00737807', 'main_loss': '0.00737807', 'time_per_step': '2.22289'}
2026-01-17 23:43:09,110 - train_greyscale_FA_MoE.py - {'step': '144700', 'lr': '0.0002', 'total_loss': '0.00830661', 'main_loss': '0.00830661', 'time_per_step': '2.19999'}
2026-01-17 23:46:55,834 - train_greyscale_FA_MoE.py - {'step': '144800', 'lr': '0.0002', 'total_loss': '0.00864846', 'main_loss': '0.00864846', 'time_per_step': '2.20591'}
2026-01-17 23:50:43,814 - train_greyscale_FA_MoE.py - {'step': '144900', 'lr': '0.0002', 'total_loss': '0.00852965', 'main_loss': '0.00852965', 'time_per_step': '2.18701'}
2026-01-17 23:54:31,826 - train_greyscale_FA_MoE.py - {'step': '145000', 'lr': '0.0002', 'total_loss': '0.0073241', 'main_loss': '0.0073241', 'time_per_step': '2.24933'}
2026-01-17 23:58:19,614 - train_greyscale_FA_MoE.py - {'step': '145100', 'lr': '0.0002', 'total_loss': '0.00810134', 'main_loss': '0.00810134', 'time_per_step': '2.07711'}
2026-01-18 00:02:06,558 - train_greyscale_FA_MoE.py - {'step': '145200', 'lr': '0.0002', 'total_loss': '0.00867939', 'main_loss': '0.00867939', 'time_per_step': '2.09485'}
2026-01-18 00:05:54,768 - train_greyscale_FA_MoE.py - {'step': '145300', 'lr': '0.0002', 'total_loss': '0.00932314', 'main_loss': '0.00932314', 'time_per_step': '2.20866'}
2026-01-18 00:09:42,221 - train_greyscale_FA_MoE.py - {'step': '145400', 'lr': '0.0002', 'total_loss': '0.0118862', 'main_loss': '0.0118862', 'time_per_step': '2.20042'}
2026-01-18 00:13:29,672 - train_greyscale_FA_MoE.py - {'step': '145500', 'lr': '0.0002', 'total_loss': '0.00764277', 'main_loss': '0.00764277', 'time_per_step': '2.21405'}
2026-01-18 00:17:17,383 - train_greyscale_FA_MoE.py - {'step': '145600', 'lr': '0.0002', 'total_loss': '0.00931292', 'main_loss': '0.00931292', 'time_per_step': '2.20876'}
2026-01-18 00:21:04,921 - train_greyscale_FA_MoE.py - {'step': '145700', 'lr': '0.0002', 'total_loss': '0.00715758', 'main_loss': '0.00715758', 'time_per_step': '2.26124'}
2026-01-18 00:24:51,992 - train_greyscale_FA_MoE.py - {'step': '145800', 'lr': '0.0002', 'total_loss': '0.0101047', 'main_loss': '0.0101047', 'time_per_step': '2.20817'}
2026-01-18 00:28:39,364 - train_greyscale_FA_MoE.py - {'step': '145900', 'lr': '0.0002', 'total_loss': '0.0126743', 'main_loss': '0.0126743', 'time_per_step': '2.22992'}
2026-01-18 00:32:25,668 - train_greyscale_FA_MoE.py - {'step': '146000', 'lr': '0.0002', 'total_loss': '0.013529', 'main_loss': '0.013529', 'time_per_step': '2.21004'}
2026-01-18 00:36:12,573 - train_greyscale_FA_MoE.py - {'step': '146100', 'lr': '0.0002', 'total_loss': '0.00856293', 'main_loss': '0.00856293', 'time_per_step': '2.16099'}
2026-01-18 00:40:00,319 - train_greyscale_FA_MoE.py - {'step': '146200', 'lr': '0.0002', 'total_loss': '0.00906898', 'main_loss': '0.00906898', 'time_per_step': '2.22939'}
2026-01-18 00:43:47,800 - train_greyscale_FA_MoE.py - {'step': '146300', 'lr': '0.0002', 'total_loss': '0.0078538', 'main_loss': '0.0078538', 'time_per_step': '2.09114'}
2026-01-18 00:47:33,789 - train_greyscale_FA_MoE.py - {'step': '146400', 'lr': '0.0002', 'total_loss': '0.00598022', 'main_loss': '0.00598022', 'time_per_step': '2.16337'}
2026-01-18 00:51:22,438 - train_greyscale_FA_MoE.py - {'step': '146500', 'lr': '0.0002', 'total_loss': '0.00886239', 'main_loss': '0.00886239', 'time_per_step': '2.23133'}
2026-01-18 00:55:09,588 - train_greyscale_FA_MoE.py - {'step': '146600', 'lr': '0.0002', 'total_loss': '0.009921', 'main_loss': '0.009921', 'time_per_step': '2.21682'}
2026-01-18 00:58:56,493 - train_greyscale_FA_MoE.py - {'step': '146700', 'lr': '0.0002', 'total_loss': '0.00781656', 'main_loss': '0.00781656', 'time_per_step': '2.23248'}
2026-01-18 01:02:43,452 - train_greyscale_FA_MoE.py - {'step': '146800', 'lr': '0.0002', 'total_loss': '0.00805201', 'main_loss': '0.00805201', 'time_per_step': '2.16951'}
2026-01-18 01:06:31,206 - train_greyscale_FA_MoE.py - {'step': '146900', 'lr': '0.0002', 'total_loss': '0.00842749', 'main_loss': '0.00842749', 'time_per_step': '2.18201'}
2026-01-18 01:10:18,893 - train_greyscale_FA_MoE.py - {'step': '147000', 'lr': '0.0002', 'total_loss': '0.0083461', 'main_loss': '0.0083461', 'time_per_step': '2.17304'}
2026-01-18 01:14:07,267 - train_greyscale_FA_MoE.py - {'step': '147100', 'lr': '0.0002', 'total_loss': '0.00848791', 'main_loss': '0.00848791', 'time_per_step': '2.21742'}
2026-01-18 01:17:55,547 - train_greyscale_FA_MoE.py - {'step': '147200', 'lr': '0.0002', 'total_loss': '0.0108397', 'main_loss': '0.0108397', 'time_per_step': '2.23669'}
2026-01-18 01:21:42,909 - train_greyscale_FA_MoE.py - {'step': '147300', 'lr': '0.0002', 'total_loss': '0.0118582', 'main_loss': '0.0118582', 'time_per_step': '2.19004'}
2026-01-18 01:25:30,094 - train_greyscale_FA_MoE.py - {'step': '147400', 'lr': '0.0002', 'total_loss': '0.00871002', 'main_loss': '0.00871002', 'time_per_step': '2.24641'}
2026-01-18 01:29:17,716 - train_greyscale_FA_MoE.py - {'step': '147500', 'lr': '0.0002', 'total_loss': '0.0112437', 'main_loss': '0.0112437', 'time_per_step': '2.0904'}
2026-01-18 01:33:03,783 - train_greyscale_FA_MoE.py - {'step': '147600', 'lr': '0.0002', 'total_loss': '0.00851676', 'main_loss': '0.00851676', 'time_per_step': '2.14036'}
2026-01-18 01:36:51,446 - train_greyscale_FA_MoE.py - {'step': '147700', 'lr': '0.0002', 'total_loss': '0.00888911', 'main_loss': '0.00888911', 'time_per_step': '2.18979'}
2026-01-18 01:40:38,649 - train_greyscale_FA_MoE.py - {'step': '147800', 'lr': '0.0002', 'total_loss': '0.00648956', 'main_loss': '0.00648956', 'time_per_step': '2.21617'}
2026-01-18 01:44:26,900 - train_greyscale_FA_MoE.py - {'step': '147900', 'lr': '0.0002', 'total_loss': '0.010133', 'main_loss': '0.010133', 'time_per_step': '2.23044'}
2026-01-18 01:48:13,554 - train_greyscale_FA_MoE.py - {'step': '148000', 'lr': '0.0002', 'total_loss': '0.00715759', 'main_loss': '0.00715759', 'time_per_step': '2.14332'}
2026-01-18 01:52:01,959 - train_greyscale_FA_MoE.py - {'step': '148100', 'lr': '0.0002', 'total_loss': '0.00766955', 'main_loss': '0.00766955', 'time_per_step': '2.18324'}
2026-01-18 01:55:49,358 - train_greyscale_FA_MoE.py - {'step': '148200', 'lr': '0.0002', 'total_loss': '0.0107791', 'main_loss': '0.0107791', 'time_per_step': '2.20332'}
2026-01-18 01:59:36,176 - train_greyscale_FA_MoE.py - {'step': '148300', 'lr': '0.0002', 'total_loss': '0.0109839', 'main_loss': '0.0109839', 'time_per_step': '2.21662'}
2026-01-18 02:03:22,549 - train_greyscale_FA_MoE.py - {'step': '148400', 'lr': '0.0002', 'total_loss': '0.0154382', 'main_loss': '0.0154382', 'time_per_step': '2.15023'}
2026-01-18 02:07:09,772 - train_greyscale_FA_MoE.py - {'step': '148500', 'lr': '0.0002', 'total_loss': '0.0158646', 'main_loss': '0.0158646', 'time_per_step': '2.14539'}
2026-01-18 02:10:57,685 - train_greyscale_FA_MoE.py - {'step': '148600', 'lr': '0.0002', 'total_loss': '0.00754959', 'main_loss': '0.00754959', 'time_per_step': '2.20627'}
2026-01-18 02:14:45,708 - train_greyscale_FA_MoE.py - {'step': '148700', 'lr': '0.0002', 'total_loss': '0.00985164', 'main_loss': '0.00985164', 'time_per_step': '2.15023'}
2026-01-18 02:18:33,105 - train_greyscale_FA_MoE.py - {'step': '148800', 'lr': '0.0002', 'total_loss': '0.00743315', 'main_loss': '0.00743315', 'time_per_step': '2.09151'}
2026-01-18 02:22:21,508 - train_greyscale_FA_MoE.py - {'step': '148900', 'lr': '0.0002', 'total_loss': '0.00706197', 'main_loss': '0.00706197', 'time_per_step': '2.22161'}
2026-01-18 02:26:08,765 - train_greyscale_FA_MoE.py - {'step': '149000', 'lr': '0.0002', 'total_loss': '0.00996229', 'main_loss': '0.00996229', 'time_per_step': '2.21168'}
2026-01-18 02:29:55,262 - train_greyscale_FA_MoE.py - {'step': '149100', 'lr': '0.0002', 'total_loss': '0.00769949', 'main_loss': '0.00769949', 'time_per_step': '2.21404'}
2026-01-18 02:33:42,226 - train_greyscale_FA_MoE.py - {'step': '149200', 'lr': '0.0002', 'total_loss': '0.00840691', 'main_loss': '0.00840691', 'time_per_step': '2.20035'}
2026-01-18 02:37:28,984 - train_greyscale_FA_MoE.py - {'step': '149300', 'lr': '0.0002', 'total_loss': '0.00773978', 'main_loss': '0.00773978', 'time_per_step': '2.2124'}
2026-01-18 02:41:16,095 - train_greyscale_FA_MoE.py - {'step': '149400', 'lr': '0.0002', 'total_loss': '0.00814658', 'main_loss': '0.00814658', 'time_per_step': '2.21955'}
2026-01-18 02:45:02,900 - train_greyscale_FA_MoE.py - {'step': '149500', 'lr': '0.0002', 'total_loss': '0.0119352', 'main_loss': '0.0119352', 'time_per_step': '2.22167'}
2026-01-18 02:48:50,805 - train_greyscale_FA_MoE.py - {'step': '149600', 'lr': '0.0002', 'total_loss': '0.00575639', 'main_loss': '0.00575639', 'time_per_step': '2.21836'}
2026-01-18 02:52:38,889 - train_greyscale_FA_MoE.py - {'step': '149700', 'lr': '0.0002', 'total_loss': '0.00784377', 'main_loss': '0.00784377', 'time_per_step': '2.17762'}
2026-01-18 02:56:25,464 - train_greyscale_FA_MoE.py - {'step': '149800', 'lr': '0.0002', 'total_loss': '0.0108527', 'main_loss': '0.0108527', 'time_per_step': '2.20194'}
2026-01-18 03:00:12,276 - train_greyscale_FA_MoE.py - {'step': '149900', 'lr': '0.0002', 'total_loss': '0.0108126', 'main_loss': '0.0108126', 'time_per_step': '2.09204'}
2026-01-18 03:03:59,709 - train_greyscale_FA_MoE.py - {'step': '150000', 'lr': '0.0002', 'total_loss': '0.00922478', 'main_loss': '0.00922478', 'time_per_step': '2.09063'}
2026-01-18 03:03:59,742 - train_greyscale_FA_MoE.py - Saved expert distribution of layer in_block_0 to output_shift_fa/acdc_wholeheart_uncond_fa_ec_moe_greyscale_uvit_mid_4by4_l6r9_low16_Y_bound/samples/expert_distribution_in_block_0_step150000.npy
2026-01-18 03:04:01,343 - train_greyscale_FA_MoE.py - Saved expert distribution of layer out_block_7 to output_shift_fa/acdc_wholeheart_uncond_fa_ec_moe_greyscale_uvit_mid_4by4_l6r9_low16_Y_bound/samples/expert_distribution_out_block_7_step150000.npy
2026-01-18 03:04:02,731 - train_greyscale_FA_MoE.py - Save a grid of 16 samples into output_shift_fa/acdc_wholeheart_uncond_fa_ec_moe_greyscale_uvit_mid_4by4_l6r9_low16_Y_bound/samples/150000.png by DPM-Solver
2026-01-18 03:04:08,300 - train_greyscale_FA_MoE.py - Finished saving sample grid to output_shift_fa/acdc_wholeheart_uncond_fa_ec_moe_greyscale_uvit_mid_4by4_l6r9_low16_Y_bound/samples/150000.png by DPM-Solver.
2026-01-18 03:04:08,353 - train_greyscale_FA_MoE.py - Save and eval checkpoint 150000...
2026-01-18 03:04:10,684 - train_greyscale_FA_MoE.py - eval_step: n_samples=50000, sample_steps=50, algorithm=dpm_solver, mini_batch_size=500, samples save into output_shift_fa/acdc_wholeheart_uncond_fa_ec_moe_greyscale_uvit_mid_4by4_l6r9_low16_Y_bound/samples/acdc_wholeheart_uncond_uvit_FA_EC_MoE_greyscale_mid_4by4_low16_150000_dpm
2026-01-18 03:54:59,681 - train_greyscale_FA_MoE.py - step=150000 fid50000=17.625064696061486
2026-01-18 04:01:45,576 - is_lpips.py - LPIPS: 0.5165 ± 0.0504
2026-01-18 04:01:45,582 - train_greyscale_FA_MoE.py - step=150000 LPIPS50000=0.5165249761296719
2026-01-18 04:07:11,638 - train_greyscale_FA_MoE.py - {'step': '150100', 'lr': '0.0002', 'total_loss': '0.0111341', 'main_loss': '0.0111341', 'time_per_step': '2.22829'}
2026-01-18 04:10:58,288 - train_greyscale_FA_MoE.py - {'step': '150200', 'lr': '0.0002', 'total_loss': '0.00856306', 'main_loss': '0.00856306', 'time_per_step': '2.22283'}
2026-01-18 04:14:46,494 - train_greyscale_FA_MoE.py - {'step': '150300', 'lr': '0.0002', 'total_loss': '0.0118411', 'main_loss': '0.0118411', 'time_per_step': '2.22296'}
2026-01-18 04:18:35,416 - train_greyscale_FA_MoE.py - {'step': '150400', 'lr': '0.0002', 'total_loss': '0.011935', 'main_loss': '0.011935', 'time_per_step': '2.25994'}
2026-01-18 04:22:22,189 - train_greyscale_FA_MoE.py - {'step': '150500', 'lr': '0.0002', 'total_loss': '0.0107091', 'main_loss': '0.0107091', 'time_per_step': '2.20472'}
2026-01-18 04:26:09,158 - train_greyscale_FA_MoE.py - {'step': '150600', 'lr': '0.0002', 'total_loss': '0.0102413', 'main_loss': '0.0102413', 'time_per_step': '2.19529'}
2026-01-18 04:29:56,877 - train_greyscale_FA_MoE.py - {'step': '150700', 'lr': '0.0002', 'total_loss': '0.00707187', 'main_loss': '0.00707187', 'time_per_step': '2.23906'}
2026-01-18 04:33:45,108 - train_greyscale_FA_MoE.py - {'step': '150800', 'lr': '0.0002', 'total_loss': '0.0073203', 'main_loss': '0.0073203', 'time_per_step': '2.17672'}
2026-01-18 04:37:33,546 - train_greyscale_FA_MoE.py - {'step': '150900', 'lr': '0.0002', 'total_loss': '0.01297', 'main_loss': '0.01297', 'time_per_step': '2.26949'}
2026-01-18 04:41:20,633 - train_greyscale_FA_MoE.py - {'step': '151000', 'lr': '0.0002', 'total_loss': '0.00888803', 'main_loss': '0.00888803', 'time_per_step': '2.24305'}
2026-01-18 04:45:08,005 - train_greyscale_FA_MoE.py - {'step': '151100', 'lr': '0.0002', 'total_loss': '0.00818675', 'main_loss': '0.00818675', 'time_per_step': '2.10941'}
2026-01-18 04:48:55,633 - train_greyscale_FA_MoE.py - {'step': '151200', 'lr': '0.0002', 'total_loss': '0.00842337', 'main_loss': '0.00842337', 'time_per_step': '2.0924'}
2026-01-18 04:52:44,141 - train_greyscale_FA_MoE.py - {'step': '151300', 'lr': '0.0002', 'total_loss': '0.0107135', 'main_loss': '0.0107135', 'time_per_step': '2.2127'}
2026-01-18 04:56:30,985 - train_greyscale_FA_MoE.py - {'step': '151400', 'lr': '0.0002', 'total_loss': '0.00807479', 'main_loss': '0.00807479', 'time_per_step': '2.20801'}
2026-01-18 05:00:19,345 - train_greyscale_FA_MoE.py - {'step': '151500', 'lr': '0.0002', 'total_loss': '0.0104849', 'main_loss': '0.0104849', 'time_per_step': '2.15098'}
2026-01-18 05:04:06,835 - train_greyscale_FA_MoE.py - {'step': '151600', 'lr': '0.0002', 'total_loss': '0.0107674', 'main_loss': '0.0107674', 'time_per_step': '2.19928'}
2026-01-18 05:07:53,992 - train_greyscale_FA_MoE.py - {'step': '151700', 'lr': '0.0002', 'total_loss': '0.0108838', 'main_loss': '0.0108838', 'time_per_step': '2.22391'}
2026-01-18 05:11:40,395 - train_greyscale_FA_MoE.py - {'step': '151800', 'lr': '0.0002', 'total_loss': '0.013772', 'main_loss': '0.013772', 'time_per_step': '2.23658'}
2026-01-18 05:15:28,502 - train_greyscale_FA_MoE.py - {'step': '151900', 'lr': '0.0002', 'total_loss': '0.0116779', 'main_loss': '0.0116779', 'time_per_step': '2.2256'}
2026-01-18 05:19:18,039 - train_greyscale_FA_MoE.py - {'step': '152000', 'lr': '0.0002', 'total_loss': '0.00943967', 'main_loss': '0.00943967', 'time_per_step': '2.20864'}
2026-01-18 05:23:05,601 - train_greyscale_FA_MoE.py - {'step': '152100', 'lr': '0.0002', 'total_loss': '0.0137864', 'main_loss': '0.0137864', 'time_per_step': '2.18025'}
2026-01-18 05:26:52,349 - train_greyscale_FA_MoE.py - {'step': '152200', 'lr': '0.0002', 'total_loss': '0.00726717', 'main_loss': '0.00726717', 'time_per_step': '2.23355'}
2026-01-18 05:30:39,174 - train_greyscale_FA_MoE.py - {'step': '152300', 'lr': '0.0002', 'total_loss': '0.00909382', 'main_loss': '0.00909382', 'time_per_step': '2.0964'}
2026-01-18 05:34:25,817 - train_greyscale_FA_MoE.py - {'step': '152400', 'lr': '0.0002', 'total_loss': '0.00976438', 'main_loss': '0.00976438', 'time_per_step': '2.09178'}
2026-01-18 05:38:14,350 - train_greyscale_FA_MoE.py - {'step': '152500', 'lr': '0.0002', 'total_loss': '0.0100667', 'main_loss': '0.0100667', 'time_per_step': '2.21854'}
2026-01-18 05:42:00,872 - train_greyscale_FA_MoE.py - {'step': '152600', 'lr': '0.0002', 'total_loss': '0.00733336', 'main_loss': '0.00733336', 'time_per_step': '2.15422'}
2026-01-18 05:45:49,049 - train_greyscale_FA_MoE.py - {'step': '152700', 'lr': '0.0002', 'total_loss': '0.00980234', 'main_loss': '0.00980234', 'time_per_step': '2.20537'}
2026-01-18 05:49:37,233 - train_greyscale_FA_MoE.py - {'step': '152800', 'lr': '0.0002', 'total_loss': '0.00574735', 'main_loss': '0.00574735', 'time_per_step': '2.32467'}
2026-01-18 05:53:25,849 - train_greyscale_FA_MoE.py - {'step': '152900', 'lr': '0.0002', 'total_loss': '0.0115265', 'main_loss': '0.0115265', 'time_per_step': '2.21347'}
2026-01-18 05:57:12,579 - train_greyscale_FA_MoE.py - {'step': '153000', 'lr': '0.0002', 'total_loss': '0.00620792', 'main_loss': '0.00620792', 'time_per_step': '2.18704'}
2026-01-18 06:01:00,552 - train_greyscale_FA_MoE.py - {'step': '153100', 'lr': '0.0002', 'total_loss': '0.00914119', 'main_loss': '0.00914119', 'time_per_step': '2.1513'}
2026-01-18 06:04:48,038 - train_greyscale_FA_MoE.py - {'step': '153200', 'lr': '0.0002', 'total_loss': '0.0103663', 'main_loss': '0.0103663', 'time_per_step': '2.2235'}
2026-01-18 06:08:35,796 - train_greyscale_FA_MoE.py - {'step': '153300', 'lr': '0.0002', 'total_loss': '0.00821057', 'main_loss': '0.00821057', 'time_per_step': '2.18056'}
2026-01-18 06:12:22,376 - train_greyscale_FA_MoE.py - {'step': '153400', 'lr': '0.0002', 'total_loss': '0.010798', 'main_loss': '0.010798', 'time_per_step': '2.22346'}
2026-01-18 06:16:10,045 - train_greyscale_FA_MoE.py - {'step': '153500', 'lr': '0.0002', 'total_loss': '0.0096882', 'main_loss': '0.0096882', 'time_per_step': '2.0941'}
2026-01-18 06:19:57,560 - train_greyscale_FA_MoE.py - {'step': '153600', 'lr': '0.0002', 'total_loss': '0.00786593', 'main_loss': '0.00786593', 'time_per_step': '2.10577'}
2026-01-18 06:23:46,620 - train_greyscale_FA_MoE.py - {'step': '153700', 'lr': '0.0002', 'total_loss': '0.00638645', 'main_loss': '0.00638645', 'time_per_step': '2.20602'}
2026-01-18 06:27:33,058 - train_greyscale_FA_MoE.py - {'step': '153800', 'lr': '0.0002', 'total_loss': '0.0093133', 'main_loss': '0.0093133', 'time_per_step': '2.18225'}
2026-01-18 06:31:21,289 - train_greyscale_FA_MoE.py - {'step': '153900', 'lr': '0.0002', 'total_loss': '0.00690452', 'main_loss': '0.00690452', 'time_per_step': '2.20722'}
2026-01-18 06:35:08,692 - train_greyscale_FA_MoE.py - {'step': '154000', 'lr': '0.0002', 'total_loss': '0.00535366', 'main_loss': '0.00535366', 'time_per_step': '2.19473'}
2026-01-18 06:38:56,149 - train_greyscale_FA_MoE.py - {'step': '154100', 'lr': '0.0002', 'total_loss': '0.0063696', 'main_loss': '0.0063696', 'time_per_step': '2.18725'}
2026-01-18 06:42:43,048 - train_greyscale_FA_MoE.py - {'step': '154200', 'lr': '0.0002', 'total_loss': '0.00866804', 'main_loss': '0.00866804', 'time_per_step': '2.22012'}
2026-01-18 06:46:30,192 - train_greyscale_FA_MoE.py - {'step': '154300', 'lr': '0.0002', 'total_loss': '0.0074918', 'main_loss': '0.0074918', 'time_per_step': '2.21697'}
2026-01-18 06:50:18,556 - train_greyscale_FA_MoE.py - {'step': '154400', 'lr': '0.0002', 'total_loss': '0.00907066', 'main_loss': '0.00907066', 'time_per_step': '2.19461'}
2026-01-18 06:54:06,003 - train_greyscale_FA_MoE.py - {'step': '154500', 'lr': '0.0002', 'total_loss': '0.0062657', 'main_loss': '0.0062657', 'time_per_step': '2.18654'}
2026-01-18 06:57:52,784 - train_greyscale_FA_MoE.py - {'step': '154600', 'lr': '0.0002', 'total_loss': '0.0122405', 'main_loss': '0.0122405', 'time_per_step': '2.23871'}
2026-01-18 07:01:39,858 - train_greyscale_FA_MoE.py - {'step': '154700', 'lr': '0.0002', 'total_loss': '0.00820822', 'main_loss': '0.00820822', 'time_per_step': '2.09885'}
2026-01-18 07:05:26,673 - train_greyscale_FA_MoE.py - {'step': '154800', 'lr': '0.0002', 'total_loss': '0.0111837', 'main_loss': '0.0111837', 'time_per_step': '2.10364'}
2026-01-18 07:09:15,825 - train_greyscale_FA_MoE.py - {'step': '154900', 'lr': '0.0002', 'total_loss': '0.00694007', 'main_loss': '0.00694007', 'time_per_step': '2.21681'}
2026-01-18 07:13:03,082 - train_greyscale_FA_MoE.py - {'step': '155000', 'lr': '0.0002', 'total_loss': '0.00793407', 'main_loss': '0.00793407', 'time_per_step': '2.23789'}
2026-01-18 07:16:52,636 - train_greyscale_FA_MoE.py - {'step': '155100', 'lr': '0.0002', 'total_loss': '0.0110377', 'main_loss': '0.0110377', 'time_per_step': '2.24889'}
2026-01-18 07:20:40,881 - train_greyscale_FA_MoE.py - {'step': '155200', 'lr': '0.0002', 'total_loss': '0.0100976', 'main_loss': '0.0100976', 'time_per_step': '2.1969'}
2026-01-18 07:24:28,901 - train_greyscale_FA_MoE.py - {'step': '155300', 'lr': '0.0002', 'total_loss': '0.0116278', 'main_loss': '0.0116278', 'time_per_step': '2.18926'}
2026-01-18 07:28:15,773 - train_greyscale_FA_MoE.py - {'step': '155400', 'lr': '0.0002', 'total_loss': '0.00819024', 'main_loss': '0.00819024', 'time_per_step': '2.24239'}
2026-01-18 07:32:09,055 - train_greyscale_FA_MoE.py - {'step': '155500', 'lr': '0.0002', 'total_loss': '0.0104081', 'main_loss': '0.0104081', 'time_per_step': '2.22735'}
2026-01-18 07:36:04,565 - train_greyscale_FA_MoE.py - {'step': '155600', 'lr': '0.0002', 'total_loss': '0.00871547', 'main_loss': '0.00871547', 'time_per_step': '2.27887'}
2026-01-18 07:39:55,515 - train_greyscale_FA_MoE.py - {'step': '155700', 'lr': '0.0002', 'total_loss': '0.00696678', 'main_loss': '0.00696678', 'time_per_step': '2.15745'}
2026-01-18 07:43:54,067 - train_greyscale_FA_MoE.py - {'step': '155800', 'lr': '0.0002', 'total_loss': '0.00616956', 'main_loss': '0.00616956', 'time_per_step': '2.1886'}
2026-01-18 07:47:56,556 - train_greyscale_FA_MoE.py - {'step': '155900', 'lr': '0.0002', 'total_loss': '0.00888911', 'main_loss': '0.00888911', 'time_per_step': '2.10257'}
2026-01-18 07:51:44,375 - train_greyscale_FA_MoE.py - {'step': '156000', 'lr': '0.0002', 'total_loss': '0.00907964', 'main_loss': '0.00907964', 'time_per_step': '2.09914'}
2026-01-18 07:55:33,017 - train_greyscale_FA_MoE.py - {'step': '156100', 'lr': '0.0002', 'total_loss': '0.0131432', 'main_loss': '0.0131432', 'time_per_step': '2.2287'}
2026-01-18 07:59:19,918 - train_greyscale_FA_MoE.py - {'step': '156200', 'lr': '0.0002', 'total_loss': '0.00925974', 'main_loss': '0.00925974', 'time_per_step': '2.21291'}
2026-01-18 08:03:07,232 - train_greyscale_FA_MoE.py - {'step': '156300', 'lr': '0.0002', 'total_loss': '0.00890028', 'main_loss': '0.00890028', 'time_per_step': '2.19596'}
2026-01-18 08:06:54,721 - train_greyscale_FA_MoE.py - {'step': '156400', 'lr': '0.0002', 'total_loss': '0.00744083', 'main_loss': '0.00744083', 'time_per_step': '2.17979'}
2026-01-18 08:10:42,295 - train_greyscale_FA_MoE.py - {'step': '156500', 'lr': '0.0002', 'total_loss': '0.0113146', 'main_loss': '0.0113146', 'time_per_step': '2.19896'}
2026-01-18 08:14:29,061 - train_greyscale_FA_MoE.py - {'step': '156600', 'lr': '0.0002', 'total_loss': '0.00808686', 'main_loss': '0.00808686', 'time_per_step': '2.18619'}
2026-01-18 08:18:17,691 - train_greyscale_FA_MoE.py - {'step': '156700', 'lr': '0.0002', 'total_loss': '0.00874318', 'main_loss': '0.00874318', 'time_per_step': '2.21877'}
2026-01-18 08:22:05,323 - train_greyscale_FA_MoE.py - {'step': '156800', 'lr': '0.0002', 'total_loss': '0.007695', 'main_loss': '0.007695', 'time_per_step': '2.2478'}
2026-01-18 08:25:53,636 - train_greyscale_FA_MoE.py - {'step': '156900', 'lr': '0.0002', 'total_loss': '0.00971492', 'main_loss': '0.00971492', 'time_per_step': '2.2363'}
2026-01-18 08:29:40,082 - train_greyscale_FA_MoE.py - {'step': '157000', 'lr': '0.0002', 'total_loss': '0.0110822', 'main_loss': '0.0110822', 'time_per_step': '2.22334'}
2026-01-18 08:33:27,613 - train_greyscale_FA_MoE.py - {'step': '157100', 'lr': '0.0002', 'total_loss': '0.00604841', 'main_loss': '0.00604841', 'time_per_step': '2.10019'}
2026-01-18 08:37:14,900 - train_greyscale_FA_MoE.py - {'step': '157200', 'lr': '0.0002', 'total_loss': '0.0123992', 'main_loss': '0.0123992', 'time_per_step': '2.09193'}
2026-01-18 08:41:02,589 - train_greyscale_FA_MoE.py - {'step': '157300', 'lr': '0.0002', 'total_loss': '0.0104416', 'main_loss': '0.0104416', 'time_per_step': '2.22629'}
2026-01-18 08:44:49,413 - train_greyscale_FA_MoE.py - {'step': '157400', 'lr': '0.0002', 'total_loss': '0.00993725', 'main_loss': '0.00993725', 'time_per_step': '2.22749'}
2026-01-18 08:48:36,707 - train_greyscale_FA_MoE.py - {'step': '157500', 'lr': '0.0002', 'total_loss': '0.0113599', 'main_loss': '0.0113599', 'time_per_step': '2.22931'}
2026-01-18 08:52:24,311 - train_greyscale_FA_MoE.py - {'step': '157600', 'lr': '0.0002', 'total_loss': '0.00591101', 'main_loss': '0.00591101', 'time_per_step': '2.2084'}
2026-01-18 08:56:12,231 - train_greyscale_FA_MoE.py - {'step': '157700', 'lr': '0.0002', 'total_loss': '0.00565864', 'main_loss': '0.00565864', 'time_per_step': '2.21824'}
2026-01-18 08:59:58,911 - train_greyscale_FA_MoE.py - {'step': '157800', 'lr': '0.0002', 'total_loss': '0.00539634', 'main_loss': '0.00539634', 'time_per_step': '2.22105'}
2026-01-18 09:03:46,476 - train_greyscale_FA_MoE.py - {'step': '157900', 'lr': '0.0002', 'total_loss': '0.00998782', 'main_loss': '0.00998782', 'time_per_step': '2.17493'}
2026-01-18 09:07:34,299 - train_greyscale_FA_MoE.py - {'step': '158000', 'lr': '0.0002', 'total_loss': '0.00962931', 'main_loss': '0.00962931', 'time_per_step': '2.28107'}
2026-01-18 09:11:21,957 - train_greyscale_FA_MoE.py - {'step': '158100', 'lr': '0.0002', 'total_loss': '0.00835827', 'main_loss': '0.00835827', 'time_per_step': '2.19257'}
2026-01-18 09:15:08,929 - train_greyscale_FA_MoE.py - {'step': '158200', 'lr': '0.0002', 'total_loss': '0.00722328', 'main_loss': '0.00722328', 'time_per_step': '2.211'}
2026-01-18 09:18:56,632 - train_greyscale_FA_MoE.py - {'step': '158300', 'lr': '0.0002', 'total_loss': '0.00980783', 'main_loss': '0.00980783', 'time_per_step': '2.10498'}
2026-01-18 09:22:43,916 - train_greyscale_FA_MoE.py - {'step': '158400', 'lr': '0.0002', 'total_loss': '0.009401', 'main_loss': '0.009401', 'time_per_step': '2.08909'}
2026-01-18 09:26:31,881 - train_greyscale_FA_MoE.py - {'step': '158500', 'lr': '0.0002', 'total_loss': '0.0111313', 'main_loss': '0.0111313', 'time_per_step': '2.21123'}
2026-01-18 09:30:18,679 - train_greyscale_FA_MoE.py - {'step': '158600', 'lr': '0.0002', 'total_loss': '0.0055194', 'main_loss': '0.0055194', 'time_per_step': '2.20549'}
2026-01-18 09:34:06,883 - train_greyscale_FA_MoE.py - {'step': '158700', 'lr': '0.0002', 'total_loss': '0.00790872', 'main_loss': '0.00790872', 'time_per_step': '2.20606'}
2026-01-18 09:37:54,692 - train_greyscale_FA_MoE.py - {'step': '158800', 'lr': '0.0002', 'total_loss': '0.00543315', 'main_loss': '0.00543315', 'time_per_step': '2.21838'}
2026-01-18 09:41:42,664 - train_greyscale_FA_MoE.py - {'step': '158900', 'lr': '0.0002', 'total_loss': '0.0105087', 'main_loss': '0.0105087', 'time_per_step': '2.21817'}
2026-01-18 09:45:28,898 - train_greyscale_FA_MoE.py - {'step': '159000', 'lr': '0.0002', 'total_loss': '0.00609241', 'main_loss': '0.00609241', 'time_per_step': '2.21594'}
2026-01-18 09:49:15,658 - train_greyscale_FA_MoE.py - {'step': '159100', 'lr': '0.0002', 'total_loss': '0.010508', 'main_loss': '0.010508', 'time_per_step': '2.20547'}
2026-01-18 09:53:03,137 - train_greyscale_FA_MoE.py - {'step': '159200', 'lr': '0.0002', 'total_loss': '0.0104115', 'main_loss': '0.0104115', 'time_per_step': '2.22188'}
2026-01-18 09:56:51,075 - train_greyscale_FA_MoE.py - {'step': '159300', 'lr': '0.0002', 'total_loss': '0.00824768', 'main_loss': '0.00824768', 'time_per_step': '2.21801'}
2026-01-18 10:00:37,621 - train_greyscale_FA_MoE.py - {'step': '159400', 'lr': '0.0002', 'total_loss': '0.0086341', 'main_loss': '0.0086341', 'time_per_step': '2.39711'}
2026-01-18 10:04:24,557 - train_greyscale_FA_MoE.py - {'step': '159500', 'lr': '0.0002', 'total_loss': '0.00984446', 'main_loss': '0.00984446', 'time_per_step': '2.09064'}
2026-01-18 10:08:11,915 - train_greyscale_FA_MoE.py - {'step': '159600', 'lr': '0.0002', 'total_loss': '0.00867019', 'main_loss': '0.00867019', 'time_per_step': '2.09283'}
2026-01-18 10:12:00,712 - train_greyscale_FA_MoE.py - {'step': '159700', 'lr': '0.0002', 'total_loss': '0.00835351', 'main_loss': '0.00835351', 'time_per_step': '2.20405'}
2026-01-18 10:15:48,671 - train_greyscale_FA_MoE.py - {'step': '159800', 'lr': '0.0002', 'total_loss': '0.00809636', 'main_loss': '0.00809636', 'time_per_step': '2.20176'}
2026-01-18 10:19:36,623 - train_greyscale_FA_MoE.py - {'step': '159900', 'lr': '0.0002', 'total_loss': '0.00817902', 'main_loss': '0.00817902', 'time_per_step': '2.2251'}
2026-01-18 10:23:24,673 - train_greyscale_FA_MoE.py - {'step': '160000', 'lr': '0.0002', 'total_loss': '0.0107769', 'main_loss': '0.0107769', 'time_per_step': '2.21908'}
2026-01-18 10:27:12,121 - train_greyscale_FA_MoE.py - {'step': '160100', 'lr': '0.0002', 'total_loss': '0.00878119', 'main_loss': '0.00878119', 'time_per_step': '2.20567'}
2026-01-18 10:30:59,290 - train_greyscale_FA_MoE.py - {'step': '160200', 'lr': '0.0002', 'total_loss': '0.00701844', 'main_loss': '0.00701844', 'time_per_step': '2.21392'}
2026-01-18 10:34:46,534 - train_greyscale_FA_MoE.py - {'step': '160300', 'lr': '0.0002', 'total_loss': '0.00873415', 'main_loss': '0.00873415', 'time_per_step': '2.19299'}
2026-01-18 10:38:33,065 - train_greyscale_FA_MoE.py - {'step': '160400', 'lr': '0.0002', 'total_loss': '0.0115081', 'main_loss': '0.0115081', 'time_per_step': '2.20515'}
2026-01-18 10:42:20,247 - train_greyscale_FA_MoE.py - {'step': '160500', 'lr': '0.0002', 'total_loss': '0.0124172', 'main_loss': '0.0124172', 'time_per_step': '2.21651'}
2026-01-18 10:46:06,785 - train_greyscale_FA_MoE.py - {'step': '160600', 'lr': '0.0002', 'total_loss': '0.00983937', 'main_loss': '0.00983937', 'time_per_step': '2.17384'}
2026-01-18 10:49:54,064 - train_greyscale_FA_MoE.py - {'step': '160700', 'lr': '0.0002', 'total_loss': '0.0108493', 'main_loss': '0.0108493', 'time_per_step': '2.07895'}
2026-01-18 10:53:40,828 - train_greyscale_FA_MoE.py - {'step': '160800', 'lr': '0.0002', 'total_loss': '0.0095879', 'main_loss': '0.0095879', 'time_per_step': '2.08853'}
2026-01-18 10:57:28,595 - train_greyscale_FA_MoE.py - {'step': '160900', 'lr': '0.0002', 'total_loss': '0.0100258', 'main_loss': '0.0100258', 'time_per_step': '2.19072'}
2026-01-18 11:01:15,318 - train_greyscale_FA_MoE.py - {'step': '161000', 'lr': '0.0002', 'total_loss': '0.00957006', 'main_loss': '0.00957006', 'time_per_step': '2.18038'}
2026-01-18 11:05:03,562 - train_greyscale_FA_MoE.py - {'step': '161100', 'lr': '0.0002', 'total_loss': '0.00770199', 'main_loss': '0.00770199', 'time_per_step': '2.28099'}
2026-01-18 11:08:51,337 - train_greyscale_FA_MoE.py - {'step': '161200', 'lr': '0.0002', 'total_loss': '0.00607617', 'main_loss': '0.00607617', 'time_per_step': '2.20103'}
2026-01-18 11:12:38,419 - train_greyscale_FA_MoE.py - {'step': '161300', 'lr': '0.0002', 'total_loss': '0.014833', 'main_loss': '0.014833', 'time_per_step': '2.22809'}
2026-01-18 11:16:25,007 - train_greyscale_FA_MoE.py - {'step': '161400', 'lr': '0.0002', 'total_loss': '0.00767765', 'main_loss': '0.00767765', 'time_per_step': '2.19478'}
2026-01-18 11:20:11,997 - train_greyscale_FA_MoE.py - {'step': '161500', 'lr': '0.0002', 'total_loss': '0.00707487', 'main_loss': '0.00707487', 'time_per_step': '2.19926'}
2026-01-18 11:23:59,472 - train_greyscale_FA_MoE.py - {'step': '161600', 'lr': '0.0002', 'total_loss': '0.00921501', 'main_loss': '0.00921501', 'time_per_step': '2.22442'}
2026-01-18 11:27:47,509 - train_greyscale_FA_MoE.py - {'step': '161700', 'lr': '0.0002', 'total_loss': '0.0117939', 'main_loss': '0.0117939', 'time_per_step': '2.21098'}
2026-01-18 11:31:34,123 - train_greyscale_FA_MoE.py - {'step': '161800', 'lr': '0.0002', 'total_loss': '0.0111351', 'main_loss': '0.0111351', 'time_per_step': '2.25593'}
2026-01-18 11:35:21,682 - train_greyscale_FA_MoE.py - {'step': '161900', 'lr': '0.0002', 'total_loss': '0.0114201', 'main_loss': '0.0114201', 'time_per_step': '2.10319'}
2026-01-18 11:39:08,647 - train_greyscale_FA_MoE.py - {'step': '162000', 'lr': '0.0002', 'total_loss': '0.00866144', 'main_loss': '0.00866144', 'time_per_step': '2.08785'}
2026-01-18 11:42:57,042 - train_greyscale_FA_MoE.py - {'step': '162100', 'lr': '0.0002', 'total_loss': '0.0139218', 'main_loss': '0.0139218', 'time_per_step': '2.22999'}
2026-01-18 11:46:43,298 - train_greyscale_FA_MoE.py - {'step': '162200', 'lr': '0.0002', 'total_loss': '0.00757955', 'main_loss': '0.00757955', 'time_per_step': '2.17859'}
2026-01-18 11:50:31,350 - train_greyscale_FA_MoE.py - {'step': '162300', 'lr': '0.0002', 'total_loss': '0.011627', 'main_loss': '0.011627', 'time_per_step': '2.22018'}
2026-01-18 11:54:18,504 - train_greyscale_FA_MoE.py - {'step': '162400', 'lr': '0.0002', 'total_loss': '0.00887069', 'main_loss': '0.00887069', 'time_per_step': '2.20945'}
2026-01-18 11:58:05,972 - train_greyscale_FA_MoE.py - {'step': '162500', 'lr': '0.0002', 'total_loss': '0.00960016', 'main_loss': '0.00960016', 'time_per_step': '2.21543'}
2026-01-18 12:01:53,292 - train_greyscale_FA_MoE.py - {'step': '162600', 'lr': '0.0002', 'total_loss': '0.01082', 'main_loss': '0.01082', 'time_per_step': '2.24626'}
2026-01-18 12:05:40,906 - train_greyscale_FA_MoE.py - {'step': '162700', 'lr': '0.0002', 'total_loss': '0.00997218', 'main_loss': '0.00997218', 'time_per_step': '2.21223'}
2026-01-18 12:09:28,700 - train_greyscale_FA_MoE.py - {'step': '162800', 'lr': '0.0002', 'total_loss': '0.0149202', 'main_loss': '0.0149202', 'time_per_step': '2.24572'}
2026-01-18 12:13:16,031 - train_greyscale_FA_MoE.py - {'step': '162900', 'lr': '0.0002', 'total_loss': '0.00828122', 'main_loss': '0.00828122', 'time_per_step': '2.19082'}
2026-01-18 12:17:03,534 - train_greyscale_FA_MoE.py - {'step': '163000', 'lr': '0.0002', 'total_loss': '0.00813329', 'main_loss': '0.00813329', 'time_per_step': '2.23975'}
2026-01-18 12:20:51,856 - train_greyscale_FA_MoE.py - {'step': '163100', 'lr': '0.0002', 'total_loss': '0.0111559', 'main_loss': '0.0111559', 'time_per_step': '2.09641'}
2026-01-18 12:24:39,211 - train_greyscale_FA_MoE.py - {'step': '163200', 'lr': '0.0002', 'total_loss': '0.0090333', 'main_loss': '0.0090333', 'time_per_step': '2.08255'}
2026-01-18 12:28:27,581 - train_greyscale_FA_MoE.py - {'step': '163300', 'lr': '0.0002', 'total_loss': '0.00869177', 'main_loss': '0.00869177', 'time_per_step': '2.22648'}
2026-01-18 12:32:13,899 - train_greyscale_FA_MoE.py - {'step': '163400', 'lr': '0.0002', 'total_loss': '0.00839423', 'main_loss': '0.00839423', 'time_per_step': '2.21203'}
2026-01-18 12:36:01,401 - train_greyscale_FA_MoE.py - {'step': '163500', 'lr': '0.0002', 'total_loss': '0.0094558', 'main_loss': '0.0094558', 'time_per_step': '2.1847'}
2026-01-18 12:39:49,003 - train_greyscale_FA_MoE.py - {'step': '163600', 'lr': '0.0002', 'total_loss': '0.0111052', 'main_loss': '0.0111052', 'time_per_step': '2.231'}
2026-01-18 12:43:36,851 - train_greyscale_FA_MoE.py - {'step': '163700', 'lr': '0.0002', 'total_loss': '0.00858605', 'main_loss': '0.00858605', 'time_per_step': '2.24782'}
2026-01-18 12:47:23,487 - train_greyscale_FA_MoE.py - {'step': '163800', 'lr': '0.0002', 'total_loss': '0.0065128', 'main_loss': '0.0065128', 'time_per_step': '2.24656'}
2026-01-18 12:51:11,484 - train_greyscale_FA_MoE.py - {'step': '163900', 'lr': '0.0002', 'total_loss': '0.00728728', 'main_loss': '0.00728728', 'time_per_step': '2.19513'}
2026-01-18 12:54:58,233 - train_greyscale_FA_MoE.py - {'step': '164000', 'lr': '0.0002', 'total_loss': '0.00953798', 'main_loss': '0.00953798', 'time_per_step': '2.20141'}
2026-01-18 12:58:45,341 - train_greyscale_FA_MoE.py - {'step': '164100', 'lr': '0.0002', 'total_loss': '0.010366', 'main_loss': '0.010366', 'time_per_step': '2.20995'}
2026-01-18 13:02:31,918 - train_greyscale_FA_MoE.py - {'step': '164200', 'lr': '0.0002', 'total_loss': '0.00892007', 'main_loss': '0.00892007', 'time_per_step': '2.2061'}
2026-01-18 13:06:18,751 - train_greyscale_FA_MoE.py - {'step': '164300', 'lr': '0.0002', 'total_loss': '0.0095259', 'main_loss': '0.0095259', 'time_per_step': '2.10055'}
2026-01-18 13:10:05,927 - train_greyscale_FA_MoE.py - {'step': '164400', 'lr': '0.0002', 'total_loss': '0.0122584', 'main_loss': '0.0122584', 'time_per_step': '2.09927'}
2026-01-18 13:13:54,661 - train_greyscale_FA_MoE.py - {'step': '164500', 'lr': '0.0002', 'total_loss': '0.00994483', 'main_loss': '0.00994483', 'time_per_step': '2.32707'}
2026-01-18 13:17:42,197 - train_greyscale_FA_MoE.py - {'step': '164600', 'lr': '0.0002', 'total_loss': '0.0122312', 'main_loss': '0.0122312', 'time_per_step': '2.2081'}
2026-01-18 13:21:29,891 - train_greyscale_FA_MoE.py - {'step': '164700', 'lr': '0.0002', 'total_loss': '0.00948304', 'main_loss': '0.00948304', 'time_per_step': '2.21428'}
2026-01-18 13:25:17,307 - train_greyscale_FA_MoE.py - {'step': '164800', 'lr': '0.0002', 'total_loss': '0.00840378', 'main_loss': '0.00840378', 'time_per_step': '2.17144'}
2026-01-18 13:29:04,641 - train_greyscale_FA_MoE.py - {'step': '164900', 'lr': '0.0002', 'total_loss': '0.00983544', 'main_loss': '0.00983544', 'time_per_step': '2.2635'}
2026-01-18 13:32:51,213 - train_greyscale_FA_MoE.py - {'step': '165000', 'lr': '0.0002', 'total_loss': '0.00779748', 'main_loss': '0.00779748', 'time_per_step': '2.17314'}
2026-01-18 13:36:38,116 - train_greyscale_FA_MoE.py - {'step': '165100', 'lr': '0.0002', 'total_loss': '0.00932983', 'main_loss': '0.00932983', 'time_per_step': '2.21567'}
2026-01-18 13:40:25,611 - train_greyscale_FA_MoE.py - {'step': '165200', 'lr': '0.0002', 'total_loss': '0.00873548', 'main_loss': '0.00873548', 'time_per_step': '2.21061'}
2026-01-18 13:44:13,125 - train_greyscale_FA_MoE.py - {'step': '165300', 'lr': '0.0002', 'total_loss': '0.00708396', 'main_loss': '0.00708396', 'time_per_step': '2.20635'}
2026-01-18 13:47:59,622 - train_greyscale_FA_MoE.py - {'step': '165400', 'lr': '0.0002', 'total_loss': '0.00878079', 'main_loss': '0.00878079', 'time_per_step': '2.17184'}
2026-01-18 13:51:47,041 - train_greyscale_FA_MoE.py - {'step': '165500', 'lr': '0.0002', 'total_loss': '0.00926419', 'main_loss': '0.00926419', 'time_per_step': '2.0913'}
2026-01-18 13:55:34,487 - train_greyscale_FA_MoE.py - {'step': '165600', 'lr': '0.0002', 'total_loss': '0.00760248', 'main_loss': '0.00760248', 'time_per_step': '2.16814'}
2026-01-18 13:59:22,608 - train_greyscale_FA_MoE.py - {'step': '165700', 'lr': '0.0002', 'total_loss': '0.0114406', 'main_loss': '0.0114406', 'time_per_step': '2.20149'}
2026-01-18 14:03:09,383 - train_greyscale_FA_MoE.py - {'step': '165800', 'lr': '0.0002', 'total_loss': '0.00705314', 'main_loss': '0.00705314', 'time_per_step': '2.16788'}
2026-01-18 14:06:56,896 - train_greyscale_FA_MoE.py - {'step': '165900', 'lr': '0.0002', 'total_loss': '0.00678938', 'main_loss': '0.00678938', 'time_per_step': '2.26055'}
2026-01-18 14:10:45,416 - train_greyscale_FA_MoE.py - {'step': '166000', 'lr': '0.0002', 'total_loss': '0.0137185', 'main_loss': '0.0137185', 'time_per_step': '2.21358'}
2026-01-18 14:14:32,581 - train_greyscale_FA_MoE.py - {'step': '166100', 'lr': '0.0002', 'total_loss': '0.00673978', 'main_loss': '0.00673978', 'time_per_step': '2.21655'}
2026-01-18 14:18:20,141 - train_greyscale_FA_MoE.py - {'step': '166200', 'lr': '0.0002', 'total_loss': '0.00907857', 'main_loss': '0.00907857', 'time_per_step': '2.19183'}
2026-01-18 14:22:07,985 - train_greyscale_FA_MoE.py - {'step': '166300', 'lr': '0.0002', 'total_loss': '0.00859647', 'main_loss': '0.00859647', 'time_per_step': '2.19532'}
2026-01-18 14:25:55,558 - train_greyscale_FA_MoE.py - {'step': '166400', 'lr': '0.0002', 'total_loss': '0.00801656', 'main_loss': '0.00801656', 'time_per_step': '2.21138'}
2026-01-18 14:29:43,333 - train_greyscale_FA_MoE.py - {'step': '166500', 'lr': '0.0002', 'total_loss': '0.0112978', 'main_loss': '0.0112978', 'time_per_step': '2.19774'}
2026-01-18 14:33:29,900 - train_greyscale_FA_MoE.py - {'step': '166600', 'lr': '0.0002', 'total_loss': '0.00877922', 'main_loss': '0.00877922', 'time_per_step': '2.2059'}
2026-01-18 14:37:18,098 - train_greyscale_FA_MoE.py - {'step': '166700', 'lr': '0.0002', 'total_loss': '0.0088548', 'main_loss': '0.0088548', 'time_per_step': '2.09257'}
2026-01-18 14:41:05,460 - train_greyscale_FA_MoE.py - {'step': '166800', 'lr': '0.0002', 'total_loss': '0.00615203', 'main_loss': '0.00615203', 'time_per_step': '2.11409'}
2026-01-18 14:44:53,096 - train_greyscale_FA_MoE.py - {'step': '166900', 'lr': '0.0002', 'total_loss': '0.00791325', 'main_loss': '0.00791325', 'time_per_step': '2.22009'}
2026-01-18 14:48:39,714 - train_greyscale_FA_MoE.py - {'step': '167000', 'lr': '0.0002', 'total_loss': '0.0108486', 'main_loss': '0.0108486', 'time_per_step': '2.15882'}
2026-01-18 14:52:26,608 - train_greyscale_FA_MoE.py - {'step': '167100', 'lr': '0.0002', 'total_loss': '0.00965097', 'main_loss': '0.00965097', 'time_per_step': '2.19214'}
2026-01-18 14:56:13,943 - train_greyscale_FA_MoE.py - {'step': '167200', 'lr': '0.0002', 'total_loss': '0.00679323', 'main_loss': '0.00679323', 'time_per_step': '2.20119'}
2026-01-18 15:00:00,334 - train_greyscale_FA_MoE.py - {'step': '167300', 'lr': '0.0002', 'total_loss': '0.00891322', 'main_loss': '0.00891322', 'time_per_step': '2.17272'}
2026-01-18 15:03:48,566 - train_greyscale_FA_MoE.py - {'step': '167400', 'lr': '0.0002', 'total_loss': '0.00644151', 'main_loss': '0.00644151', 'time_per_step': '2.15471'}
2026-01-18 15:07:36,301 - train_greyscale_FA_MoE.py - {'step': '167500', 'lr': '0.0002', 'total_loss': '0.00962508', 'main_loss': '0.00962508', 'time_per_step': '2.15778'}
2026-01-18 15:11:23,208 - train_greyscale_FA_MoE.py - {'step': '167600', 'lr': '0.0002', 'total_loss': '0.00807629', 'main_loss': '0.00807629', 'time_per_step': '2.22273'}
2026-01-18 15:15:09,964 - train_greyscale_FA_MoE.py - {'step': '167700', 'lr': '0.0002', 'total_loss': '0.00802306', 'main_loss': '0.00802306', 'time_per_step': '2.1474'}
2026-01-18 15:18:58,521 - train_greyscale_FA_MoE.py - {'step': '167800', 'lr': '0.0002', 'total_loss': '0.00912694', 'main_loss': '0.00912694', 'time_per_step': '2.19548'}
2026-01-18 15:22:46,708 - train_greyscale_FA_MoE.py - {'step': '167900', 'lr': '0.0002', 'total_loss': '0.00886491', 'main_loss': '0.00886491', 'time_per_step': '2.093'}
2026-01-18 15:26:33,539 - train_greyscale_FA_MoE.py - {'step': '168000', 'lr': '0.0002', 'total_loss': '0.0074651', 'main_loss': '0.0074651', 'time_per_step': '2.141'}
2026-01-18 15:30:20,781 - train_greyscale_FA_MoE.py - {'step': '168100', 'lr': '0.0002', 'total_loss': '0.00980678', 'main_loss': '0.00980678', 'time_per_step': '2.24962'}
2026-01-18 15:34:07,528 - train_greyscale_FA_MoE.py - {'step': '168200', 'lr': '0.0002', 'total_loss': '0.00786281', 'main_loss': '0.00786281', 'time_per_step': '2.20994'}
2026-01-18 15:37:54,675 - train_greyscale_FA_MoE.py - {'step': '168300', 'lr': '0.0002', 'total_loss': '0.0086594', 'main_loss': '0.0086594', 'time_per_step': '2.21389'}
2026-01-18 15:41:42,141 - train_greyscale_FA_MoE.py - {'step': '168400', 'lr': '0.0002', 'total_loss': '0.0100009', 'main_loss': '0.0100009', 'time_per_step': '2.21352'}
2026-01-18 15:45:28,512 - train_greyscale_FA_MoE.py - {'step': '168500', 'lr': '0.0002', 'total_loss': '0.0130691', 'main_loss': '0.0130691', 'time_per_step': '2.21341'}
2026-01-18 15:49:16,271 - train_greyscale_FA_MoE.py - {'step': '168600', 'lr': '0.0002', 'total_loss': '0.00783554', 'main_loss': '0.00783554', 'time_per_step': '2.21026'}
2026-01-18 15:53:04,159 - train_greyscale_FA_MoE.py - {'step': '168700', 'lr': '0.0002', 'total_loss': '0.00613994', 'main_loss': '0.00613994', 'time_per_step': '2.29545'}
2026-01-18 15:56:51,326 - train_greyscale_FA_MoE.py - {'step': '168800', 'lr': '0.0002', 'total_loss': '0.00931126', 'main_loss': '0.00931126', 'time_per_step': '2.18634'}
2026-01-18 16:00:37,792 - train_greyscale_FA_MoE.py - {'step': '168900', 'lr': '0.0002', 'total_loss': '0.00945279', 'main_loss': '0.00945279', 'time_per_step': '2.22481'}
2026-01-18 16:04:25,484 - train_greyscale_FA_MoE.py - {'step': '169000', 'lr': '0.0002', 'total_loss': '0.00859191', 'main_loss': '0.00859191', 'time_per_step': '2.23543'}
2026-01-18 16:08:13,298 - train_greyscale_FA_MoE.py - {'step': '169100', 'lr': '0.0002', 'total_loss': '0.0103529', 'main_loss': '0.0103529', 'time_per_step': '2.0916'}
2026-01-18 16:12:00,196 - train_greyscale_FA_MoE.py - {'step': '169200', 'lr': '0.0002', 'total_loss': '0.0080625', 'main_loss': '0.0080625', 'time_per_step': '2.08851'}
2026-01-18 16:15:48,312 - train_greyscale_FA_MoE.py - {'step': '169300', 'lr': '0.0002', 'total_loss': '0.00718701', 'main_loss': '0.00718701', 'time_per_step': '2.14884'}
2026-01-18 16:19:36,976 - train_greyscale_FA_MoE.py - {'step': '169400', 'lr': '0.0002', 'total_loss': '0.00632247', 'main_loss': '0.00632247', 'time_per_step': '2.26396'}
2026-01-18 16:23:24,314 - train_greyscale_FA_MoE.py - {'step': '169500', 'lr': '0.0002', 'total_loss': '0.0118462', 'main_loss': '0.0118462', 'time_per_step': '2.18869'}
2026-01-18 16:27:11,945 - train_greyscale_FA_MoE.py - {'step': '169600', 'lr': '0.0002', 'total_loss': '0.00608061', 'main_loss': '0.00608061', 'time_per_step': '2.22774'}
2026-01-18 16:30:58,592 - train_greyscale_FA_MoE.py - {'step': '169700', 'lr': '0.0002', 'total_loss': '0.0076347', 'main_loss': '0.0076347', 'time_per_step': '2.2316'}
2026-01-18 16:34:45,991 - train_greyscale_FA_MoE.py - {'step': '169800', 'lr': '0.0002', 'total_loss': '0.00668097', 'main_loss': '0.00668097', 'time_per_step': '2.22236'}
2026-01-18 16:38:33,668 - train_greyscale_FA_MoE.py - {'step': '169900', 'lr': '0.0002', 'total_loss': '0.00631538', 'main_loss': '0.00631538', 'time_per_step': '2.24732'}
2026-01-18 16:42:21,436 - train_greyscale_FA_MoE.py - {'step': '170000', 'lr': '0.0002', 'total_loss': '0.00596715', 'main_loss': '0.00596715', 'time_per_step': '2.22459'}
2026-01-18 16:46:07,353 - train_greyscale_FA_MoE.py - {'step': '170100', 'lr': '0.0002', 'total_loss': '0.00829517', 'main_loss': '0.00829517', 'time_per_step': '2.22886'}
2026-01-18 16:49:54,776 - train_greyscale_FA_MoE.py - {'step': '170200', 'lr': '0.0002', 'total_loss': '0.011285', 'main_loss': '0.011285', 'time_per_step': '2.1919'}
2026-01-18 16:53:41,937 - train_greyscale_FA_MoE.py - {'step': '170300', 'lr': '0.0002', 'total_loss': '0.0113649', 'main_loss': '0.0113649', 'time_per_step': '2.0906'}
2026-01-18 16:57:29,488 - train_greyscale_FA_MoE.py - {'step': '170400', 'lr': '0.0002', 'total_loss': '0.0103882', 'main_loss': '0.0103882', 'time_per_step': '2.09154'}
2026-01-18 17:01:16,172 - train_greyscale_FA_MoE.py - {'step': '170500', 'lr': '0.0002', 'total_loss': '0.00792491', 'main_loss': '0.00792491', 'time_per_step': '2.20579'}
2026-01-18 17:05:04,056 - train_greyscale_FA_MoE.py - {'step': '170600', 'lr': '0.0002', 'total_loss': '0.00539588', 'main_loss': '0.00539588', 'time_per_step': '2.25282'}
2026-01-18 17:08:51,168 - train_greyscale_FA_MoE.py - {'step': '170700', 'lr': '0.0002', 'total_loss': '0.00991807', 'main_loss': '0.00991807', 'time_per_step': '2.1934'}
2026-01-18 17:12:38,551 - train_greyscale_FA_MoE.py - {'step': '170800', 'lr': '0.0002', 'total_loss': '0.00740688', 'main_loss': '0.00740688', 'time_per_step': '2.23349'}
2026-01-18 17:16:25,522 - train_greyscale_FA_MoE.py - {'step': '170900', 'lr': '0.0002', 'total_loss': '0.0120321', 'main_loss': '0.0120321', 'time_per_step': '2.20329'}
2026-01-18 17:20:12,907 - train_greyscale_FA_MoE.py - {'step': '171000', 'lr': '0.0002', 'total_loss': '0.00817858', 'main_loss': '0.00817858', 'time_per_step': '2.18651'}
2026-01-18 17:24:00,522 - train_greyscale_FA_MoE.py - {'step': '171100', 'lr': '0.0002', 'total_loss': '0.00836697', 'main_loss': '0.00836697', 'time_per_step': '2.18105'}
2026-01-18 17:27:48,206 - train_greyscale_FA_MoE.py - {'step': '171200', 'lr': '0.0002', 'total_loss': '0.0133009', 'main_loss': '0.0133009', 'time_per_step': '2.24727'}
2026-01-18 17:31:34,791 - train_greyscale_FA_MoE.py - {'step': '171300', 'lr': '0.0002', 'total_loss': '0.00581969', 'main_loss': '0.00581969', 'time_per_step': '2.25985'}
2026-01-18 17:35:21,683 - train_greyscale_FA_MoE.py - {'step': '171400', 'lr': '0.0002', 'total_loss': '0.00883384', 'main_loss': '0.00883384', 'time_per_step': '2.19865'}
2026-01-18 17:39:08,479 - train_greyscale_FA_MoE.py - {'step': '171500', 'lr': '0.0002', 'total_loss': '0.0102628', 'main_loss': '0.0102628', 'time_per_step': '2.10705'}
2026-01-18 17:42:54,914 - train_greyscale_FA_MoE.py - {'step': '171600', 'lr': '0.0002', 'total_loss': '0.0093524', 'main_loss': '0.0093524', 'time_per_step': '2.09177'}
2026-01-18 17:46:42,068 - train_greyscale_FA_MoE.py - {'step': '171700', 'lr': '0.0002', 'total_loss': '0.00761567', 'main_loss': '0.00761567', 'time_per_step': '2.22268'}
2026-01-18 17:50:28,836 - train_greyscale_FA_MoE.py - {'step': '171800', 'lr': '0.0002', 'total_loss': '0.00695617', 'main_loss': '0.00695617', 'time_per_step': '2.206'}
2026-01-18 17:54:16,191 - train_greyscale_FA_MoE.py - {'step': '171900', 'lr': '0.0002', 'total_loss': '0.00982071', 'main_loss': '0.00982071', 'time_per_step': '2.23306'}
2026-01-18 17:58:03,603 - train_greyscale_FA_MoE.py - {'step': '172000', 'lr': '0.0002', 'total_loss': '0.0126819', 'main_loss': '0.0126819', 'time_per_step': '2.26545'}
2026-01-18 18:01:49,741 - train_greyscale_FA_MoE.py - {'step': '172100', 'lr': '0.0002', 'total_loss': '0.00965419', 'main_loss': '0.00965419', 'time_per_step': '2.1985'}
2026-01-18 18:05:36,743 - train_greyscale_FA_MoE.py - {'step': '172200', 'lr': '0.0002', 'total_loss': '0.00948268', 'main_loss': '0.00948268', 'time_per_step': '2.18822'}
2026-01-18 18:09:24,426 - train_greyscale_FA_MoE.py - {'step': '172300', 'lr': '0.0002', 'total_loss': '0.00853503', 'main_loss': '0.00853503', 'time_per_step': '2.19105'}
2026-01-18 18:13:12,413 - train_greyscale_FA_MoE.py - {'step': '172400', 'lr': '0.0002', 'total_loss': '0.0100687', 'main_loss': '0.0100687', 'time_per_step': '2.20312'}
2026-01-18 18:17:00,941 - train_greyscale_FA_MoE.py - {'step': '172500', 'lr': '0.0002', 'total_loss': '0.00879228', 'main_loss': '0.00879228', 'time_per_step': '2.18248'}
2026-01-18 18:20:48,165 - train_greyscale_FA_MoE.py - {'step': '172600', 'lr': '0.0002', 'total_loss': '0.00839931', 'main_loss': '0.00839931', 'time_per_step': '2.20504'}
2026-01-18 18:24:35,847 - train_greyscale_FA_MoE.py - {'step': '172700', 'lr': '0.0002', 'total_loss': '0.00853679', 'main_loss': '0.00853679', 'time_per_step': '2.09407'}
2026-01-18 18:28:23,504 - train_greyscale_FA_MoE.py - {'step': '172800', 'lr': '0.0002', 'total_loss': '0.0111141', 'main_loss': '0.0111141', 'time_per_step': '2.09413'}
2026-01-18 18:32:10,942 - train_greyscale_FA_MoE.py - {'step': '172900', 'lr': '0.0002', 'total_loss': '0.0107329', 'main_loss': '0.0107329', 'time_per_step': '2.2089'}
2026-01-18 18:35:58,574 - train_greyscale_FA_MoE.py - {'step': '173000', 'lr': '0.0002', 'total_loss': '0.0126227', 'main_loss': '0.0126227', 'time_per_step': '2.20174'}
2026-01-18 18:39:46,455 - train_greyscale_FA_MoE.py - {'step': '173100', 'lr': '0.0002', 'total_loss': '0.0080246', 'main_loss': '0.0080246', 'time_per_step': '2.22227'}
2026-01-18 18:43:33,439 - train_greyscale_FA_MoE.py - {'step': '173200', 'lr': '0.0002', 'total_loss': '0.00848775', 'main_loss': '0.00848775', 'time_per_step': '2.29236'}
2026-01-18 18:47:20,099 - train_greyscale_FA_MoE.py - {'step': '173300', 'lr': '0.0002', 'total_loss': '0.0102757', 'main_loss': '0.0102757', 'time_per_step': '2.21248'}
2026-01-18 18:51:06,572 - train_greyscale_FA_MoE.py - {'step': '173400', 'lr': '0.0002', 'total_loss': '0.00807074', 'main_loss': '0.00807074', 'time_per_step': '2.23426'}
2026-01-18 18:54:53,752 - train_greyscale_FA_MoE.py - {'step': '173500', 'lr': '0.0002', 'total_loss': '0.00789941', 'main_loss': '0.00789941', 'time_per_step': '2.20318'}
2026-01-18 18:58:40,634 - train_greyscale_FA_MoE.py - {'step': '173600', 'lr': '0.0002', 'total_loss': '0.00746356', 'main_loss': '0.00746356', 'time_per_step': '2.19568'}
2026-01-18 19:02:27,303 - train_greyscale_FA_MoE.py - {'step': '173700', 'lr': '0.0002', 'total_loss': '0.00985225', 'main_loss': '0.00985225', 'time_per_step': '2.23881'}
2026-01-18 19:06:14,198 - train_greyscale_FA_MoE.py - {'step': '173800', 'lr': '0.0002', 'total_loss': '0.00553556', 'main_loss': '0.00553556', 'time_per_step': '2.22689'}
2026-01-18 19:10:01,710 - train_greyscale_FA_MoE.py - {'step': '173900', 'lr': '0.0002', 'total_loss': '0.00886356', 'main_loss': '0.00886356', 'time_per_step': '2.09213'}
2026-01-18 19:13:49,100 - train_greyscale_FA_MoE.py - {'step': '174000', 'lr': '0.0002', 'total_loss': '0.00841687', 'main_loss': '0.00841687', 'time_per_step': '2.09017'}
2026-01-18 19:17:37,314 - train_greyscale_FA_MoE.py - {'step': '174100', 'lr': '0.0002', 'total_loss': '0.00471236', 'main_loss': '0.00471236', 'time_per_step': '2.24595'}
2026-01-18 19:21:25,400 - train_greyscale_FA_MoE.py - {'step': '174200', 'lr': '0.0002', 'total_loss': '0.00758968', 'main_loss': '0.00758968', 'time_per_step': '2.22043'}
2026-01-18 19:25:12,231 - train_greyscale_FA_MoE.py - {'step': '174300', 'lr': '0.0002', 'total_loss': '0.00630619', 'main_loss': '0.00630619', 'time_per_step': '2.20924'}
2026-01-18 19:29:00,157 - train_greyscale_FA_MoE.py - {'step': '174400', 'lr': '0.0002', 'total_loss': '0.00835524', 'main_loss': '0.00835524', 'time_per_step': '2.24535'}
2026-01-18 19:32:47,000 - train_greyscale_FA_MoE.py - {'step': '174500', 'lr': '0.0002', 'total_loss': '0.00889704', 'main_loss': '0.00889704', 'time_per_step': '2.23136'}
2026-01-18 19:36:35,199 - train_greyscale_FA_MoE.py - {'step': '174600', 'lr': '0.0002', 'total_loss': '0.00657613', 'main_loss': '0.00657613', 'time_per_step': '2.25969'}
2026-01-18 19:40:21,631 - train_greyscale_FA_MoE.py - {'step': '174700', 'lr': '0.0002', 'total_loss': '0.00747322', 'main_loss': '0.00747322', 'time_per_step': '2.22679'}
2026-01-18 19:44:09,475 - train_greyscale_FA_MoE.py - {'step': '174800', 'lr': '0.0002', 'total_loss': '0.00857155', 'main_loss': '0.00857155', 'time_per_step': '2.20268'}
2026-01-18 19:47:56,065 - train_greyscale_FA_MoE.py - {'step': '174900', 'lr': '0.0002', 'total_loss': '0.0137442', 'main_loss': '0.0137442', 'time_per_step': '2.21384'}
2026-01-18 19:51:43,010 - train_greyscale_FA_MoE.py - {'step': '175000', 'lr': '0.0002', 'total_loss': '0.00915215', 'main_loss': '0.00915215', 'time_per_step': '2.20016'}
2026-01-18 19:51:43,017 - train_greyscale_FA_MoE.py - Saved expert distribution of layer in_block_0 to output_shift_fa/acdc_wholeheart_uncond_fa_ec_moe_greyscale_uvit_mid_4by4_l6r9_low16_Y_bound/samples/expert_distribution_in_block_0_step175000.npy
2026-01-18 19:51:44,589 - train_greyscale_FA_MoE.py - Saved expert distribution of layer out_block_7 to output_shift_fa/acdc_wholeheart_uncond_fa_ec_moe_greyscale_uvit_mid_4by4_l6r9_low16_Y_bound/samples/expert_distribution_out_block_7_step175000.npy
2026-01-18 19:51:45,995 - train_greyscale_FA_MoE.py - Save a grid of 16 samples into output_shift_fa/acdc_wholeheart_uncond_fa_ec_moe_greyscale_uvit_mid_4by4_l6r9_low16_Y_bound/samples/175000.png by DPM-Solver
2026-01-18 19:51:51,469 - train_greyscale_FA_MoE.py - Finished saving sample grid to output_shift_fa/acdc_wholeheart_uncond_fa_ec_moe_greyscale_uvit_mid_4by4_l6r9_low16_Y_bound/samples/175000.png by DPM-Solver.
2026-01-18 19:51:51,524 - train_greyscale_FA_MoE.py - Save and eval checkpoint 175000...
2026-01-18 19:51:53,823 - train_greyscale_FA_MoE.py - eval_step: n_samples=50000, sample_steps=50, algorithm=dpm_solver, mini_batch_size=500, samples save into output_shift_fa/acdc_wholeheart_uncond_fa_ec_moe_greyscale_uvit_mid_4by4_l6r9_low16_Y_bound/samples/acdc_wholeheart_uncond_uvit_FA_EC_MoE_greyscale_mid_4by4_low16_175000_dpm
2026-01-18 20:42:30,227 - train_greyscale_FA_MoE.py - step=175000 fid50000=15.244623059256355
2026-01-18 20:48:37,726 - is_lpips.py - LPIPS: 0.5149 ± 0.0504
2026-01-18 20:48:37,731 - train_greyscale_FA_MoE.py - step=175000 LPIPS50000=0.5149153057541203
2026-01-18 20:53:49,210 - train_greyscale_FA_MoE.py - {'step': '175100', 'lr': '0.0002', 'total_loss': '0.00889602', 'main_loss': '0.00889602', 'time_per_step': '2.09827'}
2026-01-18 20:57:37,257 - train_greyscale_FA_MoE.py - {'step': '175200', 'lr': '0.0002', 'total_loss': '0.00872251', 'main_loss': '0.00872251', 'time_per_step': '2.09673'}
2026-01-18 21:01:25,564 - train_greyscale_FA_MoE.py - {'step': '175300', 'lr': '0.0002', 'total_loss': '0.00805774', 'main_loss': '0.00805774', 'time_per_step': '2.22996'}
2026-01-18 21:05:13,447 - train_greyscale_FA_MoE.py - {'step': '175400', 'lr': '0.0002', 'total_loss': '0.00970552', 'main_loss': '0.00970552', 'time_per_step': '2.22544'}
2026-01-18 21:09:00,031 - train_greyscale_FA_MoE.py - {'step': '175500', 'lr': '0.0002', 'total_loss': '0.00821578', 'main_loss': '0.00821578', 'time_per_step': '2.22636'}
2026-01-18 21:12:47,303 - train_greyscale_FA_MoE.py - {'step': '175600', 'lr': '0.0002', 'total_loss': '0.0083822', 'main_loss': '0.0083822', 'time_per_step': '2.17974'}
2026-01-18 21:16:34,745 - train_greyscale_FA_MoE.py - {'step': '175700', 'lr': '0.0002', 'total_loss': '0.00700912', 'main_loss': '0.00700912', 'time_per_step': '2.24979'}
2026-01-18 21:20:22,638 - train_greyscale_FA_MoE.py - {'step': '175800', 'lr': '0.0002', 'total_loss': '0.010646', 'main_loss': '0.010646', 'time_per_step': '2.24436'}
2026-01-18 21:24:09,379 - train_greyscale_FA_MoE.py - {'step': '175900', 'lr': '0.0002', 'total_loss': '0.0100702', 'main_loss': '0.0100702', 'time_per_step': '2.19222'}
2026-01-18 21:27:57,021 - train_greyscale_FA_MoE.py - {'step': '176000', 'lr': '0.0002', 'total_loss': '0.00596341', 'main_loss': '0.00596341', 'time_per_step': '2.15949'}
2026-01-18 21:31:43,930 - train_greyscale_FA_MoE.py - {'step': '176100', 'lr': '0.0002', 'total_loss': '0.0108045', 'main_loss': '0.0108045', 'time_per_step': '2.22275'}
2026-01-18 21:35:30,844 - train_greyscale_FA_MoE.py - {'step': '176200', 'lr': '0.0002', 'total_loss': '0.00985515', 'main_loss': '0.00985515', 'time_per_step': '2.1703'}
2026-01-18 21:39:17,590 - train_greyscale_FA_MoE.py - {'step': '176300', 'lr': '0.0002', 'total_loss': '0.0109581', 'main_loss': '0.0109581', 'time_per_step': '2.09736'}
2026-01-18 21:43:04,861 - train_greyscale_FA_MoE.py - {'step': '176400', 'lr': '0.0002', 'total_loss': '0.00993794', 'main_loss': '0.00993794', 'time_per_step': '2.13859'}
2026-01-18 21:46:53,315 - train_greyscale_FA_MoE.py - {'step': '176500', 'lr': '0.0002', 'total_loss': '0.0110673', 'main_loss': '0.0110673', 'time_per_step': '2.25995'}
2026-01-18 21:50:40,518 - train_greyscale_FA_MoE.py - {'step': '176600', 'lr': '0.0002', 'total_loss': '0.0089272', 'main_loss': '0.0089272', 'time_per_step': '2.21298'}
2026-01-18 21:54:27,572 - train_greyscale_FA_MoE.py - {'step': '176700', 'lr': '0.0002', 'total_loss': '0.00620325', 'main_loss': '0.00620325', 'time_per_step': '2.19564'}
2026-01-18 21:58:15,396 - train_greyscale_FA_MoE.py - {'step': '176800', 'lr': '0.0002', 'total_loss': '0.0131405', 'main_loss': '0.0131405', 'time_per_step': '2.17645'}
2026-01-18 22:02:03,491 - train_greyscale_FA_MoE.py - {'step': '176900', 'lr': '0.0002', 'total_loss': '0.00906207', 'main_loss': '0.00906207', 'time_per_step': '2.31596'}
2026-01-18 22:05:50,369 - train_greyscale_FA_MoE.py - {'step': '177000', 'lr': '0.0002', 'total_loss': '0.0088262', 'main_loss': '0.0088262', 'time_per_step': '2.15233'}
2026-01-18 22:09:37,069 - train_greyscale_FA_MoE.py - {'step': '177100', 'lr': '0.0002', 'total_loss': '0.008679', 'main_loss': '0.008679', 'time_per_step': '2.21991'}
2026-01-18 22:13:24,106 - train_greyscale_FA_MoE.py - {'step': '177200', 'lr': '0.0002', 'total_loss': '0.00532904', 'main_loss': '0.00532904', 'time_per_step': '2.1735'}
2026-01-18 22:17:11,184 - train_greyscale_FA_MoE.py - {'step': '177300', 'lr': '0.0002', 'total_loss': '0.00655173', 'main_loss': '0.00655173', 'time_per_step': '2.25057'}
2026-01-18 22:20:57,267 - train_greyscale_FA_MoE.py - {'step': '177400', 'lr': '0.0002', 'total_loss': '0.00636401', 'main_loss': '0.00636401', 'time_per_step': '3.3583'}
2026-01-18 22:24:43,672 - train_greyscale_FA_MoE.py - {'step': '177500', 'lr': '0.0002', 'total_loss': '0.00765549', 'main_loss': '0.00765549', 'time_per_step': '2.10347'}
2026-01-18 22:28:30,569 - train_greyscale_FA_MoE.py - {'step': '177600', 'lr': '0.0002', 'total_loss': '0.00850116', 'main_loss': '0.00850116', 'time_per_step': '2.09272'}
2026-01-18 22:32:18,445 - train_greyscale_FA_MoE.py - {'step': '177700', 'lr': '0.0002', 'total_loss': '0.00805209', 'main_loss': '0.00805209', 'time_per_step': '2.22691'}
2026-01-18 22:36:04,853 - train_greyscale_FA_MoE.py - {'step': '177800', 'lr': '0.0002', 'total_loss': '0.00646658', 'main_loss': '0.00646658', 'time_per_step': '2.25143'}
2026-01-18 22:39:52,520 - train_greyscale_FA_MoE.py - {'step': '177900', 'lr': '0.0002', 'total_loss': '0.00689345', 'main_loss': '0.00689345', 'time_per_step': '2.16376'}
2026-01-18 22:43:40,150 - train_greyscale_FA_MoE.py - {'step': '178000', 'lr': '0.0002', 'total_loss': '0.00890894', 'main_loss': '0.00890894', 'time_per_step': '2.20936'}
2026-01-18 22:47:28,332 - train_greyscale_FA_MoE.py - {'step': '178100', 'lr': '0.0002', 'total_loss': '0.0105714', 'main_loss': '0.0105714', 'time_per_step': '2.21686'}
2026-01-18 22:51:14,857 - train_greyscale_FA_MoE.py - {'step': '178200', 'lr': '0.0002', 'total_loss': '0.0113327', 'main_loss': '0.0113327', 'time_per_step': '2.19307'}
2026-01-18 22:55:02,602 - train_greyscale_FA_MoE.py - {'step': '178300', 'lr': '0.0002', 'total_loss': '0.0126133', 'main_loss': '0.0126133', 'time_per_step': '2.21891'}
2026-01-18 22:58:49,380 - train_greyscale_FA_MoE.py - {'step': '178400', 'lr': '0.0002', 'total_loss': '0.00787816', 'main_loss': '0.00787816', 'time_per_step': '2.17466'}
2026-01-18 23:02:36,515 - train_greyscale_FA_MoE.py - {'step': '178500', 'lr': '0.0002', 'total_loss': '0.00538553', 'main_loss': '0.00538553', 'time_per_step': '2.21469'}
2026-01-18 23:06:22,920 - train_greyscale_FA_MoE.py - {'step': '178600', 'lr': '0.0002', 'total_loss': '0.0108339', 'main_loss': '0.0108339', 'time_per_step': '2.19716'}
2026-01-18 23:10:10,412 - train_greyscale_FA_MoE.py - {'step': '178700', 'lr': '0.0002', 'total_loss': '0.0125157', 'main_loss': '0.0125157', 'time_per_step': '2.10118'}
2026-01-18 23:13:58,479 - train_greyscale_FA_MoE.py - {'step': '178800', 'lr': '0.0002', 'total_loss': '0.00738722', 'main_loss': '0.00738722', 'time_per_step': '2.09233'}
2026-01-18 23:17:47,380 - train_greyscale_FA_MoE.py - {'step': '178900', 'lr': '0.0002', 'total_loss': '0.00874132', 'main_loss': '0.00874132', 'time_per_step': '2.16016'}
2026-01-18 23:21:33,987 - train_greyscale_FA_MoE.py - {'step': '179000', 'lr': '0.0002', 'total_loss': '0.00857795', 'main_loss': '0.00857795', 'time_per_step': '2.26185'}
2026-01-18 23:25:22,017 - train_greyscale_FA_MoE.py - {'step': '179100', 'lr': '0.0002', 'total_loss': '0.00733376', 'main_loss': '0.00733376', 'time_per_step': '2.2262'}
2026-01-18 23:29:08,833 - train_greyscale_FA_MoE.py - {'step': '179200', 'lr': '0.0002', 'total_loss': '0.00605179', 'main_loss': '0.00605179', 'time_per_step': '2.22116'}
2026-01-18 23:32:56,131 - train_greyscale_FA_MoE.py - {'step': '179300', 'lr': '0.0002', 'total_loss': '0.00691223', 'main_loss': '0.00691223', 'time_per_step': '2.23152'}
2026-01-18 23:36:42,610 - train_greyscale_FA_MoE.py - {'step': '179400', 'lr': '0.0002', 'total_loss': '0.00735291', 'main_loss': '0.00735291', 'time_per_step': '2.20413'}
2026-01-18 23:40:29,752 - train_greyscale_FA_MoE.py - {'step': '179500', 'lr': '0.0002', 'total_loss': '0.0107631', 'main_loss': '0.0107631', 'time_per_step': '2.20737'}
2026-01-18 23:44:16,633 - train_greyscale_FA_MoE.py - {'step': '179600', 'lr': '0.0002', 'total_loss': '0.00832978', 'main_loss': '0.00832978', 'time_per_step': '2.20947'}
2026-01-18 23:48:03,251 - train_greyscale_FA_MoE.py - {'step': '179700', 'lr': '0.0002', 'total_loss': '0.0057591', 'main_loss': '0.0057591', 'time_per_step': '2.21901'}
2026-01-18 23:51:50,243 - train_greyscale_FA_MoE.py - {'step': '179800', 'lr': '0.0002', 'total_loss': '0.0122617', 'main_loss': '0.0122617', 'time_per_step': '2.22018'}
2026-01-18 23:55:37,933 - train_greyscale_FA_MoE.py - {'step': '179900', 'lr': '0.0002', 'total_loss': '0.00947753', 'main_loss': '0.00947753', 'time_per_step': '2.10589'}
2026-01-18 23:59:24,628 - train_greyscale_FA_MoE.py - {'step': '180000', 'lr': '0.0002', 'total_loss': '0.0104446', 'main_loss': '0.0104446', 'time_per_step': '2.09177'}
2026-01-19 00:03:13,077 - train_greyscale_FA_MoE.py - {'step': '180100', 'lr': '0.0002', 'total_loss': '0.00886158', 'main_loss': '0.00886158', 'time_per_step': '2.24257'}
2026-01-19 00:06:59,564 - train_greyscale_FA_MoE.py - {'step': '180200', 'lr': '0.0002', 'total_loss': '0.0107741', 'main_loss': '0.0107741', 'time_per_step': '2.14336'}
2026-01-19 00:10:47,497 - train_greyscale_FA_MoE.py - {'step': '180300', 'lr': '0.0002', 'total_loss': '0.00572253', 'main_loss': '0.00572253', 'time_per_step': '2.20584'}
2026-01-19 00:14:34,675 - train_greyscale_FA_MoE.py - {'step': '180400', 'lr': '0.0002', 'total_loss': '0.00827112', 'main_loss': '0.00827112', 'time_per_step': '2.29872'}
2026-01-19 00:18:24,233 - train_greyscale_FA_MoE.py - {'step': '180500', 'lr': '0.0002', 'total_loss': '0.00747973', 'main_loss': '0.00747973', 'time_per_step': '2.18172'}
2026-01-19 00:22:11,368 - train_greyscale_FA_MoE.py - {'step': '180600', 'lr': '0.0002', 'total_loss': '0.00747207', 'main_loss': '0.00747207', 'time_per_step': '2.19903'}
2026-01-19 00:25:59,374 - train_greyscale_FA_MoE.py - {'step': '180700', 'lr': '0.0002', 'total_loss': '0.00948737', 'main_loss': '0.00948737', 'time_per_step': '2.23034'}
2026-01-19 00:29:47,053 - train_greyscale_FA_MoE.py - {'step': '180800', 'lr': '0.0002', 'total_loss': '0.00798545', 'main_loss': '0.00798545', 'time_per_step': '2.1452'}
2026-01-19 00:33:34,976 - train_greyscale_FA_MoE.py - {'step': '180900', 'lr': '0.0002', 'total_loss': '0.0142945', 'main_loss': '0.0142945', 'time_per_step': '2.26716'}
2026-01-19 00:37:22,145 - train_greyscale_FA_MoE.py - {'step': '181000', 'lr': '0.0002', 'total_loss': '0.00602727', 'main_loss': '0.00602727', 'time_per_step': '2.19594'}
2026-01-19 00:41:09,765 - train_greyscale_FA_MoE.py - {'step': '181100', 'lr': '0.0002', 'total_loss': '0.0106916', 'main_loss': '0.0106916', 'time_per_step': '2.10127'}
2026-01-19 00:44:57,284 - train_greyscale_FA_MoE.py - {'step': '181200', 'lr': '0.0002', 'total_loss': '0.00740112', 'main_loss': '0.00740112', 'time_per_step': '2.09949'}
2026-01-19 00:48:45,696 - train_greyscale_FA_MoE.py - {'step': '181300', 'lr': '0.0002', 'total_loss': '0.0123002', 'main_loss': '0.0123002', 'time_per_step': '2.22044'}
2026-01-19 00:52:32,311 - train_greyscale_FA_MoE.py - {'step': '181400', 'lr': '0.0002', 'total_loss': '0.00743479', 'main_loss': '0.00743479', 'time_per_step': '2.20896'}
2026-01-19 00:56:19,183 - train_greyscale_FA_MoE.py - {'step': '181500', 'lr': '0.0002', 'total_loss': '0.00571489', 'main_loss': '0.00571489', 'time_per_step': '2.23425'}
2026-01-19 01:00:06,468 - train_greyscale_FA_MoE.py - {'step': '181600', 'lr': '0.0002', 'total_loss': '0.00965866', 'main_loss': '0.00965866', 'time_per_step': '2.23541'}
2026-01-19 01:03:54,661 - train_greyscale_FA_MoE.py - {'step': '181700', 'lr': '0.0002', 'total_loss': '0.00722506', 'main_loss': '0.00722506', 'time_per_step': '2.21728'}
2026-01-19 01:07:41,218 - train_greyscale_FA_MoE.py - {'step': '181800', 'lr': '0.0002', 'total_loss': '0.0081331', 'main_loss': '0.0081331', 'time_per_step': '2.18106'}
2026-01-19 01:11:28,905 - train_greyscale_FA_MoE.py - {'step': '181900', 'lr': '0.0002', 'total_loss': '0.00654594', 'main_loss': '0.00654594', 'time_per_step': '2.21148'}
2026-01-19 01:15:17,034 - train_greyscale_FA_MoE.py - {'step': '182000', 'lr': '0.0002', 'total_loss': '0.0112147', 'main_loss': '0.0112147', 'time_per_step': '2.23259'}
2026-01-19 01:19:05,034 - train_greyscale_FA_MoE.py - {'step': '182100', 'lr': '0.0002', 'total_loss': '0.0101671', 'main_loss': '0.0101671', 'time_per_step': '2.23996'}
2026-01-19 01:22:51,843 - train_greyscale_FA_MoE.py - {'step': '182200', 'lr': '0.0002', 'total_loss': '0.00734471', 'main_loss': '0.00734471', 'time_per_step': '2.15479'}
2026-01-19 01:26:39,863 - train_greyscale_FA_MoE.py - {'step': '182300', 'lr': '0.0002', 'total_loss': '0.00817086', 'main_loss': '0.00817086', 'time_per_step': '2.09313'}
2026-01-19 01:30:27,119 - train_greyscale_FA_MoE.py - {'step': '182400', 'lr': '0.0002', 'total_loss': '0.008909', 'main_loss': '0.008909', 'time_per_step': '2.09495'}
2026-01-19 01:34:15,243 - train_greyscale_FA_MoE.py - {'step': '182500', 'lr': '0.0002', 'total_loss': '0.00558627', 'main_loss': '0.00558627', 'time_per_step': '2.1748'}
2026-01-19 01:38:01,546 - train_greyscale_FA_MoE.py - {'step': '182600', 'lr': '0.0002', 'total_loss': '0.007176', 'main_loss': '0.007176', 'time_per_step': '2.21416'}
2026-01-19 01:41:49,949 - train_greyscale_FA_MoE.py - {'step': '182700', 'lr': '0.0002', 'total_loss': '0.0105714', 'main_loss': '0.0105714', 'time_per_step': '2.21933'}
2026-01-19 01:45:38,040 - train_greyscale_FA_MoE.py - {'step': '182800', 'lr': '0.0002', 'total_loss': '0.00603981', 'main_loss': '0.00603981', 'time_per_step': '2.21991'}
2026-01-19 01:49:25,860 - train_greyscale_FA_MoE.py - {'step': '182900', 'lr': '0.0002', 'total_loss': '0.0061431', 'main_loss': '0.0061431', 'time_per_step': '2.16796'}
2026-01-19 01:53:12,713 - train_greyscale_FA_MoE.py - {'step': '183000', 'lr': '0.0002', 'total_loss': '0.00993039', 'main_loss': '0.00993039', 'time_per_step': '2.20959'}
2026-01-19 01:57:00,631 - train_greyscale_FA_MoE.py - {'step': '183100', 'lr': '0.0002', 'total_loss': '0.00915239', 'main_loss': '0.00915239', 'time_per_step': '2.20493'}
2026-01-19 02:00:48,377 - train_greyscale_FA_MoE.py - {'step': '183200', 'lr': '0.0002', 'total_loss': '0.00724381', 'main_loss': '0.00724381', 'time_per_step': '2.21285'}
2026-01-19 02:04:35,264 - train_greyscale_FA_MoE.py - {'step': '183300', 'lr': '0.0002', 'total_loss': '0.00754746', 'main_loss': '0.00754746', 'time_per_step': '2.30711'}
2026-01-19 02:08:21,806 - train_greyscale_FA_MoE.py - {'step': '183400', 'lr': '0.0002', 'total_loss': '0.0112482', 'main_loss': '0.0112482', 'time_per_step': '2.19712'}
2026-01-19 02:12:08,851 - train_greyscale_FA_MoE.py - {'step': '183500', 'lr': '0.0002', 'total_loss': '0.0113688', 'main_loss': '0.0113688', 'time_per_step': '2.09074'}
2026-01-19 02:15:56,496 - train_greyscale_FA_MoE.py - {'step': '183600', 'lr': '0.0002', 'total_loss': '0.0100298', 'main_loss': '0.0100298', 'time_per_step': '2.0963'}
2026-01-19 02:19:45,136 - train_greyscale_FA_MoE.py - {'step': '183700', 'lr': '0.0002', 'total_loss': '0.00969953', 'main_loss': '0.00969953', 'time_per_step': '2.23199'}
2026-01-19 02:23:31,493 - train_greyscale_FA_MoE.py - {'step': '183800', 'lr': '0.0002', 'total_loss': '0.0102598', 'main_loss': '0.0102598', 'time_per_step': '2.20041'}
2026-01-19 02:27:18,843 - train_greyscale_FA_MoE.py - {'step': '183900', 'lr': '0.0002', 'total_loss': '0.00677921', 'main_loss': '0.00677921', 'time_per_step': '2.21947'}
2026-01-19 02:31:06,614 - train_greyscale_FA_MoE.py - {'step': '184000', 'lr': '0.0002', 'total_loss': '0.0167812', 'main_loss': '0.0167812', 'time_per_step': '2.20224'}
2026-01-19 02:34:54,472 - train_greyscale_FA_MoE.py - {'step': '184100', 'lr': '0.0002', 'total_loss': '0.00793144', 'main_loss': '0.00793144', 'time_per_step': '2.21791'}
2026-01-19 02:38:40,999 - train_greyscale_FA_MoE.py - {'step': '184200', 'lr': '0.0002', 'total_loss': '0.0117681', 'main_loss': '0.0117681', 'time_per_step': '2.1953'}
2026-01-19 02:42:28,481 - train_greyscale_FA_MoE.py - {'step': '184300', 'lr': '0.0002', 'total_loss': '0.00655834', 'main_loss': '0.00655834', 'time_per_step': '2.21987'}
2026-01-19 02:46:16,582 - train_greyscale_FA_MoE.py - {'step': '184400', 'lr': '0.0002', 'total_loss': '0.00970182', 'main_loss': '0.00970182', 'time_per_step': '2.20295'}
2026-01-19 02:50:04,353 - train_greyscale_FA_MoE.py - {'step': '184500', 'lr': '0.0002', 'total_loss': '0.00709892', 'main_loss': '0.00709892', 'time_per_step': '2.28665'}
2026-01-19 02:53:51,119 - train_greyscale_FA_MoE.py - {'step': '184600', 'lr': '0.0002', 'total_loss': '0.0118545', 'main_loss': '0.0118545', 'time_per_step': '2.19453'}
2026-01-19 02:57:38,343 - train_greyscale_FA_MoE.py - {'step': '184700', 'lr': '0.0002', 'total_loss': '0.00757613', 'main_loss': '0.00757613', 'time_per_step': '2.09592'}
2026-01-19 03:01:25,793 - train_greyscale_FA_MoE.py - {'step': '184800', 'lr': '0.0002', 'total_loss': '0.00736967', 'main_loss': '0.00736967', 'time_per_step': '2.09403'}
2026-01-19 03:05:14,327 - train_greyscale_FA_MoE.py - {'step': '184900', 'lr': '0.0002', 'total_loss': '0.00509635', 'main_loss': '0.00509635', 'time_per_step': '2.22395'}
2026-01-19 03:09:01,027 - train_greyscale_FA_MoE.py - {'step': '185000', 'lr': '0.0002', 'total_loss': '0.0072465', 'main_loss': '0.0072465', 'time_per_step': '2.18562'}
2026-01-19 03:12:48,313 - train_greyscale_FA_MoE.py - {'step': '185100', 'lr': '0.0002', 'total_loss': '0.00890326', 'main_loss': '0.00890326', 'time_per_step': '2.20624'}
2026-01-19 03:16:36,412 - train_greyscale_FA_MoE.py - {'step': '185200', 'lr': '0.0002', 'total_loss': '0.00672525', 'main_loss': '0.00672525', 'time_per_step': '2.21354'}
2026-01-19 03:20:23,992 - train_greyscale_FA_MoE.py - {'step': '185300', 'lr': '0.0002', 'total_loss': '0.00723046', 'main_loss': '0.00723046', 'time_per_step': '2.22257'}
2026-01-19 03:24:10,616 - train_greyscale_FA_MoE.py - {'step': '185400', 'lr': '0.0002', 'total_loss': '0.00831353', 'main_loss': '0.00831353', 'time_per_step': '2.21052'}
2026-01-19 03:27:57,766 - train_greyscale_FA_MoE.py - {'step': '185500', 'lr': '0.0002', 'total_loss': '0.00948492', 'main_loss': '0.00948492', 'time_per_step': '2.21903'}
2026-01-19 03:31:44,389 - train_greyscale_FA_MoE.py - {'step': '185600', 'lr': '0.0002', 'total_loss': '0.0082775', 'main_loss': '0.0082775', 'time_per_step': '2.21907'}
2026-01-19 03:35:31,291 - train_greyscale_FA_MoE.py - {'step': '185700', 'lr': '0.0002', 'total_loss': '0.010539', 'main_loss': '0.010539', 'time_per_step': '2.17953'}
2026-01-19 03:39:18,209 - train_greyscale_FA_MoE.py - {'step': '185800', 'lr': '0.0002', 'total_loss': '0.00890836', 'main_loss': '0.00890836', 'time_per_step': '2.19514'}
2026-01-19 03:43:04,909 - train_greyscale_FA_MoE.py - {'step': '185900', 'lr': '0.0002', 'total_loss': '0.00583156', 'main_loss': '0.00583156', 'time_per_step': '2.14639'}
2026-01-19 03:46:51,252 - train_greyscale_FA_MoE.py - {'step': '186000', 'lr': '0.0002', 'total_loss': '0.00596', 'main_loss': '0.00596', 'time_per_step': '2.09652'}
2026-01-19 03:50:38,996 - train_greyscale_FA_MoE.py - {'step': '186100', 'lr': '0.0002', 'total_loss': '0.00786303', 'main_loss': '0.00786303', 'time_per_step': '2.19623'}
2026-01-19 03:54:25,739 - train_greyscale_FA_MoE.py - {'step': '186200', 'lr': '0.0002', 'total_loss': '0.00777478', 'main_loss': '0.00777478', 'time_per_step': '2.20748'}
2026-01-19 03:58:12,705 - train_greyscale_FA_MoE.py - {'step': '186300', 'lr': '0.0002', 'total_loss': '0.00907998', 'main_loss': '0.00907998', 'time_per_step': '2.21028'}
2026-01-19 04:01:59,424 - train_greyscale_FA_MoE.py - {'step': '186400', 'lr': '0.0002', 'total_loss': '0.00714318', 'main_loss': '0.00714318', 'time_per_step': '2.19741'}
2026-01-19 04:05:46,399 - train_greyscale_FA_MoE.py - {'step': '186500', 'lr': '0.0002', 'total_loss': '0.010879', 'main_loss': '0.010879', 'time_per_step': '2.23232'}
2026-01-19 04:09:33,456 - train_greyscale_FA_MoE.py - {'step': '186600', 'lr': '0.0002', 'total_loss': '0.00529222', 'main_loss': '0.00529222', 'time_per_step': '2.2912'}
2026-01-19 04:13:21,088 - train_greyscale_FA_MoE.py - {'step': '186700', 'lr': '0.0002', 'total_loss': '0.00813324', 'main_loss': '0.00813324', 'time_per_step': '2.25485'}
2026-01-19 04:17:10,678 - train_greyscale_FA_MoE.py - {'step': '186800', 'lr': '0.0002', 'total_loss': '0.01171', 'main_loss': '0.01171', 'time_per_step': '2.22685'}
2026-01-19 04:20:58,166 - train_greyscale_FA_MoE.py - {'step': '186900', 'lr': '0.0002', 'total_loss': '0.0112777', 'main_loss': '0.0112777', 'time_per_step': '2.1768'}
2026-01-19 04:24:45,129 - train_greyscale_FA_MoE.py - {'step': '187000', 'lr': '0.0002', 'total_loss': '0.00825086', 'main_loss': '0.00825086', 'time_per_step': '2.211'}
2026-01-19 04:28:31,539 - train_greyscale_FA_MoE.py - {'step': '187100', 'lr': '0.0002', 'total_loss': '0.00580617', 'main_loss': '0.00580617', 'time_per_step': '2.09622'}
2026-01-19 04:32:18,269 - train_greyscale_FA_MoE.py - {'step': '187200', 'lr': '0.0002', 'total_loss': '0.0109063', 'main_loss': '0.0109063', 'time_per_step': '2.09591'}
2026-01-19 04:36:06,423 - train_greyscale_FA_MoE.py - {'step': '187300', 'lr': '0.0002', 'total_loss': '0.00851669', 'main_loss': '0.00851669', 'time_per_step': '2.20772'}
2026-01-19 04:39:53,341 - train_greyscale_FA_MoE.py - {'step': '187400', 'lr': '0.0002', 'total_loss': '0.0107448', 'main_loss': '0.0107448', 'time_per_step': '2.1959'}
2026-01-19 04:43:40,896 - train_greyscale_FA_MoE.py - {'step': '187500', 'lr': '0.0002', 'total_loss': '0.0058277', 'main_loss': '0.0058277', 'time_per_step': '2.21248'}
2026-01-19 04:47:28,625 - train_greyscale_FA_MoE.py - {'step': '187600', 'lr': '0.0002', 'total_loss': '0.00926966', 'main_loss': '0.00926966', 'time_per_step': '2.21203'}
2026-01-19 04:51:16,479 - train_greyscale_FA_MoE.py - {'step': '187700', 'lr': '0.0002', 'total_loss': '0.00803956', 'main_loss': '0.00803956', 'time_per_step': '2.22427'}
2026-01-19 04:55:03,260 - train_greyscale_FA_MoE.py - {'step': '187800', 'lr': '0.0002', 'total_loss': '0.00771332', 'main_loss': '0.00771332', 'time_per_step': '2.21386'}
2026-01-19 04:58:51,202 - train_greyscale_FA_MoE.py - {'step': '187900', 'lr': '0.0002', 'total_loss': '0.0095654', 'main_loss': '0.0095654', 'time_per_step': '2.2352'}
2026-01-19 05:02:38,591 - train_greyscale_FA_MoE.py - {'step': '188000', 'lr': '0.0002', 'total_loss': '0.0118052', 'main_loss': '0.0118052', 'time_per_step': '2.23946'}
2026-01-19 05:06:26,617 - train_greyscale_FA_MoE.py - {'step': '188100', 'lr': '0.0002', 'total_loss': '0.00662135', 'main_loss': '0.00662135', 'time_per_step': '2.21226'}
2026-01-19 05:10:13,368 - train_greyscale_FA_MoE.py - {'step': '188200', 'lr': '0.0002', 'total_loss': '0.00795727', 'main_loss': '0.00795727', 'time_per_step': '2.21554'}
2026-01-19 05:14:00,882 - train_greyscale_FA_MoE.py - {'step': '188300', 'lr': '0.0002', 'total_loss': '0.00989523', 'main_loss': '0.00989523', 'time_per_step': '2.09544'}
2026-01-19 05:17:48,964 - train_greyscale_FA_MoE.py - {'step': '188400', 'lr': '0.0002', 'total_loss': '0.0074836', 'main_loss': '0.0074836', 'time_per_step': '2.09372'}
2026-01-19 05:21:39,484 - train_greyscale_FA_MoE.py - {'step': '188500', 'lr': '0.0002', 'total_loss': '0.0106648', 'main_loss': '0.0106648', 'time_per_step': '2.24997'}
2026-01-19 05:25:26,005 - train_greyscale_FA_MoE.py - {'step': '188600', 'lr': '0.0002', 'total_loss': '0.00603193', 'main_loss': '0.00603193', 'time_per_step': '2.15897'}
2026-01-19 05:29:14,755 - train_greyscale_FA_MoE.py - {'step': '188700', 'lr': '0.0002', 'total_loss': '0.00947222', 'main_loss': '0.00947222', 'time_per_step': '2.32856'}
2026-01-19 05:33:03,722 - train_greyscale_FA_MoE.py - {'step': '188800', 'lr': '0.0002', 'total_loss': '0.00893064', 'main_loss': '0.00893064', 'time_per_step': '2.26257'}
2026-01-19 05:36:51,624 - train_greyscale_FA_MoE.py - {'step': '188900', 'lr': '0.0002', 'total_loss': '0.00943251', 'main_loss': '0.00943251', 'time_per_step': '2.21614'}
2026-01-19 05:40:38,284 - train_greyscale_FA_MoE.py - {'step': '189000', 'lr': '0.0002', 'total_loss': '0.00600565', 'main_loss': '0.00600565', 'time_per_step': '2.22043'}
2026-01-19 05:44:26,584 - train_greyscale_FA_MoE.py - {'step': '189100', 'lr': '0.0002', 'total_loss': '0.0081943', 'main_loss': '0.0081943', 'time_per_step': '2.22109'}
2026-01-19 05:48:15,468 - train_greyscale_FA_MoE.py - {'step': '189200', 'lr': '0.0002', 'total_loss': '0.00946224', 'main_loss': '0.00946224', 'time_per_step': '2.23833'}
2026-01-19 05:52:03,479 - train_greyscale_FA_MoE.py - {'step': '189300', 'lr': '0.0002', 'total_loss': '0.0087443', 'main_loss': '0.0087443', 'time_per_step': '2.2843'}
2026-01-19 05:55:50,313 - train_greyscale_FA_MoE.py - {'step': '189400', 'lr': '0.0002', 'total_loss': '0.00868976', 'main_loss': '0.00868976', 'time_per_step': '2.19633'}
2026-01-19 05:59:37,820 - train_greyscale_FA_MoE.py - {'step': '189500', 'lr': '0.0002', 'total_loss': '0.0117244', 'main_loss': '0.0117244', 'time_per_step': '2.1021'}
2026-01-19 06:03:25,800 - train_greyscale_FA_MoE.py - {'step': '189600', 'lr': '0.0002', 'total_loss': '0.00840918', 'main_loss': '0.00840918', 'time_per_step': '2.09275'}
2026-01-19 06:07:14,364 - train_greyscale_FA_MoE.py - {'step': '189700', 'lr': '0.0002', 'total_loss': '0.00927023', 'main_loss': '0.00927023', 'time_per_step': '2.19538'}
2026-01-19 06:11:01,285 - train_greyscale_FA_MoE.py - {'step': '189800', 'lr': '0.0002', 'total_loss': '0.010334', 'main_loss': '0.010334', 'time_per_step': '2.25271'}
2026-01-19 06:14:50,232 - train_greyscale_FA_MoE.py - {'step': '189900', 'lr': '0.0002', 'total_loss': '0.00642172', 'main_loss': '0.00642172', 'time_per_step': '2.22239'}
2026-01-19 06:18:39,144 - train_greyscale_FA_MoE.py - {'step': '190000', 'lr': '0.0002', 'total_loss': '0.0105724', 'main_loss': '0.0105724', 'time_per_step': '2.21048'}
2026-01-19 06:22:28,091 - train_greyscale_FA_MoE.py - {'step': '190100', 'lr': '0.0002', 'total_loss': '0.00849771', 'main_loss': '0.00849771', 'time_per_step': '2.21929'}
2026-01-19 06:26:14,838 - train_greyscale_FA_MoE.py - {'step': '190200', 'lr': '0.0002', 'total_loss': '0.00995659', 'main_loss': '0.00995659', 'time_per_step': '2.14892'}
2026-01-19 06:30:03,274 - train_greyscale_FA_MoE.py - {'step': '190300', 'lr': '0.0002', 'total_loss': '0.00919926', 'main_loss': '0.00919926', 'time_per_step': '2.20788'}
2026-01-19 06:33:51,367 - train_greyscale_FA_MoE.py - {'step': '190400', 'lr': '0.0002', 'total_loss': '0.00640409', 'main_loss': '0.00640409', 'time_per_step': '2.18111'}
2026-01-19 06:37:40,071 - train_greyscale_FA_MoE.py - {'step': '190500', 'lr': '0.0002', 'total_loss': '0.00878367', 'main_loss': '0.00878367', 'time_per_step': '2.23667'}
2026-01-19 06:41:27,450 - train_greyscale_FA_MoE.py - {'step': '190600', 'lr': '0.0002', 'total_loss': '0.00838558', 'main_loss': '0.00838558', 'time_per_step': '2.22374'}
2026-01-19 06:45:15,790 - train_greyscale_FA_MoE.py - {'step': '190700', 'lr': '0.0002', 'total_loss': '0.00868184', 'main_loss': '0.00868184', 'time_per_step': '2.12372'}
2026-01-19 06:49:02,569 - train_greyscale_FA_MoE.py - {'step': '190800', 'lr': '0.0002', 'total_loss': '0.00712157', 'main_loss': '0.00712157', 'time_per_step': '2.09073'}
2026-01-19 06:52:51,536 - train_greyscale_FA_MoE.py - {'step': '190900', 'lr': '0.0002', 'total_loss': '0.00852133', 'main_loss': '0.00852133', 'time_per_step': '2.20535'}
2026-01-19 06:56:38,929 - train_greyscale_FA_MoE.py - {'step': '191000', 'lr': '0.0002', 'total_loss': '0.00660721', 'main_loss': '0.00660721', 'time_per_step': '2.18711'}
2026-01-19 07:00:26,643 - train_greyscale_FA_MoE.py - {'step': '191100', 'lr': '0.0002', 'total_loss': '0.0115419', 'main_loss': '0.0115419', 'time_per_step': '2.18508'}
2026-01-19 07:04:15,049 - train_greyscale_FA_MoE.py - {'step': '191200', 'lr': '0.0002', 'total_loss': '0.00868146', 'main_loss': '0.00868146', 'time_per_step': '2.22052'}
2026-01-19 10:05:28,848 - train_greyscale_FA_MoE.py - ckpt_root: output_shift_fa/acdc_wholeheart_uncond_fa_ec_moe_greyscale_uvit_mid_4by4_l6r9_low16_Y_bound/ckpts
dataset:
  SNR_scale: 4.0
  Y_bound: !!python/tuple
  - 502.5
  Y_entropy: !!python/tuple
  - 5.883
  - 3.501
  - 3.575
  - 2.418
  - 2.75
  - 2.341
  - 1.479
  - 2.017
  - 2.044
  - 1.453
  - 1.316
  - 1.586
  - 1.365
  - 1.174
  - 1.108
  - 1.0
  Y_max: !!python/tuple
  - 262.0
  - 112.375
  - 125.812
  - 49.0
  - 58.5
  - 46.5
  - 20.344
  - 32.906
  - 33.406
  - 19.953
  - 15.953
  - 22.0
  - 16.984
  - 12.812
  - 11.68
  - 7.461
  Y_mean: !!python/tuple
  - -270.982
  - -0.725
  - 0.44
  - 0.107
  - 0.009
  - 0.154
  - -0.058
  - 0.0
  - -0.008
  - 0.019
  - 0.009
  - -0.012
  - 0.005
  - 0.002
  - 0.004
  - -0.002
  Y_min: !!python/tuple
  - -502.5
  - -119.312
  - -122.375
  - -51.25
  - -58.906
  - -49.5
  - -20.703
  - -32.906
  - -33.094
  - -19.891
  - -15.891
  - -21.75
  - -16.969
  - -12.773
  - -11.648
  - -7.492
  Y_std: !!python/tuple
  - 182.433
  - 32.822
  - 34.997
  - 14.001
  - 17.621
  - 13.189
  - 5.791
  - 9.609
  - 9.805
  - 5.653
  - 4.634
  - 6.503
  - 4.964
  - 3.796
  - 3.44
  - 2.178
  block_sz: 4
  dataset_type: wholeheart
  frequency_aware_tokens: true
  greyscale: true
  low_freqs: 16
  name: acdc_uncond
  num_fa_length: 8
  num_fa_repeats: 9
  num_fa_repeats_x: 3
  num_fa_repeats_y: 3
  path: data/scratch/datasets/ACDC/Unlabeled/Wholeheart
  resolution: 96
  reweight: true
  reweight_dim: -1
  temperature: 0.0
  tokens: 128
  tokenwise_normalization: Y_bound
eval:
  cleanup_samples: true
  eval_start: 400000
  is_batch_size: 32
  lpips_batch_size: 32
  mini_batch_size: 500
  n_samples: 50000
  sample_steps: 100
eval_dir: output/evaluation/FA_EC_l8r9_4by4_low16
lr_scheduler:
  name: customized
  warmup_steps: 5000
mixed_precision: 'no'
name: acdc_wholeheart_uncond_uvit_FA_EC_MoE_greyscale_mid_4by4_low16
nnet:
  MoE:
    aux_loss_alpha: 0.0
    depth: 1
    noise_eps: 0.01
    num_experts: 4
    router: topk
    top_k: 2
    type: ecmoe
  depth: 16
  embed_dim: 768
  in_chans: 72
  low_freqs: 16
  mlp_ratio: 4
  mlp_time_embed: true
  name: uvit_greyscale_moe
  num_classes: -1
  num_heads: 12
  qkv_bias: false
  tokens: 128
  use_moe: true
optimizer:
  betas: !!python/tuple
  - 0.99
  - 0.99
  lr: 0.0002
  name: adamw
  weight_decay: 0.03
pred: noise_pred
private:
  accountant: prv
  dp_method: dpsgd
  max_grad_norm: 1.0
  noise_multiplier: 0.5
  secure_mode: false
  target_delta: 1.0e-05
  target_epsilon: 10
  use_dp: false
sample:
  algorithm: euler_maruyama_ode
  mini_batch_size: 500
  n_samples: 50000
  path: data/scratch/samples
  sample_steps: 100
  save_npz: ''
  save_start: 20000
sample_dir: output_shift_fa/acdc_wholeheart_uncond_fa_ec_moe_greyscale_uvit_mid_4by4_l6r9_low16_Y_bound/samples
seed: 1234
train:
  batch_size: 512
  eval_interval: 25000
  log_interval: 100
  mode: uncond
  n_steps: 500000
  save_interval: 25000
workdir: output_shift_fa/acdc_wholeheart_uncond_fa_ec_moe_greyscale_uvit_mid_4by4_l6r9_low16_Y_bound

2026-01-19 10:06:49,591 - train_greyscale_FA_MoE.py - dataset samples: 25022
2026-01-19 10:06:49,592 - train_greyscale_FA_MoE.py - Using Y_bound for positional token normalization
2026-01-19 10:06:59,063 - utils.py - nnet has 163173192 parameters
2026-01-19 10:06:59,760 - utils.py - resume from output_shift_fa/acdc_wholeheart_uncond_fa_ec_moe_greyscale_uvit_mid_4by4_l6r9_low16_Y_bound/ckpts/175000.ckpt
2026-01-19 10:06:59,761 - utils.py - load from output_shift_fa/acdc_wholeheart_uncond_fa_ec_moe_greyscale_uvit_mid_4by4_l6r9_low16_Y_bound/ckpts/175000.ckpt
2026-01-19 10:07:09,426 - train_greyscale_FA_MoE.py - using [5.883 3.501 3.575 2.418 2.75  2.341 1.479 2.017 2.044 1.453 1.316 1.586
 1.365 1.174 1.108 1.   ] for loss reweighting
2026-01-19 10:07:09,427 - train_greyscale_FA_MoE.py - Using temperature 0.0 for loss reweighting
2026-01-19 10:07:09,449 - train_greyscale_FA_MoE.py - Start fitting, step=175000, mixed_precision=no
2026-01-19 10:11:22,526 - train_greyscale_FA_MoE.py - {'step': '175100', 'lr': '0.0002', 'total_loss': '0.00820282', 'main_loss': '0.00820282', 'time_per_step': '2.23141'}
2026-01-19 10:15:11,736 - train_greyscale_FA_MoE.py - {'step': '175200', 'lr': '0.0002', 'total_loss': '0.0074652', 'main_loss': '0.0074652', 'time_per_step': '2.25274'}
2026-01-19 10:19:03,589 - train_greyscale_FA_MoE.py - {'step': '175300', 'lr': '0.0002', 'total_loss': '0.00652857', 'main_loss': '0.00652857', 'time_per_step': '2.31142'}
2026-01-19 10:22:53,106 - train_greyscale_FA_MoE.py - {'step': '175400', 'lr': '0.0002', 'total_loss': '0.00807039', 'main_loss': '0.00807039', 'time_per_step': '2.20575'}
2026-01-19 10:26:43,956 - train_greyscale_FA_MoE.py - {'step': '175500', 'lr': '0.0002', 'total_loss': '0.0109577', 'main_loss': '0.0109577', 'time_per_step': '2.22594'}
2026-01-19 10:30:33,180 - train_greyscale_FA_MoE.py - {'step': '175600', 'lr': '0.0002', 'total_loss': '0.0106313', 'main_loss': '0.0106313', 'time_per_step': '2.29481'}
2026-01-19 10:34:24,027 - train_greyscale_FA_MoE.py - {'step': '175700', 'lr': '0.0002', 'total_loss': '0.0109823', 'main_loss': '0.0109823', 'time_per_step': '2.21405'}
2026-01-19 10:38:13,873 - train_greyscale_FA_MoE.py - {'step': '175800', 'lr': '0.0002', 'total_loss': '0.0082248', 'main_loss': '0.0082248', 'time_per_step': '2.20443'}
2026-01-19 10:42:03,810 - train_greyscale_FA_MoE.py - {'step': '175900', 'lr': '0.0002', 'total_loss': '0.0119165', 'main_loss': '0.0119165', 'time_per_step': '2.28651'}
2026-01-19 10:45:53,244 - train_greyscale_FA_MoE.py - {'step': '176000', 'lr': '0.0002', 'total_loss': '0.0062765', 'main_loss': '0.0062765', 'time_per_step': '2.2034'}
2026-01-19 10:49:43,098 - train_greyscale_FA_MoE.py - {'step': '176100', 'lr': '0.0002', 'total_loss': '0.0103136', 'main_loss': '0.0103136', 'time_per_step': '2.11968'}
2026-01-19 10:53:32,466 - train_greyscale_FA_MoE.py - {'step': '176200', 'lr': '0.0002', 'total_loss': '0.00785381', 'main_loss': '0.00785381', 'time_per_step': '2.16946'}
2026-01-19 10:57:22,785 - train_greyscale_FA_MoE.py - {'step': '176300', 'lr': '0.0002', 'total_loss': '0.00940249', 'main_loss': '0.00940249', 'time_per_step': '2.23819'}
2026-01-19 11:01:13,355 - train_greyscale_FA_MoE.py - {'step': '176400', 'lr': '0.0002', 'total_loss': '0.0108108', 'main_loss': '0.0108108', 'time_per_step': '2.26899'}
2026-01-19 11:05:02,587 - train_greyscale_FA_MoE.py - {'step': '176500', 'lr': '0.0002', 'total_loss': '0.0055944', 'main_loss': '0.0055944', 'time_per_step': '2.27129'}
2026-01-19 11:08:51,844 - train_greyscale_FA_MoE.py - {'step': '176600', 'lr': '0.0002', 'total_loss': '0.00540033', 'main_loss': '0.00540033', 'time_per_step': '2.21075'}
2026-01-19 11:12:41,821 - train_greyscale_FA_MoE.py - {'step': '176700', 'lr': '0.0002', 'total_loss': '0.00772057', 'main_loss': '0.00772057', 'time_per_step': '2.22228'}
2026-01-19 11:16:31,860 - train_greyscale_FA_MoE.py - {'step': '176800', 'lr': '0.0002', 'total_loss': '0.0106185', 'main_loss': '0.0106185', 'time_per_step': '2.21735'}
2026-01-19 11:20:20,965 - train_greyscale_FA_MoE.py - {'step': '176900', 'lr': '0.0002', 'total_loss': '0.0128146', 'main_loss': '0.0128146', 'time_per_step': '2.22965'}
2026-01-19 11:24:10,555 - train_greyscale_FA_MoE.py - {'step': '177000', 'lr': '0.0002', 'total_loss': '0.0099081', 'main_loss': '0.0099081', 'time_per_step': '2.23646'}
2026-01-19 11:28:00,781 - train_greyscale_FA_MoE.py - {'step': '177100', 'lr': '0.0002', 'total_loss': '0.00972236', 'main_loss': '0.00972236', 'time_per_step': '2.2197'}
2026-01-19 11:31:49,744 - train_greyscale_FA_MoE.py - {'step': '177200', 'lr': '0.0002', 'total_loss': '0.00960165', 'main_loss': '0.00960165', 'time_per_step': '2.21408'}
2026-01-19 11:35:38,727 - train_greyscale_FA_MoE.py - {'step': '177300', 'lr': '0.0002', 'total_loss': '0.00720123', 'main_loss': '0.00720123', 'time_per_step': '2.10898'}
2026-01-19 11:39:28,064 - train_greyscale_FA_MoE.py - {'step': '177400', 'lr': '0.0002', 'total_loss': '0.00593987', 'main_loss': '0.00593987', 'time_per_step': '2.12122'}
2026-01-19 11:43:18,759 - train_greyscale_FA_MoE.py - {'step': '177500', 'lr': '0.0002', 'total_loss': '0.0113724', 'main_loss': '0.0113724', 'time_per_step': '2.25698'}
2026-01-19 11:47:08,662 - train_greyscale_FA_MoE.py - {'step': '177600', 'lr': '0.0002', 'total_loss': '0.0079279', 'main_loss': '0.0079279', 'time_per_step': '2.20899'}
2026-01-19 11:50:58,044 - train_greyscale_FA_MoE.py - {'step': '177700', 'lr': '0.0002', 'total_loss': '0.0106846', 'main_loss': '0.0106846', 'time_per_step': '2.19548'}
2026-01-19 11:54:47,796 - train_greyscale_FA_MoE.py - {'step': '177800', 'lr': '0.0002', 'total_loss': '0.00858495', 'main_loss': '0.00858495', 'time_per_step': '2.22086'}
2026-01-19 11:58:37,908 - train_greyscale_FA_MoE.py - {'step': '177900', 'lr': '0.0002', 'total_loss': '0.00704478', 'main_loss': '0.00704478', 'time_per_step': '2.21962'}
2026-01-19 12:02:27,703 - train_greyscale_FA_MoE.py - {'step': '178000', 'lr': '0.0002', 'total_loss': '0.0125953', 'main_loss': '0.0125953', 'time_per_step': '2.2324'}
2026-01-19 12:06:16,600 - train_greyscale_FA_MoE.py - {'step': '178100', 'lr': '0.0002', 'total_loss': '0.0138213', 'main_loss': '0.0138213', 'time_per_step': '2.22526'}
2026-01-19 12:10:06,924 - train_greyscale_FA_MoE.py - {'step': '178200', 'lr': '0.0002', 'total_loss': '0.0106539', 'main_loss': '0.0106539', 'time_per_step': '2.21786'}
2026-01-19 12:13:57,179 - train_greyscale_FA_MoE.py - {'step': '178300', 'lr': '0.0002', 'total_loss': '0.00931752', 'main_loss': '0.00931752', 'time_per_step': '2.24555'}
2026-01-19 12:17:48,531 - train_greyscale_FA_MoE.py - {'step': '178400', 'lr': '0.0002', 'total_loss': '0.00847302', 'main_loss': '0.00847302', 'time_per_step': '2.21808'}
2026-01-19 12:21:37,656 - train_greyscale_FA_MoE.py - {'step': '178500', 'lr': '0.0002', 'total_loss': '0.00816404', 'main_loss': '0.00816404', 'time_per_step': '2.13258'}
2026-01-19 12:25:27,420 - train_greyscale_FA_MoE.py - {'step': '178600', 'lr': '0.0002', 'total_loss': '0.00532315', 'main_loss': '0.00532315', 'time_per_step': '2.11988'}
2026-01-19 12:29:17,725 - train_greyscale_FA_MoE.py - {'step': '178700', 'lr': '0.0002', 'total_loss': '0.00590574', 'main_loss': '0.00590574', 'time_per_step': '2.21135'}
2026-01-19 12:33:07,475 - train_greyscale_FA_MoE.py - {'step': '178800', 'lr': '0.0002', 'total_loss': '0.00743717', 'main_loss': '0.00743717', 'time_per_step': '2.23288'}
2026-01-19 12:36:56,718 - train_greyscale_FA_MoE.py - {'step': '178900', 'lr': '0.0002', 'total_loss': '0.0107886', 'main_loss': '0.0107886', 'time_per_step': '2.23247'}
2026-01-19 12:40:46,950 - train_greyscale_FA_MoE.py - {'step': '179000', 'lr': '0.0002', 'total_loss': '0.0103284', 'main_loss': '0.0103284', 'time_per_step': '2.21448'}
2026-01-19 12:44:36,290 - train_greyscale_FA_MoE.py - {'step': '179100', 'lr': '0.0002', 'total_loss': '0.00824825', 'main_loss': '0.00824825', 'time_per_step': '2.20565'}
2026-01-19 12:48:26,188 - train_greyscale_FA_MoE.py - {'step': '179200', 'lr': '0.0002', 'total_loss': '0.00610417', 'main_loss': '0.00610417', 'time_per_step': '2.17709'}
2026-01-19 12:52:15,109 - train_greyscale_FA_MoE.py - {'step': '179300', 'lr': '0.0002', 'total_loss': '0.00939853', 'main_loss': '0.00939853', 'time_per_step': '2.20618'}
2026-01-19 12:56:04,254 - train_greyscale_FA_MoE.py - {'step': '179400', 'lr': '0.0002', 'total_loss': '0.0080855', 'main_loss': '0.0080855', 'time_per_step': '2.27984'}
2026-01-19 12:59:54,296 - train_greyscale_FA_MoE.py - {'step': '179500', 'lr': '0.0002', 'total_loss': '0.00541639', 'main_loss': '0.00541639', 'time_per_step': '2.25529'}
2026-01-19 13:03:44,398 - train_greyscale_FA_MoE.py - {'step': '179600', 'lr': '0.0002', 'total_loss': '0.0106896', 'main_loss': '0.0106896', 'time_per_step': '2.21407'}
2026-01-19 13:07:33,257 - train_greyscale_FA_MoE.py - {'step': '179700', 'lr': '0.0002', 'total_loss': '0.00964243', 'main_loss': '0.00964243', 'time_per_step': '2.16264'}
2026-01-19 13:11:23,209 - train_greyscale_FA_MoE.py - {'step': '179800', 'lr': '0.0002', 'total_loss': '0.00797831', 'main_loss': '0.00797831', 'time_per_step': '2.1217'}
2026-01-19 13:15:13,916 - train_greyscale_FA_MoE.py - {'step': '179900', 'lr': '0.0002', 'total_loss': '0.00712422', 'main_loss': '0.00712422', 'time_per_step': '2.21638'}
2026-01-19 13:19:05,031 - train_greyscale_FA_MoE.py - {'step': '180000', 'lr': '0.0002', 'total_loss': '0.00991432', 'main_loss': '0.00991432', 'time_per_step': '2.21986'}
2026-01-19 13:22:54,269 - train_greyscale_FA_MoE.py - {'step': '180100', 'lr': '0.0002', 'total_loss': '0.00788345', 'main_loss': '0.00788345', 'time_per_step': '2.26001'}
2026-01-19 13:26:44,035 - train_greyscale_FA_MoE.py - {'step': '180200', 'lr': '0.0002', 'total_loss': '0.00795115', 'main_loss': '0.00795115', 'time_per_step': '2.21001'}
2026-01-19 13:30:33,668 - train_greyscale_FA_MoE.py - {'step': '180300', 'lr': '0.0002', 'total_loss': '0.0074328', 'main_loss': '0.0074328', 'time_per_step': '2.30924'}
2026-01-19 13:34:23,659 - train_greyscale_FA_MoE.py - {'step': '180400', 'lr': '0.0002', 'total_loss': '0.00616967', 'main_loss': '0.00616967', 'time_per_step': '2.21745'}
2026-01-19 13:38:12,483 - train_greyscale_FA_MoE.py - {'step': '180500', 'lr': '0.0002', 'total_loss': '0.00794034', 'main_loss': '0.00794034', 'time_per_step': '2.26735'}
2026-01-19 13:42:02,503 - train_greyscale_FA_MoE.py - {'step': '180600', 'lr': '0.0002', 'total_loss': '0.0113462', 'main_loss': '0.0113462', 'time_per_step': '2.29719'}
2026-01-19 13:45:52,505 - train_greyscale_FA_MoE.py - {'step': '180700', 'lr': '0.0002', 'total_loss': '0.012091', 'main_loss': '0.012091', 'time_per_step': '2.25918'}
2026-01-19 13:49:43,753 - train_greyscale_FA_MoE.py - {'step': '180800', 'lr': '0.0002', 'total_loss': '0.00572944', 'main_loss': '0.00572944', 'time_per_step': '2.23855'}
2026-01-19 13:53:33,049 - train_greyscale_FA_MoE.py - {'step': '180900', 'lr': '0.0002', 'total_loss': '0.00908931', 'main_loss': '0.00908931', 'time_per_step': '2.1788'}
2026-01-19 13:57:22,194 - train_greyscale_FA_MoE.py - {'step': '181000', 'lr': '0.0002', 'total_loss': '0.0109906', 'main_loss': '0.0109906', 'time_per_step': '2.12681'}
2026-01-19 14:01:12,695 - train_greyscale_FA_MoE.py - {'step': '181100', 'lr': '0.0002', 'total_loss': '0.00728948', 'main_loss': '0.00728948', 'time_per_step': '2.24912'}
2026-01-19 14:05:03,426 - train_greyscale_FA_MoE.py - {'step': '181200', 'lr': '0.0002', 'total_loss': '0.0111816', 'main_loss': '0.0111816', 'time_per_step': '2.25843'}
2026-01-19 14:08:55,892 - train_greyscale_FA_MoE.py - {'step': '181300', 'lr': '0.0002', 'total_loss': '0.00827972', 'main_loss': '0.00827972', 'time_per_step': '2.2594'}
2026-01-19 14:12:44,266 - train_greyscale_FA_MoE.py - {'step': '181400', 'lr': '0.0002', 'total_loss': '0.00817025', 'main_loss': '0.00817025', 'time_per_step': '2.21656'}
2026-01-19 14:16:34,507 - train_greyscale_FA_MoE.py - {'step': '181500', 'lr': '0.0002', 'total_loss': '0.00792094', 'main_loss': '0.00792094', 'time_per_step': '2.27522'}
2026-01-19 14:20:23,343 - train_greyscale_FA_MoE.py - {'step': '181600', 'lr': '0.0002', 'total_loss': '0.00754914', 'main_loss': '0.00754914', 'time_per_step': '2.21271'}
2026-01-19 14:24:11,863 - train_greyscale_FA_MoE.py - {'step': '181700', 'lr': '0.0002', 'total_loss': '0.00620246', 'main_loss': '0.00620246', 'time_per_step': '2.23449'}
2026-01-19 14:28:00,282 - train_greyscale_FA_MoE.py - {'step': '181800', 'lr': '0.0002', 'total_loss': '0.0112504', 'main_loss': '0.0112504', 'time_per_step': '2.2259'}
2026-01-19 14:31:49,734 - train_greyscale_FA_MoE.py - {'step': '181900', 'lr': '0.0002', 'total_loss': '0.00915376', 'main_loss': '0.00915376', 'time_per_step': '2.17343'}
2026-01-19 14:35:39,945 - train_greyscale_FA_MoE.py - {'step': '182000', 'lr': '0.0002', 'total_loss': '0.00715047', 'main_loss': '0.00715047', 'time_per_step': '2.29567'}
2026-01-19 14:39:29,096 - train_greyscale_FA_MoE.py - {'step': '182100', 'lr': '0.0002', 'total_loss': '0.00974243', 'main_loss': '0.00974243', 'time_per_step': '2.10823'}
2026-01-19 14:43:16,782 - train_greyscale_FA_MoE.py - {'step': '182200', 'lr': '0.0002', 'total_loss': '0.0109494', 'main_loss': '0.0109494', 'time_per_step': '2.11624'}
2026-01-19 14:47:07,912 - train_greyscale_FA_MoE.py - {'step': '182300', 'lr': '0.0002', 'total_loss': '0.00809794', 'main_loss': '0.00809794', 'time_per_step': '2.21991'}
2026-01-19 14:50:57,434 - train_greyscale_FA_MoE.py - {'step': '182400', 'lr': '0.0002', 'total_loss': '0.00817937', 'main_loss': '0.00817937', 'time_per_step': '2.26269'}
2026-01-19 14:54:46,584 - train_greyscale_FA_MoE.py - {'step': '182500', 'lr': '0.0002', 'total_loss': '0.00844167', 'main_loss': '0.00844167', 'time_per_step': '2.22509'}
2026-01-19 14:58:34,790 - train_greyscale_FA_MoE.py - {'step': '182600', 'lr': '0.0002', 'total_loss': '0.0101053', 'main_loss': '0.0101053', 'time_per_step': '2.20998'}
2026-01-19 15:02:24,561 - train_greyscale_FA_MoE.py - {'step': '182700', 'lr': '0.0002', 'total_loss': '0.0082261', 'main_loss': '0.0082261', 'time_per_step': '2.2173'}
2026-01-19 15:06:13,923 - train_greyscale_FA_MoE.py - {'step': '182800', 'lr': '0.0002', 'total_loss': '0.00624252', 'main_loss': '0.00624252', 'time_per_step': '2.23792'}
2026-01-19 15:10:03,392 - train_greyscale_FA_MoE.py - {'step': '182900', 'lr': '0.0002', 'total_loss': '0.00976161', 'main_loss': '0.00976161', 'time_per_step': '2.29335'}
2026-01-19 15:13:51,678 - train_greyscale_FA_MoE.py - {'step': '183000', 'lr': '0.0002', 'total_loss': '0.00766917', 'main_loss': '0.00766917', 'time_per_step': '2.2076'}
2026-01-19 15:17:40,962 - train_greyscale_FA_MoE.py - {'step': '183100', 'lr': '0.0002', 'total_loss': '0.0123326', 'main_loss': '0.0123326', 'time_per_step': '2.24128'}
2026-01-19 15:21:30,784 - train_greyscale_FA_MoE.py - {'step': '183200', 'lr': '0.0002', 'total_loss': '0.00857059', 'main_loss': '0.00857059', 'time_per_step': '2.2154'}
2026-01-19 15:25:20,126 - train_greyscale_FA_MoE.py - {'step': '183300', 'lr': '0.0002', 'total_loss': '0.00891056', 'main_loss': '0.00891056', 'time_per_step': '2.11843'}
2026-01-19 15:29:07,966 - train_greyscale_FA_MoE.py - {'step': '183400', 'lr': '0.0002', 'total_loss': '0.00939124', 'main_loss': '0.00939124', 'time_per_step': '2.11786'}
2026-01-19 15:32:57,964 - train_greyscale_FA_MoE.py - {'step': '183500', 'lr': '0.0002', 'total_loss': '0.00677313', 'main_loss': '0.00677313', 'time_per_step': '2.21392'}
2026-01-19 15:36:47,413 - train_greyscale_FA_MoE.py - {'step': '183600', 'lr': '0.0002', 'total_loss': '0.00722427', 'main_loss': '0.00722427', 'time_per_step': '2.2259'}
2026-01-19 15:40:37,083 - train_greyscale_FA_MoE.py - {'step': '183700', 'lr': '0.0002', 'total_loss': '0.010398', 'main_loss': '0.010398', 'time_per_step': '2.25591'}
2026-01-19 15:44:24,969 - train_greyscale_FA_MoE.py - {'step': '183800', 'lr': '0.0002', 'total_loss': '0.0110436', 'main_loss': '0.0110436', 'time_per_step': '2.23712'}
2026-01-19 15:48:13,773 - train_greyscale_FA_MoE.py - {'step': '183900', 'lr': '0.0002', 'total_loss': '0.00971234', 'main_loss': '0.00971234', 'time_per_step': '2.22599'}
2026-01-19 15:52:02,559 - train_greyscale_FA_MoE.py - {'step': '184000', 'lr': '0.0002', 'total_loss': '0.0111826', 'main_loss': '0.0111826', 'time_per_step': '2.30241'}
2026-01-19 15:55:51,635 - train_greyscale_FA_MoE.py - {'step': '184100', 'lr': '0.0002', 'total_loss': '0.0106114', 'main_loss': '0.0106114', 'time_per_step': '2.23785'}
2026-01-19 15:59:40,302 - train_greyscale_FA_MoE.py - {'step': '184200', 'lr': '0.0002', 'total_loss': '0.0115447', 'main_loss': '0.0115447', 'time_per_step': '2.23522'}
2026-01-19 16:03:29,891 - train_greyscale_FA_MoE.py - {'step': '184300', 'lr': '0.0002', 'total_loss': '0.0130583', 'main_loss': '0.0130583', 'time_per_step': '2.2119'}
2026-01-19 16:07:19,302 - train_greyscale_FA_MoE.py - {'step': '184400', 'lr': '0.0002', 'total_loss': '0.00672692', 'main_loss': '0.00672692', 'time_per_step': '2.22993'}
2026-01-19 16:11:07,548 - train_greyscale_FA_MoE.py - {'step': '184500', 'lr': '0.0002', 'total_loss': '0.0104687', 'main_loss': '0.0104687', 'time_per_step': '2.12098'}
2026-01-19 16:14:55,671 - train_greyscale_FA_MoE.py - {'step': '184600', 'lr': '0.0002', 'total_loss': '0.00893844', 'main_loss': '0.00893844', 'time_per_step': '2.1294'}
2026-01-19 16:18:47,086 - train_greyscale_FA_MoE.py - {'step': '184700', 'lr': '0.0002', 'total_loss': '0.0122923', 'main_loss': '0.0122923', 'time_per_step': '2.21097'}
2026-01-19 16:22:36,761 - train_greyscale_FA_MoE.py - {'step': '184800', 'lr': '0.0002', 'total_loss': '0.00845591', 'main_loss': '0.00845591', 'time_per_step': '2.22845'}
2026-01-19 16:26:26,450 - train_greyscale_FA_MoE.py - {'step': '184900', 'lr': '0.0002', 'total_loss': '0.0104154', 'main_loss': '0.0104154', 'time_per_step': '2.22195'}
2026-01-19 16:30:14,922 - train_greyscale_FA_MoE.py - {'step': '185000', 'lr': '0.0002', 'total_loss': '0.00812418', 'main_loss': '0.00812418', 'time_per_step': '2.23467'}
2026-01-19 16:34:04,498 - train_greyscale_FA_MoE.py - {'step': '185100', 'lr': '0.0002', 'total_loss': '0.00726546', 'main_loss': '0.00726546', 'time_per_step': '2.27882'}
2026-01-19 16:37:54,105 - train_greyscale_FA_MoE.py - {'step': '185200', 'lr': '0.0002', 'total_loss': '0.00586446', 'main_loss': '0.00586446', 'time_per_step': '2.2337'}
2026-01-19 16:41:43,644 - train_greyscale_FA_MoE.py - {'step': '185300', 'lr': '0.0002', 'total_loss': '0.00726792', 'main_loss': '0.00726792', 'time_per_step': '2.22374'}
2026-01-19 16:45:31,663 - train_greyscale_FA_MoE.py - {'step': '185400', 'lr': '0.0002', 'total_loss': '0.0072277', 'main_loss': '0.0072277', 'time_per_step': '2.22362'}
2026-01-19 16:49:21,502 - train_greyscale_FA_MoE.py - {'step': '185500', 'lr': '0.0002', 'total_loss': '0.00626937', 'main_loss': '0.00626937', 'time_per_step': '2.22177'}
2026-01-19 16:53:11,269 - train_greyscale_FA_MoE.py - {'step': '185600', 'lr': '0.0002', 'total_loss': '0.00628458', 'main_loss': '0.00628458', 'time_per_step': '2.23451'}
2026-01-19 16:57:00,381 - train_greyscale_FA_MoE.py - {'step': '185700', 'lr': '0.0002', 'total_loss': '0.0108041', 'main_loss': '0.0108041', 'time_per_step': '2.11934'}
2026-01-19 17:00:47,861 - train_greyscale_FA_MoE.py - {'step': '185800', 'lr': '0.0002', 'total_loss': '0.0118551', 'main_loss': '0.0118551', 'time_per_step': '2.11481'}
2026-01-19 17:04:38,239 - train_greyscale_FA_MoE.py - {'step': '185900', 'lr': '0.0002', 'total_loss': '0.00935862', 'main_loss': '0.00935862', 'time_per_step': '2.2157'}
2026-01-19 17:08:27,859 - train_greyscale_FA_MoE.py - {'step': '186000', 'lr': '0.0002', 'total_loss': '0.00698181', 'main_loss': '0.00698181', 'time_per_step': '2.2291'}
2026-01-19 17:12:17,037 - train_greyscale_FA_MoE.py - {'step': '186100', 'lr': '0.0002', 'total_loss': '0.00948738', 'main_loss': '0.00948738', 'time_per_step': '2.19986'}
2026-01-19 17:16:05,976 - train_greyscale_FA_MoE.py - {'step': '186200', 'lr': '0.0002', 'total_loss': '0.00943337', 'main_loss': '0.00943337', 'time_per_step': '2.22688'}
2026-01-19 17:19:55,470 - train_greyscale_FA_MoE.py - {'step': '186300', 'lr': '0.0002', 'total_loss': '0.00732179', 'main_loss': '0.00732179', 'time_per_step': '2.23515'}
2026-01-19 17:23:44,811 - train_greyscale_FA_MoE.py - {'step': '186400', 'lr': '0.0002', 'total_loss': '0.00990492', 'main_loss': '0.00990492', 'time_per_step': '2.23486'}
2026-01-19 17:27:34,020 - train_greyscale_FA_MoE.py - {'step': '186500', 'lr': '0.0002', 'total_loss': '0.00593567', 'main_loss': '0.00593567', 'time_per_step': '2.27083'}
2026-01-19 17:31:23,230 - train_greyscale_FA_MoE.py - {'step': '186600', 'lr': '0.0002', 'total_loss': '0.00970658', 'main_loss': '0.00970658', 'time_per_step': '2.22581'}
2026-01-19 17:35:12,994 - train_greyscale_FA_MoE.py - {'step': '186700', 'lr': '0.0002', 'total_loss': '0.00897776', 'main_loss': '0.00897776', 'time_per_step': '2.22092'}
2026-01-19 17:39:03,105 - train_greyscale_FA_MoE.py - {'step': '186800', 'lr': '0.0002', 'total_loss': '0.00979588', 'main_loss': '0.00979588', 'time_per_step': '2.28046'}
2026-01-19 17:42:52,471 - train_greyscale_FA_MoE.py - {'step': '186900', 'lr': '0.0002', 'total_loss': '0.00771482', 'main_loss': '0.00771482', 'time_per_step': '2.11054'}
2026-01-19 17:46:41,104 - train_greyscale_FA_MoE.py - {'step': '187000', 'lr': '0.0002', 'total_loss': '0.0118485', 'main_loss': '0.0118485', 'time_per_step': '2.11797'}
2026-01-19 17:50:29,884 - train_greyscale_FA_MoE.py - {'step': '187100', 'lr': '0.0002', 'total_loss': '0.00956277', 'main_loss': '0.00956277', 'time_per_step': '2.22053'}
2026-01-19 17:54:19,241 - train_greyscale_FA_MoE.py - {'step': '187200', 'lr': '0.0002', 'total_loss': '0.00794264', 'main_loss': '0.00794264', 'time_per_step': '2.22698'}
2026-01-19 17:58:08,696 - train_greyscale_FA_MoE.py - {'step': '187300', 'lr': '0.0002', 'total_loss': '0.00766744', 'main_loss': '0.00766744', 'time_per_step': '2.19818'}
2026-01-19 18:01:57,788 - train_greyscale_FA_MoE.py - {'step': '187400', 'lr': '0.0002', 'total_loss': '0.00927159', 'main_loss': '0.00927159', 'time_per_step': '2.22835'}
2026-01-19 18:05:45,748 - train_greyscale_FA_MoE.py - {'step': '187500', 'lr': '0.0002', 'total_loss': '0.00950804', 'main_loss': '0.00950804', 'time_per_step': '2.23056'}
2026-01-19 18:09:34,999 - train_greyscale_FA_MoE.py - {'step': '187600', 'lr': '0.0002', 'total_loss': '0.00743694', 'main_loss': '0.00743694', 'time_per_step': '2.17908'}
2026-01-19 18:13:23,709 - train_greyscale_FA_MoE.py - {'step': '187700', 'lr': '0.0002', 'total_loss': '0.0091409', 'main_loss': '0.0091409', 'time_per_step': '2.23135'}
2026-01-19 18:17:14,165 - train_greyscale_FA_MoE.py - {'step': '187800', 'lr': '0.0002', 'total_loss': '0.0107524', 'main_loss': '0.0107524', 'time_per_step': '2.19611'}
2026-01-19 18:21:02,409 - train_greyscale_FA_MoE.py - {'step': '187900', 'lr': '0.0002', 'total_loss': '0.00691004', 'main_loss': '0.00691004', 'time_per_step': '2.29383'}
2026-01-19 18:24:52,411 - train_greyscale_FA_MoE.py - {'step': '188000', 'lr': '0.0002', 'total_loss': '0.0102378', 'main_loss': '0.0102378', 'time_per_step': '2.22147'}
2026-01-19 18:28:41,727 - train_greyscale_FA_MoE.py - {'step': '188100', 'lr': '0.0002', 'total_loss': '0.0111914', 'main_loss': '0.0111914', 'time_per_step': '2.12828'}
2026-01-19 18:32:30,397 - train_greyscale_FA_MoE.py - {'step': '188200', 'lr': '0.0002', 'total_loss': '0.0112719', 'main_loss': '0.0112719', 'time_per_step': '2.12265'}
2026-01-19 18:36:20,346 - train_greyscale_FA_MoE.py - {'step': '188300', 'lr': '0.0002', 'total_loss': '0.0118752', 'main_loss': '0.0118752', 'time_per_step': '2.24001'}
2026-01-19 18:40:10,030 - train_greyscale_FA_MoE.py - {'step': '188400', 'lr': '0.0002', 'total_loss': '0.00973846', 'main_loss': '0.00973846', 'time_per_step': '2.24972'}
2026-01-19 18:43:59,183 - train_greyscale_FA_MoE.py - {'step': '188500', 'lr': '0.0002', 'total_loss': '0.00870333', 'main_loss': '0.00870333', 'time_per_step': '2.22742'}
2026-01-19 18:47:49,560 - train_greyscale_FA_MoE.py - {'step': '188600', 'lr': '0.0002', 'total_loss': '0.0125898', 'main_loss': '0.0125898', 'time_per_step': '2.214'}
2026-01-19 18:51:37,895 - train_greyscale_FA_MoE.py - {'step': '188700', 'lr': '0.0002', 'total_loss': '0.008724', 'main_loss': '0.008724', 'time_per_step': '2.21573'}
2026-01-19 18:55:26,390 - train_greyscale_FA_MoE.py - {'step': '188800', 'lr': '0.0002', 'total_loss': '0.00872938', 'main_loss': '0.00872938', 'time_per_step': '2.22775'}
2026-01-19 18:59:15,324 - train_greyscale_FA_MoE.py - {'step': '188900', 'lr': '0.0002', 'total_loss': '0.00629904', 'main_loss': '0.00629904', 'time_per_step': '2.21403'}
2026-01-19 19:03:04,018 - train_greyscale_FA_MoE.py - {'step': '189000', 'lr': '0.0002', 'total_loss': '0.0108024', 'main_loss': '0.0108024', 'time_per_step': '2.3081'}
2026-01-19 19:06:51,943 - train_greyscale_FA_MoE.py - {'step': '189100', 'lr': '0.0002', 'total_loss': '0.0117689', 'main_loss': '0.0117689', 'time_per_step': '2.24399'}
2026-01-19 19:10:40,939 - train_greyscale_FA_MoE.py - {'step': '189200', 'lr': '0.0002', 'total_loss': '0.00807688', 'main_loss': '0.00807688', 'time_per_step': '2.22203'}
2026-01-19 19:14:30,237 - train_greyscale_FA_MoE.py - {'step': '189300', 'lr': '0.0002', 'total_loss': '0.00964907', 'main_loss': '0.00964907', 'time_per_step': '2.11702'}
2026-01-19 19:18:20,010 - train_greyscale_FA_MoE.py - {'step': '189400', 'lr': '0.0002', 'total_loss': '0.0062816', 'main_loss': '0.0062816', 'time_per_step': '2.11692'}
2026-01-19 19:22:09,062 - train_greyscale_FA_MoE.py - {'step': '189500', 'lr': '0.0002', 'total_loss': '0.0116273', 'main_loss': '0.0116273', 'time_per_step': '2.21399'}
2026-01-19 19:25:58,643 - train_greyscale_FA_MoE.py - {'step': '189600', 'lr': '0.0002', 'total_loss': '0.00784064', 'main_loss': '0.00784064', 'time_per_step': '2.25062'}
2026-01-19 19:29:47,589 - train_greyscale_FA_MoE.py - {'step': '189700', 'lr': '0.0002', 'total_loss': '0.00810394', 'main_loss': '0.00810394', 'time_per_step': '2.21761'}
2026-01-19 19:33:35,959 - train_greyscale_FA_MoE.py - {'step': '189800', 'lr': '0.0002', 'total_loss': '0.00740654', 'main_loss': '0.00740654', 'time_per_step': '2.22499'}
2026-01-19 19:37:24,060 - train_greyscale_FA_MoE.py - {'step': '189900', 'lr': '0.0002', 'total_loss': '0.00792853', 'main_loss': '0.00792853', 'time_per_step': '2.24689'}
2026-01-19 19:41:12,724 - train_greyscale_FA_MoE.py - {'step': '190000', 'lr': '0.0002', 'total_loss': '0.0109277', 'main_loss': '0.0109277', 'time_per_step': '2.23581'}
2026-01-19 19:45:01,426 - train_greyscale_FA_MoE.py - {'step': '190100', 'lr': '0.0002', 'total_loss': '0.00754372', 'main_loss': '0.00754372', 'time_per_step': '2.2253'}
2026-01-19 19:48:50,084 - train_greyscale_FA_MoE.py - {'step': '190200', 'lr': '0.0002', 'total_loss': '0.00464892', 'main_loss': '0.00464892', 'time_per_step': '2.20843'}
2026-01-19 19:52:39,164 - train_greyscale_FA_MoE.py - {'step': '190300', 'lr': '0.0002', 'total_loss': '0.00638644', 'main_loss': '0.00638644', 'time_per_step': '2.25012'}
2026-01-19 19:56:29,087 - train_greyscale_FA_MoE.py - {'step': '190400', 'lr': '0.0002', 'total_loss': '0.0107926', 'main_loss': '0.0107926', 'time_per_step': '2.22812'}
2026-01-19 20:00:17,995 - train_greyscale_FA_MoE.py - {'step': '190500', 'lr': '0.0002', 'total_loss': '0.00614054', 'main_loss': '0.00614054', 'time_per_step': '2.11909'}
2026-01-19 20:04:07,231 - train_greyscale_FA_MoE.py - {'step': '190600', 'lr': '0.0002', 'total_loss': '0.00624936', 'main_loss': '0.00624936', 'time_per_step': '2.12112'}
2026-01-19 20:07:55,850 - train_greyscale_FA_MoE.py - {'step': '190700', 'lr': '0.0002', 'total_loss': '0.00762898', 'main_loss': '0.00762898', 'time_per_step': '2.25144'}
2026-01-19 20:11:45,887 - train_greyscale_FA_MoE.py - {'step': '190800', 'lr': '0.0002', 'total_loss': '0.00746892', 'main_loss': '0.00746892', 'time_per_step': '2.22656'}
2026-01-19 20:15:34,799 - train_greyscale_FA_MoE.py - {'step': '190900', 'lr': '0.0002', 'total_loss': '0.00570895', 'main_loss': '0.00570895', 'time_per_step': '2.26469'}
2026-01-19 20:19:25,461 - train_greyscale_FA_MoE.py - {'step': '191000', 'lr': '0.0002', 'total_loss': '0.00786166', 'main_loss': '0.00786166', 'time_per_step': '2.20529'}
2026-01-19 20:23:13,805 - train_greyscale_FA_MoE.py - {'step': '191100', 'lr': '0.0002', 'total_loss': '0.0102743', 'main_loss': '0.0102743', 'time_per_step': '2.23872'}
2026-01-19 20:27:02,807 - train_greyscale_FA_MoE.py - {'step': '191200', 'lr': '0.0002', 'total_loss': '0.0076382', 'main_loss': '0.0076382', 'time_per_step': '2.28454'}
2026-01-19 20:30:52,070 - train_greyscale_FA_MoE.py - {'step': '191300', 'lr': '0.0002', 'total_loss': '0.00912352', 'main_loss': '0.00912352', 'time_per_step': '2.21774'}
2026-01-19 20:34:43,800 - train_greyscale_FA_MoE.py - {'step': '191400', 'lr': '0.0002', 'total_loss': '0.00706136', 'main_loss': '0.00706136', 'time_per_step': '2.22264'}
2026-01-19 20:38:32,626 - train_greyscale_FA_MoE.py - {'step': '191500', 'lr': '0.0002', 'total_loss': '0.0129615', 'main_loss': '0.0129615', 'time_per_step': '2.27942'}
2026-01-19 20:42:22,446 - train_greyscale_FA_MoE.py - {'step': '191600', 'lr': '0.0002', 'total_loss': '0.0160431', 'main_loss': '0.0160431', 'time_per_step': '2.24142'}
2026-01-19 20:46:11,814 - train_greyscale_FA_MoE.py - {'step': '191700', 'lr': '0.0002', 'total_loss': '0.0062604', 'main_loss': '0.0062604', 'time_per_step': '2.12074'}
2026-01-19 20:50:00,828 - train_greyscale_FA_MoE.py - {'step': '191800', 'lr': '0.0002', 'total_loss': '0.00639687', 'main_loss': '0.00639687', 'time_per_step': '2.11715'}
2026-01-19 20:53:49,532 - train_greyscale_FA_MoE.py - {'step': '191900', 'lr': '0.0002', 'total_loss': '0.011951', 'main_loss': '0.011951', 'time_per_step': '2.21756'}
2026-01-19 20:57:38,955 - train_greyscale_FA_MoE.py - {'step': '192000', 'lr': '0.0002', 'total_loss': '0.0127908', 'main_loss': '0.0127908', 'time_per_step': '2.21501'}
2026-01-19 21:01:28,215 - train_greyscale_FA_MoE.py - {'step': '192100', 'lr': '0.0002', 'total_loss': '0.0113399', 'main_loss': '0.0113399', 'time_per_step': '2.23846'}
2026-01-19 21:05:17,439 - train_greyscale_FA_MoE.py - {'step': '192200', 'lr': '0.0002', 'total_loss': '0.00937412', 'main_loss': '0.00937412', 'time_per_step': '2.20732'}
2026-01-19 21:09:05,730 - train_greyscale_FA_MoE.py - {'step': '192300', 'lr': '0.0002', 'total_loss': '0.00931116', 'main_loss': '0.00931116', 'time_per_step': '2.22631'}
2026-01-19 21:12:55,496 - train_greyscale_FA_MoE.py - {'step': '192400', 'lr': '0.0002', 'total_loss': '0.0104653', 'main_loss': '0.0104653', 'time_per_step': '2.20783'}
2026-01-19 21:16:45,184 - train_greyscale_FA_MoE.py - {'step': '192500', 'lr': '0.0002', 'total_loss': '0.0143643', 'main_loss': '0.0143643', 'time_per_step': '2.20603'}
2026-01-19 21:20:34,736 - train_greyscale_FA_MoE.py - {'step': '192600', 'lr': '0.0002', 'total_loss': '0.00664368', 'main_loss': '0.00664368', 'time_per_step': '2.21687'}
2026-01-19 21:24:23,087 - train_greyscale_FA_MoE.py - {'step': '192700', 'lr': '0.0002', 'total_loss': '0.0115621', 'main_loss': '0.0115621', 'time_per_step': '2.22513'}
2026-01-19 21:28:12,499 - train_greyscale_FA_MoE.py - {'step': '192800', 'lr': '0.0002', 'total_loss': '0.00933368', 'main_loss': '0.00933368', 'time_per_step': '2.22828'}
2026-01-19 21:32:02,002 - train_greyscale_FA_MoE.py - {'step': '192900', 'lr': '0.0002', 'total_loss': '0.00788067', 'main_loss': '0.00788067', 'time_per_step': '2.11944'}
2026-01-19 21:35:51,206 - train_greyscale_FA_MoE.py - {'step': '193000', 'lr': '0.0002', 'total_loss': '0.0111085', 'main_loss': '0.0111085', 'time_per_step': '2.11963'}
2026-01-19 21:39:40,083 - train_greyscale_FA_MoE.py - {'step': '193100', 'lr': '0.0002', 'total_loss': '0.00975657', 'main_loss': '0.00975657', 'time_per_step': '2.21347'}
2026-01-19 21:43:28,579 - train_greyscale_FA_MoE.py - {'step': '193200', 'lr': '0.0002', 'total_loss': '0.00727735', 'main_loss': '0.00727735', 'time_per_step': '2.21303'}
2026-01-19 21:47:18,255 - train_greyscale_FA_MoE.py - {'step': '193300', 'lr': '0.0002', 'total_loss': '0.00992875', 'main_loss': '0.00992875', 'time_per_step': '2.21458'}
2026-01-19 21:51:07,038 - train_greyscale_FA_MoE.py - {'step': '193400', 'lr': '0.0002', 'total_loss': '0.00916609', 'main_loss': '0.00916609', 'time_per_step': '2.21929'}
2026-01-19 21:54:55,109 - train_greyscale_FA_MoE.py - {'step': '193500', 'lr': '0.0002', 'total_loss': '0.012206', 'main_loss': '0.012206', 'time_per_step': '2.23036'}
2026-01-19 21:58:44,245 - train_greyscale_FA_MoE.py - {'step': '193600', 'lr': '0.0002', 'total_loss': '0.0142138', 'main_loss': '0.0142138', 'time_per_step': '2.22517'}
2026-01-19 22:02:33,792 - train_greyscale_FA_MoE.py - {'step': '193700', 'lr': '0.0002', 'total_loss': '0.00917708', 'main_loss': '0.00917708', 'time_per_step': '2.28134'}
2026-01-19 22:06:22,739 - train_greyscale_FA_MoE.py - {'step': '193800', 'lr': '0.0002', 'total_loss': '0.00686697', 'main_loss': '0.00686697', 'time_per_step': '2.2284'}
2026-01-19 22:10:12,332 - train_greyscale_FA_MoE.py - {'step': '193900', 'lr': '0.0002', 'total_loss': '0.00861877', 'main_loss': '0.00861877', 'time_per_step': '2.22323'}
2026-01-19 22:13:59,998 - train_greyscale_FA_MoE.py - {'step': '194000', 'lr': '0.0002', 'total_loss': '0.00801437', 'main_loss': '0.00801437', 'time_per_step': '2.18186'}
2026-01-19 22:17:48,663 - train_greyscale_FA_MoE.py - {'step': '194100', 'lr': '0.0002', 'total_loss': '0.00872404', 'main_loss': '0.00872404', 'time_per_step': '2.10465'}
2026-01-19 22:21:36,706 - train_greyscale_FA_MoE.py - {'step': '194200', 'lr': '0.0002', 'total_loss': '0.00894823', 'main_loss': '0.00894823', 'time_per_step': '2.11648'}
2026-01-19 22:25:26,724 - train_greyscale_FA_MoE.py - {'step': '194300', 'lr': '0.0002', 'total_loss': '0.0106146', 'main_loss': '0.0106146', 'time_per_step': '2.30441'}
2026-01-19 22:29:15,075 - train_greyscale_FA_MoE.py - {'step': '194400', 'lr': '0.0002', 'total_loss': '0.00887545', 'main_loss': '0.00887545', 'time_per_step': '2.21412'}
2026-01-19 22:33:04,595 - train_greyscale_FA_MoE.py - {'step': '194500', 'lr': '0.0002', 'total_loss': '0.00738173', 'main_loss': '0.00738173', 'time_per_step': '2.22033'}
2026-01-19 22:36:53,941 - train_greyscale_FA_MoE.py - {'step': '194600', 'lr': '0.0002', 'total_loss': '0.00687277', 'main_loss': '0.00687277', 'time_per_step': '2.21806'}
2026-01-19 22:40:42,819 - train_greyscale_FA_MoE.py - {'step': '194700', 'lr': '0.0002', 'total_loss': '0.00867006', 'main_loss': '0.00867006', 'time_per_step': '2.22702'}
2026-01-19 22:44:31,073 - train_greyscale_FA_MoE.py - {'step': '194800', 'lr': '0.0002', 'total_loss': '0.00498644', 'main_loss': '0.00498644', 'time_per_step': '2.19373'}
2026-01-19 22:48:19,819 - train_greyscale_FA_MoE.py - {'step': '194900', 'lr': '0.0002', 'total_loss': '0.00629876', 'main_loss': '0.00629876', 'time_per_step': '2.23036'}
2026-01-19 22:52:08,350 - train_greyscale_FA_MoE.py - {'step': '195000', 'lr': '0.0002', 'total_loss': '0.0112344', 'main_loss': '0.0112344', 'time_per_step': '2.21152'}
2026-01-19 22:55:57,085 - train_greyscale_FA_MoE.py - {'step': '195100', 'lr': '0.0002', 'total_loss': '0.00906664', 'main_loss': '0.00906664', 'time_per_step': '2.23574'}
2026-01-19 22:59:45,219 - train_greyscale_FA_MoE.py - {'step': '195200', 'lr': '0.0002', 'total_loss': '0.00716193', 'main_loss': '0.00716193', 'time_per_step': '2.22383'}
2026-01-19 23:03:34,235 - train_greyscale_FA_MoE.py - {'step': '195300', 'lr': '0.0002', 'total_loss': '0.00941062', 'main_loss': '0.00941062', 'time_per_step': '2.15291'}
2026-01-19 23:07:23,272 - train_greyscale_FA_MoE.py - {'step': '195400', 'lr': '0.0002', 'total_loss': '0.00854315', 'main_loss': '0.00854315', 'time_per_step': '2.11493'}
2026-01-19 23:11:12,711 - train_greyscale_FA_MoE.py - {'step': '195500', 'lr': '0.0002', 'total_loss': '0.00672473', 'main_loss': '0.00672473', 'time_per_step': '2.22228'}
2026-01-19 23:15:00,832 - train_greyscale_FA_MoE.py - {'step': '195600', 'lr': '0.0002', 'total_loss': '0.00811249', 'main_loss': '0.00811249', 'time_per_step': '2.21223'}
2026-01-19 23:18:50,765 - train_greyscale_FA_MoE.py - {'step': '195700', 'lr': '0.0002', 'total_loss': '0.00614908', 'main_loss': '0.00614908', 'time_per_step': '2.21965'}
2026-01-19 23:22:40,178 - train_greyscale_FA_MoE.py - {'step': '195800', 'lr': '0.0002', 'total_loss': '0.00780621', 'main_loss': '0.00780621', 'time_per_step': '2.20693'}
2026-01-19 23:26:28,859 - train_greyscale_FA_MoE.py - {'step': '195900', 'lr': '0.0002', 'total_loss': '0.0094863', 'main_loss': '0.0094863', 'time_per_step': '2.24031'}
2026-01-19 23:30:17,384 - train_greyscale_FA_MoE.py - {'step': '196000', 'lr': '0.0002', 'total_loss': '0.0122164', 'main_loss': '0.0122164', 'time_per_step': '2.22481'}
2026-01-19 23:34:07,158 - train_greyscale_FA_MoE.py - {'step': '196100', 'lr': '0.0002', 'total_loss': '0.0085646', 'main_loss': '0.0085646', 'time_per_step': '2.21965'}
2026-01-19 23:37:56,420 - train_greyscale_FA_MoE.py - {'step': '196200', 'lr': '0.0002', 'total_loss': '0.0123188', 'main_loss': '0.0123188', 'time_per_step': '2.20571'}
2026-01-19 23:41:45,470 - train_greyscale_FA_MoE.py - {'step': '196300', 'lr': '0.0002', 'total_loss': '0.00712663', 'main_loss': '0.00712663', 'time_per_step': '2.21537'}
2026-01-19 23:45:33,472 - train_greyscale_FA_MoE.py - {'step': '196400', 'lr': '0.0002', 'total_loss': '0.00931625', 'main_loss': '0.00931625', 'time_per_step': '2.28385'}
2026-01-19 23:49:22,190 - train_greyscale_FA_MoE.py - {'step': '196500', 'lr': '0.0002', 'total_loss': '0.00870278', 'main_loss': '0.00870278', 'time_per_step': '2.12058'}
2026-01-19 23:53:10,325 - train_greyscale_FA_MoE.py - {'step': '196600', 'lr': '0.0002', 'total_loss': '0.00931644', 'main_loss': '0.00931644', 'time_per_step': '2.11694'}
2026-01-19 23:56:59,768 - train_greyscale_FA_MoE.py - {'step': '196700', 'lr': '0.0002', 'total_loss': '0.00843004', 'main_loss': '0.00843004', 'time_per_step': '2.24803'}
2026-01-20 00:00:47,993 - train_greyscale_FA_MoE.py - {'step': '196800', 'lr': '0.0002', 'total_loss': '0.00849431', 'main_loss': '0.00849431', 'time_per_step': '2.22696'}
2026-01-20 00:04:36,624 - train_greyscale_FA_MoE.py - {'step': '196900', 'lr': '0.0002', 'total_loss': '0.00827078', 'main_loss': '0.00827078', 'time_per_step': '2.22132'}
2026-01-20 00:08:25,381 - train_greyscale_FA_MoE.py - {'step': '197000', 'lr': '0.0002', 'total_loss': '0.0101978', 'main_loss': '0.0101978', 'time_per_step': '2.21521'}
2026-01-20 00:12:14,105 - train_greyscale_FA_MoE.py - {'step': '197100', 'lr': '0.0002', 'total_loss': '0.00693611', 'main_loss': '0.00693611', 'time_per_step': '2.23633'}
2026-01-20 00:16:02,901 - train_greyscale_FA_MoE.py - {'step': '197200', 'lr': '0.0002', 'total_loss': '0.00964347', 'main_loss': '0.00964347', 'time_per_step': '2.28888'}
2026-01-20 00:19:52,832 - train_greyscale_FA_MoE.py - {'step': '197300', 'lr': '0.0002', 'total_loss': '0.0110745', 'main_loss': '0.0110745', 'time_per_step': '2.24411'}
2026-01-20 00:23:42,899 - train_greyscale_FA_MoE.py - {'step': '197400', 'lr': '0.0002', 'total_loss': '0.00704333', 'main_loss': '0.00704333', 'time_per_step': '2.19232'}
2026-01-20 00:27:33,621 - train_greyscale_FA_MoE.py - {'step': '197500', 'lr': '0.0002', 'total_loss': '0.00932708', 'main_loss': '0.00932708', 'time_per_step': '2.26598'}
2026-01-20 00:31:21,689 - train_greyscale_FA_MoE.py - {'step': '197600', 'lr': '0.0002', 'total_loss': '0.0121809', 'main_loss': '0.0121809', 'time_per_step': '2.25733'}
2026-01-20 00:35:10,727 - train_greyscale_FA_MoE.py - {'step': '197700', 'lr': '0.0002', 'total_loss': '0.00928365', 'main_loss': '0.00928365', 'time_per_step': '2.11795'}
2026-01-20 00:38:59,529 - train_greyscale_FA_MoE.py - {'step': '197800', 'lr': '0.0002', 'total_loss': '0.0140427', 'main_loss': '0.0140427', 'time_per_step': '2.10131'}
2026-01-20 00:42:49,345 - train_greyscale_FA_MoE.py - {'step': '197900', 'lr': '0.0002', 'total_loss': '0.00766584', 'main_loss': '0.00766584', 'time_per_step': '2.18893'}
2026-01-20 00:46:37,513 - train_greyscale_FA_MoE.py - {'step': '198000', 'lr': '0.0002', 'total_loss': '0.00761076', 'main_loss': '0.00761076', 'time_per_step': '2.23784'}
2026-01-20 00:50:27,708 - train_greyscale_FA_MoE.py - {'step': '198100', 'lr': '0.0002', 'total_loss': '0.00814963', 'main_loss': '0.00814963', 'time_per_step': '2.25809'}
2026-01-20 00:54:17,542 - train_greyscale_FA_MoE.py - {'step': '198200', 'lr': '0.0002', 'total_loss': '0.0046035', 'main_loss': '0.0046035', 'time_per_step': '2.24253'}
2026-01-20 00:58:06,828 - train_greyscale_FA_MoE.py - {'step': '198300', 'lr': '0.0002', 'total_loss': '0.00722288', 'main_loss': '0.00722288', 'time_per_step': '2.2203'}
2026-01-20 01:01:54,792 - train_greyscale_FA_MoE.py - {'step': '198400', 'lr': '0.0002', 'total_loss': '0.00871752', 'main_loss': '0.00871752', 'time_per_step': '2.22905'}
2026-01-20 01:05:44,139 - train_greyscale_FA_MoE.py - {'step': '198500', 'lr': '0.0002', 'total_loss': '0.00754443', 'main_loss': '0.00754443', 'time_per_step': '2.22158'}
2026-01-20 01:09:32,966 - train_greyscale_FA_MoE.py - {'step': '198600', 'lr': '0.0002', 'total_loss': '0.0106234', 'main_loss': '0.0106234', 'time_per_step': '2.24389'}
2026-01-20 01:13:22,247 - train_greyscale_FA_MoE.py - {'step': '198700', 'lr': '0.0002', 'total_loss': '0.00745582', 'main_loss': '0.00745582', 'time_per_step': '2.23473'}
2026-01-20 01:17:11,225 - train_greyscale_FA_MoE.py - {'step': '198800', 'lr': '0.0002', 'total_loss': '0.0102581', 'main_loss': '0.0102581', 'time_per_step': '2.22243'}
2026-01-20 01:21:00,070 - train_greyscale_FA_MoE.py - {'step': '198900', 'lr': '0.0002', 'total_loss': '0.00745569', 'main_loss': '0.00745569', 'time_per_step': '2.10675'}
2026-01-20 01:24:48,540 - train_greyscale_FA_MoE.py - {'step': '199000', 'lr': '0.0002', 'total_loss': '0.0106982', 'main_loss': '0.0106982', 'time_per_step': '2.1156'}
2026-01-20 01:28:37,954 - train_greyscale_FA_MoE.py - {'step': '199100', 'lr': '0.0002', 'total_loss': '0.0100618', 'main_loss': '0.0100618', 'time_per_step': '2.22145'}
2026-01-20 01:32:26,415 - train_greyscale_FA_MoE.py - {'step': '199200', 'lr': '0.0002', 'total_loss': '0.00615383', 'main_loss': '0.00615383', 'time_per_step': '2.23391'}
2026-01-20 01:36:15,918 - train_greyscale_FA_MoE.py - {'step': '199300', 'lr': '0.0002', 'total_loss': '0.00573259', 'main_loss': '0.00573259', 'time_per_step': '2.22984'}
2026-01-20 01:40:05,532 - train_greyscale_FA_MoE.py - {'step': '199400', 'lr': '0.0002', 'total_loss': '0.0114253', 'main_loss': '0.0114253', 'time_per_step': '2.2232'}
2026-01-20 01:43:55,396 - train_greyscale_FA_MoE.py - {'step': '199500', 'lr': '0.0002', 'total_loss': '0.00599966', 'main_loss': '0.00599966', 'time_per_step': '2.23023'}
2026-01-20 01:47:43,758 - train_greyscale_FA_MoE.py - {'step': '199600', 'lr': '0.0002', 'total_loss': '0.00792573', 'main_loss': '0.00792573', 'time_per_step': '2.21924'}
2026-01-20 01:51:33,102 - train_greyscale_FA_MoE.py - {'step': '199700', 'lr': '0.0002', 'total_loss': '0.00520569', 'main_loss': '0.00520569', 'time_per_step': '2.28824'}
2026-01-20 01:55:23,024 - train_greyscale_FA_MoE.py - {'step': '199800', 'lr': '0.0002', 'total_loss': '0.00663589', 'main_loss': '0.00663589', 'time_per_step': '2.22626'}
2026-01-20 01:59:11,944 - train_greyscale_FA_MoE.py - {'step': '199900', 'lr': '0.0002', 'total_loss': '0.00637772', 'main_loss': '0.00637772', 'time_per_step': '2.2515'}
2026-01-20 02:03:00,126 - train_greyscale_FA_MoE.py - {'step': '200000', 'lr': '0.0002', 'total_loss': '0.00900589', 'main_loss': '0.00900589', 'time_per_step': '2.20997'}
2026-01-20 02:03:00,141 - train_greyscale_FA_MoE.py - Saved expert distribution of layer in_block_0 to output_shift_fa/acdc_wholeheart_uncond_fa_ec_moe_greyscale_uvit_mid_4by4_l6r9_low16_Y_bound/samples/expert_distribution_in_block_0_step200000.npy
2026-01-20 02:03:01,657 - train_greyscale_FA_MoE.py - Saved expert distribution of layer out_block_7 to output_shift_fa/acdc_wholeheart_uncond_fa_ec_moe_greyscale_uvit_mid_4by4_l6r9_low16_Y_bound/samples/expert_distribution_out_block_7_step200000.npy
2026-01-20 02:03:03,185 - train_greyscale_FA_MoE.py - Save a grid of 16 samples into output_shift_fa/acdc_wholeheart_uncond_fa_ec_moe_greyscale_uvit_mid_4by4_l6r9_low16_Y_bound/samples/200000.png by DPM-Solver
2026-01-20 02:03:08,890 - train_greyscale_FA_MoE.py - Finished saving sample grid to output_shift_fa/acdc_wholeheart_uncond_fa_ec_moe_greyscale_uvit_mid_4by4_l6r9_low16_Y_bound/samples/200000.png by DPM-Solver.
2026-01-20 02:03:09,304 - train_greyscale_FA_MoE.py - Save and eval checkpoint 200000...
2026-01-20 02:03:11,650 - train_greyscale_FA_MoE.py - eval_step: n_samples=50000, sample_steps=50, algorithm=dpm_solver, mini_batch_size=500, samples save into output_shift_fa/acdc_wholeheart_uncond_fa_ec_moe_greyscale_uvit_mid_4by4_l6r9_low16_Y_bound/samples/acdc_wholeheart_uncond_uvit_FA_EC_MoE_greyscale_mid_4by4_low16_200000_dpm
2026-01-20 02:53:24,208 - train_greyscale_FA_MoE.py - step=200000 fid50000=13.888804523956196
2026-01-20 02:59:55,303 - is_lpips.py - LPIPS: 0.5142 ± 0.0499
2026-01-20 02:59:55,309 - train_greyscale_FA_MoE.py - step=200000 LPIPS50000=0.5141740163691279
2026-01-20 03:05:12,613 - train_greyscale_FA_MoE.py - {'step': '200100', 'lr': '0.0002', 'total_loss': '0.00796088', 'main_loss': '0.00796088', 'time_per_step': '2.12316'}
2026-01-20 03:09:00,729 - train_greyscale_FA_MoE.py - {'step': '200200', 'lr': '0.0002', 'total_loss': '0.0089666', 'main_loss': '0.0089666', 'time_per_step': '2.11792'}
2026-01-20 03:12:50,726 - train_greyscale_FA_MoE.py - {'step': '200300', 'lr': '0.0002', 'total_loss': '0.00930597', 'main_loss': '0.00930597', 'time_per_step': '2.20861'}
2026-01-20 03:16:40,714 - train_greyscale_FA_MoE.py - {'step': '200400', 'lr': '0.0002', 'total_loss': '0.00807772', 'main_loss': '0.00807772', 'time_per_step': '2.25921'}
2026-01-20 03:20:30,426 - train_greyscale_FA_MoE.py - {'step': '200500', 'lr': '0.0002', 'total_loss': '0.00653926', 'main_loss': '0.00653926', 'time_per_step': '2.21768'}
2026-01-20 03:24:18,836 - train_greyscale_FA_MoE.py - {'step': '200600', 'lr': '0.0002', 'total_loss': '0.00888635', 'main_loss': '0.00888635', 'time_per_step': '2.23206'}
2026-01-20 03:28:07,759 - train_greyscale_FA_MoE.py - {'step': '200700', 'lr': '0.0002', 'total_loss': '0.00828914', 'main_loss': '0.00828914', 'time_per_step': '2.22717'}
2026-01-20 03:31:56,718 - train_greyscale_FA_MoE.py - {'step': '200800', 'lr': '0.0002', 'total_loss': '0.00889855', 'main_loss': '0.00889855', 'time_per_step': '2.23444'}
2026-01-20 03:35:46,276 - train_greyscale_FA_MoE.py - {'step': '200900', 'lr': '0.0002', 'total_loss': '0.00974892', 'main_loss': '0.00974892', 'time_per_step': '2.21544'}
2026-01-20 03:39:35,931 - train_greyscale_FA_MoE.py - {'step': '201000', 'lr': '0.0002', 'total_loss': '0.00829805', 'main_loss': '0.00829805', 'time_per_step': '3.63031'}
2026-01-20 03:43:24,392 - train_greyscale_FA_MoE.py - {'step': '201100', 'lr': '0.0002', 'total_loss': '0.00902901', 'main_loss': '0.00902901', 'time_per_step': '2.23197'}
2026-01-20 03:47:14,013 - train_greyscale_FA_MoE.py - {'step': '201200', 'lr': '0.0002', 'total_loss': '0.00556499', 'main_loss': '0.00556499', 'time_per_step': '2.23542'}
2026-01-20 03:51:02,534 - train_greyscale_FA_MoE.py - {'step': '201300', 'lr': '0.0002', 'total_loss': '0.00912504', 'main_loss': '0.00912504', 'time_per_step': '2.19154'}
2026-01-20 03:54:51,940 - train_greyscale_FA_MoE.py - {'step': '201400', 'lr': '0.0002', 'total_loss': '0.00929532', 'main_loss': '0.00929532', 'time_per_step': '2.11692'}
2026-01-20 03:58:40,821 - train_greyscale_FA_MoE.py - {'step': '201500', 'lr': '0.0002', 'total_loss': '0.00793946', 'main_loss': '0.00793946', 'time_per_step': '2.21899'}
2026-01-20 04:02:30,484 - train_greyscale_FA_MoE.py - {'step': '201600', 'lr': '0.0002', 'total_loss': '0.0109501', 'main_loss': '0.0109501', 'time_per_step': '2.19425'}
2026-01-20 04:06:20,153 - train_greyscale_FA_MoE.py - {'step': '201700', 'lr': '0.0002', 'total_loss': '0.00700237', 'main_loss': '0.00700237', 'time_per_step': '2.23333'}
2026-01-20 04:10:08,848 - train_greyscale_FA_MoE.py - {'step': '201800', 'lr': '0.0002', 'total_loss': '0.0073013', 'main_loss': '0.0073013', 'time_per_step': '2.23859'}
2026-01-20 04:13:57,195 - train_greyscale_FA_MoE.py - {'step': '201900', 'lr': '0.0002', 'total_loss': '0.0100191', 'main_loss': '0.0100191', 'time_per_step': '2.2498'}
2026-01-20 04:17:47,955 - train_greyscale_FA_MoE.py - {'step': '202000', 'lr': '0.0002', 'total_loss': '0.0100626', 'main_loss': '0.0100626', 'time_per_step': '2.22881'}
2026-01-20 04:21:37,709 - train_greyscale_FA_MoE.py - {'step': '202100', 'lr': '0.0002', 'total_loss': '0.00652546', 'main_loss': '0.00652546', 'time_per_step': '2.22709'}
2026-01-20 04:25:26,477 - train_greyscale_FA_MoE.py - {'step': '202200', 'lr': '0.0002', 'total_loss': '0.0100777', 'main_loss': '0.0100777', 'time_per_step': '2.23821'}
2026-01-20 04:29:14,933 - train_greyscale_FA_MoE.py - {'step': '202300', 'lr': '0.0002', 'total_loss': '0.0073832', 'main_loss': '0.0073832', 'time_per_step': '2.24388'}
2026-01-20 04:33:04,456 - train_greyscale_FA_MoE.py - {'step': '202400', 'lr': '0.0002', 'total_loss': '0.00696519', 'main_loss': '0.00696519', 'time_per_step': '2.25726'}
2026-01-20 04:36:53,820 - train_greyscale_FA_MoE.py - {'step': '202500', 'lr': '0.0002', 'total_loss': '0.00721261', 'main_loss': '0.00721261', 'time_per_step': '2.12259'}
2026-01-20 04:40:42,373 - train_greyscale_FA_MoE.py - {'step': '202600', 'lr': '0.0002', 'total_loss': '0.00522598', 'main_loss': '0.00522598', 'time_per_step': '2.10565'}
2026-01-20 04:44:31,369 - train_greyscale_FA_MoE.py - {'step': '202700', 'lr': '0.0002', 'total_loss': '0.00857516', 'main_loss': '0.00857516', 'time_per_step': '2.23111'}
2026-01-20 04:48:21,143 - train_greyscale_FA_MoE.py - {'step': '202800', 'lr': '0.0002', 'total_loss': '0.0122512', 'main_loss': '0.0122512', 'time_per_step': '2.20352'}
2026-01-20 04:52:10,675 - train_greyscale_FA_MoE.py - {'step': '202900', 'lr': '0.0002', 'total_loss': '0.00704348', 'main_loss': '0.00704348', 'time_per_step': '2.22254'}
2026-01-20 04:55:59,399 - train_greyscale_FA_MoE.py - {'step': '203000', 'lr': '0.0002', 'total_loss': '0.00692413', 'main_loss': '0.00692413', 'time_per_step': '2.19536'}
2026-01-20 04:59:47,864 - train_greyscale_FA_MoE.py - {'step': '203100', 'lr': '0.0002', 'total_loss': '0.00917959', 'main_loss': '0.00917959', 'time_per_step': '2.21889'}
2026-01-20 05:03:37,220 - train_greyscale_FA_MoE.py - {'step': '203200', 'lr': '0.0002', 'total_loss': '0.00972107', 'main_loss': '0.00972107', 'time_per_step': '2.22733'}
2026-01-20 05:07:26,820 - train_greyscale_FA_MoE.py - {'step': '203300', 'lr': '0.0002', 'total_loss': '0.00856614', 'main_loss': '0.00856614', 'time_per_step': '2.22996'}
2026-01-20 05:11:16,041 - train_greyscale_FA_MoE.py - {'step': '203400', 'lr': '0.0002', 'total_loss': '0.010223', 'main_loss': '0.010223', 'time_per_step': '2.22302'}
2026-01-20 05:15:04,503 - train_greyscale_FA_MoE.py - {'step': '203500', 'lr': '0.0002', 'total_loss': '0.00669397', 'main_loss': '0.00669397', 'time_per_step': '2.25398'}
2026-01-20 05:18:54,725 - train_greyscale_FA_MoE.py - {'step': '203600', 'lr': '0.0002', 'total_loss': '0.00865184', 'main_loss': '0.00865184', 'time_per_step': '2.22089'}
2026-01-20 05:22:44,145 - train_greyscale_FA_MoE.py - {'step': '203700', 'lr': '0.0002', 'total_loss': '0.0110831', 'main_loss': '0.0110831', 'time_per_step': '2.12764'}
2026-01-20 05:26:33,440 - train_greyscale_FA_MoE.py - {'step': '203800', 'lr': '0.0002', 'total_loss': '0.0080557', 'main_loss': '0.0080557', 'time_per_step': '2.18607'}
2026-01-20 05:30:22,162 - train_greyscale_FA_MoE.py - {'step': '203900', 'lr': '0.0002', 'total_loss': '0.00815012', 'main_loss': '0.00815012', 'time_per_step': '2.22733'}
2026-01-20 05:34:12,068 - train_greyscale_FA_MoE.py - {'step': '204000', 'lr': '0.0002', 'total_loss': '0.00529594', 'main_loss': '0.00529594', 'time_per_step': '2.22664'}
2026-01-20 05:38:01,482 - train_greyscale_FA_MoE.py - {'step': '204100', 'lr': '0.0002', 'total_loss': '0.00760876', 'main_loss': '0.00760876', 'time_per_step': '2.22997'}
2026-01-20 05:41:51,338 - train_greyscale_FA_MoE.py - {'step': '204200', 'lr': '0.0002', 'total_loss': '0.00722008', 'main_loss': '0.00722008', 'time_per_step': '2.22104'}
2026-01-20 05:45:39,591 - train_greyscale_FA_MoE.py - {'step': '204300', 'lr': '0.0002', 'total_loss': '0.00879216', 'main_loss': '0.00879216', 'time_per_step': '2.22876'}
2026-01-20 05:49:28,536 - train_greyscale_FA_MoE.py - {'step': '204400', 'lr': '0.0002', 'total_loss': '0.00865054', 'main_loss': '0.00865054', 'time_per_step': '2.23655'}
2026-01-20 05:53:17,155 - train_greyscale_FA_MoE.py - {'step': '204500', 'lr': '0.0002', 'total_loss': '0.00629824', 'main_loss': '0.00629824', 'time_per_step': '2.23825'}
2026-01-20 05:57:07,309 - train_greyscale_FA_MoE.py - {'step': '204600', 'lr': '0.0002', 'total_loss': '0.00551946', 'main_loss': '0.00551946', 'time_per_step': '2.23234'}
2026-01-20 06:00:55,574 - train_greyscale_FA_MoE.py - {'step': '204700', 'lr': '0.0002', 'total_loss': '0.0076094', 'main_loss': '0.0076094', 'time_per_step': '2.21781'}
2026-01-20 06:04:45,077 - train_greyscale_FA_MoE.py - {'step': '204800', 'lr': '0.0002', 'total_loss': '0.0118402', 'main_loss': '0.0118402', 'time_per_step': '2.1757'}
2026-01-20 06:08:33,755 - train_greyscale_FA_MoE.py - {'step': '204900', 'lr': '0.0002', 'total_loss': '0.00847719', 'main_loss': '0.00847719', 'time_per_step': '2.18119'}
2026-01-20 06:12:23,640 - train_greyscale_FA_MoE.py - {'step': '205000', 'lr': '0.0002', 'total_loss': '0.00880053', 'main_loss': '0.00880053', 'time_per_step': '2.11857'}
2026-01-20 06:16:13,590 - train_greyscale_FA_MoE.py - {'step': '205100', 'lr': '0.0002', 'total_loss': '0.0066118', 'main_loss': '0.0066118', 'time_per_step': '2.21295'}
2026-01-20 06:20:03,220 - train_greyscale_FA_MoE.py - {'step': '205200', 'lr': '0.0002', 'total_loss': '0.00736872', 'main_loss': '0.00736872', 'time_per_step': '2.29317'}
2026-01-20 06:23:54,023 - train_greyscale_FA_MoE.py - {'step': '205300', 'lr': '0.0002', 'total_loss': '0.00672743', 'main_loss': '0.00672743', 'time_per_step': '2.22279'}
2026-01-20 06:27:43,520 - train_greyscale_FA_MoE.py - {'step': '205400', 'lr': '0.0002', 'total_loss': '0.00747795', 'main_loss': '0.00747795', 'time_per_step': '2.24409'}
2026-01-20 06:31:31,825 - train_greyscale_FA_MoE.py - {'step': '205500', 'lr': '0.0002', 'total_loss': '0.00832665', 'main_loss': '0.00832665', 'time_per_step': '2.2169'}
2026-01-20 06:35:21,571 - train_greyscale_FA_MoE.py - {'step': '205600', 'lr': '0.0002', 'total_loss': '0.00987258', 'main_loss': '0.00987258', 'time_per_step': '2.21763'}
2026-01-20 06:39:11,532 - train_greyscale_FA_MoE.py - {'step': '205700', 'lr': '0.0002', 'total_loss': '0.0100872', 'main_loss': '0.0100872', 'time_per_step': '2.20929'}
2026-01-20 06:43:01,472 - train_greyscale_FA_MoE.py - {'step': '205800', 'lr': '0.0002', 'total_loss': '0.00818307', 'main_loss': '0.00818307', 'time_per_step': '2.23674'}
2026-01-20 06:46:49,598 - train_greyscale_FA_MoE.py - {'step': '205900', 'lr': '0.0002', 'total_loss': '0.00895213', 'main_loss': '0.00895213', 'time_per_step': '2.21282'}
2026-01-20 06:50:39,219 - train_greyscale_FA_MoE.py - {'step': '206000', 'lr': '0.0002', 'total_loss': '0.00885637', 'main_loss': '0.00885637', 'time_per_step': '2.21882'}
2026-01-20 06:54:28,911 - train_greyscale_FA_MoE.py - {'step': '206100', 'lr': '0.0002', 'total_loss': '0.00938756', 'main_loss': '0.00938756', 'time_per_step': '2.12403'}
2026-01-20 06:58:18,138 - train_greyscale_FA_MoE.py - {'step': '206200', 'lr': '0.0002', 'total_loss': '0.00618612', 'main_loss': '0.00618612', 'time_per_step': '2.11966'}
2026-01-20 07:02:07,126 - train_greyscale_FA_MoE.py - {'step': '206300', 'lr': '0.0002', 'total_loss': '0.00826285', 'main_loss': '0.00826285', 'time_per_step': '2.20076'}
2026-01-20 07:05:56,830 - train_greyscale_FA_MoE.py - {'step': '206400', 'lr': '0.0002', 'total_loss': '0.00884125', 'main_loss': '0.00884125', 'time_per_step': '2.26826'}
2026-01-20 07:09:46,873 - train_greyscale_FA_MoE.py - {'step': '206500', 'lr': '0.0002', 'total_loss': '0.00730222', 'main_loss': '0.00730222', 'time_per_step': '2.22713'}
2026-01-20 07:13:35,715 - train_greyscale_FA_MoE.py - {'step': '206600', 'lr': '0.0002', 'total_loss': '0.00652886', 'main_loss': '0.00652886', 'time_per_step': '2.22364'}
2026-01-20 07:17:24,618 - train_greyscale_FA_MoE.py - {'step': '206700', 'lr': '0.0002', 'total_loss': '0.00930161', 'main_loss': '0.00930161', 'time_per_step': '2.22639'}
2026-01-20 07:21:14,872 - train_greyscale_FA_MoE.py - {'step': '206800', 'lr': '0.0002', 'total_loss': '0.00747092', 'main_loss': '0.00747092', 'time_per_step': '2.21326'}
2026-01-20 07:25:04,680 - train_greyscale_FA_MoE.py - {'step': '206900', 'lr': '0.0002', 'total_loss': '0.0133194', 'main_loss': '0.0133194', 'time_per_step': '2.21608'}
2026-01-20 07:28:54,562 - train_greyscale_FA_MoE.py - {'step': '207000', 'lr': '0.0002', 'total_loss': '0.00745157', 'main_loss': '0.00745157', 'time_per_step': '2.22894'}
2026-01-20 07:32:43,935 - train_greyscale_FA_MoE.py - {'step': '207100', 'lr': '0.0002', 'total_loss': '0.00969339', 'main_loss': '0.00969339', 'time_per_step': '2.22403'}
2026-01-20 07:36:32,176 - train_greyscale_FA_MoE.py - {'step': '207200', 'lr': '0.0002', 'total_loss': '0.00819382', 'main_loss': '0.00819382', 'time_per_step': '2.24657'}
2026-01-20 07:40:21,872 - train_greyscale_FA_MoE.py - {'step': '207300', 'lr': '0.0002', 'total_loss': '0.0101466', 'main_loss': '0.0101466', 'time_per_step': '2.11446'}
2026-01-20 07:44:10,258 - train_greyscale_FA_MoE.py - {'step': '207400', 'lr': '0.0002', 'total_loss': '0.00546372', 'main_loss': '0.00546372', 'time_per_step': '2.12265'}
2026-01-20 07:47:59,462 - train_greyscale_FA_MoE.py - {'step': '207500', 'lr': '0.0002', 'total_loss': '0.0102354', 'main_loss': '0.0102354', 'time_per_step': '2.17158'}
2026-01-20 07:51:47,816 - train_greyscale_FA_MoE.py - {'step': '207600', 'lr': '0.0002', 'total_loss': '0.0125028', 'main_loss': '0.0125028', 'time_per_step': '2.19068'}
2026-01-20 07:55:37,261 - train_greyscale_FA_MoE.py - {'step': '207700', 'lr': '0.0002', 'total_loss': '0.0093926', 'main_loss': '0.0093926', 'time_per_step': '2.17686'}
2026-01-20 07:59:26,205 - train_greyscale_FA_MoE.py - {'step': '207800', 'lr': '0.0002', 'total_loss': '0.00579816', 'main_loss': '0.00579816', 'time_per_step': '2.23675'}
2026-01-20 08:03:16,396 - train_greyscale_FA_MoE.py - {'step': '207900', 'lr': '0.0002', 'total_loss': '0.0114872', 'main_loss': '0.0114872', 'time_per_step': '2.2392'}
2026-01-20 08:07:04,844 - train_greyscale_FA_MoE.py - {'step': '208000', 'lr': '0.0002', 'total_loss': '0.00811552', 'main_loss': '0.00811552', 'time_per_step': '2.23713'}
2026-01-20 08:10:54,076 - train_greyscale_FA_MoE.py - {'step': '208100', 'lr': '0.0002', 'total_loss': '0.00729594', 'main_loss': '0.00729594', 'time_per_step': '2.22011'}
2026-01-20 08:14:43,779 - train_greyscale_FA_MoE.py - {'step': '208200', 'lr': '0.0002', 'total_loss': '0.00938129', 'main_loss': '0.00938129', 'time_per_step': '2.22051'}
2026-01-20 08:18:34,699 - train_greyscale_FA_MoE.py - {'step': '208300', 'lr': '0.0002', 'total_loss': '0.00782676', 'main_loss': '0.00782676', 'time_per_step': '2.23064'}
2026-01-20 08:22:23,074 - train_greyscale_FA_MoE.py - {'step': '208400', 'lr': '0.0002', 'total_loss': '0.00679796', 'main_loss': '0.00679796', 'time_per_step': '2.24198'}
2026-01-20 08:26:12,583 - train_greyscale_FA_MoE.py - {'step': '208500', 'lr': '0.0002', 'total_loss': '0.00886414', 'main_loss': '0.00886414', 'time_per_step': '2.11357'}
2026-01-20 08:30:01,779 - train_greyscale_FA_MoE.py - {'step': '208600', 'lr': '0.0002', 'total_loss': '0.0109557', 'main_loss': '0.0109557', 'time_per_step': '2.12422'}
2026-01-20 08:33:52,195 - train_greyscale_FA_MoE.py - {'step': '208700', 'lr': '0.0002', 'total_loss': '0.0110689', 'main_loss': '0.0110689', 'time_per_step': '2.22278'}
2026-01-20 08:37:40,970 - train_greyscale_FA_MoE.py - {'step': '208800', 'lr': '0.0002', 'total_loss': '0.00654494', 'main_loss': '0.00654494', 'time_per_step': '2.2301'}
2026-01-20 08:41:31,362 - train_greyscale_FA_MoE.py - {'step': '208900', 'lr': '0.0002', 'total_loss': '0.0101485', 'main_loss': '0.0101485', 'time_per_step': '2.24498'}
2026-01-20 08:45:20,385 - train_greyscale_FA_MoE.py - {'step': '209000', 'lr': '0.0002', 'total_loss': '0.00973995', 'main_loss': '0.00973995', 'time_per_step': '2.21267'}
2026-01-20 08:49:10,328 - train_greyscale_FA_MoE.py - {'step': '209100', 'lr': '0.0002', 'total_loss': '0.0078696', 'main_loss': '0.0078696', 'time_per_step': '2.22284'}
2026-01-20 08:52:58,482 - train_greyscale_FA_MoE.py - {'step': '209200', 'lr': '0.0002', 'total_loss': '0.00877201', 'main_loss': '0.00877201', 'time_per_step': '2.2228'}
2026-01-20 08:56:48,061 - train_greyscale_FA_MoE.py - {'step': '209300', 'lr': '0.0002', 'total_loss': '0.00916117', 'main_loss': '0.00916117', 'time_per_step': '2.27177'}
2026-01-20 09:00:37,719 - train_greyscale_FA_MoE.py - {'step': '209400', 'lr': '0.0002', 'total_loss': '0.0124949', 'main_loss': '0.0124949', 'time_per_step': '2.23883'}
2026-01-20 09:04:27,660 - train_greyscale_FA_MoE.py - {'step': '209500', 'lr': '0.0002', 'total_loss': '0.00537297', 'main_loss': '0.00537297', 'time_per_step': '2.22194'}
2026-01-20 09:08:16,230 - train_greyscale_FA_MoE.py - {'step': '209600', 'lr': '0.0002', 'total_loss': '0.00918725', 'main_loss': '0.00918725', 'time_per_step': '2.23359'}
2026-01-20 09:12:06,148 - train_greyscale_FA_MoE.py - {'step': '209700', 'lr': '0.0002', 'total_loss': '0.00624498', 'main_loss': '0.00624498', 'time_per_step': '2.11914'}
2026-01-20 09:15:56,811 - train_greyscale_FA_MoE.py - {'step': '209800', 'lr': '0.0002', 'total_loss': '0.0082954', 'main_loss': '0.0082954', 'time_per_step': '2.12965'}
2026-01-20 09:19:46,631 - train_greyscale_FA_MoE.py - {'step': '209900', 'lr': '0.0002', 'total_loss': '0.00891337', 'main_loss': '0.00891337', 'time_per_step': '2.23972'}
2026-01-20 09:23:35,090 - train_greyscale_FA_MoE.py - {'step': '210000', 'lr': '0.0002', 'total_loss': '0.00939824', 'main_loss': '0.00939824', 'time_per_step': '2.21535'}
2026-01-20 09:27:24,689 - train_greyscale_FA_MoE.py - {'step': '210100', 'lr': '0.0002', 'total_loss': '0.0074848', 'main_loss': '0.0074848', 'time_per_step': '2.24333'}
2026-01-20 09:31:14,339 - train_greyscale_FA_MoE.py - {'step': '210200', 'lr': '0.0002', 'total_loss': '0.0110987', 'main_loss': '0.0110987', 'time_per_step': '2.24525'}
2026-01-20 09:35:03,563 - train_greyscale_FA_MoE.py - {'step': '210300', 'lr': '0.0002', 'total_loss': '0.0071679', 'main_loss': '0.0071679', 'time_per_step': '2.27983'}
2026-01-20 09:38:51,726 - train_greyscale_FA_MoE.py - {'step': '210400', 'lr': '0.0002', 'total_loss': '0.0109557', 'main_loss': '0.0109557', 'time_per_step': '2.22061'}
2026-01-20 09:42:41,294 - train_greyscale_FA_MoE.py - {'step': '210500', 'lr': '0.0002', 'total_loss': '0.00992677', 'main_loss': '0.00992677', 'time_per_step': '2.22898'}
2026-01-20 09:46:30,907 - train_greyscale_FA_MoE.py - {'step': '210600', 'lr': '0.0002', 'total_loss': '0.00925764', 'main_loss': '0.00925764', 'time_per_step': '2.20075'}
2026-01-20 09:50:19,629 - train_greyscale_FA_MoE.py - {'step': '210700', 'lr': '0.0002', 'total_loss': '0.00824693', 'main_loss': '0.00824693', 'time_per_step': '2.23902'}
2026-01-20 09:54:08,029 - train_greyscale_FA_MoE.py - {'step': '210800', 'lr': '0.0002', 'total_loss': '0.0132553', 'main_loss': '0.0132553', 'time_per_step': '2.22561'}
2026-01-20 09:57:57,483 - train_greyscale_FA_MoE.py - {'step': '210900', 'lr': '0.0002', 'total_loss': '0.00628285', 'main_loss': '0.00628285', 'time_per_step': '2.11115'}
2026-01-20 10:01:46,787 - train_greyscale_FA_MoE.py - {'step': '211000', 'lr': '0.0002', 'total_loss': '0.011099', 'main_loss': '0.011099', 'time_per_step': '2.12596'}
2026-01-20 10:05:36,850 - train_greyscale_FA_MoE.py - {'step': '211100', 'lr': '0.0002', 'total_loss': '0.00941039', 'main_loss': '0.00941039', 'time_per_step': '2.22413'}
2026-01-20 10:09:25,098 - train_greyscale_FA_MoE.py - {'step': '211200', 'lr': '0.0002', 'total_loss': '0.00745728', 'main_loss': '0.00745728', 'time_per_step': '2.25384'}
2026-01-20 10:13:15,146 - train_greyscale_FA_MoE.py - {'step': '211300', 'lr': '0.0002', 'total_loss': '0.00745902', 'main_loss': '0.00745902', 'time_per_step': '2.23357'}
2026-01-20 10:17:04,393 - train_greyscale_FA_MoE.py - {'step': '211400', 'lr': '0.0002', 'total_loss': '0.00699215', 'main_loss': '0.00699215', 'time_per_step': '2.27513'}
2026-01-20 10:20:54,421 - train_greyscale_FA_MoE.py - {'step': '211500', 'lr': '0.0002', 'total_loss': '0.00619838', 'main_loss': '0.00619838', 'time_per_step': '2.22702'}
2026-01-20 10:24:43,181 - train_greyscale_FA_MoE.py - {'step': '211600', 'lr': '0.0002', 'total_loss': '0.00787864', 'main_loss': '0.00787864', 'time_per_step': '2.22012'}
2026-01-20 10:28:33,026 - train_greyscale_FA_MoE.py - {'step': '211700', 'lr': '0.0002', 'total_loss': '0.00952194', 'main_loss': '0.00952194', 'time_per_step': '2.29468'}
2026-01-20 10:32:22,836 - train_greyscale_FA_MoE.py - {'step': '211800', 'lr': '0.0002', 'total_loss': '0.00860966', 'main_loss': '0.00860966', 'time_per_step': '2.22562'}
2026-01-20 10:36:12,335 - train_greyscale_FA_MoE.py - {'step': '211900', 'lr': '0.0002', 'total_loss': '0.0071188', 'main_loss': '0.0071188', 'time_per_step': '2.21916'}
2026-01-20 10:40:00,965 - train_greyscale_FA_MoE.py - {'step': '212000', 'lr': '0.0002', 'total_loss': '0.00913516', 'main_loss': '0.00913516', 'time_per_step': '2.23589'}
2026-01-20 10:43:50,509 - train_greyscale_FA_MoE.py - {'step': '212100', 'lr': '0.0002', 'total_loss': '0.00792143', 'main_loss': '0.00792143', 'time_per_step': '2.13407'}
2026-01-20 10:47:39,802 - train_greyscale_FA_MoE.py - {'step': '212200', 'lr': '0.0002', 'total_loss': '0.00943158', 'main_loss': '0.00943158', 'time_per_step': '2.12025'}
2026-01-20 10:51:30,053 - train_greyscale_FA_MoE.py - {'step': '212300', 'lr': '0.0002', 'total_loss': '0.00777083', 'main_loss': '0.00777083', 'time_per_step': '2.22584'}
2026-01-20 10:55:18,266 - train_greyscale_FA_MoE.py - {'step': '212400', 'lr': '0.0002', 'total_loss': '0.00744745', 'main_loss': '0.00744745', 'time_per_step': '2.25067'}
2026-01-20 10:59:07,844 - train_greyscale_FA_MoE.py - {'step': '212500', 'lr': '0.0002', 'total_loss': '0.00672908', 'main_loss': '0.00672908', 'time_per_step': '2.18548'}
2026-01-20 11:02:57,546 - train_greyscale_FA_MoE.py - {'step': '212600', 'lr': '0.0002', 'total_loss': '0.00561082', 'main_loss': '0.00561082', 'time_per_step': '2.25479'}
2026-01-20 11:06:46,951 - train_greyscale_FA_MoE.py - {'step': '212700', 'lr': '0.0002', 'total_loss': '0.00640194', 'main_loss': '0.00640194', 'time_per_step': '2.21814'}
2026-01-20 11:10:35,195 - train_greyscale_FA_MoE.py - {'step': '212800', 'lr': '0.0002', 'total_loss': '0.00621073', 'main_loss': '0.00621073', 'time_per_step': '2.20134'}
2026-01-20 11:14:24,886 - train_greyscale_FA_MoE.py - {'step': '212900', 'lr': '0.0002', 'total_loss': '0.009216', 'main_loss': '0.009216', 'time_per_step': '2.212'}
2026-01-20 11:18:15,034 - train_greyscale_FA_MoE.py - {'step': '213000', 'lr': '0.0002', 'total_loss': '0.00812663', 'main_loss': '0.00812663', 'time_per_step': '2.1926'}
2026-01-20 11:22:04,890 - train_greyscale_FA_MoE.py - {'step': '213100', 'lr': '0.0002', 'total_loss': '0.00938763', 'main_loss': '0.00938763', 'time_per_step': '2.25422'}
2026-01-20 11:25:53,894 - train_greyscale_FA_MoE.py - {'step': '213200', 'lr': '0.0002', 'total_loss': '0.0103773', 'main_loss': '0.0103773', 'time_per_step': '2.23977'}
2026-01-20 11:29:42,057 - train_greyscale_FA_MoE.py - {'step': '213300', 'lr': '0.0002', 'total_loss': '0.0100377', 'main_loss': '0.0100377', 'time_per_step': '2.12201'}
2026-01-20 11:33:30,441 - train_greyscale_FA_MoE.py - {'step': '213400', 'lr': '0.0002', 'total_loss': '0.00712481', 'main_loss': '0.00712481', 'time_per_step': '2.12135'}
2026-01-20 11:37:21,010 - train_greyscale_FA_MoE.py - {'step': '213500', 'lr': '0.0002', 'total_loss': '0.00928325', 'main_loss': '0.00928325', 'time_per_step': '2.2212'}
2026-01-20 11:41:10,572 - train_greyscale_FA_MoE.py - {'step': '213600', 'lr': '0.0002', 'total_loss': '0.0124545', 'main_loss': '0.0124545', 'time_per_step': '2.22406'}
2026-01-20 11:44:59,239 - train_greyscale_FA_MoE.py - {'step': '213700', 'lr': '0.0002', 'total_loss': '0.00956135', 'main_loss': '0.00956135', 'time_per_step': '2.22615'}
2026-01-20 11:48:49,480 - train_greyscale_FA_MoE.py - {'step': '213800', 'lr': '0.0002', 'total_loss': '0.00620078', 'main_loss': '0.00620078', 'time_per_step': '2.2338'}
2026-01-20 11:52:38,765 - train_greyscale_FA_MoE.py - {'step': '213900', 'lr': '0.0002', 'total_loss': '0.00815009', 'main_loss': '0.00815009', 'time_per_step': '2.22876'}
2026-01-20 11:56:28,264 - train_greyscale_FA_MoE.py - {'step': '214000', 'lr': '0.0002', 'total_loss': '0.00659127', 'main_loss': '0.00659127', 'time_per_step': '2.22792'}
2026-01-20 12:00:16,821 - train_greyscale_FA_MoE.py - {'step': '214100', 'lr': '0.0002', 'total_loss': '0.0105931', 'main_loss': '0.0105931', 'time_per_step': '2.24933'}
2026-01-20 12:04:06,339 - train_greyscale_FA_MoE.py - {'step': '214200', 'lr': '0.0002', 'total_loss': '0.00726813', 'main_loss': '0.00726813', 'time_per_step': '2.24042'}
2026-01-20 12:07:56,071 - train_greyscale_FA_MoE.py - {'step': '214300', 'lr': '0.0002', 'total_loss': '0.00842116', 'main_loss': '0.00842116', 'time_per_step': '2.23961'}
2026-01-20 12:11:45,559 - train_greyscale_FA_MoE.py - {'step': '214400', 'lr': '0.0002', 'total_loss': '0.00779162', 'main_loss': '0.00779162', 'time_per_step': '2.19877'}
2026-01-20 12:15:34,148 - train_greyscale_FA_MoE.py - {'step': '214500', 'lr': '0.0002', 'total_loss': '0.0125326', 'main_loss': '0.0125326', 'time_per_step': '2.17926'}
2026-01-20 12:19:23,384 - train_greyscale_FA_MoE.py - {'step': '214600', 'lr': '0.0002', 'total_loss': '0.00580764', 'main_loss': '0.00580764', 'time_per_step': '2.12488'}
2026-01-20 12:23:13,936 - train_greyscale_FA_MoE.py - {'step': '214700', 'lr': '0.0002', 'total_loss': '0.0087098', 'main_loss': '0.0087098', 'time_per_step': '2.24614'}
2026-01-20 12:27:03,935 - train_greyscale_FA_MoE.py - {'step': '214800', 'lr': '0.0002', 'total_loss': '0.0109092', 'main_loss': '0.0109092', 'time_per_step': '2.26179'}
2026-01-20 12:30:52,442 - train_greyscale_FA_MoE.py - {'step': '214900', 'lr': '0.0002', 'total_loss': '0.00796488', 'main_loss': '0.00796488', 'time_per_step': '2.25435'}
2026-01-20 12:34:42,265 - train_greyscale_FA_MoE.py - {'step': '215000', 'lr': '0.0002', 'total_loss': '0.00948864', 'main_loss': '0.00948864', 'time_per_step': '2.21541'}
2026-01-20 12:38:31,353 - train_greyscale_FA_MoE.py - {'step': '215100', 'lr': '0.0002', 'total_loss': '0.0104146', 'main_loss': '0.0104146', 'time_per_step': '2.23151'}
2026-01-20 12:42:20,165 - train_greyscale_FA_MoE.py - {'step': '215200', 'lr': '0.0002', 'total_loss': '0.00844206', 'main_loss': '0.00844206', 'time_per_step': '2.23102'}
2026-01-20 12:46:08,768 - train_greyscale_FA_MoE.py - {'step': '215300', 'lr': '0.0002', 'total_loss': '0.0107385', 'main_loss': '0.0107385', 'time_per_step': '2.22718'}
2026-01-20 12:49:58,344 - train_greyscale_FA_MoE.py - {'step': '215400', 'lr': '0.0002', 'total_loss': '0.00571207', 'main_loss': '0.00571207', 'time_per_step': '2.24186'}
2026-01-20 12:53:46,649 - train_greyscale_FA_MoE.py - {'step': '215500', 'lr': '0.0002', 'total_loss': '0.0071987', 'main_loss': '0.0071987', 'time_per_step': '2.22627'}
2026-01-20 12:57:37,462 - train_greyscale_FA_MoE.py - {'step': '215600', 'lr': '0.0002', 'total_loss': '0.00853542', 'main_loss': '0.00853542', 'time_per_step': '2.23107'}
2026-01-20 13:01:26,128 - train_greyscale_FA_MoE.py - {'step': '215700', 'lr': '0.0002', 'total_loss': '0.008798', 'main_loss': '0.008798', 'time_per_step': '2.12284'}
2026-01-20 13:05:15,613 - train_greyscale_FA_MoE.py - {'step': '215800', 'lr': '0.0002', 'total_loss': '0.00524265', 'main_loss': '0.00524265', 'time_per_step': '2.12933'}
2026-01-20 13:09:05,931 - train_greyscale_FA_MoE.py - {'step': '215900', 'lr': '0.0002', 'total_loss': '0.00680537', 'main_loss': '0.00680537', 'time_per_step': '2.24789'}
2026-01-20 13:12:56,332 - train_greyscale_FA_MoE.py - {'step': '216000', 'lr': '0.0002', 'total_loss': '0.0102746', 'main_loss': '0.0102746', 'time_per_step': '2.18445'}
2026-01-20 13:16:47,051 - train_greyscale_FA_MoE.py - {'step': '216100', 'lr': '0.0002', 'total_loss': '0.00949234', 'main_loss': '0.00949234', 'time_per_step': '2.22023'}
2026-01-20 13:20:35,924 - train_greyscale_FA_MoE.py - {'step': '216200', 'lr': '0.0002', 'total_loss': '0.00818133', 'main_loss': '0.00818133', 'time_per_step': '2.20577'}
2026-01-20 13:24:24,644 - train_greyscale_FA_MoE.py - {'step': '216300', 'lr': '0.0002', 'total_loss': '0.0110168', 'main_loss': '0.0110168', 'time_per_step': '2.23356'}
2026-01-20 13:28:14,779 - train_greyscale_FA_MoE.py - {'step': '216400', 'lr': '0.0002', 'total_loss': '0.00800963', 'main_loss': '0.00800963', 'time_per_step': '2.1729'}
2026-01-20 13:32:03,950 - train_greyscale_FA_MoE.py - {'step': '216500', 'lr': '0.0002', 'total_loss': '0.00901067', 'main_loss': '0.00901067', 'time_per_step': '2.27302'}
2026-01-20 13:35:52,538 - train_greyscale_FA_MoE.py - {'step': '216600', 'lr': '0.0002', 'total_loss': '0.0080444', 'main_loss': '0.0080444', 'time_per_step': '2.24217'}
2026-01-20 13:39:42,456 - train_greyscale_FA_MoE.py - {'step': '216700', 'lr': '0.0002', 'total_loss': '0.00725133', 'main_loss': '0.00725133', 'time_per_step': '2.23867'}
2026-01-20 13:43:31,661 - train_greyscale_FA_MoE.py - {'step': '216800', 'lr': '0.0002', 'total_loss': '0.00686534', 'main_loss': '0.00686534', 'time_per_step': '2.19835'}
2026-01-20 13:47:21,139 - train_greyscale_FA_MoE.py - {'step': '216900', 'lr': '0.0002', 'total_loss': '0.00842399', 'main_loss': '0.00842399', 'time_per_step': '2.12045'}
2026-01-20 13:51:09,595 - train_greyscale_FA_MoE.py - {'step': '217000', 'lr': '0.0002', 'total_loss': '0.00815428', 'main_loss': '0.00815428', 'time_per_step': '2.11893'}
2026-01-20 13:54:59,903 - train_greyscale_FA_MoE.py - {'step': '217100', 'lr': '0.0002', 'total_loss': '0.00601662', 'main_loss': '0.00601662', 'time_per_step': '2.24368'}
2026-01-20 13:58:50,166 - train_greyscale_FA_MoE.py - {'step': '217200', 'lr': '0.0002', 'total_loss': '0.00727712', 'main_loss': '0.00727712', 'time_per_step': '2.2231'}
2026-01-20 14:02:40,123 - train_greyscale_FA_MoE.py - {'step': '217300', 'lr': '0.0002', 'total_loss': '0.00910817', 'main_loss': '0.00910817', 'time_per_step': '2.21925'}
2026-01-20 14:06:28,612 - train_greyscale_FA_MoE.py - {'step': '217400', 'lr': '0.0002', 'total_loss': '0.00873377', 'main_loss': '0.00873377', 'time_per_step': '2.26139'}
2026-01-20 14:10:18,842 - train_greyscale_FA_MoE.py - {'step': '217500', 'lr': '0.0002', 'total_loss': '0.0104574', 'main_loss': '0.0104574', 'time_per_step': '2.23734'}
2026-01-20 14:14:08,864 - train_greyscale_FA_MoE.py - {'step': '217600', 'lr': '0.0002', 'total_loss': '0.00612639', 'main_loss': '0.00612639', 'time_per_step': '2.20499'}
2026-01-20 14:18:00,062 - train_greyscale_FA_MoE.py - {'step': '217700', 'lr': '0.0002', 'total_loss': '0.00924523', 'main_loss': '0.00924523', 'time_per_step': '2.21085'}
2026-01-20 14:21:48,768 - train_greyscale_FA_MoE.py - {'step': '217800', 'lr': '0.0002', 'total_loss': '0.012095', 'main_loss': '0.012095', 'time_per_step': '2.23773'}
2026-01-20 14:25:38,985 - train_greyscale_FA_MoE.py - {'step': '217900', 'lr': '0.0002', 'total_loss': '0.00614697', 'main_loss': '0.00614697', 'time_per_step': '2.22673'}
2026-01-20 14:29:29,301 - train_greyscale_FA_MoE.py - {'step': '218000', 'lr': '0.0002', 'total_loss': '0.00679968', 'main_loss': '0.00679968', 'time_per_step': '2.25703'}
2026-01-20 14:33:19,042 - train_greyscale_FA_MoE.py - {'step': '218100', 'lr': '0.0002', 'total_loss': '0.00868664', 'main_loss': '0.00868664', 'time_per_step': '2.11933'}
2026-01-20 14:37:07,395 - train_greyscale_FA_MoE.py - {'step': '218200', 'lr': '0.0002', 'total_loss': '0.0073435', 'main_loss': '0.0073435', 'time_per_step': '2.11892'}
2026-01-20 14:40:57,398 - train_greyscale_FA_MoE.py - {'step': '218300', 'lr': '0.0002', 'total_loss': '0.00817451', 'main_loss': '0.00817451', 'time_per_step': '2.2083'}
2026-01-20 14:44:47,263 - train_greyscale_FA_MoE.py - {'step': '218400', 'lr': '0.0002', 'total_loss': '0.00765187', 'main_loss': '0.00765187', 'time_per_step': '2.21703'}
2026-01-20 14:48:36,831 - train_greyscale_FA_MoE.py - {'step': '218500', 'lr': '0.0002', 'total_loss': '0.00583585', 'main_loss': '0.00583585', 'time_per_step': '2.2956'}
2026-01-20 14:52:25,380 - train_greyscale_FA_MoE.py - {'step': '218600', 'lr': '0.0002', 'total_loss': '0.00876733', 'main_loss': '0.00876733', 'time_per_step': '2.24484'}
2026-01-20 14:56:14,870 - train_greyscale_FA_MoE.py - {'step': '218700', 'lr': '0.0002', 'total_loss': '0.00831988', 'main_loss': '0.00831988', 'time_per_step': '2.24556'}
2026-01-20 15:00:04,932 - train_greyscale_FA_MoE.py - {'step': '218800', 'lr': '0.0002', 'total_loss': '0.01472', 'main_loss': '0.01472', 'time_per_step': '2.21796'}
2026-01-20 15:03:54,948 - train_greyscale_FA_MoE.py - {'step': '218900', 'lr': '0.0002', 'total_loss': '0.0106744', 'main_loss': '0.0106744', 'time_per_step': '2.24746'}
2026-01-20 15:07:43,281 - train_greyscale_FA_MoE.py - {'step': '219000', 'lr': '0.0002', 'total_loss': '0.00842834', 'main_loss': '0.00842834', 'time_per_step': '2.20459'}
2026-01-20 15:11:33,179 - train_greyscale_FA_MoE.py - {'step': '219100', 'lr': '0.0002', 'total_loss': '0.0082162', 'main_loss': '0.0082162', 'time_per_step': '2.30591'}
2026-01-20 15:15:23,491 - train_greyscale_FA_MoE.py - {'step': '219200', 'lr': '0.0002', 'total_loss': '0.00766899', 'main_loss': '0.00766899', 'time_per_step': '2.2783'}
2026-01-20 15:19:13,652 - train_greyscale_FA_MoE.py - {'step': '219300', 'lr': '0.0002', 'total_loss': '0.00702389', 'main_loss': '0.00702389', 'time_per_step': '2.11955'}
2026-01-20 15:23:01,772 - train_greyscale_FA_MoE.py - {'step': '219400', 'lr': '0.0002', 'total_loss': '0.00928506', 'main_loss': '0.00928506', 'time_per_step': '2.11708'}
2026-01-20 15:26:52,049 - train_greyscale_FA_MoE.py - {'step': '219500', 'lr': '0.0002', 'total_loss': '0.0111033', 'main_loss': '0.0111033', 'time_per_step': '2.34888'}
2026-01-20 15:30:42,139 - train_greyscale_FA_MoE.py - {'step': '219600', 'lr': '0.0002', 'total_loss': '0.00859215', 'main_loss': '0.00859215', 'time_per_step': '2.22423'}
2026-01-20 15:34:31,400 - train_greyscale_FA_MoE.py - {'step': '219700', 'lr': '0.0002', 'total_loss': '0.00818101', 'main_loss': '0.00818101', 'time_per_step': '2.25776'}
2026-01-20 15:38:19,737 - train_greyscale_FA_MoE.py - {'step': '219800', 'lr': '0.0002', 'total_loss': '0.00895517', 'main_loss': '0.00895517', 'time_per_step': '2.17172'}
2026-01-20 15:42:09,912 - train_greyscale_FA_MoE.py - {'step': '219900', 'lr': '0.0002', 'total_loss': '0.00854851', 'main_loss': '0.00854851', 'time_per_step': '2.23372'}
2026-01-20 15:45:59,169 - train_greyscale_FA_MoE.py - {'step': '220000', 'lr': '0.0002', 'total_loss': '0.0109491', 'main_loss': '0.0109491', 'time_per_step': '2.23384'}
2026-01-20 15:49:49,685 - train_greyscale_FA_MoE.py - {'step': '220100', 'lr': '0.0002', 'total_loss': '0.0104743', 'main_loss': '0.0104743', 'time_per_step': '2.24'}
2026-01-20 15:53:38,727 - train_greyscale_FA_MoE.py - {'step': '220200', 'lr': '0.0002', 'total_loss': '0.0107381', 'main_loss': '0.0107381', 'time_per_step': '2.20983'}
2026-01-20 15:57:28,568 - train_greyscale_FA_MoE.py - {'step': '220300', 'lr': '0.0002', 'total_loss': '0.00915917', 'main_loss': '0.00915917', 'time_per_step': '2.20043'}
2026-01-20 16:01:17,626 - train_greyscale_FA_MoE.py - {'step': '220400', 'lr': '0.0002', 'total_loss': '0.0062283', 'main_loss': '0.0062283', 'time_per_step': '2.19803'}
2026-01-20 16:05:07,081 - train_greyscale_FA_MoE.py - {'step': '220500', 'lr': '0.0002', 'total_loss': '0.00911737', 'main_loss': '0.00911737', 'time_per_step': '2.11874'}
2026-01-20 16:08:56,345 - train_greyscale_FA_MoE.py - {'step': '220600', 'lr': '0.0002', 'total_loss': '0.00590942', 'main_loss': '0.00590942', 'time_per_step': '2.13271'}
2026-01-20 16:12:46,880 - train_greyscale_FA_MoE.py - {'step': '220700', 'lr': '0.0002', 'total_loss': '0.00808799', 'main_loss': '0.00808799', 'time_per_step': '2.19859'}
2026-01-20 16:16:36,724 - train_greyscale_FA_MoE.py - {'step': '220800', 'lr': '0.0002', 'total_loss': '0.00934916', 'main_loss': '0.00934916', 'time_per_step': '2.16983'}
2026-01-20 16:20:26,003 - train_greyscale_FA_MoE.py - {'step': '220900', 'lr': '0.0002', 'total_loss': '0.00511516', 'main_loss': '0.00511516', 'time_per_step': '2.23243'}
2026-01-20 16:24:14,727 - train_greyscale_FA_MoE.py - {'step': '221000', 'lr': '0.0002', 'total_loss': '0.00942325', 'main_loss': '0.00942325', 'time_per_step': '2.21394'}
2026-01-20 16:28:04,113 - train_greyscale_FA_MoE.py - {'step': '221100', 'lr': '0.0002', 'total_loss': '0.00846727', 'main_loss': '0.00846727', 'time_per_step': '2.30378'}
2026-01-20 16:31:52,873 - train_greyscale_FA_MoE.py - {'step': '221200', 'lr': '0.0002', 'total_loss': '0.00689233', 'main_loss': '0.00689233', 'time_per_step': '2.21155'}
2026-01-20 16:35:42,795 - train_greyscale_FA_MoE.py - {'step': '221300', 'lr': '0.0002', 'total_loss': '0.0098876', 'main_loss': '0.0098876', 'time_per_step': '2.25607'}
2026-01-20 16:39:32,966 - train_greyscale_FA_MoE.py - {'step': '221400', 'lr': '0.0002', 'total_loss': '0.00903241', 'main_loss': '0.00903241', 'time_per_step': '2.26863'}
2026-01-20 16:43:22,279 - train_greyscale_FA_MoE.py - {'step': '221500', 'lr': '0.0002', 'total_loss': '0.00817125', 'main_loss': '0.00817125', 'time_per_step': '2.22493'}
2026-01-20 16:47:10,838 - train_greyscale_FA_MoE.py - {'step': '221600', 'lr': '0.0002', 'total_loss': '0.0088798', 'main_loss': '0.0088798', 'time_per_step': '2.21544'}
2026-01-20 16:51:00,761 - train_greyscale_FA_MoE.py - {'step': '221700', 'lr': '0.0002', 'total_loss': '0.00462197', 'main_loss': '0.00462197', 'time_per_step': '2.1212'}
2026-01-20 16:54:49,876 - train_greyscale_FA_MoE.py - {'step': '221800', 'lr': '0.0002', 'total_loss': '0.00668195', 'main_loss': '0.00668195', 'time_per_step': '2.11845'}
2026-01-20 16:58:40,777 - train_greyscale_FA_MoE.py - {'step': '221900', 'lr': '0.0002', 'total_loss': '0.00730193', 'main_loss': '0.00730193', 'time_per_step': '2.2172'}
2026-01-20 17:02:29,278 - train_greyscale_FA_MoE.py - {'step': '222000', 'lr': '0.0002', 'total_loss': '0.00518525', 'main_loss': '0.00518525', 'time_per_step': '2.21317'}
2026-01-20 17:06:18,416 - train_greyscale_FA_MoE.py - {'step': '222100', 'lr': '0.0002', 'total_loss': '0.0113579', 'main_loss': '0.0113579', 'time_per_step': '2.24572'}
2026-01-20 17:10:07,717 - train_greyscale_FA_MoE.py - {'step': '222200', 'lr': '0.0002', 'total_loss': '0.00821851', 'main_loss': '0.00821851', 'time_per_step': '2.21102'}
2026-01-20 17:13:56,947 - train_greyscale_FA_MoE.py - {'step': '222300', 'lr': '0.0002', 'total_loss': '0.008715', 'main_loss': '0.008715', 'time_per_step': '2.22451'}
2026-01-20 17:17:46,342 - train_greyscale_FA_MoE.py - {'step': '222400', 'lr': '0.0002', 'total_loss': '0.0134853', 'main_loss': '0.0134853', 'time_per_step': '2.21401'}
2026-01-20 17:21:35,981 - train_greyscale_FA_MoE.py - {'step': '222500', 'lr': '0.0002', 'total_loss': '0.00807608', 'main_loss': '0.00807608', 'time_per_step': '2.22223'}
2026-01-20 17:25:25,855 - train_greyscale_FA_MoE.py - {'step': '222600', 'lr': '0.0002', 'total_loss': '0.00907856', 'main_loss': '0.00907856', 'time_per_step': '2.2375'}
2026-01-20 17:29:15,355 - train_greyscale_FA_MoE.py - {'step': '222700', 'lr': '0.0002', 'total_loss': '0.0123306', 'main_loss': '0.0123306', 'time_per_step': '2.23087'}
2026-01-20 17:33:04,366 - train_greyscale_FA_MoE.py - {'step': '222800', 'lr': '0.0002', 'total_loss': '0.008763', 'main_loss': '0.008763', 'time_per_step': '2.2741'}
2026-01-20 17:36:54,248 - train_greyscale_FA_MoE.py - {'step': '222900', 'lr': '0.0002', 'total_loss': '0.00703931', 'main_loss': '0.00703931', 'time_per_step': '2.12207'}
2026-01-20 17:40:42,686 - train_greyscale_FA_MoE.py - {'step': '223000', 'lr': '0.0002', 'total_loss': '0.00907739', 'main_loss': '0.00907739', 'time_per_step': '2.11989'}
2026-01-20 17:44:33,533 - train_greyscale_FA_MoE.py - {'step': '223100', 'lr': '0.0002', 'total_loss': '0.00797778', 'main_loss': '0.00797778', 'time_per_step': '2.29909'}
2026-01-20 17:48:21,936 - train_greyscale_FA_MoE.py - {'step': '223200', 'lr': '0.0002', 'total_loss': '0.00939137', 'main_loss': '0.00939137', 'time_per_step': '2.23602'}
2026-01-20 17:52:11,558 - train_greyscale_FA_MoE.py - {'step': '223300', 'lr': '0.0002', 'total_loss': '0.00987232', 'main_loss': '0.00987232', 'time_per_step': '2.21466'}
2026-01-20 17:56:01,571 - train_greyscale_FA_MoE.py - {'step': '223400', 'lr': '0.0002', 'total_loss': '0.00969301', 'main_loss': '0.00969301', 'time_per_step': '2.23913'}
2026-01-20 17:59:50,825 - train_greyscale_FA_MoE.py - {'step': '223500', 'lr': '0.0002', 'total_loss': '0.00657997', 'main_loss': '0.00657997', 'time_per_step': '2.24626'}
2026-01-20 18:03:39,218 - train_greyscale_FA_MoE.py - {'step': '223600', 'lr': '0.0002', 'total_loss': '0.011948', 'main_loss': '0.011948', 'time_per_step': '2.16748'}
2026-01-20 18:07:28,719 - train_greyscale_FA_MoE.py - {'step': '223700', 'lr': '0.0002', 'total_loss': '0.006005', 'main_loss': '0.006005', 'time_per_step': '2.22369'}
2026-01-20 18:11:18,674 - train_greyscale_FA_MoE.py - {'step': '223800', 'lr': '0.0002', 'total_loss': '0.00844953', 'main_loss': '0.00844953', 'time_per_step': '2.22937'}
2026-01-20 18:15:08,389 - train_greyscale_FA_MoE.py - {'step': '223900', 'lr': '0.0002', 'total_loss': '0.00751007', 'main_loss': '0.00751007', 'time_per_step': '2.2408'}
2026-01-20 18:18:57,863 - train_greyscale_FA_MoE.py - {'step': '224000', 'lr': '0.0002', 'total_loss': '0.0123165', 'main_loss': '0.0123165', 'time_per_step': '2.22895'}
2026-01-20 18:22:47,466 - train_greyscale_FA_MoE.py - {'step': '224100', 'lr': '0.0002', 'total_loss': '0.00927343', 'main_loss': '0.00927343', 'time_per_step': '2.11883'}
2026-01-20 18:26:36,867 - train_greyscale_FA_MoE.py - {'step': '224200', 'lr': '0.0002', 'total_loss': '0.010722', 'main_loss': '0.010722', 'time_per_step': '2.12795'}
2026-01-20 18:30:27,209 - train_greyscale_FA_MoE.py - {'step': '224300', 'lr': '0.0002', 'total_loss': '0.0051821', 'main_loss': '0.0051821', 'time_per_step': '2.23412'}
2026-01-20 18:34:17,035 - train_greyscale_FA_MoE.py - {'step': '224400', 'lr': '0.0002', 'total_loss': '0.00960452', 'main_loss': '0.00960452', 'time_per_step': '2.29604'}
2026-01-20 18:38:05,457 - train_greyscale_FA_MoE.py - {'step': '224500', 'lr': '0.0002', 'total_loss': '0.00753918', 'main_loss': '0.00753918', 'time_per_step': '2.21987'}
2026-01-20 18:41:55,262 - train_greyscale_FA_MoE.py - {'step': '224600', 'lr': '0.0002', 'total_loss': '0.00933931', 'main_loss': '0.00933931', 'time_per_step': '2.2277'}
2026-01-20 18:45:45,022 - train_greyscale_FA_MoE.py - {'step': '224700', 'lr': '0.0002', 'total_loss': '0.00756288', 'main_loss': '0.00756288', 'time_per_step': '2.16927'}
2026-01-20 18:49:34,839 - train_greyscale_FA_MoE.py - {'step': '224800', 'lr': '0.0002', 'total_loss': '0.00763239', 'main_loss': '0.00763239', 'time_per_step': '2.20605'}
2026-01-20 18:53:23,430 - train_greyscale_FA_MoE.py - {'step': '224900', 'lr': '0.0002', 'total_loss': '0.0115127', 'main_loss': '0.0115127', 'time_per_step': '2.21831'}
2026-01-20 18:57:13,350 - train_greyscale_FA_MoE.py - {'step': '225000', 'lr': '0.0002', 'total_loss': '0.00646815', 'main_loss': '0.00646815', 'time_per_step': '2.20669'}
2026-01-20 18:57:13,365 - train_greyscale_FA_MoE.py - Saved expert distribution of layer in_block_0 to output_shift_fa/acdc_wholeheart_uncond_fa_ec_moe_greyscale_uvit_mid_4by4_l6r9_low16_Y_bound/samples/expert_distribution_in_block_0_step225000.npy
2026-01-20 18:57:14,834 - train_greyscale_FA_MoE.py - Saved expert distribution of layer out_block_7 to output_shift_fa/acdc_wholeheart_uncond_fa_ec_moe_greyscale_uvit_mid_4by4_l6r9_low16_Y_bound/samples/expert_distribution_out_block_7_step225000.npy
2026-01-20 18:57:16,457 - train_greyscale_FA_MoE.py - Save a grid of 16 samples into output_shift_fa/acdc_wholeheart_uncond_fa_ec_moe_greyscale_uvit_mid_4by4_l6r9_low16_Y_bound/samples/225000.png by DPM-Solver
2026-01-20 18:57:21,968 - train_greyscale_FA_MoE.py - Finished saving sample grid to output_shift_fa/acdc_wholeheart_uncond_fa_ec_moe_greyscale_uvit_mid_4by4_l6r9_low16_Y_bound/samples/225000.png by DPM-Solver.
2026-01-20 18:57:22,024 - train_greyscale_FA_MoE.py - Save and eval checkpoint 225000...
2026-01-20 18:57:24,335 - train_greyscale_FA_MoE.py - eval_step: n_samples=50000, sample_steps=50, algorithm=dpm_solver, mini_batch_size=500, samples save into output_shift_fa/acdc_wholeheart_uncond_fa_ec_moe_greyscale_uvit_mid_4by4_l6r9_low16_Y_bound/samples/acdc_wholeheart_uncond_uvit_FA_EC_MoE_greyscale_mid_4by4_low16_225000_dpm
2026-01-20 19:47:28,663 - train_greyscale_FA_MoE.py - step=225000 fid50000=13.332565052817415
2026-01-20 19:52:38,290 - is_lpips.py - LPIPS: 0.5143 ± 0.0496
2026-01-20 19:52:38,296 - train_greyscale_FA_MoE.py - step=225000 LPIPS50000=0.5143199356019869
2026-01-20 19:57:24,211 - train_greyscale_FA_MoE.py - {'step': '225100', 'lr': '0.0002', 'total_loss': '0.00837258', 'main_loss': '0.00837258', 'time_per_step': '2.22272'}
2026-01-20 20:01:12,997 - train_greyscale_FA_MoE.py - {'step': '225200', 'lr': '0.0002', 'total_loss': '0.00873717', 'main_loss': '0.00873717', 'time_per_step': '2.21389'}
2026-01-20 20:05:01,703 - train_greyscale_FA_MoE.py - {'step': '225300', 'lr': '0.0002', 'total_loss': '0.00775323', 'main_loss': '0.00775323', 'time_per_step': '2.11866'}
2026-01-20 20:08:50,849 - train_greyscale_FA_MoE.py - {'step': '225400', 'lr': '0.0002', 'total_loss': '0.00880237', 'main_loss': '0.00880237', 'time_per_step': '2.13706'}
2026-01-20 20:12:40,828 - train_greyscale_FA_MoE.py - {'step': '225500', 'lr': '0.0002', 'total_loss': '0.00995953', 'main_loss': '0.00995953', 'time_per_step': '2.24058'}
2026-01-20 20:16:31,862 - train_greyscale_FA_MoE.py - {'step': '225600', 'lr': '0.0002', 'total_loss': '0.00742565', 'main_loss': '0.00742565', 'time_per_step': '2.23056'}
2026-01-20 20:20:20,428 - train_greyscale_FA_MoE.py - {'step': '225700', 'lr': '0.0002', 'total_loss': '0.00833003', 'main_loss': '0.00833003', 'time_per_step': '2.24423'}
2026-01-20 20:24:10,125 - train_greyscale_FA_MoE.py - {'step': '225800', 'lr': '0.0002', 'total_loss': '0.00908404', 'main_loss': '0.00908404', 'time_per_step': '2.2205'}
2026-01-20 20:27:59,727 - train_greyscale_FA_MoE.py - {'step': '225900', 'lr': '0.0002', 'total_loss': '0.00702007', 'main_loss': '0.00702007', 'time_per_step': '2.25793'}
2026-01-20 20:31:49,791 - train_greyscale_FA_MoE.py - {'step': '226000', 'lr': '0.0002', 'total_loss': '0.00997616', 'main_loss': '0.00997616', 'time_per_step': '2.22152'}
2026-01-20 20:35:38,378 - train_greyscale_FA_MoE.py - {'step': '226100', 'lr': '0.0002', 'total_loss': '0.00748779', 'main_loss': '0.00748779', 'time_per_step': '2.21646'}
2026-01-20 20:39:27,915 - train_greyscale_FA_MoE.py - {'step': '226200', 'lr': '0.0002', 'total_loss': '0.00920296', 'main_loss': '0.00920296', 'time_per_step': '2.2145'}
2026-01-20 20:43:17,934 - train_greyscale_FA_MoE.py - {'step': '226300', 'lr': '0.0002', 'total_loss': '0.00731187', 'main_loss': '0.00731187', 'time_per_step': '2.23793'}
2026-01-20 20:47:07,234 - train_greyscale_FA_MoE.py - {'step': '226400', 'lr': '0.0002', 'total_loss': '0.00864751', 'main_loss': '0.00864751', 'time_per_step': '2.2276'}
2026-01-20 20:50:55,636 - train_greyscale_FA_MoE.py - {'step': '226500', 'lr': '0.0002', 'total_loss': '0.00838311', 'main_loss': '0.00838311', 'time_per_step': '2.12967'}
2026-01-20 20:54:44,291 - train_greyscale_FA_MoE.py - {'step': '226600', 'lr': '0.0002', 'total_loss': '0.0102892', 'main_loss': '0.0102892', 'time_per_step': '2.10983'}
2026-01-20 20:58:35,079 - train_greyscale_FA_MoE.py - {'step': '226700', 'lr': '0.0002', 'total_loss': '0.00599564', 'main_loss': '0.00599564', 'time_per_step': '2.2378'}
2026-01-20 21:02:23,941 - train_greyscale_FA_MoE.py - {'step': '226800', 'lr': '0.0002', 'total_loss': '0.00699772', 'main_loss': '0.00699772', 'time_per_step': '2.22833'}
2026-01-20 21:06:12,480 - train_greyscale_FA_MoE.py - {'step': '226900', 'lr': '0.0002', 'total_loss': '0.0101986', 'main_loss': '0.0101986', 'time_per_step': '2.20543'}
2026-01-20 21:10:02,513 - train_greyscale_FA_MoE.py - {'step': '227000', 'lr': '0.0002', 'total_loss': '0.00597955', 'main_loss': '0.00597955', 'time_per_step': '2.29998'}
2026-01-20 21:13:51,578 - train_greyscale_FA_MoE.py - {'step': '227100', 'lr': '0.0002', 'total_loss': '0.00738976', 'main_loss': '0.00738976', 'time_per_step': '2.37271'}
2026-01-20 21:17:41,791 - train_greyscale_FA_MoE.py - {'step': '227200', 'lr': '0.0002', 'total_loss': '0.0104346', 'main_loss': '0.0104346', 'time_per_step': '2.24094'}
2026-01-20 21:21:31,315 - train_greyscale_FA_MoE.py - {'step': '227300', 'lr': '0.0002', 'total_loss': '0.0114074', 'main_loss': '0.0114074', 'time_per_step': '2.23295'}
2026-01-20 21:25:20,063 - train_greyscale_FA_MoE.py - {'step': '227400', 'lr': '0.0002', 'total_loss': '0.00485499', 'main_loss': '0.00485499', 'time_per_step': '2.23252'}
2026-01-20 21:29:10,217 - train_greyscale_FA_MoE.py - {'step': '227500', 'lr': '0.0002', 'total_loss': '0.0122959', 'main_loss': '0.0122959', 'time_per_step': '2.2535'}
2026-01-20 21:32:59,026 - train_greyscale_FA_MoE.py - {'step': '227600', 'lr': '0.0002', 'total_loss': '0.0157184', 'main_loss': '0.0157184', 'time_per_step': '2.21675'}
2026-01-20 21:36:48,919 - train_greyscale_FA_MoE.py - {'step': '227700', 'lr': '0.0002', 'total_loss': '0.00696827', 'main_loss': '0.00696827', 'time_per_step': '2.11832'}
2026-01-20 21:40:37,015 - train_greyscale_FA_MoE.py - {'step': '227800', 'lr': '0.0002', 'total_loss': '0.0103121', 'main_loss': '0.0103121', 'time_per_step': '2.11897'}
2026-01-20 21:44:27,137 - train_greyscale_FA_MoE.py - {'step': '227900', 'lr': '0.0002', 'total_loss': '0.012664', 'main_loss': '0.012664', 'time_per_step': '2.23679'}
2026-01-20 21:48:17,414 - train_greyscale_FA_MoE.py - {'step': '228000', 'lr': '0.0002', 'total_loss': '0.00524809', 'main_loss': '0.00524809', 'time_per_step': '2.21923'}
2026-01-20 21:52:06,746 - train_greyscale_FA_MoE.py - {'step': '228100', 'lr': '0.0002', 'total_loss': '0.00606017', 'main_loss': '0.00606017', 'time_per_step': '2.1746'}
2026-01-20 21:55:55,222 - train_greyscale_FA_MoE.py - {'step': '228200', 'lr': '0.0002', 'total_loss': '0.00809953', 'main_loss': '0.00809953', 'time_per_step': '2.20977'}
2026-01-20 21:59:44,851 - train_greyscale_FA_MoE.py - {'step': '228300', 'lr': '0.0002', 'total_loss': '0.00743446', 'main_loss': '0.00743446', 'time_per_step': '2.22791'}
2026-01-20 22:03:34,320 - train_greyscale_FA_MoE.py - {'step': '228400', 'lr': '0.0002', 'total_loss': '0.00739729', 'main_loss': '0.00739729', 'time_per_step': '2.27294'}
2026-01-20 22:07:24,313 - train_greyscale_FA_MoE.py - {'step': '228500', 'lr': '0.0002', 'total_loss': '0.00745158', 'main_loss': '0.00745158', 'time_per_step': '2.22052'}
2026-01-20 22:11:13,007 - train_greyscale_FA_MoE.py - {'step': '228600', 'lr': '0.0002', 'total_loss': '0.00984503', 'main_loss': '0.00984503', 'time_per_step': '2.22462'}
2026-01-20 22:15:01,938 - train_greyscale_FA_MoE.py - {'step': '228700', 'lr': '0.0002', 'total_loss': '0.00637692', 'main_loss': '0.00637692', 'time_per_step': '2.23292'}
2026-01-20 22:18:51,421 - train_greyscale_FA_MoE.py - {'step': '228800', 'lr': '0.0002', 'total_loss': '0.0109252', 'main_loss': '0.0109252', 'time_per_step': '2.30977'}
2026-01-20 22:22:39,591 - train_greyscale_FA_MoE.py - {'step': '228900', 'lr': '0.0002', 'total_loss': '0.00543456', 'main_loss': '0.00543456', 'time_per_step': '2.11998'}
2026-01-20 22:26:27,252 - train_greyscale_FA_MoE.py - {'step': '229000', 'lr': '0.0002', 'total_loss': '0.00832292', 'main_loss': '0.00832292', 'time_per_step': '2.12065'}
2026-01-20 22:30:17,810 - train_greyscale_FA_MoE.py - {'step': '229100', 'lr': '0.0002', 'total_loss': '0.00702516', 'main_loss': '0.00702516', 'time_per_step': '2.20973'}
2026-01-20 22:34:07,647 - train_greyscale_FA_MoE.py - {'step': '229200', 'lr': '0.0002', 'total_loss': '0.00750849', 'main_loss': '0.00750849', 'time_per_step': '2.21225'}
2026-01-20 22:37:57,577 - train_greyscale_FA_MoE.py - {'step': '229300', 'lr': '0.0002', 'total_loss': '0.00693817', 'main_loss': '0.00693817', 'time_per_step': '2.23372'}
2026-01-20 22:41:46,403 - train_greyscale_FA_MoE.py - {'step': '229400', 'lr': '0.0002', 'total_loss': '0.0126533', 'main_loss': '0.0126533', 'time_per_step': '2.21786'}
2026-01-20 22:45:36,446 - train_greyscale_FA_MoE.py - {'step': '229500', 'lr': '0.0002', 'total_loss': '0.00996534', 'main_loss': '0.00996534', 'time_per_step': '2.21808'}
2026-01-20 22:49:26,594 - train_greyscale_FA_MoE.py - {'step': '229600', 'lr': '0.0002', 'total_loss': '0.0107731', 'main_loss': '0.0107731', 'time_per_step': '2.20616'}
2026-01-20 22:53:16,258 - train_greyscale_FA_MoE.py - {'step': '229700', 'lr': '0.0002', 'total_loss': '0.00678856', 'main_loss': '0.00678856', 'time_per_step': '2.21697'}
2026-01-20 22:57:05,051 - train_greyscale_FA_MoE.py - {'step': '229800', 'lr': '0.0002', 'total_loss': '0.00773533', 'main_loss': '0.00773533', 'time_per_step': '2.23714'}
2026-01-20 23:00:54,684 - train_greyscale_FA_MoE.py - {'step': '229900', 'lr': '0.0002', 'total_loss': '0.00810981', 'main_loss': '0.00810981', 'time_per_step': '2.22296'}
2026-01-20 23:04:44,341 - train_greyscale_FA_MoE.py - {'step': '230000', 'lr': '0.0002', 'total_loss': '0.0104914', 'main_loss': '0.0104914', 'time_per_step': '2.17755'}
2026-01-20 23:08:34,438 - train_greyscale_FA_MoE.py - {'step': '230100', 'lr': '0.0002', 'total_loss': '0.00911035', 'main_loss': '0.00911035', 'time_per_step': '2.11397'}
2026-01-20 23:12:22,944 - train_greyscale_FA_MoE.py - {'step': '230200', 'lr': '0.0002', 'total_loss': '0.00762372', 'main_loss': '0.00762372', 'time_per_step': '2.12638'}
2026-01-20 23:16:14,012 - train_greyscale_FA_MoE.py - {'step': '230300', 'lr': '0.0002', 'total_loss': '0.00737555', 'main_loss': '0.00737555', 'time_per_step': '2.19629'}
2026-01-20 23:20:03,197 - train_greyscale_FA_MoE.py - {'step': '230400', 'lr': '0.0002', 'total_loss': '0.00950145', 'main_loss': '0.00950145', 'time_per_step': '2.28934'}
2026-01-20 23:23:52,610 - train_greyscale_FA_MoE.py - {'step': '230500', 'lr': '0.0002', 'total_loss': '0.00864237', 'main_loss': '0.00864237', 'time_per_step': '2.23163'}
2026-01-20 23:27:41,083 - train_greyscale_FA_MoE.py - {'step': '230600', 'lr': '0.0002', 'total_loss': '0.00767605', 'main_loss': '0.00767605', 'time_per_step': '2.22794'}
2026-01-20 23:31:30,841 - train_greyscale_FA_MoE.py - {'step': '230700', 'lr': '0.0002', 'total_loss': '0.0088328', 'main_loss': '0.0088328', 'time_per_step': '2.22296'}
2026-01-20 23:35:20,690 - train_greyscale_FA_MoE.py - {'step': '230800', 'lr': '0.0002', 'total_loss': '0.00737423', 'main_loss': '0.00737423', 'time_per_step': '2.22468'}
2026-01-20 23:39:10,512 - train_greyscale_FA_MoE.py - {'step': '230900', 'lr': '0.0002', 'total_loss': '0.010193', 'main_loss': '0.010193', 'time_per_step': '2.21164'}
2026-01-20 23:42:59,148 - train_greyscale_FA_MoE.py - {'step': '231000', 'lr': '0.0002', 'total_loss': '0.0102158', 'main_loss': '0.0102158', 'time_per_step': '2.24246'}
2026-01-20 23:46:49,004 - train_greyscale_FA_MoE.py - {'step': '231100', 'lr': '0.0002', 'total_loss': '0.00655454', 'main_loss': '0.00655454', 'time_per_step': '2.19321'}
2026-01-20 23:50:38,278 - train_greyscale_FA_MoE.py - {'step': '231200', 'lr': '0.0002', 'total_loss': '0.00935683', 'main_loss': '0.00935683', 'time_per_step': '2.23602'}
2026-01-20 23:54:28,072 - train_greyscale_FA_MoE.py - {'step': '231300', 'lr': '0.0002', 'total_loss': '0.00666228', 'main_loss': '0.00666228', 'time_per_step': '2.1291'}
2026-01-20 23:58:16,034 - train_greyscale_FA_MoE.py - {'step': '231400', 'lr': '0.0002', 'total_loss': '0.00520189', 'main_loss': '0.00520189', 'time_per_step': '2.11516'}
2026-01-21 00:02:06,568 - train_greyscale_FA_MoE.py - {'step': '231500', 'lr': '0.0002', 'total_loss': '0.0113054', 'main_loss': '0.0113054', 'time_per_step': '2.17171'}
2026-01-21 00:05:56,131 - train_greyscale_FA_MoE.py - {'step': '231600', 'lr': '0.0002', 'total_loss': '0.00656487', 'main_loss': '0.00656487', 'time_per_step': '2.23616'}
2026-01-21 00:09:46,002 - train_greyscale_FA_MoE.py - {'step': '231700', 'lr': '0.0002', 'total_loss': '0.00978143', 'main_loss': '0.00978143', 'time_per_step': '2.23588'}
2026-01-21 00:13:34,813 - train_greyscale_FA_MoE.py - {'step': '231800', 'lr': '0.0002', 'total_loss': '0.00910121', 'main_loss': '0.00910121', 'time_per_step': '2.22423'}
2026-01-21 00:17:25,210 - train_greyscale_FA_MoE.py - {'step': '231900', 'lr': '0.0002', 'total_loss': '0.00585762', 'main_loss': '0.00585762', 'time_per_step': '2.22847'}
2026-01-21 00:21:15,297 - train_greyscale_FA_MoE.py - {'step': '232000', 'lr': '0.0002', 'total_loss': '0.00918067', 'main_loss': '0.00918067', 'time_per_step': '2.27048'}
2026-01-21 00:25:06,028 - train_greyscale_FA_MoE.py - {'step': '232100', 'lr': '0.0002', 'total_loss': '0.00733315', 'main_loss': '0.00733315', 'time_per_step': '2.2165'}
2026-01-21 00:28:54,567 - train_greyscale_FA_MoE.py - {'step': '232200', 'lr': '0.0002', 'total_loss': '0.00929689', 'main_loss': '0.00929689', 'time_per_step': '2.22178'}
2026-01-21 00:32:44,477 - train_greyscale_FA_MoE.py - {'step': '232300', 'lr': '0.0002', 'total_loss': '0.0067906', 'main_loss': '0.0067906', 'time_per_step': '2.24729'}
2026-01-21 00:36:33,463 - train_greyscale_FA_MoE.py - {'step': '232400', 'lr': '0.0002', 'total_loss': '0.00720347', 'main_loss': '0.00720347', 'time_per_step': '2.28556'}
2026-01-21 00:40:22,955 - train_greyscale_FA_MoE.py - {'step': '232500', 'lr': '0.0002', 'total_loss': '0.0107031', 'main_loss': '0.0107031', 'time_per_step': '2.11334'}
2026-01-21 00:44:12,838 - train_greyscale_FA_MoE.py - {'step': '232600', 'lr': '0.0002', 'total_loss': '0.00730565', 'main_loss': '0.00730565', 'time_per_step': '2.11893'}
2026-01-21 00:48:02,092 - train_greyscale_FA_MoE.py - {'step': '232700', 'lr': '0.0002', 'total_loss': '0.00923724', 'main_loss': '0.00923724', 'time_per_step': '2.25079'}
2026-01-21 00:51:52,331 - train_greyscale_FA_MoE.py - {'step': '232800', 'lr': '0.0002', 'total_loss': '0.00554135', 'main_loss': '0.00554135', 'time_per_step': '2.19508'}
2026-01-21 00:55:42,433 - train_greyscale_FA_MoE.py - {'step': '232900', 'lr': '0.0002', 'total_loss': '0.0105433', 'main_loss': '0.0105433', 'time_per_step': '2.22167'}
2026-01-21 00:59:32,367 - train_greyscale_FA_MoE.py - {'step': '233000', 'lr': '0.0002', 'total_loss': '0.00562719', 'main_loss': '0.00562719', 'time_per_step': '2.28921'}
2026-01-21 01:03:20,901 - train_greyscale_FA_MoE.py - {'step': '233100', 'lr': '0.0002', 'total_loss': '0.00917992', 'main_loss': '0.00917992', 'time_per_step': '2.22308'}
2026-01-21 01:07:10,690 - train_greyscale_FA_MoE.py - {'step': '233200', 'lr': '0.0002', 'total_loss': '0.00795659', 'main_loss': '0.00795659', 'time_per_step': '2.26031'}
2026-01-21 01:11:00,902 - train_greyscale_FA_MoE.py - {'step': '233300', 'lr': '0.0002', 'total_loss': '0.00779857', 'main_loss': '0.00779857', 'time_per_step': '2.20997'}
2026-01-21 01:14:50,786 - train_greyscale_FA_MoE.py - {'step': '233400', 'lr': '0.0002', 'total_loss': '0.00836921', 'main_loss': '0.00836921', 'time_per_step': '2.22793'}
2026-01-21 01:18:39,899 - train_greyscale_FA_MoE.py - {'step': '233500', 'lr': '0.0002', 'total_loss': '0.00926349', 'main_loss': '0.00926349', 'time_per_step': '2.2313'}
2026-01-21 01:22:28,987 - train_greyscale_FA_MoE.py - {'step': '233600', 'lr': '0.0002', 'total_loss': '0.00884646', 'main_loss': '0.00884646', 'time_per_step': '2.24812'}
2026-01-21 01:26:19,490 - train_greyscale_FA_MoE.py - {'step': '233700', 'lr': '0.0002', 'total_loss': '0.0107795', 'main_loss': '0.0107795', 'time_per_step': '2.12115'}
2026-01-21 01:30:08,525 - train_greyscale_FA_MoE.py - {'step': '233800', 'lr': '0.0002', 'total_loss': '0.00783058', 'main_loss': '0.00783058', 'time_per_step': '2.10653'}
2026-01-21 01:33:57,484 - train_greyscale_FA_MoE.py - {'step': '233900', 'lr': '0.0002', 'total_loss': '0.00801579', 'main_loss': '0.00801579', 'time_per_step': '2.24319'}
2026-01-21 01:37:47,860 - train_greyscale_FA_MoE.py - {'step': '234000', 'lr': '0.0002', 'total_loss': '0.00735859', 'main_loss': '0.00735859', 'time_per_step': '2.2187'}
2026-01-21 01:41:37,584 - train_greyscale_FA_MoE.py - {'step': '234100', 'lr': '0.0002', 'total_loss': '0.00917269', 'main_loss': '0.00917269', 'time_per_step': '2.233'}
2026-01-21 01:45:27,412 - train_greyscale_FA_MoE.py - {'step': '234200', 'lr': '0.0002', 'total_loss': '0.00754434', 'main_loss': '0.00754434', 'time_per_step': '2.25875'}
2026-01-21 01:49:15,894 - train_greyscale_FA_MoE.py - {'step': '234300', 'lr': '0.0002', 'total_loss': '0.00913415', 'main_loss': '0.00913415', 'time_per_step': '2.22476'}
2026-01-21 01:53:05,505 - train_greyscale_FA_MoE.py - {'step': '234400', 'lr': '0.0002', 'total_loss': '0.00944676', 'main_loss': '0.00944676', 'time_per_step': '2.21966'}
2026-01-21 01:56:55,130 - train_greyscale_FA_MoE.py - {'step': '234500', 'lr': '0.0002', 'total_loss': '0.00792457', 'main_loss': '0.00792457', 'time_per_step': '2.18451'}
2026-01-21 02:00:44,763 - train_greyscale_FA_MoE.py - {'step': '234600', 'lr': '0.0002', 'total_loss': '0.00916204', 'main_loss': '0.00916204', 'time_per_step': '2.24155'}
2026-01-21 02:04:33,494 - train_greyscale_FA_MoE.py - {'step': '234700', 'lr': '0.0002', 'total_loss': '0.00508389', 'main_loss': '0.00508389', 'time_per_step': '2.27747'}
2026-01-21 02:08:23,629 - train_greyscale_FA_MoE.py - {'step': '234800', 'lr': '0.0002', 'total_loss': '0.0119535', 'main_loss': '0.0119535', 'time_per_step': '2.20234'}
2026-01-21 02:12:12,697 - train_greyscale_FA_MoE.py - {'step': '234900', 'lr': '0.0002', 'total_loss': '0.00842771', 'main_loss': '0.00842771', 'time_per_step': '2.09999'}
2026-01-21 02:16:02,894 - train_greyscale_FA_MoE.py - {'step': '235000', 'lr': '0.0002', 'total_loss': '0.00834104', 'main_loss': '0.00834104', 'time_per_step': '2.16503'}
2026-01-21 02:19:52,082 - train_greyscale_FA_MoE.py - {'step': '235100', 'lr': '0.0002', 'total_loss': '0.0107146', 'main_loss': '0.0107146', 'time_per_step': '2.27052'}
2026-01-21 02:23:41,038 - train_greyscale_FA_MoE.py - {'step': '235200', 'lr': '0.0002', 'total_loss': '0.00744701', 'main_loss': '0.00744701', 'time_per_step': '2.22509'}
2026-01-21 02:27:30,791 - train_greyscale_FA_MoE.py - {'step': '235300', 'lr': '0.0002', 'total_loss': '0.00713201', 'main_loss': '0.00713201', 'time_per_step': '2.21615'}
2026-01-21 02:31:20,205 - train_greyscale_FA_MoE.py - {'step': '235400', 'lr': '0.0002', 'total_loss': '0.00954409', 'main_loss': '0.00954409', 'time_per_step': '2.22622'}
2026-01-21 02:35:08,999 - train_greyscale_FA_MoE.py - {'step': '235500', 'lr': '0.0002', 'total_loss': '0.0096565', 'main_loss': '0.0096565', 'time_per_step': '2.24572'}
2026-01-21 02:38:58,508 - train_greyscale_FA_MoE.py - {'step': '235600', 'lr': '0.0002', 'total_loss': '0.0083574', 'main_loss': '0.0083574', 'time_per_step': '2.23893'}
2026-01-21 02:42:48,549 - train_greyscale_FA_MoE.py - {'step': '235700', 'lr': '0.0002', 'total_loss': '0.00979625', 'main_loss': '0.00979625', 'time_per_step': '2.20046'}
2026-01-21 02:46:37,976 - train_greyscale_FA_MoE.py - {'step': '235800', 'lr': '0.0002', 'total_loss': '0.00694215', 'main_loss': '0.00694215', 'time_per_step': '2.25225'}
2026-01-21 02:50:26,507 - train_greyscale_FA_MoE.py - {'step': '235900', 'lr': '0.0002', 'total_loss': '0.00467597', 'main_loss': '0.00467597', 'time_per_step': '2.19081'}
2026-01-21 02:54:15,808 - train_greyscale_FA_MoE.py - {'step': '236000', 'lr': '0.0002', 'total_loss': '0.00765383', 'main_loss': '0.00765383', 'time_per_step': '2.1997'}
2026-01-21 02:58:05,551 - train_greyscale_FA_MoE.py - {'step': '236100', 'lr': '0.0002', 'total_loss': '0.0107016', 'main_loss': '0.0107016', 'time_per_step': '2.11928'}
2026-01-21 03:01:56,336 - train_greyscale_FA_MoE.py - {'step': '236200', 'lr': '0.0002', 'total_loss': '0.00867136', 'main_loss': '0.00867136', 'time_per_step': '2.11516'}
2026-01-21 03:05:45,588 - train_greyscale_FA_MoE.py - {'step': '236300', 'lr': '0.0002', 'total_loss': '0.0091879', 'main_loss': '0.0091879', 'time_per_step': '2.21351'}
2026-01-21 03:09:35,471 - train_greyscale_FA_MoE.py - {'step': '236400', 'lr': '0.0002', 'total_loss': '0.00669024', 'main_loss': '0.00669024', 'time_per_step': '2.21007'}
2026-01-21 03:13:25,490 - train_greyscale_FA_MoE.py - {'step': '236500', 'lr': '0.0002', 'total_loss': '0.00598653', 'main_loss': '0.00598653', 'time_per_step': '2.22125'}
2026-01-21 03:17:15,570 - train_greyscale_FA_MoE.py - {'step': '236600', 'lr': '0.0002', 'total_loss': '0.00656298', 'main_loss': '0.00656298', 'time_per_step': '2.22503'}
2026-01-21 03:21:04,364 - train_greyscale_FA_MoE.py - {'step': '236700', 'lr': '0.0002', 'total_loss': '0.00462024', 'main_loss': '0.00462024', 'time_per_step': '2.28183'}
2026-01-21 03:24:54,139 - train_greyscale_FA_MoE.py - {'step': '236800', 'lr': '0.0002', 'total_loss': '0.0107902', 'main_loss': '0.0107902', 'time_per_step': '2.22262'}
2026-01-21 03:28:43,854 - train_greyscale_FA_MoE.py - {'step': '236900', 'lr': '0.0002', 'total_loss': '0.00587515', 'main_loss': '0.00587515', 'time_per_step': '2.19263'}
2026-01-21 03:32:33,454 - train_greyscale_FA_MoE.py - {'step': '237000', 'lr': '0.0002', 'total_loss': '0.0105172', 'main_loss': '0.0105172', 'time_per_step': '2.29137'}
2026-01-21 03:36:22,052 - train_greyscale_FA_MoE.py - {'step': '237100', 'lr': '0.0002', 'total_loss': '0.00891742', 'main_loss': '0.00891742', 'time_per_step': '2.26053'}
2026-01-21 03:40:11,556 - train_greyscale_FA_MoE.py - {'step': '237200', 'lr': '0.0002', 'total_loss': '0.00892777', 'main_loss': '0.00892777', 'time_per_step': '2.23134'}
2026-01-21 03:44:00,420 - train_greyscale_FA_MoE.py - {'step': '237300', 'lr': '0.0002', 'total_loss': '0.00598963', 'main_loss': '0.00598963', 'time_per_step': '2.13806'}
2026-01-21 03:47:49,864 - train_greyscale_FA_MoE.py - {'step': '237400', 'lr': '0.0002', 'total_loss': '0.0111839', 'main_loss': '0.0111839', 'time_per_step': '2.12839'}
2026-01-21 03:51:40,269 - train_greyscale_FA_MoE.py - {'step': '237500', 'lr': '0.0002', 'total_loss': '0.00978911', 'main_loss': '0.00978911', 'time_per_step': '3.09357'}
2026-01-21 03:55:29,093 - train_greyscale_FA_MoE.py - {'step': '237600', 'lr': '0.0002', 'total_loss': '0.00481483', 'main_loss': '0.00481483', 'time_per_step': '2.26204'}
2026-01-21 03:59:19,131 - train_greyscale_FA_MoE.py - {'step': '237700', 'lr': '0.0002', 'total_loss': '0.0076747', 'main_loss': '0.0076747', 'time_per_step': '2.23755'}
2026-01-21 04:03:09,331 - train_greyscale_FA_MoE.py - {'step': '237800', 'lr': '0.0002', 'total_loss': '0.00793118', 'main_loss': '0.00793118', 'time_per_step': '2.19164'}
2026-01-21 04:06:58,593 - train_greyscale_FA_MoE.py - {'step': '237900', 'lr': '0.0002', 'total_loss': '0.00641824', 'main_loss': '0.00641824', 'time_per_step': '2.21647'}
2026-01-21 04:10:47,058 - train_greyscale_FA_MoE.py - {'step': '238000', 'lr': '0.0002', 'total_loss': '0.00758337', 'main_loss': '0.00758337', 'time_per_step': '2.17598'}
2026-01-21 04:14:37,513 - train_greyscale_FA_MoE.py - {'step': '238100', 'lr': '0.0002', 'total_loss': '0.00873352', 'main_loss': '0.00873352', 'time_per_step': '2.21921'}
2026-01-21 04:18:28,315 - train_greyscale_FA_MoE.py - {'step': '238200', 'lr': '0.0002', 'total_loss': '0.00886643', 'main_loss': '0.00886643', 'time_per_step': '2.22872'}
2026-01-21 04:22:17,514 - train_greyscale_FA_MoE.py - {'step': '238300', 'lr': '0.0002', 'total_loss': '0.0116336', 'main_loss': '0.0116336', 'time_per_step': '2.21092'}
2026-01-21 04:26:06,132 - train_greyscale_FA_MoE.py - {'step': '238400', 'lr': '0.0002', 'total_loss': '0.00614672', 'main_loss': '0.00614672', 'time_per_step': '2.2277'}
2026-01-21 04:29:56,298 - train_greyscale_FA_MoE.py - {'step': '238500', 'lr': '0.0002', 'total_loss': '0.00609863', 'main_loss': '0.00609863', 'time_per_step': '2.12465'}
2026-01-21 04:33:44,833 - train_greyscale_FA_MoE.py - {'step': '238600', 'lr': '0.0002', 'total_loss': '0.012058', 'main_loss': '0.012058', 'time_per_step': '2.11701'}
2026-01-21 04:37:35,123 - train_greyscale_FA_MoE.py - {'step': '238700', 'lr': '0.0002', 'total_loss': '0.00974562', 'main_loss': '0.00974562', 'time_per_step': '2.23251'}
2026-01-21 04:41:23,935 - train_greyscale_FA_MoE.py - {'step': '238800', 'lr': '0.0002', 'total_loss': '0.0119517', 'main_loss': '0.0119517', 'time_per_step': '2.22213'}
2026-01-21 04:45:13,951 - train_greyscale_FA_MoE.py - {'step': '238900', 'lr': '0.0002', 'total_loss': '0.0086766', 'main_loss': '0.0086766', 'time_per_step': '2.21198'}
2026-01-21 04:49:04,374 - train_greyscale_FA_MoE.py - {'step': '239000', 'lr': '0.0002', 'total_loss': '0.00859415', 'main_loss': '0.00859415', 'time_per_step': '2.27851'}
2026-01-21 04:52:54,077 - train_greyscale_FA_MoE.py - {'step': '239100', 'lr': '0.0002', 'total_loss': '0.00625216', 'main_loss': '0.00625216', 'time_per_step': '2.22595'}
2026-01-21 04:56:42,504 - train_greyscale_FA_MoE.py - {'step': '239200', 'lr': '0.0002', 'total_loss': '0.00783972', 'main_loss': '0.00783972', 'time_per_step': '2.19693'}
2026-01-21 05:00:32,586 - train_greyscale_FA_MoE.py - {'step': '239300', 'lr': '0.0002', 'total_loss': '0.00890342', 'main_loss': '0.00890342', 'time_per_step': '2.24458'}
2026-01-21 05:04:22,308 - train_greyscale_FA_MoE.py - {'step': '239400', 'lr': '0.0002', 'total_loss': '0.0104381', 'main_loss': '0.0104381', 'time_per_step': '2.25008'}
2026-01-21 05:08:11,682 - train_greyscale_FA_MoE.py - {'step': '239500', 'lr': '0.0002', 'total_loss': '0.00852198', 'main_loss': '0.00852198', 'time_per_step': '2.26734'}
2026-01-21 05:11:59,964 - train_greyscale_FA_MoE.py - {'step': '239600', 'lr': '0.0002', 'total_loss': '0.00747061', 'main_loss': '0.00747061', 'time_per_step': '2.223'}
2026-01-21 05:15:50,523 - train_greyscale_FA_MoE.py - {'step': '239700', 'lr': '0.0002', 'total_loss': '0.00965424', 'main_loss': '0.00965424', 'time_per_step': '2.12188'}
2026-01-21 05:19:39,665 - train_greyscale_FA_MoE.py - {'step': '239800', 'lr': '0.0002', 'total_loss': '0.00735933', 'main_loss': '0.00735933', 'time_per_step': '2.11635'}
2026-01-21 05:23:30,366 - train_greyscale_FA_MoE.py - {'step': '239900', 'lr': '0.0002', 'total_loss': '0.011187', 'main_loss': '0.011187', 'time_per_step': '2.23582'}
2026-01-21 05:27:19,026 - train_greyscale_FA_MoE.py - {'step': '240000', 'lr': '0.0002', 'total_loss': '0.0110441', 'main_loss': '0.0110441', 'time_per_step': '2.21662'}
2026-01-21 05:31:09,253 - train_greyscale_FA_MoE.py - {'step': '240100', 'lr': '0.0002', 'total_loss': '0.00862094', 'main_loss': '0.00862094', 'time_per_step': '2.22699'}
2026-01-21 05:34:58,565 - train_greyscale_FA_MoE.py - {'step': '240200', 'lr': '0.0002', 'total_loss': '0.0104377', 'main_loss': '0.0104377', 'time_per_step': '2.2282'}
2026-01-21 05:38:48,324 - train_greyscale_FA_MoE.py - {'step': '240300', 'lr': '0.0002', 'total_loss': '0.00831777', 'main_loss': '0.00831777', 'time_per_step': '2.27655'}
2026-01-21 05:42:36,939 - train_greyscale_FA_MoE.py - {'step': '240400', 'lr': '0.0002', 'total_loss': '0.00692902', 'main_loss': '0.00692902', 'time_per_step': '2.23647'}
2026-01-21 05:46:26,607 - train_greyscale_FA_MoE.py - {'step': '240500', 'lr': '0.0002', 'total_loss': '0.00929219', 'main_loss': '0.00929219', 'time_per_step': '2.24731'}
2026-01-21 05:50:16,870 - train_greyscale_FA_MoE.py - {'step': '240600', 'lr': '0.0002', 'total_loss': '0.00648477', 'main_loss': '0.00648477', 'time_per_step': '2.22179'}
2026-01-21 05:54:06,063 - train_greyscale_FA_MoE.py - {'step': '240700', 'lr': '0.0002', 'total_loss': '0.00727275', 'main_loss': '0.00727275', 'time_per_step': '2.27427'}
2026-01-21 05:57:54,701 - train_greyscale_FA_MoE.py - {'step': '240800', 'lr': '0.0002', 'total_loss': '0.00942655', 'main_loss': '0.00942655', 'time_per_step': '2.25702'}
2026-01-21 06:01:44,283 - train_greyscale_FA_MoE.py - {'step': '240900', 'lr': '0.0002', 'total_loss': '0.00822221', 'main_loss': '0.00822221', 'time_per_step': '2.12626'}
2026-01-21 06:05:33,095 - train_greyscale_FA_MoE.py - {'step': '241000', 'lr': '0.0002', 'total_loss': '0.00745314', 'main_loss': '0.00745314', 'time_per_step': '2.17124'}
2026-01-21 06:09:25,290 - train_greyscale_FA_MoE.py - {'step': '241100', 'lr': '0.0002', 'total_loss': '0.00563574', 'main_loss': '0.00563574', 'time_per_step': '2.21539'}
2026-01-21 06:13:14,361 - train_greyscale_FA_MoE.py - {'step': '241200', 'lr': '0.0002', 'total_loss': '0.00665907', 'main_loss': '0.00665907', 'time_per_step': '2.22691'}
2026-01-21 06:17:05,500 - train_greyscale_FA_MoE.py - {'step': '241300', 'lr': '0.0002', 'total_loss': '0.0104071', 'main_loss': '0.0104071', 'time_per_step': '2.23691'}
2026-01-21 06:20:55,174 - train_greyscale_FA_MoE.py - {'step': '241400', 'lr': '0.0002', 'total_loss': '0.00804512', 'main_loss': '0.00804512', 'time_per_step': '2.21359'}
2026-01-21 06:24:45,327 - train_greyscale_FA_MoE.py - {'step': '241500', 'lr': '0.0002', 'total_loss': '0.00813722', 'main_loss': '0.00813722', 'time_per_step': '2.24158'}
2026-01-21 06:28:33,721 - train_greyscale_FA_MoE.py - {'step': '241600', 'lr': '0.0002', 'total_loss': '0.0059165', 'main_loss': '0.0059165', 'time_per_step': '2.27214'}
2026-01-21 06:32:22,905 - train_greyscale_FA_MoE.py - {'step': '241700', 'lr': '0.0002', 'total_loss': '0.0108097', 'main_loss': '0.0108097', 'time_per_step': '2.22361'}
2026-01-21 06:36:13,293 - train_greyscale_FA_MoE.py - {'step': '241800', 'lr': '0.0002', 'total_loss': '0.00710399', 'main_loss': '0.00710399', 'time_per_step': '2.23037'}
2026-01-21 06:40:02,424 - train_greyscale_FA_MoE.py - {'step': '241900', 'lr': '0.0002', 'total_loss': '0.00638064', 'main_loss': '0.00638064', 'time_per_step': '2.2502'}
2026-01-21 06:43:50,881 - train_greyscale_FA_MoE.py - {'step': '242000', 'lr': '0.0002', 'total_loss': '0.0084646', 'main_loss': '0.0084646', 'time_per_step': '2.25124'}
2026-01-21 06:47:40,339 - train_greyscale_FA_MoE.py - {'step': '242100', 'lr': '0.0002', 'total_loss': '0.008883', 'main_loss': '0.008883', 'time_per_step': '2.11907'}
2026-01-21 06:51:29,884 - train_greyscale_FA_MoE.py - {'step': '242200', 'lr': '0.0002', 'total_loss': '0.00725764', 'main_loss': '0.00725764', 'time_per_step': '2.12018'}
2026-01-21 06:55:20,077 - train_greyscale_FA_MoE.py - {'step': '242300', 'lr': '0.0002', 'total_loss': '0.00752055', 'main_loss': '0.00752055', 'time_per_step': '2.24951'}
2026-01-21 06:59:09,881 - train_greyscale_FA_MoE.py - {'step': '242400', 'lr': '0.0002', 'total_loss': '0.00947298', 'main_loss': '0.00947298', 'time_per_step': '2.25004'}
2026-01-21 07:02:58,456 - train_greyscale_FA_MoE.py - {'step': '242500', 'lr': '0.0002', 'total_loss': '0.006292', 'main_loss': '0.006292', 'time_per_step': '2.22375'}
2026-01-21 07:06:48,273 - train_greyscale_FA_MoE.py - {'step': '242600', 'lr': '0.0002', 'total_loss': '0.00676845', 'main_loss': '0.00676845', 'time_per_step': '2.19311'}
2026-01-21 07:10:38,397 - train_greyscale_FA_MoE.py - {'step': '242700', 'lr': '0.0002', 'total_loss': '0.00869023', 'main_loss': '0.00869023', 'time_per_step': '2.37339'}
2026-01-21 07:14:28,218 - train_greyscale_FA_MoE.py - {'step': '242800', 'lr': '0.0002', 'total_loss': '0.00704044', 'main_loss': '0.00704044', 'time_per_step': '2.2012'}
2026-01-21 07:18:17,332 - train_greyscale_FA_MoE.py - {'step': '242900', 'lr': '0.0002', 'total_loss': '0.0093959', 'main_loss': '0.0093959', 'time_per_step': '2.23129'}
2026-01-21 07:22:06,965 - train_greyscale_FA_MoE.py - {'step': '243000', 'lr': '0.0002', 'total_loss': '0.00644045', 'main_loss': '0.00644045', 'time_per_step': '2.22186'}
2026-01-21 07:25:56,289 - train_greyscale_FA_MoE.py - {'step': '243100', 'lr': '0.0002', 'total_loss': '0.00744084', 'main_loss': '0.00744084', 'time_per_step': '2.2588'}
2026-01-21 07:29:46,303 - train_greyscale_FA_MoE.py - {'step': '243200', 'lr': '0.0002', 'total_loss': '0.0103303', 'main_loss': '0.0103303', 'time_per_step': '2.20119'}
2026-01-21 07:33:34,877 - train_greyscale_FA_MoE.py - {'step': '243300', 'lr': '0.0002', 'total_loss': '0.0075127', 'main_loss': '0.0075127', 'time_per_step': '2.12153'}
2026-01-21 07:37:24,195 - train_greyscale_FA_MoE.py - {'step': '243400', 'lr': '0.0002', 'total_loss': '0.0117805', 'main_loss': '0.0117805', 'time_per_step': '2.11668'}
2026-01-21 07:41:14,428 - train_greyscale_FA_MoE.py - {'step': '243500', 'lr': '0.0002', 'total_loss': '0.00783787', 'main_loss': '0.00783787', 'time_per_step': '2.25808'}
2026-01-21 07:45:03,563 - train_greyscale_FA_MoE.py - {'step': '243600', 'lr': '0.0002', 'total_loss': '0.0108538', 'main_loss': '0.0108538', 'time_per_step': '2.2966'}
2026-01-21 07:48:52,000 - train_greyscale_FA_MoE.py - {'step': '243700', 'lr': '0.0002', 'total_loss': '0.0118538', 'main_loss': '0.0118538', 'time_per_step': '2.30447'}
2026-01-21 07:52:41,995 - train_greyscale_FA_MoE.py - {'step': '243800', 'lr': '0.0002', 'total_loss': '0.00844876', 'main_loss': '0.00844876', 'time_per_step': '2.25391'}
2026-01-21 07:56:31,025 - train_greyscale_FA_MoE.py - {'step': '243900', 'lr': '0.0002', 'total_loss': '0.00768272', 'main_loss': '0.00768272', 'time_per_step': '2.21906'}
2026-01-21 08:00:21,022 - train_greyscale_FA_MoE.py - {'step': '244000', 'lr': '0.0002', 'total_loss': '0.00939888', 'main_loss': '0.00939888', 'time_per_step': '2.23235'}
2026-01-21 08:04:09,646 - train_greyscale_FA_MoE.py - {'step': '244100', 'lr': '0.0002', 'total_loss': '0.0071235', 'main_loss': '0.0071235', 'time_per_step': '2.28383'}
2026-01-21 08:07:58,972 - train_greyscale_FA_MoE.py - {'step': '244200', 'lr': '0.0002', 'total_loss': '0.00688288', 'main_loss': '0.00688288', 'time_per_step': '2.25107'}
2026-01-21 08:11:49,021 - train_greyscale_FA_MoE.py - {'step': '244300', 'lr': '0.0002', 'total_loss': '0.0100597', 'main_loss': '0.0100597', 'time_per_step': '2.23581'}
2026-01-21 08:15:38,424 - train_greyscale_FA_MoE.py - {'step': '244400', 'lr': '0.0002', 'total_loss': '0.00748276', 'main_loss': '0.00748276', 'time_per_step': '2.22695'}
2026-01-21 08:19:27,834 - train_greyscale_FA_MoE.py - {'step': '244500', 'lr': '0.0002', 'total_loss': '0.00634772', 'main_loss': '0.00634772', 'time_per_step': '2.12046'}
2026-01-21 08:23:16,868 - train_greyscale_FA_MoE.py - {'step': '244600', 'lr': '0.0002', 'total_loss': '0.00780211', 'main_loss': '0.00780211', 'time_per_step': '2.12064'}
2026-01-21 08:27:07,550 - train_greyscale_FA_MoE.py - {'step': '244700', 'lr': '0.0002', 'total_loss': '0.0082064', 'main_loss': '0.0082064', 'time_per_step': '2.2166'}
2026-01-21 08:30:57,218 - train_greyscale_FA_MoE.py - {'step': '244800', 'lr': '0.0002', 'total_loss': '0.0059256', 'main_loss': '0.0059256', 'time_per_step': '2.22726'}
2026-01-21 08:34:45,610 - train_greyscale_FA_MoE.py - {'step': '244900', 'lr': '0.0002', 'total_loss': '0.0113519', 'main_loss': '0.0113519', 'time_per_step': '2.24062'}
2026-01-21 08:38:34,907 - train_greyscale_FA_MoE.py - {'step': '245000', 'lr': '0.0002', 'total_loss': '0.0105864', 'main_loss': '0.0105864', 'time_per_step': '2.23421'}
2026-01-21 08:42:25,009 - train_greyscale_FA_MoE.py - {'step': '245100', 'lr': '0.0002', 'total_loss': '0.00676145', 'main_loss': '0.00676145', 'time_per_step': '2.23457'}
2026-01-21 08:46:14,981 - train_greyscale_FA_MoE.py - {'step': '245200', 'lr': '0.0002', 'total_loss': '0.0114427', 'main_loss': '0.0114427', 'time_per_step': '2.27603'}
2026-01-21 08:50:03,935 - train_greyscale_FA_MoE.py - {'step': '245300', 'lr': '0.0002', 'total_loss': '0.00819959', 'main_loss': '0.00819959', 'time_per_step': '2.26205'}
2026-01-21 08:53:53,076 - train_greyscale_FA_MoE.py - {'step': '245400', 'lr': '0.0002', 'total_loss': '0.0100134', 'main_loss': '0.0100134', 'time_per_step': '2.20964'}
2026-01-21 08:57:42,631 - train_greyscale_FA_MoE.py - {'step': '245500', 'lr': '0.0002', 'total_loss': '0.0127568', 'main_loss': '0.0127568', 'time_per_step': '2.24568'}
2026-01-21 09:01:33,093 - train_greyscale_FA_MoE.py - {'step': '245600', 'lr': '0.0002', 'total_loss': '0.0111033', 'main_loss': '0.0111033', 'time_per_step': '2.31551'}
2026-01-21 09:05:21,989 - train_greyscale_FA_MoE.py - {'step': '245700', 'lr': '0.0002', 'total_loss': '0.0102094', 'main_loss': '0.0102094', 'time_per_step': '2.14619'}
2026-01-21 09:09:11,786 - train_greyscale_FA_MoE.py - {'step': '245800', 'lr': '0.0002', 'total_loss': '0.0102188', 'main_loss': '0.0102188', 'time_per_step': '2.12981'}
2026-01-21 09:13:01,646 - train_greyscale_FA_MoE.py - {'step': '245900', 'lr': '0.0002', 'total_loss': '0.00758943', 'main_loss': '0.00758943', 'time_per_step': '2.2272'}
2026-01-21 09:16:52,096 - train_greyscale_FA_MoE.py - {'step': '246000', 'lr': '0.0002', 'total_loss': '0.0090524', 'main_loss': '0.0090524', 'time_per_step': '2.24524'}
2026-01-21 09:20:40,455 - train_greyscale_FA_MoE.py - {'step': '246100', 'lr': '0.0002', 'total_loss': '0.00872791', 'main_loss': '0.00872791', 'time_per_step': '2.22373'}
2026-01-21 09:24:30,238 - train_greyscale_FA_MoE.py - {'step': '246200', 'lr': '0.0002', 'total_loss': '0.00923747', 'main_loss': '0.00923747', 'time_per_step': '2.2592'}
2026-01-21 09:28:20,024 - train_greyscale_FA_MoE.py - {'step': '246300', 'lr': '0.0002', 'total_loss': '0.0085614', 'main_loss': '0.0085614', 'time_per_step': '2.23375'}
2026-01-21 09:32:09,283 - train_greyscale_FA_MoE.py - {'step': '246400', 'lr': '0.0002', 'total_loss': '0.00835183', 'main_loss': '0.00835183', 'time_per_step': '2.24514'}
2026-01-21 09:35:57,507 - train_greyscale_FA_MoE.py - {'step': '246500', 'lr': '0.0002', 'total_loss': '0.00828717', 'main_loss': '0.00828717', 'time_per_step': '2.23527'}
2026-01-21 09:39:47,658 - train_greyscale_FA_MoE.py - {'step': '246600', 'lr': '0.0002', 'total_loss': '0.00869245', 'main_loss': '0.00869245', 'time_per_step': '2.17272'}
2026-01-21 09:43:36,838 - train_greyscale_FA_MoE.py - {'step': '246700', 'lr': '0.0002', 'total_loss': '0.00814682', 'main_loss': '0.00814682', 'time_per_step': '2.26335'}
2026-01-21 09:47:25,397 - train_greyscale_FA_MoE.py - {'step': '246800', 'lr': '0.0002', 'total_loss': '0.0070517', 'main_loss': '0.0070517', 'time_per_step': '2.25013'}
2026-01-21 09:51:13,671 - train_greyscale_FA_MoE.py - {'step': '246900', 'lr': '0.0002', 'total_loss': '0.00627445', 'main_loss': '0.00627445', 'time_per_step': '2.12785'}
2026-01-21 09:55:03,420 - train_greyscale_FA_MoE.py - {'step': '247000', 'lr': '0.0002', 'total_loss': '0.00854039', 'main_loss': '0.00854039', 'time_per_step': '2.19492'}
2026-01-21 09:58:53,386 - train_greyscale_FA_MoE.py - {'step': '247100', 'lr': '0.0002', 'total_loss': '0.0126468', 'main_loss': '0.0126468', 'time_per_step': '2.22302'}
2026-01-21 10:02:42,955 - train_greyscale_FA_MoE.py - {'step': '247200', 'lr': '0.0002', 'total_loss': '0.00936965', 'main_loss': '0.00936965', 'time_per_step': '2.2271'}
2026-01-21 10:06:31,288 - train_greyscale_FA_MoE.py - {'step': '247300', 'lr': '0.0002', 'total_loss': '0.00849881', 'main_loss': '0.00849881', 'time_per_step': '2.20939'}
2026-01-21 10:10:21,665 - train_greyscale_FA_MoE.py - {'step': '247400', 'lr': '0.0002', 'total_loss': '0.00773119', 'main_loss': '0.00773119', 'time_per_step': '2.23096'}
2026-01-21 10:14:11,999 - train_greyscale_FA_MoE.py - {'step': '247500', 'lr': '0.0002', 'total_loss': '0.00969852', 'main_loss': '0.00969852', 'time_per_step': '2.2372'}
2026-01-21 10:18:03,334 - train_greyscale_FA_MoE.py - {'step': '247600', 'lr': '0.0002', 'total_loss': '0.00881501', 'main_loss': '0.00881501', 'time_per_step': '2.26215'}
2026-01-21 10:21:52,308 - train_greyscale_FA_MoE.py - {'step': '247700', 'lr': '0.0002', 'total_loss': '0.009733', 'main_loss': '0.009733', 'time_per_step': '3.21869'}
2026-01-21 10:25:41,064 - train_greyscale_FA_MoE.py - {'step': '247800', 'lr': '0.0002', 'total_loss': '0.00917726', 'main_loss': '0.00917726', 'time_per_step': '2.22691'}
2026-01-21 10:29:30,641 - train_greyscale_FA_MoE.py - {'step': '247900', 'lr': '0.0002', 'total_loss': '0.00724817', 'main_loss': '0.00724817', 'time_per_step': '2.21467'}
2026-01-21 10:33:20,726 - train_greyscale_FA_MoE.py - {'step': '248000', 'lr': '0.0002', 'total_loss': '0.0090822', 'main_loss': '0.0090822', 'time_per_step': '2.23723'}
2026-01-21 10:37:10,888 - train_greyscale_FA_MoE.py - {'step': '248100', 'lr': '0.0002', 'total_loss': '0.0087479', 'main_loss': '0.0087479', 'time_per_step': '2.12935'}
2026-01-21 10:40:59,080 - train_greyscale_FA_MoE.py - {'step': '248200', 'lr': '0.0002', 'total_loss': '0.00915626', 'main_loss': '0.00915626', 'time_per_step': '2.11714'}
2026-01-21 10:44:49,723 - train_greyscale_FA_MoE.py - {'step': '248300', 'lr': '0.0002', 'total_loss': '0.00807086', 'main_loss': '0.00807086', 'time_per_step': '2.2264'}
2026-01-21 10:48:39,971 - train_greyscale_FA_MoE.py - {'step': '248400', 'lr': '0.0002', 'total_loss': '0.00687753', 'main_loss': '0.00687753', 'time_per_step': '2.24117'}
2026-01-21 10:52:28,977 - train_greyscale_FA_MoE.py - {'step': '248500', 'lr': '0.0002', 'total_loss': '0.0100822', 'main_loss': '0.0100822', 'time_per_step': '2.21034'}
2026-01-21 10:56:18,000 - train_greyscale_FA_MoE.py - {'step': '248600', 'lr': '0.0002', 'total_loss': '0.0084023', 'main_loss': '0.0084023', 'time_per_step': '2.25019'}
2026-01-21 11:00:07,995 - train_greyscale_FA_MoE.py - {'step': '248700', 'lr': '0.0002', 'total_loss': '0.00686663', 'main_loss': '0.00686663', 'time_per_step': '2.22952'}
2026-01-21 11:03:56,928 - train_greyscale_FA_MoE.py - {'step': '248800', 'lr': '0.0002', 'total_loss': '0.00947894', 'main_loss': '0.00947894', 'time_per_step': '2.21768'}
2026-01-21 11:07:46,407 - train_greyscale_FA_MoE.py - {'step': '248900', 'lr': '0.0002', 'total_loss': '0.00733616', 'main_loss': '0.00733616', 'time_per_step': '2.20788'}
2026-01-21 11:11:35,145 - train_greyscale_FA_MoE.py - {'step': '249000', 'lr': '0.0002', 'total_loss': '0.00598623', 'main_loss': '0.00598623', 'time_per_step': '2.24931'}
2026-01-21 11:15:24,598 - train_greyscale_FA_MoE.py - {'step': '249100', 'lr': '0.0002', 'total_loss': '0.00613261', 'main_loss': '0.00613261', 'time_per_step': '2.24775'}
2026-01-21 11:19:15,036 - train_greyscale_FA_MoE.py - {'step': '249200', 'lr': '0.0002', 'total_loss': '0.0125064', 'main_loss': '0.0125064', 'time_per_step': '2.16596'}
2026-01-21 11:23:04,899 - train_greyscale_FA_MoE.py - {'step': '249300', 'lr': '0.0002', 'total_loss': '0.0119137', 'main_loss': '0.0119137', 'time_per_step': '2.12073'}
2026-01-21 11:26:52,618 - train_greyscale_FA_MoE.py - {'step': '249400', 'lr': '0.0002', 'total_loss': '0.0106576', 'main_loss': '0.0106576', 'time_per_step': '2.116'}
2026-01-21 11:30:42,663 - train_greyscale_FA_MoE.py - {'step': '249500', 'lr': '0.0002', 'total_loss': '0.00755041', 'main_loss': '0.00755041', 'time_per_step': '2.21755'}
2026-01-21 11:34:32,494 - train_greyscale_FA_MoE.py - {'step': '249600', 'lr': '0.0002', 'total_loss': '0.00633064', 'main_loss': '0.00633064', 'time_per_step': '2.29315'}
2026-01-21 11:38:21,876 - train_greyscale_FA_MoE.py - {'step': '249700', 'lr': '0.0002', 'total_loss': '0.00826236', 'main_loss': '0.00826236', 'time_per_step': '2.23603'}
2026-01-21 11:42:10,178 - train_greyscale_FA_MoE.py - {'step': '249800', 'lr': '0.0002', 'total_loss': '0.0070234', 'main_loss': '0.0070234', 'time_per_step': '2.19888'}
2026-01-21 11:45:59,241 - train_greyscale_FA_MoE.py - {'step': '249900', 'lr': '0.0002', 'total_loss': '0.00942929', 'main_loss': '0.00942929', 'time_per_step': '2.20791'}
2026-01-21 11:49:48,827 - train_greyscale_FA_MoE.py - {'step': '250000', 'lr': '0.0002', 'total_loss': '0.00610617', 'main_loss': '0.00610617', 'time_per_step': '2.22863'}
2026-01-21 11:49:48,834 - train_greyscale_FA_MoE.py - Saved expert distribution of layer in_block_0 to output_shift_fa/acdc_wholeheart_uncond_fa_ec_moe_greyscale_uvit_mid_4by4_l6r9_low16_Y_bound/samples/expert_distribution_in_block_0_step250000.npy
2026-01-21 11:49:50,291 - train_greyscale_FA_MoE.py - Saved expert distribution of layer out_block_7 to output_shift_fa/acdc_wholeheart_uncond_fa_ec_moe_greyscale_uvit_mid_4by4_l6r9_low16_Y_bound/samples/expert_distribution_out_block_7_step250000.npy
2026-01-21 11:49:51,740 - train_greyscale_FA_MoE.py - Save a grid of 16 samples into output_shift_fa/acdc_wholeheart_uncond_fa_ec_moe_greyscale_uvit_mid_4by4_l6r9_low16_Y_bound/samples/250000.png by DPM-Solver
2026-01-21 11:49:57,288 - train_greyscale_FA_MoE.py - Finished saving sample grid to output_shift_fa/acdc_wholeheart_uncond_fa_ec_moe_greyscale_uvit_mid_4by4_l6r9_low16_Y_bound/samples/250000.png by DPM-Solver.
2026-01-21 11:49:57,340 - train_greyscale_FA_MoE.py - Save and eval checkpoint 250000...
2026-01-21 11:49:59,638 - train_greyscale_FA_MoE.py - eval_step: n_samples=50000, sample_steps=50, algorithm=dpm_solver, mini_batch_size=500, samples save into output_shift_fa/acdc_wholeheart_uncond_fa_ec_moe_greyscale_uvit_mid_4by4_l6r9_low16_Y_bound/samples/acdc_wholeheart_uncond_uvit_FA_EC_MoE_greyscale_mid_4by4_low16_250000_dpm
2026-01-21 12:40:15,491 - train_greyscale_FA_MoE.py - step=250000 fid50000=12.722579728977507
2026-01-21 12:44:52,044 - is_lpips.py - LPIPS: 0.5150 ± 0.0494
2026-01-21 12:44:52,049 - train_greyscale_FA_MoE.py - step=250000 LPIPS50000=0.5149828413908273
2026-01-21 12:50:25,908 - train_greyscale_FA_MoE.py - {'step': '250100', 'lr': '0.0002', 'total_loss': '0.00595143', 'main_loss': '0.00595143', 'time_per_step': '2.24352'}
2026-01-21 12:54:15,685 - train_greyscale_FA_MoE.py - {'step': '250200', 'lr': '0.0002', 'total_loss': '0.0113838', 'main_loss': '0.0113838', 'time_per_step': '2.24509'}
2026-01-21 12:58:04,473 - train_greyscale_FA_MoE.py - {'step': '250300', 'lr': '0.0002', 'total_loss': '0.00873185', 'main_loss': '0.00873185', 'time_per_step': '2.26804'}
2026-01-21 13:01:53,722 - train_greyscale_FA_MoE.py - {'step': '250400', 'lr': '0.0002', 'total_loss': '0.00765039', 'main_loss': '0.00765039', 'time_per_step': '2.20225'}
2026-01-21 13:05:43,530 - train_greyscale_FA_MoE.py - {'step': '250500', 'lr': '0.0002', 'total_loss': '0.00863364', 'main_loss': '0.00863364', 'time_per_step': '2.12434'}
2026-01-21 13:09:33,661 - train_greyscale_FA_MoE.py - {'step': '250600', 'lr': '0.0002', 'total_loss': '0.00988461', 'main_loss': '0.00988461', 'time_per_step': '2.22204'}
2026-01-21 13:13:22,660 - train_greyscale_FA_MoE.py - {'step': '250700', 'lr': '0.0002', 'total_loss': '0.0083603', 'main_loss': '0.0083603', 'time_per_step': '2.24412'}
2026-01-21 13:17:13,374 - train_greyscale_FA_MoE.py - {'step': '250800', 'lr': '0.0002', 'total_loss': '0.00906994', 'main_loss': '0.00906994', 'time_per_step': '2.25086'}
2026-01-21 13:21:03,487 - train_greyscale_FA_MoE.py - {'step': '250900', 'lr': '0.0002', 'total_loss': '0.0107758', 'main_loss': '0.0107758', 'time_per_step': '2.29436'}
2026-01-21 13:24:53,920 - train_greyscale_FA_MoE.py - {'step': '251000', 'lr': '0.0002', 'total_loss': '0.00623852', 'main_loss': '0.00623852', 'time_per_step': '2.21948'}
2026-01-21 13:28:42,509 - train_greyscale_FA_MoE.py - {'step': '251100', 'lr': '0.0002', 'total_loss': '0.0047238', 'main_loss': '0.0047238', 'time_per_step': '2.22902'}
2026-01-21 13:32:32,398 - train_greyscale_FA_MoE.py - {'step': '251200', 'lr': '0.0002', 'total_loss': '0.00715111', 'main_loss': '0.00715111', 'time_per_step': '2.30079'}
2026-01-21 13:36:22,056 - train_greyscale_FA_MoE.py - {'step': '251300', 'lr': '0.0002', 'total_loss': '0.0138256', 'main_loss': '0.0138256', 'time_per_step': '2.2569'}
2026-01-21 13:40:12,104 - train_greyscale_FA_MoE.py - {'step': '251400', 'lr': '0.0002', 'total_loss': '0.00937718', 'main_loss': '0.00937718', 'time_per_step': '2.21843'}
2026-01-21 13:44:00,844 - train_greyscale_FA_MoE.py - {'step': '251500', 'lr': '0.0002', 'total_loss': '0.00911467', 'main_loss': '0.00911467', 'time_per_step': '2.23996'}
2026-01-21 13:47:49,986 - train_greyscale_FA_MoE.py - {'step': '251600', 'lr': '0.0002', 'total_loss': '0.00519533', 'main_loss': '0.00519533', 'time_per_step': '2.16862'}
2026-01-21 13:51:40,227 - train_greyscale_FA_MoE.py - {'step': '251700', 'lr': '0.0002', 'total_loss': '0.00673815', 'main_loss': '0.00673815', 'time_per_step': '2.12072'}
2026-01-21 13:55:28,947 - train_greyscale_FA_MoE.py - {'step': '251800', 'lr': '0.0002', 'total_loss': '0.0054965', 'main_loss': '0.0054965', 'time_per_step': '2.12137'}
2026-01-21 13:59:17,966 - train_greyscale_FA_MoE.py - {'step': '251900', 'lr': '0.0002', 'total_loss': '0.0109546', 'main_loss': '0.0109546', 'time_per_step': '2.23222'}
2026-01-21 14:03:07,586 - train_greyscale_FA_MoE.py - {'step': '252000', 'lr': '0.0002', 'total_loss': '0.0091416', 'main_loss': '0.0091416', 'time_per_step': '2.26071'}
2026-01-21 14:06:57,371 - train_greyscale_FA_MoE.py - {'step': '252100', 'lr': '0.0002', 'total_loss': '0.00754238', 'main_loss': '0.00754238', 'time_per_step': '2.25457'}
2026-01-21 14:10:47,333 - train_greyscale_FA_MoE.py - {'step': '252200', 'lr': '0.0002', 'total_loss': '0.00543523', 'main_loss': '0.00543523', 'time_per_step': '2.23564'}
2026-01-21 14:14:35,748 - train_greyscale_FA_MoE.py - {'step': '252300', 'lr': '0.0002', 'total_loss': '0.00775972', 'main_loss': '0.00775972', 'time_per_step': '2.2481'}
2026-01-21 14:18:26,361 - train_greyscale_FA_MoE.py - {'step': '252400', 'lr': '0.0002', 'total_loss': '0.00815331', 'main_loss': '0.00815331', 'time_per_step': '2.22932'}
2026-01-21 14:22:16,898 - train_greyscale_FA_MoE.py - {'step': '252500', 'lr': '0.0002', 'total_loss': '0.00807843', 'main_loss': '0.00807843', 'time_per_step': '2.22013'}
2026-01-21 14:26:06,599 - train_greyscale_FA_MoE.py - {'step': '252600', 'lr': '0.0002', 'total_loss': '0.00939697', 'main_loss': '0.00939697', 'time_per_step': '2.23401'}
2026-01-21 14:29:55,390 - train_greyscale_FA_MoE.py - {'step': '252700', 'lr': '0.0002', 'total_loss': '0.0110787', 'main_loss': '0.0110787', 'time_per_step': '2.20886'}
2026-01-21 14:33:45,074 - train_greyscale_FA_MoE.py - {'step': '252800', 'lr': '0.0002', 'total_loss': '0.00823145', 'main_loss': '0.00823145', 'time_per_step': '2.25851'}
2026-01-21 14:37:35,065 - train_greyscale_FA_MoE.py - {'step': '252900', 'lr': '0.0002', 'total_loss': '0.00623862', 'main_loss': '0.00623862', 'time_per_step': '2.11843'}
2026-01-21 14:41:23,713 - train_greyscale_FA_MoE.py - {'step': '253000', 'lr': '0.0002', 'total_loss': '0.0060096', 'main_loss': '0.0060096', 'time_per_step': '2.12002'}
2026-01-21 14:45:12,939 - train_greyscale_FA_MoE.py - {'step': '253100', 'lr': '0.0002', 'total_loss': '0.010352', 'main_loss': '0.010352', 'time_per_step': '2.2496'}
2026-01-21 14:49:02,704 - train_greyscale_FA_MoE.py - {'step': '253200', 'lr': '0.0002', 'total_loss': '0.00794283', 'main_loss': '0.00794283', 'time_per_step': '2.2517'}
2026-01-21 14:52:52,871 - train_greyscale_FA_MoE.py - {'step': '253300', 'lr': '0.0002', 'total_loss': '0.00817145', 'main_loss': '0.00817145', 'time_per_step': '2.24227'}
2026-01-21 14:56:43,140 - train_greyscale_FA_MoE.py - {'step': '253400', 'lr': '0.0002', 'total_loss': '0.0101317', 'main_loss': '0.0101317', 'time_per_step': '2.21072'}
2026-01-21 15:00:31,746 - train_greyscale_FA_MoE.py - {'step': '253500', 'lr': '0.0002', 'total_loss': '0.00740884', 'main_loss': '0.00740884', 'time_per_step': '2.19257'}
2026-01-21 15:04:21,418 - train_greyscale_FA_MoE.py - {'step': '253600', 'lr': '0.0002', 'total_loss': '0.005523', 'main_loss': '0.005523', 'time_per_step': '2.22328'}
2026-01-21 15:08:11,281 - train_greyscale_FA_MoE.py - {'step': '253700', 'lr': '0.0002', 'total_loss': '0.00924392', 'main_loss': '0.00924392', 'time_per_step': '2.21219'}
2026-01-21 15:12:00,372 - train_greyscale_FA_MoE.py - {'step': '253800', 'lr': '0.0002', 'total_loss': '0.00663925', 'main_loss': '0.00663925', 'time_per_step': '2.22597'}
2026-01-21 15:15:49,291 - train_greyscale_FA_MoE.py - {'step': '253900', 'lr': '0.0002', 'total_loss': '0.010898', 'main_loss': '0.010898', 'time_per_step': '2.25811'}
2026-01-21 15:19:39,005 - train_greyscale_FA_MoE.py - {'step': '254000', 'lr': '0.0002', 'total_loss': '0.00549047', 'main_loss': '0.00549047', 'time_per_step': '2.21503'}
2026-01-21 15:23:27,597 - train_greyscale_FA_MoE.py - {'step': '254100', 'lr': '0.0002', 'total_loss': '0.00719836', 'main_loss': '0.00719836', 'time_per_step': '2.13955'}
2026-01-21 15:27:17,148 - train_greyscale_FA_MoE.py - {'step': '254200', 'lr': '0.0002', 'total_loss': '0.00677115', 'main_loss': '0.00677115', 'time_per_step': '2.11728'}
2026-01-21 15:31:07,232 - train_greyscale_FA_MoE.py - {'step': '254300', 'lr': '0.0002', 'total_loss': '0.00497088', 'main_loss': '0.00497088', 'time_per_step': '2.2256'}
2026-01-21 15:34:55,918 - train_greyscale_FA_MoE.py - {'step': '254400', 'lr': '0.0002', 'total_loss': '0.0109337', 'main_loss': '0.0109337', 'time_per_step': '2.23293'}
2026-01-21 15:38:45,566 - train_greyscale_FA_MoE.py - {'step': '254500', 'lr': '0.0002', 'total_loss': '0.00764144', 'main_loss': '0.00764144', 'time_per_step': '2.1713'}
2026-01-21 15:42:35,541 - train_greyscale_FA_MoE.py - {'step': '254600', 'lr': '0.0002', 'total_loss': '0.0093377', 'main_loss': '0.0093377', 'time_per_step': '2.23764'}
2026-01-21 15:46:25,461 - train_greyscale_FA_MoE.py - {'step': '254700', 'lr': '0.0002', 'total_loss': '0.00999942', 'main_loss': '0.00999942', 'time_per_step': '2.21346'}
2026-01-21 15:50:14,194 - train_greyscale_FA_MoE.py - {'step': '254800', 'lr': '0.0002', 'total_loss': '0.0100206', 'main_loss': '0.0100206', 'time_per_step': '2.22408'}
2026-01-21 15:54:04,068 - train_greyscale_FA_MoE.py - {'step': '254900', 'lr': '0.0002', 'total_loss': '0.00662928', 'main_loss': '0.00662928', 'time_per_step': '2.26503'}
2026-01-21 15:57:52,961 - train_greyscale_FA_MoE.py - {'step': '255000', 'lr': '0.0002', 'total_loss': '0.00970774', 'main_loss': '0.00970774', 'time_per_step': '2.22789'}
2026-01-21 16:01:42,917 - train_greyscale_FA_MoE.py - {'step': '255100', 'lr': '0.0002', 'total_loss': '0.00522063', 'main_loss': '0.00522063', 'time_per_step': '2.21852'}
2026-01-21 16:05:31,715 - train_greyscale_FA_MoE.py - {'step': '255200', 'lr': '0.0002', 'total_loss': '0.00674893', 'main_loss': '0.00674893', 'time_per_step': '2.26626'}
2026-01-21 16:09:21,210 - train_greyscale_FA_MoE.py - {'step': '255300', 'lr': '0.0002', 'total_loss': '0.00619294', 'main_loss': '0.00619294', 'time_per_step': '2.11818'}
2026-01-21 16:13:10,889 - train_greyscale_FA_MoE.py - {'step': '255400', 'lr': '0.0002', 'total_loss': '0.00715755', 'main_loss': '0.00715755', 'time_per_step': '2.12381'}
2026-01-21 16:17:02,072 - train_greyscale_FA_MoE.py - {'step': '255500', 'lr': '0.0002', 'total_loss': '0.00802459', 'main_loss': '0.00802459', 'time_per_step': '2.22909'}
2026-01-21 16:20:50,441 - train_greyscale_FA_MoE.py - {'step': '255600', 'lr': '0.0002', 'total_loss': '0.00660968', 'main_loss': '0.00660968', 'time_per_step': '2.19885'}
2026-01-21 16:24:39,698 - train_greyscale_FA_MoE.py - {'step': '255700', 'lr': '0.0002', 'total_loss': '0.00648595', 'main_loss': '0.00648595', 'time_per_step': '2.22495'}
2026-01-21 16:28:29,306 - train_greyscale_FA_MoE.py - {'step': '255800', 'lr': '0.0002', 'total_loss': '0.00992977', 'main_loss': '0.00992977', 'time_per_step': '2.20105'}
2026-01-21 16:32:19,074 - train_greyscale_FA_MoE.py - {'step': '255900', 'lr': '0.0002', 'total_loss': '0.00935423', 'main_loss': '0.00935423', 'time_per_step': '2.23833'}
2026-01-21 16:36:07,774 - train_greyscale_FA_MoE.py - {'step': '256000', 'lr': '0.0002', 'total_loss': '0.00594222', 'main_loss': '0.00594222', 'time_per_step': '2.22101'}
2026-01-21 16:39:57,150 - train_greyscale_FA_MoE.py - {'step': '256100', 'lr': '0.0002', 'total_loss': '0.00677783', 'main_loss': '0.00677783', 'time_per_step': '2.23003'}
2026-01-21 16:43:47,115 - train_greyscale_FA_MoE.py - {'step': '256200', 'lr': '0.0002', 'total_loss': '0.00738714', 'main_loss': '0.00738714', 'time_per_step': '2.21065'}
2026-01-21 16:47:37,054 - train_greyscale_FA_MoE.py - {'step': '256300', 'lr': '0.0002', 'total_loss': '0.00705799', 'main_loss': '0.00705799', 'time_per_step': '2.22856'}
2026-01-21 16:51:25,126 - train_greyscale_FA_MoE.py - {'step': '256400', 'lr': '0.0002', 'total_loss': '0.0125607', 'main_loss': '0.0125607', 'time_per_step': '2.17057'}
2026-01-21 16:55:14,743 - train_greyscale_FA_MoE.py - {'step': '256500', 'lr': '0.0002', 'total_loss': '0.00787312', 'main_loss': '0.00787312', 'time_per_step': '2.11975'}
2026-01-21 16:59:04,737 - train_greyscale_FA_MoE.py - {'step': '256600', 'lr': '0.0002', 'total_loss': '0.00709607', 'main_loss': '0.00709607', 'time_per_step': '2.11442'}
2026-01-21 17:02:55,267 - train_greyscale_FA_MoE.py - {'step': '256700', 'lr': '0.0002', 'total_loss': '0.00628018', 'main_loss': '0.00628018', 'time_per_step': '2.26259'}
2026-01-21 17:06:44,092 - train_greyscale_FA_MoE.py - {'step': '256800', 'lr': '0.0002', 'total_loss': '0.00726418', 'main_loss': '0.00726418', 'time_per_step': '2.21949'}
2026-01-21 17:10:33,885 - train_greyscale_FA_MoE.py - {'step': '256900', 'lr': '0.0002', 'total_loss': '0.00839311', 'main_loss': '0.00839311', 'time_per_step': '2.29266'}
2026-01-21 17:14:23,544 - train_greyscale_FA_MoE.py - {'step': '257000', 'lr': '0.0002', 'total_loss': '0.00510831', 'main_loss': '0.00510831', 'time_per_step': '2.22713'}
2026-01-21 17:18:14,248 - train_greyscale_FA_MoE.py - {'step': '257100', 'lr': '0.0002', 'total_loss': '0.00769177', 'main_loss': '0.00769177', 'time_per_step': '2.23171'}
2026-01-21 17:22:02,911 - train_greyscale_FA_MoE.py - {'step': '257200', 'lr': '0.0002', 'total_loss': '0.0101142', 'main_loss': '0.0101142', 'time_per_step': '2.28895'}
2026-01-21 17:25:52,946 - train_greyscale_FA_MoE.py - {'step': '257300', 'lr': '0.0002', 'total_loss': '0.0103458', 'main_loss': '0.0103458', 'time_per_step': '2.22034'}
2026-01-21 17:29:42,914 - train_greyscale_FA_MoE.py - {'step': '257400', 'lr': '0.0002', 'total_loss': '0.00685762', 'main_loss': '0.00685762', 'time_per_step': '2.25805'}
2026-01-21 17:33:31,821 - train_greyscale_FA_MoE.py - {'step': '257500', 'lr': '0.0002', 'total_loss': '0.00998022', 'main_loss': '0.00998022', 'time_per_step': '2.24202'}
2026-01-21 17:37:20,732 - train_greyscale_FA_MoE.py - {'step': '257600', 'lr': '0.0002', 'total_loss': '0.00982884', 'main_loss': '0.00982884', 'time_per_step': '2.23095'}
2026-01-21 17:41:10,308 - train_greyscale_FA_MoE.py - {'step': '257700', 'lr': '0.0002', 'total_loss': '0.00512753', 'main_loss': '0.00512753', 'time_per_step': '2.11784'}
2026-01-21 17:44:59,551 - train_greyscale_FA_MoE.py - {'step': '257800', 'lr': '0.0002', 'total_loss': '0.00584801', 'main_loss': '0.00584801', 'time_per_step': '2.11899'}
2026-01-21 17:48:49,827 - train_greyscale_FA_MoE.py - {'step': '257900', 'lr': '0.0002', 'total_loss': '0.00745552', 'main_loss': '0.00745552', 'time_per_step': '2.224'}
2026-01-21 17:52:38,310 - train_greyscale_FA_MoE.py - {'step': '258000', 'lr': '0.0002', 'total_loss': '0.00615689', 'main_loss': '0.00615689', 'time_per_step': '2.21126'}
2026-01-21 17:56:27,603 - train_greyscale_FA_MoE.py - {'step': '258100', 'lr': '0.0002', 'total_loss': '0.00984896', 'main_loss': '0.00984896', 'time_per_step': '2.23811'}
2026-01-21 18:00:16,808 - train_greyscale_FA_MoE.py - {'step': '258200', 'lr': '0.0002', 'total_loss': '0.00773919', 'main_loss': '0.00773919', 'time_per_step': '2.21929'}
2026-01-21 18:04:06,641 - train_greyscale_FA_MoE.py - {'step': '258300', 'lr': '0.0002', 'total_loss': '0.00421711', 'main_loss': '0.00421711', 'time_per_step': '2.26962'}
2026-01-21 18:07:54,987 - train_greyscale_FA_MoE.py - {'step': '258400', 'lr': '0.0002', 'total_loss': '0.0086967', 'main_loss': '0.0086967', 'time_per_step': '2.24148'}
2026-01-21 18:11:44,300 - train_greyscale_FA_MoE.py - {'step': '258500', 'lr': '0.0002', 'total_loss': '0.0119146', 'main_loss': '0.0119146', 'time_per_step': '2.21975'}
2026-01-21 18:15:33,065 - train_greyscale_FA_MoE.py - {'step': '258600', 'lr': '0.0002', 'total_loss': '0.00993834', 'main_loss': '0.00993834', 'time_per_step': '2.28214'}
2026-01-21 18:19:23,539 - train_greyscale_FA_MoE.py - {'step': '258700', 'lr': '0.0002', 'total_loss': '0.0101331', 'main_loss': '0.0101331', 'time_per_step': '2.21132'}
2026-01-21 18:23:12,101 - train_greyscale_FA_MoE.py - {'step': '258800', 'lr': '0.0002', 'total_loss': '0.00839114', 'main_loss': '0.00839114', 'time_per_step': '2.23324'}
2026-01-21 18:27:01,379 - train_greyscale_FA_MoE.py - {'step': '258900', 'lr': '0.0002', 'total_loss': '0.0077219', 'main_loss': '0.0077219', 'time_per_step': '2.12134'}
2026-01-21 18:30:50,271 - train_greyscale_FA_MoE.py - {'step': '259000', 'lr': '0.0002', 'total_loss': '0.00949075', 'main_loss': '0.00949075', 'time_per_step': '2.11891'}
2026-01-21 18:34:40,339 - train_greyscale_FA_MoE.py - {'step': '259100', 'lr': '0.0002', 'total_loss': '0.00938032', 'main_loss': '0.00938032', 'time_per_step': '2.21498'}
2026-01-21 18:38:28,904 - train_greyscale_FA_MoE.py - {'step': '259200', 'lr': '0.0002', 'total_loss': '0.00746943', 'main_loss': '0.00746943', 'time_per_step': '2.22352'}
2026-01-21 18:42:18,562 - train_greyscale_FA_MoE.py - {'step': '259300', 'lr': '0.0002', 'total_loss': '0.00688097', 'main_loss': '0.00688097', 'time_per_step': '2.23324'}
2026-01-21 18:46:07,926 - train_greyscale_FA_MoE.py - {'step': '259400', 'lr': '0.0002', 'total_loss': '0.00522582', 'main_loss': '0.00522582', 'time_per_step': '2.23642'}
2026-01-21 18:49:57,836 - train_greyscale_FA_MoE.py - {'step': '259500', 'lr': '0.0002', 'total_loss': '0.00732331', 'main_loss': '0.00732331', 'time_per_step': '2.24807'}
2026-01-21 18:53:47,592 - train_greyscale_FA_MoE.py - {'step': '259600', 'lr': '0.0002', 'total_loss': '0.00685518', 'main_loss': '0.00685518', 'time_per_step': '3.41288'}
2026-01-21 18:57:36,151 - train_greyscale_FA_MoE.py - {'step': '259700', 'lr': '0.0002', 'total_loss': '0.00632386', 'main_loss': '0.00632386', 'time_per_step': '2.25104'}
2026-01-21 19:01:26,075 - train_greyscale_FA_MoE.py - {'step': '259800', 'lr': '0.0002', 'total_loss': '0.00710658', 'main_loss': '0.00710658', 'time_per_step': '2.22608'}
2026-01-21 19:05:15,661 - train_greyscale_FA_MoE.py - {'step': '259900', 'lr': '0.0002', 'total_loss': '0.00966143', 'main_loss': '0.00966143', 'time_per_step': '2.23877'}
2026-01-21 19:09:05,370 - train_greyscale_FA_MoE.py - {'step': '260000', 'lr': '0.0002', 'total_loss': '0.00719909', 'main_loss': '0.00719909', 'time_per_step': '2.2341'}
2026-01-21 19:12:53,886 - train_greyscale_FA_MoE.py - {'step': '260100', 'lr': '0.0002', 'total_loss': '0.00740454', 'main_loss': '0.00740454', 'time_per_step': '2.11856'}
2026-01-21 19:16:44,805 - train_greyscale_FA_MoE.py - {'step': '260200', 'lr': '0.0002', 'total_loss': '0.0094855', 'main_loss': '0.0094855', 'time_per_step': '2.11802'}
2026-01-21 19:20:35,509 - train_greyscale_FA_MoE.py - {'step': '260300', 'lr': '0.0002', 'total_loss': '0.00900671', 'main_loss': '0.00900671', 'time_per_step': '2.21653'}
2026-01-21 19:24:24,377 - train_greyscale_FA_MoE.py - {'step': '260400', 'lr': '0.0002', 'total_loss': '0.00809836', 'main_loss': '0.00809836', 'time_per_step': '2.2149'}
2026-01-21 19:28:13,023 - train_greyscale_FA_MoE.py - {'step': '260500', 'lr': '0.0002', 'total_loss': '0.0118411', 'main_loss': '0.0118411', 'time_per_step': '2.2239'}
2026-01-21 19:32:03,087 - train_greyscale_FA_MoE.py - {'step': '260600', 'lr': '0.0002', 'total_loss': '0.00658844', 'main_loss': '0.00658844', 'time_per_step': '2.2643'}
2026-01-21 19:35:52,423 - train_greyscale_FA_MoE.py - {'step': '260700', 'lr': '0.0002', 'total_loss': '0.00652848', 'main_loss': '0.00652848', 'time_per_step': '2.25326'}
2026-01-21 19:39:42,996 - train_greyscale_FA_MoE.py - {'step': '260800', 'lr': '0.0002', 'total_loss': '0.00943813', 'main_loss': '0.00943813', 'time_per_step': '2.21786'}
2026-01-21 19:43:31,581 - train_greyscale_FA_MoE.py - {'step': '260900', 'lr': '0.0002', 'total_loss': '0.00502949', 'main_loss': '0.00502949', 'time_per_step': '2.18253'}
2026-01-21 19:47:20,412 - train_greyscale_FA_MoE.py - {'step': '261000', 'lr': '0.0002', 'total_loss': '0.00538332', 'main_loss': '0.00538332', 'time_per_step': '2.233'}
2026-01-21 19:51:10,649 - train_greyscale_FA_MoE.py - {'step': '261100', 'lr': '0.0002', 'total_loss': '0.0115663', 'main_loss': '0.0115663', 'time_per_step': '2.21416'}
2026-01-21 19:54:59,717 - train_greyscale_FA_MoE.py - {'step': '261200', 'lr': '0.0002', 'total_loss': '0.0121728', 'main_loss': '0.0121728', 'time_per_step': '2.1967'}
2026-01-21 19:58:48,220 - train_greyscale_FA_MoE.py - {'step': '261300', 'lr': '0.0002', 'total_loss': '0.00803846', 'main_loss': '0.00803846', 'time_per_step': '2.11833'}
2026-01-21 20:02:38,047 - train_greyscale_FA_MoE.py - {'step': '261400', 'lr': '0.0002', 'total_loss': '0.0146358', 'main_loss': '0.0146358', 'time_per_step': '2.11826'}
2026-01-21 20:06:27,597 - train_greyscale_FA_MoE.py - {'step': '261500', 'lr': '0.0002', 'total_loss': '0.00859672', 'main_loss': '0.00859672', 'time_per_step': '2.24542'}
2026-01-21 20:10:17,135 - train_greyscale_FA_MoE.py - {'step': '261600', 'lr': '0.0002', 'total_loss': '0.00624409', 'main_loss': '0.00624409', 'time_per_step': '2.22911'}
2026-01-21 20:14:05,958 - train_greyscale_FA_MoE.py - {'step': '261700', 'lr': '0.0002', 'total_loss': '0.00751322', 'main_loss': '0.00751322', 'time_per_step': '2.22552'}
2026-01-21 20:17:56,543 - train_greyscale_FA_MoE.py - {'step': '261800', 'lr': '0.0002', 'total_loss': '0.0117711', 'main_loss': '0.0117711', 'time_per_step': '2.22085'}
2026-01-21 20:21:46,467 - train_greyscale_FA_MoE.py - {'step': '261900', 'lr': '0.0002', 'total_loss': '0.00842657', 'main_loss': '0.00842657', 'time_per_step': '2.22107'}
2026-01-21 20:25:36,451 - train_greyscale_FA_MoE.py - {'step': '262000', 'lr': '0.0002', 'total_loss': '0.00808292', 'main_loss': '0.00808292', 'time_per_step': '2.22202'}
2026-01-21 20:29:25,218 - train_greyscale_FA_MoE.py - {'step': '262100', 'lr': '0.0002', 'total_loss': '0.0102861', 'main_loss': '0.0102861', 'time_per_step': '2.2429'}
2026-01-21 20:33:14,662 - train_greyscale_FA_MoE.py - {'step': '262200', 'lr': '0.0002', 'total_loss': '0.00551045', 'main_loss': '0.00551045', 'time_per_step': '2.24342'}
2026-01-21 20:37:04,145 - train_greyscale_FA_MoE.py - {'step': '262300', 'lr': '0.0002', 'total_loss': '0.00779028', 'main_loss': '0.00779028', 'time_per_step': '2.27744'}
2026-01-21 20:40:54,151 - train_greyscale_FA_MoE.py - {'step': '262400', 'lr': '0.0002', 'total_loss': '0.00737576', 'main_loss': '0.00737576', 'time_per_step': '2.23467'}
2026-01-21 20:44:42,487 - train_greyscale_FA_MoE.py - {'step': '262500', 'lr': '0.0002', 'total_loss': '0.00939586', 'main_loss': '0.00939586', 'time_per_step': '2.11967'}
2026-01-21 20:48:31,517 - train_greyscale_FA_MoE.py - {'step': '262600', 'lr': '0.0002', 'total_loss': '0.0100072', 'main_loss': '0.0100072', 'time_per_step': '2.11739'}
2026-01-21 20:52:21,480 - train_greyscale_FA_MoE.py - {'step': '262700', 'lr': '0.0002', 'total_loss': '0.0108815', 'main_loss': '0.0108815', 'time_per_step': '2.21736'}
2026-01-21 20:56:11,521 - train_greyscale_FA_MoE.py - {'step': '262800', 'lr': '0.0002', 'total_loss': '0.00649775', 'main_loss': '0.00649775', 'time_per_step': '2.20214'}
2026-01-21 20:59:59,772 - train_greyscale_FA_MoE.py - {'step': '262900', 'lr': '0.0002', 'total_loss': '0.0081896', 'main_loss': '0.0081896', 'time_per_step': '2.2176'}
2026-01-21 21:03:48,708 - train_greyscale_FA_MoE.py - {'step': '263000', 'lr': '0.0002', 'total_loss': '0.010304', 'main_loss': '0.010304', 'time_per_step': '2.2133'}
2026-01-21 21:07:38,374 - train_greyscale_FA_MoE.py - {'step': '263100', 'lr': '0.0002', 'total_loss': '0.0122089', 'main_loss': '0.0122089', 'time_per_step': '2.22611'}
2026-01-21 21:11:28,105 - train_greyscale_FA_MoE.py - {'step': '263200', 'lr': '0.0002', 'total_loss': '0.00696614', 'main_loss': '0.00696614', 'time_per_step': '2.22052'}
2026-01-21 21:15:16,487 - train_greyscale_FA_MoE.py - {'step': '263300', 'lr': '0.0002', 'total_loss': '0.00823028', 'main_loss': '0.00823028', 'time_per_step': '2.21745'}
2026-01-21 21:19:06,075 - train_greyscale_FA_MoE.py - {'step': '263400', 'lr': '0.0002', 'total_loss': '0.00687495', 'main_loss': '0.00687495', 'time_per_step': '2.20933'}
2026-01-21 21:22:56,346 - train_greyscale_FA_MoE.py - {'step': '263500', 'lr': '0.0002', 'total_loss': '0.00870315', 'main_loss': '0.00870315', 'time_per_step': '2.27996'}
2026-01-21 21:26:46,243 - train_greyscale_FA_MoE.py - {'step': '263600', 'lr': '0.0002', 'total_loss': '0.00541834', 'main_loss': '0.00541834', 'time_per_step': '2.19473'}
2026-01-21 21:30:34,396 - train_greyscale_FA_MoE.py - {'step': '263700', 'lr': '0.0002', 'total_loss': '0.0087573', 'main_loss': '0.0087573', 'time_per_step': '2.16609'}
2026-01-21 21:34:23,399 - train_greyscale_FA_MoE.py - {'step': '263800', 'lr': '0.0002', 'total_loss': '0.00866685', 'main_loss': '0.00866685', 'time_per_step': '2.11713'}
2026-01-21 21:38:13,080 - train_greyscale_FA_MoE.py - {'step': '263900', 'lr': '0.0002', 'total_loss': '0.00587301', 'main_loss': '0.00587301', 'time_per_step': '2.22808'}
2026-01-21 21:42:03,539 - train_greyscale_FA_MoE.py - {'step': '264000', 'lr': '0.0002', 'total_loss': '0.00702391', 'main_loss': '0.00702391', 'time_per_step': '2.27232'}
2026-01-21 21:45:52,052 - train_greyscale_FA_MoE.py - {'step': '264100', 'lr': '0.0002', 'total_loss': '0.00848657', 'main_loss': '0.00848657', 'time_per_step': '2.34361'}
2026-01-21 21:49:41,751 - train_greyscale_FA_MoE.py - {'step': '264200', 'lr': '0.0002', 'total_loss': '0.00522661', 'main_loss': '0.00522661', 'time_per_step': '2.22332'}
2026-01-21 21:53:31,625 - train_greyscale_FA_MoE.py - {'step': '264300', 'lr': '0.0002', 'total_loss': '0.0100191', 'main_loss': '0.0100191', 'time_per_step': '2.17532'}
2026-01-21 21:57:21,905 - train_greyscale_FA_MoE.py - {'step': '264400', 'lr': '0.0002', 'total_loss': '0.00695807', 'main_loss': '0.00695807', 'time_per_step': '2.23242'}
2026-01-21 22:01:10,509 - train_greyscale_FA_MoE.py - {'step': '264500', 'lr': '0.0002', 'total_loss': '0.0110677', 'main_loss': '0.0110677', 'time_per_step': '2.17474'}
2026-01-21 22:05:00,451 - train_greyscale_FA_MoE.py - {'step': '264600', 'lr': '0.0002', 'total_loss': '0.00928496', 'main_loss': '0.00928496', 'time_per_step': '2.22646'}
2026-01-21 22:08:50,857 - train_greyscale_FA_MoE.py - {'step': '264700', 'lr': '0.0002', 'total_loss': '0.0104803', 'main_loss': '0.0104803', 'time_per_step': '2.24026'}
2026-01-21 22:12:40,507 - train_greyscale_FA_MoE.py - {'step': '264800', 'lr': '0.0002', 'total_loss': '0.00699101', 'main_loss': '0.00699101', 'time_per_step': '2.20686'}
2026-01-21 22:16:30,779 - train_greyscale_FA_MoE.py - {'step': '264900', 'lr': '0.0002', 'total_loss': '0.00752891', 'main_loss': '0.00752891', 'time_per_step': '2.1209'}
2026-01-21 22:20:17,663 - train_greyscale_FA_MoE.py - {'step': '265000', 'lr': '0.0002', 'total_loss': '0.00857815', 'main_loss': '0.00857815', 'time_per_step': '2.11611'}
2026-01-21 22:24:06,292 - train_greyscale_FA_MoE.py - {'step': '265100', 'lr': '0.0002', 'total_loss': '0.0100423', 'main_loss': '0.0100423', 'time_per_step': '2.18252'}
2026-01-21 22:27:55,607 - train_greyscale_FA_MoE.py - {'step': '265200', 'lr': '0.0002', 'total_loss': '0.00633011', 'main_loss': '0.00633011', 'time_per_step': '2.2043'}
2026-01-21 22:31:44,305 - train_greyscale_FA_MoE.py - {'step': '265300', 'lr': '0.0002', 'total_loss': '0.00753536', 'main_loss': '0.00753536', 'time_per_step': '2.22592'}
2026-01-21 22:35:32,738 - train_greyscale_FA_MoE.py - {'step': '265400', 'lr': '0.0002', 'total_loss': '0.00646981', 'main_loss': '0.00646981', 'time_per_step': '2.26693'}
2026-01-21 22:39:22,011 - train_greyscale_FA_MoE.py - {'step': '265500', 'lr': '0.0002', 'total_loss': '0.0102326', 'main_loss': '0.0102326', 'time_per_step': '2.25292'}
2026-01-21 22:43:12,290 - train_greyscale_FA_MoE.py - {'step': '265600', 'lr': '0.0002', 'total_loss': '0.00886682', 'main_loss': '0.00886682', 'time_per_step': '2.1806'}
2026-01-21 22:47:02,606 - train_greyscale_FA_MoE.py - {'step': '265700', 'lr': '0.0002', 'total_loss': '0.0122905', 'main_loss': '0.0122905', 'time_per_step': '2.28766'}
2026-01-21 22:50:50,976 - train_greyscale_FA_MoE.py - {'step': '265800', 'lr': '0.0002', 'total_loss': '0.00833698', 'main_loss': '0.00833698', 'time_per_step': '2.25084'}
2026-01-21 22:54:39,995 - train_greyscale_FA_MoE.py - {'step': '265900', 'lr': '0.0002', 'total_loss': '0.00576427', 'main_loss': '0.00576427', 'time_per_step': '2.25815'}
2026-01-21 22:58:30,179 - train_greyscale_FA_MoE.py - {'step': '266000', 'lr': '0.0002', 'total_loss': '0.00595221', 'main_loss': '0.00595221', 'time_per_step': '2.2206'}
2026-01-21 23:02:19,519 - train_greyscale_FA_MoE.py - {'step': '266100', 'lr': '0.0002', 'total_loss': '0.00904999', 'main_loss': '0.00904999', 'time_per_step': '2.11889'}
2026-01-21 23:06:07,559 - train_greyscale_FA_MoE.py - {'step': '266200', 'lr': '0.0002', 'total_loss': '0.00738263', 'main_loss': '0.00738263', 'time_per_step': '2.11792'}
2026-01-21 23:09:57,699 - train_greyscale_FA_MoE.py - {'step': '266300', 'lr': '0.0002', 'total_loss': '0.00698733', 'main_loss': '0.00698733', 'time_per_step': '2.23953'}
2026-01-21 23:13:47,553 - train_greyscale_FA_MoE.py - {'step': '266400', 'lr': '0.0002', 'total_loss': '0.0105199', 'main_loss': '0.0105199', 'time_per_step': '2.25969'}
2026-01-21 23:17:38,273 - train_greyscale_FA_MoE.py - {'step': '266500', 'lr': '0.0002', 'total_loss': '0.00968536', 'main_loss': '0.00968536', 'time_per_step': '2.20157'}
2026-01-21 23:21:26,891 - train_greyscale_FA_MoE.py - {'step': '266600', 'lr': '0.0002', 'total_loss': '0.00757221', 'main_loss': '0.00757221', 'time_per_step': '2.23806'}
2026-01-21 23:25:16,250 - train_greyscale_FA_MoE.py - {'step': '266700', 'lr': '0.0002', 'total_loss': '0.0101645', 'main_loss': '0.0101645', 'time_per_step': '2.23972'}
2026-01-21 23:29:05,746 - train_greyscale_FA_MoE.py - {'step': '266800', 'lr': '0.0002', 'total_loss': '0.00646983', 'main_loss': '0.00646983', 'time_per_step': '2.22295'}
2026-01-21 23:32:55,152 - train_greyscale_FA_MoE.py - {'step': '266900', 'lr': '0.0002', 'total_loss': '0.00935959', 'main_loss': '0.00935959', 'time_per_step': '2.37703'}
2026-01-21 23:36:43,888 - train_greyscale_FA_MoE.py - {'step': '267000', 'lr': '0.0002', 'total_loss': '0.00732014', 'main_loss': '0.00732014', 'time_per_step': '2.23119'}
2026-01-21 23:40:34,150 - train_greyscale_FA_MoE.py - {'step': '267100', 'lr': '0.0002', 'total_loss': '0.00848028', 'main_loss': '0.00848028', 'time_per_step': '2.29914'}
2026-01-21 23:44:22,986 - train_greyscale_FA_MoE.py - {'step': '267200', 'lr': '0.0002', 'total_loss': '0.0105516', 'main_loss': '0.0105516', 'time_per_step': '2.24251'}
2026-01-21 23:48:12,216 - train_greyscale_FA_MoE.py - {'step': '267300', 'lr': '0.0002', 'total_loss': '0.00962315', 'main_loss': '0.00962315', 'time_per_step': '2.11785'}
2026-01-21 23:52:00,322 - train_greyscale_FA_MoE.py - {'step': '267400', 'lr': '0.0002', 'total_loss': '0.00865554', 'main_loss': '0.00865554', 'time_per_step': '2.11795'}
2026-01-21 23:55:50,970 - train_greyscale_FA_MoE.py - {'step': '267500', 'lr': '0.0002', 'total_loss': '0.00711433', 'main_loss': '0.00711433', 'time_per_step': '2.24887'}
2026-01-21 23:59:39,828 - train_greyscale_FA_MoE.py - {'step': '267600', 'lr': '0.0002', 'total_loss': '0.011036', 'main_loss': '0.011036', 'time_per_step': '2.234'}
2026-01-22 00:03:29,417 - train_greyscale_FA_MoE.py - {'step': '267700', 'lr': '0.0002', 'total_loss': '0.00829696', 'main_loss': '0.00829696', 'time_per_step': '2.23664'}
2026-01-22 00:07:17,803 - train_greyscale_FA_MoE.py - {'step': '267800', 'lr': '0.0002', 'total_loss': '0.00805766', 'main_loss': '0.00805766', 'time_per_step': '2.24017'}
2026-01-22 00:11:07,895 - train_greyscale_FA_MoE.py - {'step': '267900', 'lr': '0.0002', 'total_loss': '0.00825979', 'main_loss': '0.00825979', 'time_per_step': '2.231'}
2026-01-22 00:14:57,108 - train_greyscale_FA_MoE.py - {'step': '268000', 'lr': '0.0002', 'total_loss': '0.00884757', 'main_loss': '0.00884757', 'time_per_step': '2.27329'}
2026-01-22 00:18:46,712 - train_greyscale_FA_MoE.py - {'step': '268100', 'lr': '0.0002', 'total_loss': '0.0115796', 'main_loss': '0.0115796', 'time_per_step': '2.23451'}
2026-01-22 00:22:35,264 - train_greyscale_FA_MoE.py - {'step': '268200', 'lr': '0.0002', 'total_loss': '0.00859941', 'main_loss': '0.00859941', 'time_per_step': '2.1918'}
2026-01-22 00:26:24,296 - train_greyscale_FA_MoE.py - {'step': '268300', 'lr': '0.0002', 'total_loss': '0.00841683', 'main_loss': '0.00841683', 'time_per_step': '2.22741'}
2026-01-22 00:30:14,118 - train_greyscale_FA_MoE.py - {'step': '268400', 'lr': '0.0002', 'total_loss': '0.00966226', 'main_loss': '0.00966226', 'time_per_step': '2.21894'}
2026-01-22 00:34:03,499 - train_greyscale_FA_MoE.py - {'step': '268500', 'lr': '0.0002', 'total_loss': '0.0112086', 'main_loss': '0.0112086', 'time_per_step': '2.16736'}
2026-01-22 00:37:51,719 - train_greyscale_FA_MoE.py - {'step': '268600', 'lr': '0.0002', 'total_loss': '0.00971656', 'main_loss': '0.00971656', 'time_per_step': '2.31124'}
2026-01-22 00:41:42,095 - train_greyscale_FA_MoE.py - {'step': '268700', 'lr': '0.0002', 'total_loss': '0.00777448', 'main_loss': '0.00777448', 'time_per_step': '2.22276'}
2026-01-22 00:45:31,371 - train_greyscale_FA_MoE.py - {'step': '268800', 'lr': '0.0002', 'total_loss': '0.00674013', 'main_loss': '0.00674013', 'time_per_step': '2.22364'}
2026-01-22 00:49:21,838 - train_greyscale_FA_MoE.py - {'step': '268900', 'lr': '0.0002', 'total_loss': '0.0124462', 'main_loss': '0.0124462', 'time_per_step': '2.26608'}
2026-01-22 00:53:10,296 - train_greyscale_FA_MoE.py - {'step': '269000', 'lr': '0.0002', 'total_loss': '0.00932014', 'main_loss': '0.00932014', 'time_per_step': '2.22166'}
2026-01-22 00:56:59,331 - train_greyscale_FA_MoE.py - {'step': '269100', 'lr': '0.0002', 'total_loss': '0.00969167', 'main_loss': '0.00969167', 'time_per_step': '2.21985'}
2026-01-22 01:00:49,392 - train_greyscale_FA_MoE.py - {'step': '269200', 'lr': '0.0002', 'total_loss': '0.00990782', 'main_loss': '0.00990782', 'time_per_step': '2.25095'}
2026-01-22 01:04:38,718 - train_greyscale_FA_MoE.py - {'step': '269300', 'lr': '0.0002', 'total_loss': '0.00509053', 'main_loss': '0.00509053', 'time_per_step': '2.23598'}
2026-01-22 01:08:26,862 - train_greyscale_FA_MoE.py - {'step': '269400', 'lr': '0.0002', 'total_loss': '0.00690341', 'main_loss': '0.00690341', 'time_per_step': '2.2048'}
2026-01-22 01:12:15,892 - train_greyscale_FA_MoE.py - {'step': '269500', 'lr': '0.0002', 'total_loss': '0.0081681', 'main_loss': '0.0081681', 'time_per_step': '2.25103'}
2026-01-22 01:16:05,523 - train_greyscale_FA_MoE.py - {'step': '269600', 'lr': '0.0002', 'total_loss': '0.00934292', 'main_loss': '0.00934292', 'time_per_step': '2.2287'}
2026-01-22 01:19:55,110 - train_greyscale_FA_MoE.py - {'step': '269700', 'lr': '0.0002', 'total_loss': '0.00777524', 'main_loss': '0.00777524', 'time_per_step': '2.11935'}
2026-01-22 01:23:43,133 - train_greyscale_FA_MoE.py - {'step': '269800', 'lr': '0.0002', 'total_loss': '0.00549187', 'main_loss': '0.00549187', 'time_per_step': '2.11757'}
2026-01-22 01:27:33,579 - train_greyscale_FA_MoE.py - {'step': '269900', 'lr': '0.0002', 'total_loss': '0.00772573', 'main_loss': '0.00772573', 'time_per_step': '2.30419'}
2026-01-22 01:31:23,185 - train_greyscale_FA_MoE.py - {'step': '270000', 'lr': '0.0002', 'total_loss': '0.00456372', 'main_loss': '0.00456372', 'time_per_step': '2.2566'}
2026-01-22 01:35:12,907 - train_greyscale_FA_MoE.py - {'step': '270100', 'lr': '0.0002', 'total_loss': '0.0117725', 'main_loss': '0.0117725', 'time_per_step': '2.21424'}
2026-01-22 01:39:01,529 - train_greyscale_FA_MoE.py - {'step': '270200', 'lr': '0.0002', 'total_loss': '0.00665215', 'main_loss': '0.00665215', 'time_per_step': '2.22452'}
2026-01-22 01:42:51,424 - train_greyscale_FA_MoE.py - {'step': '270300', 'lr': '0.0002', 'total_loss': '0.00991402', 'main_loss': '0.00991402', 'time_per_step': '2.33678'}
2026-01-22 01:46:41,431 - train_greyscale_FA_MoE.py - {'step': '270400', 'lr': '0.0002', 'total_loss': '0.00567311', 'main_loss': '0.00567311', 'time_per_step': '2.1855'}
2026-01-22 01:50:31,100 - train_greyscale_FA_MoE.py - {'step': '270500', 'lr': '0.0002', 'total_loss': '0.0135386', 'main_loss': '0.0135386', 'time_per_step': '2.24363'}
2026-01-22 01:54:19,798 - train_greyscale_FA_MoE.py - {'step': '270600', 'lr': '0.0002', 'total_loss': '0.0106576', 'main_loss': '0.0106576', 'time_per_step': '2.24172'}
2026-01-22 01:58:09,422 - train_greyscale_FA_MoE.py - {'step': '270700', 'lr': '0.0002', 'total_loss': '0.00591274', 'main_loss': '0.00591274', 'time_per_step': '2.1854'}
2026-01-22 02:01:59,177 - train_greyscale_FA_MoE.py - {'step': '270800', 'lr': '0.0002', 'total_loss': '0.00665939', 'main_loss': '0.00665939', 'time_per_step': '2.23263'}
2026-01-22 02:05:48,965 - train_greyscale_FA_MoE.py - {'step': '270900', 'lr': '0.0002', 'total_loss': '0.00618881', 'main_loss': '0.00618881', 'time_per_step': '2.11962'}
2026-01-22 02:09:38,104 - train_greyscale_FA_MoE.py - {'step': '271000', 'lr': '0.0002', 'total_loss': '0.00992794', 'main_loss': '0.00992794', 'time_per_step': '2.12086'}
2026-01-22 02:13:27,381 - train_greyscale_FA_MoE.py - {'step': '271100', 'lr': '0.0002', 'total_loss': '0.00631341', 'main_loss': '0.00631341', 'time_per_step': '2.2218'}
2026-01-22 02:17:18,209 - train_greyscale_FA_MoE.py - {'step': '271200', 'lr': '0.0002', 'total_loss': '0.00826302', 'main_loss': '0.00826302', 'time_per_step': '2.19673'}
2026-01-22 02:21:07,777 - train_greyscale_FA_MoE.py - {'step': '271300', 'lr': '0.0002', 'total_loss': '0.00649309', 'main_loss': '0.00649309', 'time_per_step': '2.22368'}
2026-01-22 02:24:57,059 - train_greyscale_FA_MoE.py - {'step': '271400', 'lr': '0.0002', 'total_loss': '0.00505234', 'main_loss': '0.00505234', 'time_per_step': '2.28734'}
2026-01-22 02:28:45,433 - train_greyscale_FA_MoE.py - {'step': '271500', 'lr': '0.0002', 'total_loss': '0.0112887', 'main_loss': '0.0112887', 'time_per_step': '2.21822'}
2026-01-22 02:32:34,641 - train_greyscale_FA_MoE.py - {'step': '271600', 'lr': '0.0002', 'total_loss': '0.00854117', 'main_loss': '0.00854117', 'time_per_step': '2.22338'}
2026-01-22 02:36:24,616 - train_greyscale_FA_MoE.py - {'step': '271700', 'lr': '0.0002', 'total_loss': '0.00865913', 'main_loss': '0.00865913', 'time_per_step': '2.25385'}
2026-01-22 02:40:14,801 - train_greyscale_FA_MoE.py - {'step': '271800', 'lr': '0.0002', 'total_loss': '0.0111074', 'main_loss': '0.0111074', 'time_per_step': '2.2273'}
2026-01-22 02:44:03,200 - train_greyscale_FA_MoE.py - {'step': '271900', 'lr': '0.0002', 'total_loss': '0.00773496', 'main_loss': '0.00773496', 'time_per_step': '2.27357'}
2026-01-22 02:47:53,137 - train_greyscale_FA_MoE.py - {'step': '272000', 'lr': '0.0002', 'total_loss': '0.0104296', 'main_loss': '0.0104296', 'time_per_step': '2.19715'}
2026-01-22 02:51:43,389 - train_greyscale_FA_MoE.py - {'step': '272100', 'lr': '0.0002', 'total_loss': '0.00850146', 'main_loss': '0.00850146', 'time_per_step': '2.1182'}
2026-01-22 02:55:33,389 - train_greyscale_FA_MoE.py - {'step': '272200', 'lr': '0.0002', 'total_loss': '0.00678109', 'main_loss': '0.00678109', 'time_per_step': '2.18454'}
2026-01-22 02:59:22,483 - train_greyscale_FA_MoE.py - {'step': '272300', 'lr': '0.0002', 'total_loss': '0.00757216', 'main_loss': '0.00757216', 'time_per_step': '2.21947'}
2026-01-22 03:03:12,524 - train_greyscale_FA_MoE.py - {'step': '272400', 'lr': '0.0002', 'total_loss': '0.00745122', 'main_loss': '0.00745122', 'time_per_step': '2.20261'}
2026-01-22 03:07:02,683 - train_greyscale_FA_MoE.py - {'step': '272500', 'lr': '0.0002', 'total_loss': '0.0085927', 'main_loss': '0.0085927', 'time_per_step': '2.28282'}
2026-01-22 03:10:52,527 - train_greyscale_FA_MoE.py - {'step': '272600', 'lr': '0.0002', 'total_loss': '0.00702514', 'main_loss': '0.00702514', 'time_per_step': '2.20544'}
2026-01-22 03:14:41,139 - train_greyscale_FA_MoE.py - {'step': '272700', 'lr': '0.0002', 'total_loss': '0.00625991', 'main_loss': '0.00625991', 'time_per_step': '2.22976'}
2026-01-22 03:18:31,394 - train_greyscale_FA_MoE.py - {'step': '272800', 'lr': '0.0002', 'total_loss': '0.00640042', 'main_loss': '0.00640042', 'time_per_step': '2.22996'}
2026-01-22 03:22:21,422 - train_greyscale_FA_MoE.py - {'step': '272900', 'lr': '0.0002', 'total_loss': '0.0103962', 'main_loss': '0.0103962', 'time_per_step': '2.23864'}
2026-01-22 03:26:10,450 - train_greyscale_FA_MoE.py - {'step': '273000', 'lr': '0.0002', 'total_loss': '0.00951988', 'main_loss': '0.00951988', 'time_per_step': '2.23595'}
2026-01-22 03:29:58,752 - train_greyscale_FA_MoE.py - {'step': '273100', 'lr': '0.0002', 'total_loss': '0.0101172', 'main_loss': '0.0101172', 'time_per_step': '2.20561'}
2026-01-22 03:33:48,526 - train_greyscale_FA_MoE.py - {'step': '273200', 'lr': '0.0002', 'total_loss': '0.00568562', 'main_loss': '0.00568562', 'time_per_step': '2.24989'}
2026-01-22 03:37:38,008 - train_greyscale_FA_MoE.py - {'step': '273300', 'lr': '0.0002', 'total_loss': '0.00904783', 'main_loss': '0.00904783', 'time_per_step': '2.10321'}
2026-01-22 03:41:26,657 - train_greyscale_FA_MoE.py - {'step': '273400', 'lr': '0.0002', 'total_loss': '0.0115176', 'main_loss': '0.0115176', 'time_per_step': '2.10464'}
2026-01-22 03:45:15,677 - train_greyscale_FA_MoE.py - {'step': '273500', 'lr': '0.0002', 'total_loss': '0.00779087', 'main_loss': '0.00779087', 'time_per_step': '2.26071'}
2026-01-22 03:49:05,544 - train_greyscale_FA_MoE.py - {'step': '273600', 'lr': '0.0002', 'total_loss': '0.00582065', 'main_loss': '0.00582065', 'time_per_step': '2.23152'}
2026-01-22 03:52:54,991 - train_greyscale_FA_MoE.py - {'step': '273700', 'lr': '0.0002', 'total_loss': '0.00923442', 'main_loss': '0.00923442', 'time_per_step': '2.22027'}
2026-01-22 03:56:44,729 - train_greyscale_FA_MoE.py - {'step': '273800', 'lr': '0.0002', 'total_loss': '0.0112974', 'main_loss': '0.0112974', 'time_per_step': '2.19424'}
2026-01-22 04:00:33,022 - train_greyscale_FA_MoE.py - {'step': '273900', 'lr': '0.0002', 'total_loss': '0.00860069', 'main_loss': '0.00860069', 'time_per_step': '2.26958'}
2026-01-22 04:04:23,028 - train_greyscale_FA_MoE.py - {'step': '274000', 'lr': '0.0002', 'total_loss': '0.00764436', 'main_loss': '0.00764436', 'time_per_step': '2.25354'}
2026-01-22 04:08:12,414 - train_greyscale_FA_MoE.py - {'step': '274100', 'lr': '0.0002', 'total_loss': '0.00920371', 'main_loss': '0.00920371', 'time_per_step': '2.24117'}
2026-01-22 04:12:02,104 - train_greyscale_FA_MoE.py - {'step': '274200', 'lr': '0.0002', 'total_loss': '0.0118655', 'main_loss': '0.0118655', 'time_per_step': '2.206'}
2026-01-22 04:15:51,466 - train_greyscale_FA_MoE.py - {'step': '274300', 'lr': '0.0002', 'total_loss': '0.00888782', 'main_loss': '0.00888782', 'time_per_step': '2.28152'}
2026-01-22 04:19:41,634 - train_greyscale_FA_MoE.py - {'step': '274400', 'lr': '0.0002', 'total_loss': '0.00784823', 'main_loss': '0.00784823', 'time_per_step': '2.2616'}
2026-01-22 04:23:31,159 - train_greyscale_FA_MoE.py - {'step': '274500', 'lr': '0.0002', 'total_loss': '0.00778975', 'main_loss': '0.00778975', 'time_per_step': '2.10184'}
2026-01-22 04:27:20,392 - train_greyscale_FA_MoE.py - {'step': '274600', 'lr': '0.0002', 'total_loss': '0.00513431', 'main_loss': '0.00513431', 'time_per_step': '2.11984'}
2026-01-22 04:31:10,128 - train_greyscale_FA_MoE.py - {'step': '274700', 'lr': '0.0002', 'total_loss': '0.00646899', 'main_loss': '0.00646899', 'time_per_step': '2.22409'}
2026-01-22 04:34:59,764 - train_greyscale_FA_MoE.py - {'step': '274800', 'lr': '0.0002', 'total_loss': '0.00920556', 'main_loss': '0.00920556', 'time_per_step': '2.23405'}
2026-01-22 04:38:49,573 - train_greyscale_FA_MoE.py - {'step': '274900', 'lr': '0.0002', 'total_loss': '0.00469754', 'main_loss': '0.00469754', 'time_per_step': '2.21867'}
2026-01-22 04:42:39,778 - train_greyscale_FA_MoE.py - {'step': '275000', 'lr': '0.0002', 'total_loss': '0.00601876', 'main_loss': '0.00601876', 'time_per_step': '2.22672'}
2026-01-22 04:42:39,787 - train_greyscale_FA_MoE.py - Saved expert distribution of layer in_block_0 to output_shift_fa/acdc_wholeheart_uncond_fa_ec_moe_greyscale_uvit_mid_4by4_l6r9_low16_Y_bound/samples/expert_distribution_in_block_0_step275000.npy
2026-01-22 04:42:41,471 - train_greyscale_FA_MoE.py - Saved expert distribution of layer out_block_7 to output_shift_fa/acdc_wholeheart_uncond_fa_ec_moe_greyscale_uvit_mid_4by4_l6r9_low16_Y_bound/samples/expert_distribution_out_block_7_step275000.npy
2026-01-22 04:42:42,896 - train_greyscale_FA_MoE.py - Save a grid of 16 samples into output_shift_fa/acdc_wholeheart_uncond_fa_ec_moe_greyscale_uvit_mid_4by4_l6r9_low16_Y_bound/samples/275000.png by DPM-Solver
2026-01-22 04:42:48,412 - train_greyscale_FA_MoE.py - Finished saving sample grid to output_shift_fa/acdc_wholeheart_uncond_fa_ec_moe_greyscale_uvit_mid_4by4_l6r9_low16_Y_bound/samples/275000.png by DPM-Solver.
2026-01-22 04:42:48,467 - train_greyscale_FA_MoE.py - Save and eval checkpoint 275000...
2026-01-22 04:42:50,870 - train_greyscale_FA_MoE.py - eval_step: n_samples=50000, sample_steps=50, algorithm=dpm_solver, mini_batch_size=500, samples save into output_shift_fa/acdc_wholeheart_uncond_fa_ec_moe_greyscale_uvit_mid_4by4_l6r9_low16_Y_bound/samples/acdc_wholeheart_uncond_uvit_FA_EC_MoE_greyscale_mid_4by4_low16_275000_dpm
2026-01-22 05:33:05,442 - train_greyscale_FA_MoE.py - step=275000 fid50000=12.545516957668895
2026-01-22 05:37:08,107 - is_lpips.py - LPIPS: 0.5138 ± 0.0500
2026-01-22 05:37:08,112 - train_greyscale_FA_MoE.py - step=275000 LPIPS50000=0.5138337514377745
2026-01-22 05:41:43,876 - train_greyscale_FA_MoE.py - {'step': '275100', 'lr': '0.0002', 'total_loss': '0.0086137', 'main_loss': '0.0086137', 'time_per_step': '2.24338'}
2026-01-22 05:45:33,534 - train_greyscale_FA_MoE.py - {'step': '275200', 'lr': '0.0002', 'total_loss': '0.00891349', 'main_loss': '0.00891349', 'time_per_step': '2.32107'}
2026-01-22 05:49:23,681 - train_greyscale_FA_MoE.py - {'step': '275300', 'lr': '0.0002', 'total_loss': '0.0104302', 'main_loss': '0.0104302', 'time_per_step': '2.24978'}
2026-01-22 05:53:12,977 - train_greyscale_FA_MoE.py - {'step': '275400', 'lr': '0.0002', 'total_loss': '0.0102732', 'main_loss': '0.0102732', 'time_per_step': '2.23207'}
2026-01-22 05:57:01,217 - train_greyscale_FA_MoE.py - {'step': '275500', 'lr': '0.0002', 'total_loss': '0.00990956', 'main_loss': '0.00990956', 'time_per_step': '2.23064'}
2026-01-22 06:00:50,509 - train_greyscale_FA_MoE.py - {'step': '275600', 'lr': '0.0002', 'total_loss': '0.0112421', 'main_loss': '0.0112421', 'time_per_step': '2.22153'}
2026-01-22 06:04:40,440 - train_greyscale_FA_MoE.py - {'step': '275700', 'lr': '0.0002', 'total_loss': '0.0102099', 'main_loss': '0.0102099', 'time_per_step': '2.11308'}
2026-01-22 06:08:29,034 - train_greyscale_FA_MoE.py - {'step': '275800', 'lr': '0.0002', 'total_loss': '0.0111376', 'main_loss': '0.0111376', 'time_per_step': '2.11744'}
2026-01-22 06:12:17,911 - train_greyscale_FA_MoE.py - {'step': '275900', 'lr': '0.0002', 'total_loss': '0.00708465', 'main_loss': '0.00708465', 'time_per_step': '2.21962'}
2026-01-22 06:16:07,590 - train_greyscale_FA_MoE.py - {'step': '276000', 'lr': '0.0002', 'total_loss': '0.00977335', 'main_loss': '0.00977335', 'time_per_step': '2.22086'}
2026-01-22 06:19:57,404 - train_greyscale_FA_MoE.py - {'step': '276100', 'lr': '0.0002', 'total_loss': '0.0119272', 'main_loss': '0.0119272', 'time_per_step': '2.22161'}
2026-01-22 06:23:47,670 - train_greyscale_FA_MoE.py - {'step': '276200', 'lr': '0.0002', 'total_loss': '0.00723173', 'main_loss': '0.00723173', 'time_per_step': '2.20397'}
2026-01-22 06:27:36,452 - train_greyscale_FA_MoE.py - {'step': '276300', 'lr': '0.0002', 'total_loss': '0.00787637', 'main_loss': '0.00787637', 'time_per_step': '2.21595'}
2026-01-22 06:31:25,222 - train_greyscale_FA_MoE.py - {'step': '276400', 'lr': '0.0002', 'total_loss': '0.00943801', 'main_loss': '0.00943801', 'time_per_step': '2.22394'}
2026-01-22 06:35:15,124 - train_greyscale_FA_MoE.py - {'step': '276500', 'lr': '0.0002', 'total_loss': '0.00767123', 'main_loss': '0.00767123', 'time_per_step': '2.24844'}
2026-01-22 06:39:05,362 - train_greyscale_FA_MoE.py - {'step': '276600', 'lr': '0.0002', 'total_loss': '0.0087715', 'main_loss': '0.0087715', 'time_per_step': '2.22234'}
2026-01-22 06:42:55,070 - train_greyscale_FA_MoE.py - {'step': '276700', 'lr': '0.0002', 'total_loss': '0.00655373', 'main_loss': '0.00655373', 'time_per_step': '2.22743'}
2026-01-22 06:46:44,388 - train_greyscale_FA_MoE.py - {'step': '276800', 'lr': '0.0002', 'total_loss': '0.00792016', 'main_loss': '0.00792016', 'time_per_step': '2.21353'}
2026-01-22 06:50:33,854 - train_greyscale_FA_MoE.py - {'step': '276900', 'lr': '0.0002', 'total_loss': '0.00620243', 'main_loss': '0.00620243', 'time_per_step': '2.20362'}
2026-01-22 06:54:23,876 - train_greyscale_FA_MoE.py - {'step': '277000', 'lr': '0.0002', 'total_loss': '0.00823979', 'main_loss': '0.00823979', 'time_per_step': '2.13325'}
2026-01-22 06:58:13,050 - train_greyscale_FA_MoE.py - {'step': '277100', 'lr': '0.0002', 'total_loss': '0.00821732', 'main_loss': '0.00821732', 'time_per_step': '2.25812'}
2026-01-22 07:02:03,094 - train_greyscale_FA_MoE.py - {'step': '277200', 'lr': '0.0002', 'total_loss': '0.00902368', 'main_loss': '0.00902368', 'time_per_step': '2.2584'}
2026-01-22 07:05:52,316 - train_greyscale_FA_MoE.py - {'step': '277300', 'lr': '0.0002', 'total_loss': '0.0110075', 'main_loss': '0.0110075', 'time_per_step': '2.23365'}
2026-01-22 07:09:42,195 - train_greyscale_FA_MoE.py - {'step': '277400', 'lr': '0.0002', 'total_loss': '0.00739817', 'main_loss': '0.00739817', 'time_per_step': '2.24543'}
2026-01-22 07:13:30,673 - train_greyscale_FA_MoE.py - {'step': '277500', 'lr': '0.0002', 'total_loss': '0.00910305', 'main_loss': '0.00910305', 'time_per_step': '2.23328'}
2026-01-22 07:17:20,310 - train_greyscale_FA_MoE.py - {'step': '277600', 'lr': '0.0002', 'total_loss': '0.00653361', 'main_loss': '0.00653361', 'time_per_step': '2.21393'}
2026-01-22 07:21:10,240 - train_greyscale_FA_MoE.py - {'step': '277700', 'lr': '0.0002', 'total_loss': '0.0064636', 'main_loss': '0.0064636', 'time_per_step': '2.21693'}
2026-01-22 07:24:59,586 - train_greyscale_FA_MoE.py - {'step': '277800', 'lr': '0.0002', 'total_loss': '0.00801832', 'main_loss': '0.00801832', 'time_per_step': '2.2302'}
2026-01-22 07:28:49,667 - train_greyscale_FA_MoE.py - {'step': '277900', 'lr': '0.0002', 'total_loss': '0.0102637', 'main_loss': '0.0102637', 'time_per_step': '3.58417'}
2026-01-22 07:32:38,060 - train_greyscale_FA_MoE.py - {'step': '278000', 'lr': '0.0002', 'total_loss': '0.00980114', 'main_loss': '0.00980114', 'time_per_step': '2.20877'}
2026-01-22 07:36:27,023 - train_greyscale_FA_MoE.py - {'step': '278100', 'lr': '0.0002', 'total_loss': '0.00816902', 'main_loss': '0.00816902', 'time_per_step': '2.12537'}
2026-01-22 07:40:16,848 - train_greyscale_FA_MoE.py - {'step': '278200', 'lr': '0.0002', 'total_loss': '0.00643172', 'main_loss': '0.00643172', 'time_per_step': '2.1163'}
2026-01-22 07:44:06,611 - train_greyscale_FA_MoE.py - {'step': '278300', 'lr': '0.0002', 'total_loss': '0.00622577', 'main_loss': '0.00622577', 'time_per_step': '2.21626'}
2026-01-22 07:47:54,687 - train_greyscale_FA_MoE.py - {'step': '278400', 'lr': '0.0002', 'total_loss': '0.00945457', 'main_loss': '0.00945457', 'time_per_step': '2.20943'}
2026-01-22 07:51:43,820 - train_greyscale_FA_MoE.py - {'step': '278500', 'lr': '0.0002', 'total_loss': '0.00578266', 'main_loss': '0.00578266', 'time_per_step': '2.22883'}
2026-01-22 07:55:33,786 - train_greyscale_FA_MoE.py - {'step': '278600', 'lr': '0.0002', 'total_loss': '0.00977045', 'main_loss': '0.00977045', 'time_per_step': '2.27111'}
2026-01-22 07:59:23,048 - train_greyscale_FA_MoE.py - {'step': '278700', 'lr': '0.0002', 'total_loss': '0.00896553', 'main_loss': '0.00896553', 'time_per_step': '2.18094'}
2026-01-22 08:03:11,544 - train_greyscale_FA_MoE.py - {'step': '278800', 'lr': '0.0002', 'total_loss': '0.00632292', 'main_loss': '0.00632292', 'time_per_step': '2.22355'}
2026-01-22 08:07:01,161 - train_greyscale_FA_MoE.py - {'step': '278900', 'lr': '0.0002', 'total_loss': '0.00890938', 'main_loss': '0.00890938', 'time_per_step': '2.2179'}
2026-01-22 08:10:51,159 - train_greyscale_FA_MoE.py - {'step': '279000', 'lr': '0.0002', 'total_loss': '0.00632532', 'main_loss': '0.00632532', 'time_per_step': '2.28133'}
2026-01-22 08:14:40,645 - train_greyscale_FA_MoE.py - {'step': '279100', 'lr': '0.0002', 'total_loss': '0.0058801', 'main_loss': '0.0058801', 'time_per_step': '2.21719'}
2026-01-22 08:18:29,641 - train_greyscale_FA_MoE.py - {'step': '279200', 'lr': '0.0002', 'total_loss': '0.00882093', 'main_loss': '0.00882093', 'time_per_step': '2.20968'}
2026-01-22 08:22:19,216 - train_greyscale_FA_MoE.py - {'step': '279300', 'lr': '0.0002', 'total_loss': '0.00656696', 'main_loss': '0.00656696', 'time_per_step': '2.11769'}
2026-01-22 08:26:08,078 - train_greyscale_FA_MoE.py - {'step': '279400', 'lr': '0.0002', 'total_loss': '0.0102515', 'main_loss': '0.0102515', 'time_per_step': '2.11737'}
2026-01-22 08:29:58,930 - train_greyscale_FA_MoE.py - {'step': '279500', 'lr': '0.0002', 'total_loss': '0.00556072', 'main_loss': '0.00556072', 'time_per_step': '2.22316'}
2026-01-22 08:33:47,178 - train_greyscale_FA_MoE.py - {'step': '279600', 'lr': '0.0002', 'total_loss': '0.00857702', 'main_loss': '0.00857702', 'time_per_step': '2.18935'}
2026-01-22 08:37:36,411 - train_greyscale_FA_MoE.py - {'step': '279700', 'lr': '0.0002', 'total_loss': '0.0094156', 'main_loss': '0.0094156', 'time_per_step': '2.26767'}
2026-01-22 08:41:26,518 - train_greyscale_FA_MoE.py - {'step': '279800', 'lr': '0.0002', 'total_loss': '0.0124136', 'main_loss': '0.0124136', 'time_per_step': '2.22227'}
2026-01-22 08:45:16,027 - train_greyscale_FA_MoE.py - {'step': '279900', 'lr': '0.0002', 'total_loss': '0.0113456', 'main_loss': '0.0113456', 'time_per_step': '2.24388'}
2026-01-22 08:49:04,886 - train_greyscale_FA_MoE.py - {'step': '280000', 'lr': '0.0002', 'total_loss': '0.00773829', 'main_loss': '0.00773829', 'time_per_step': '2.2297'}
2026-01-22 08:52:54,737 - train_greyscale_FA_MoE.py - {'step': '280100', 'lr': '0.0002', 'total_loss': '0.0057342', 'main_loss': '0.0057342', 'time_per_step': '2.21319'}
2026-01-22 08:56:44,146 - train_greyscale_FA_MoE.py - {'step': '280200', 'lr': '0.0002', 'total_loss': '0.00800236', 'main_loss': '0.00800236', 'time_per_step': '2.21271'}
2026-01-22 09:00:33,928 - train_greyscale_FA_MoE.py - {'step': '280300', 'lr': '0.0002', 'total_loss': '0.00566852', 'main_loss': '0.00566852', 'time_per_step': '2.25902'}
2026-01-22 09:04:22,509 - train_greyscale_FA_MoE.py - {'step': '280400', 'lr': '0.0002', 'total_loss': '0.0110457', 'main_loss': '0.0110457', 'time_per_step': '2.20527'}
2026-01-22 09:08:12,314 - train_greyscale_FA_MoE.py - {'step': '280500', 'lr': '0.0002', 'total_loss': '0.00563305', 'main_loss': '0.00563305', 'time_per_step': '2.1245'}
2026-01-22 09:12:01,306 - train_greyscale_FA_MoE.py - {'step': '280600', 'lr': '0.0002', 'total_loss': '0.00836605', 'main_loss': '0.00836605', 'time_per_step': '2.11722'}
2026-01-22 09:15:51,976 - train_greyscale_FA_MoE.py - {'step': '280700', 'lr': '0.0002', 'total_loss': '0.00760283', 'main_loss': '0.00760283', 'time_per_step': '2.28401'}
2026-01-22 09:19:40,062 - train_greyscale_FA_MoE.py - {'step': '280800', 'lr': '0.0002', 'total_loss': '0.0113942', 'main_loss': '0.0113942', 'time_per_step': '2.25446'}
2026-01-22 09:23:29,734 - train_greyscale_FA_MoE.py - {'step': '280900', 'lr': '0.0002', 'total_loss': '0.0104805', 'main_loss': '0.0104805', 'time_per_step': '2.24157'}
2026-01-22 09:27:19,172 - train_greyscale_FA_MoE.py - {'step': '281000', 'lr': '0.0002', 'total_loss': '0.0100049', 'main_loss': '0.0100049', 'time_per_step': '2.23142'}
2026-01-22 09:31:08,153 - train_greyscale_FA_MoE.py - {'step': '281100', 'lr': '0.0002', 'total_loss': '0.00718767', 'main_loss': '0.00718767', 'time_per_step': '2.22352'}
2026-01-22 09:34:56,607 - train_greyscale_FA_MoE.py - {'step': '281200', 'lr': '0.0002', 'total_loss': '0.00978831', 'main_loss': '0.00978831', 'time_per_step': '2.17751'}
2026-01-22 09:38:46,352 - train_greyscale_FA_MoE.py - {'step': '281300', 'lr': '0.0002', 'total_loss': '0.00904642', 'main_loss': '0.00904642', 'time_per_step': '2.2584'}
2026-01-22 09:42:36,101 - train_greyscale_FA_MoE.py - {'step': '281400', 'lr': '0.0002', 'total_loss': '0.0077712', 'main_loss': '0.0077712', 'time_per_step': '2.22417'}
2026-01-22 09:46:26,581 - train_greyscale_FA_MoE.py - {'step': '281500', 'lr': '0.0002', 'total_loss': '0.0100926', 'main_loss': '0.0100926', 'time_per_step': '2.26416'}
2026-01-22 09:50:15,225 - train_greyscale_FA_MoE.py - {'step': '281600', 'lr': '0.0002', 'total_loss': '0.0115199', 'main_loss': '0.0115199', 'time_per_step': '2.20331'}
2026-01-22 09:54:04,625 - train_greyscale_FA_MoE.py - {'step': '281700', 'lr': '0.0002', 'total_loss': '0.0104165', 'main_loss': '0.0104165', 'time_per_step': '2.11966'}
2026-01-22 09:57:54,450 - train_greyscale_FA_MoE.py - {'step': '281800', 'lr': '0.0002', 'total_loss': '0.0108987', 'main_loss': '0.0108987', 'time_per_step': '2.11907'}
2026-01-22 10:01:45,011 - train_greyscale_FA_MoE.py - {'step': '281900', 'lr': '0.0002', 'total_loss': '0.00608854', 'main_loss': '0.00608854', 'time_per_step': '2.21697'}
2026-01-22 10:05:33,489 - train_greyscale_FA_MoE.py - {'step': '282000', 'lr': '0.0002', 'total_loss': '0.00704398', 'main_loss': '0.00704398', 'time_per_step': '2.29108'}
2026-01-22 10:09:22,970 - train_greyscale_FA_MoE.py - {'step': '282100', 'lr': '0.0002', 'total_loss': '0.00872921', 'main_loss': '0.00872921', 'time_per_step': '2.22869'}
2026-01-22 10:13:12,528 - train_greyscale_FA_MoE.py - {'step': '282200', 'lr': '0.0002', 'total_loss': '0.00815379', 'main_loss': '0.00815379', 'time_per_step': '2.22115'}
2026-01-22 10:17:02,490 - train_greyscale_FA_MoE.py - {'step': '282300', 'lr': '0.0002', 'total_loss': '0.0136732', 'main_loss': '0.0136732', 'time_per_step': '2.2427'}
2026-01-22 10:20:51,149 - train_greyscale_FA_MoE.py - {'step': '282400', 'lr': '0.0002', 'total_loss': '0.00602129', 'main_loss': '0.00602129', 'time_per_step': '2.25361'}
2026-01-22 10:24:40,921 - train_greyscale_FA_MoE.py - {'step': '282500', 'lr': '0.0002', 'total_loss': '0.00508439', 'main_loss': '0.00508439', 'time_per_step': '2.22031'}
2026-01-22 10:28:30,194 - train_greyscale_FA_MoE.py - {'step': '282600', 'lr': '0.0002', 'total_loss': '0.00469982', 'main_loss': '0.00469982', 'time_per_step': '2.23437'}
2026-01-22 10:32:19,108 - train_greyscale_FA_MoE.py - {'step': '282700', 'lr': '0.0002', 'total_loss': '0.0058793', 'main_loss': '0.0058793', 'time_per_step': '2.19783'}
2026-01-22 10:36:07,882 - train_greyscale_FA_MoE.py - {'step': '282800', 'lr': '0.0002', 'total_loss': '0.00840426', 'main_loss': '0.00840426', 'time_per_step': '2.17701'}
2026-01-22 10:39:57,688 - train_greyscale_FA_MoE.py - {'step': '282900', 'lr': '0.0002', 'total_loss': '0.00740518', 'main_loss': '0.00740518', 'time_per_step': '2.10368'}
2026-01-22 10:43:46,243 - train_greyscale_FA_MoE.py - {'step': '283000', 'lr': '0.0002', 'total_loss': '0.00729834', 'main_loss': '0.00729834', 'time_per_step': '2.11663'}
2026-01-22 10:47:36,967 - train_greyscale_FA_MoE.py - {'step': '283100', 'lr': '0.0002', 'total_loss': '0.00895798', 'main_loss': '0.00895798', 'time_per_step': '2.24916'}
2026-01-22 10:51:25,589 - train_greyscale_FA_MoE.py - {'step': '283200', 'lr': '0.0002', 'total_loss': '0.00791417', 'main_loss': '0.00791417', 'time_per_step': '2.24573'}
2026-01-22 10:55:14,710 - train_greyscale_FA_MoE.py - {'step': '283300', 'lr': '0.0002', 'total_loss': '0.00796164', 'main_loss': '0.00796164', 'time_per_step': '2.23186'}
2026-01-22 10:59:04,133 - train_greyscale_FA_MoE.py - {'step': '283400', 'lr': '0.0002', 'total_loss': '0.00655518', 'main_loss': '0.00655518', 'time_per_step': '2.29085'}
2026-01-22 11:02:54,364 - train_greyscale_FA_MoE.py - {'step': '283500', 'lr': '0.0002', 'total_loss': '0.00491712', 'main_loss': '0.00491712', 'time_per_step': '2.21596'}
2026-01-22 11:06:43,973 - train_greyscale_FA_MoE.py - {'step': '283600', 'lr': '0.0002', 'total_loss': '0.00889697', 'main_loss': '0.00889697', 'time_per_step': '2.24521'}
2026-01-22 11:10:32,337 - train_greyscale_FA_MoE.py - {'step': '283700', 'lr': '0.0002', 'total_loss': '0.00779494', 'main_loss': '0.00779494', 'time_per_step': '2.21352'}
2026-01-22 11:14:21,081 - train_greyscale_FA_MoE.py - {'step': '283800', 'lr': '0.0002', 'total_loss': '0.00664377', 'main_loss': '0.00664377', 'time_per_step': '2.20008'}
2026-01-22 11:18:11,691 - train_greyscale_FA_MoE.py - {'step': '283900', 'lr': '0.0002', 'total_loss': '0.00681107', 'main_loss': '0.00681107', 'time_per_step': '2.25648'}
2026-01-22 11:22:00,483 - train_greyscale_FA_MoE.py - {'step': '284000', 'lr': '0.0002', 'total_loss': '0.00874489', 'main_loss': '0.00874489', 'time_per_step': '2.21359'}
2026-01-22 11:25:48,799 - train_greyscale_FA_MoE.py - {'step': '284100', 'lr': '0.0002', 'total_loss': '0.00963921', 'main_loss': '0.00963921', 'time_per_step': '2.11796'}
2026-01-22 11:29:38,525 - train_greyscale_FA_MoE.py - {'step': '284200', 'lr': '0.0002', 'total_loss': '0.00984723', 'main_loss': '0.00984723', 'time_per_step': '2.11855'}
2026-01-22 11:33:28,509 - train_greyscale_FA_MoE.py - {'step': '284300', 'lr': '0.0002', 'total_loss': '0.0148087', 'main_loss': '0.0148087', 'time_per_step': '2.23574'}
2026-01-22 11:37:18,842 - train_greyscale_FA_MoE.py - {'step': '284400', 'lr': '0.0002', 'total_loss': '0.0060343', 'main_loss': '0.0060343', 'time_per_step': '2.26251'}
2026-01-22 11:41:07,729 - train_greyscale_FA_MoE.py - {'step': '284500', 'lr': '0.0002', 'total_loss': '0.0108256', 'main_loss': '0.0108256', 'time_per_step': '2.24671'}
2026-01-22 11:44:56,454 - train_greyscale_FA_MoE.py - {'step': '284600', 'lr': '0.0002', 'total_loss': '0.00762004', 'main_loss': '0.00762004', 'time_per_step': '2.2478'}
2026-01-22 11:48:45,762 - train_greyscale_FA_MoE.py - {'step': '284700', 'lr': '0.0002', 'total_loss': '0.00947522', 'main_loss': '0.00947522', 'time_per_step': '2.17087'}
2026-01-22 11:52:35,740 - train_greyscale_FA_MoE.py - {'step': '284800', 'lr': '0.0002', 'total_loss': '0.00717071', 'main_loss': '0.00717071', 'time_per_step': '2.22176'}
2026-01-22 11:56:24,322 - train_greyscale_FA_MoE.py - {'step': '284900', 'lr': '0.0002', 'total_loss': '0.00635489', 'main_loss': '0.00635489', 'time_per_step': '2.19132'}
2026-01-22 12:00:14,393 - train_greyscale_FA_MoE.py - {'step': '285000', 'lr': '0.0002', 'total_loss': '0.00718099', 'main_loss': '0.00718099', 'time_per_step': '2.22935'}
2026-01-22 12:04:03,933 - train_greyscale_FA_MoE.py - {'step': '285100', 'lr': '0.0002', 'total_loss': '0.00877608', 'main_loss': '0.00877608', 'time_per_step': '2.31797'}
2026-01-22 12:07:53,669 - train_greyscale_FA_MoE.py - {'step': '285200', 'lr': '0.0002', 'total_loss': '0.00945727', 'main_loss': '0.00945727', 'time_per_step': '2.25269'}
2026-01-22 12:11:42,528 - train_greyscale_FA_MoE.py - {'step': '285300', 'lr': '0.0002', 'total_loss': '0.0101485', 'main_loss': '0.0101485', 'time_per_step': '2.10224'}
2026-01-22 12:15:32,117 - train_greyscale_FA_MoE.py - {'step': '285400', 'lr': '0.0002', 'total_loss': '0.00929409', 'main_loss': '0.00929409', 'time_per_step': '2.11858'}
2026-01-22 12:19:23,244 - train_greyscale_FA_MoE.py - {'step': '285500', 'lr': '0.0002', 'total_loss': '0.00885014', 'main_loss': '0.00885014', 'time_per_step': '2.23111'}
2026-01-22 12:23:12,587 - train_greyscale_FA_MoE.py - {'step': '285600', 'lr': '0.0002', 'total_loss': '0.00599302', 'main_loss': '0.00599302', 'time_per_step': '2.21869'}
2026-01-22 12:27:00,963 - train_greyscale_FA_MoE.py - {'step': '285700', 'lr': '0.0002', 'total_loss': '0.00538229', 'main_loss': '0.00538229', 'time_per_step': '2.22562'}
2026-01-22 12:30:51,202 - train_greyscale_FA_MoE.py - {'step': '285800', 'lr': '0.0002', 'total_loss': '0.00851217', 'main_loss': '0.00851217', 'time_per_step': '2.28305'}
2026-01-22 12:34:40,593 - train_greyscale_FA_MoE.py - {'step': '285900', 'lr': '0.0002', 'total_loss': '0.00864833', 'main_loss': '0.00864833', 'time_per_step': '2.21308'}
2026-01-22 12:38:30,007 - train_greyscale_FA_MoE.py - {'step': '286000', 'lr': '0.0002', 'total_loss': '0.00884224', 'main_loss': '0.00884224', 'time_per_step': '2.2576'}
2026-01-22 12:42:18,562 - train_greyscale_FA_MoE.py - {'step': '286100', 'lr': '0.0002', 'total_loss': '0.00922177', 'main_loss': '0.00922177', 'time_per_step': '2.22312'}
2026-01-22 12:46:07,667 - train_greyscale_FA_MoE.py - {'step': '286200', 'lr': '0.0002', 'total_loss': '0.00828469', 'main_loss': '0.00828469', 'time_per_step': '2.2318'}
2026-01-22 12:49:57,772 - train_greyscale_FA_MoE.py - {'step': '286300', 'lr': '0.0002', 'total_loss': '0.00605443', 'main_loss': '0.00605443', 'time_per_step': '2.22764'}
2026-01-22 12:53:47,482 - train_greyscale_FA_MoE.py - {'step': '286400', 'lr': '0.0002', 'total_loss': '0.00878499', 'main_loss': '0.00878499', 'time_per_step': '2.24756'}
2026-01-22 12:57:35,746 - train_greyscale_FA_MoE.py - {'step': '286500', 'lr': '0.0002', 'total_loss': '0.00543276', 'main_loss': '0.00543276', 'time_per_step': '2.11819'}
2026-01-22 13:01:25,324 - train_greyscale_FA_MoE.py - {'step': '286600', 'lr': '0.0002', 'total_loss': '0.00619137', 'main_loss': '0.00619137', 'time_per_step': '2.1173'}
2026-01-22 13:05:14,973 - train_greyscale_FA_MoE.py - {'step': '286700', 'lr': '0.0002', 'total_loss': '0.00806597', 'main_loss': '0.00806597', 'time_per_step': '2.22931'}
2026-01-22 13:09:04,638 - train_greyscale_FA_MoE.py - {'step': '286800', 'lr': '0.0002', 'total_loss': '0.00658137', 'main_loss': '0.00658137', 'time_per_step': '2.21659'}
2026-01-22 13:12:53,251 - train_greyscale_FA_MoE.py - {'step': '286900', 'lr': '0.0002', 'total_loss': '0.0100431', 'main_loss': '0.0100431', 'time_per_step': '2.22789'}
2026-01-22 13:16:43,456 - train_greyscale_FA_MoE.py - {'step': '287000', 'lr': '0.0002', 'total_loss': '0.00645653', 'main_loss': '0.00645653', 'time_per_step': '2.22802'}
2026-01-22 13:20:33,415 - train_greyscale_FA_MoE.py - {'step': '287100', 'lr': '0.0002', 'total_loss': '0.00966674', 'main_loss': '0.00966674', 'time_per_step': '2.28771'}
2026-01-22 13:24:23,692 - train_greyscale_FA_MoE.py - {'step': '287200', 'lr': '0.0002', 'total_loss': '0.00962499', 'main_loss': '0.00962499', 'time_per_step': '2.27268'}
2026-01-22 13:28:12,122 - train_greyscale_FA_MoE.py - {'step': '287300', 'lr': '0.0002', 'total_loss': '0.00584003', 'main_loss': '0.00584003', 'time_per_step': '2.19738'}
2026-01-22 13:32:01,137 - train_greyscale_FA_MoE.py - {'step': '287400', 'lr': '0.0002', 'total_loss': '0.0118921', 'main_loss': '0.0118921', 'time_per_step': '2.2027'}
2026-01-22 13:35:51,366 - train_greyscale_FA_MoE.py - {'step': '287500', 'lr': '0.0002', 'total_loss': '0.00562859', 'main_loss': '0.00562859', 'time_per_step': '2.33832'}
2026-01-22 13:39:40,660 - train_greyscale_FA_MoE.py - {'step': '287600', 'lr': '0.0002', 'total_loss': '0.00721658', 'main_loss': '0.00721658', 'time_per_step': '2.24788'}
2026-01-22 13:43:29,276 - train_greyscale_FA_MoE.py - {'step': '287700', 'lr': '0.0002', 'total_loss': '0.00822844', 'main_loss': '0.00822844', 'time_per_step': '2.12012'}
2026-01-22 13:47:18,699 - train_greyscale_FA_MoE.py - {'step': '287800', 'lr': '0.0002', 'total_loss': '0.00637285', 'main_loss': '0.00637285', 'time_per_step': '2.12009'}
2026-01-22 13:51:09,013 - train_greyscale_FA_MoE.py - {'step': '287900', 'lr': '0.0002', 'total_loss': '0.00864416', 'main_loss': '0.00864416', 'time_per_step': '2.19351'}
2026-01-22 13:54:59,212 - train_greyscale_FA_MoE.py - {'step': '288000', 'lr': '0.0002', 'total_loss': '0.00807687', 'main_loss': '0.00807687', 'time_per_step': '2.2343'}
2026-01-22 13:58:47,936 - train_greyscale_FA_MoE.py - {'step': '288100', 'lr': '0.0002', 'total_loss': '0.0050091', 'main_loss': '0.0050091', 'time_per_step': '2.19518'}
2026-01-22 14:02:37,872 - train_greyscale_FA_MoE.py - {'step': '288200', 'lr': '0.0002', 'total_loss': '0.00619628', 'main_loss': '0.00619628', 'time_per_step': '2.22748'}
2026-01-22 14:06:27,637 - train_greyscale_FA_MoE.py - {'step': '288300', 'lr': '0.0002', 'total_loss': '0.0141773', 'main_loss': '0.0141773', 'time_per_step': '2.20492'}
2026-01-22 14:10:17,658 - train_greyscale_FA_MoE.py - {'step': '288400', 'lr': '0.0002', 'total_loss': '0.00742897', 'main_loss': '0.00742897', 'time_per_step': '2.22443'}
2026-01-22 14:14:06,290 - train_greyscale_FA_MoE.py - {'step': '288500', 'lr': '0.0002', 'total_loss': '0.00970992', 'main_loss': '0.00970992', 'time_per_step': '2.19965'}
2026-01-22 14:17:57,054 - train_greyscale_FA_MoE.py - {'step': '288600', 'lr': '0.0002', 'total_loss': '0.00682576', 'main_loss': '0.00682576', 'time_per_step': '2.25135'}
2026-01-22 14:21:46,812 - train_greyscale_FA_MoE.py - {'step': '288700', 'lr': '0.0002', 'total_loss': '0.00573455', 'main_loss': '0.00573455', 'time_per_step': '2.18682'}
2026-01-22 14:25:35,904 - train_greyscale_FA_MoE.py - {'step': '288800', 'lr': '0.0002', 'total_loss': '0.0131507', 'main_loss': '0.0131507', 'time_per_step': '2.2478'}
2026-01-22 14:29:24,241 - train_greyscale_FA_MoE.py - {'step': '288900', 'lr': '0.0002', 'total_loss': '0.00920989', 'main_loss': '0.00920989', 'time_per_step': '2.12078'}
2026-01-22 14:33:13,220 - train_greyscale_FA_MoE.py - {'step': '289000', 'lr': '0.0002', 'total_loss': '0.0090213', 'main_loss': '0.0090213', 'time_per_step': '2.11671'}
2026-01-22 14:37:03,883 - train_greyscale_FA_MoE.py - {'step': '289100', 'lr': '0.0002', 'total_loss': '0.00799093', 'main_loss': '0.00799093', 'time_per_step': '2.28539'}
2026-01-22 14:40:54,244 - train_greyscale_FA_MoE.py - {'step': '289200', 'lr': '0.0002', 'total_loss': '0.0103134', 'main_loss': '0.0103134', 'time_per_step': '2.22658'}
2026-01-22 14:44:43,583 - train_greyscale_FA_MoE.py - {'step': '289300', 'lr': '0.0002', 'total_loss': '0.00821226', 'main_loss': '0.00821226', 'time_per_step': '2.23075'}
2026-01-22 14:48:31,971 - train_greyscale_FA_MoE.py - {'step': '289400', 'lr': '0.0002', 'total_loss': '0.00722577', 'main_loss': '0.00722577', 'time_per_step': '2.24085'}
2026-01-22 14:52:21,232 - train_greyscale_FA_MoE.py - {'step': '289500', 'lr': '0.0002', 'total_loss': '0.00782843', 'main_loss': '0.00782843', 'time_per_step': '2.22146'}
2026-01-22 14:56:11,248 - train_greyscale_FA_MoE.py - {'step': '289600', 'lr': '0.0002', 'total_loss': '0.0059316', 'main_loss': '0.0059316', 'time_per_step': '2.25813'}
2026-01-22 15:00:01,229 - train_greyscale_FA_MoE.py - {'step': '289700', 'lr': '0.0002', 'total_loss': '0.0112656', 'main_loss': '0.0112656', 'time_per_step': '2.27287'}
2026-01-22 15:03:49,555 - train_greyscale_FA_MoE.py - {'step': '289800', 'lr': '0.0002', 'total_loss': '0.0078829', 'main_loss': '0.0078829', 'time_per_step': '2.22527'}
2026-01-22 15:07:39,939 - train_greyscale_FA_MoE.py - {'step': '289900', 'lr': '0.0002', 'total_loss': '0.00573231', 'main_loss': '0.00573231', 'time_per_step': '2.22789'}
2026-01-22 15:11:29,610 - train_greyscale_FA_MoE.py - {'step': '290000', 'lr': '0.0002', 'total_loss': '0.00582187', 'main_loss': '0.00582187', 'time_per_step': '2.26076'}
2026-01-22 15:15:18,931 - train_greyscale_FA_MoE.py - {'step': '290100', 'lr': '0.0002', 'total_loss': '0.00779124', 'main_loss': '0.00779124', 'time_per_step': '2.11898'}
2026-01-22 15:19:08,019 - train_greyscale_FA_MoE.py - {'step': '290200', 'lr': '0.0002', 'total_loss': '0.00766555', 'main_loss': '0.00766555', 'time_per_step': '2.1143'}
2026-01-22 15:22:58,101 - train_greyscale_FA_MoE.py - {'step': '290300', 'lr': '0.0002', 'total_loss': '0.00648443', 'main_loss': '0.00648443', 'time_per_step': '2.19949'}
2026-01-22 15:26:47,397 - train_greyscale_FA_MoE.py - {'step': '290400', 'lr': '0.0002', 'total_loss': '0.00721446', 'main_loss': '0.00721446', 'time_per_step': '2.23753'}
2026-01-22 15:30:37,369 - train_greyscale_FA_MoE.py - {'step': '290500', 'lr': '0.0002', 'total_loss': '0.0086612', 'main_loss': '0.0086612', 'time_per_step': '2.22139'}
2026-01-22 15:34:25,763 - train_greyscale_FA_MoE.py - {'step': '290600', 'lr': '0.0002', 'total_loss': '0.00975097', 'main_loss': '0.00975097', 'time_per_step': '2.23397'}
2026-01-22 15:38:14,918 - train_greyscale_FA_MoE.py - {'step': '290700', 'lr': '0.0002', 'total_loss': '0.00813555', 'main_loss': '0.00813555', 'time_per_step': '2.2143'}
2026-01-22 15:42:03,807 - train_greyscale_FA_MoE.py - {'step': '290800', 'lr': '0.0002', 'total_loss': '0.00757543', 'main_loss': '0.00757543', 'time_per_step': '2.26433'}
2026-01-22 15:45:54,069 - train_greyscale_FA_MoE.py - {'step': '290900', 'lr': '0.0002', 'total_loss': '0.00615628', 'main_loss': '0.00615628', 'time_per_step': '2.16664'}
2026-01-22 15:49:42,638 - train_greyscale_FA_MoE.py - {'step': '291000', 'lr': '0.0002', 'total_loss': '0.00480495', 'main_loss': '0.00480495', 'time_per_step': '2.23982'}
2026-01-22 15:53:32,842 - train_greyscale_FA_MoE.py - {'step': '291100', 'lr': '0.0002', 'total_loss': '0.00646979', 'main_loss': '0.00646979', 'time_per_step': '2.37778'}
2026-01-22 15:57:22,318 - train_greyscale_FA_MoE.py - {'step': '291200', 'lr': '0.0002', 'total_loss': '0.0104185', 'main_loss': '0.0104185', 'time_per_step': '2.21988'}
2026-01-22 16:01:12,209 - train_greyscale_FA_MoE.py - {'step': '291300', 'lr': '0.0002', 'total_loss': '0.00824266', 'main_loss': '0.00824266', 'time_per_step': '2.11421'}
2026-01-22 16:05:00,038 - train_greyscale_FA_MoE.py - {'step': '291400', 'lr': '0.0002', 'total_loss': '0.00977463', 'main_loss': '0.00977463', 'time_per_step': '2.11786'}
2026-01-22 16:08:50,406 - train_greyscale_FA_MoE.py - {'step': '291500', 'lr': '0.0002', 'total_loss': '0.00923273', 'main_loss': '0.00923273', 'time_per_step': '2.26179'}
2026-01-22 16:12:40,408 - train_greyscale_FA_MoE.py - {'step': '291600', 'lr': '0.0002', 'total_loss': '0.0105787', 'main_loss': '0.0105787', 'time_per_step': '2.20869'}
2026-01-22 16:16:31,255 - train_greyscale_FA_MoE.py - {'step': '291700', 'lr': '0.0002', 'total_loss': '0.0105176', 'main_loss': '0.0105176', 'time_per_step': '2.23584'}
2026-01-22 16:20:19,738 - train_greyscale_FA_MoE.py - {'step': '291800', 'lr': '0.0002', 'total_loss': '0.0102169', 'main_loss': '0.0102169', 'time_per_step': '2.22261'}
2026-01-22 16:24:09,090 - train_greyscale_FA_MoE.py - {'step': '291900', 'lr': '0.0002', 'total_loss': '0.00609311', 'main_loss': '0.00609311', 'time_per_step': '2.21557'}
2026-01-22 16:27:58,830 - train_greyscale_FA_MoE.py - {'step': '292000', 'lr': '0.0002', 'total_loss': '0.00550986', 'main_loss': '0.00550986', 'time_per_step': '2.22164'}
2026-01-22 16:31:48,719 - train_greyscale_FA_MoE.py - {'step': '292100', 'lr': '0.0002', 'total_loss': '0.00711433', 'main_loss': '0.00711433', 'time_per_step': '2.22623'}
2026-01-22 16:35:36,823 - train_greyscale_FA_MoE.py - {'step': '292200', 'lr': '0.0002', 'total_loss': '0.0066689', 'main_loss': '0.0066689', 'time_per_step': '2.20027'}
2026-01-22 16:39:25,520 - train_greyscale_FA_MoE.py - {'step': '292300', 'lr': '0.0002', 'total_loss': '0.00923346', 'main_loss': '0.00923346', 'time_per_step': '2.1735'}
2026-01-22 16:43:14,723 - train_greyscale_FA_MoE.py - {'step': '292400', 'lr': '0.0002', 'total_loss': '0.00634009', 'main_loss': '0.00634009', 'time_per_step': '2.16775'}
2026-01-22 16:47:04,939 - train_greyscale_FA_MoE.py - {'step': '292500', 'lr': '0.0002', 'total_loss': '0.00522802', 'main_loss': '0.00522802', 'time_per_step': '2.11664'}
2026-01-22 16:50:53,147 - train_greyscale_FA_MoE.py - {'step': '292600', 'lr': '0.0002', 'total_loss': '0.00950362', 'main_loss': '0.00950362', 'time_per_step': '2.11768'}
2026-01-22 16:54:43,417 - train_greyscale_FA_MoE.py - {'step': '292700', 'lr': '0.0002', 'total_loss': '0.00762191', 'main_loss': '0.00762191', 'time_per_step': '2.18779'}
2026-01-22 16:58:33,479 - train_greyscale_FA_MoE.py - {'step': '292800', 'lr': '0.0002', 'total_loss': '0.00983461', 'main_loss': '0.00983461', 'time_per_step': '2.31723'}
2026-01-22 17:02:23,181 - train_greyscale_FA_MoE.py - {'step': '292900', 'lr': '0.0002', 'total_loss': '0.00875566', 'main_loss': '0.00875566', 'time_per_step': '2.18264'}
2026-01-22 17:06:12,022 - train_greyscale_FA_MoE.py - {'step': '293000', 'lr': '0.0002', 'total_loss': '0.00989508', 'main_loss': '0.00989508', 'time_per_step': '2.22324'}
2026-01-22 17:10:01,592 - train_greyscale_FA_MoE.py - {'step': '293100', 'lr': '0.0002', 'total_loss': '0.00755224', 'main_loss': '0.00755224', 'time_per_step': '2.2396'}
2026-01-22 17:13:51,860 - train_greyscale_FA_MoE.py - {'step': '293200', 'lr': '0.0002', 'total_loss': '0.00529342', 'main_loss': '0.00529342', 'time_per_step': '2.3718'}
2026-01-22 17:17:43,079 - train_greyscale_FA_MoE.py - {'step': '293300', 'lr': '0.0002', 'total_loss': '0.0108247', 'main_loss': '0.0108247', 'time_per_step': '2.21933'}
2026-01-22 17:21:31,988 - train_greyscale_FA_MoE.py - {'step': '293400', 'lr': '0.0002', 'total_loss': '0.00688515', 'main_loss': '0.00688515', 'time_per_step': '2.22212'}
2026-01-22 17:25:21,921 - train_greyscale_FA_MoE.py - {'step': '293500', 'lr': '0.0002', 'total_loss': '0.0118017', 'main_loss': '0.0118017', 'time_per_step': '2.24999'}
2026-01-22 17:29:11,382 - train_greyscale_FA_MoE.py - {'step': '293600', 'lr': '0.0002', 'total_loss': '0.00773872', 'main_loss': '0.00773872', 'time_per_step': '2.22693'}
2026-01-22 17:33:00,768 - train_greyscale_FA_MoE.py - {'step': '293700', 'lr': '0.0002', 'total_loss': '0.0070466', 'main_loss': '0.0070466', 'time_per_step': '2.12049'}
2026-01-22 17:36:48,460 - train_greyscale_FA_MoE.py - {'step': '293800', 'lr': '0.0002', 'total_loss': '0.0086668', 'main_loss': '0.0086668', 'time_per_step': '2.11854'}
2026-01-22 17:40:38,989 - train_greyscale_FA_MoE.py - {'step': '293900', 'lr': '0.0002', 'total_loss': '0.00781655', 'main_loss': '0.00781655', 'time_per_step': '2.25147'}
2026-01-22 17:44:28,702 - train_greyscale_FA_MoE.py - {'step': '294000', 'lr': '0.0002', 'total_loss': '0.00811423', 'main_loss': '0.00811423', 'time_per_step': '2.27287'}
2026-01-22 17:48:18,145 - train_greyscale_FA_MoE.py - {'step': '294100', 'lr': '0.0002', 'total_loss': '0.00807484', 'main_loss': '0.00807484', 'time_per_step': '2.18326'}
2026-01-22 17:52:06,951 - train_greyscale_FA_MoE.py - {'step': '294200', 'lr': '0.0002', 'total_loss': '0.00656742', 'main_loss': '0.00656742', 'time_per_step': '2.24674'}
2026-01-22 17:55:55,574 - train_greyscale_FA_MoE.py - {'step': '294300', 'lr': '0.0002', 'total_loss': '0.00608608', 'main_loss': '0.00608608', 'time_per_step': '2.23616'}
2026-01-22 17:59:44,899 - train_greyscale_FA_MoE.py - {'step': '294400', 'lr': '0.0002', 'total_loss': '0.00588791', 'main_loss': '0.00588791', 'time_per_step': '2.244'}
2026-01-22 18:03:34,831 - train_greyscale_FA_MoE.py - {'step': '294500', 'lr': '0.0002', 'total_loss': '0.00897284', 'main_loss': '0.00897284', 'time_per_step': '2.22397'}
2026-01-22 18:07:23,548 - train_greyscale_FA_MoE.py - {'step': '294600', 'lr': '0.0002', 'total_loss': '0.00765938', 'main_loss': '0.00765938', 'time_per_step': '2.2517'}
2026-01-22 18:11:12,290 - train_greyscale_FA_MoE.py - {'step': '294700', 'lr': '0.0002', 'total_loss': '0.00849403', 'main_loss': '0.00849403', 'time_per_step': '2.22542'}
2026-01-22 18:15:01,414 - train_greyscale_FA_MoE.py - {'step': '294800', 'lr': '0.0002', 'total_loss': '0.00689314', 'main_loss': '0.00689314', 'time_per_step': '2.21051'}
2026-01-22 18:18:52,130 - train_greyscale_FA_MoE.py - {'step': '294900', 'lr': '0.0002', 'total_loss': '0.00558265', 'main_loss': '0.00558265', 'time_per_step': '2.11986'}
2026-01-22 18:22:40,648 - train_greyscale_FA_MoE.py - {'step': '295000', 'lr': '0.0002', 'total_loss': '0.0066297', 'main_loss': '0.0066297', 'time_per_step': '2.10019'}
2026-01-22 18:26:29,815 - train_greyscale_FA_MoE.py - {'step': '295100', 'lr': '0.0002', 'total_loss': '0.0067875', 'main_loss': '0.0067875', 'time_per_step': '2.23677'}
2026-01-22 18:30:19,380 - train_greyscale_FA_MoE.py - {'step': '295200', 'lr': '0.0002', 'total_loss': '0.0094722', 'main_loss': '0.0094722', 'time_per_step': '2.22298'}
2026-01-22 18:34:09,291 - train_greyscale_FA_MoE.py - {'step': '295300', 'lr': '0.0002', 'total_loss': '0.00809771', 'main_loss': '0.00809771', 'time_per_step': '2.19183'}
2026-01-22 18:37:59,480 - train_greyscale_FA_MoE.py - {'step': '295400', 'lr': '0.0002', 'total_loss': '0.0112883', 'main_loss': '0.0112883', 'time_per_step': '2.19269'}
2026-01-22 18:41:48,251 - train_greyscale_FA_MoE.py - {'step': '295500', 'lr': '0.0002', 'total_loss': '0.00755239', 'main_loss': '0.00755239', 'time_per_step': '2.23586'}
2026-01-22 18:45:37,502 - train_greyscale_FA_MoE.py - {'step': '295600', 'lr': '0.0002', 'total_loss': '0.00692893', 'main_loss': '0.00692893', 'time_per_step': '2.20558'}
2026-01-22 18:49:27,622 - train_greyscale_FA_MoE.py - {'step': '295700', 'lr': '0.0002', 'total_loss': '0.00630152', 'main_loss': '0.00630152', 'time_per_step': '2.23841'}
2026-01-22 18:53:16,494 - train_greyscale_FA_MoE.py - {'step': '295800', 'lr': '0.0002', 'total_loss': '0.00649675', 'main_loss': '0.00649675', 'time_per_step': '2.21624'}
2026-01-22 18:57:04,652 - train_greyscale_FA_MoE.py - {'step': '295900', 'lr': '0.0002', 'total_loss': '0.00795395', 'main_loss': '0.00795395', 'time_per_step': '2.23722'}
2026-01-22 19:00:53,828 - train_greyscale_FA_MoE.py - {'step': '296000', 'lr': '0.0002', 'total_loss': '0.00562457', 'main_loss': '0.00562457', 'time_per_step': '2.23499'}
2026-01-22 19:04:42,620 - train_greyscale_FA_MoE.py - {'step': '296100', 'lr': '0.0002', 'total_loss': '0.00610494', 'main_loss': '0.00610494', 'time_per_step': '2.10457'}
2026-01-22 19:08:32,183 - train_greyscale_FA_MoE.py - {'step': '296200', 'lr': '0.0002', 'total_loss': '0.0118929', 'main_loss': '0.0118929', 'time_per_step': '2.11845'}
2026-01-22 19:12:21,375 - train_greyscale_FA_MoE.py - {'step': '296300', 'lr': '0.0002', 'total_loss': '0.00488043', 'main_loss': '0.00488043', 'time_per_step': '2.23313'}
2026-01-22 19:16:11,327 - train_greyscale_FA_MoE.py - {'step': '296400', 'lr': '0.0002', 'total_loss': '0.00590399', 'main_loss': '0.00590399', 'time_per_step': '2.2439'}
2026-01-22 19:20:01,089 - train_greyscale_FA_MoE.py - {'step': '296500', 'lr': '0.0002', 'total_loss': '0.00870018', 'main_loss': '0.00870018', 'time_per_step': '2.22806'}
2026-01-22 19:23:50,396 - train_greyscale_FA_MoE.py - {'step': '296600', 'lr': '0.0002', 'total_loss': '0.00676206', 'main_loss': '0.00676206', 'time_per_step': '2.20749'}
2026-01-22 19:27:38,916 - train_greyscale_FA_MoE.py - {'step': '296700', 'lr': '0.0002', 'total_loss': '0.00826281', 'main_loss': '0.00826281', 'time_per_step': '2.23274'}
2026-01-22 19:31:28,718 - train_greyscale_FA_MoE.py - {'step': '296800', 'lr': '0.0002', 'total_loss': '0.00675269', 'main_loss': '0.00675269', 'time_per_step': '2.20517'}
2026-01-22 19:35:18,628 - train_greyscale_FA_MoE.py - {'step': '296900', 'lr': '0.0002', 'total_loss': '0.00931758', 'main_loss': '0.00931758', 'time_per_step': '2.21184'}
2026-01-22 19:39:08,756 - train_greyscale_FA_MoE.py - {'step': '297000', 'lr': '0.0002', 'total_loss': '0.00687015', 'main_loss': '0.00687015', 'time_per_step': '2.2339'}
2026-01-22 19:42:57,626 - train_greyscale_FA_MoE.py - {'step': '297100', 'lr': '0.0002', 'total_loss': '0.00552476', 'main_loss': '0.00552476', 'time_per_step': '2.23952'}
2026-01-22 19:46:46,751 - train_greyscale_FA_MoE.py - {'step': '297200', 'lr': '0.0002', 'total_loss': '0.00760544', 'main_loss': '0.00760544', 'time_per_step': '2.19544'}
2026-01-22 19:50:37,157 - train_greyscale_FA_MoE.py - {'step': '297300', 'lr': '0.0002', 'total_loss': '0.00902025', 'main_loss': '0.00902025', 'time_per_step': '2.1287'}
2026-01-22 19:54:25,687 - train_greyscale_FA_MoE.py - {'step': '297400', 'lr': '0.0002', 'total_loss': '0.0065667', 'main_loss': '0.0065667', 'time_per_step': '2.12749'}
2026-01-22 19:58:15,019 - train_greyscale_FA_MoE.py - {'step': '297500', 'lr': '0.0002', 'total_loss': '0.00577241', 'main_loss': '0.00577241', 'time_per_step': '2.19725'}
2026-01-22 20:02:05,088 - train_greyscale_FA_MoE.py - {'step': '297600', 'lr': '0.0002', 'total_loss': '0.00821015', 'main_loss': '0.00821015', 'time_per_step': '2.23373'}
2026-01-22 20:05:54,243 - train_greyscale_FA_MoE.py - {'step': '297700', 'lr': '0.0002', 'total_loss': '0.0110382', 'main_loss': '0.0110382', 'time_per_step': '2.22286'}
2026-01-22 20:09:44,081 - train_greyscale_FA_MoE.py - {'step': '297800', 'lr': '0.0002', 'total_loss': '0.0109241', 'main_loss': '0.0109241', 'time_per_step': '2.21667'}
2026-01-22 20:13:32,997 - train_greyscale_FA_MoE.py - {'step': '297900', 'lr': '0.0002', 'total_loss': '0.00659002', 'main_loss': '0.00659002', 'time_per_step': '2.29403'}
2026-01-22 20:17:22,451 - train_greyscale_FA_MoE.py - {'step': '298000', 'lr': '0.0002', 'total_loss': '0.0123293', 'main_loss': '0.0123293', 'time_per_step': '2.20718'}
2026-01-22 20:21:12,740 - train_greyscale_FA_MoE.py - {'step': '298100', 'lr': '0.0002', 'total_loss': '0.0080864', 'main_loss': '0.0080864', 'time_per_step': '2.24949'}
2026-01-22 20:25:02,422 - train_greyscale_FA_MoE.py - {'step': '298200', 'lr': '0.0002', 'total_loss': '0.00714739', 'main_loss': '0.00714739', 'time_per_step': '2.26585'}
2026-01-22 20:28:51,399 - train_greyscale_FA_MoE.py - {'step': '298300', 'lr': '0.0002', 'total_loss': '0.00667754', 'main_loss': '0.00667754', 'time_per_step': '2.30792'}
2026-01-22 20:32:41,747 - train_greyscale_FA_MoE.py - {'step': '298400', 'lr': '0.0002', 'total_loss': '0.00798352', 'main_loss': '0.00798352', 'time_per_step': '2.21194'}
2026-01-22 20:36:31,337 - train_greyscale_FA_MoE.py - {'step': '298500', 'lr': '0.0002', 'total_loss': '0.0105949', 'main_loss': '0.0105949', 'time_per_step': '2.11912'}
2026-01-22 20:40:21,060 - train_greyscale_FA_MoE.py - {'step': '298600', 'lr': '0.0002', 'total_loss': '0.0107729', 'main_loss': '0.0107729', 'time_per_step': '2.1204'}
2026-01-22 20:44:10,303 - train_greyscale_FA_MoE.py - {'step': '298700', 'lr': '0.0002', 'total_loss': '0.00983857', 'main_loss': '0.00983857', 'time_per_step': '2.2527'}
2026-01-22 20:47:59,736 - train_greyscale_FA_MoE.py - {'step': '298800', 'lr': '0.0002', 'total_loss': '0.00779479', 'main_loss': '0.00779479', 'time_per_step': '2.23264'}
2026-01-22 20:51:49,123 - train_greyscale_FA_MoE.py - {'step': '298900', 'lr': '0.0002', 'total_loss': '0.00978532', 'main_loss': '0.00978532', 'time_per_step': '2.22802'}
2026-01-22 20:55:39,446 - train_greyscale_FA_MoE.py - {'step': '299000', 'lr': '0.0002', 'total_loss': '0.00444287', 'main_loss': '0.00444287', 'time_per_step': '2.22301'}
2026-01-22 20:59:28,101 - train_greyscale_FA_MoE.py - {'step': '299100', 'lr': '0.0002', 'total_loss': '0.0103739', 'main_loss': '0.0103739', 'time_per_step': '2.24282'}
2026-01-22 21:03:18,269 - train_greyscale_FA_MoE.py - {'step': '299200', 'lr': '0.0002', 'total_loss': '0.00668437', 'main_loss': '0.00668437', 'time_per_step': '2.24428'}
2026-01-22 21:07:07,343 - train_greyscale_FA_MoE.py - {'step': '299300', 'lr': '0.0002', 'total_loss': '0.00600323', 'main_loss': '0.00600323', 'time_per_step': '2.23136'}
2026-01-22 21:10:56,286 - train_greyscale_FA_MoE.py - {'step': '299400', 'lr': '0.0002', 'total_loss': '0.0113654', 'main_loss': '0.0113654', 'time_per_step': '2.19834'}
2026-01-22 21:14:44,915 - train_greyscale_FA_MoE.py - {'step': '299500', 'lr': '0.0002', 'total_loss': '0.00815106', 'main_loss': '0.00815106', 'time_per_step': '2.23342'}
2026-01-22 21:18:35,827 - train_greyscale_FA_MoE.py - {'step': '299600', 'lr': '0.0002', 'total_loss': '0.010073', 'main_loss': '0.010073', 'time_per_step': '2.20967'}
2026-01-22 21:22:25,996 - train_greyscale_FA_MoE.py - {'step': '299700', 'lr': '0.0002', 'total_loss': '0.00605078', 'main_loss': '0.00605078', 'time_per_step': '2.1298'}
2026-01-22 21:26:15,483 - train_greyscale_FA_MoE.py - {'step': '299800', 'lr': '0.0002', 'total_loss': '0.00868142', 'main_loss': '0.00868142', 'time_per_step': '2.11934'}
2026-01-22 21:30:05,540 - train_greyscale_FA_MoE.py - {'step': '299900', 'lr': '0.0002', 'total_loss': '0.0042131', 'main_loss': '0.0042131', 'time_per_step': '2.18553'}
2026-01-22 21:33:54,032 - train_greyscale_FA_MoE.py - {'step': '300000', 'lr': '0.0002', 'total_loss': '0.00906595', 'main_loss': '0.00906595', 'time_per_step': '2.22493'}
2026-01-22 21:33:54,043 - train_greyscale_FA_MoE.py - Saved expert distribution of layer in_block_0 to output_shift_fa/acdc_wholeheart_uncond_fa_ec_moe_greyscale_uvit_mid_4by4_l6r9_low16_Y_bound/samples/expert_distribution_in_block_0_step300000.npy
2026-01-22 21:33:55,705 - train_greyscale_FA_MoE.py - Saved expert distribution of layer out_block_7 to output_shift_fa/acdc_wholeheart_uncond_fa_ec_moe_greyscale_uvit_mid_4by4_l6r9_low16_Y_bound/samples/expert_distribution_out_block_7_step300000.npy
2026-01-22 21:33:57,129 - train_greyscale_FA_MoE.py - Save a grid of 16 samples into output_shift_fa/acdc_wholeheart_uncond_fa_ec_moe_greyscale_uvit_mid_4by4_l6r9_low16_Y_bound/samples/300000.png by DPM-Solver
2026-01-22 21:34:02,743 - train_greyscale_FA_MoE.py - Finished saving sample grid to output_shift_fa/acdc_wholeheart_uncond_fa_ec_moe_greyscale_uvit_mid_4by4_l6r9_low16_Y_bound/samples/300000.png by DPM-Solver.
2026-01-22 21:34:02,788 - train_greyscale_FA_MoE.py - Save and eval checkpoint 300000...
2026-01-22 21:34:05,076 - train_greyscale_FA_MoE.py - eval_step: n_samples=50000, sample_steps=50, algorithm=dpm_solver, mini_batch_size=500, samples save into output_shift_fa/acdc_wholeheart_uncond_fa_ec_moe_greyscale_uvit_mid_4by4_l6r9_low16_Y_bound/samples/acdc_wholeheart_uncond_uvit_FA_EC_MoE_greyscale_mid_4by4_low16_300000_dpm
2026-01-22 22:24:25,082 - train_greyscale_FA_MoE.py - step=300000 fid50000=12.396888210006693
2026-01-22 22:29:36,635 - is_lpips.py - LPIPS: 0.5147 ± 0.0495
2026-01-22 22:29:36,640 - train_greyscale_FA_MoE.py - step=300000 LPIPS50000=0.5146948271298897
2026-01-22 22:34:34,796 - train_greyscale_FA_MoE.py - {'step': '300100', 'lr': '0.0002', 'total_loss': '0.0087449', 'main_loss': '0.0087449', 'time_per_step': '2.21746'}
2026-01-22 22:38:23,964 - train_greyscale_FA_MoE.py - {'step': '300200', 'lr': '0.0002', 'total_loss': '0.0053103', 'main_loss': '0.0053103', 'time_per_step': '2.2091'}
2026-01-22 22:42:13,673 - train_greyscale_FA_MoE.py - {'step': '300300', 'lr': '0.0002', 'total_loss': '0.00774056', 'main_loss': '0.00774056', 'time_per_step': '2.23564'}
2026-01-22 22:46:03,377 - train_greyscale_FA_MoE.py - {'step': '300400', 'lr': '0.0002', 'total_loss': '0.00951171', 'main_loss': '0.00951171', 'time_per_step': '2.3048'}
2026-01-22 22:49:51,662 - train_greyscale_FA_MoE.py - {'step': '300500', 'lr': '0.0002', 'total_loss': '0.0103816', 'main_loss': '0.0103816', 'time_per_step': '2.36323'}
2026-01-22 22:53:41,809 - train_greyscale_FA_MoE.py - {'step': '300600', 'lr': '0.0002', 'total_loss': '0.0103219', 'main_loss': '0.0103219', 'time_per_step': '2.23258'}
2026-01-22 22:57:31,552 - train_greyscale_FA_MoE.py - {'step': '300700', 'lr': '0.0002', 'total_loss': '0.00639593', 'main_loss': '0.00639593', 'time_per_step': '2.24204'}
2026-01-22 23:01:21,936 - train_greyscale_FA_MoE.py - {'step': '300800', 'lr': '0.0002', 'total_loss': '0.0100859', 'main_loss': '0.0100859', 'time_per_step': '2.21802'}
2026-01-22 23:05:10,412 - train_greyscale_FA_MoE.py - {'step': '300900', 'lr': '0.0002', 'total_loss': '0.00647536', 'main_loss': '0.00647536', 'time_per_step': '2.11282'}
2026-01-22 23:08:59,634 - train_greyscale_FA_MoE.py - {'step': '301000', 'lr': '0.0002', 'total_loss': '0.00636837', 'main_loss': '0.00636837', 'time_per_step': '2.13166'}
2026-01-22 23:12:49,617 - train_greyscale_FA_MoE.py - {'step': '301100', 'lr': '0.0002', 'total_loss': '0.00842157', 'main_loss': '0.00842157', 'time_per_step': '2.25004'}
2026-01-22 23:16:40,560 - train_greyscale_FA_MoE.py - {'step': '301200', 'lr': '0.0002', 'total_loss': '0.00625918', 'main_loss': '0.00625918', 'time_per_step': '2.23522'}
2026-01-22 23:20:29,122 - train_greyscale_FA_MoE.py - {'step': '301300', 'lr': '0.0002', 'total_loss': '0.00899185', 'main_loss': '0.00899185', 'time_per_step': '2.21775'}
2026-01-22 23:24:17,997 - train_greyscale_FA_MoE.py - {'step': '301400', 'lr': '0.0002', 'total_loss': '0.0114243', 'main_loss': '0.0114243', 'time_per_step': '2.23236'}
2026-01-22 23:28:08,311 - train_greyscale_FA_MoE.py - {'step': '301500', 'lr': '0.0002', 'total_loss': '0.00747587', 'main_loss': '0.00747587', 'time_per_step': '2.22067'}
2026-01-22 23:31:57,497 - train_greyscale_FA_MoE.py - {'step': '301600', 'lr': '0.0002', 'total_loss': '0.00764489', 'main_loss': '0.00764489', 'time_per_step': '2.22'}
2026-01-22 23:35:46,317 - train_greyscale_FA_MoE.py - {'step': '301700', 'lr': '0.0002', 'total_loss': '0.00844676', 'main_loss': '0.00844676', 'time_per_step': '2.23181'}
2026-01-22 23:39:36,929 - train_greyscale_FA_MoE.py - {'step': '301800', 'lr': '0.0002', 'total_loss': '0.00878984', 'main_loss': '0.00878984', 'time_per_step': '2.19683'}
2026-01-22 23:43:26,790 - train_greyscale_FA_MoE.py - {'step': '301900', 'lr': '0.0002', 'total_loss': '0.0072094', 'main_loss': '0.0072094', 'time_per_step': '2.25434'}
2026-01-22 23:47:16,405 - train_greyscale_FA_MoE.py - {'step': '302000', 'lr': '0.0002', 'total_loss': '0.00762496', 'main_loss': '0.00762496', 'time_per_step': '2.21285'}
2026-01-22 23:51:04,651 - train_greyscale_FA_MoE.py - {'step': '302100', 'lr': '0.0002', 'total_loss': '0.00610961', 'main_loss': '0.00610961', 'time_per_step': '2.11966'}
2026-01-22 23:54:53,737 - train_greyscale_FA_MoE.py - {'step': '302200', 'lr': '0.0002', 'total_loss': '0.00799041', 'main_loss': '0.00799041', 'time_per_step': '2.11782'}
2026-01-22 23:58:44,291 - train_greyscale_FA_MoE.py - {'step': '302300', 'lr': '0.0002', 'total_loss': '0.0092887', 'main_loss': '0.0092887', 'time_per_step': '2.22393'}
2026-01-23 00:02:33,938 - train_greyscale_FA_MoE.py - {'step': '302400', 'lr': '0.0002', 'total_loss': '0.00880945', 'main_loss': '0.00880945', 'time_per_step': '2.26704'}
2026-01-23 00:06:22,647 - train_greyscale_FA_MoE.py - {'step': '302500', 'lr': '0.0002', 'total_loss': '0.00893178', 'main_loss': '0.00893178', 'time_per_step': '2.24272'}
2026-01-23 00:10:12,526 - train_greyscale_FA_MoE.py - {'step': '302600', 'lr': '0.0002', 'total_loss': '0.00660031', 'main_loss': '0.00660031', 'time_per_step': '2.21921'}
2026-01-23 00:14:02,248 - train_greyscale_FA_MoE.py - {'step': '302700', 'lr': '0.0002', 'total_loss': '0.00680392', 'main_loss': '0.00680392', 'time_per_step': '2.22814'}
2026-01-23 00:17:53,435 - train_greyscale_FA_MoE.py - {'step': '302800', 'lr': '0.0002', 'total_loss': '0.0101149', 'main_loss': '0.0101149', 'time_per_step': '2.26073'}
2026-01-23 00:21:42,075 - train_greyscale_FA_MoE.py - {'step': '302900', 'lr': '0.0002', 'total_loss': '0.0081958', 'main_loss': '0.0081958', 'time_per_step': '2.24274'}
2026-01-23 00:25:31,068 - train_greyscale_FA_MoE.py - {'step': '303000', 'lr': '0.0002', 'total_loss': '0.00843814', 'main_loss': '0.00843814', 'time_per_step': '2.22301'}
2026-01-23 00:29:21,204 - train_greyscale_FA_MoE.py - {'step': '303100', 'lr': '0.0002', 'total_loss': '0.0108963', 'main_loss': '0.0108963', 'time_per_step': '2.20646'}
2026-01-23 00:33:10,805 - train_greyscale_FA_MoE.py - {'step': '303200', 'lr': '0.0002', 'total_loss': '0.010841', 'main_loss': '0.010841', 'time_per_step': '2.25246'}
2026-01-23 00:36:59,003 - train_greyscale_FA_MoE.py - {'step': '303300', 'lr': '0.0002', 'total_loss': '0.00957078', 'main_loss': '0.00957078', 'time_per_step': '2.11885'}
2026-01-23 00:40:48,101 - train_greyscale_FA_MoE.py - {'step': '303400', 'lr': '0.0002', 'total_loss': '0.00951168', 'main_loss': '0.00951168', 'time_per_step': '2.11922'}
2026-01-23 00:44:38,336 - train_greyscale_FA_MoE.py - {'step': '303500', 'lr': '0.0002', 'total_loss': '0.00943196', 'main_loss': '0.00943196', 'time_per_step': '2.22732'}
2026-01-23 00:48:27,220 - train_greyscale_FA_MoE.py - {'step': '303600', 'lr': '0.0002', 'total_loss': '0.00543606', 'main_loss': '0.00543606', 'time_per_step': '2.23156'}
2026-01-23 00:52:16,454 - train_greyscale_FA_MoE.py - {'step': '303700', 'lr': '0.0002', 'total_loss': '0.00825929', 'main_loss': '0.00825929', 'time_per_step': '2.2313'}
2026-01-23 00:56:06,507 - train_greyscale_FA_MoE.py - {'step': '303800', 'lr': '0.0002', 'total_loss': '0.010048', 'main_loss': '0.010048', 'time_per_step': '2.19517'}
2026-01-23 00:59:56,421 - train_greyscale_FA_MoE.py - {'step': '303900', 'lr': '0.0002', 'total_loss': '0.00871599', 'main_loss': '0.00871599', 'time_per_step': '2.23995'}
2026-01-23 01:03:46,097 - train_greyscale_FA_MoE.py - {'step': '304000', 'lr': '0.0002', 'total_loss': '0.00929555', 'main_loss': '0.00929555', 'time_per_step': '2.21171'}
2026-01-23 01:07:34,603 - train_greyscale_FA_MoE.py - {'step': '304100', 'lr': '0.0002', 'total_loss': '0.00630939', 'main_loss': '0.00630939', 'time_per_step': '2.22716'}
2026-01-23 01:11:24,503 - train_greyscale_FA_MoE.py - {'step': '304200', 'lr': '0.0002', 'total_loss': '0.0109658', 'main_loss': '0.0109658', 'time_per_step': '2.1909'}
2026-01-23 01:15:14,193 - train_greyscale_FA_MoE.py - {'step': '304300', 'lr': '0.0002', 'total_loss': '0.00499088', 'main_loss': '0.00499088', 'time_per_step': '2.25608'}
2026-01-23 01:19:03,944 - train_greyscale_FA_MoE.py - {'step': '304400', 'lr': '0.0002', 'total_loss': '0.00770298', 'main_loss': '0.00770298', 'time_per_step': '2.25658'}
2026-01-23 01:22:52,253 - train_greyscale_FA_MoE.py - {'step': '304500', 'lr': '0.0002', 'total_loss': '0.00715971', 'main_loss': '0.00715971', 'time_per_step': '2.14726'}
2026-01-23 01:26:41,590 - train_greyscale_FA_MoE.py - {'step': '304600', 'lr': '0.0002', 'total_loss': '0.00741897', 'main_loss': '0.00741897', 'time_per_step': '2.12274'}
2026-01-23 01:30:32,565 - train_greyscale_FA_MoE.py - {'step': '304700', 'lr': '0.0002', 'total_loss': '0.00887741', 'main_loss': '0.00887741', 'time_per_step': '2.28197'}
2026-01-23 01:34:21,799 - train_greyscale_FA_MoE.py - {'step': '304800', 'lr': '0.0002', 'total_loss': '0.00643888', 'main_loss': '0.00643888', 'time_per_step': '2.21259'}
2026-01-23 01:38:10,195 - train_greyscale_FA_MoE.py - {'step': '304900', 'lr': '0.0002', 'total_loss': '0.00765899', 'main_loss': '0.00765899', 'time_per_step': '2.22365'}
2026-01-23 01:42:00,582 - train_greyscale_FA_MoE.py - {'step': '305000', 'lr': '0.0002', 'total_loss': '0.00654426', 'main_loss': '0.00654426', 'time_per_step': '2.16688'}
2026-01-23 01:45:50,403 - train_greyscale_FA_MoE.py - {'step': '305100', 'lr': '0.0002', 'total_loss': '0.0129296', 'main_loss': '0.0129296', 'time_per_step': '2.21403'}
2026-01-23 01:49:40,514 - train_greyscale_FA_MoE.py - {'step': '305200', 'lr': '0.0002', 'total_loss': '0.00642544', 'main_loss': '0.00642544', 'time_per_step': '2.20502'}
2026-01-23 01:53:29,883 - train_greyscale_FA_MoE.py - {'step': '305300', 'lr': '0.0002', 'total_loss': '0.00719915', 'main_loss': '0.00719915', 'time_per_step': '2.23133'}
2026-01-23 01:57:18,351 - train_greyscale_FA_MoE.py - {'step': '305400', 'lr': '0.0002', 'total_loss': '0.00746846', 'main_loss': '0.00746846', 'time_per_step': '2.23296'}
2026-01-23 02:01:07,946 - train_greyscale_FA_MoE.py - {'step': '305500', 'lr': '0.0002', 'total_loss': '0.00614898', 'main_loss': '0.00614898', 'time_per_step': '2.21562'}
2026-01-23 02:04:57,942 - train_greyscale_FA_MoE.py - {'step': '305600', 'lr': '0.0002', 'total_loss': '0.00865758', 'main_loss': '0.00865758', 'time_per_step': '2.22557'}
2026-01-23 02:08:47,906 - train_greyscale_FA_MoE.py - {'step': '305700', 'lr': '0.0002', 'total_loss': '0.00582092', 'main_loss': '0.00582092', 'time_per_step': '2.11989'}
2026-01-23 02:12:36,381 - train_greyscale_FA_MoE.py - {'step': '305800', 'lr': '0.0002', 'total_loss': '0.00892658', 'main_loss': '0.00892658', 'time_per_step': '2.11762'}
2026-01-23 02:16:27,106 - train_greyscale_FA_MoE.py - {'step': '305900', 'lr': '0.0002', 'total_loss': '0.00877644', 'main_loss': '0.00877644', 'time_per_step': '2.23737'}
2026-01-23 02:20:17,202 - train_greyscale_FA_MoE.py - {'step': '306000', 'lr': '0.0002', 'total_loss': '0.0106334', 'main_loss': '0.0106334', 'time_per_step': '2.20993'}
2026-01-23 02:24:06,477 - train_greyscale_FA_MoE.py - {'step': '306100', 'lr': '0.0002', 'total_loss': '0.00858822', 'main_loss': '0.00858822', 'time_per_step': '2.20998'}
2026-01-23 02:27:55,312 - train_greyscale_FA_MoE.py - {'step': '306200', 'lr': '0.0002', 'total_loss': '0.00937584', 'main_loss': '0.00937584', 'time_per_step': '2.22127'}
2026-01-23 02:31:45,185 - train_greyscale_FA_MoE.py - {'step': '306300', 'lr': '0.0002', 'total_loss': '0.0119211', 'main_loss': '0.0119211', 'time_per_step': '2.18885'}
2026-01-23 02:35:34,426 - train_greyscale_FA_MoE.py - {'step': '306400', 'lr': '0.0002', 'total_loss': '0.00765272', 'main_loss': '0.00765272', 'time_per_step': '2.2771'}
2026-01-23 02:39:23,897 - train_greyscale_FA_MoE.py - {'step': '306500', 'lr': '0.0002', 'total_loss': '0.0129771', 'main_loss': '0.0129771', 'time_per_step': '2.21547'}
2026-01-23 02:43:12,798 - train_greyscale_FA_MoE.py - {'step': '306600', 'lr': '0.0002', 'total_loss': '0.00710267', 'main_loss': '0.00710267', 'time_per_step': '2.2255'}
2026-01-23 02:47:02,459 - train_greyscale_FA_MoE.py - {'step': '306700', 'lr': '0.0002', 'total_loss': '0.0124004', 'main_loss': '0.0124004', 'time_per_step': '2.3016'}
2026-01-23 02:50:51,947 - train_greyscale_FA_MoE.py - {'step': '306800', 'lr': '0.0002', 'total_loss': '0.00773901', 'main_loss': '0.00773901', 'time_per_step': '2.27845'}
2026-01-23 02:54:41,925 - train_greyscale_FA_MoE.py - {'step': '306900', 'lr': '0.0002', 'total_loss': '0.00764477', 'main_loss': '0.00764477', 'time_per_step': '2.13475'}
2026-01-23 02:58:30,071 - train_greyscale_FA_MoE.py - {'step': '307000', 'lr': '0.0002', 'total_loss': '0.00564936', 'main_loss': '0.00564936', 'time_per_step': '2.12414'}
2026-01-23 03:02:20,813 - train_greyscale_FA_MoE.py - {'step': '307100', 'lr': '0.0002', 'total_loss': '0.0101193', 'main_loss': '0.0101193', 'time_per_step': '2.2731'}
2026-01-23 03:06:10,774 - train_greyscale_FA_MoE.py - {'step': '307200', 'lr': '0.0002', 'total_loss': '0.00703536', 'main_loss': '0.00703536', 'time_per_step': '2.20673'}
2026-01-23 03:10:00,042 - train_greyscale_FA_MoE.py - {'step': '307300', 'lr': '0.0002', 'total_loss': '0.00923338', 'main_loss': '0.00923338', 'time_per_step': '2.25326'}
2026-01-23 03:13:48,340 - train_greyscale_FA_MoE.py - {'step': '307400', 'lr': '0.0002', 'total_loss': '0.00614952', 'main_loss': '0.00614952', 'time_per_step': '2.22273'}
2026-01-23 03:17:38,263 - train_greyscale_FA_MoE.py - {'step': '307500', 'lr': '0.0002', 'total_loss': '0.00608523', 'main_loss': '0.00608523', 'time_per_step': '2.24615'}
2026-01-23 03:21:28,488 - train_greyscale_FA_MoE.py - {'step': '307600', 'lr': '0.0002', 'total_loss': '0.00964431', 'main_loss': '0.00964431', 'time_per_step': '2.22459'}
2026-01-23 03:25:18,920 - train_greyscale_FA_MoE.py - {'step': '307700', 'lr': '0.0002', 'total_loss': '0.00581897', 'main_loss': '0.00581897', 'time_per_step': '2.26609'}
2026-01-23 03:29:07,730 - train_greyscale_FA_MoE.py - {'step': '307800', 'lr': '0.0002', 'total_loss': '0.00876353', 'main_loss': '0.00876353', 'time_per_step': '2.26597'}
2026-01-23 03:32:57,419 - train_greyscale_FA_MoE.py - {'step': '307900', 'lr': '0.0002', 'total_loss': '0.0129591', 'main_loss': '0.0129591', 'time_per_step': '2.20776'}
2026-01-23 03:36:47,100 - train_greyscale_FA_MoE.py - {'step': '308000', 'lr': '0.0002', 'total_loss': '0.0047158', 'main_loss': '0.0047158', 'time_per_step': '2.21554'}
2026-01-23 03:40:36,816 - train_greyscale_FA_MoE.py - {'step': '308100', 'lr': '0.0002', 'total_loss': '0.00558973', 'main_loss': '0.00558973', 'time_per_step': '2.12917'}
2026-01-23 03:44:25,290 - train_greyscale_FA_MoE.py - {'step': '308200', 'lr': '0.0002', 'total_loss': '0.00633585', 'main_loss': '0.00633585', 'time_per_step': '2.10178'}
2026-01-23 03:48:14,834 - train_greyscale_FA_MoE.py - {'step': '308300', 'lr': '0.0002', 'total_loss': '0.00608704', 'main_loss': '0.00608704', 'time_per_step': '2.22818'}
2026-01-23 03:52:05,261 - train_greyscale_FA_MoE.py - {'step': '308400', 'lr': '0.0002', 'total_loss': '0.0095087', 'main_loss': '0.0095087', 'time_per_step': '2.19133'}
2026-01-23 03:55:54,373 - train_greyscale_FA_MoE.py - {'step': '308500', 'lr': '0.0002', 'total_loss': '0.00525745', 'main_loss': '0.00525745', 'time_per_step': '2.2252'}
2026-01-23 03:59:43,323 - train_greyscale_FA_MoE.py - {'step': '308600', 'lr': '0.0002', 'total_loss': '0.00614587', 'main_loss': '0.00614587', 'time_per_step': '2.20896'}
2026-01-23 04:03:33,363 - train_greyscale_FA_MoE.py - {'step': '308700', 'lr': '0.0002', 'total_loss': '0.00899465', 'main_loss': '0.00899465', 'time_per_step': '2.3361'}
2026-01-23 04:07:22,042 - train_greyscale_FA_MoE.py - {'step': '308800', 'lr': '0.0002', 'total_loss': '0.00643297', 'main_loss': '0.00643297', 'time_per_step': '2.22869'}
2026-01-23 04:11:10,796 - train_greyscale_FA_MoE.py - {'step': '308900', 'lr': '0.0002', 'total_loss': '0.00755709', 'main_loss': '0.00755709', 'time_per_step': '2.25606'}
2026-01-23 04:14:59,152 - train_greyscale_FA_MoE.py - {'step': '309000', 'lr': '0.0002', 'total_loss': '0.0087111', 'main_loss': '0.0087111', 'time_per_step': '2.17304'}
2026-01-23 04:18:49,220 - train_greyscale_FA_MoE.py - {'step': '309100', 'lr': '0.0002', 'total_loss': '0.00699609', 'main_loss': '0.00699609', 'time_per_step': '2.2323'}
2026-01-23 04:22:39,078 - train_greyscale_FA_MoE.py - {'step': '309200', 'lr': '0.0002', 'total_loss': '0.00764226', 'main_loss': '0.00764226', 'time_per_step': '2.21342'}
2026-01-23 04:26:28,638 - train_greyscale_FA_MoE.py - {'step': '309300', 'lr': '0.0002', 'total_loss': '0.00964541', 'main_loss': '0.00964541', 'time_per_step': '2.11863'}
2026-01-23 04:30:16,484 - train_greyscale_FA_MoE.py - {'step': '309400', 'lr': '0.0002', 'total_loss': '0.00776349', 'main_loss': '0.00776349', 'time_per_step': '2.11745'}
2026-01-23 04:34:07,343 - train_greyscale_FA_MoE.py - {'step': '309500', 'lr': '0.0002', 'total_loss': '0.00719598', 'main_loss': '0.00719598', 'time_per_step': '2.21757'}
2026-01-23 04:37:57,046 - train_greyscale_FA_MoE.py - {'step': '309600', 'lr': '0.0002', 'total_loss': '0.00706507', 'main_loss': '0.00706507', 'time_per_step': '2.22142'}
2026-01-23 04:41:47,252 - train_greyscale_FA_MoE.py - {'step': '309700', 'lr': '0.0002', 'total_loss': '0.00540108', 'main_loss': '0.00540108', 'time_per_step': '2.2338'}
2026-01-23 04:45:35,739 - train_greyscale_FA_MoE.py - {'step': '309800', 'lr': '0.0002', 'total_loss': '0.00892394', 'main_loss': '0.00892394', 'time_per_step': '2.2465'}
2026-01-23 04:49:25,804 - train_greyscale_FA_MoE.py - {'step': '309900', 'lr': '0.0002', 'total_loss': '0.00899461', 'main_loss': '0.00899461', 'time_per_step': '2.20293'}
2026-01-23 04:53:15,394 - train_greyscale_FA_MoE.py - {'step': '310000', 'lr': '0.0002', 'total_loss': '0.00791659', 'main_loss': '0.00791659', 'time_per_step': '2.2678'}
2026-01-23 04:57:05,422 - train_greyscale_FA_MoE.py - {'step': '310100', 'lr': '0.0002', 'total_loss': '0.00862464', 'main_loss': '0.00862464', 'time_per_step': '2.23497'}
2026-01-23 05:00:54,093 - train_greyscale_FA_MoE.py - {'step': '310200', 'lr': '0.0002', 'total_loss': '0.012811', 'main_loss': '0.012811', 'time_per_step': '2.23542'}
2026-01-23 05:04:43,146 - train_greyscale_FA_MoE.py - {'step': '310300', 'lr': '0.0002', 'total_loss': '0.00841744', 'main_loss': '0.00841744', 'time_per_step': '2.19908'}
2026-01-23 05:08:32,898 - train_greyscale_FA_MoE.py - {'step': '310400', 'lr': '0.0002', 'total_loss': '0.00483791', 'main_loss': '0.00483791', 'time_per_step': '2.29813'}
2026-01-23 05:12:22,355 - train_greyscale_FA_MoE.py - {'step': '310500', 'lr': '0.0002', 'total_loss': '0.00935778', 'main_loss': '0.00935778', 'time_per_step': '2.12607'}
2026-01-23 05:16:11,546 - train_greyscale_FA_MoE.py - {'step': '310600', 'lr': '0.0002', 'total_loss': '0.00611235', 'main_loss': '0.00611235', 'time_per_step': '2.12675'}
2026-01-23 05:20:01,693 - train_greyscale_FA_MoE.py - {'step': '310700', 'lr': '0.0002', 'total_loss': '0.0059783', 'main_loss': '0.0059783', 'time_per_step': '2.23029'}
2026-01-23 05:23:51,345 - train_greyscale_FA_MoE.py - {'step': '310800', 'lr': '0.0002', 'total_loss': '0.0103343', 'main_loss': '0.0103343', 'time_per_step': '2.34444'}
2026-01-23 05:27:41,107 - train_greyscale_FA_MoE.py - {'step': '310900', 'lr': '0.0002', 'total_loss': '0.010773', 'main_loss': '0.010773', 'time_per_step': '2.22535'}
2026-01-23 05:31:30,166 - train_greyscale_FA_MoE.py - {'step': '311000', 'lr': '0.0002', 'total_loss': '0.00732804', 'main_loss': '0.00732804', 'time_per_step': '2.19979'}
2026-01-23 05:35:18,685 - train_greyscale_FA_MoE.py - {'step': '311100', 'lr': '0.0002', 'total_loss': '0.00547825', 'main_loss': '0.00547825', 'time_per_step': '2.23829'}
2026-01-23 05:39:08,530 - train_greyscale_FA_MoE.py - {'step': '311200', 'lr': '0.0002', 'total_loss': '0.010121', 'main_loss': '0.010121', 'time_per_step': '2.19141'}
2026-01-23 05:42:58,613 - train_greyscale_FA_MoE.py - {'step': '311300', 'lr': '0.0002', 'total_loss': '0.00841078', 'main_loss': '0.00841078', 'time_per_step': '2.2135'}
2026-01-23 05:46:48,438 - train_greyscale_FA_MoE.py - {'step': '311400', 'lr': '0.0002', 'total_loss': '0.00728677', 'main_loss': '0.00728677', 'time_per_step': '2.17073'}
2026-01-23 05:50:37,355 - train_greyscale_FA_MoE.py - {'step': '311500', 'lr': '0.0002', 'total_loss': '0.00563573', 'main_loss': '0.00563573', 'time_per_step': '2.20782'}
2026-01-23 05:54:26,142 - train_greyscale_FA_MoE.py - {'step': '311600', 'lr': '0.0002', 'total_loss': '0.00830549', 'main_loss': '0.00830549', 'time_per_step': '2.23288'}
2026-01-23 05:58:15,441 - train_greyscale_FA_MoE.py - {'step': '311700', 'lr': '0.0002', 'total_loss': '0.00764776', 'main_loss': '0.00764776', 'time_per_step': '2.1205'}
2026-01-23 06:02:05,380 - train_greyscale_FA_MoE.py - {'step': '311800', 'lr': '0.0002', 'total_loss': '0.00762285', 'main_loss': '0.00762285', 'time_per_step': '2.11656'}
2026-01-23 06:05:55,928 - train_greyscale_FA_MoE.py - {'step': '311900', 'lr': '0.0002', 'total_loss': '0.00564944', 'main_loss': '0.00564944', 'time_per_step': '2.2302'}
2026-01-23 06:09:45,746 - train_greyscale_FA_MoE.py - {'step': '312000', 'lr': '0.0002', 'total_loss': '0.00615594', 'main_loss': '0.00615594', 'time_per_step': '2.20188'}
2026-01-23 06:13:35,587 - train_greyscale_FA_MoE.py - {'step': '312100', 'lr': '0.0002', 'total_loss': '0.0080725', 'main_loss': '0.0080725', 'time_per_step': '2.22759'}
2026-01-23 06:17:26,500 - train_greyscale_FA_MoE.py - {'step': '312200', 'lr': '0.0002', 'total_loss': '0.00698688', 'main_loss': '0.00698688', 'time_per_step': '2.24531'}
2026-01-23 06:21:15,223 - train_greyscale_FA_MoE.py - {'step': '312300', 'lr': '0.0002', 'total_loss': '0.00802884', 'main_loss': '0.00802884', 'time_per_step': '2.21812'}
2026-01-23 06:25:05,295 - train_greyscale_FA_MoE.py - {'step': '312400', 'lr': '0.0002', 'total_loss': '0.00779192', 'main_loss': '0.00779192', 'time_per_step': '2.22169'}
2026-01-23 06:28:54,875 - train_greyscale_FA_MoE.py - {'step': '312500', 'lr': '0.0002', 'total_loss': '0.0105651', 'main_loss': '0.0105651', 'time_per_step': '2.23235'}
2026-01-23 06:32:45,194 - train_greyscale_FA_MoE.py - {'step': '312600', 'lr': '0.0002', 'total_loss': '0.00842156', 'main_loss': '0.00842156', 'time_per_step': '2.20403'}
2026-01-23 06:36:33,889 - train_greyscale_FA_MoE.py - {'step': '312700', 'lr': '0.0002', 'total_loss': '0.00509736', 'main_loss': '0.00509736', 'time_per_step': '2.30375'}
2026-01-23 06:40:23,759 - train_greyscale_FA_MoE.py - {'step': '312800', 'lr': '0.0002', 'total_loss': '0.00930105', 'main_loss': '0.00930105', 'time_per_step': '2.2463'}
2026-01-23 06:44:13,710 - train_greyscale_FA_MoE.py - {'step': '312900', 'lr': '0.0002', 'total_loss': '0.00861087', 'main_loss': '0.00861087', 'time_per_step': '2.11825'}
2026-01-23 06:48:02,619 - train_greyscale_FA_MoE.py - {'step': '313000', 'lr': '0.0002', 'total_loss': '0.00734255', 'main_loss': '0.00734255', 'time_per_step': '2.17274'}
2026-01-23 06:51:52,039 - train_greyscale_FA_MoE.py - {'step': '313100', 'lr': '0.0002', 'total_loss': '0.00606148', 'main_loss': '0.00606148', 'time_per_step': '2.28498'}
2026-01-23 06:55:42,092 - train_greyscale_FA_MoE.py - {'step': '313200', 'lr': '0.0002', 'total_loss': '0.00806308', 'main_loss': '0.00806308', 'time_per_step': '2.22552'}
2026-01-23 06:59:30,911 - train_greyscale_FA_MoE.py - {'step': '313300', 'lr': '0.0002', 'total_loss': '0.0115739', 'main_loss': '0.0115739', 'time_per_step': '2.2261'}
2026-01-23 07:03:19,855 - train_greyscale_FA_MoE.py - {'step': '313400', 'lr': '0.0002', 'total_loss': '0.00861042', 'main_loss': '0.00861042', 'time_per_step': '2.22595'}
2026-01-23 07:07:08,452 - train_greyscale_FA_MoE.py - {'step': '313500', 'lr': '0.0002', 'total_loss': '0.0089361', 'main_loss': '0.0089361', 'time_per_step': '2.19922'}
2026-01-23 07:10:57,979 - train_greyscale_FA_MoE.py - {'step': '313600', 'lr': '0.0002', 'total_loss': '0.00691787', 'main_loss': '0.00691787', 'time_per_step': '2.23686'}
2026-01-23 07:14:47,351 - train_greyscale_FA_MoE.py - {'step': '313700', 'lr': '0.0002', 'total_loss': '0.00733164', 'main_loss': '0.00733164', 'time_per_step': '2.22908'}
2026-01-23 07:18:38,196 - train_greyscale_FA_MoE.py - {'step': '313800', 'lr': '0.0002', 'total_loss': '0.00948775', 'main_loss': '0.00948775', 'time_per_step': '2.19624'}
2026-01-23 07:22:27,088 - train_greyscale_FA_MoE.py - {'step': '313900', 'lr': '0.0002', 'total_loss': '0.00803215', 'main_loss': '0.00803215', 'time_per_step': '2.22549'}
2026-01-23 07:26:16,913 - train_greyscale_FA_MoE.py - {'step': '314000', 'lr': '0.0002', 'total_loss': '0.010285', 'main_loss': '0.010285', 'time_per_step': '2.21242'}
2026-01-23 07:30:06,220 - train_greyscale_FA_MoE.py - {'step': '314100', 'lr': '0.0002', 'total_loss': '0.00594482', 'main_loss': '0.00594482', 'time_per_step': '2.12305'}
2026-01-23 07:33:55,942 - train_greyscale_FA_MoE.py - {'step': '314200', 'lr': '0.0002', 'total_loss': '0.00997629', 'main_loss': '0.00997629', 'time_per_step': '2.13064'}
2026-01-23 07:37:45,417 - train_greyscale_FA_MoE.py - {'step': '314300', 'lr': '0.0002', 'total_loss': '0.00841068', 'main_loss': '0.00841068', 'time_per_step': '2.22178'}
2026-01-23 07:41:34,893 - train_greyscale_FA_MoE.py - {'step': '314400', 'lr': '0.0002', 'total_loss': '0.0101773', 'main_loss': '0.0101773', 'time_per_step': '2.22198'}
2026-01-23 07:45:24,754 - train_greyscale_FA_MoE.py - {'step': '314500', 'lr': '0.0002', 'total_loss': '0.00630741', 'main_loss': '0.00630741', 'time_per_step': '2.2284'}
2026-01-23 07:49:13,818 - train_greyscale_FA_MoE.py - {'step': '314600', 'lr': '0.0002', 'total_loss': '0.00707325', 'main_loss': '0.00707325', 'time_per_step': '2.19504'}
2026-01-23 07:53:02,624 - train_greyscale_FA_MoE.py - {'step': '314700', 'lr': '0.0002', 'total_loss': '0.0109221', 'main_loss': '0.0109221', 'time_per_step': '2.31783'}
2026-01-23 07:56:52,708 - train_greyscale_FA_MoE.py - {'step': '314800', 'lr': '0.0002', 'total_loss': '0.0105029', 'main_loss': '0.0105029', 'time_per_step': '2.22133'}
2026-01-23 08:00:41,719 - train_greyscale_FA_MoE.py - {'step': '314900', 'lr': '0.0002', 'total_loss': '0.00624382', 'main_loss': '0.00624382', 'time_per_step': '2.26475'}
2026-01-23 08:04:31,458 - train_greyscale_FA_MoE.py - {'step': '315000', 'lr': '0.0002', 'total_loss': '0.00641858', 'main_loss': '0.00641858', 'time_per_step': '2.23186'}
2026-01-23 08:08:20,105 - train_greyscale_FA_MoE.py - {'step': '315100', 'lr': '0.0002', 'total_loss': '0.00647678', 'main_loss': '0.00647678', 'time_per_step': '2.23933'}
2026-01-23 08:12:09,915 - train_greyscale_FA_MoE.py - {'step': '315200', 'lr': '0.0002', 'total_loss': '0.012093', 'main_loss': '0.012093', 'time_per_step': '2.18476'}
2026-01-23 08:16:00,692 - train_greyscale_FA_MoE.py - {'step': '315300', 'lr': '0.0002', 'total_loss': '0.0107256', 'main_loss': '0.0107256', 'time_per_step': '2.11901'}
2026-01-23 08:19:50,692 - train_greyscale_FA_MoE.py - {'step': '315400', 'lr': '0.0002', 'total_loss': '0.00868373', 'main_loss': '0.00868373', 'time_per_step': '2.12333'}
2026-01-23 08:23:40,056 - train_greyscale_FA_MoE.py - {'step': '315500', 'lr': '0.0002', 'total_loss': '0.00873573', 'main_loss': '0.00873573', 'time_per_step': '2.2213'}
2026-01-23 08:27:29,947 - train_greyscale_FA_MoE.py - {'step': '315600', 'lr': '0.0002', 'total_loss': '0.00767953', 'main_loss': '0.00767953', 'time_per_step': '2.23634'}
2026-01-23 08:31:19,519 - train_greyscale_FA_MoE.py - {'step': '315700', 'lr': '0.0002', 'total_loss': '0.00931768', 'main_loss': '0.00931768', 'time_per_step': '2.2335'}
2026-01-23 08:35:09,821 - train_greyscale_FA_MoE.py - {'step': '315800', 'lr': '0.0002', 'total_loss': '0.00459729', 'main_loss': '0.00459729', 'time_per_step': '2.26243'}
2026-01-23 08:38:58,913 - train_greyscale_FA_MoE.py - {'step': '315900', 'lr': '0.0002', 'total_loss': '0.00559784', 'main_loss': '0.00559784', 'time_per_step': '2.23925'}
2026-01-23 08:42:47,461 - train_greyscale_FA_MoE.py - {'step': '316000', 'lr': '0.0002', 'total_loss': '0.00772813', 'main_loss': '0.00772813', 'time_per_step': '2.24985'}
2026-01-23 08:46:37,705 - train_greyscale_FA_MoE.py - {'step': '316100', 'lr': '0.0002', 'total_loss': '0.00807228', 'main_loss': '0.00807228', 'time_per_step': '2.23156'}
2026-01-23 08:50:27,466 - train_greyscale_FA_MoE.py - {'step': '316200', 'lr': '0.0002', 'total_loss': '0.00721618', 'main_loss': '0.00721618', 'time_per_step': '2.238'}
2026-01-23 08:54:17,650 - train_greyscale_FA_MoE.py - {'step': '316300', 'lr': '0.0002', 'total_loss': '0.00691374', 'main_loss': '0.00691374', 'time_per_step': '2.23531'}
2026-01-23 08:58:06,417 - train_greyscale_FA_MoE.py - {'step': '316400', 'lr': '0.0002', 'total_loss': '0.00907916', 'main_loss': '0.00907916', 'time_per_step': '2.22794'}
2026-01-23 09:01:55,475 - train_greyscale_FA_MoE.py - {'step': '316500', 'lr': '0.0002', 'total_loss': '0.00634363', 'main_loss': '0.00634363', 'time_per_step': '2.0999'}
2026-01-23 09:05:44,920 - train_greyscale_FA_MoE.py - {'step': '316600', 'lr': '0.0002', 'total_loss': '0.00837276', 'main_loss': '0.00837276', 'time_per_step': '2.11828'}
2026-01-23 09:09:34,993 - train_greyscale_FA_MoE.py - {'step': '316700', 'lr': '0.0002', 'total_loss': '0.00725533', 'main_loss': '0.00725533', 'time_per_step': '2.25252'}
2026-01-23 09:13:23,858 - train_greyscale_FA_MoE.py - {'step': '316800', 'lr': '0.0002', 'total_loss': '0.0115815', 'main_loss': '0.0115815', 'time_per_step': '2.20946'}
2026-01-23 09:17:15,132 - train_greyscale_FA_MoE.py - {'step': '316900', 'lr': '0.0002', 'total_loss': '0.00936757', 'main_loss': '0.00936757', 'time_per_step': '2.20698'}
2026-01-23 09:21:05,520 - train_greyscale_FA_MoE.py - {'step': '317000', 'lr': '0.0002', 'total_loss': '0.00533749', 'main_loss': '0.00533749', 'time_per_step': '2.21257'}
2026-01-23 09:24:54,374 - train_greyscale_FA_MoE.py - {'step': '317100', 'lr': '0.0002', 'total_loss': '0.00775684', 'main_loss': '0.00775684', 'time_per_step': '2.22888'}
2026-01-23 09:28:42,985 - train_greyscale_FA_MoE.py - {'step': '317200', 'lr': '0.0002', 'total_loss': '0.0137942', 'main_loss': '0.0137942', 'time_per_step': '2.23127'}
2026-01-23 09:32:33,073 - train_greyscale_FA_MoE.py - {'step': '317300', 'lr': '0.0002', 'total_loss': '0.00762434', 'main_loss': '0.00762434', 'time_per_step': '2.28849'}
2026-01-23 09:36:22,119 - train_greyscale_FA_MoE.py - {'step': '317400', 'lr': '0.0002', 'total_loss': '0.00871093', 'main_loss': '0.00871093', 'time_per_step': '2.25179'}
2026-01-23 09:40:11,982 - train_greyscale_FA_MoE.py - {'step': '317500', 'lr': '0.0002', 'total_loss': '0.00497542', 'main_loss': '0.00497542', 'time_per_step': '2.24051'}
2026-01-23 09:44:00,726 - train_greyscale_FA_MoE.py - {'step': '317600', 'lr': '0.0002', 'total_loss': '0.0104001', 'main_loss': '0.0104001', 'time_per_step': '2.19947'}
2026-01-23 09:47:50,041 - train_greyscale_FA_MoE.py - {'step': '317700', 'lr': '0.0002', 'total_loss': '0.00957208', 'main_loss': '0.00957208', 'time_per_step': '2.11749'}
2026-01-23 09:51:39,818 - train_greyscale_FA_MoE.py - {'step': '317800', 'lr': '0.0002', 'total_loss': '0.00772487', 'main_loss': '0.00772487', 'time_per_step': '2.11648'}
2026-01-23 09:55:29,821 - train_greyscale_FA_MoE.py - {'step': '317900', 'lr': '0.0002', 'total_loss': '0.00680808', 'main_loss': '0.00680808', 'time_per_step': '2.23592'}
2026-01-23 09:59:18,582 - train_greyscale_FA_MoE.py - {'step': '318000', 'lr': '0.0002', 'total_loss': '0.00807195', 'main_loss': '0.00807195', 'time_per_step': '2.21838'}
2026-01-23 10:03:08,355 - train_greyscale_FA_MoE.py - {'step': '318100', 'lr': '0.0002', 'total_loss': '0.00769003', 'main_loss': '0.00769003', 'time_per_step': '2.22902'}
2026-01-23 10:06:58,441 - train_greyscale_FA_MoE.py - {'step': '318200', 'lr': '0.0002', 'total_loss': '0.00864996', 'main_loss': '0.00864996', 'time_per_step': '2.26417'}
2026-01-23 10:10:48,627 - train_greyscale_FA_MoE.py - {'step': '318300', 'lr': '0.0002', 'total_loss': '0.00991392', 'main_loss': '0.00991392', 'time_per_step': '2.222'}
2026-01-23 10:14:37,278 - train_greyscale_FA_MoE.py - {'step': '318400', 'lr': '0.0002', 'total_loss': '0.00946289', 'main_loss': '0.00946289', 'time_per_step': '2.21758'}
2026-01-23 10:18:28,496 - train_greyscale_FA_MoE.py - {'step': '318500', 'lr': '0.0002', 'total_loss': '0.00987579', 'main_loss': '0.00987579', 'time_per_step': '2.24838'}
2026-01-23 10:22:18,286 - train_greyscale_FA_MoE.py - {'step': '318600', 'lr': '0.0002', 'total_loss': '0.00479622', 'main_loss': '0.00479622', 'time_per_step': '2.20312'}
2026-01-23 10:26:08,349 - train_greyscale_FA_MoE.py - {'step': '318700', 'lr': '0.0002', 'total_loss': '0.0104834', 'main_loss': '0.0104834', 'time_per_step': '2.24022'}
2026-01-23 10:29:56,949 - train_greyscale_FA_MoE.py - {'step': '318800', 'lr': '0.0002', 'total_loss': '0.00817385', 'main_loss': '0.00817385', 'time_per_step': '2.26868'}
2026-01-23 10:33:46,284 - train_greyscale_FA_MoE.py - {'step': '318900', 'lr': '0.0002', 'total_loss': '0.00851307', 'main_loss': '0.00851307', 'time_per_step': '2.11978'}
2026-01-23 10:37:34,719 - train_greyscale_FA_MoE.py - {'step': '319000', 'lr': '0.0002', 'total_loss': '0.0089513', 'main_loss': '0.0089513', 'time_per_step': '2.11927'}
2026-01-23 10:41:25,012 - train_greyscale_FA_MoE.py - {'step': '319100', 'lr': '0.0002', 'total_loss': '0.00564213', 'main_loss': '0.00564213', 'time_per_step': '2.17962'}
2026-01-23 10:45:13,781 - train_greyscale_FA_MoE.py - {'step': '319200', 'lr': '0.0002', 'total_loss': '0.00887952', 'main_loss': '0.00887952', 'time_per_step': '2.23461'}
2026-01-23 10:49:03,185 - train_greyscale_FA_MoE.py - {'step': '319300', 'lr': '0.0002', 'total_loss': '0.00984067', 'main_loss': '0.00984067', 'time_per_step': '2.30567'}
2026-01-23 10:52:52,809 - train_greyscale_FA_MoE.py - {'step': '319400', 'lr': '0.0002', 'total_loss': '0.00533932', 'main_loss': '0.00533932', 'time_per_step': '2.25097'}
2026-01-23 10:56:42,945 - train_greyscale_FA_MoE.py - {'step': '319500', 'lr': '0.0002', 'total_loss': '0.00864742', 'main_loss': '0.00864742', 'time_per_step': '2.22389'}
2026-01-23 11:00:31,693 - train_greyscale_FA_MoE.py - {'step': '319600', 'lr': '0.0002', 'total_loss': '0.0064419', 'main_loss': '0.0064419', 'time_per_step': '2.19459'}
2026-01-23 11:04:21,559 - train_greyscale_FA_MoE.py - {'step': '319700', 'lr': '0.0002', 'total_loss': '0.00767777', 'main_loss': '0.00767777', 'time_per_step': '2.251'}
2026-01-23 11:08:10,551 - train_greyscale_FA_MoE.py - {'step': '319800', 'lr': '0.0002', 'total_loss': '0.00747237', 'main_loss': '0.00747237', 'time_per_step': '2.25872'}
2026-01-23 11:11:59,841 - train_greyscale_FA_MoE.py - {'step': '319900', 'lr': '0.0002', 'total_loss': '0.00757656', 'main_loss': '0.00757656', 'time_per_step': '2.25193'}
2026-01-23 11:15:49,154 - train_greyscale_FA_MoE.py - {'step': '320000', 'lr': '0.0002', 'total_loss': '0.00646881', 'main_loss': '0.00646881', 'time_per_step': '2.19038'}
2026-01-23 11:19:38,929 - train_greyscale_FA_MoE.py - {'step': '320100', 'lr': '0.0002', 'total_loss': '0.00723945', 'main_loss': '0.00723945', 'time_per_step': '2.10611'}
2026-01-23 11:23:28,589 - train_greyscale_FA_MoE.py - {'step': '320200', 'lr': '0.0002', 'total_loss': '0.00769182', 'main_loss': '0.00769182', 'time_per_step': '2.10334'}
2026-01-23 11:27:18,950 - train_greyscale_FA_MoE.py - {'step': '320300', 'lr': '0.0002', 'total_loss': '0.00804141', 'main_loss': '0.00804141', 'time_per_step': '2.24097'}
2026-01-23 11:31:07,442 - train_greyscale_FA_MoE.py - {'step': '320400', 'lr': '0.0002', 'total_loss': '0.0106716', 'main_loss': '0.0106716', 'time_per_step': '2.2177'}
2026-01-23 11:34:57,294 - train_greyscale_FA_MoE.py - {'step': '320500', 'lr': '0.0002', 'total_loss': '0.00659738', 'main_loss': '0.00659738', 'time_per_step': '2.21832'}
2026-01-23 11:38:47,222 - train_greyscale_FA_MoE.py - {'step': '320600', 'lr': '0.0002', 'total_loss': '0.00816545', 'main_loss': '0.00816545', 'time_per_step': '2.2212'}
2026-01-23 11:42:37,675 - train_greyscale_FA_MoE.py - {'step': '320700', 'lr': '0.0002', 'total_loss': '0.00617264', 'main_loss': '0.00617264', 'time_per_step': '2.21837'}
2026-01-23 11:46:26,601 - train_greyscale_FA_MoE.py - {'step': '320800', 'lr': '0.0002', 'total_loss': '0.00889539', 'main_loss': '0.00889539', 'time_per_step': '2.26215'}
2026-01-23 11:50:16,848 - train_greyscale_FA_MoE.py - {'step': '320900', 'lr': '0.0002', 'total_loss': '0.0113601', 'main_loss': '0.0113601', 'time_per_step': '2.21955'}
2026-01-23 11:54:05,797 - train_greyscale_FA_MoE.py - {'step': '321000', 'lr': '0.0002', 'total_loss': '0.0119304', 'main_loss': '0.0119304', 'time_per_step': '2.23138'}
2026-01-23 11:57:55,533 - train_greyscale_FA_MoE.py - {'step': '321100', 'lr': '0.0002', 'total_loss': '0.00739321', 'main_loss': '0.00739321', 'time_per_step': '2.23987'}
2026-01-23 12:01:45,955 - train_greyscale_FA_MoE.py - {'step': '321200', 'lr': '0.0002', 'total_loss': '0.00783425', 'main_loss': '0.00783425', 'time_per_step': '2.19531'}
2026-01-23 12:05:34,499 - train_greyscale_FA_MoE.py - {'step': '321300', 'lr': '0.0002', 'total_loss': '0.00677753', 'main_loss': '0.00677753', 'time_per_step': '2.116'}
2026-01-23 12:09:22,911 - train_greyscale_FA_MoE.py - {'step': '321400', 'lr': '0.0002', 'total_loss': '0.00511698', 'main_loss': '0.00511698', 'time_per_step': '2.12362'}
2026-01-23 12:13:13,783 - train_greyscale_FA_MoE.py - {'step': '321500', 'lr': '0.0002', 'total_loss': '0.00772789', 'main_loss': '0.00772789', 'time_per_step': '2.2163'}
2026-01-23 12:17:05,075 - train_greyscale_FA_MoE.py - {'step': '321600', 'lr': '0.0002', 'total_loss': '0.00890397', 'main_loss': '0.00890397', 'time_per_step': '2.25824'}
2026-01-23 12:20:53,801 - train_greyscale_FA_MoE.py - {'step': '321700', 'lr': '0.0002', 'total_loss': '0.00695898', 'main_loss': '0.00695898', 'time_per_step': '2.23601'}
2026-01-23 12:24:43,599 - train_greyscale_FA_MoE.py - {'step': '321800', 'lr': '0.0002', 'total_loss': '0.00709674', 'main_loss': '0.00709674', 'time_per_step': '2.2259'}
2026-01-23 12:28:33,110 - train_greyscale_FA_MoE.py - {'step': '321900', 'lr': '0.0002', 'total_loss': '0.00743491', 'main_loss': '0.00743491', 'time_per_step': '2.29674'}
2026-01-23 12:32:22,557 - train_greyscale_FA_MoE.py - {'step': '322000', 'lr': '0.0002', 'total_loss': '0.00712978', 'main_loss': '0.00712978', 'time_per_step': '2.20745'}
2026-01-23 12:36:11,554 - train_greyscale_FA_MoE.py - {'step': '322100', 'lr': '0.0002', 'total_loss': '0.00742179', 'main_loss': '0.00742179', 'time_per_step': '2.23083'}
2026-01-23 12:40:00,455 - train_greyscale_FA_MoE.py - {'step': '322200', 'lr': '0.0002', 'total_loss': '0.00975234', 'main_loss': '0.00975234', 'time_per_step': '2.20525'}
2026-01-23 12:43:49,309 - train_greyscale_FA_MoE.py - {'step': '322300', 'lr': '0.0002', 'total_loss': '0.0104543', 'main_loss': '0.0104543', 'time_per_step': '2.23847'}
2026-01-23 12:47:38,987 - train_greyscale_FA_MoE.py - {'step': '322400', 'lr': '0.0002', 'total_loss': '0.00756382', 'main_loss': '0.00756382', 'time_per_step': '2.23041'}
2026-01-23 12:51:27,467 - train_greyscale_FA_MoE.py - {'step': '322500', 'lr': '0.0002', 'total_loss': '0.00991868', 'main_loss': '0.00991868', 'time_per_step': '2.11175'}
2026-01-23 12:55:16,898 - train_greyscale_FA_MoE.py - {'step': '322600', 'lr': '0.0002', 'total_loss': '0.00733065', 'main_loss': '0.00733065', 'time_per_step': '2.11847'}
2026-01-23 12:59:07,244 - train_greyscale_FA_MoE.py - {'step': '322700', 'lr': '0.0002', 'total_loss': '0.00779054', 'main_loss': '0.00779054', 'time_per_step': '2.17446'}
2026-01-23 13:02:56,989 - train_greyscale_FA_MoE.py - {'step': '322800', 'lr': '0.0002', 'total_loss': '0.00556968', 'main_loss': '0.00556968', 'time_per_step': '2.27209'}
2026-01-23 13:06:45,403 - train_greyscale_FA_MoE.py - {'step': '322900', 'lr': '0.0002', 'total_loss': '0.00901147', 'main_loss': '0.00901147', 'time_per_step': '2.21727'}
2026-01-23 13:10:35,578 - train_greyscale_FA_MoE.py - {'step': '323000', 'lr': '0.0002', 'total_loss': '0.00618723', 'main_loss': '0.00618723', 'time_per_step': '2.22567'}
2026-01-23 13:14:24,378 - train_greyscale_FA_MoE.py - {'step': '323100', 'lr': '0.0002', 'total_loss': '0.00664054', 'main_loss': '0.00664054', 'time_per_step': '2.21431'}
2026-01-23 13:18:15,220 - train_greyscale_FA_MoE.py - {'step': '323200', 'lr': '0.0002', 'total_loss': '0.00968515', 'main_loss': '0.00968515', 'time_per_step': '2.23071'}
2026-01-23 13:22:03,584 - train_greyscale_FA_MoE.py - {'step': '323300', 'lr': '0.0002', 'total_loss': '0.00986226', 'main_loss': '0.00986226', 'time_per_step': '2.29994'}
2026-01-23 13:25:53,014 - train_greyscale_FA_MoE.py - {'step': '323400', 'lr': '0.0002', 'total_loss': '0.0141662', 'main_loss': '0.0141662', 'time_per_step': '2.2139'}
2026-01-23 13:29:42,822 - train_greyscale_FA_MoE.py - {'step': '323500', 'lr': '0.0002', 'total_loss': '0.0143029', 'main_loss': '0.0143029', 'time_per_step': '2.26552'}
2026-01-23 13:33:31,952 - train_greyscale_FA_MoE.py - {'step': '323600', 'lr': '0.0002', 'total_loss': '0.0065321', 'main_loss': '0.0065321', 'time_per_step': '2.20846'}
2026-01-23 13:37:20,119 - train_greyscale_FA_MoE.py - {'step': '323700', 'lr': '0.0002', 'total_loss': '0.00858789', 'main_loss': '0.00858789', 'time_per_step': '2.11949'}
2026-01-23 13:41:09,927 - train_greyscale_FA_MoE.py - {'step': '323800', 'lr': '0.0002', 'total_loss': '0.00657135', 'main_loss': '0.00657135', 'time_per_step': '2.11308'}
2026-01-23 13:44:59,971 - train_greyscale_FA_MoE.py - {'step': '323900', 'lr': '0.0002', 'total_loss': '0.00621854', 'main_loss': '0.00621854', 'time_per_step': '2.16933'}
2026-01-23 13:48:49,900 - train_greyscale_FA_MoE.py - {'step': '324000', 'lr': '0.0002', 'total_loss': '0.0089051', 'main_loss': '0.0089051', 'time_per_step': '2.22571'}
2026-01-23 13:52:38,871 - train_greyscale_FA_MoE.py - {'step': '324100', 'lr': '0.0002', 'total_loss': '0.006549', 'main_loss': '0.006549', 'time_per_step': '2.22083'}
2026-01-23 13:56:28,161 - train_greyscale_FA_MoE.py - {'step': '324200', 'lr': '0.0002', 'total_loss': '0.00740395', 'main_loss': '0.00740395', 'time_per_step': '2.24301'}
2026-01-23 14:00:17,526 - train_greyscale_FA_MoE.py - {'step': '324300', 'lr': '0.0002', 'total_loss': '0.00682236', 'main_loss': '0.00682236', 'time_per_step': '2.21827'}
2026-01-23 14:04:07,751 - train_greyscale_FA_MoE.py - {'step': '324400', 'lr': '0.0002', 'total_loss': '0.00714786', 'main_loss': '0.00714786', 'time_per_step': '2.20449'}
2026-01-23 14:07:56,455 - train_greyscale_FA_MoE.py - {'step': '324500', 'lr': '0.0002', 'total_loss': '0.0105847', 'main_loss': '0.0105847', 'time_per_step': '2.23663'}
2026-01-23 14:11:45,718 - train_greyscale_FA_MoE.py - {'step': '324600', 'lr': '0.0002', 'total_loss': '0.00496223', 'main_loss': '0.00496223', 'time_per_step': '2.21878'}
2026-01-23 14:15:35,880 - train_greyscale_FA_MoE.py - {'step': '324700', 'lr': '0.0002', 'total_loss': '0.00691607', 'main_loss': '0.00691607', 'time_per_step': '2.19771'}
2026-01-23 14:19:26,798 - train_greyscale_FA_MoE.py - {'step': '324800', 'lr': '0.0002', 'total_loss': '0.00991506', 'main_loss': '0.00991506', 'time_per_step': '2.23852'}
2026-01-23 14:23:15,307 - train_greyscale_FA_MoE.py - {'step': '324900', 'lr': '0.0002', 'total_loss': '0.00976099', 'main_loss': '0.00976099', 'time_per_step': '2.12153'}
2026-01-23 14:27:04,336 - train_greyscale_FA_MoE.py - {'step': '325000', 'lr': '0.0002', 'total_loss': '0.00815722', 'main_loss': '0.00815722', 'time_per_step': '2.13162'}
2026-01-23 14:27:04,360 - train_greyscale_FA_MoE.py - Saved expert distribution of layer in_block_0 to output_shift_fa/acdc_wholeheart_uncond_fa_ec_moe_greyscale_uvit_mid_4by4_l6r9_low16_Y_bound/samples/expert_distribution_in_block_0_step325000.npy
2026-01-23 14:27:06,058 - train_greyscale_FA_MoE.py - Saved expert distribution of layer out_block_7 to output_shift_fa/acdc_wholeheart_uncond_fa_ec_moe_greyscale_uvit_mid_4by4_l6r9_low16_Y_bound/samples/expert_distribution_out_block_7_step325000.npy
2026-01-23 14:27:07,519 - train_greyscale_FA_MoE.py - Save a grid of 16 samples into output_shift_fa/acdc_wholeheart_uncond_fa_ec_moe_greyscale_uvit_mid_4by4_l6r9_low16_Y_bound/samples/325000.png by DPM-Solver
2026-01-23 14:27:13,032 - train_greyscale_FA_MoE.py - Finished saving sample grid to output_shift_fa/acdc_wholeheart_uncond_fa_ec_moe_greyscale_uvit_mid_4by4_l6r9_low16_Y_bound/samples/325000.png by DPM-Solver.
2026-01-23 14:27:13,107 - train_greyscale_FA_MoE.py - Save and eval checkpoint 325000...
2026-01-23 14:27:15,426 - train_greyscale_FA_MoE.py - eval_step: n_samples=50000, sample_steps=50, algorithm=dpm_solver, mini_batch_size=500, samples save into output_shift_fa/acdc_wholeheart_uncond_fa_ec_moe_greyscale_uvit_mid_4by4_l6r9_low16_Y_bound/samples/acdc_wholeheart_uncond_uvit_FA_EC_MoE_greyscale_mid_4by4_low16_325000_dpm
2026-01-23 15:17:34,690 - train_greyscale_FA_MoE.py - step=325000 fid50000=12.100701032252744
2026-01-23 15:22:04,401 - is_lpips.py - LPIPS: 0.5143 ± 0.0498
2026-01-23 15:22:04,407 - train_greyscale_FA_MoE.py - step=325000 LPIPS50000=0.5143089703733154
2026-01-23 15:27:16,153 - train_greyscale_FA_MoE.py - {'step': '325100', 'lr': '0.0002', 'total_loss': '0.00997795', 'main_loss': '0.00997795', 'time_per_step': '2.23677'}
2026-01-23 15:31:05,559 - train_greyscale_FA_MoE.py - {'step': '325200', 'lr': '0.0002', 'total_loss': '0.00752076', 'main_loss': '0.00752076', 'time_per_step': '2.1928'}
2026-01-23 15:34:55,192 - train_greyscale_FA_MoE.py - {'step': '325300', 'lr': '0.0002', 'total_loss': '0.0104498', 'main_loss': '0.0104498', 'time_per_step': '2.22403'}
2026-01-23 15:38:43,946 - train_greyscale_FA_MoE.py - {'step': '325400', 'lr': '0.0002', 'total_loss': '0.0104586', 'main_loss': '0.0104586', 'time_per_step': '2.22966'}
2026-01-23 15:42:33,346 - train_greyscale_FA_MoE.py - {'step': '325500', 'lr': '0.0002', 'total_loss': '0.00973568', 'main_loss': '0.00973568', 'time_per_step': '2.25635'}
2026-01-23 15:46:23,505 - train_greyscale_FA_MoE.py - {'step': '325600', 'lr': '0.0002', 'total_loss': '0.00895096', 'main_loss': '0.00895096', 'time_per_step': '2.21612'}
2026-01-23 15:50:12,881 - train_greyscale_FA_MoE.py - {'step': '325700', 'lr': '0.0002', 'total_loss': '0.00604305', 'main_loss': '0.00604305', 'time_per_step': '2.23709'}
2026-01-23 15:54:01,508 - train_greyscale_FA_MoE.py - {'step': '325800', 'lr': '0.0002', 'total_loss': '0.00633911', 'main_loss': '0.00633911', 'time_per_step': '2.24065'}
2026-01-23 15:57:51,738 - train_greyscale_FA_MoE.py - {'step': '325900', 'lr': '0.0002', 'total_loss': '0.0117719', 'main_loss': '0.0117719', 'time_per_step': '2.35892'}
2026-01-23 16:01:40,911 - train_greyscale_FA_MoE.py - {'step': '326000', 'lr': '0.0002', 'total_loss': '0.00787286', 'main_loss': '0.00787286', 'time_per_step': '2.22755'}
2026-01-23 16:05:31,054 - train_greyscale_FA_MoE.py - {'step': '326100', 'lr': '0.0002', 'total_loss': '0.0072136', 'main_loss': '0.0072136', 'time_per_step': '2.1176'}
2026-01-23 16:09:19,062 - train_greyscale_FA_MoE.py - {'step': '326200', 'lr': '0.0002', 'total_loss': '0.00735931', 'main_loss': '0.00735931', 'time_per_step': '2.11719'}
2026-01-23 16:13:08,791 - train_greyscale_FA_MoE.py - {'step': '326300', 'lr': '0.0002', 'total_loss': '0.00950287', 'main_loss': '0.00950287', 'time_per_step': '2.23887'}
2026-01-23 16:16:59,434 - train_greyscale_FA_MoE.py - {'step': '326400', 'lr': '0.0002', 'total_loss': '0.00715744', 'main_loss': '0.00715744', 'time_per_step': '2.19761'}
2026-01-23 16:20:49,383 - train_greyscale_FA_MoE.py - {'step': '326500', 'lr': '0.0002', 'total_loss': '0.00930598', 'main_loss': '0.00930598', 'time_per_step': '2.21968'}
2026-01-23 16:24:38,145 - train_greyscale_FA_MoE.py - {'step': '326600', 'lr': '0.0002', 'total_loss': '0.00956832', 'main_loss': '0.00956832', 'time_per_step': '2.22618'}
2026-01-23 16:28:28,268 - train_greyscale_FA_MoE.py - {'step': '326700', 'lr': '0.0002', 'total_loss': '0.00974323', 'main_loss': '0.00974323', 'time_per_step': '2.20729'}
2026-01-23 16:32:17,381 - train_greyscale_FA_MoE.py - {'step': '326800', 'lr': '0.0002', 'total_loss': '0.0124233', 'main_loss': '0.0124233', 'time_per_step': '2.21765'}
2026-01-23 16:36:07,933 - train_greyscale_FA_MoE.py - {'step': '326900', 'lr': '0.0002', 'total_loss': '0.0104022', 'main_loss': '0.0104022', 'time_per_step': '2.2681'}
2026-01-23 16:39:56,578 - train_greyscale_FA_MoE.py - {'step': '327000', 'lr': '0.0002', 'total_loss': '0.00818534', 'main_loss': '0.00818534', 'time_per_step': '2.22674'}
2026-01-23 16:43:45,624 - train_greyscale_FA_MoE.py - {'step': '327100', 'lr': '0.0002', 'total_loss': '0.0123836', 'main_loss': '0.0123836', 'time_per_step': '2.21447'}
2026-01-23 16:47:35,441 - train_greyscale_FA_MoE.py - {'step': '327200', 'lr': '0.0002', 'total_loss': '0.00636155', 'main_loss': '0.00636155', 'time_per_step': '2.23552'}
2026-01-23 16:51:25,088 - train_greyscale_FA_MoE.py - {'step': '327300', 'lr': '0.0002', 'total_loss': '0.0080922', 'main_loss': '0.0080922', 'time_per_step': '2.11264'}
2026-01-23 16:55:13,219 - train_greyscale_FA_MoE.py - {'step': '327400', 'lr': '0.0002', 'total_loss': '0.0084908', 'main_loss': '0.0084908', 'time_per_step': '2.12405'}
2026-01-23 16:59:02,867 - train_greyscale_FA_MoE.py - {'step': '327500', 'lr': '0.0002', 'total_loss': '0.00911113', 'main_loss': '0.00911113', 'time_per_step': '2.2745'}
2026-01-23 17:02:52,314 - train_greyscale_FA_MoE.py - {'step': '327600', 'lr': '0.0002', 'total_loss': '0.0064929', 'main_loss': '0.0064929', 'time_per_step': '2.22625'}
2026-01-23 17:06:42,559 - train_greyscale_FA_MoE.py - {'step': '327700', 'lr': '0.0002', 'total_loss': '0.00862818', 'main_loss': '0.00862818', 'time_per_step': '2.23171'}
2026-01-23 17:10:31,020 - train_greyscale_FA_MoE.py - {'step': '327800', 'lr': '0.0002', 'total_loss': '0.0049638', 'main_loss': '0.0049638', 'time_per_step': '2.21912'}
2026-01-23 17:14:20,638 - train_greyscale_FA_MoE.py - {'step': '327900', 'lr': '0.0002', 'total_loss': '0.0103317', 'main_loss': '0.0103317', 'time_per_step': '2.22163'}
2026-01-23 17:18:11,223 - train_greyscale_FA_MoE.py - {'step': '328000', 'lr': '0.0002', 'total_loss': '0.00540344', 'main_loss': '0.00540344', 'time_per_step': '2.23011'}
2026-01-23 17:22:00,823 - train_greyscale_FA_MoE.py - {'step': '328100', 'lr': '0.0002', 'total_loss': '0.00811029', 'main_loss': '0.00811029', 'time_per_step': '2.17829'}
2026-01-23 17:25:49,355 - train_greyscale_FA_MoE.py - {'step': '328200', 'lr': '0.0002', 'total_loss': '0.00918458', 'main_loss': '0.00918458', 'time_per_step': '2.21571'}
2026-01-23 17:29:39,558 - train_greyscale_FA_MoE.py - {'step': '328300', 'lr': '0.0002', 'total_loss': '0.00724279', 'main_loss': '0.00724279', 'time_per_step': '2.16846'}
2026-01-23 17:33:28,841 - train_greyscale_FA_MoE.py - {'step': '328400', 'lr': '0.0002', 'total_loss': '0.00977505', 'main_loss': '0.00977505', 'time_per_step': '2.18308'}
2026-01-23 17:37:17,369 - train_greyscale_FA_MoE.py - {'step': '328500', 'lr': '0.0002', 'total_loss': '0.00855186', 'main_loss': '0.00855186', 'time_per_step': '2.11764'}
2026-01-23 17:41:05,556 - train_greyscale_FA_MoE.py - {'step': '328600', 'lr': '0.0002', 'total_loss': '0.00685917', 'main_loss': '0.00685917', 'time_per_step': '2.11733'}
2026-01-23 17:44:56,015 - train_greyscale_FA_MoE.py - {'step': '328700', 'lr': '0.0002', 'total_loss': '0.00560574', 'main_loss': '0.00560574', 'time_per_step': '2.25509'}
2026-01-23 17:48:45,218 - train_greyscale_FA_MoE.py - {'step': '328800', 'lr': '0.0002', 'total_loss': '0.00815107', 'main_loss': '0.00815107', 'time_per_step': '2.22513'}
2026-01-23 17:52:35,707 - train_greyscale_FA_MoE.py - {'step': '328900', 'lr': '0.0002', 'total_loss': '0.00602194', 'main_loss': '0.00602194', 'time_per_step': '2.2276'}
2026-01-23 17:56:24,367 - train_greyscale_FA_MoE.py - {'step': '329000', 'lr': '0.0002', 'total_loss': '0.00457501', 'main_loss': '0.00457501', 'time_per_step': '2.19942'}
2026-01-23 18:00:13,371 - train_greyscale_FA_MoE.py - {'step': '329100', 'lr': '0.0002', 'total_loss': '0.00553418', 'main_loss': '0.00553418', 'time_per_step': '2.18817'}
2026-01-23 18:04:03,503 - train_greyscale_FA_MoE.py - {'step': '329200', 'lr': '0.0002', 'total_loss': '0.00769113', 'main_loss': '0.00769113', 'time_per_step': '2.25473'}
2026-01-23 18:07:53,251 - train_greyscale_FA_MoE.py - {'step': '329300', 'lr': '0.0002', 'total_loss': '0.00662808', 'main_loss': '0.00662808', 'time_per_step': '2.22046'}
2026-01-23 18:11:41,867 - train_greyscale_FA_MoE.py - {'step': '329400', 'lr': '0.0002', 'total_loss': '0.00810756', 'main_loss': '0.00810756', 'time_per_step': '2.21434'}
2026-01-23 18:15:31,774 - train_greyscale_FA_MoE.py - {'step': '329500', 'lr': '0.0002', 'total_loss': '0.00547311', 'main_loss': '0.00547311', 'time_per_step': '2.18214'}
2026-01-23 18:19:22,617 - train_greyscale_FA_MoE.py - {'step': '329600', 'lr': '0.0002', 'total_loss': '0.0110038', 'main_loss': '0.0110038', 'time_per_step': '2.20696'}
2026-01-23 18:23:11,477 - train_greyscale_FA_MoE.py - {'step': '329700', 'lr': '0.0002', 'total_loss': '0.00721286', 'main_loss': '0.00721286', 'time_per_step': '2.11996'}
2026-01-23 18:27:01,462 - train_greyscale_FA_MoE.py - {'step': '329800', 'lr': '0.0002', 'total_loss': '0.0100801', 'main_loss': '0.0100801', 'time_per_step': '2.12961'}
2026-01-23 18:30:50,827 - train_greyscale_FA_MoE.py - {'step': '329900', 'lr': '0.0002', 'total_loss': '0.00597586', 'main_loss': '0.00597586', 'time_per_step': '2.20795'}
2026-01-23 18:34:39,837 - train_greyscale_FA_MoE.py - {'step': '330000', 'lr': '0.0002', 'total_loss': '0.00704794', 'main_loss': '0.00704794', 'time_per_step': '2.23725'}
2026-01-23 18:38:28,576 - train_greyscale_FA_MoE.py - {'step': '330100', 'lr': '0.0002', 'total_loss': '0.00992209', 'main_loss': '0.00992209', 'time_per_step': '2.22496'}
2026-01-23 18:42:18,745 - train_greyscale_FA_MoE.py - {'step': '330200', 'lr': '0.0002', 'total_loss': '0.0091057', 'main_loss': '0.0091057', 'time_per_step': '2.20591'}
2026-01-23 18:46:07,139 - train_greyscale_FA_MoE.py - {'step': '330300', 'lr': '0.0002', 'total_loss': '0.010349', 'main_loss': '0.010349', 'time_per_step': '2.22627'}
2026-01-23 18:49:56,655 - train_greyscale_FA_MoE.py - {'step': '330400', 'lr': '0.0002', 'total_loss': '0.00729414', 'main_loss': '0.00729414', 'time_per_step': '2.25342'}
2026-01-23 18:53:46,626 - train_greyscale_FA_MoE.py - {'step': '330500', 'lr': '0.0002', 'total_loss': '0.00951451', 'main_loss': '0.00951451', 'time_per_step': '2.24373'}
2026-01-23 18:57:36,680 - train_greyscale_FA_MoE.py - {'step': '330600', 'lr': '0.0002', 'total_loss': '0.00777908', 'main_loss': '0.00777908', 'time_per_step': '2.18388'}
2026-01-23 19:01:25,266 - train_greyscale_FA_MoE.py - {'step': '330700', 'lr': '0.0002', 'total_loss': '0.00611815', 'main_loss': '0.00611815', 'time_per_step': '2.1932'}
2026-01-23 19:05:15,174 - train_greyscale_FA_MoE.py - {'step': '330800', 'lr': '0.0002', 'total_loss': '0.00545717', 'main_loss': '0.00545717', 'time_per_step': '2.23332'}
2026-01-23 19:09:05,177 - train_greyscale_FA_MoE.py - {'step': '330900', 'lr': '0.0002', 'total_loss': '0.00782428', 'main_loss': '0.00782428', 'time_per_step': '2.11791'}
2026-01-23 19:12:54,209 - train_greyscale_FA_MoE.py - {'step': '331000', 'lr': '0.0002', 'total_loss': '0.00813119', 'main_loss': '0.00813119', 'time_per_step': '2.12548'}
2026-01-23 19:16:44,130 - train_greyscale_FA_MoE.py - {'step': '331100', 'lr': '0.0002', 'total_loss': '0.0118606', 'main_loss': '0.0118606', 'time_per_step': '2.23133'}
2026-01-23 19:20:34,102 - train_greyscale_FA_MoE.py - {'step': '331200', 'lr': '0.0002', 'total_loss': '0.00812592', 'main_loss': '0.00812592', 'time_per_step': '2.31241'}
2026-01-23 19:24:24,212 - train_greyscale_FA_MoE.py - {'step': '331300', 'lr': '0.0002', 'total_loss': '0.00775241', 'main_loss': '0.00775241', 'time_per_step': '2.21359'}
2026-01-23 19:28:13,469 - train_greyscale_FA_MoE.py - {'step': '331400', 'lr': '0.0002', 'total_loss': '0.00648102', 'main_loss': '0.00648102', 'time_per_step': '2.2198'}
2026-01-23 19:32:02,092 - train_greyscale_FA_MoE.py - {'step': '331500', 'lr': '0.0002', 'total_loss': '0.00994914', 'main_loss': '0.00994914', 'time_per_step': '2.21779'}
2026-01-23 19:35:52,088 - train_greyscale_FA_MoE.py - {'step': '331600', 'lr': '0.0002', 'total_loss': '0.00700758', 'main_loss': '0.00700758', 'time_per_step': '2.26091'}
2026-01-23 19:39:41,257 - train_greyscale_FA_MoE.py - {'step': '331700', 'lr': '0.0002', 'total_loss': '0.00774506', 'main_loss': '0.00774506', 'time_per_step': '2.17749'}
2026-01-23 19:43:31,883 - train_greyscale_FA_MoE.py - {'step': '331800', 'lr': '0.0002', 'total_loss': '0.00681057', 'main_loss': '0.00681057', 'time_per_step': '2.22085'}
2026-01-23 19:47:20,082 - train_greyscale_FA_MoE.py - {'step': '331900', 'lr': '0.0002', 'total_loss': '0.00880591', 'main_loss': '0.00880591', 'time_per_step': '2.21205'}
2026-01-23 19:51:09,553 - train_greyscale_FA_MoE.py - {'step': '332000', 'lr': '0.0002', 'total_loss': '0.0100495', 'main_loss': '0.0100495', 'time_per_step': '2.24215'}
2026-01-23 19:54:59,185 - train_greyscale_FA_MoE.py - {'step': '332100', 'lr': '0.0002', 'total_loss': '0.0052312', 'main_loss': '0.0052312', 'time_per_step': '2.11907'}
2026-01-23 19:58:48,131 - train_greyscale_FA_MoE.py - {'step': '332200', 'lr': '0.0002', 'total_loss': '0.0112422', 'main_loss': '0.0112422', 'time_per_step': '2.12008'}
2026-01-23 20:02:37,267 - train_greyscale_FA_MoE.py - {'step': '332300', 'lr': '0.0002', 'total_loss': '0.00923231', 'main_loss': '0.00923231', 'time_per_step': '2.21329'}
2026-01-23 20:06:27,346 - train_greyscale_FA_MoE.py - {'step': '332400', 'lr': '0.0002', 'total_loss': '0.00885351', 'main_loss': '0.00885351', 'time_per_step': '2.22762'}
2026-01-23 20:10:16,815 - train_greyscale_FA_MoE.py - {'step': '332500', 'lr': '0.0002', 'total_loss': '0.0100814', 'main_loss': '0.0100814', 'time_per_step': '2.18291'}
2026-01-23 20:14:06,534 - train_greyscale_FA_MoE.py - {'step': '332600', 'lr': '0.0002', 'total_loss': '0.00517893', 'main_loss': '0.00517893', 'time_per_step': '2.21932'}
2026-01-23 20:17:55,878 - train_greyscale_FA_MoE.py - {'step': '332700', 'lr': '0.0002', 'total_loss': '0.00484945', 'main_loss': '0.00484945', 'time_per_step': '2.24308'}
2026-01-23 20:21:44,737 - train_greyscale_FA_MoE.py - {'step': '332800', 'lr': '0.0002', 'total_loss': '0.00464552', 'main_loss': '0.00464552', 'time_per_step': '2.23021'}
2026-01-23 20:25:34,912 - train_greyscale_FA_MoE.py - {'step': '332900', 'lr': '0.0002', 'total_loss': '0.00902524', 'main_loss': '0.00902524', 'time_per_step': '2.21143'}
2026-01-23 20:29:24,221 - train_greyscale_FA_MoE.py - {'step': '333000', 'lr': '0.0002', 'total_loss': '0.00838696', 'main_loss': '0.00838696', 'time_per_step': '2.22483'}
2026-01-23 20:33:12,832 - train_greyscale_FA_MoE.py - {'step': '333100', 'lr': '0.0002', 'total_loss': '0.00737375', 'main_loss': '0.00737375', 'time_per_step': '2.22871'}
2026-01-23 20:37:01,919 - train_greyscale_FA_MoE.py - {'step': '333200', 'lr': '0.0002', 'total_loss': '0.00640441', 'main_loss': '0.00640441', 'time_per_step': '2.21773'}
2026-01-23 20:40:51,841 - train_greyscale_FA_MoE.py - {'step': '333300', 'lr': '0.0002', 'total_loss': '0.00872095', 'main_loss': '0.00872095', 'time_per_step': '2.2723'}
2026-01-23 20:44:41,803 - train_greyscale_FA_MoE.py - {'step': '333400', 'lr': '0.0002', 'total_loss': '0.00833163', 'main_loss': '0.00833163', 'time_per_step': '2.12466'}
2026-01-23 20:48:30,964 - train_greyscale_FA_MoE.py - {'step': '333500', 'lr': '0.0002', 'total_loss': '0.00998636', 'main_loss': '0.00998636', 'time_per_step': '2.24168'}
2026-01-23 20:52:20,650 - train_greyscale_FA_MoE.py - {'step': '333600', 'lr': '0.0002', 'total_loss': '0.00477469', 'main_loss': '0.00477469', 'time_per_step': '2.21204'}
2026-01-23 20:56:10,857 - train_greyscale_FA_MoE.py - {'step': '333700', 'lr': '0.0002', 'total_loss': '0.00703085', 'main_loss': '0.00703085', 'time_per_step': '2.23732'}
2026-01-23 21:00:00,862 - train_greyscale_FA_MoE.py - {'step': '333800', 'lr': '0.0002', 'total_loss': '0.00467197', 'main_loss': '0.00467197', 'time_per_step': '2.22444'}
2026-01-23 21:03:49,147 - train_greyscale_FA_MoE.py - {'step': '333900', 'lr': '0.0002', 'total_loss': '0.00936138', 'main_loss': '0.00936138', 'time_per_step': '2.20758'}
2026-01-23 21:07:39,408 - train_greyscale_FA_MoE.py - {'step': '334000', 'lr': '0.0002', 'total_loss': '0.00527828', 'main_loss': '0.00527828', 'time_per_step': '2.21185'}
2026-01-23 21:11:28,896 - train_greyscale_FA_MoE.py - {'step': '334100', 'lr': '0.0002', 'total_loss': '0.00951328', 'main_loss': '0.00951328', 'time_per_step': '2.23099'}
2026-01-23 21:15:18,239 - train_greyscale_FA_MoE.py - {'step': '334200', 'lr': '0.0002', 'total_loss': '0.00924548', 'main_loss': '0.00924548', 'time_per_step': '2.23314'}
2026-01-23 21:19:07,914 - train_greyscale_FA_MoE.py - {'step': '334300', 'lr': '0.0002', 'total_loss': '0.00729993', 'main_loss': '0.00729993', 'time_per_step': '2.22248'}
2026-01-23 21:22:57,669 - train_greyscale_FA_MoE.py - {'step': '334400', 'lr': '0.0002', 'total_loss': '0.00764173', 'main_loss': '0.00764173', 'time_per_step': '2.25191'}
2026-01-23 21:26:47,588 - train_greyscale_FA_MoE.py - {'step': '334500', 'lr': '0.0002', 'total_loss': '0.00873442', 'main_loss': '0.00873442', 'time_per_step': '2.11927'}
2026-01-23 21:30:36,806 - train_greyscale_FA_MoE.py - {'step': '334600', 'lr': '0.0002', 'total_loss': '0.00752404', 'main_loss': '0.00752404', 'time_per_step': '2.12626'}
2026-01-23 21:34:27,630 - train_greyscale_FA_MoE.py - {'step': '334700', 'lr': '0.0002', 'total_loss': '0.00736553', 'main_loss': '0.00736553', 'time_per_step': '2.2539'}
2026-01-23 21:38:15,976 - train_greyscale_FA_MoE.py - {'step': '334800', 'lr': '0.0002', 'total_loss': '0.00717816', 'main_loss': '0.00717816', 'time_per_step': '2.22776'}
2026-01-23 21:42:05,655 - train_greyscale_FA_MoE.py - {'step': '334900', 'lr': '0.0002', 'total_loss': '0.007246', 'main_loss': '0.007246', 'time_per_step': '2.22945'}
2026-01-23 21:45:55,848 - train_greyscale_FA_MoE.py - {'step': '335000', 'lr': '0.0002', 'total_loss': '0.00966071', 'main_loss': '0.00966071', 'time_per_step': '2.19938'}
2026-01-23 21:49:45,754 - train_greyscale_FA_MoE.py - {'step': '335100', 'lr': '0.0002', 'total_loss': '0.00769999', 'main_loss': '0.00769999', 'time_per_step': '2.22167'}
2026-01-23 21:53:34,051 - train_greyscale_FA_MoE.py - {'step': '335200', 'lr': '0.0002', 'total_loss': '0.00606406', 'main_loss': '0.00606406', 'time_per_step': '2.25496'}
2026-01-23 21:57:23,948 - train_greyscale_FA_MoE.py - {'step': '335300', 'lr': '0.0002', 'total_loss': '0.00784129', 'main_loss': '0.00784129', 'time_per_step': '2.20578'}
2026-01-23 22:01:13,912 - train_greyscale_FA_MoE.py - {'step': '335400', 'lr': '0.0002', 'total_loss': '0.010376', 'main_loss': '0.010376', 'time_per_step': '2.25657'}
2026-01-23 22:05:03,838 - train_greyscale_FA_MoE.py - {'step': '335500', 'lr': '0.0002', 'total_loss': '0.0114494', 'main_loss': '0.0114494', 'time_per_step': '2.28173'}
2026-01-23 22:08:52,029 - train_greyscale_FA_MoE.py - {'step': '335600', 'lr': '0.0002', 'total_loss': '0.00897947', 'main_loss': '0.00897947', 'time_per_step': '2.26424'}
2026-01-23 22:12:42,104 - train_greyscale_FA_MoE.py - {'step': '335700', 'lr': '0.0002', 'total_loss': '0.00988016', 'main_loss': '0.00988016', 'time_per_step': '2.11893'}
2026-01-23 22:16:32,293 - train_greyscale_FA_MoE.py - {'step': '335800', 'lr': '0.0002', 'total_loss': '0.00851266', 'main_loss': '0.00851266', 'time_per_step': '2.13089'}
2026-01-23 22:20:22,536 - train_greyscale_FA_MoE.py - {'step': '335900', 'lr': '0.0002', 'total_loss': '0.00909426', 'main_loss': '0.00909426', 'time_per_step': '2.22683'}
2026-01-23 22:24:11,672 - train_greyscale_FA_MoE.py - {'step': '336000', 'lr': '0.0002', 'total_loss': '0.00840031', 'main_loss': '0.00840031', 'time_per_step': '2.22624'}
2026-01-23 22:28:01,513 - train_greyscale_FA_MoE.py - {'step': '336100', 'lr': '0.0002', 'total_loss': '0.00683998', 'main_loss': '0.00683998', 'time_per_step': '2.24862'}
2026-01-23 22:31:50,311 - train_greyscale_FA_MoE.py - {'step': '336200', 'lr': '0.0002', 'total_loss': '0.00525529', 'main_loss': '0.00525529', 'time_per_step': '2.25029'}
2026-01-23 22:35:38,983 - train_greyscale_FA_MoE.py - {'step': '336300', 'lr': '0.0002', 'total_loss': '0.0134073', 'main_loss': '0.0134073', 'time_per_step': '2.19889'}
2026-01-23 22:39:27,491 - train_greyscale_FA_MoE.py - {'step': '336400', 'lr': '0.0002', 'total_loss': '0.00681786', 'main_loss': '0.00681786', 'time_per_step': '2.2336'}
2026-01-23 22:43:16,427 - train_greyscale_FA_MoE.py - {'step': '336500', 'lr': '0.0002', 'total_loss': '0.00619397', 'main_loss': '0.00619397', 'time_per_step': '2.21758'}
2026-01-23 22:47:06,240 - train_greyscale_FA_MoE.py - {'step': '336600', 'lr': '0.0002', 'total_loss': '0.00842275', 'main_loss': '0.00842275', 'time_per_step': '2.22028'}
2026-01-23 22:50:55,542 - train_greyscale_FA_MoE.py - {'step': '336700', 'lr': '0.0002', 'total_loss': '0.0104828', 'main_loss': '0.0104828', 'time_per_step': '2.22767'}
2026-01-23 22:54:44,026 - train_greyscale_FA_MoE.py - {'step': '336800', 'lr': '0.0002', 'total_loss': '0.00992542', 'main_loss': '0.00992542', 'time_per_step': '2.22395'}
2026-01-23 22:58:33,686 - train_greyscale_FA_MoE.py - {'step': '336900', 'lr': '0.0002', 'total_loss': '0.0101191', 'main_loss': '0.0101191', 'time_per_step': '2.19411'}
2026-01-23 23:02:22,621 - train_greyscale_FA_MoE.py - {'step': '337000', 'lr': '0.0002', 'total_loss': '0.00769477', 'main_loss': '0.00769477', 'time_per_step': '2.11284'}
2026-01-23 23:06:13,200 - train_greyscale_FA_MoE.py - {'step': '337100', 'lr': '0.0002', 'total_loss': '0.0126685', 'main_loss': '0.0126685', 'time_per_step': '2.20325'}
2026-01-23 23:10:01,778 - train_greyscale_FA_MoE.py - {'step': '337200', 'lr': '0.0002', 'total_loss': '0.00660185', 'main_loss': '0.00660185', 'time_per_step': '2.22858'}
2026-01-23 23:13:51,889 - train_greyscale_FA_MoE.py - {'step': '337300', 'lr': '0.0002', 'total_loss': '0.010706', 'main_loss': '0.010706', 'time_per_step': '2.3635'}
2026-01-23 23:17:42,533 - train_greyscale_FA_MoE.py - {'step': '337400', 'lr': '0.0002', 'total_loss': '0.00788902', 'main_loss': '0.00788902', 'time_per_step': '2.22981'}
2026-01-23 23:21:31,948 - train_greyscale_FA_MoE.py - {'step': '337500', 'lr': '0.0002', 'total_loss': '0.00841146', 'main_loss': '0.00841146', 'time_per_step': '2.23308'}
2026-01-23 23:25:20,602 - train_greyscale_FA_MoE.py - {'step': '337600', 'lr': '0.0002', 'total_loss': '0.00977363', 'main_loss': '0.00977363', 'time_per_step': '2.23156'}
2026-01-23 23:29:10,339 - train_greyscale_FA_MoE.py - {'step': '337700', 'lr': '0.0002', 'total_loss': '0.00891911', 'main_loss': '0.00891911', 'time_per_step': '2.21022'}
2026-01-23 23:32:59,994 - train_greyscale_FA_MoE.py - {'step': '337800', 'lr': '0.0002', 'total_loss': '0.0137761', 'main_loss': '0.0137761', 'time_per_step': '2.22213'}
2026-01-23 23:36:49,949 - train_greyscale_FA_MoE.py - {'step': '337900', 'lr': '0.0002', 'total_loss': '0.00723629', 'main_loss': '0.00723629', 'time_per_step': '2.21529'}
2026-01-23 23:40:38,629 - train_greyscale_FA_MoE.py - {'step': '338000', 'lr': '0.0002', 'total_loss': '0.00733202', 'main_loss': '0.00733202', 'time_per_step': '2.23326'}
2026-01-23 23:44:27,983 - train_greyscale_FA_MoE.py - {'step': '338100', 'lr': '0.0002', 'total_loss': '0.0100524', 'main_loss': '0.0100524', 'time_per_step': '2.11823'}
2026-01-23 23:48:16,902 - train_greyscale_FA_MoE.py - {'step': '338200', 'lr': '0.0002', 'total_loss': '0.00790897', 'main_loss': '0.00790897', 'time_per_step': '2.11721'}
2026-01-23 23:52:07,831 - train_greyscale_FA_MoE.py - {'step': '338300', 'lr': '0.0002', 'total_loss': '0.00776231', 'main_loss': '0.00776231', 'time_per_step': '2.21071'}
2026-01-23 23:55:56,505 - train_greyscale_FA_MoE.py - {'step': '338400', 'lr': '0.0002', 'total_loss': '0.0074222', 'main_loss': '0.0074222', 'time_per_step': '2.24246'}
2026-01-23 23:59:46,638 - train_greyscale_FA_MoE.py - {'step': '338500', 'lr': '0.0002', 'total_loss': '0.00860683', 'main_loss': '0.00860683', 'time_per_step': '2.22883'}
2026-01-24 00:03:36,464 - train_greyscale_FA_MoE.py - {'step': '338600', 'lr': '0.0002', 'total_loss': '0.0101487', 'main_loss': '0.0101487', 'time_per_step': '2.19159'}
2026-01-24 00:07:26,484 - train_greyscale_FA_MoE.py - {'step': '338700', 'lr': '0.0002', 'total_loss': '0.00758853', 'main_loss': '0.00758853', 'time_per_step': '2.246'}
2026-01-24 00:11:14,741 - train_greyscale_FA_MoE.py - {'step': '338800', 'lr': '0.0002', 'total_loss': '0.00568287', 'main_loss': '0.00568287', 'time_per_step': '2.17924'}
2026-01-24 00:15:04,823 - train_greyscale_FA_MoE.py - {'step': '338900', 'lr': '0.0002', 'total_loss': '0.00644532', 'main_loss': '0.00644532', 'time_per_step': '2.2102'}
2026-01-24 00:18:54,674 - train_greyscale_FA_MoE.py - {'step': '339000', 'lr': '0.0002', 'total_loss': '0.0084214', 'main_loss': '0.0084214', 'time_per_step': '2.22976'}
2026-01-24 00:22:44,758 - train_greyscale_FA_MoE.py - {'step': '339100', 'lr': '0.0002', 'total_loss': '0.00930606', 'main_loss': '0.00930606', 'time_per_step': '2.22522'}
2026-01-24 00:26:33,379 - train_greyscale_FA_MoE.py - {'step': '339200', 'lr': '0.0002', 'total_loss': '0.00789062', 'main_loss': '0.00789062', 'time_per_step': '2.27251'}
2026-01-24 00:30:22,393 - train_greyscale_FA_MoE.py - {'step': '339300', 'lr': '0.0002', 'total_loss': '0.00857773', 'main_loss': '0.00857773', 'time_per_step': '2.12217'}
2026-01-24 00:34:11,722 - train_greyscale_FA_MoE.py - {'step': '339400', 'lr': '0.0002', 'total_loss': '0.0110207', 'main_loss': '0.0110207', 'time_per_step': '2.12773'}
2026-01-24 00:38:01,990 - train_greyscale_FA_MoE.py - {'step': '339500', 'lr': '0.0002', 'total_loss': '0.00885526', 'main_loss': '0.00885526', 'time_per_step': '2.34591'}
2026-01-24 00:41:50,556 - train_greyscale_FA_MoE.py - {'step': '339600', 'lr': '0.0002', 'total_loss': '0.0109571', 'main_loss': '0.0109571', 'time_per_step': '2.22183'}
2026-01-24 00:45:39,987 - train_greyscale_FA_MoE.py - {'step': '339700', 'lr': '0.0002', 'total_loss': '0.00854712', 'main_loss': '0.00854712', 'time_per_step': '2.23424'}
2026-01-24 00:49:29,039 - train_greyscale_FA_MoE.py - {'step': '339800', 'lr': '0.0002', 'total_loss': '0.00729157', 'main_loss': '0.00729157', 'time_per_step': '2.23078'}
2026-01-24 00:53:18,912 - train_greyscale_FA_MoE.py - {'step': '339900', 'lr': '0.0002', 'total_loss': '0.00884978', 'main_loss': '0.00884978', 'time_per_step': '2.22637'}
2026-01-24 00:57:07,901 - train_greyscale_FA_MoE.py - {'step': '340000', 'lr': '0.0002', 'total_loss': '0.00684912', 'main_loss': '0.00684912', 'time_per_step': '2.25127'}
2026-01-24 01:00:56,646 - train_greyscale_FA_MoE.py - {'step': '340100', 'lr': '0.0002', 'total_loss': '0.00829192', 'main_loss': '0.00829192', 'time_per_step': '2.27418'}
2026-01-24 01:04:46,630 - train_greyscale_FA_MoE.py - {'step': '340200', 'lr': '0.0002', 'total_loss': '0.0077749', 'main_loss': '0.0077749', 'time_per_step': '2.19515'}
2026-01-24 01:08:36,375 - train_greyscale_FA_MoE.py - {'step': '340300', 'lr': '0.0002', 'total_loss': '0.00625154', 'main_loss': '0.00625154', 'time_per_step': '2.2195'}
2026-01-24 01:12:26,150 - train_greyscale_FA_MoE.py - {'step': '340400', 'lr': '0.0002', 'total_loss': '0.00771142', 'main_loss': '0.00771142', 'time_per_step': '2.23216'}
2026-01-24 01:16:15,855 - train_greyscale_FA_MoE.py - {'step': '340500', 'lr': '0.0002', 'total_loss': '0.00831778', 'main_loss': '0.00831778', 'time_per_step': '2.12104'}
2026-01-24 01:20:05,318 - train_greyscale_FA_MoE.py - {'step': '340600', 'lr': '0.0002', 'total_loss': '0.00658304', 'main_loss': '0.00658304', 'time_per_step': '2.11967'}
2026-01-24 01:23:55,939 - train_greyscale_FA_MoE.py - {'step': '340700', 'lr': '0.0002', 'total_loss': '0.0104547', 'main_loss': '0.0104547', 'time_per_step': '2.23243'}
2026-01-24 01:27:45,675 - train_greyscale_FA_MoE.py - {'step': '340800', 'lr': '0.0002', 'total_loss': '0.00627127', 'main_loss': '0.00627127', 'time_per_step': '2.21254'}
2026-01-24 01:31:34,228 - train_greyscale_FA_MoE.py - {'step': '340900', 'lr': '0.0002', 'total_loss': '0.006005', 'main_loss': '0.006005', 'time_per_step': '2.2736'}
2026-01-24 01:35:23,875 - train_greyscale_FA_MoE.py - {'step': '341000', 'lr': '0.0002', 'total_loss': '0.0124869', 'main_loss': '0.0124869', 'time_per_step': '2.1942'}
2026-01-24 01:39:13,680 - train_greyscale_FA_MoE.py - {'step': '341100', 'lr': '0.0002', 'total_loss': '0.00588775', 'main_loss': '0.00588775', 'time_per_step': '2.21387'}
2026-01-24 01:43:04,095 - train_greyscale_FA_MoE.py - {'step': '341200', 'lr': '0.0002', 'total_loss': '0.00826911', 'main_loss': '0.00826911', 'time_per_step': '2.29647'}
2026-01-24 01:46:53,026 - train_greyscale_FA_MoE.py - {'step': '341300', 'lr': '0.0002', 'total_loss': '0.00764546', 'main_loss': '0.00764546', 'time_per_step': '2.2119'}
2026-01-24 01:50:42,820 - train_greyscale_FA_MoE.py - {'step': '341400', 'lr': '0.0002', 'total_loss': '0.00708125', 'main_loss': '0.00708125', 'time_per_step': '2.23509'}
2026-01-24 01:54:32,721 - train_greyscale_FA_MoE.py - {'step': '341500', 'lr': '0.0002', 'total_loss': '0.010195', 'main_loss': '0.010195', 'time_per_step': '2.27638'}
2026-01-24 01:58:22,003 - train_greyscale_FA_MoE.py - {'step': '341600', 'lr': '0.0002', 'total_loss': '0.00782292', 'main_loss': '0.00782292', 'time_per_step': '2.22522'}
2026-01-24 02:02:10,501 - train_greyscale_FA_MoE.py - {'step': '341700', 'lr': '0.0002', 'total_loss': '0.00800148', 'main_loss': '0.00800148', 'time_per_step': '2.11997'}
2026-01-24 02:06:00,159 - train_greyscale_FA_MoE.py - {'step': '341800', 'lr': '0.0002', 'total_loss': '0.00539361', 'main_loss': '0.00539361', 'time_per_step': '2.12072'}
2026-01-24 02:09:50,304 - train_greyscale_FA_MoE.py - {'step': '341900', 'lr': '0.0002', 'total_loss': '0.0070826', 'main_loss': '0.0070826', 'time_per_step': '2.19902'}
2026-01-24 02:13:40,681 - train_greyscale_FA_MoE.py - {'step': '342000', 'lr': '0.0002', 'total_loss': '0.00976687', 'main_loss': '0.00976687', 'time_per_step': '2.20061'}
2026-01-24 02:17:30,448 - train_greyscale_FA_MoE.py - {'step': '342100', 'lr': '0.0002', 'total_loss': '0.00866246', 'main_loss': '0.00866246', 'time_per_step': '2.23185'}
2026-01-24 02:21:20,096 - train_greyscale_FA_MoE.py - {'step': '342200', 'lr': '0.0002', 'total_loss': '0.00603885', 'main_loss': '0.00603885', 'time_per_step': '2.21953'}
2026-01-24 02:25:10,653 - train_greyscale_FA_MoE.py - {'step': '342300', 'lr': '0.0002', 'total_loss': '0.00802009', 'main_loss': '0.00802009', 'time_per_step': '2.24121'}
2026-01-24 02:29:00,411 - train_greyscale_FA_MoE.py - {'step': '342400', 'lr': '0.0002', 'total_loss': '0.00567922', 'main_loss': '0.00567922', 'time_per_step': '2.22623'}
2026-01-24 02:32:49,011 - train_greyscale_FA_MoE.py - {'step': '342500', 'lr': '0.0002', 'total_loss': '0.00874305', 'main_loss': '0.00874305', 'time_per_step': '2.22411'}
2026-01-24 02:36:39,257 - train_greyscale_FA_MoE.py - {'step': '342600', 'lr': '0.0002', 'total_loss': '0.00715854', 'main_loss': '0.00715854', 'time_per_step': '2.22482'}
2026-01-24 02:40:29,173 - train_greyscale_FA_MoE.py - {'step': '342700', 'lr': '0.0002', 'total_loss': '0.00709393', 'main_loss': '0.00709393', 'time_per_step': '2.23227'}
2026-01-24 02:44:18,780 - train_greyscale_FA_MoE.py - {'step': '342800', 'lr': '0.0002', 'total_loss': '0.00830171', 'main_loss': '0.00830171', 'time_per_step': '2.22195'}
2026-01-24 02:48:07,325 - train_greyscale_FA_MoE.py - {'step': '342900', 'lr': '0.0002', 'total_loss': '0.00819286', 'main_loss': '0.00819286', 'time_per_step': '2.11993'}
2026-01-24 02:51:56,737 - train_greyscale_FA_MoE.py - {'step': '343000', 'lr': '0.0002', 'total_loss': '0.00661897', 'main_loss': '0.00661897', 'time_per_step': '2.12419'}
2026-01-24 02:55:46,738 - train_greyscale_FA_MoE.py - {'step': '343100', 'lr': '0.0002', 'total_loss': '0.00906272', 'main_loss': '0.00906272', 'time_per_step': '2.24707'}
2026-01-24 02:59:36,250 - train_greyscale_FA_MoE.py - {'step': '343200', 'lr': '0.0002', 'total_loss': '0.00693226', 'main_loss': '0.00693226', 'time_per_step': '2.23431'}
2026-01-24 03:03:25,661 - train_greyscale_FA_MoE.py - {'step': '343300', 'lr': '0.0002', 'total_loss': '0.00763658', 'main_loss': '0.00763658', 'time_per_step': '2.24233'}
2026-01-24 03:07:14,804 - train_greyscale_FA_MoE.py - {'step': '343400', 'lr': '0.0002', 'total_loss': '0.00891841', 'main_loss': '0.00891841', 'time_per_step': '2.26023'}
2026-01-24 03:11:04,471 - train_greyscale_FA_MoE.py - {'step': '343500', 'lr': '0.0002', 'total_loss': '0.0117624', 'main_loss': '0.0117624', 'time_per_step': '2.23723'}
2026-01-24 03:14:54,668 - train_greyscale_FA_MoE.py - {'step': '343600', 'lr': '0.0002', 'total_loss': '0.00695064', 'main_loss': '0.00695064', 'time_per_step': '2.21876'}
2026-01-24 03:18:43,862 - train_greyscale_FA_MoE.py - {'step': '343700', 'lr': '0.0002', 'total_loss': '0.00537108', 'main_loss': '0.00537108', 'time_per_step': '2.18856'}
2026-01-24 03:22:33,551 - train_greyscale_FA_MoE.py - {'step': '343800', 'lr': '0.0002', 'total_loss': '0.00829839', 'main_loss': '0.00829839', 'time_per_step': '2.30637'}
2026-01-24 03:26:23,500 - train_greyscale_FA_MoE.py - {'step': '343900', 'lr': '0.0002', 'total_loss': '0.00837658', 'main_loss': '0.00837658', 'time_per_step': '2.21507'}
2026-01-24 03:30:12,982 - train_greyscale_FA_MoE.py - {'step': '344000', 'lr': '0.0002', 'total_loss': '0.00765443', 'main_loss': '0.00765443', 'time_per_step': '2.19179'}
2026-01-24 03:34:01,214 - train_greyscale_FA_MoE.py - {'step': '344100', 'lr': '0.0002', 'total_loss': '0.00946863', 'main_loss': '0.00946863', 'time_per_step': '2.10654'}
2026-01-24 03:37:49,889 - train_greyscale_FA_MoE.py - {'step': '344200', 'lr': '0.0002', 'total_loss': '0.0071919', 'main_loss': '0.0071919', 'time_per_step': '2.11764'}
2026-01-24 03:41:40,634 - train_greyscale_FA_MoE.py - {'step': '344300', 'lr': '0.0002', 'total_loss': '0.00634989', 'main_loss': '0.00634989', 'time_per_step': '2.21735'}
2026-01-24 03:45:30,960 - train_greyscale_FA_MoE.py - {'step': '344400', 'lr': '0.0002', 'total_loss': '0.00563713', 'main_loss': '0.00563713', 'time_per_step': '2.23662'}
2026-01-24 03:49:19,844 - train_greyscale_FA_MoE.py - {'step': '344500', 'lr': '0.0002', 'total_loss': '0.0108926', 'main_loss': '0.0108926', 'time_per_step': '2.22892'}
2026-01-24 03:53:08,972 - train_greyscale_FA_MoE.py - {'step': '344600', 'lr': '0.0002', 'total_loss': '0.00531117', 'main_loss': '0.00531117', 'time_per_step': '2.17515'}
2026-01-24 03:56:59,078 - train_greyscale_FA_MoE.py - {'step': '344700', 'lr': '0.0002', 'total_loss': '0.00685228', 'main_loss': '0.00685228', 'time_per_step': '2.21852'}
2026-01-24 04:00:48,527 - train_greyscale_FA_MoE.py - {'step': '344800', 'lr': '0.0002', 'total_loss': '0.00596254', 'main_loss': '0.00596254', 'time_per_step': '2.23904'}
2026-01-24 04:04:38,816 - train_greyscale_FA_MoE.py - {'step': '344900', 'lr': '0.0002', 'total_loss': '0.00556782', 'main_loss': '0.00556782', 'time_per_step': '2.20988'}
2026-01-24 04:08:27,253 - train_greyscale_FA_MoE.py - {'step': '345000', 'lr': '0.0002', 'total_loss': '0.00535745', 'main_loss': '0.00535745', 'time_per_step': '2.22599'}
2026-01-24 04:12:16,924 - train_greyscale_FA_MoE.py - {'step': '345100', 'lr': '0.0002', 'total_loss': '0.00744382', 'main_loss': '0.00744382', 'time_per_step': '2.235'}
2026-01-24 04:16:07,742 - train_greyscale_FA_MoE.py - {'step': '345200', 'lr': '0.0002', 'total_loss': '0.0103584', 'main_loss': '0.0103584', 'time_per_step': '2.21282'}
2026-01-24 04:19:57,078 - train_greyscale_FA_MoE.py - {'step': '345300', 'lr': '0.0002', 'total_loss': '0.0102462', 'main_loss': '0.0102462', 'time_per_step': '2.13672'}
2026-01-24 04:23:45,865 - train_greyscale_FA_MoE.py - {'step': '345400', 'lr': '0.0002', 'total_loss': '0.0092438', 'main_loss': '0.0092438', 'time_per_step': '2.12062'}
2026-01-24 04:27:36,534 - train_greyscale_FA_MoE.py - {'step': '345500', 'lr': '0.0002', 'total_loss': '0.00708141', 'main_loss': '0.00708141', 'time_per_step': '2.24401'}
2026-01-24 04:31:26,377 - train_greyscale_FA_MoE.py - {'step': '345600', 'lr': '0.0002', 'total_loss': '0.0047756', 'main_loss': '0.0047756', 'time_per_step': '2.21897'}
2026-01-24 04:35:16,496 - train_greyscale_FA_MoE.py - {'step': '345700', 'lr': '0.0002', 'total_loss': '0.00893516', 'main_loss': '0.00893516', 'time_per_step': '2.24657'}
2026-01-24 04:39:05,304 - train_greyscale_FA_MoE.py - {'step': '345800', 'lr': '0.0002', 'total_loss': '0.00654681', 'main_loss': '0.00654681', 'time_per_step': '2.2561'}
2026-01-24 04:42:54,598 - train_greyscale_FA_MoE.py - {'step': '345900', 'lr': '0.0002', 'total_loss': '0.0110688', 'main_loss': '0.0110688', 'time_per_step': '2.22941'}
2026-01-24 04:46:44,526 - train_greyscale_FA_MoE.py - {'step': '346000', 'lr': '0.0002', 'total_loss': '0.0073293', 'main_loss': '0.0073293', 'time_per_step': '2.24839'}
2026-01-24 04:50:34,581 - train_greyscale_FA_MoE.py - {'step': '346100', 'lr': '0.0002', 'total_loss': '0.00739221', 'main_loss': '0.00739221', 'time_per_step': '2.21207'}
2026-01-24 04:54:23,287 - train_greyscale_FA_MoE.py - {'step': '346200', 'lr': '0.0002', 'total_loss': '0.012151', 'main_loss': '0.012151', 'time_per_step': '2.2239'}
2026-01-24 04:58:13,197 - train_greyscale_FA_MoE.py - {'step': '346300', 'lr': '0.0002', 'total_loss': '0.00509595', 'main_loss': '0.00509595', 'time_per_step': '2.24404'}
2026-01-24 05:02:02,611 - train_greyscale_FA_MoE.py - {'step': '346400', 'lr': '0.0002', 'total_loss': '0.00789442', 'main_loss': '0.00789442', 'time_per_step': '2.23923'}
2026-01-24 05:05:52,227 - train_greyscale_FA_MoE.py - {'step': '346500', 'lr': '0.0002', 'total_loss': '0.00931426', 'main_loss': '0.00931426', 'time_per_step': '2.12608'}
2026-01-24 05:09:40,328 - train_greyscale_FA_MoE.py - {'step': '346600', 'lr': '0.0002', 'total_loss': '0.00838889', 'main_loss': '0.00838889', 'time_per_step': '2.10314'}
2026-01-24 05:13:30,822 - train_greyscale_FA_MoE.py - {'step': '346700', 'lr': '0.0002', 'total_loss': '0.00679507', 'main_loss': '0.00679507', 'time_per_step': '2.22598'}
2026-01-24 05:17:20,994 - train_greyscale_FA_MoE.py - {'step': '346800', 'lr': '0.0002', 'total_loss': '0.00617774', 'main_loss': '0.00617774', 'time_per_step': '2.21666'}
2026-01-24 05:21:10,924 - train_greyscale_FA_MoE.py - {'step': '346900', 'lr': '0.0002', 'total_loss': '0.0089195', 'main_loss': '0.0089195', 'time_per_step': '2.20802'}
2026-01-24 05:24:59,361 - train_greyscale_FA_MoE.py - {'step': '347000', 'lr': '0.0002', 'total_loss': '0.0116216', 'main_loss': '0.0116216', 'time_per_step': '2.22662'}
2026-01-24 05:28:48,454 - train_greyscale_FA_MoE.py - {'step': '347100', 'lr': '0.0002', 'total_loss': '0.00864747', 'main_loss': '0.00864747', 'time_per_step': '2.24764'}
2026-01-24 05:32:37,321 - train_greyscale_FA_MoE.py - {'step': '347200', 'lr': '0.0002', 'total_loss': '0.00852881', 'main_loss': '0.00852881', 'time_per_step': '2.19088'}
2026-01-24 05:36:27,564 - train_greyscale_FA_MoE.py - {'step': '347300', 'lr': '0.0002', 'total_loss': '0.00763177', 'main_loss': '0.00763177', 'time_per_step': '2.21595'}
2026-01-24 05:40:16,262 - train_greyscale_FA_MoE.py - {'step': '347400', 'lr': '0.0002', 'total_loss': '0.00924688', 'main_loss': '0.00924688', 'time_per_step': '2.253'}
2026-01-24 05:44:05,603 - train_greyscale_FA_MoE.py - {'step': '347500', 'lr': '0.0002', 'total_loss': '0.00797144', 'main_loss': '0.00797144', 'time_per_step': '2.20164'}
2026-01-24 05:47:55,665 - train_greyscale_FA_MoE.py - {'step': '347600', 'lr': '0.0002', 'total_loss': '0.00759858', 'main_loss': '0.00759858', 'time_per_step': '2.23244'}
2026-01-24 05:51:45,136 - train_greyscale_FA_MoE.py - {'step': '347700', 'lr': '0.0002', 'total_loss': '0.00756206', 'main_loss': '0.00756206', 'time_per_step': '2.11796'}
2026-01-24 05:55:33,453 - train_greyscale_FA_MoE.py - {'step': '347800', 'lr': '0.0002', 'total_loss': '0.0100925', 'main_loss': '0.0100925', 'time_per_step': '2.18923'}
2026-01-24 05:59:23,825 - train_greyscale_FA_MoE.py - {'step': '347900', 'lr': '0.0002', 'total_loss': '0.00977829', 'main_loss': '0.00977829', 'time_per_step': '2.18862'}
2026-01-24 06:03:13,712 - train_greyscale_FA_MoE.py - {'step': '348000', 'lr': '0.0002', 'total_loss': '0.0114959', 'main_loss': '0.0114959', 'time_per_step': '2.22147'}
2026-01-24 06:07:03,273 - train_greyscale_FA_MoE.py - {'step': '348100', 'lr': '0.0002', 'total_loss': '0.00723747', 'main_loss': '0.00723747', 'time_per_step': '2.26985'}
2026-01-24 06:10:51,807 - train_greyscale_FA_MoE.py - {'step': '348200', 'lr': '0.0002', 'total_loss': '0.00760403', 'main_loss': '0.00760403', 'time_per_step': '2.39084'}
2026-01-24 06:14:41,685 - train_greyscale_FA_MoE.py - {'step': '348300', 'lr': '0.0002', 'total_loss': '0.00924667', 'main_loss': '0.00924667', 'time_per_step': '2.25059'}
2026-01-24 06:18:32,625 - train_greyscale_FA_MoE.py - {'step': '348400', 'lr': '0.0002', 'total_loss': '0.00722686', 'main_loss': '0.00722686', 'time_per_step': '2.27915'}
2026-01-24 06:22:22,215 - train_greyscale_FA_MoE.py - {'step': '348500', 'lr': '0.0002', 'total_loss': '0.00711885', 'main_loss': '0.00711885', 'time_per_step': '2.24111'}
2026-01-24 06:26:12,426 - train_greyscale_FA_MoE.py - {'step': '348600', 'lr': '0.0002', 'total_loss': '0.00669355', 'main_loss': '0.00669355', 'time_per_step': '2.21963'}
2026-01-24 06:30:01,121 - train_greyscale_FA_MoE.py - {'step': '348700', 'lr': '0.0002', 'total_loss': '0.00901859', 'main_loss': '0.00901859', 'time_per_step': '2.22798'}
2026-01-24 06:33:50,789 - train_greyscale_FA_MoE.py - {'step': '348800', 'lr': '0.0002', 'total_loss': '0.00491372', 'main_loss': '0.00491372', 'time_per_step': '2.21948'}
2026-01-24 06:37:40,664 - train_greyscale_FA_MoE.py - {'step': '348900', 'lr': '0.0002', 'total_loss': '0.00789716', 'main_loss': '0.00789716', 'time_per_step': '2.12941'}
2026-01-24 06:41:28,958 - train_greyscale_FA_MoE.py - {'step': '349000', 'lr': '0.0002', 'total_loss': '0.00751288', 'main_loss': '0.00751288', 'time_per_step': '2.11574'}
2026-01-24 06:45:19,501 - train_greyscale_FA_MoE.py - {'step': '349100', 'lr': '0.0002', 'total_loss': '0.0041149', 'main_loss': '0.0041149', 'time_per_step': '2.24407'}
2026-01-24 06:49:09,531 - train_greyscale_FA_MoE.py - {'step': '349200', 'lr': '0.0002', 'total_loss': '0.00677863', 'main_loss': '0.00677863', 'time_per_step': '2.23016'}
2026-01-24 06:52:58,883 - train_greyscale_FA_MoE.py - {'step': '349300', 'lr': '0.0002', 'total_loss': '0.00560291', 'main_loss': '0.00560291', 'time_per_step': '2.24678'}
2026-01-24 06:56:47,789 - train_greyscale_FA_MoE.py - {'step': '349400', 'lr': '0.0002', 'total_loss': '0.00741209', 'main_loss': '0.00741209', 'time_per_step': '2.22149'}
2026-01-24 07:00:37,431 - train_greyscale_FA_MoE.py - {'step': '349500', 'lr': '0.0002', 'total_loss': '0.00814516', 'main_loss': '0.00814516', 'time_per_step': '2.21264'}
2026-01-24 07:04:26,390 - train_greyscale_FA_MoE.py - {'step': '349600', 'lr': '0.0002', 'total_loss': '0.00581153', 'main_loss': '0.00581153', 'time_per_step': '2.22555'}
2026-01-24 07:08:16,167 - train_greyscale_FA_MoE.py - {'step': '349700', 'lr': '0.0002', 'total_loss': '0.00655981', 'main_loss': '0.00655981', 'time_per_step': '2.19848'}
2026-01-24 07:12:05,730 - train_greyscale_FA_MoE.py - {'step': '349800', 'lr': '0.0002', 'total_loss': '0.00766284', 'main_loss': '0.00766284', 'time_per_step': '3.59622'}
2026-01-24 07:15:54,474 - train_greyscale_FA_MoE.py - {'step': '349900', 'lr': '0.0002', 'total_loss': '0.012552', 'main_loss': '0.012552', 'time_per_step': '2.27032'}
2026-01-24 07:19:44,142 - train_greyscale_FA_MoE.py - {'step': '350000', 'lr': '0.0002', 'total_loss': '0.00810935', 'main_loss': '0.00810935', 'time_per_step': '2.23201'}
2026-01-24 07:19:44,163 - train_greyscale_FA_MoE.py - Saved expert distribution of layer in_block_0 to output_shift_fa/acdc_wholeheart_uncond_fa_ec_moe_greyscale_uvit_mid_4by4_l6r9_low16_Y_bound/samples/expert_distribution_in_block_0_step350000.npy
2026-01-24 07:19:45,815 - train_greyscale_FA_MoE.py - Saved expert distribution of layer out_block_7 to output_shift_fa/acdc_wholeheart_uncond_fa_ec_moe_greyscale_uvit_mid_4by4_l6r9_low16_Y_bound/samples/expert_distribution_out_block_7_step350000.npy
2026-01-24 07:19:47,249 - train_greyscale_FA_MoE.py - Save a grid of 16 samples into output_shift_fa/acdc_wholeheart_uncond_fa_ec_moe_greyscale_uvit_mid_4by4_l6r9_low16_Y_bound/samples/350000.png by DPM-Solver
2026-01-24 07:19:52,762 - train_greyscale_FA_MoE.py - Finished saving sample grid to output_shift_fa/acdc_wholeheart_uncond_fa_ec_moe_greyscale_uvit_mid_4by4_l6r9_low16_Y_bound/samples/350000.png by DPM-Solver.
2026-01-24 07:19:52,821 - train_greyscale_FA_MoE.py - Save and eval checkpoint 350000...
2026-01-24 07:19:55,106 - train_greyscale_FA_MoE.py - eval_step: n_samples=50000, sample_steps=50, algorithm=dpm_solver, mini_batch_size=500, samples save into output_shift_fa/acdc_wholeheart_uncond_fa_ec_moe_greyscale_uvit_mid_4by4_l6r9_low16_Y_bound/samples/acdc_wholeheart_uncond_uvit_FA_EC_MoE_greyscale_mid_4by4_low16_350000_dpm
2026-01-24 08:10:06,402 - train_greyscale_FA_MoE.py - step=350000 fid50000=11.935303247152206
2026-01-24 08:16:08,513 - is_lpips.py - LPIPS: 0.5138 ± 0.0502
2026-01-24 08:16:08,519 - train_greyscale_FA_MoE.py - step=350000 LPIPS50000=0.5138494304632398
2026-01-24 08:20:52,898 - train_greyscale_FA_MoE.py - {'step': '350100', 'lr': '0.0002', 'total_loss': '0.00786237', 'main_loss': '0.00786237', 'time_per_step': '2.12066'}
2026-01-24 08:24:42,396 - train_greyscale_FA_MoE.py - {'step': '350200', 'lr': '0.0002', 'total_loss': '0.0081154', 'main_loss': '0.0081154', 'time_per_step': '2.11424'}
2026-01-24 08:28:33,161 - train_greyscale_FA_MoE.py - {'step': '350300', 'lr': '0.0002', 'total_loss': '0.00717429', 'main_loss': '0.00717429', 'time_per_step': '2.27322'}
2026-01-24 08:32:21,447 - train_greyscale_FA_MoE.py - {'step': '350400', 'lr': '0.0002', 'total_loss': '0.00875724', 'main_loss': '0.00875724', 'time_per_step': '2.22086'}
2026-01-24 08:36:10,147 - train_greyscale_FA_MoE.py - {'step': '350500', 'lr': '0.0002', 'total_loss': '0.00740224', 'main_loss': '0.00740224', 'time_per_step': '2.23013'}
2026-01-24 08:40:00,115 - train_greyscale_FA_MoE.py - {'step': '350600', 'lr': '0.0002', 'total_loss': '0.00757756', 'main_loss': '0.00757756', 'time_per_step': '2.25133'}
2026-01-24 08:43:49,614 - train_greyscale_FA_MoE.py - {'step': '350700', 'lr': '0.0002', 'total_loss': '0.0061869', 'main_loss': '0.0061869', 'time_per_step': '2.2178'}
2026-01-24 08:47:38,593 - train_greyscale_FA_MoE.py - {'step': '350800', 'lr': '0.0002', 'total_loss': '0.00963367', 'main_loss': '0.00963367', 'time_per_step': '2.23151'}
2026-01-24 08:51:27,700 - train_greyscale_FA_MoE.py - {'step': '350900', 'lr': '0.0002', 'total_loss': '0.00904848', 'main_loss': '0.00904848', 'time_per_step': '2.22289'}
2026-01-24 08:55:17,313 - train_greyscale_FA_MoE.py - {'step': '351000', 'lr': '0.0002', 'total_loss': '0.00531907', 'main_loss': '0.00531907', 'time_per_step': '2.22436'}
2026-01-24 08:59:07,370 - train_greyscale_FA_MoE.py - {'step': '351100', 'lr': '0.0002', 'total_loss': '0.00965684', 'main_loss': '0.00965684', 'time_per_step': '2.22641'}
2026-01-24 09:02:56,301 - train_greyscale_FA_MoE.py - {'step': '351200', 'lr': '0.0002', 'total_loss': '0.00902213', 'main_loss': '0.00902213', 'time_per_step': '2.21442'}
2026-01-24 09:06:46,376 - train_greyscale_FA_MoE.py - {'step': '351300', 'lr': '0.0002', 'total_loss': '0.00993956', 'main_loss': '0.00993956', 'time_per_step': '2.12018'}
2026-01-24 09:10:35,936 - train_greyscale_FA_MoE.py - {'step': '351400', 'lr': '0.0002', 'total_loss': '0.0091066', 'main_loss': '0.0091066', 'time_per_step': '2.11859'}
2026-01-24 09:14:26,565 - train_greyscale_FA_MoE.py - {'step': '351500', 'lr': '0.0002', 'total_loss': '0.0100246', 'main_loss': '0.0100246', 'time_per_step': '2.23911'}
2026-01-24 09:18:15,847 - train_greyscale_FA_MoE.py - {'step': '351600', 'lr': '0.0002', 'total_loss': '0.0079496', 'main_loss': '0.0079496', 'time_per_step': '2.22697'}
2026-01-24 09:22:06,000 - train_greyscale_FA_MoE.py - {'step': '351700', 'lr': '0.0002', 'total_loss': '0.00547966', 'main_loss': '0.00547966', 'time_per_step': '2.22595'}
2026-01-24 09:25:55,115 - train_greyscale_FA_MoE.py - {'step': '351800', 'lr': '0.0002', 'total_loss': '0.0120842', 'main_loss': '0.0120842', 'time_per_step': '2.23661'}
2026-01-24 09:29:44,918 - train_greyscale_FA_MoE.py - {'step': '351900', 'lr': '0.0002', 'total_loss': '0.00822211', 'main_loss': '0.00822211', 'time_per_step': '2.23849'}
2026-01-24 09:33:33,613 - train_greyscale_FA_MoE.py - {'step': '352000', 'lr': '0.0002', 'total_loss': '0.00804755', 'main_loss': '0.00804755', 'time_per_step': '2.30423'}
2026-01-24 09:37:23,677 - train_greyscale_FA_MoE.py - {'step': '352100', 'lr': '0.0002', 'total_loss': '0.00773821', 'main_loss': '0.00773821', 'time_per_step': '2.21658'}
2026-01-24 09:41:14,427 - train_greyscale_FA_MoE.py - {'step': '352200', 'lr': '0.0002', 'total_loss': '0.0047127', 'main_loss': '0.0047127', 'time_per_step': '2.24413'}
2026-01-24 09:45:04,679 - train_greyscale_FA_MoE.py - {'step': '352300', 'lr': '0.0002', 'total_loss': '0.00574444', 'main_loss': '0.00574444', 'time_per_step': '2.22998'}
2026-01-24 09:48:53,115 - train_greyscale_FA_MoE.py - {'step': '352400', 'lr': '0.0002', 'total_loss': '0.00559297', 'main_loss': '0.00559297', 'time_per_step': '2.25726'}
2026-01-24 09:52:42,021 - train_greyscale_FA_MoE.py - {'step': '352500', 'lr': '0.0002', 'total_loss': '0.00687647', 'main_loss': '0.00687647', 'time_per_step': '2.13643'}
2026-01-24 09:56:31,263 - train_greyscale_FA_MoE.py - {'step': '352600', 'lr': '0.0002', 'total_loss': '0.00764481', 'main_loss': '0.00764481', 'time_per_step': '2.11774'}
2026-01-24 10:00:21,506 - train_greyscale_FA_MoE.py - {'step': '352700', 'lr': '0.0002', 'total_loss': '0.00738448', 'main_loss': '0.00738448', 'time_per_step': '2.2156'}
2026-01-24 10:04:10,177 - train_greyscale_FA_MoE.py - {'step': '352800', 'lr': '0.0002', 'total_loss': '0.00567292', 'main_loss': '0.00567292', 'time_per_step': '2.23048'}
2026-01-24 10:07:59,310 - train_greyscale_FA_MoE.py - {'step': '352900', 'lr': '0.0002', 'total_loss': '0.00622914', 'main_loss': '0.00622914', 'time_per_step': '2.21402'}
2026-01-24 10:11:49,228 - train_greyscale_FA_MoE.py - {'step': '353000', 'lr': '0.0002', 'total_loss': '0.00802402', 'main_loss': '0.00802402', 'time_per_step': '2.21027'}
2026-01-24 10:15:39,637 - train_greyscale_FA_MoE.py - {'step': '353100', 'lr': '0.0002', 'total_loss': '0.00975018', 'main_loss': '0.00975018', 'time_per_step': '2.22247'}
2026-01-24 10:19:28,592 - train_greyscale_FA_MoE.py - {'step': '353200', 'lr': '0.0002', 'total_loss': '0.0103412', 'main_loss': '0.0103412', 'time_per_step': '2.24675'}
2026-01-24 10:23:18,557 - train_greyscale_FA_MoE.py - {'step': '353300', 'lr': '0.0002', 'total_loss': '0.0118107', 'main_loss': '0.0118107', 'time_per_step': '2.21206'}
2026-01-24 10:27:08,073 - train_greyscale_FA_MoE.py - {'step': '353400', 'lr': '0.0002', 'total_loss': '0.00703087', 'main_loss': '0.00703087', 'time_per_step': '2.21693'}
2026-01-24 10:30:57,870 - train_greyscale_FA_MoE.py - {'step': '353500', 'lr': '0.0002', 'total_loss': '0.00479994', 'main_loss': '0.00479994', 'time_per_step': '2.20513'}
2026-01-24 10:34:46,529 - train_greyscale_FA_MoE.py - {'step': '353600', 'lr': '0.0002', 'total_loss': '0.00992594', 'main_loss': '0.00992594', 'time_per_step': '2.22913'}
2026-01-24 10:38:36,186 - train_greyscale_FA_MoE.py - {'step': '353700', 'lr': '0.0002', 'total_loss': '0.0115051', 'main_loss': '0.0115051', 'time_per_step': '2.1195'}
2026-01-24 10:42:25,838 - train_greyscale_FA_MoE.py - {'step': '353800', 'lr': '0.0002', 'total_loss': '0.00661147', 'main_loss': '0.00661147', 'time_per_step': '2.12782'}
2026-01-24 10:46:15,716 - train_greyscale_FA_MoE.py - {'step': '353900', 'lr': '0.0002', 'total_loss': '0.00793331', 'main_loss': '0.00793331', 'time_per_step': '2.22126'}
2026-01-24 10:50:05,422 - train_greyscale_FA_MoE.py - {'step': '354000', 'lr': '0.0002', 'total_loss': '0.00770328', 'main_loss': '0.00770328', 'time_per_step': '2.22619'}
2026-01-24 10:53:54,071 - train_greyscale_FA_MoE.py - {'step': '354100', 'lr': '0.0002', 'total_loss': '0.00664609', 'main_loss': '0.00664609', 'time_per_step': '2.18341'}
2026-01-24 10:57:43,963 - train_greyscale_FA_MoE.py - {'step': '354200', 'lr': '0.0002', 'total_loss': '0.00539747', 'main_loss': '0.00539747', 'time_per_step': '2.23355'}
2026-01-24 11:01:33,918 - train_greyscale_FA_MoE.py - {'step': '354300', 'lr': '0.0002', 'total_loss': '0.00624252', 'main_loss': '0.00624252', 'time_per_step': '2.29182'}
2026-01-24 11:05:23,115 - train_greyscale_FA_MoE.py - {'step': '354400', 'lr': '0.0002', 'total_loss': '0.00672933', 'main_loss': '0.00672933', 'time_per_step': '2.20089'}
2026-01-24 11:09:11,460 - train_greyscale_FA_MoE.py - {'step': '354500', 'lr': '0.0002', 'total_loss': '0.00982826', 'main_loss': '0.00982826', 'time_per_step': '2.23065'}
2026-01-24 11:13:00,893 - train_greyscale_FA_MoE.py - {'step': '354600', 'lr': '0.0002', 'total_loss': '0.00739675', 'main_loss': '0.00739675', 'time_per_step': '2.22248'}
2026-01-24 11:16:50,814 - train_greyscale_FA_MoE.py - {'step': '354700', 'lr': '0.0002', 'total_loss': '0.00505976', 'main_loss': '0.00505976', 'time_per_step': '2.23937'}
2026-01-24 11:20:40,522 - train_greyscale_FA_MoE.py - {'step': '354800', 'lr': '0.0002', 'total_loss': '0.0111161', 'main_loss': '0.0111161', 'time_per_step': '2.22874'}
2026-01-24 11:24:29,065 - train_greyscale_FA_MoE.py - {'step': '354900', 'lr': '0.0002', 'total_loss': '0.00869076', 'main_loss': '0.00869076', 'time_per_step': '2.12007'}
2026-01-24 11:28:18,312 - train_greyscale_FA_MoE.py - {'step': '355000', 'lr': '0.0002', 'total_loss': '0.00960883', 'main_loss': '0.00960883', 'time_per_step': '2.11698'}
2026-01-24 11:32:08,635 - train_greyscale_FA_MoE.py - {'step': '355100', 'lr': '0.0002', 'total_loss': '0.00805367', 'main_loss': '0.00805367', 'time_per_step': '2.22493'}
2026-01-24 11:35:57,812 - train_greyscale_FA_MoE.py - {'step': '355200', 'lr': '0.0002', 'total_loss': '0.00984289', 'main_loss': '0.00984289', 'time_per_step': '2.1871'}
2026-01-24 11:39:46,168 - train_greyscale_FA_MoE.py - {'step': '355300', 'lr': '0.0002', 'total_loss': '0.00506325', 'main_loss': '0.00506325', 'time_per_step': '2.22703'}
2026-01-24 11:43:36,207 - train_greyscale_FA_MoE.py - {'step': '355400', 'lr': '0.0002', 'total_loss': '0.00742393', 'main_loss': '0.00742393', 'time_per_step': '2.21929'}
2026-01-24 11:47:25,317 - train_greyscale_FA_MoE.py - {'step': '355500', 'lr': '0.0002', 'total_loss': '0.00664991', 'main_loss': '0.00664991', 'time_per_step': '2.23403'}
2026-01-24 11:51:14,897 - train_greyscale_FA_MoE.py - {'step': '355600', 'lr': '0.0002', 'total_loss': '0.00660608', 'main_loss': '0.00660608', 'time_per_step': '2.22763'}
2026-01-24 11:55:03,349 - train_greyscale_FA_MoE.py - {'step': '355700', 'lr': '0.0002', 'total_loss': '0.0085253', 'main_loss': '0.0085253', 'time_per_step': '2.27344'}
2026-01-24 11:58:53,080 - train_greyscale_FA_MoE.py - {'step': '355800', 'lr': '0.0002', 'total_loss': '0.00730215', 'main_loss': '0.00730215', 'time_per_step': '2.18979'}
2026-01-24 12:02:42,753 - train_greyscale_FA_MoE.py - {'step': '355900', 'lr': '0.0002', 'total_loss': '0.0133003', 'main_loss': '0.0133003', 'time_per_step': '2.22188'}
2026-01-24 12:06:32,612 - train_greyscale_FA_MoE.py - {'step': '356000', 'lr': '0.0002', 'total_loss': '0.00543429', 'main_loss': '0.00543429', 'time_per_step': '2.28724'}
2026-01-24 12:10:20,861 - train_greyscale_FA_MoE.py - {'step': '356100', 'lr': '0.0002', 'total_loss': '0.00975259', 'main_loss': '0.00975259', 'time_per_step': '2.12608'}
2026-01-24 12:14:09,654 - train_greyscale_FA_MoE.py - {'step': '356200', 'lr': '0.0002', 'total_loss': '0.0066573', 'main_loss': '0.0066573', 'time_per_step': '2.12017'}
2026-01-24 12:18:00,440 - train_greyscale_FA_MoE.py - {'step': '356300', 'lr': '0.0002', 'total_loss': '0.0112936', 'main_loss': '0.0112936', 'time_per_step': '2.21812'}
2026-01-24 12:21:49,751 - train_greyscale_FA_MoE.py - {'step': '356400', 'lr': '0.0002', 'total_loss': '0.00665734', 'main_loss': '0.00665734', 'time_per_step': '2.2467'}
2026-01-24 12:25:38,276 - train_greyscale_FA_MoE.py - {'step': '356500', 'lr': '0.0002', 'total_loss': '0.00499769', 'main_loss': '0.00499769', 'time_per_step': '2.21331'}
2026-01-24 12:29:28,342 - train_greyscale_FA_MoE.py - {'step': '356600', 'lr': '0.0002', 'total_loss': '0.00876652', 'main_loss': '0.00876652', 'time_per_step': '2.22388'}
2026-01-24 12:33:17,156 - train_greyscale_FA_MoE.py - {'step': '356700', 'lr': '0.0002', 'total_loss': '0.00650581', 'main_loss': '0.00650581', 'time_per_step': '2.2071'}
2026-01-24 12:37:05,875 - train_greyscale_FA_MoE.py - {'step': '356800', 'lr': '0.0002', 'total_loss': '0.00744976', 'main_loss': '0.00744976', 'time_per_step': '2.21588'}
2026-01-24 12:40:54,656 - train_greyscale_FA_MoE.py - {'step': '356900', 'lr': '0.0002', 'total_loss': '0.00587552', 'main_loss': '0.00587552', 'time_per_step': '2.21969'}
2026-01-24 12:44:44,688 - train_greyscale_FA_MoE.py - {'step': '357000', 'lr': '0.0002', 'total_loss': '0.0103233', 'main_loss': '0.0103233', 'time_per_step': '2.24555'}
2026-01-24 12:48:33,643 - train_greyscale_FA_MoE.py - {'step': '357100', 'lr': '0.0002', 'total_loss': '0.00920724', 'main_loss': '0.00920724', 'time_per_step': '2.28666'}
2026-01-24 12:52:23,638 - train_greyscale_FA_MoE.py - {'step': '357200', 'lr': '0.0002', 'total_loss': '0.00655998', 'main_loss': '0.00655998', 'time_per_step': '2.21326'}
2026-01-24 12:56:12,313 - train_greyscale_FA_MoE.py - {'step': '357300', 'lr': '0.0002', 'total_loss': '0.00743621', 'main_loss': '0.00743621', 'time_per_step': '2.11292'}
2026-01-24 13:00:01,300 - train_greyscale_FA_MoE.py - {'step': '357400', 'lr': '0.0002', 'total_loss': '0.00802318', 'main_loss': '0.00802318', 'time_per_step': '2.12388'}
2026-01-24 13:03:51,876 - train_greyscale_FA_MoE.py - {'step': '357500', 'lr': '0.0002', 'total_loss': '0.00493999', 'main_loss': '0.00493999', 'time_per_step': '2.39527'}
2026-01-24 13:07:41,460 - train_greyscale_FA_MoE.py - {'step': '357600', 'lr': '0.0002', 'total_loss': '0.00641989', 'main_loss': '0.00641989', 'time_per_step': '2.21022'}
2026-01-24 13:11:30,414 - train_greyscale_FA_MoE.py - {'step': '357700', 'lr': '0.0002', 'total_loss': '0.00961383', 'main_loss': '0.00961383', 'time_per_step': '2.22796'}
2026-01-24 13:15:20,574 - train_greyscale_FA_MoE.py - {'step': '357800', 'lr': '0.0002', 'total_loss': '0.00537271', 'main_loss': '0.00537271', 'time_per_step': '2.20745'}
2026-01-24 13:19:11,455 - train_greyscale_FA_MoE.py - {'step': '357900', 'lr': '0.0002', 'total_loss': '0.00551637', 'main_loss': '0.00551637', 'time_per_step': '2.22937'}
2026-01-24 13:23:00,496 - train_greyscale_FA_MoE.py - {'step': '358000', 'lr': '0.0002', 'total_loss': '0.00906415', 'main_loss': '0.00906415', 'time_per_step': '2.23436'}
2026-01-24 13:26:48,964 - train_greyscale_FA_MoE.py - {'step': '358100', 'lr': '0.0002', 'total_loss': '0.00842939', 'main_loss': '0.00842939', 'time_per_step': '2.23044'}
2026-01-24 13:30:39,221 - train_greyscale_FA_MoE.py - {'step': '358200', 'lr': '0.0002', 'total_loss': '0.00649227', 'main_loss': '0.00649227', 'time_per_step': '2.24055'}
2026-01-24 13:34:28,570 - train_greyscale_FA_MoE.py - {'step': '358300', 'lr': '0.0002', 'total_loss': '0.00688227', 'main_loss': '0.00688227', 'time_per_step': '2.24888'}
2026-01-24 13:38:18,410 - train_greyscale_FA_MoE.py - {'step': '358400', 'lr': '0.0002', 'total_loss': '0.0102823', 'main_loss': '0.0102823', 'time_per_step': '2.21264'}
2026-01-24 13:42:06,915 - train_greyscale_FA_MoE.py - {'step': '358500', 'lr': '0.0002', 'total_loss': '0.0105273', 'main_loss': '0.0105273', 'time_per_step': '2.1227'}
2026-01-24 13:45:56,392 - train_greyscale_FA_MoE.py - {'step': '358600', 'lr': '0.0002', 'total_loss': '0.00903434', 'main_loss': '0.00903434', 'time_per_step': '2.12853'}
2026-01-24 13:49:47,211 - train_greyscale_FA_MoE.py - {'step': '358700', 'lr': '0.0002', 'total_loss': '0.00895525', 'main_loss': '0.00895525', 'time_per_step': '2.23904'}
2026-01-24 13:53:37,739 - train_greyscale_FA_MoE.py - {'step': '358800', 'lr': '0.0002', 'total_loss': '0.00948868', 'main_loss': '0.00948868', 'time_per_step': '2.23547'}
2026-01-24 13:57:26,472 - train_greyscale_FA_MoE.py - {'step': '358900', 'lr': '0.0002', 'total_loss': '0.00597544', 'main_loss': '0.00597544', 'time_per_step': '2.19926'}
2026-01-24 14:01:16,787 - train_greyscale_FA_MoE.py - {'step': '359000', 'lr': '0.0002', 'total_loss': '0.0156919', 'main_loss': '0.0156919', 'time_per_step': '2.23239'}
2026-01-24 14:05:06,077 - train_greyscale_FA_MoE.py - {'step': '359100', 'lr': '0.0002', 'total_loss': '0.00709977', 'main_loss': '0.00709977', 'time_per_step': '2.21983'}
2026-01-24 14:08:56,416 - train_greyscale_FA_MoE.py - {'step': '359200', 'lr': '0.0002', 'total_loss': '0.0107808', 'main_loss': '0.0107808', 'time_per_step': '2.2238'}
2026-01-24 14:12:45,299 - train_greyscale_FA_MoE.py - {'step': '359300', 'lr': '0.0002', 'total_loss': '0.00581089', 'main_loss': '0.00581089', 'time_per_step': '2.23188'}
2026-01-24 14:16:35,100 - train_greyscale_FA_MoE.py - {'step': '359400', 'lr': '0.0002', 'total_loss': '0.00878133', 'main_loss': '0.00878133', 'time_per_step': '2.2101'}
2026-01-24 14:20:24,673 - train_greyscale_FA_MoE.py - {'step': '359500', 'lr': '0.0002', 'total_loss': '0.00633105', 'main_loss': '0.00633105', 'time_per_step': '2.21773'}
2026-01-24 14:24:14,912 - train_greyscale_FA_MoE.py - {'step': '359600', 'lr': '0.0002', 'total_loss': '0.0109779', 'main_loss': '0.0109779', 'time_per_step': '2.22443'}
2026-01-24 14:28:04,564 - train_greyscale_FA_MoE.py - {'step': '359700', 'lr': '0.0002', 'total_loss': '0.00694436', 'main_loss': '0.00694436', 'time_per_step': '2.11789'}
2026-01-24 14:31:52,459 - train_greyscale_FA_MoE.py - {'step': '359800', 'lr': '0.0002', 'total_loss': '0.00672558', 'main_loss': '0.00672558', 'time_per_step': '2.12287'}
2026-01-24 14:35:42,795 - train_greyscale_FA_MoE.py - {'step': '359900', 'lr': '0.0002', 'total_loss': '0.00453423', 'main_loss': '0.00453423', 'time_per_step': '2.22356'}
2026-01-24 14:39:32,034 - train_greyscale_FA_MoE.py - {'step': '360000', 'lr': '0.0002', 'total_loss': '0.00652862', 'main_loss': '0.00652862', 'time_per_step': '2.23321'}
2026-01-24 14:43:21,658 - train_greyscale_FA_MoE.py - {'step': '360100', 'lr': '0.0002', 'total_loss': '0.00803742', 'main_loss': '0.00803742', 'time_per_step': '2.24321'}
2026-01-24 14:47:10,378 - train_greyscale_FA_MoE.py - {'step': '360200', 'lr': '0.0002', 'total_loss': '0.00597681', 'main_loss': '0.00597681', 'time_per_step': '2.24004'}
2026-01-24 14:51:00,609 - train_greyscale_FA_MoE.py - {'step': '360300', 'lr': '0.0002', 'total_loss': '0.00650739', 'main_loss': '0.00650739', 'time_per_step': '2.24041'}
2026-01-24 14:54:49,602 - train_greyscale_FA_MoE.py - {'step': '360400', 'lr': '0.0002', 'total_loss': '0.00759147', 'main_loss': '0.00759147', 'time_per_step': '2.22421'}
2026-01-24 14:58:39,538 - train_greyscale_FA_MoE.py - {'step': '360500', 'lr': '0.0002', 'total_loss': '0.00862555', 'main_loss': '0.00862555', 'time_per_step': '2.21846'}
2026-01-24 15:02:28,331 - train_greyscale_FA_MoE.py - {'step': '360600', 'lr': '0.0002', 'total_loss': '0.00772214', 'main_loss': '0.00772214', 'time_per_step': '2.22424'}
2026-01-24 15:06:17,604 - train_greyscale_FA_MoE.py - {'step': '360700', 'lr': '0.0002', 'total_loss': '0.00969313', 'main_loss': '0.00969313', 'time_per_step': '2.27077'}
2026-01-24 15:10:08,453 - train_greyscale_FA_MoE.py - {'step': '360800', 'lr': '0.0002', 'total_loss': '0.00817886', 'main_loss': '0.00817886', 'time_per_step': '2.25465'}
2026-01-24 15:13:58,118 - train_greyscale_FA_MoE.py - {'step': '360900', 'lr': '0.0002', 'total_loss': '0.00511837', 'main_loss': '0.00511837', 'time_per_step': '2.11993'}
2026-01-24 15:17:46,727 - train_greyscale_FA_MoE.py - {'step': '361000', 'lr': '0.0002', 'total_loss': '0.00533574', 'main_loss': '0.00533574', 'time_per_step': '2.10444'}
2026-01-24 15:21:36,573 - train_greyscale_FA_MoE.py - {'step': '361100', 'lr': '0.0002', 'total_loss': '0.00721259', 'main_loss': '0.00721259', 'time_per_step': '2.21467'}
2026-01-24 15:25:26,412 - train_greyscale_FA_MoE.py - {'step': '361200', 'lr': '0.0002', 'total_loss': '0.00694615', 'main_loss': '0.00694615', 'time_per_step': '2.23857'}
2026-01-24 15:29:16,374 - train_greyscale_FA_MoE.py - {'step': '361300', 'lr': '0.0002', 'total_loss': '0.00829049', 'main_loss': '0.00829049', 'time_per_step': '2.21833'}
2026-01-24 15:33:04,762 - train_greyscale_FA_MoE.py - {'step': '361400', 'lr': '0.0002', 'total_loss': '0.00645189', 'main_loss': '0.00645189', 'time_per_step': '2.21965'}
2026-01-24 15:36:54,925 - train_greyscale_FA_MoE.py - {'step': '361500', 'lr': '0.0002', 'total_loss': '0.01007', 'main_loss': '0.01007', 'time_per_step': '2.21252'}
2026-01-24 15:40:44,918 - train_greyscale_FA_MoE.py - {'step': '361600', 'lr': '0.0002', 'total_loss': '0.00472389', 'main_loss': '0.00472389', 'time_per_step': '2.25357'}
2026-01-24 15:44:35,021 - train_greyscale_FA_MoE.py - {'step': '361700', 'lr': '0.0002', 'total_loss': '0.00730701', 'main_loss': '0.00730701', 'time_per_step': '2.21009'}
2026-01-24 15:48:23,927 - train_greyscale_FA_MoE.py - {'step': '361800', 'lr': '0.0002', 'total_loss': '0.0108753', 'main_loss': '0.0108753', 'time_per_step': '2.23777'}
2026-01-24 15:52:13,245 - train_greyscale_FA_MoE.py - {'step': '361900', 'lr': '0.0002', 'total_loss': '0.0103219', 'main_loss': '0.0103219', 'time_per_step': '2.21295'}
2026-01-24 15:56:03,307 - train_greyscale_FA_MoE.py - {'step': '362000', 'lr': '0.0002', 'total_loss': '0.00759884', 'main_loss': '0.00759884', 'time_per_step': '2.28835'}
2026-01-24 15:59:52,246 - train_greyscale_FA_MoE.py - {'step': '362100', 'lr': '0.0002', 'total_loss': '0.0051543', 'main_loss': '0.0051543', 'time_per_step': '2.12355'}
2026-01-24 16:03:40,449 - train_greyscale_FA_MoE.py - {'step': '362200', 'lr': '0.0002', 'total_loss': '0.00990617', 'main_loss': '0.00990617', 'time_per_step': '2.11018'}
2026-01-24 16:07:30,579 - train_greyscale_FA_MoE.py - {'step': '362300', 'lr': '0.0002', 'total_loss': '0.00772892', 'main_loss': '0.00772892', 'time_per_step': '2.19091'}
2026-01-24 16:11:20,350 - train_greyscale_FA_MoE.py - {'step': '362400', 'lr': '0.0002', 'total_loss': '0.00991142', 'main_loss': '0.00991142', 'time_per_step': '2.21429'}
2026-01-24 16:15:10,123 - train_greyscale_FA_MoE.py - {'step': '362500', 'lr': '0.0002', 'total_loss': '0.00523599', 'main_loss': '0.00523599', 'time_per_step': '2.24684'}
2026-01-24 16:18:59,734 - train_greyscale_FA_MoE.py - {'step': '362600', 'lr': '0.0002', 'total_loss': '0.00841514', 'main_loss': '0.00841514', 'time_per_step': '2.2099'}
2026-01-24 16:22:49,854 - train_greyscale_FA_MoE.py - {'step': '362700', 'lr': '0.0002', 'total_loss': '0.00729671', 'main_loss': '0.00729671', 'time_per_step': '2.22403'}
2026-01-24 16:26:40,124 - train_greyscale_FA_MoE.py - {'step': '362800', 'lr': '0.0002', 'total_loss': '0.00707077', 'main_loss': '0.00707077', 'time_per_step': '2.23755'}
2026-01-24 16:30:30,072 - train_greyscale_FA_MoE.py - {'step': '362900', 'lr': '0.0002', 'total_loss': '0.00864181', 'main_loss': '0.00864181', 'time_per_step': '2.21179'}
2026-01-24 16:34:18,694 - train_greyscale_FA_MoE.py - {'step': '363000', 'lr': '0.0002', 'total_loss': '0.0108113', 'main_loss': '0.0108113', 'time_per_step': '2.19399'}
2026-01-24 16:38:09,191 - train_greyscale_FA_MoE.py - {'step': '363100', 'lr': '0.0002', 'total_loss': '0.00604755', 'main_loss': '0.00604755', 'time_per_step': '2.24866'}
2026-01-24 16:41:58,149 - train_greyscale_FA_MoE.py - {'step': '363200', 'lr': '0.0002', 'total_loss': '0.00728808', 'main_loss': '0.00728808', 'time_per_step': '2.25139'}
2026-01-24 16:45:47,827 - train_greyscale_FA_MoE.py - {'step': '363300', 'lr': '0.0002', 'total_loss': '0.00899286', 'main_loss': '0.00899286', 'time_per_step': '2.12031'}
2026-01-24 16:49:35,886 - train_greyscale_FA_MoE.py - {'step': '363400', 'lr': '0.0002', 'total_loss': '0.00669145', 'main_loss': '0.00669145', 'time_per_step': '2.11765'}
2026-01-24 16:53:26,292 - train_greyscale_FA_MoE.py - {'step': '363500', 'lr': '0.0002', 'total_loss': '0.00980478', 'main_loss': '0.00980478', 'time_per_step': '2.24415'}
2026-01-24 16:57:16,128 - train_greyscale_FA_MoE.py - {'step': '363600', 'lr': '0.0002', 'total_loss': '0.00544495', 'main_loss': '0.00544495', 'time_per_step': '2.22241'}
2026-01-24 17:01:05,927 - train_greyscale_FA_MoE.py - {'step': '363700', 'lr': '0.0002', 'total_loss': '0.00873644', 'main_loss': '0.00873644', 'time_per_step': '2.37529'}
2026-01-24 17:04:54,681 - train_greyscale_FA_MoE.py - {'step': '363800', 'lr': '0.0002', 'total_loss': '0.00808906', 'main_loss': '0.00808906', 'time_per_step': '2.25242'}
2026-01-24 17:08:44,774 - train_greyscale_FA_MoE.py - {'step': '363900', 'lr': '0.0002', 'total_loss': '0.00852951', 'main_loss': '0.00852951', 'time_per_step': '2.22478'}
2026-01-24 17:12:35,113 - train_greyscale_FA_MoE.py - {'step': '364000', 'lr': '0.0002', 'total_loss': '0.00534194', 'main_loss': '0.00534194', 'time_per_step': '2.22431'}
2026-01-24 17:16:25,194 - train_greyscale_FA_MoE.py - {'step': '364100', 'lr': '0.0002', 'total_loss': '0.0072037', 'main_loss': '0.0072037', 'time_per_step': '2.22962'}
2026-01-24 17:20:15,040 - train_greyscale_FA_MoE.py - {'step': '364200', 'lr': '0.0002', 'total_loss': '0.00855956', 'main_loss': '0.00855956', 'time_per_step': '2.26299'}
2026-01-24 17:24:03,584 - train_greyscale_FA_MoE.py - {'step': '364300', 'lr': '0.0002', 'total_loss': '0.0078981', 'main_loss': '0.0078981', 'time_per_step': '2.32647'}
2026-01-24 17:27:53,272 - train_greyscale_FA_MoE.py - {'step': '364400', 'lr': '0.0002', 'total_loss': '0.00789295', 'main_loss': '0.00789295', 'time_per_step': '2.18936'}
2026-01-24 17:31:43,169 - train_greyscale_FA_MoE.py - {'step': '364500', 'lr': '0.0002', 'total_loss': '0.0106106', 'main_loss': '0.0106106', 'time_per_step': '2.11893'}
2026-01-24 17:35:32,444 - train_greyscale_FA_MoE.py - {'step': '364600', 'lr': '0.0002', 'total_loss': '0.00767453', 'main_loss': '0.00767453', 'time_per_step': '2.18814'}
2026-01-24 17:39:21,914 - train_greyscale_FA_MoE.py - {'step': '364700', 'lr': '0.0002', 'total_loss': '0.00844689', 'main_loss': '0.00844689', 'time_per_step': '2.20993'}
2026-01-24 17:43:12,359 - train_greyscale_FA_MoE.py - {'step': '364800', 'lr': '0.0002', 'total_loss': '0.00960792', 'main_loss': '0.00960792', 'time_per_step': '2.20353'}
2026-01-24 17:47:02,312 - train_greyscale_FA_MoE.py - {'step': '364900', 'lr': '0.0002', 'total_loss': '0.00575407', 'main_loss': '0.00575407', 'time_per_step': '2.23231'}
2026-01-24 17:50:51,859 - train_greyscale_FA_MoE.py - {'step': '365000', 'lr': '0.0002', 'total_loss': '0.00984846', 'main_loss': '0.00984846', 'time_per_step': '2.33856'}
2026-01-24 17:54:40,120 - train_greyscale_FA_MoE.py - {'step': '365100', 'lr': '0.0002', 'total_loss': '0.00761846', 'main_loss': '0.00761846', 'time_per_step': '2.18519'}
2026-01-24 17:58:29,290 - train_greyscale_FA_MoE.py - {'step': '365200', 'lr': '0.0002', 'total_loss': '0.00906949', 'main_loss': '0.00906949', 'time_per_step': '2.24799'}
2026-01-24 18:02:19,439 - train_greyscale_FA_MoE.py - {'step': '365300', 'lr': '0.0002', 'total_loss': '0.00857083', 'main_loss': '0.00857083', 'time_per_step': '2.22191'}
2026-01-27 12:13:35,798 - train_greyscale_FA_MoE.py - ckpt_root: output_shift_fa/acdc_wholeheart_uncond_fa_ec_moe_greyscale_uvit_mid_4by4_l6r9_low16_Y_bound/ckpts
dataset:
  SNR_scale: 4.0
  Y_bound: !!python/tuple
  - 502.5
  Y_entropy: !!python/tuple
  - 5.883
  - 3.501
  - 3.575
  - 2.418
  - 2.75
  - 2.341
  - 1.479
  - 2.017
  - 2.044
  - 1.453
  - 1.316
  - 1.586
  - 1.365
  - 1.174
  - 1.108
  - 1.0
  Y_max: !!python/tuple
  - 262.0
  - 112.375
  - 125.812
  - 49.0
  - 58.5
  - 46.5
  - 20.344
  - 32.906
  - 33.406
  - 19.953
  - 15.953
  - 22.0
  - 16.984
  - 12.812
  - 11.68
  - 7.461
  Y_mean: !!python/tuple
  - -270.982
  - -0.725
  - 0.44
  - 0.107
  - 0.009
  - 0.154
  - -0.058
  - 0.0
  - -0.008
  - 0.019
  - 0.009
  - -0.012
  - 0.005
  - 0.002
  - 0.004
  - -0.002
  Y_min: !!python/tuple
  - -502.5
  - -119.312
  - -122.375
  - -51.25
  - -58.906
  - -49.5
  - -20.703
  - -32.906
  - -33.094
  - -19.891
  - -15.891
  - -21.75
  - -16.969
  - -12.773
  - -11.648
  - -7.492
  Y_std: !!python/tuple
  - 182.433
  - 32.822
  - 34.997
  - 14.001
  - 17.621
  - 13.189
  - 5.791
  - 9.609
  - 9.805
  - 5.653
  - 4.634
  - 6.503
  - 4.964
  - 3.796
  - 3.44
  - 2.178
  block_sz: 4
  dataset_type: wholeheart
  frequency_aware_tokens: true
  greyscale: true
  low_freqs: 16
  name: acdc_uncond
  num_fa_length: 8
  num_fa_repeats: 9
  num_fa_repeats_x: 3
  num_fa_repeats_y: 3
  path: data/scratch/datasets/ACDC/Unlabeled/Wholeheart
  resolution: 96
  reweight: true
  reweight_dim: -1
  temperature: 0.0
  tokens: 128
  tokenwise_normalization: Y_bound
eval:
  cleanup_samples: true
  eval_start: 400000
  is_batch_size: 32
  lpips_batch_size: 32
  mini_batch_size: 500
  n_samples: 50000
  sample_steps: 100
eval_dir: output/evaluation/FA_EC_l8r9_4by4_low16
lr_scheduler:
  name: customized
  warmup_steps: 5000
mixed_precision: 'no'
name: acdc_wholeheart_uncond_uvit_FA_EC_MoE_greyscale_mid_4by4_low16
nnet:
  MoE:
    aux_loss_alpha: 0.0
    depth: 1
    noise_eps: 0.01
    num_experts: 4
    router: topk
    top_k: 2
    type: ecmoe
  depth: 16
  embed_dim: 768
  in_chans: 72
  low_freqs: 16
  mlp_ratio: 4
  mlp_time_embed: true
  name: uvit_greyscale_moe
  num_classes: -1
  num_heads: 12
  qkv_bias: false
  tokens: 128
  use_moe: true
optimizer:
  betas: !!python/tuple
  - 0.99
  - 0.99
  lr: 0.0002
  name: adamw
  weight_decay: 0.03
pred: noise_pred
private:
  accountant: prv
  dp_method: dpsgd
  max_grad_norm: 1.0
  noise_multiplier: 0.5
  secure_mode: false
  target_delta: 1.0e-05
  target_epsilon: 10
  use_dp: false
sample:
  algorithm: euler_maruyama_ode
  mini_batch_size: 500
  n_samples: 50000
  path: data/scratch/samples
  sample_steps: 100
  save_npz: ''
  save_start: 20000
sample_dir: output_shift_fa/acdc_wholeheart_uncond_fa_ec_moe_greyscale_uvit_mid_4by4_l6r9_low16_Y_bound/samples
seed: 1234
train:
  batch_size: 512
  eval_interval: 25000
  log_interval: 100
  mode: uncond
  n_steps: 500000
  save_interval: 25000
workdir: output_shift_fa/acdc_wholeheart_uncond_fa_ec_moe_greyscale_uvit_mid_4by4_l6r9_low16_Y_bound

2026-01-27 12:14:46,676 - train_greyscale_FA_MoE.py - dataset samples: 25022
2026-01-27 12:14:46,677 - train_greyscale_FA_MoE.py - Using Y_bound for positional token normalization
2026-01-27 12:14:56,337 - utils.py - nnet has 163173192 parameters
2026-01-27 12:14:57,125 - utils.py - resume from output_shift_fa/acdc_wholeheart_uncond_fa_ec_moe_greyscale_uvit_mid_4by4_l6r9_low16_Y_bound/ckpts/350000.ckpt
2026-01-27 12:14:57,125 - utils.py - load from output_shift_fa/acdc_wholeheart_uncond_fa_ec_moe_greyscale_uvit_mid_4by4_l6r9_low16_Y_bound/ckpts/350000.ckpt
2026-01-27 12:15:06,941 - train_greyscale_FA_MoE.py - using [5.883 3.501 3.575 2.418 2.75  2.341 1.479 2.017 2.044 1.453 1.316 1.586
 1.365 1.174 1.108 1.   ] for loss reweighting
2026-01-27 12:15:06,943 - train_greyscale_FA_MoE.py - Using temperature 0.0 for loss reweighting
2026-01-27 12:15:07,217 - train_greyscale_FA_MoE.py - Start fitting, step=350000, mixed_precision=no
2026-01-27 12:20:28,220 - train_greyscale_FA_MoE.py - {'step': '350100', 'lr': '0.0002', 'total_loss': '0.00724255', 'main_loss': '0.00724255', 'time_per_step': '2.22029'}
2026-01-27 12:24:23,023 - train_greyscale_FA_MoE.py - {'step': '350200', 'lr': '0.0002', 'total_loss': '0.00661176', 'main_loss': '0.00661176', 'time_per_step': '2.21367'}
2026-01-27 12:28:16,707 - train_greyscale_FA_MoE.py - {'step': '350300', 'lr': '0.0002', 'total_loss': '0.00583721', 'main_loss': '0.00583721', 'time_per_step': '2.22178'}
2026-01-27 12:32:11,521 - train_greyscale_FA_MoE.py - {'step': '350400', 'lr': '0.0002', 'total_loss': '0.00711369', 'main_loss': '0.00711369', 'time_per_step': '2.20735'}
2026-01-27 12:36:06,238 - train_greyscale_FA_MoE.py - {'step': '350500', 'lr': '0.0002', 'total_loss': '0.00981404', 'main_loss': '0.00981404', 'time_per_step': '2.21752'}
2026-01-27 12:40:01,482 - train_greyscale_FA_MoE.py - {'step': '350600', 'lr': '0.0002', 'total_loss': '0.00966163', 'main_loss': '0.00966163', 'time_per_step': '2.27005'}
2026-01-27 12:43:56,508 - train_greyscale_FA_MoE.py - {'step': '350700', 'lr': '0.0002', 'total_loss': '0.00997976', 'main_loss': '0.00997976', 'time_per_step': '2.21425'}
2026-01-27 12:47:50,292 - train_greyscale_FA_MoE.py - {'step': '350800', 'lr': '0.0002', 'total_loss': '0.00719343', 'main_loss': '0.00719343', 'time_per_step': '2.22844'}
2026-01-27 12:51:46,798 - train_greyscale_FA_MoE.py - {'step': '350900', 'lr': '0.0002', 'total_loss': '0.01074', 'main_loss': '0.01074', 'time_per_step': '3.44585'}
2026-01-27 12:55:42,157 - train_greyscale_FA_MoE.py - {'step': '351000', 'lr': '0.0002', 'total_loss': '0.00553975', 'main_loss': '0.00553975', 'time_per_step': '2.21825'}
2026-01-27 12:59:36,592 - train_greyscale_FA_MoE.py - {'step': '351100', 'lr': '0.0002', 'total_loss': '0.00950981', 'main_loss': '0.00950981', 'time_per_step': '2.10884'}
2026-01-27 13:03:30,527 - train_greyscale_FA_MoE.py - {'step': '351200', 'lr': '0.0002', 'total_loss': '0.00694458', 'main_loss': '0.00694458', 'time_per_step': '2.16412'}
2026-01-27 13:07:26,693 - train_greyscale_FA_MoE.py - {'step': '351300', 'lr': '0.0002', 'total_loss': '0.00846314', 'main_loss': '0.00846314', 'time_per_step': '2.42777'}
2026-01-27 13:11:20,992 - train_greyscale_FA_MoE.py - {'step': '351400', 'lr': '0.0002', 'total_loss': '0.00986287', 'main_loss': '0.00986287', 'time_per_step': '2.2229'}
2026-01-27 13:15:17,045 - train_greyscale_FA_MoE.py - {'step': '351500', 'lr': '0.0002', 'total_loss': '0.00486202', 'main_loss': '0.00486202', 'time_per_step': '2.44937'}
2026-01-27 13:19:11,390 - train_greyscale_FA_MoE.py - {'step': '351600', 'lr': '0.0002', 'total_loss': '0.00471525', 'main_loss': '0.00471525', 'time_per_step': '2.25309'}
2026-01-27 13:23:06,720 - train_greyscale_FA_MoE.py - {'step': '351700', 'lr': '0.0002', 'total_loss': '0.00684075', 'main_loss': '0.00684075', 'time_per_step': '2.22268'}
2026-01-27 13:27:01,873 - train_greyscale_FA_MoE.py - {'step': '351800', 'lr': '0.0002', 'total_loss': '0.00958878', 'main_loss': '0.00958878', 'time_per_step': '2.5669'}
2026-01-27 13:30:57,178 - train_greyscale_FA_MoE.py - {'step': '351900', 'lr': '0.0002', 'total_loss': '0.0118468', 'main_loss': '0.0118468', 'time_per_step': '2.21227'}
2026-01-27 13:34:46,083 - train_greyscale_FA_MoE.py - {'step': '352000', 'lr': '0.0002', 'total_loss': '0.00899636', 'main_loss': '0.00899636', 'time_per_step': '2.20975'}
2026-01-27 13:38:34,260 - train_greyscale_FA_MoE.py - {'step': '352100', 'lr': '0.0002', 'total_loss': '0.00896089', 'main_loss': '0.00896089', 'time_per_step': '2.23464'}
2026-01-27 13:42:23,047 - train_greyscale_FA_MoE.py - {'step': '352200', 'lr': '0.0002', 'total_loss': '0.00866641', 'main_loss': '0.00866641', 'time_per_step': '2.20184'}
2026-01-27 13:46:11,413 - train_greyscale_FA_MoE.py - {'step': '352300', 'lr': '0.0002', 'total_loss': '0.00634139', 'main_loss': '0.00634139', 'time_per_step': '2.11013'}
2026-01-27 13:50:00,065 - train_greyscale_FA_MoE.py - {'step': '352400', 'lr': '0.0002', 'total_loss': '0.00513175', 'main_loss': '0.00513175', 'time_per_step': '2.16513'}
2026-01-27 13:53:48,962 - train_greyscale_FA_MoE.py - {'step': '352500', 'lr': '0.0002', 'total_loss': '0.0103516', 'main_loss': '0.0103516', 'time_per_step': '2.21683'}
2026-01-27 13:57:38,126 - train_greyscale_FA_MoE.py - {'step': '352600', 'lr': '0.0002', 'total_loss': '0.00711379', 'main_loss': '0.00711379', 'time_per_step': '2.21372'}
2026-01-27 14:01:27,894 - train_greyscale_FA_MoE.py - {'step': '352700', 'lr': '0.0002', 'total_loss': '0.00962876', 'main_loss': '0.00962876', 'time_per_step': '2.22819'}
2026-01-27 14:05:16,840 - train_greyscale_FA_MoE.py - {'step': '352800', 'lr': '0.0002', 'total_loss': '0.0077795', 'main_loss': '0.0077795', 'time_per_step': '2.23027'}
2026-01-27 14:09:05,062 - train_greyscale_FA_MoE.py - {'step': '352900', 'lr': '0.0002', 'total_loss': '0.0062439', 'main_loss': '0.0062439', 'time_per_step': '2.21552'}
2026-01-27 14:12:54,059 - train_greyscale_FA_MoE.py - {'step': '353000', 'lr': '0.0002', 'total_loss': '0.0115682', 'main_loss': '0.0115682', 'time_per_step': '2.235'}
2026-01-27 14:16:42,657 - train_greyscale_FA_MoE.py - {'step': '353100', 'lr': '0.0002', 'total_loss': '0.012897', 'main_loss': '0.012897', 'time_per_step': '2.23595'}
2026-01-27 14:20:31,264 - train_greyscale_FA_MoE.py - {'step': '353200', 'lr': '0.0002', 'total_loss': '0.00985521', 'main_loss': '0.00985521', 'time_per_step': '2.29572'}
2026-01-27 14:24:18,952 - train_greyscale_FA_MoE.py - {'step': '353300', 'lr': '0.0002', 'total_loss': '0.00850752', 'main_loss': '0.00850752', 'time_per_step': '2.199'}
2026-01-27 14:28:07,922 - train_greyscale_FA_MoE.py - {'step': '353400', 'lr': '0.0002', 'total_loss': '0.00766179', 'main_loss': '0.00766179', 'time_per_step': '2.21522'}
2026-01-27 14:31:57,016 - train_greyscale_FA_MoE.py - {'step': '353500', 'lr': '0.0002', 'total_loss': '0.00745193', 'main_loss': '0.00745193', 'time_per_step': '2.10835'}
2026-01-27 14:35:45,234 - train_greyscale_FA_MoE.py - {'step': '353600', 'lr': '0.0002', 'total_loss': '0.00456906', 'main_loss': '0.00456906', 'time_per_step': '2.10781'}
2026-01-27 14:39:33,115 - train_greyscale_FA_MoE.py - {'step': '353700', 'lr': '0.0002', 'total_loss': '0.00518493', 'main_loss': '0.00518493', 'time_per_step': '2.21399'}
2026-01-27 14:43:22,308 - train_greyscale_FA_MoE.py - {'step': '353800', 'lr': '0.0002', 'total_loss': '0.00658687', 'main_loss': '0.00658687', 'time_per_step': '2.23154'}
2026-01-27 14:47:11,730 - train_greyscale_FA_MoE.py - {'step': '353900', 'lr': '0.0002', 'total_loss': '0.00987129', 'main_loss': '0.00987129', 'time_per_step': '2.25502'}
2026-01-27 14:51:00,759 - train_greyscale_FA_MoE.py - {'step': '354000', 'lr': '0.0002', 'total_loss': '0.00942034', 'main_loss': '0.00942034', 'time_per_step': '2.29255'}
2026-01-27 14:54:48,420 - train_greyscale_FA_MoE.py - {'step': '354100', 'lr': '0.0002', 'total_loss': '0.00747143', 'main_loss': '0.00747143', 'time_per_step': '2.18783'}
2026-01-27 14:58:39,068 - train_greyscale_FA_MoE.py - {'step': '354200', 'lr': '0.0002', 'total_loss': '0.00537621', 'main_loss': '0.00537621', 'time_per_step': '2.25317'}
2026-01-27 15:02:28,234 - train_greyscale_FA_MoE.py - {'step': '354300', 'lr': '0.0002', 'total_loss': '0.00845486', 'main_loss': '0.00845486', 'time_per_step': '2.18002'}
2026-01-27 15:06:17,142 - train_greyscale_FA_MoE.py - {'step': '354400', 'lr': '0.0002', 'total_loss': '0.00718785', 'main_loss': '0.00718785', 'time_per_step': '2.22356'}
2026-01-27 15:10:05,092 - train_greyscale_FA_MoE.py - {'step': '354500', 'lr': '0.0002', 'total_loss': '0.00479331', 'main_loss': '0.00479331', 'time_per_step': '2.21993'}
2026-01-27 15:13:53,864 - train_greyscale_FA_MoE.py - {'step': '354600', 'lr': '0.0002', 'total_loss': '0.00972129', 'main_loss': '0.00972129', 'time_per_step': '2.21205'}
2026-01-27 15:17:42,240 - train_greyscale_FA_MoE.py - {'step': '354700', 'lr': '0.0002', 'total_loss': '0.00861937', 'main_loss': '0.00861937', 'time_per_step': '2.11308'}
2026-01-27 15:21:30,979 - train_greyscale_FA_MoE.py - {'step': '354800', 'lr': '0.0002', 'total_loss': '0.00714297', 'main_loss': '0.00714297', 'time_per_step': '2.16577'}
2026-01-27 15:25:19,700 - train_greyscale_FA_MoE.py - {'step': '354900', 'lr': '0.0002', 'total_loss': '0.00639923', 'main_loss': '0.00639923', 'time_per_step': '2.19581'}
2026-01-27 15:29:09,127 - train_greyscale_FA_MoE.py - {'step': '355000', 'lr': '0.0002', 'total_loss': '0.00903368', 'main_loss': '0.00903368', 'time_per_step': '2.24877'}
2026-01-27 15:32:57,870 - train_greyscale_FA_MoE.py - {'step': '355100', 'lr': '0.0002', 'total_loss': '0.00717565', 'main_loss': '0.00717565', 'time_per_step': '2.22'}
2026-01-27 15:36:46,737 - train_greyscale_FA_MoE.py - {'step': '355200', 'lr': '0.0002', 'total_loss': '0.00702451', 'main_loss': '0.00702451', 'time_per_step': '2.16291'}
2026-01-27 15:40:34,691 - train_greyscale_FA_MoE.py - {'step': '355300', 'lr': '0.0002', 'total_loss': '0.00655598', 'main_loss': '0.00655598', 'time_per_step': '2.22476'}
2026-01-27 15:44:23,393 - train_greyscale_FA_MoE.py - {'step': '355400', 'lr': '0.0002', 'total_loss': '0.00551032', 'main_loss': '0.00551032', 'time_per_step': '2.21368'}
2026-01-27 15:48:12,260 - train_greyscale_FA_MoE.py - {'step': '355500', 'lr': '0.0002', 'total_loss': '0.00725517', 'main_loss': '0.00725517', 'time_per_step': '2.21603'}
2026-01-27 15:52:00,870 - train_greyscale_FA_MoE.py - {'step': '355600', 'lr': '0.0002', 'total_loss': '0.0105036', 'main_loss': '0.0105036', 'time_per_step': '2.27571'}
2026-01-27 15:55:48,577 - train_greyscale_FA_MoE.py - {'step': '355700', 'lr': '0.0002', 'total_loss': '0.011026', 'main_loss': '0.011026', 'time_per_step': '2.23422'}
2026-01-27 15:59:37,842 - train_greyscale_FA_MoE.py - {'step': '355800', 'lr': '0.0002', 'total_loss': '0.00505431', 'main_loss': '0.00505431', 'time_per_step': '2.23764'}
2026-01-27 16:03:26,540 - train_greyscale_FA_MoE.py - {'step': '355900', 'lr': '0.0002', 'total_loss': '0.00834778', 'main_loss': '0.00834778', 'time_per_step': '2.1093'}
2026-01-27 16:07:14,771 - train_greyscale_FA_MoE.py - {'step': '356000', 'lr': '0.0002', 'total_loss': '0.0100945', 'main_loss': '0.0100945', 'time_per_step': '2.10976'}
2026-01-27 16:11:03,594 - train_greyscale_FA_MoE.py - {'step': '356100', 'lr': '0.0002', 'total_loss': '0.00660339', 'main_loss': '0.00660339', 'time_per_step': '2.2332'}
2026-01-27 16:14:52,340 - train_greyscale_FA_MoE.py - {'step': '356200', 'lr': '0.0002', 'total_loss': '0.0102652', 'main_loss': '0.0102652', 'time_per_step': '2.26346'}
2026-01-27 16:18:40,882 - train_greyscale_FA_MoE.py - {'step': '356300', 'lr': '0.0002', 'total_loss': '0.00744695', 'main_loss': '0.00744695', 'time_per_step': '2.24018'}
2026-01-27 16:22:29,261 - train_greyscale_FA_MoE.py - {'step': '356400', 'lr': '0.0002', 'total_loss': '0.00721248', 'main_loss': '0.00721248', 'time_per_step': '2.25115'}
2026-01-27 16:26:17,231 - train_greyscale_FA_MoE.py - {'step': '356500', 'lr': '0.0002', 'total_loss': '0.00712875', 'main_loss': '0.00712875', 'time_per_step': '2.18673'}
2026-01-27 16:30:06,663 - train_greyscale_FA_MoE.py - {'step': '356600', 'lr': '0.0002', 'total_loss': '0.00675586', 'main_loss': '0.00675586', 'time_per_step': '2.22681'}
2026-01-27 16:33:55,102 - train_greyscale_FA_MoE.py - {'step': '356700', 'lr': '0.0002', 'total_loss': '0.00540859', 'main_loss': '0.00540859', 'time_per_step': '2.21523'}
2026-01-27 16:37:43,980 - train_greyscale_FA_MoE.py - {'step': '356800', 'lr': '0.0002', 'total_loss': '0.0103587', 'main_loss': '0.0103587', 'time_per_step': '2.18526'}
2026-01-27 16:41:32,005 - train_greyscale_FA_MoE.py - {'step': '356900', 'lr': '0.0002', 'total_loss': '0.00821267', 'main_loss': '0.00821267', 'time_per_step': '2.28094'}
2026-01-27 16:45:20,454 - train_greyscale_FA_MoE.py - {'step': '357000', 'lr': '0.0002', 'total_loss': '0.00638688', 'main_loss': '0.00638688', 'time_per_step': '2.17643'}
2026-01-27 16:49:08,993 - train_greyscale_FA_MoE.py - {'step': '357100', 'lr': '0.0002', 'total_loss': '0.00883545', 'main_loss': '0.00883545', 'time_per_step': '2.10642'}
2026-01-27 16:52:56,814 - train_greyscale_FA_MoE.py - {'step': '357200', 'lr': '0.0002', 'total_loss': '0.00996662', 'main_loss': '0.00996662', 'time_per_step': '2.09925'}
2026-01-27 16:56:45,093 - train_greyscale_FA_MoE.py - {'step': '357300', 'lr': '0.0002', 'total_loss': '0.00734878', 'main_loss': '0.00734878', 'time_per_step': '2.2296'}
2026-01-27 17:00:34,106 - train_greyscale_FA_MoE.py - {'step': '357400', 'lr': '0.0002', 'total_loss': '0.00731671', 'main_loss': '0.00731671', 'time_per_step': '2.22308'}
2026-01-27 17:04:22,729 - train_greyscale_FA_MoE.py - {'step': '357500', 'lr': '0.0002', 'total_loss': '0.00762533', 'main_loss': '0.00762533', 'time_per_step': '2.24553'}
2026-01-27 17:08:10,379 - train_greyscale_FA_MoE.py - {'step': '357600', 'lr': '0.0002', 'total_loss': '0.00930122', 'main_loss': '0.00930122', 'time_per_step': '2.17498'}
2026-01-27 17:11:57,765 - train_greyscale_FA_MoE.py - {'step': '357700', 'lr': '0.0002', 'total_loss': '0.00744905', 'main_loss': '0.00744905', 'time_per_step': '2.17399'}
2026-01-27 17:15:46,301 - train_greyscale_FA_MoE.py - {'step': '357800', 'lr': '0.0002', 'total_loss': '0.00555981', 'main_loss': '0.00555981', 'time_per_step': '2.21921'}
2026-01-27 17:19:34,794 - train_greyscale_FA_MoE.py - {'step': '357900', 'lr': '0.0002', 'total_loss': '0.00885511', 'main_loss': '0.00885511', 'time_per_step': '2.18861'}
2026-01-27 17:23:23,253 - train_greyscale_FA_MoE.py - {'step': '358000', 'lr': '0.0002', 'total_loss': '0.00698751', 'main_loss': '0.00698751', 'time_per_step': '2.22001'}
2026-01-27 17:27:10,546 - train_greyscale_FA_MoE.py - {'step': '358100', 'lr': '0.0002', 'total_loss': '0.0114757', 'main_loss': '0.0114757', 'time_per_step': '2.2207'}
2026-01-27 17:30:58,435 - train_greyscale_FA_MoE.py - {'step': '358200', 'lr': '0.0002', 'total_loss': '0.00780885', 'main_loss': '0.00780885', 'time_per_step': '2.16952'}
2026-01-27 17:34:46,034 - train_greyscale_FA_MoE.py - {'step': '358300', 'lr': '0.0002', 'total_loss': '0.00794442', 'main_loss': '0.00794442', 'time_per_step': '2.08675'}
2026-01-27 17:38:34,292 - train_greyscale_FA_MoE.py - {'step': '358400', 'lr': '0.0002', 'total_loss': '0.00861138', 'main_loss': '0.00861138', 'time_per_step': '2.09907'}
2026-01-27 17:42:22,045 - train_greyscale_FA_MoE.py - {'step': '358500', 'lr': '0.0002', 'total_loss': '0.00596484', 'main_loss': '0.00596484', 'time_per_step': '2.20118'}
2026-01-27 17:46:10,970 - train_greyscale_FA_MoE.py - {'step': '358600', 'lr': '0.0002', 'total_loss': '0.00644403', 'main_loss': '0.00644403', 'time_per_step': '2.23812'}
2026-01-27 17:49:59,998 - train_greyscale_FA_MoE.py - {'step': '358700', 'lr': '0.0002', 'total_loss': '0.00952931', 'main_loss': '0.00952931', 'time_per_step': '2.2776'}
2026-01-27 17:53:47,658 - train_greyscale_FA_MoE.py - {'step': '358800', 'lr': '0.0002', 'total_loss': '0.010342', 'main_loss': '0.010342', 'time_per_step': '2.23609'}
2026-01-27 17:57:35,044 - train_greyscale_FA_MoE.py - {'step': '358900', 'lr': '0.0002', 'total_loss': '0.00879907', 'main_loss': '0.00879907', 'time_per_step': '2.20045'}
2026-01-27 18:01:23,397 - train_greyscale_FA_MoE.py - {'step': '359000', 'lr': '0.0002', 'total_loss': '0.0103553', 'main_loss': '0.0103553', 'time_per_step': '2.18557'}
2026-01-27 18:05:12,222 - train_greyscale_FA_MoE.py - {'step': '359100', 'lr': '0.0002', 'total_loss': '0.00957509', 'main_loss': '0.00957509', 'time_per_step': '2.22317'}
2026-01-27 18:09:00,957 - train_greyscale_FA_MoE.py - {'step': '359200', 'lr': '0.0002', 'total_loss': '0.0106922', 'main_loss': '0.0106922', 'time_per_step': '2.26014'}
2026-01-27 18:12:48,054 - train_greyscale_FA_MoE.py - {'step': '359300', 'lr': '0.0002', 'total_loss': '0.011917', 'main_loss': '0.011917', 'time_per_step': '2.21569'}
2026-01-27 18:16:36,427 - train_greyscale_FA_MoE.py - {'step': '359400', 'lr': '0.0002', 'total_loss': '0.00600413', 'main_loss': '0.00600413', 'time_per_step': '2.21109'}
2026-01-27 18:20:24,213 - train_greyscale_FA_MoE.py - {'step': '359500', 'lr': '0.0002', 'total_loss': '0.00956708', 'main_loss': '0.00956708', 'time_per_step': '2.10595'}
2026-01-27 18:24:12,301 - train_greyscale_FA_MoE.py - {'step': '359600', 'lr': '0.0002', 'total_loss': '0.00815307', 'main_loss': '0.00815307', 'time_per_step': '2.09612'}
2026-01-27 18:28:01,101 - train_greyscale_FA_MoE.py - {'step': '359700', 'lr': '0.0002', 'total_loss': '0.011357', 'main_loss': '0.011357', 'time_per_step': '2.30492'}
2026-01-27 18:31:49,891 - train_greyscale_FA_MoE.py - {'step': '359800', 'lr': '0.0002', 'total_loss': '0.00765781', 'main_loss': '0.00765781', 'time_per_step': '2.18833'}
2026-01-27 18:35:38,532 - train_greyscale_FA_MoE.py - {'step': '359900', 'lr': '0.0002', 'total_loss': '0.00944451', 'main_loss': '0.00944451', 'time_per_step': '2.21721'}
2026-01-27 18:39:26,757 - train_greyscale_FA_MoE.py - {'step': '360000', 'lr': '0.0002', 'total_loss': '0.00724295', 'main_loss': '0.00724295', 'time_per_step': '2.21697'}
2026-01-27 18:43:14,286 - train_greyscale_FA_MoE.py - {'step': '360100', 'lr': '0.0002', 'total_loss': '0.00651943', 'main_loss': '0.00651943', 'time_per_step': '2.23612'}
2026-01-27 18:47:01,500 - train_greyscale_FA_MoE.py - {'step': '360200', 'lr': '0.0002', 'total_loss': '0.00517508', 'main_loss': '0.00517508', 'time_per_step': '2.27501'}
2026-01-27 18:50:50,050 - train_greyscale_FA_MoE.py - {'step': '360300', 'lr': '0.0002', 'total_loss': '0.00645786', 'main_loss': '0.00645786', 'time_per_step': '2.22594'}
2026-01-27 18:54:38,586 - train_greyscale_FA_MoE.py - {'step': '360400', 'lr': '0.0002', 'total_loss': '0.00663044', 'main_loss': '0.00663044', 'time_per_step': '2.22026'}
2026-01-27 18:58:25,729 - train_greyscale_FA_MoE.py - {'step': '360500', 'lr': '0.0002', 'total_loss': '0.00551832', 'main_loss': '0.00551832', 'time_per_step': '2.21602'}
2026-01-27 19:02:14,000 - train_greyscale_FA_MoE.py - {'step': '360600', 'lr': '0.0002', 'total_loss': '0.0056018', 'main_loss': '0.0056018', 'time_per_step': '2.22823'}
2026-01-27 19:06:02,264 - train_greyscale_FA_MoE.py - {'step': '360700', 'lr': '0.0002', 'total_loss': '0.00990101', 'main_loss': '0.00990101', 'time_per_step': '2.10783'}
2026-01-27 19:09:50,732 - train_greyscale_FA_MoE.py - {'step': '360800', 'lr': '0.0002', 'total_loss': '0.0107836', 'main_loss': '0.0107836', 'time_per_step': '2.09948'}
2026-01-27 19:13:38,797 - train_greyscale_FA_MoE.py - {'step': '360900', 'lr': '0.0002', 'total_loss': '0.00838404', 'main_loss': '0.00838404', 'time_per_step': '2.24177'}
2026-01-27 19:17:26,912 - train_greyscale_FA_MoE.py - {'step': '361000', 'lr': '0.0002', 'total_loss': '0.00613951', 'main_loss': '0.00613951', 'time_per_step': '2.20884'}
2026-01-27 19:21:14,974 - train_greyscale_FA_MoE.py - {'step': '361100', 'lr': '0.0002', 'total_loss': '0.00860202', 'main_loss': '0.00860202', 'time_per_step': '2.22175'}
2026-01-27 19:25:02,823 - train_greyscale_FA_MoE.py - {'step': '361200', 'lr': '0.0002', 'total_loss': '0.00858453', 'main_loss': '0.00858453', 'time_per_step': '2.22289'}
2026-01-27 19:28:50,100 - train_greyscale_FA_MoE.py - {'step': '361300', 'lr': '0.0002', 'total_loss': '0.00667156', 'main_loss': '0.00667156', 'time_per_step': '2.23806'}
2026-01-27 19:32:38,152 - train_greyscale_FA_MoE.py - {'step': '361400', 'lr': '0.0002', 'total_loss': '0.00905329', 'main_loss': '0.00905329', 'time_per_step': '2.22866'}
2026-01-27 19:36:26,725 - train_greyscale_FA_MoE.py - {'step': '361500', 'lr': '0.0002', 'total_loss': '0.00523929', 'main_loss': '0.00523929', 'time_per_step': '2.21007'}
2026-01-27 19:40:14,304 - train_greyscale_FA_MoE.py - {'step': '361600', 'lr': '0.0002', 'total_loss': '0.00894803', 'main_loss': '0.00894803', 'time_per_step': '2.20895'}
2026-01-27 19:44:01,992 - train_greyscale_FA_MoE.py - {'step': '361700', 'lr': '0.0002', 'total_loss': '0.00820452', 'main_loss': '0.00820452', 'time_per_step': '2.30313'}
2026-01-27 19:47:50,234 - train_greyscale_FA_MoE.py - {'step': '361800', 'lr': '0.0002', 'total_loss': '0.00884955', 'main_loss': '0.00884955', 'time_per_step': '2.22892'}
2026-01-27 19:51:38,411 - train_greyscale_FA_MoE.py - {'step': '361900', 'lr': '0.0002', 'total_loss': '0.0069364', 'main_loss': '0.0069364', 'time_per_step': '2.10075'}
2026-01-27 19:55:25,704 - train_greyscale_FA_MoE.py - {'step': '362000', 'lr': '0.0002', 'total_loss': '0.0109074', 'main_loss': '0.0109074', 'time_per_step': '2.09724'}
2026-01-27 19:59:13,515 - train_greyscale_FA_MoE.py - {'step': '362100', 'lr': '0.0002', 'total_loss': '0.00869579', 'main_loss': '0.00869579', 'time_per_step': '2.18401'}
2026-01-27 20:03:02,797 - train_greyscale_FA_MoE.py - {'step': '362200', 'lr': '0.0002', 'total_loss': '0.00710558', 'main_loss': '0.00710558', 'time_per_step': '2.20734'}
2026-01-27 20:06:51,545 - train_greyscale_FA_MoE.py - {'step': '362300', 'lr': '0.0002', 'total_loss': '0.00686163', 'main_loss': '0.00686163', 'time_per_step': '2.21223'}
2026-01-27 20:10:40,355 - train_greyscale_FA_MoE.py - {'step': '362400', 'lr': '0.0002', 'total_loss': '0.00845796', 'main_loss': '0.00845796', 'time_per_step': '2.22386'}
2026-01-27 20:14:28,097 - train_greyscale_FA_MoE.py - {'step': '362500', 'lr': '0.0002', 'total_loss': '0.00869237', 'main_loss': '0.00869237', 'time_per_step': '2.21467'}
2026-01-27 20:18:16,990 - train_greyscale_FA_MoE.py - {'step': '362600', 'lr': '0.0002', 'total_loss': '0.00671452', 'main_loss': '0.00671452', 'time_per_step': '2.2324'}
2026-01-27 20:22:05,251 - train_greyscale_FA_MoE.py - {'step': '362700', 'lr': '0.0002', 'total_loss': '0.00825575', 'main_loss': '0.00825575', 'time_per_step': '2.22638'}
2026-01-27 20:25:53,285 - train_greyscale_FA_MoE.py - {'step': '362800', 'lr': '0.0002', 'total_loss': '0.00968199', 'main_loss': '0.00968199', 'time_per_step': '2.21859'}
2026-01-27 20:29:40,401 - train_greyscale_FA_MoE.py - {'step': '362900', 'lr': '0.0002', 'total_loss': '0.0062237', 'main_loss': '0.0062237', 'time_per_step': '2.236'}
2026-01-27 20:33:27,627 - train_greyscale_FA_MoE.py - {'step': '363000', 'lr': '0.0002', 'total_loss': '0.00925254', 'main_loss': '0.00925254', 'time_per_step': '2.23723'}
2026-01-27 20:37:16,119 - train_greyscale_FA_MoE.py - {'step': '363100', 'lr': '0.0002', 'total_loss': '0.0102342', 'main_loss': '0.0102342', 'time_per_step': '2.11463'}
2026-01-27 20:41:03,982 - train_greyscale_FA_MoE.py - {'step': '363200', 'lr': '0.0002', 'total_loss': '0.010305', 'main_loss': '0.010305', 'time_per_step': '2.10617'}
2026-01-27 20:44:51,962 - train_greyscale_FA_MoE.py - {'step': '363300', 'lr': '0.0002', 'total_loss': '0.0110433', 'main_loss': '0.0110433', 'time_per_step': '2.23835'}
2026-01-27 20:48:39,783 - train_greyscale_FA_MoE.py - {'step': '363400', 'lr': '0.0002', 'total_loss': '0.00888576', 'main_loss': '0.00888576', 'time_per_step': '2.36675'}
2026-01-27 20:52:27,304 - train_greyscale_FA_MoE.py - {'step': '363500', 'lr': '0.0002', 'total_loss': '0.00785426', 'main_loss': '0.00785426', 'time_per_step': '2.2436'}
2026-01-27 20:56:15,465 - train_greyscale_FA_MoE.py - {'step': '363600', 'lr': '0.0002', 'total_loss': '0.0118282', 'main_loss': '0.0118282', 'time_per_step': '2.21712'}
2026-01-27 21:00:03,796 - train_greyscale_FA_MoE.py - {'step': '363700', 'lr': '0.0002', 'total_loss': '0.0078441', 'main_loss': '0.0078441', 'time_per_step': '2.16699'}
2026-01-27 21:03:52,612 - train_greyscale_FA_MoE.py - {'step': '363800', 'lr': '0.0002', 'total_loss': '0.00795948', 'main_loss': '0.00795948', 'time_per_step': '2.19689'}
2026-01-27 21:07:41,280 - train_greyscale_FA_MoE.py - {'step': '363900', 'lr': '0.0002', 'total_loss': '0.00561599', 'main_loss': '0.00561599', 'time_per_step': '2.23729'}
2026-01-27 21:11:29,046 - train_greyscale_FA_MoE.py - {'step': '364000', 'lr': '0.0002', 'total_loss': '0.0100011', 'main_loss': '0.0100011', 'time_per_step': '2.21285'}
2026-01-27 21:15:16,065 - train_greyscale_FA_MoE.py - {'step': '364100', 'lr': '0.0002', 'total_loss': '0.0109852', 'main_loss': '0.0109852', 'time_per_step': '2.18714'}
2026-01-27 21:19:04,208 - train_greyscale_FA_MoE.py - {'step': '364200', 'lr': '0.0002', 'total_loss': '0.00725771', 'main_loss': '0.00725771', 'time_per_step': '2.19077'}
2026-01-27 21:22:52,250 - train_greyscale_FA_MoE.py - {'step': '364300', 'lr': '0.0002', 'total_loss': '0.00901932', 'main_loss': '0.00901932', 'time_per_step': '2.10131'}
2026-01-27 21:26:39,822 - train_greyscale_FA_MoE.py - {'step': '364400', 'lr': '0.0002', 'total_loss': '0.0055979', 'main_loss': '0.0055979', 'time_per_step': '2.23611'}
2026-01-27 21:30:27,641 - train_greyscale_FA_MoE.py - {'step': '364500', 'lr': '0.0002', 'total_loss': '0.0107601', 'main_loss': '0.0107601', 'time_per_step': '2.22463'}
2026-01-27 21:34:16,665 - train_greyscale_FA_MoE.py - {'step': '364600', 'lr': '0.0002', 'total_loss': '0.00714206', 'main_loss': '0.00714206', 'time_per_step': '2.22358'}
2026-01-27 21:38:05,288 - train_greyscale_FA_MoE.py - {'step': '364700', 'lr': '0.0002', 'total_loss': '0.00726343', 'main_loss': '0.00726343', 'time_per_step': '2.23793'}
2026-01-27 21:41:53,653 - train_greyscale_FA_MoE.py - {'step': '364800', 'lr': '0.0002', 'total_loss': '0.00669433', 'main_loss': '0.00669433', 'time_per_step': '2.19966'}
2026-01-27 21:45:41,036 - train_greyscale_FA_MoE.py - {'step': '364900', 'lr': '0.0002', 'total_loss': '0.00703869', 'main_loss': '0.00703869', 'time_per_step': '2.23423'}
2026-01-27 21:49:29,680 - train_greyscale_FA_MoE.py - {'step': '365000', 'lr': '0.0002', 'total_loss': '0.009955', 'main_loss': '0.009955', 'time_per_step': '2.20233'}
2026-01-27 21:53:18,063 - train_greyscale_FA_MoE.py - {'step': '365100', 'lr': '0.0002', 'total_loss': '0.00684758', 'main_loss': '0.00684758', 'time_per_step': '2.21022'}
2026-01-27 21:57:06,438 - train_greyscale_FA_MoE.py - {'step': '365200', 'lr': '0.0002', 'total_loss': '0.00409627', 'main_loss': '0.00409627', 'time_per_step': '2.2522'}
2026-01-27 22:00:54,095 - train_greyscale_FA_MoE.py - {'step': '365300', 'lr': '0.0002', 'total_loss': '0.00566322', 'main_loss': '0.00566322', 'time_per_step': '2.25614'}
2026-01-27 22:04:41,691 - train_greyscale_FA_MoE.py - {'step': '365400', 'lr': '0.0002', 'total_loss': '0.0099436', 'main_loss': '0.0099436', 'time_per_step': '2.2441'}
2026-01-27 22:08:29,927 - train_greyscale_FA_MoE.py - {'step': '365500', 'lr': '0.0002', 'total_loss': '0.00551085', 'main_loss': '0.00551085', 'time_per_step': '2.16325'}
2026-01-27 22:12:18,371 - train_greyscale_FA_MoE.py - {'step': '365600', 'lr': '0.0002', 'total_loss': '0.00556404', 'main_loss': '0.00556404', 'time_per_step': '2.09988'}
2026-01-27 22:16:06,381 - train_greyscale_FA_MoE.py - {'step': '365700', 'lr': '0.0002', 'total_loss': '0.00692884', 'main_loss': '0.00692884', 'time_per_step': '2.15842'}
2026-01-27 22:19:54,642 - train_greyscale_FA_MoE.py - {'step': '365800', 'lr': '0.0002', 'total_loss': '0.00671628', 'main_loss': '0.00671628', 'time_per_step': '2.21031'}
2026-01-27 22:23:42,557 - train_greyscale_FA_MoE.py - {'step': '365900', 'lr': '0.0002', 'total_loss': '0.00509706', 'main_loss': '0.00509706', 'time_per_step': '2.21634'}
2026-01-27 22:27:31,163 - train_greyscale_FA_MoE.py - {'step': '366000', 'lr': '0.0002', 'total_loss': '0.00707832', 'main_loss': '0.00707832', 'time_per_step': '2.24884'}
2026-01-27 22:31:18,676 - train_greyscale_FA_MoE.py - {'step': '366100', 'lr': '0.0002', 'total_loss': '0.00947687', 'main_loss': '0.00947687', 'time_per_step': '2.226'}
2026-01-27 22:35:07,072 - train_greyscale_FA_MoE.py - {'step': '366200', 'lr': '0.0002', 'total_loss': '0.00684227', 'main_loss': '0.00684227', 'time_per_step': '2.20106'}
2026-01-27 22:38:54,783 - train_greyscale_FA_MoE.py - {'step': '366300', 'lr': '0.0002', 'total_loss': '0.00839776', 'main_loss': '0.00839776', 'time_per_step': '2.23855'}
2026-01-27 22:42:43,194 - train_greyscale_FA_MoE.py - {'step': '366400', 'lr': '0.0002', 'total_loss': '0.00635304', 'main_loss': '0.00635304', 'time_per_step': '2.23456'}
2026-01-27 22:46:30,733 - train_greyscale_FA_MoE.py - {'step': '366500', 'lr': '0.0002', 'total_loss': '0.0119854', 'main_loss': '0.0119854', 'time_per_step': '2.27104'}
2026-01-27 22:50:19,170 - train_greyscale_FA_MoE.py - {'step': '366600', 'lr': '0.0002', 'total_loss': '0.014973', 'main_loss': '0.014973', 'time_per_step': '2.25998'}
2026-01-27 22:54:07,189 - train_greyscale_FA_MoE.py - {'step': '366700', 'lr': '0.0002', 'total_loss': '0.00570776', 'main_loss': '0.00570776', 'time_per_step': '2.09228'}
2026-01-27 22:57:54,977 - train_greyscale_FA_MoE.py - {'step': '366800', 'lr': '0.0002', 'total_loss': '0.00582652', 'main_loss': '0.00582652', 'time_per_step': '2.09885'}
2026-01-27 23:01:44,070 - train_greyscale_FA_MoE.py - {'step': '366900', 'lr': '0.0002', 'total_loss': '0.0111374', 'main_loss': '0.0111374', 'time_per_step': '2.2223'}
2026-01-27 23:05:32,026 - train_greyscale_FA_MoE.py - {'step': '367000', 'lr': '0.0002', 'total_loss': '0.0120079', 'main_loss': '0.0120079', 'time_per_step': '2.28331'}
2026-01-27 23:09:20,706 - train_greyscale_FA_MoE.py - {'step': '367100', 'lr': '0.0002', 'total_loss': '0.010449', 'main_loss': '0.010449', 'time_per_step': '2.23647'}
2026-01-27 23:13:09,563 - train_greyscale_FA_MoE.py - {'step': '367200', 'lr': '0.0002', 'total_loss': '0.00853251', 'main_loss': '0.00853251', 'time_per_step': '2.24297'}
2026-01-27 23:16:56,782 - train_greyscale_FA_MoE.py - {'step': '367300', 'lr': '0.0002', 'total_loss': '0.00847375', 'main_loss': '0.00847375', 'time_per_step': '2.21818'}
2026-01-27 23:20:44,855 - train_greyscale_FA_MoE.py - {'step': '367400', 'lr': '0.0002', 'total_loss': '0.00973107', 'main_loss': '0.00973107', 'time_per_step': '2.21579'}
2026-01-27 23:24:33,181 - train_greyscale_FA_MoE.py - {'step': '367500', 'lr': '0.0002', 'total_loss': '0.0135443', 'main_loss': '0.0135443', 'time_per_step': '2.23492'}
2026-01-27 23:28:21,445 - train_greyscale_FA_MoE.py - {'step': '367600', 'lr': '0.0002', 'total_loss': '0.00605941', 'main_loss': '0.00605941', 'time_per_step': '2.22784'}
2026-01-27 23:32:08,873 - train_greyscale_FA_MoE.py - {'step': '367700', 'lr': '0.0002', 'total_loss': '0.0106851', 'main_loss': '0.0106851', 'time_per_step': '2.23598'}
2026-01-27 23:35:57,470 - train_greyscale_FA_MoE.py - {'step': '367800', 'lr': '0.0002', 'total_loss': '0.0084429', 'main_loss': '0.0084429', 'time_per_step': '2.20389'}
2026-01-27 23:39:44,806 - train_greyscale_FA_MoE.py - {'step': '367900', 'lr': '0.0002', 'total_loss': '0.00730082', 'main_loss': '0.00730082', 'time_per_step': '2.10153'}
2026-01-27 23:43:32,626 - train_greyscale_FA_MoE.py - {'step': '368000', 'lr': '0.0002', 'total_loss': '0.0103028', 'main_loss': '0.0103028', 'time_per_step': '2.10288'}
2026-01-27 23:47:20,663 - train_greyscale_FA_MoE.py - {'step': '368100', 'lr': '0.0002', 'total_loss': '0.00892136', 'main_loss': '0.00892136', 'time_per_step': '2.21749'}
2026-01-27 23:51:08,779 - train_greyscale_FA_MoE.py - {'step': '368200', 'lr': '0.0002', 'total_loss': '0.00655958', 'main_loss': '0.00655958', 'time_per_step': '2.21729'}
2026-01-27 23:54:56,726 - train_greyscale_FA_MoE.py - {'step': '368300', 'lr': '0.0002', 'total_loss': '0.00919544', 'main_loss': '0.00919544', 'time_per_step': '2.25195'}
2026-01-27 23:58:44,863 - train_greyscale_FA_MoE.py - {'step': '368400', 'lr': '0.0002', 'total_loss': '0.00828045', 'main_loss': '0.00828045', 'time_per_step': '2.21913'}
2026-01-28 00:02:32,960 - train_greyscale_FA_MoE.py - {'step': '368500', 'lr': '0.0002', 'total_loss': '0.0113343', 'main_loss': '0.0113343', 'time_per_step': '2.17308'}
2026-01-28 00:06:20,703 - train_greyscale_FA_MoE.py - {'step': '368600', 'lr': '0.0002', 'total_loss': '0.0133199', 'main_loss': '0.0133199', 'time_per_step': '2.22454'}
2026-01-28 00:10:09,064 - train_greyscale_FA_MoE.py - {'step': '368700', 'lr': '0.0002', 'total_loss': '0.00848097', 'main_loss': '0.00848097', 'time_per_step': '2.1947'}
2026-01-28 00:13:56,487 - train_greyscale_FA_MoE.py - {'step': '368800', 'lr': '0.0002', 'total_loss': '0.00617618', 'main_loss': '0.00617618', 'time_per_step': '2.20017'}
2026-01-28 00:17:44,276 - train_greyscale_FA_MoE.py - {'step': '368900', 'lr': '0.0002', 'total_loss': '0.00778932', 'main_loss': '0.00778932', 'time_per_step': '2.21692'}
2026-01-28 00:21:35,452 - train_greyscale_FA_MoE.py - {'step': '369000', 'lr': '0.0002', 'total_loss': '0.00716709', 'main_loss': '0.00716709', 'time_per_step': '2.22169'}
2026-01-28 00:25:23,926 - train_greyscale_FA_MoE.py - {'step': '369100', 'lr': '0.0002', 'total_loss': '0.00793846', 'main_loss': '0.00793846', 'time_per_step': '2.10626'}
2026-01-28 00:29:12,331 - train_greyscale_FA_MoE.py - {'step': '369200', 'lr': '0.0002', 'total_loss': '0.00818361', 'main_loss': '0.00818361', 'time_per_step': '2.09857'}
2026-01-28 00:33:00,836 - train_greyscale_FA_MoE.py - {'step': '369300', 'lr': '0.0002', 'total_loss': '0.00983977', 'main_loss': '0.00983977', 'time_per_step': '2.29562'}
2026-01-28 00:36:49,231 - train_greyscale_FA_MoE.py - {'step': '369400', 'lr': '0.0002', 'total_loss': '0.00808175', 'main_loss': '0.00808175', 'time_per_step': '2.15589'}
2026-01-28 00:40:38,199 - train_greyscale_FA_MoE.py - {'step': '369500', 'lr': '0.0002', 'total_loss': '0.0065418', 'main_loss': '0.0065418', 'time_per_step': '2.21954'}
2026-01-28 00:44:26,089 - train_greyscale_FA_MoE.py - {'step': '369600', 'lr': '0.0002', 'total_loss': '0.00613814', 'main_loss': '0.00613814', 'time_per_step': '2.2209'}
2026-01-28 00:48:13,770 - train_greyscale_FA_MoE.py - {'step': '369700', 'lr': '0.0002', 'total_loss': '0.00787539', 'main_loss': '0.00787539', 'time_per_step': '2.19828'}
2026-01-28 00:52:01,637 - train_greyscale_FA_MoE.py - {'step': '369800', 'lr': '0.0002', 'total_loss': '0.00442236', 'main_loss': '0.00442236', 'time_per_step': '2.3493'}
2026-01-28 00:55:50,786 - train_greyscale_FA_MoE.py - {'step': '369900', 'lr': '0.0002', 'total_loss': '0.00560587', 'main_loss': '0.00560587', 'time_per_step': '2.22268'}
2026-01-28 00:59:39,468 - train_greyscale_FA_MoE.py - {'step': '370000', 'lr': '0.0002', 'total_loss': '0.0103107', 'main_loss': '0.0103107', 'time_per_step': '2.30221'}
2026-01-28 01:03:27,770 - train_greyscale_FA_MoE.py - {'step': '370100', 'lr': '0.0002', 'total_loss': '0.00825797', 'main_loss': '0.00825797', 'time_per_step': '2.23193'}
2026-01-28 01:07:17,220 - train_greyscale_FA_MoE.py - {'step': '370200', 'lr': '0.0002', 'total_loss': '0.00647271', 'main_loss': '0.00647271', 'time_per_step': '2.22934'}
2026-01-28 01:11:04,595 - train_greyscale_FA_MoE.py - {'step': '370300', 'lr': '0.0002', 'total_loss': '0.00849818', 'main_loss': '0.00849818', 'time_per_step': '2.10863'}
2026-01-28 01:14:51,944 - train_greyscale_FA_MoE.py - {'step': '370400', 'lr': '0.0002', 'total_loss': '0.00776692', 'main_loss': '0.00776692', 'time_per_step': '2.09851'}
2026-01-28 01:18:39,723 - train_greyscale_FA_MoE.py - {'step': '370500', 'lr': '0.0002', 'total_loss': '0.00605204', 'main_loss': '0.00605204', 'time_per_step': '2.43163'}
2026-01-28 01:22:27,568 - train_greyscale_FA_MoE.py - {'step': '370600', 'lr': '0.0002', 'total_loss': '0.00736439', 'main_loss': '0.00736439', 'time_per_step': '2.2161'}
2026-01-28 01:26:15,524 - train_greyscale_FA_MoE.py - {'step': '370700', 'lr': '0.0002', 'total_loss': '0.00545738', 'main_loss': '0.00545738', 'time_per_step': '2.21164'}
2026-01-28 01:30:03,532 - train_greyscale_FA_MoE.py - {'step': '370800', 'lr': '0.0002', 'total_loss': '0.00707763', 'main_loss': '0.00707763', 'time_per_step': '2.23667'}
2026-01-28 01:33:50,964 - train_greyscale_FA_MoE.py - {'step': '370900', 'lr': '0.0002', 'total_loss': '0.00870881', 'main_loss': '0.00870881', 'time_per_step': '2.21679'}
2026-01-28 01:37:40,349 - train_greyscale_FA_MoE.py - {'step': '371000', 'lr': '0.0002', 'total_loss': '0.0113622', 'main_loss': '0.0113622', 'time_per_step': '2.17012'}
2026-01-28 01:41:28,548 - train_greyscale_FA_MoE.py - {'step': '371100', 'lr': '0.0002', 'total_loss': '0.00773792', 'main_loss': '0.00773792', 'time_per_step': '2.20603'}
2026-01-28 01:45:16,934 - train_greyscale_FA_MoE.py - {'step': '371200', 'lr': '0.0002', 'total_loss': '0.0116115', 'main_loss': '0.0116115', 'time_per_step': '2.19459'}
2026-01-28 01:49:04,512 - train_greyscale_FA_MoE.py - {'step': '371300', 'lr': '0.0002', 'total_loss': '0.00651535', 'main_loss': '0.00651535', 'time_per_step': '2.18388'}
2026-01-28 01:52:52,787 - train_greyscale_FA_MoE.py - {'step': '371400', 'lr': '0.0002', 'total_loss': '0.00842339', 'main_loss': '0.00842339', 'time_per_step': '2.24177'}
2026-01-28 01:56:40,705 - train_greyscale_FA_MoE.py - {'step': '371500', 'lr': '0.0002', 'total_loss': '0.0080067', 'main_loss': '0.0080067', 'time_per_step': '2.09809'}
2026-01-28 02:00:29,375 - train_greyscale_FA_MoE.py - {'step': '371600', 'lr': '0.0002', 'total_loss': '0.00860315', 'main_loss': '0.00860315', 'time_per_step': '2.09741'}
2026-01-28 02:04:18,937 - train_greyscale_FA_MoE.py - {'step': '371700', 'lr': '0.0002', 'total_loss': '0.00767858', 'main_loss': '0.00767858', 'time_per_step': '2.16554'}
2026-01-28 02:08:07,459 - train_greyscale_FA_MoE.py - {'step': '371800', 'lr': '0.0002', 'total_loss': '0.00773755', 'main_loss': '0.00773755', 'time_per_step': '2.20649'}
2026-01-28 02:11:55,823 - train_greyscale_FA_MoE.py - {'step': '371900', 'lr': '0.0002', 'total_loss': '0.00760633', 'main_loss': '0.00760633', 'time_per_step': '2.22152'}
2026-01-28 02:15:43,966 - train_greyscale_FA_MoE.py - {'step': '372000', 'lr': '0.0002', 'total_loss': '0.00933035', 'main_loss': '0.00933035', 'time_per_step': '2.22787'}
2026-01-28 02:19:31,226 - train_greyscale_FA_MoE.py - {'step': '372100', 'lr': '0.0002', 'total_loss': '0.00625934', 'main_loss': '0.00625934', 'time_per_step': '2.27346'}
2026-01-28 02:23:19,227 - train_greyscale_FA_MoE.py - {'step': '372200', 'lr': '0.0002', 'total_loss': '0.00887839', 'main_loss': '0.00887839', 'time_per_step': '2.21264'}
2026-01-28 02:27:07,651 - train_greyscale_FA_MoE.py - {'step': '372300', 'lr': '0.0002', 'total_loss': '0.0102217', 'main_loss': '0.0102217', 'time_per_step': '2.22035'}
2026-01-28 02:30:55,729 - train_greyscale_FA_MoE.py - {'step': '372400', 'lr': '0.0002', 'total_loss': '0.00649509', 'main_loss': '0.00649509', 'time_per_step': '2.21919'}
2026-01-28 02:34:42,888 - train_greyscale_FA_MoE.py - {'step': '372500', 'lr': '0.0002', 'total_loss': '0.00857348', 'main_loss': '0.00857348', 'time_per_step': '2.23938'}
2026-01-28 02:38:30,621 - train_greyscale_FA_MoE.py - {'step': '372600', 'lr': '0.0002', 'total_loss': '0.0112092', 'main_loss': '0.0112092', 'time_per_step': '2.31321'}
2026-01-28 02:42:18,730 - train_greyscale_FA_MoE.py - {'step': '372700', 'lr': '0.0002', 'total_loss': '0.00857285', 'main_loss': '0.00857285', 'time_per_step': '2.10426'}
2026-01-28 02:46:06,931 - train_greyscale_FA_MoE.py - {'step': '372800', 'lr': '0.0002', 'total_loss': '0.0129943', 'main_loss': '0.0129943', 'time_per_step': '2.10239'}
2026-01-28 02:49:55,049 - train_greyscale_FA_MoE.py - {'step': '372900', 'lr': '0.0002', 'total_loss': '0.00690202', 'main_loss': '0.00690202', 'time_per_step': '2.22851'}
2026-01-28 02:53:43,616 - train_greyscale_FA_MoE.py - {'step': '373000', 'lr': '0.0002', 'total_loss': '0.0069008', 'main_loss': '0.0069008', 'time_per_step': '2.22867'}
2026-01-28 02:57:32,064 - train_greyscale_FA_MoE.py - {'step': '373100', 'lr': '0.0002', 'total_loss': '0.00739488', 'main_loss': '0.00739488', 'time_per_step': '2.20604'}
2026-01-28 03:01:24,476 - train_greyscale_FA_MoE.py - {'step': '373200', 'lr': '0.0002', 'total_loss': '0.00411533', 'main_loss': '0.00411533', 'time_per_step': '2.22281'}
2026-01-28 03:05:11,818 - train_greyscale_FA_MoE.py - {'step': '373300', 'lr': '0.0002', 'total_loss': '0.0065169', 'main_loss': '0.0065169', 'time_per_step': '2.20234'}
2026-01-28 03:09:00,478 - train_greyscale_FA_MoE.py - {'step': '373400', 'lr': '0.0002', 'total_loss': '0.00792506', 'main_loss': '0.00792506', 'time_per_step': '2.28326'}
2026-01-28 03:12:48,661 - train_greyscale_FA_MoE.py - {'step': '373500', 'lr': '0.0002', 'total_loss': '0.00695412', 'main_loss': '0.00695412', 'time_per_step': '2.22049'}
2026-01-28 03:16:37,353 - train_greyscale_FA_MoE.py - {'step': '373600', 'lr': '0.0002', 'total_loss': '0.00962988', 'main_loss': '0.00962988', 'time_per_step': '2.22352'}
2026-01-28 03:20:24,577 - train_greyscale_FA_MoE.py - {'step': '373700', 'lr': '0.0002', 'total_loss': '0.00683965', 'main_loss': '0.00683965', 'time_per_step': '2.22'}
2026-01-28 03:24:13,290 - train_greyscale_FA_MoE.py - {'step': '373800', 'lr': '0.0002', 'total_loss': '0.00942851', 'main_loss': '0.00942851', 'time_per_step': '2.20717'}
2026-01-28 03:28:01,246 - train_greyscale_FA_MoE.py - {'step': '373900', 'lr': '0.0002', 'total_loss': '0.00668894', 'main_loss': '0.00668894', 'time_per_step': '2.14886'}
2026-01-28 03:31:48,853 - train_greyscale_FA_MoE.py - {'step': '374000', 'lr': '0.0002', 'total_loss': '0.00989963', 'main_loss': '0.00989963', 'time_per_step': '2.1093'}
2026-01-28 03:35:36,732 - train_greyscale_FA_MoE.py - {'step': '374100', 'lr': '0.0002', 'total_loss': '0.00923518', 'main_loss': '0.00923518', 'time_per_step': '2.18301'}
2026-01-28 03:39:25,672 - train_greyscale_FA_MoE.py - {'step': '374200', 'lr': '0.0002', 'total_loss': '0.00557085', 'main_loss': '0.00557085', 'time_per_step': '2.2197'}
2026-01-28 03:43:14,147 - train_greyscale_FA_MoE.py - {'step': '374300', 'lr': '0.0002', 'total_loss': '0.00506966', 'main_loss': '0.00506966', 'time_per_step': '2.30617'}
2026-01-28 03:47:01,723 - train_greyscale_FA_MoE.py - {'step': '374400', 'lr': '0.0002', 'total_loss': '0.0106399', 'main_loss': '0.0106399', 'time_per_step': '2.24683'}
2026-01-28 03:50:49,070 - train_greyscale_FA_MoE.py - {'step': '374500', 'lr': '0.0002', 'total_loss': '0.00542271', 'main_loss': '0.00542271', 'time_per_step': '2.19016'}
2026-01-28 03:54:37,221 - train_greyscale_FA_MoE.py - {'step': '374600', 'lr': '0.0002', 'total_loss': '0.00733251', 'main_loss': '0.00733251', 'time_per_step': '2.20516'}
2026-01-28 03:58:25,303 - train_greyscale_FA_MoE.py - {'step': '374700', 'lr': '0.0002', 'total_loss': '0.00464951', 'main_loss': '0.00464951', 'time_per_step': '2.23018'}
2026-01-28 04:02:14,789 - train_greyscale_FA_MoE.py - {'step': '374800', 'lr': '0.0002', 'total_loss': '0.00601846', 'main_loss': '0.00601846', 'time_per_step': '2.23904'}
2026-01-28 04:06:02,191 - train_greyscale_FA_MoE.py - {'step': '374900', 'lr': '0.0002', 'total_loss': '0.00579333', 'main_loss': '0.00579333', 'time_per_step': '2.23112'}
2026-01-28 04:09:50,675 - train_greyscale_FA_MoE.py - {'step': '375000', 'lr': '0.0002', 'total_loss': '0.00831441', 'main_loss': '0.00831441', 'time_per_step': '2.24583'}
2026-01-28 04:09:50,712 - train_greyscale_FA_MoE.py - Saved expert distribution of layer in_block_0 to output_shift_fa/acdc_wholeheart_uncond_fa_ec_moe_greyscale_uvit_mid_4by4_l6r9_low16_Y_bound/samples/expert_distribution_in_block_0_step375000.npy
2026-01-28 04:09:52,342 - train_greyscale_FA_MoE.py - Saved expert distribution of layer out_block_7 to output_shift_fa/acdc_wholeheart_uncond_fa_ec_moe_greyscale_uvit_mid_4by4_l6r9_low16_Y_bound/samples/expert_distribution_out_block_7_step375000.npy
2026-01-28 04:09:53,789 - train_greyscale_FA_MoE.py - Save a grid of 16 samples into output_shift_fa/acdc_wholeheart_uncond_fa_ec_moe_greyscale_uvit_mid_4by4_l6r9_low16_Y_bound/samples/375000.png by DPM-Solver
2026-01-28 04:09:59,576 - train_greyscale_FA_MoE.py - Finished saving sample grid to output_shift_fa/acdc_wholeheart_uncond_fa_ec_moe_greyscale_uvit_mid_4by4_l6r9_low16_Y_bound/samples/375000.png by DPM-Solver.
2026-01-28 04:09:59,918 - train_greyscale_FA_MoE.py - Save and eval checkpoint 375000...
2026-01-28 04:10:02,298 - train_greyscale_FA_MoE.py - eval_step: n_samples=50000, sample_steps=50, algorithm=dpm_solver, mini_batch_size=500, samples save into output_shift_fa/acdc_wholeheart_uncond_fa_ec_moe_greyscale_uvit_mid_4by4_l6r9_low16_Y_bound/samples/acdc_wholeheart_uncond_uvit_FA_EC_MoE_greyscale_mid_4by4_low16_375000_dpm
2026-01-28 05:00:11,169 - train_greyscale_FA_MoE.py - step=375000 fid50000=11.584557671894117
2026-01-28 05:07:31,569 - is_lpips.py - LPIPS: 0.5143 ± 0.0499
2026-01-28 05:07:31,575 - train_greyscale_FA_MoE.py - step=375000 LPIPS50000=0.514277356017179
2026-01-28 05:12:56,473 - train_greyscale_FA_MoE.py - {'step': '375100', 'lr': '0.0002', 'total_loss': '0.00723758', 'main_loss': '0.00723758', 'time_per_step': '2.10643'}
2026-01-28 05:16:43,766 - train_greyscale_FA_MoE.py - {'step': '375200', 'lr': '0.0002', 'total_loss': '0.00814889', 'main_loss': '0.00814889', 'time_per_step': '2.12312'}
2026-01-28 05:20:33,668 - train_greyscale_FA_MoE.py - {'step': '375300', 'lr': '0.0002', 'total_loss': '0.00850999', 'main_loss': '0.00850999', 'time_per_step': '2.23135'}
2026-01-28 05:24:22,607 - train_greyscale_FA_MoE.py - {'step': '375400', 'lr': '0.0002', 'total_loss': '0.00725483', 'main_loss': '0.00725483', 'time_per_step': '2.21482'}
2026-01-28 05:28:11,395 - train_greyscale_FA_MoE.py - {'step': '375500', 'lr': '0.0002', 'total_loss': '0.0059453', 'main_loss': '0.0059453', 'time_per_step': '2.23272'}
2026-01-28 05:31:58,842 - train_greyscale_FA_MoE.py - {'step': '375600', 'lr': '0.0002', 'total_loss': '0.0080963', 'main_loss': '0.0080963', 'time_per_step': '2.1815'}
2026-01-28 05:35:47,832 - train_greyscale_FA_MoE.py - {'step': '375700', 'lr': '0.0002', 'total_loss': '0.00758692', 'main_loss': '0.00758692', 'time_per_step': '2.2056'}
2026-01-28 05:39:36,850 - train_greyscale_FA_MoE.py - {'step': '375800', 'lr': '0.0002', 'total_loss': '0.00812653', 'main_loss': '0.00812653', 'time_per_step': '2.22543'}
2026-01-28 05:43:25,375 - train_greyscale_FA_MoE.py - {'step': '375900', 'lr': '0.0002', 'total_loss': '0.00895451', 'main_loss': '0.00895451', 'time_per_step': '2.2437'}
2026-01-28 05:47:12,331 - train_greyscale_FA_MoE.py - {'step': '376000', 'lr': '0.0002', 'total_loss': '0.00752376', 'main_loss': '0.00752376', 'time_per_step': '2.25315'}
2026-01-28 05:51:00,534 - train_greyscale_FA_MoE.py - {'step': '376100', 'lr': '0.0002', 'total_loss': '0.00812137', 'main_loss': '0.00812137', 'time_per_step': '2.31135'}
2026-01-28 05:54:48,750 - train_greyscale_FA_MoE.py - {'step': '376200', 'lr': '0.0002', 'total_loss': '0.0049457', 'main_loss': '0.0049457', 'time_per_step': '2.20172'}
2026-01-28 05:58:37,816 - train_greyscale_FA_MoE.py - {'step': '376300', 'lr': '0.0002', 'total_loss': '0.00847072', 'main_loss': '0.00847072', 'time_per_step': '2.10511'}
2026-01-28 06:02:25,613 - train_greyscale_FA_MoE.py - {'step': '376400', 'lr': '0.0002', 'total_loss': '0.00841572', 'main_loss': '0.00841572', 'time_per_step': '2.10395'}
2026-01-28 06:06:15,433 - train_greyscale_FA_MoE.py - {'step': '376500', 'lr': '0.0002', 'total_loss': '0.00732475', 'main_loss': '0.00732475', 'time_per_step': '2.20682'}
2026-01-28 06:10:03,857 - train_greyscale_FA_MoE.py - {'step': '376600', 'lr': '0.0002', 'total_loss': '0.0101604', 'main_loss': '0.0101604', 'time_per_step': '2.21638'}
2026-01-28 06:13:51,619 - train_greyscale_FA_MoE.py - {'step': '376700', 'lr': '0.0002', 'total_loss': '0.00631523', 'main_loss': '0.00631523', 'time_per_step': '2.2013'}
2026-01-28 06:17:39,067 - train_greyscale_FA_MoE.py - {'step': '376800', 'lr': '0.0002', 'total_loss': '0.00673197', 'main_loss': '0.00673197', 'time_per_step': '2.27397'}
2026-01-28 06:21:27,632 - train_greyscale_FA_MoE.py - {'step': '376900', 'lr': '0.0002', 'total_loss': '0.00930064', 'main_loss': '0.00930064', 'time_per_step': '2.22245'}
2026-01-28 06:25:16,628 - train_greyscale_FA_MoE.py - {'step': '377000', 'lr': '0.0002', 'total_loss': '0.00926243', 'main_loss': '0.00926243', 'time_per_step': '2.22616'}
2026-01-28 06:29:05,428 - train_greyscale_FA_MoE.py - {'step': '377100', 'lr': '0.0002', 'total_loss': '0.00594864', 'main_loss': '0.00594864', 'time_per_step': '2.22843'}
2026-01-28 06:32:53,448 - train_greyscale_FA_MoE.py - {'step': '377200', 'lr': '0.0002', 'total_loss': '0.00929297', 'main_loss': '0.00929297', 'time_per_step': '2.22134'}
2026-01-28 06:36:42,819 - train_greyscale_FA_MoE.py - {'step': '377300', 'lr': '0.0002', 'total_loss': '0.00676496', 'main_loss': '0.00676496', 'time_per_step': '2.21704'}
2026-01-28 06:40:31,286 - train_greyscale_FA_MoE.py - {'step': '377400', 'lr': '0.0002', 'total_loss': '0.00635444', 'main_loss': '0.00635444', 'time_per_step': '2.3485'}
2026-01-28 06:44:19,802 - train_greyscale_FA_MoE.py - {'step': '377500', 'lr': '0.0002', 'total_loss': '0.00656365', 'main_loss': '0.00656365', 'time_per_step': '2.10814'}
2026-01-28 06:48:08,148 - train_greyscale_FA_MoE.py - {'step': '377600', 'lr': '0.0002', 'total_loss': '0.00461131', 'main_loss': '0.00461131', 'time_per_step': '2.10356'}
2026-01-28 06:51:56,434 - train_greyscale_FA_MoE.py - {'step': '377700', 'lr': '0.0002', 'total_loss': '0.00781621', 'main_loss': '0.00781621', 'time_per_step': '2.2295'}
2026-01-28 06:55:45,029 - train_greyscale_FA_MoE.py - {'step': '377800', 'lr': '0.0002', 'total_loss': '0.0112863', 'main_loss': '0.0112863', 'time_per_step': '2.25972'}
2026-01-28 06:59:33,259 - train_greyscale_FA_MoE.py - {'step': '377900', 'lr': '0.0002', 'total_loss': '0.00631695', 'main_loss': '0.00631695', 'time_per_step': '2.2715'}
2026-01-28 07:03:21,226 - train_greyscale_FA_MoE.py - {'step': '378000', 'lr': '0.0002', 'total_loss': '0.00634016', 'main_loss': '0.00634016', 'time_per_step': '2.19412'}
2026-01-28 07:07:09,548 - train_greyscale_FA_MoE.py - {'step': '378100', 'lr': '0.0002', 'total_loss': '0.00850293', 'main_loss': '0.00850293', 'time_per_step': '2.15655'}
2026-01-28 07:10:58,317 - train_greyscale_FA_MoE.py - {'step': '378200', 'lr': '0.0002', 'total_loss': '0.0090655', 'main_loss': '0.0090655', 'time_per_step': '2.20164'}
2026-01-28 07:14:47,780 - train_greyscale_FA_MoE.py - {'step': '378300', 'lr': '0.0002', 'total_loss': '0.00789042', 'main_loss': '0.00789042', 'time_per_step': '2.21436'}
2026-01-28 07:18:35,313 - train_greyscale_FA_MoE.py - {'step': '378400', 'lr': '0.0002', 'total_loss': '0.00941023', 'main_loss': '0.00941023', 'time_per_step': '2.21331'}
2026-01-28 07:22:24,254 - train_greyscale_FA_MoE.py - {'step': '378500', 'lr': '0.0002', 'total_loss': '0.00597539', 'main_loss': '0.00597539', 'time_per_step': '2.22244'}
2026-01-28 07:26:13,586 - train_greyscale_FA_MoE.py - {'step': '378600', 'lr': '0.0002', 'total_loss': '0.00799426', 'main_loss': '0.00799426', 'time_per_step': '2.22848'}
2026-01-28 07:30:02,436 - train_greyscale_FA_MoE.py - {'step': '378700', 'lr': '0.0002', 'total_loss': '0.0103541', 'main_loss': '0.0103541', 'time_per_step': '2.10102'}
2026-01-28 07:33:53,714 - train_greyscale_FA_MoE.py - {'step': '378800', 'lr': '0.0002', 'total_loss': '0.00727554', 'main_loss': '0.00727554', 'time_per_step': '2.12425'}
2026-01-28 07:37:42,582 - train_greyscale_FA_MoE.py - {'step': '378900', 'lr': '0.0002', 'total_loss': '0.00726544', 'main_loss': '0.00726544', 'time_per_step': '2.20508'}
2026-01-28 07:41:30,187 - train_greyscale_FA_MoE.py - {'step': '379000', 'lr': '0.0002', 'total_loss': '0.0048518', 'main_loss': '0.0048518', 'time_per_step': '2.28278'}
2026-01-28 07:45:21,397 - train_greyscale_FA_MoE.py - {'step': '379100', 'lr': '0.0002', 'total_loss': '0.0069289', 'main_loss': '0.0069289', 'time_per_step': '2.22124'}
2026-01-28 07:49:08,622 - train_greyscale_FA_MoE.py - {'step': '379200', 'lr': '0.0002', 'total_loss': '0.00651237', 'main_loss': '0.00651237', 'time_per_step': '2.21966'}
2026-01-28 07:52:57,189 - train_greyscale_FA_MoE.py - {'step': '379300', 'lr': '0.0002', 'total_loss': '0.00815328', 'main_loss': '0.00815328', 'time_per_step': '2.23013'}
2026-01-28 07:56:44,874 - train_greyscale_FA_MoE.py - {'step': '379400', 'lr': '0.0002', 'total_loss': '0.00790103', 'main_loss': '0.00790103', 'time_per_step': '2.20459'}
2026-01-28 08:00:33,779 - train_greyscale_FA_MoE.py - {'step': '379500', 'lr': '0.0002', 'total_loss': '0.00570415', 'main_loss': '0.00570415', 'time_per_step': '2.19602'}
2026-01-28 08:04:24,997 - train_greyscale_FA_MoE.py - {'step': '379600', 'lr': '0.0002', 'total_loss': '0.00505506', 'main_loss': '0.00505506', 'time_per_step': '3.36164'}
2026-01-28 08:08:14,164 - train_greyscale_FA_MoE.py - {'step': '379700', 'lr': '0.0002', 'total_loss': '0.00695913', 'main_loss': '0.00695913', 'time_per_step': '2.23392'}
2026-01-28 08:12:05,835 - train_greyscale_FA_MoE.py - {'step': '379800', 'lr': '0.0002', 'total_loss': '0.0109096', 'main_loss': '0.0109096', 'time_per_step': '2.23925'}
2026-01-28 08:16:00,484 - train_greyscale_FA_MoE.py - {'step': '379900', 'lr': '0.0002', 'total_loss': '0.00759643', 'main_loss': '0.00759643', 'time_per_step': '2.15464'}
2026-01-28 08:19:58,431 - train_greyscale_FA_MoE.py - {'step': '380000', 'lr': '0.0002', 'total_loss': '0.00820728', 'main_loss': '0.00820728', 'time_per_step': '2.09796'}
2026-01-28 08:23:46,163 - train_greyscale_FA_MoE.py - {'step': '380100', 'lr': '0.0002', 'total_loss': '0.00601638', 'main_loss': '0.00601638', 'time_per_step': '2.21903'}
2026-01-28 08:27:34,590 - train_greyscale_FA_MoE.py - {'step': '380200', 'lr': '0.0002', 'total_loss': '0.00673245', 'main_loss': '0.00673245', 'time_per_step': '2.18652'}
2026-01-28 08:31:21,971 - train_greyscale_FA_MoE.py - {'step': '380300', 'lr': '0.0002', 'total_loss': '0.00612106', 'main_loss': '0.00612106', 'time_per_step': '2.15291'}
2026-01-28 08:35:10,493 - train_greyscale_FA_MoE.py - {'step': '380400', 'lr': '0.0002', 'total_loss': '0.00676465', 'main_loss': '0.00676465', 'time_per_step': '2.18096'}
2026-01-28 08:38:57,113 - train_greyscale_FA_MoE.py - {'step': '380500', 'lr': '0.0002', 'total_loss': '0.00773549', 'main_loss': '0.00773549', 'time_per_step': '2.20976'}
2026-01-28 08:42:45,528 - train_greyscale_FA_MoE.py - {'step': '380600', 'lr': '0.0002', 'total_loss': '0.00907369', 'main_loss': '0.00907369', 'time_per_step': '2.25086'}
2026-01-28 08:46:34,401 - train_greyscale_FA_MoE.py - {'step': '380700', 'lr': '0.0002', 'total_loss': '0.00947726', 'main_loss': '0.00947726', 'time_per_step': '2.19293'}
2026-01-28 08:50:22,911 - train_greyscale_FA_MoE.py - {'step': '380800', 'lr': '0.0002', 'total_loss': '0.00754332', 'main_loss': '0.00754332', 'time_per_step': '2.22933'}
2026-01-28 08:54:10,368 - train_greyscale_FA_MoE.py - {'step': '380900', 'lr': '0.0002', 'total_loss': '0.00816085', 'main_loss': '0.00816085', 'time_per_step': '2.21906'}
2026-01-28 08:57:58,512 - train_greyscale_FA_MoE.py - {'step': '381000', 'lr': '0.0002', 'total_loss': '0.00814917', 'main_loss': '0.00814917', 'time_per_step': '2.2294'}
2026-01-28 09:01:46,374 - train_greyscale_FA_MoE.py - {'step': '381100', 'lr': '0.0002', 'total_loss': '0.0086353', 'main_loss': '0.0086353', 'time_per_step': '2.09898'}
2026-01-28 09:05:34,574 - train_greyscale_FA_MoE.py - {'step': '381200', 'lr': '0.0002', 'total_loss': '0.0055409', 'main_loss': '0.0055409', 'time_per_step': '2.09954'}
2026-01-28 09:09:22,312 - train_greyscale_FA_MoE.py - {'step': '381300', 'lr': '0.0002', 'total_loss': '0.00756148', 'main_loss': '0.00756148', 'time_per_step': '2.24613'}
2026-01-28 09:13:10,309 - train_greyscale_FA_MoE.py - {'step': '381400', 'lr': '0.0002', 'total_loss': '0.00806127', 'main_loss': '0.00806127', 'time_per_step': '2.20218'}
2026-01-28 09:16:58,045 - train_greyscale_FA_MoE.py - {'step': '381500', 'lr': '0.0002', 'total_loss': '0.00660872', 'main_loss': '0.00660872', 'time_per_step': '2.20548'}
2026-01-28 09:20:46,640 - train_greyscale_FA_MoE.py - {'step': '381600', 'lr': '0.0002', 'total_loss': '0.00592729', 'main_loss': '0.00592729', 'time_per_step': '2.20632'}
2026-01-28 09:24:33,654 - train_greyscale_FA_MoE.py - {'step': '381700', 'lr': '0.0002', 'total_loss': '0.00856724', 'main_loss': '0.00856724', 'time_per_step': '2.2334'}
2026-01-28 09:28:21,767 - train_greyscale_FA_MoE.py - {'step': '381800', 'lr': '0.0002', 'total_loss': '0.00674166', 'main_loss': '0.00674166', 'time_per_step': '2.21665'}
2026-01-28 09:32:10,014 - train_greyscale_FA_MoE.py - {'step': '381900', 'lr': '0.0002', 'total_loss': '0.0124732', 'main_loss': '0.0124732', 'time_per_step': '2.22069'}
2026-01-28 09:35:58,214 - train_greyscale_FA_MoE.py - {'step': '382000', 'lr': '0.0002', 'total_loss': '0.00673686', 'main_loss': '0.00673686', 'time_per_step': '2.20839'}
2026-01-28 09:39:45,327 - train_greyscale_FA_MoE.py - {'step': '382100', 'lr': '0.0002', 'total_loss': '0.0090244', 'main_loss': '0.0090244', 'time_per_step': '2.20428'}
2026-01-28 09:43:33,218 - train_greyscale_FA_MoE.py - {'step': '382200', 'lr': '0.0002', 'total_loss': '0.00745971', 'main_loss': '0.00745971', 'time_per_step': '2.23452'}
2026-01-28 09:47:21,701 - train_greyscale_FA_MoE.py - {'step': '382300', 'lr': '0.0002', 'total_loss': '0.0094503', 'main_loss': '0.0094503', 'time_per_step': '2.09775'}
2026-01-28 09:51:08,542 - train_greyscale_FA_MoE.py - {'step': '382400', 'lr': '0.0002', 'total_loss': '0.00489027', 'main_loss': '0.00489027', 'time_per_step': '2.11109'}
2026-01-28 09:54:56,039 - train_greyscale_FA_MoE.py - {'step': '382500', 'lr': '0.0002', 'total_loss': '0.00939472', 'main_loss': '0.00939472', 'time_per_step': '2.19934'}
2026-01-28 09:58:43,700 - train_greyscale_FA_MoE.py - {'step': '382600', 'lr': '0.0002', 'total_loss': '0.0116591', 'main_loss': '0.0116591', 'time_per_step': '2.22308'}
2026-01-28 10:02:31,897 - train_greyscale_FA_MoE.py - {'step': '382700', 'lr': '0.0002', 'total_loss': '0.00867585', 'main_loss': '0.00867585', 'time_per_step': '2.27275'}
2026-01-28 10:06:20,119 - train_greyscale_FA_MoE.py - {'step': '382800', 'lr': '0.0002', 'total_loss': '0.00523775', 'main_loss': '0.00523775', 'time_per_step': '2.2008'}
2026-01-28 10:10:06,876 - train_greyscale_FA_MoE.py - {'step': '382900', 'lr': '0.0002', 'total_loss': '0.0106061', 'main_loss': '0.0106061', 'time_per_step': '2.19701'}
2026-01-28 10:13:54,585 - train_greyscale_FA_MoE.py - {'step': '383000', 'lr': '0.0002', 'total_loss': '0.00750177', 'main_loss': '0.00750177', 'time_per_step': '2.19787'}
2026-01-28 10:17:42,158 - train_greyscale_FA_MoE.py - {'step': '383100', 'lr': '0.0002', 'total_loss': '0.00663549', 'main_loss': '0.00663549', 'time_per_step': '2.20478'}
2026-01-28 10:21:30,961 - train_greyscale_FA_MoE.py - {'step': '383200', 'lr': '0.0002', 'total_loss': '0.00856299', 'main_loss': '0.00856299', 'time_per_step': '2.29154'}
2026-01-28 10:25:21,382 - train_greyscale_FA_MoE.py - {'step': '383300', 'lr': '0.0002', 'total_loss': '0.00716125', 'main_loss': '0.00716125', 'time_per_step': '2.45444'}
2026-01-28 10:29:16,833 - train_greyscale_FA_MoE.py - {'step': '383400', 'lr': '0.0002', 'total_loss': '0.00621008', 'main_loss': '0.00621008', 'time_per_step': '2.19896'}
2026-01-28 10:33:13,590 - train_greyscale_FA_MoE.py - {'step': '383500', 'lr': '0.0002', 'total_loss': '0.00812045', 'main_loss': '0.00812045', 'time_per_step': '2.09868'}
2026-01-28 10:37:11,643 - train_greyscale_FA_MoE.py - {'step': '383600', 'lr': '0.0002', 'total_loss': '0.0103444', 'main_loss': '0.0103444', 'time_per_step': '2.1052'}
2026-01-28 10:41:10,191 - train_greyscale_FA_MoE.py - {'step': '383700', 'lr': '0.0002', 'total_loss': '0.0103513', 'main_loss': '0.0103513', 'time_per_step': '2.21007'}
2026-01-28 10:44:57,155 - train_greyscale_FA_MoE.py - {'step': '383800', 'lr': '0.0002', 'total_loss': '0.0059347', 'main_loss': '0.0059347', 'time_per_step': '2.19701'}
2026-01-28 10:48:44,170 - train_greyscale_FA_MoE.py - {'step': '383900', 'lr': '0.0002', 'total_loss': '0.00943443', 'main_loss': '0.00943443', 'time_per_step': '2.20028'}
2026-01-28 10:52:33,162 - train_greyscale_FA_MoE.py - {'step': '384000', 'lr': '0.0002', 'total_loss': '0.00906656', 'main_loss': '0.00906656', 'time_per_step': '2.16572'}
2026-01-28 10:56:20,631 - train_greyscale_FA_MoE.py - {'step': '384100', 'lr': '0.0002', 'total_loss': '0.00718679', 'main_loss': '0.00718679', 'time_per_step': '2.19243'}
2026-01-28 11:00:09,390 - train_greyscale_FA_MoE.py - {'step': '384200', 'lr': '0.0002', 'total_loss': '0.00805969', 'main_loss': '0.00805969', 'time_per_step': '2.19159'}
2026-01-28 11:03:57,424 - train_greyscale_FA_MoE.py - {'step': '384300', 'lr': '0.0002', 'total_loss': '0.00851664', 'main_loss': '0.00851664', 'time_per_step': '2.17297'}
2026-01-28 11:07:45,430 - train_greyscale_FA_MoE.py - {'step': '384400', 'lr': '0.0002', 'total_loss': '0.0116525', 'main_loss': '0.0116525', 'time_per_step': '2.2557'}
2026-01-28 11:11:31,870 - train_greyscale_FA_MoE.py - {'step': '384500', 'lr': '0.0002', 'total_loss': '0.00480652', 'main_loss': '0.00480652', 'time_per_step': '2.28195'}
2026-01-28 11:15:19,240 - train_greyscale_FA_MoE.py - {'step': '384600', 'lr': '0.0002', 'total_loss': '0.00846082', 'main_loss': '0.00846082', 'time_per_step': '2.21578'}
2026-01-28 11:19:06,892 - train_greyscale_FA_MoE.py - {'step': '384700', 'lr': '0.0002', 'total_loss': '0.00566147', 'main_loss': '0.00566147', 'time_per_step': '2.08231'}
2026-01-28 11:22:54,439 - train_greyscale_FA_MoE.py - {'step': '384800', 'lr': '0.0002', 'total_loss': '0.00766501', 'main_loss': '0.00766501', 'time_per_step': '2.09987'}
2026-01-28 11:26:41,502 - train_greyscale_FA_MoE.py - {'step': '384900', 'lr': '0.0002', 'total_loss': '0.00829888', 'main_loss': '0.00829888', 'time_per_step': '2.22383'}
2026-01-28 11:30:28,992 - train_greyscale_FA_MoE.py - {'step': '385000', 'lr': '0.0002', 'total_loss': '0.00872624', 'main_loss': '0.00872624', 'time_per_step': '2.2184'}
2026-01-28 11:34:17,864 - train_greyscale_FA_MoE.py - {'step': '385100', 'lr': '0.0002', 'total_loss': '0.00694347', 'main_loss': '0.00694347', 'time_per_step': '2.23106'}
2026-01-28 11:38:05,230 - train_greyscale_FA_MoE.py - {'step': '385200', 'lr': '0.0002', 'total_loss': '0.0102467', 'main_loss': '0.0102467', 'time_per_step': '2.20419'}
2026-01-28 11:41:51,829 - train_greyscale_FA_MoE.py - {'step': '385300', 'lr': '0.0002', 'total_loss': '0.00647992', 'main_loss': '0.00647992', 'time_per_step': '2.20239'}
2026-01-28 11:45:40,010 - train_greyscale_FA_MoE.py - {'step': '385400', 'lr': '0.0002', 'total_loss': '0.0101583', 'main_loss': '0.0101583', 'time_per_step': '2.42211'}
2026-01-28 11:49:27,697 - train_greyscale_FA_MoE.py - {'step': '385500', 'lr': '0.0002', 'total_loss': '0.00927114', 'main_loss': '0.00927114', 'time_per_step': '2.15258'}
2026-01-28 11:53:15,720 - train_greyscale_FA_MoE.py - {'step': '385600', 'lr': '0.0002', 'total_loss': '0.00855412', 'main_loss': '0.00855412', 'time_per_step': '2.2448'}
2026-01-28 11:57:04,242 - train_greyscale_FA_MoE.py - {'step': '385700', 'lr': '0.0002', 'total_loss': '0.00751951', 'main_loss': '0.00751951', 'time_per_step': '2.21017'}
2026-01-28 12:00:54,084 - train_greyscale_FA_MoE.py - {'step': '385800', 'lr': '0.0002', 'total_loss': '0.012433', 'main_loss': '0.012433', 'time_per_step': '2.2244'}
2026-01-28 12:04:42,476 - train_greyscale_FA_MoE.py - {'step': '385900', 'lr': '0.0002', 'total_loss': '0.00570665', 'main_loss': '0.00570665', 'time_per_step': '2.10373'}
2026-01-28 12:08:30,527 - train_greyscale_FA_MoE.py - {'step': '386000', 'lr': '0.0002', 'total_loss': '0.0104233', 'main_loss': '0.0104233', 'time_per_step': '2.15718'}
2026-01-28 12:12:18,330 - train_greyscale_FA_MoE.py - {'step': '386100', 'lr': '0.0002', 'total_loss': '0.00864559', 'main_loss': '0.00864559', 'time_per_step': '2.14659'}
2026-01-28 12:16:06,573 - train_greyscale_FA_MoE.py - {'step': '386200', 'lr': '0.0002', 'total_loss': '0.00696218', 'main_loss': '0.00696218', 'time_per_step': '2.17846'}
2026-01-28 12:19:53,123 - train_greyscale_FA_MoE.py - {'step': '386300', 'lr': '0.0002', 'total_loss': '0.00684608', 'main_loss': '0.00684608', 'time_per_step': '2.21665'}
2026-01-28 12:23:41,063 - train_greyscale_FA_MoE.py - {'step': '386400', 'lr': '0.0002', 'total_loss': '0.00645074', 'main_loss': '0.00645074', 'time_per_step': '2.21531'}
2026-01-28 12:27:28,114 - train_greyscale_FA_MoE.py - {'step': '386500', 'lr': '0.0002', 'total_loss': '0.00557462', 'main_loss': '0.00557462', 'time_per_step': '2.19918'}
2026-01-28 12:31:15,225 - train_greyscale_FA_MoE.py - {'step': '386600', 'lr': '0.0002', 'total_loss': '0.00718236', 'main_loss': '0.00718236', 'time_per_step': '2.22617'}
2026-01-28 12:35:02,918 - train_greyscale_FA_MoE.py - {'step': '386700', 'lr': '0.0002', 'total_loss': '0.00883113', 'main_loss': '0.00883113', 'time_per_step': '2.19094'}
2026-01-28 12:38:51,062 - train_greyscale_FA_MoE.py - {'step': '386800', 'lr': '0.0002', 'total_loss': '0.00797931', 'main_loss': '0.00797931', 'time_per_step': '2.20517'}
2026-01-28 12:42:37,578 - train_greyscale_FA_MoE.py - {'step': '386900', 'lr': '0.0002', 'total_loss': '0.00658043', 'main_loss': '0.00658043', 'time_per_step': '2.17381'}
2026-01-28 12:46:26,071 - train_greyscale_FA_MoE.py - {'step': '387000', 'lr': '0.0002', 'total_loss': '0.00836031', 'main_loss': '0.00836031', 'time_per_step': '2.21935'}
2026-01-28 12:50:14,184 - train_greyscale_FA_MoE.py - {'step': '387100', 'lr': '0.0002', 'total_loss': '0.00729795', 'main_loss': '0.00729795', 'time_per_step': '2.10156'}
2026-01-28 12:54:02,459 - train_greyscale_FA_MoE.py - {'step': '387200', 'lr': '0.0002', 'total_loss': '0.00861692', 'main_loss': '0.00861692', 'time_per_step': '2.09491'}
2026-01-28 12:57:49,484 - train_greyscale_FA_MoE.py - {'step': '387300', 'lr': '0.0002', 'total_loss': '0.00703981', 'main_loss': '0.00703981', 'time_per_step': '2.21298'}
2026-01-28 13:01:37,479 - train_greyscale_FA_MoE.py - {'step': '387400', 'lr': '0.0002', 'total_loss': '0.00676922', 'main_loss': '0.00676922', 'time_per_step': '2.22098'}
2026-01-28 13:05:25,815 - train_greyscale_FA_MoE.py - {'step': '387500', 'lr': '0.0002', 'total_loss': '0.00602727', 'main_loss': '0.00602727', 'time_per_step': '2.1496'}
2026-01-28 13:09:13,792 - train_greyscale_FA_MoE.py - {'step': '387600', 'lr': '0.0002', 'total_loss': '0.00505221', 'main_loss': '0.00505221', 'time_per_step': '2.2273'}
2026-01-28 13:13:00,533 - train_greyscale_FA_MoE.py - {'step': '387700', 'lr': '0.0002', 'total_loss': '0.00583379', 'main_loss': '0.00583379', 'time_per_step': '2.23952'}
2026-01-28 13:16:48,723 - train_greyscale_FA_MoE.py - {'step': '387800', 'lr': '0.0002', 'total_loss': '0.005649', 'main_loss': '0.005649', 'time_per_step': '2.22035'}
2026-01-28 13:20:36,477 - train_greyscale_FA_MoE.py - {'step': '387900', 'lr': '0.0002', 'total_loss': '0.00851857', 'main_loss': '0.00851857', 'time_per_step': '2.18965'}
2026-01-28 13:24:24,760 - train_greyscale_FA_MoE.py - {'step': '388000', 'lr': '0.0002', 'total_loss': '0.00753767', 'main_loss': '0.00753767', 'time_per_step': '2.2228'}
2026-01-28 13:28:11,667 - train_greyscale_FA_MoE.py - {'step': '388100', 'lr': '0.0002', 'total_loss': '0.00861307', 'main_loss': '0.00861307', 'time_per_step': '2.20357'}
2026-01-28 13:32:00,123 - train_greyscale_FA_MoE.py - {'step': '388200', 'lr': '0.0002', 'total_loss': '0.00963826', 'main_loss': '0.00963826', 'time_per_step': '2.26958'}
2026-01-28 13:35:48,016 - train_greyscale_FA_MoE.py - {'step': '388300', 'lr': '0.0002', 'total_loss': '0.0093094', 'main_loss': '0.0093094', 'time_per_step': '2.08382'}
2026-01-28 13:39:35,416 - train_greyscale_FA_MoE.py - {'step': '388400', 'lr': '0.0002', 'total_loss': '0.00646779', 'main_loss': '0.00646779', 'time_per_step': '2.08315'}
2026-01-28 13:43:23,178 - train_greyscale_FA_MoE.py - {'step': '388500', 'lr': '0.0002', 'total_loss': '0.00854018', 'main_loss': '0.00854018', 'time_per_step': '2.17332'}
2026-01-28 13:47:11,580 - train_greyscale_FA_MoE.py - {'step': '388600', 'lr': '0.0002', 'total_loss': '0.0115883', 'main_loss': '0.0115883', 'time_per_step': '2.21117'}
2026-01-28 13:50:59,715 - train_greyscale_FA_MoE.py - {'step': '388700', 'lr': '0.0002', 'total_loss': '0.0086438', 'main_loss': '0.0086438', 'time_per_step': '2.19424'}
2026-01-28 13:54:47,996 - train_greyscale_FA_MoE.py - {'step': '388800', 'lr': '0.0002', 'total_loss': '0.00572472', 'main_loss': '0.00572472', 'time_per_step': '2.22635'}
2026-01-28 13:58:34,915 - train_greyscale_FA_MoE.py - {'step': '388900', 'lr': '0.0002', 'total_loss': '0.00753045', 'main_loss': '0.00753045', 'time_per_step': '2.18116'}
2026-01-28 14:02:25,702 - train_greyscale_FA_MoE.py - {'step': '389000', 'lr': '0.0002', 'total_loss': '0.00597061', 'main_loss': '0.00597061', 'time_per_step': '2.19939'}
2026-01-28 14:06:15,271 - train_greyscale_FA_MoE.py - {'step': '389100', 'lr': '0.0002', 'total_loss': '0.00978906', 'main_loss': '0.00978906', 'time_per_step': '2.22251'}
2026-01-28 14:10:02,468 - train_greyscale_FA_MoE.py - {'step': '389200', 'lr': '0.0002', 'total_loss': '0.00672854', 'main_loss': '0.00672854', 'time_per_step': '2.16836'}
2026-01-28 14:13:50,371 - train_greyscale_FA_MoE.py - {'step': '389300', 'lr': '0.0002', 'total_loss': '0.0077422', 'main_loss': '0.0077422', 'time_per_step': '2.21082'}
2026-01-28 14:17:45,329 - train_greyscale_FA_MoE.py - {'step': '389400', 'lr': '0.0002', 'total_loss': '0.00703617', 'main_loss': '0.00703617', 'time_per_step': '2.19377'}
2026-01-28 14:21:33,392 - train_greyscale_FA_MoE.py - {'step': '389500', 'lr': '0.0002', 'total_loss': '0.0117705', 'main_loss': '0.0117705', 'time_per_step': '2.09812'}
2026-01-28 14:25:20,956 - train_greyscale_FA_MoE.py - {'step': '389600', 'lr': '0.0002', 'total_loss': '0.00526864', 'main_loss': '0.00526864', 'time_per_step': '2.09849'}
2026-01-28 14:29:09,053 - train_greyscale_FA_MoE.py - {'step': '389700', 'lr': '0.0002', 'total_loss': '0.00797034', 'main_loss': '0.00797034', 'time_per_step': '2.21018'}
2026-01-28 14:32:57,076 - train_greyscale_FA_MoE.py - {'step': '389800', 'lr': '0.0002', 'total_loss': '0.0100253', 'main_loss': '0.0100253', 'time_per_step': '2.21585'}
2026-01-28 14:36:45,399 - train_greyscale_FA_MoE.py - {'step': '389900', 'lr': '0.0002', 'total_loss': '0.00738181', 'main_loss': '0.00738181', 'time_per_step': '2.21745'}
2026-01-28 14:40:33,178 - train_greyscale_FA_MoE.py - {'step': '390000', 'lr': '0.0002', 'total_loss': '0.00872102', 'main_loss': '0.00872102', 'time_per_step': '2.2438'}
2026-01-28 14:44:20,191 - train_greyscale_FA_MoE.py - {'step': '390100', 'lr': '0.0002', 'total_loss': '0.00958654', 'main_loss': '0.00958654', 'time_per_step': '2.2083'}
2026-01-28 14:48:08,285 - train_greyscale_FA_MoE.py - {'step': '390200', 'lr': '0.0002', 'total_loss': '0.00776206', 'main_loss': '0.00776206', 'time_per_step': '2.19689'}
2026-01-28 14:51:55,707 - train_greyscale_FA_MoE.py - {'step': '390300', 'lr': '0.0002', 'total_loss': '0.0100093', 'main_loss': '0.0100093', 'time_per_step': '2.23179'}
2026-01-28 14:55:42,642 - train_greyscale_FA_MoE.py - {'step': '390400', 'lr': '0.0002', 'total_loss': '0.00519402', 'main_loss': '0.00519402', 'time_per_step': '2.21886'}
2026-01-28 14:59:29,670 - train_greyscale_FA_MoE.py - {'step': '390500', 'lr': '0.0002', 'total_loss': '0.00644792', 'main_loss': '0.00644792', 'time_per_step': '2.2093'}
2026-01-28 15:03:18,377 - train_greyscale_FA_MoE.py - {'step': '390600', 'lr': '0.0002', 'total_loss': '0.00789898', 'main_loss': '0.00789898', 'time_per_step': '2.2356'}
2026-01-28 15:07:05,553 - train_greyscale_FA_MoE.py - {'step': '390700', 'lr': '0.0002', 'total_loss': '0.00811304', 'main_loss': '0.00811304', 'time_per_step': '2.08131'}
2026-01-28 15:10:52,961 - train_greyscale_FA_MoE.py - {'step': '390800', 'lr': '0.0002', 'total_loss': '0.00480183', 'main_loss': '0.00480183', 'time_per_step': '2.09302'}
2026-01-28 15:14:41,506 - train_greyscale_FA_MoE.py - {'step': '390900', 'lr': '0.0002', 'total_loss': '0.00627488', 'main_loss': '0.00627488', 'time_per_step': '2.24172'}
2026-01-28 15:18:29,491 - train_greyscale_FA_MoE.py - {'step': '391000', 'lr': '0.0002', 'total_loss': '0.00946326', 'main_loss': '0.00946326', 'time_per_step': '2.19412'}
2026-01-28 15:22:17,581 - train_greyscale_FA_MoE.py - {'step': '391100', 'lr': '0.0002', 'total_loss': '0.00887631', 'main_loss': '0.00887631', 'time_per_step': '2.23038'}
2026-01-28 15:26:05,728 - train_greyscale_FA_MoE.py - {'step': '391200', 'lr': '0.0002', 'total_loss': '0.00756165', 'main_loss': '0.00756165', 'time_per_step': '2.22554'}
2026-01-28 15:29:52,871 - train_greyscale_FA_MoE.py - {'step': '391300', 'lr': '0.0002', 'total_loss': '0.0102312', 'main_loss': '0.0102312', 'time_per_step': '2.18306'}
2026-01-28 15:33:40,418 - train_greyscale_FA_MoE.py - {'step': '391400', 'lr': '0.0002', 'total_loss': '0.00739271', 'main_loss': '0.00739271', 'time_per_step': '2.21794'}
2026-01-28 15:37:28,817 - train_greyscale_FA_MoE.py - {'step': '391500', 'lr': '0.0002', 'total_loss': '0.00813338', 'main_loss': '0.00813338', 'time_per_step': '2.25616'}
2026-01-28 15:41:16,298 - train_greyscale_FA_MoE.py - {'step': '391600', 'lr': '0.0002', 'total_loss': '0.00734458', 'main_loss': '0.00734458', 'time_per_step': '2.2052'}
2026-01-28 15:45:03,017 - train_greyscale_FA_MoE.py - {'step': '391700', 'lr': '0.0002', 'total_loss': '0.00673299', 'main_loss': '0.00673299', 'time_per_step': '2.21442'}
2026-01-28 15:48:51,116 - train_greyscale_FA_MoE.py - {'step': '391800', 'lr': '0.0002', 'total_loss': '0.00634793', 'main_loss': '0.00634793', 'time_per_step': '2.23158'}
2026-01-28 15:52:39,594 - train_greyscale_FA_MoE.py - {'step': '391900', 'lr': '0.0002', 'total_loss': '0.00792123', 'main_loss': '0.00792123', 'time_per_step': '2.30377'}
2026-01-28 15:56:27,176 - train_greyscale_FA_MoE.py - {'step': '392000', 'lr': '0.0002', 'total_loss': '0.00745813', 'main_loss': '0.00745813', 'time_per_step': '2.09574'}
2026-01-28 16:00:15,541 - train_greyscale_FA_MoE.py - {'step': '392100', 'lr': '0.0002', 'total_loss': '0.00546317', 'main_loss': '0.00546317', 'time_per_step': '2.22264'}
2026-01-28 16:04:03,376 - train_greyscale_FA_MoE.py - {'step': '392200', 'lr': '0.0002', 'total_loss': '0.00661', 'main_loss': '0.00661', 'time_per_step': '2.21004'}
2026-01-28 16:07:51,167 - train_greyscale_FA_MoE.py - {'step': '392300', 'lr': '0.0002', 'total_loss': '0.00849487', 'main_loss': '0.00849487', 'time_per_step': '2.21144'}
2026-01-28 16:11:39,642 - train_greyscale_FA_MoE.py - {'step': '392400', 'lr': '0.0002', 'total_loss': '0.00785254', 'main_loss': '0.00785254', 'time_per_step': '2.33351'}
2026-01-28 16:15:26,297 - train_greyscale_FA_MoE.py - {'step': '392500', 'lr': '0.0002', 'total_loss': '0.00964402', 'main_loss': '0.00964402', 'time_per_step': '2.20461'}
2026-01-28 16:19:14,787 - train_greyscale_FA_MoE.py - {'step': '392600', 'lr': '0.0002', 'total_loss': '0.00551845', 'main_loss': '0.00551845', 'time_per_step': '2.21637'}
2026-01-28 16:23:02,620 - train_greyscale_FA_MoE.py - {'step': '392700', 'lr': '0.0002', 'total_loss': '0.00865613', 'main_loss': '0.00865613', 'time_per_step': '2.25032'}
2026-01-28 16:26:50,716 - train_greyscale_FA_MoE.py - {'step': '392800', 'lr': '0.0002', 'total_loss': '0.0111936', 'main_loss': '0.0111936', 'time_per_step': '2.19591'}
2026-01-28 16:30:38,242 - train_greyscale_FA_MoE.py - {'step': '392900', 'lr': '0.0002', 'total_loss': '0.00560834', 'main_loss': '0.00560834', 'time_per_step': '2.21076'}
2026-01-28 16:34:26,616 - train_greyscale_FA_MoE.py - {'step': '393000', 'lr': '0.0002', 'total_loss': '0.00628632', 'main_loss': '0.00628632', 'time_per_step': '2.21768'}
2026-01-28 16:38:13,804 - train_greyscale_FA_MoE.py - {'step': '393100', 'lr': '0.0002', 'total_loss': '0.00801679', 'main_loss': '0.00801679', 'time_per_step': '2.09364'}
2026-01-28 16:42:02,007 - train_greyscale_FA_MoE.py - {'step': '393200', 'lr': '0.0002', 'total_loss': '0.00671511', 'main_loss': '0.00671511', 'time_per_step': '2.09658'}
2026-01-28 16:45:49,486 - train_greyscale_FA_MoE.py - {'step': '393300', 'lr': '0.0002', 'total_loss': '0.00760704', 'main_loss': '0.00760704', 'time_per_step': '2.1901'}
2026-01-28 16:49:36,984 - train_greyscale_FA_MoE.py - {'step': '393400', 'lr': '0.0002', 'total_loss': '0.00702133', 'main_loss': '0.00702133', 'time_per_step': '2.23426'}
2026-01-28 16:53:24,922 - train_greyscale_FA_MoE.py - {'step': '393500', 'lr': '0.0002', 'total_loss': '0.00530191', 'main_loss': '0.00530191', 'time_per_step': '2.21055'}
2026-01-28 16:57:12,423 - train_greyscale_FA_MoE.py - {'step': '393600', 'lr': '0.0002', 'total_loss': '0.00805489', 'main_loss': '0.00805489', 'time_per_step': '2.20924'}
2026-01-28 17:01:00,562 - train_greyscale_FA_MoE.py - {'step': '393700', 'lr': '0.0002', 'total_loss': '0.00773535', 'main_loss': '0.00773535', 'time_per_step': '2.29989'}
2026-01-28 17:04:48,599 - train_greyscale_FA_MoE.py - {'step': '393800', 'lr': '0.0002', 'total_loss': '0.0139442', 'main_loss': '0.0139442', 'time_per_step': '2.23719'}
2026-01-28 17:08:36,736 - train_greyscale_FA_MoE.py - {'step': '393900', 'lr': '0.0002', 'total_loss': '0.0099149', 'main_loss': '0.0099149', 'time_per_step': '2.20825'}
2026-01-28 17:12:24,089 - train_greyscale_FA_MoE.py - {'step': '394000', 'lr': '0.0002', 'total_loss': '0.00776092', 'main_loss': '0.00776092', 'time_per_step': '2.219'}
2026-01-28 17:16:11,616 - train_greyscale_FA_MoE.py - {'step': '394100', 'lr': '0.0002', 'total_loss': '0.00760156', 'main_loss': '0.00760156', 'time_per_step': '2.21865'}
2026-01-28 17:19:59,853 - train_greyscale_FA_MoE.py - {'step': '394200', 'lr': '0.0002', 'total_loss': '0.00698867', 'main_loss': '0.00698867', 'time_per_step': '2.29444'}
2026-01-28 17:23:47,731 - train_greyscale_FA_MoE.py - {'step': '394300', 'lr': '0.0002', 'total_loss': '0.00650413', 'main_loss': '0.00650413', 'time_per_step': '2.09518'}
2026-01-28 17:27:34,760 - train_greyscale_FA_MoE.py - {'step': '394400', 'lr': '0.0002', 'total_loss': '0.00860474', 'main_loss': '0.00860474', 'time_per_step': '2.10674'}
2026-01-28 17:31:22,786 - train_greyscale_FA_MoE.py - {'step': '394500', 'lr': '0.0002', 'total_loss': '0.0102276', 'main_loss': '0.0102276', 'time_per_step': '2.18245'}
2026-01-28 17:35:10,753 - train_greyscale_FA_MoE.py - {'step': '394600', 'lr': '0.0002', 'total_loss': '0.00798101', 'main_loss': '0.00798101', 'time_per_step': '2.22916'}
2026-01-28 17:38:58,329 - train_greyscale_FA_MoE.py - {'step': '394700', 'lr': '0.0002', 'total_loss': '0.00742941', 'main_loss': '0.00742941', 'time_per_step': '2.20156'}
2026-01-28 17:42:46,390 - train_greyscale_FA_MoE.py - {'step': '394800', 'lr': '0.0002', 'total_loss': '0.00810583', 'main_loss': '0.00810583', 'time_per_step': '2.21396'}
2026-01-28 17:46:33,251 - train_greyscale_FA_MoE.py - {'step': '394900', 'lr': '0.0002', 'total_loss': '0.00789014', 'main_loss': '0.00789014', 'time_per_step': '2.19486'}
2026-01-28 17:50:20,933 - train_greyscale_FA_MoE.py - {'step': '395000', 'lr': '0.0002', 'total_loss': '0.0100802', 'main_loss': '0.0100802', 'time_per_step': '2.2148'}
2026-01-28 17:54:07,989 - train_greyscale_FA_MoE.py - {'step': '395100', 'lr': '0.0002', 'total_loss': '0.00970897', 'main_loss': '0.00970897', 'time_per_step': '2.16535'}
2026-01-28 17:57:56,125 - train_greyscale_FA_MoE.py - {'step': '395200', 'lr': '0.0002', 'total_loss': '0.00994375', 'main_loss': '0.00994375', 'time_per_step': '2.20115'}
2026-01-28 18:01:43,892 - train_greyscale_FA_MoE.py - {'step': '395300', 'lr': '0.0002', 'total_loss': '0.00844624', 'main_loss': '0.00844624', 'time_per_step': '2.21472'}
2026-01-28 18:05:31,117 - train_greyscale_FA_MoE.py - {'step': '395400', 'lr': '0.0002', 'total_loss': '0.00569343', 'main_loss': '0.00569343', 'time_per_step': '2.2923'}
2026-01-28 18:09:19,117 - train_greyscale_FA_MoE.py - {'step': '395500', 'lr': '0.0002', 'total_loss': '0.00845101', 'main_loss': '0.00845101', 'time_per_step': '2.09595'}
2026-01-28 18:13:06,455 - train_greyscale_FA_MoE.py - {'step': '395600', 'lr': '0.0002', 'total_loss': '0.00548739', 'main_loss': '0.00548739', 'time_per_step': '2.11343'}
2026-01-28 18:16:54,587 - train_greyscale_FA_MoE.py - {'step': '395700', 'lr': '0.0002', 'total_loss': '0.0074928', 'main_loss': '0.0074928', 'time_per_step': '2.23367'}
2026-01-28 18:20:42,773 - train_greyscale_FA_MoE.py - {'step': '395800', 'lr': '0.0002', 'total_loss': '0.00872525', 'main_loss': '0.00872525', 'time_per_step': '2.22012'}
2026-01-28 18:24:32,079 - train_greyscale_FA_MoE.py - {'step': '395900', 'lr': '0.0002', 'total_loss': '0.0046583', 'main_loss': '0.0046583', 'time_per_step': '2.21669'}
2026-01-28 18:28:18,926 - train_greyscale_FA_MoE.py - {'step': '396000', 'lr': '0.0002', 'total_loss': '0.00868548', 'main_loss': '0.00868548', 'time_per_step': '2.20985'}
2026-01-28 18:32:05,148 - train_greyscale_FA_MoE.py - {'step': '396100', 'lr': '0.0002', 'total_loss': '0.00786322', 'main_loss': '0.00786322', 'time_per_step': '2.22205'}
2026-01-28 18:35:52,447 - train_greyscale_FA_MoE.py - {'step': '396200', 'lr': '0.0002', 'total_loss': '0.00621697', 'main_loss': '0.00621697', 'time_per_step': '2.21554'}
2026-01-28 18:39:39,520 - train_greyscale_FA_MoE.py - {'step': '396300', 'lr': '0.0002', 'total_loss': '0.0092361', 'main_loss': '0.0092361', 'time_per_step': '2.36915'}
2026-01-28 18:43:27,170 - train_greyscale_FA_MoE.py - {'step': '396400', 'lr': '0.0002', 'total_loss': '0.00845389', 'main_loss': '0.00845389', 'time_per_step': '2.22099'}
2026-01-28 18:47:14,044 - train_greyscale_FA_MoE.py - {'step': '396500', 'lr': '0.0002', 'total_loss': '0.00750251', 'main_loss': '0.00750251', 'time_per_step': '2.22794'}
2026-01-28 18:51:00,874 - train_greyscale_FA_MoE.py - {'step': '396600', 'lr': '0.0002', 'total_loss': '0.00811755', 'main_loss': '0.00811755', 'time_per_step': '2.3136'}
2026-01-28 18:54:48,971 - train_greyscale_FA_MoE.py - {'step': '396700', 'lr': '0.0002', 'total_loss': '0.00425858', 'main_loss': '0.00425858', 'time_per_step': '2.09272'}
2026-01-28 18:58:37,243 - train_greyscale_FA_MoE.py - {'step': '396800', 'lr': '0.0002', 'total_loss': '0.00607635', 'main_loss': '0.00607635', 'time_per_step': '2.09955'}
2026-01-28 19:02:25,505 - train_greyscale_FA_MoE.py - {'step': '396900', 'lr': '0.0002', 'total_loss': '0.0066881', 'main_loss': '0.0066881', 'time_per_step': '2.15344'}
2026-01-28 19:06:16,337 - train_greyscale_FA_MoE.py - {'step': '397000', 'lr': '0.0002', 'total_loss': '0.00473293', 'main_loss': '0.00473293', 'time_per_step': '2.19295'}
2026-01-28 19:10:16,590 - train_greyscale_FA_MoE.py - {'step': '397100', 'lr': '0.0002', 'total_loss': '0.0105855', 'main_loss': '0.0105855', 'time_per_step': '2.17779'}
2026-01-28 19:14:12,376 - train_greyscale_FA_MoE.py - {'step': '397200', 'lr': '0.0002', 'total_loss': '0.00763449', 'main_loss': '0.00763449', 'time_per_step': '2.20163'}
2026-01-28 19:18:06,796 - train_greyscale_FA_MoE.py - {'step': '397300', 'lr': '0.0002', 'total_loss': '0.00805906', 'main_loss': '0.00805906', 'time_per_step': '2.21247'}
2026-01-28 19:21:54,661 - train_greyscale_FA_MoE.py - {'step': '397400', 'lr': '0.0002', 'total_loss': '0.0126976', 'main_loss': '0.0126976', 'time_per_step': '2.20793'}
2026-01-28 19:25:42,770 - train_greyscale_FA_MoE.py - {'step': '397500', 'lr': '0.0002', 'total_loss': '0.00743305', 'main_loss': '0.00743305', 'time_per_step': '2.21469'}
2026-01-28 19:29:30,496 - train_greyscale_FA_MoE.py - {'step': '397600', 'lr': '0.0002', 'total_loss': '0.00835489', 'main_loss': '0.00835489', 'time_per_step': '2.26019'}
2026-01-28 19:33:17,208 - train_greyscale_FA_MoE.py - {'step': '397700', 'lr': '0.0002', 'total_loss': '0.0112691', 'main_loss': '0.0112691', 'time_per_step': '2.20917'}
2026-01-28 19:37:04,937 - train_greyscale_FA_MoE.py - {'step': '397800', 'lr': '0.0002', 'total_loss': '0.00809301', 'main_loss': '0.00809301', 'time_per_step': '2.21109'}
2026-01-28 19:40:53,233 - train_greyscale_FA_MoE.py - {'step': '397900', 'lr': '0.0002', 'total_loss': '0.00652496', 'main_loss': '0.00652496', 'time_per_step': '2.09619'}
2026-01-28 19:44:39,715 - train_greyscale_FA_MoE.py - {'step': '398000', 'lr': '0.0002', 'total_loss': '0.00842816', 'main_loss': '0.00842816', 'time_per_step': '2.33116'}
2026-01-28 19:48:27,280 - train_greyscale_FA_MoE.py - {'step': '398100', 'lr': '0.0002', 'total_loss': '0.00727722', 'main_loss': '0.00727722', 'time_per_step': '2.19885'}
2026-01-28 19:52:15,053 - train_greyscale_FA_MoE.py - {'step': '398200', 'lr': '0.0002', 'total_loss': '0.00867816', 'main_loss': '0.00867816', 'time_per_step': '2.15366'}
2026-01-28 19:56:03,085 - train_greyscale_FA_MoE.py - {'step': '398300', 'lr': '0.0002', 'total_loss': '0.00914186', 'main_loss': '0.00914186', 'time_per_step': '2.21806'}
2026-01-28 19:59:51,705 - train_greyscale_FA_MoE.py - {'step': '398400', 'lr': '0.0002', 'total_loss': '0.00902612', 'main_loss': '0.00902612', 'time_per_step': '2.24627'}
2026-01-28 20:03:39,601 - train_greyscale_FA_MoE.py - {'step': '398500', 'lr': '0.0002', 'total_loss': '0.00599751', 'main_loss': '0.00599751', 'time_per_step': '2.39767'}
2026-01-28 20:07:27,689 - train_greyscale_FA_MoE.py - {'step': '398600', 'lr': '0.0002', 'total_loss': '0.011211', 'main_loss': '0.011211', 'time_per_step': '2.21374'}
2026-01-28 20:11:15,934 - train_greyscale_FA_MoE.py - {'step': '398700', 'lr': '0.0002', 'total_loss': '0.00549782', 'main_loss': '0.00549782', 'time_per_step': '2.32887'}
2026-01-28 20:15:02,940 - train_greyscale_FA_MoE.py - {'step': '398800', 'lr': '0.0002', 'total_loss': '0.00779423', 'main_loss': '0.00779423', 'time_per_step': '2.22873'}
2026-01-28 20:18:49,591 - train_greyscale_FA_MoE.py - {'step': '398900', 'lr': '0.0002', 'total_loss': '0.00691814', 'main_loss': '0.00691814', 'time_per_step': '2.1995'}
2026-01-28 20:22:37,827 - train_greyscale_FA_MoE.py - {'step': '399000', 'lr': '0.0002', 'total_loss': '0.0117888', 'main_loss': '0.0117888', 'time_per_step': '2.21019'}
2026-01-28 20:26:27,072 - train_greyscale_FA_MoE.py - {'step': '399100', 'lr': '0.0002', 'total_loss': '0.00872296', 'main_loss': '0.00872296', 'time_per_step': '2.09754'}
2026-01-28 20:30:14,421 - train_greyscale_FA_MoE.py - {'step': '399200', 'lr': '0.0002', 'total_loss': '0.00998515', 'main_loss': '0.00998515', 'time_per_step': '2.09315'}
2026-01-28 20:34:01,564 - train_greyscale_FA_MoE.py - {'step': '399300', 'lr': '0.0002', 'total_loss': '0.00479629', 'main_loss': '0.00479629', 'time_per_step': '2.26348'}
2026-01-28 20:37:49,770 - train_greyscale_FA_MoE.py - {'step': '399400', 'lr': '0.0002', 'total_loss': '0.00894572', 'main_loss': '0.00894572', 'time_per_step': '2.23919'}
2026-01-28 20:41:37,657 - train_greyscale_FA_MoE.py - {'step': '399500', 'lr': '0.0002', 'total_loss': '0.00697533', 'main_loss': '0.00697533', 'time_per_step': '2.19142'}
2026-01-28 20:45:25,605 - train_greyscale_FA_MoE.py - {'step': '399600', 'lr': '0.0002', 'total_loss': '0.00869923', 'main_loss': '0.00869923', 'time_per_step': '2.2357'}
2026-01-28 20:49:12,346 - train_greyscale_FA_MoE.py - {'step': '399700', 'lr': '0.0002', 'total_loss': '0.0069663', 'main_loss': '0.0069663', 'time_per_step': '2.20993'}
2026-01-28 20:53:00,223 - train_greyscale_FA_MoE.py - {'step': '399800', 'lr': '0.0002', 'total_loss': '0.00716763', 'main_loss': '0.00716763', 'time_per_step': '2.30302'}
2026-01-28 20:56:48,849 - train_greyscale_FA_MoE.py - {'step': '399900', 'lr': '0.0002', 'total_loss': '0.0108632', 'main_loss': '0.0108632', 'time_per_step': '2.23132'}
2026-01-28 21:00:37,790 - train_greyscale_FA_MoE.py - {'step': '400000', 'lr': '0.0002', 'total_loss': '0.0059165', 'main_loss': '0.0059165', 'time_per_step': '2.2371'}
2026-01-28 21:00:37,800 - train_greyscale_FA_MoE.py - Saved expert distribution of layer in_block_0 to output_shift_fa/acdc_wholeheart_uncond_fa_ec_moe_greyscale_uvit_mid_4by4_l6r9_low16_Y_bound/samples/expert_distribution_in_block_0_step400000.npy
2026-01-28 21:00:39,253 - train_greyscale_FA_MoE.py - Saved expert distribution of layer out_block_7 to output_shift_fa/acdc_wholeheart_uncond_fa_ec_moe_greyscale_uvit_mid_4by4_l6r9_low16_Y_bound/samples/expert_distribution_out_block_7_step400000.npy
2026-01-28 21:00:40,825 - train_greyscale_FA_MoE.py - Save a grid of 16 samples into output_shift_fa/acdc_wholeheart_uncond_fa_ec_moe_greyscale_uvit_mid_4by4_l6r9_low16_Y_bound/samples/400000.png by DPM-Solver
2026-01-28 21:00:46,298 - train_greyscale_FA_MoE.py - Finished saving sample grid to output_shift_fa/acdc_wholeheart_uncond_fa_ec_moe_greyscale_uvit_mid_4by4_l6r9_low16_Y_bound/samples/400000.png by DPM-Solver.
2026-01-28 21:00:46,344 - train_greyscale_FA_MoE.py - Save and eval checkpoint 400000...
2026-01-28 21:00:48,684 - train_greyscale_FA_MoE.py - eval_step: n_samples=50000, sample_steps=50, algorithm=dpm_solver, mini_batch_size=500, samples save into output_shift_fa/acdc_wholeheart_uncond_fa_ec_moe_greyscale_uvit_mid_4by4_l6r9_low16_Y_bound/samples/acdc_wholeheart_uncond_uvit_FA_EC_MoE_greyscale_mid_4by4_low16_400000_dpm
2026-01-28 21:51:19,730 - train_greyscale_FA_MoE.py - step=400000 fid50000=11.55606443723184
2026-01-28 21:57:20,848 - is_lpips.py - LPIPS: 0.5145 ± 0.0497
2026-01-28 21:57:20,854 - train_greyscale_FA_MoE.py - step=400000 LPIPS50000=0.5145172081274632
2026-01-28 22:02:32,239 - train_greyscale_FA_MoE.py - {'step': '400100', 'lr': '0.0002', 'total_loss': '0.00776366', 'main_loss': '0.00776366', 'time_per_step': '2.20734'}
2026-01-28 22:06:21,760 - train_greyscale_FA_MoE.py - {'step': '400200', 'lr': '0.0002', 'total_loss': '0.00819879', 'main_loss': '0.00819879', 'time_per_step': '2.20998'}
2026-01-28 22:10:09,187 - train_greyscale_FA_MoE.py - {'step': '400300', 'lr': '0.0002', 'total_loss': '0.00713699', 'main_loss': '0.00713699', 'time_per_step': '2.10385'}
2026-01-28 22:13:57,018 - train_greyscale_FA_MoE.py - {'step': '400400', 'lr': '0.0002', 'total_loss': '0.00813835', 'main_loss': '0.00813835', 'time_per_step': '2.09881'}
2026-01-28 22:17:46,657 - train_greyscale_FA_MoE.py - {'step': '400500', 'lr': '0.0002', 'total_loss': '0.00940407', 'main_loss': '0.00940407', 'time_per_step': '2.19288'}
2026-01-28 22:21:35,397 - train_greyscale_FA_MoE.py - {'step': '400600', 'lr': '0.0002', 'total_loss': '0.00689513', 'main_loss': '0.00689513', 'time_per_step': '2.20095'}
2026-01-28 22:25:22,948 - train_greyscale_FA_MoE.py - {'step': '400700', 'lr': '0.0002', 'total_loss': '0.00772708', 'main_loss': '0.00772708', 'time_per_step': '2.20381'}
2026-01-28 22:29:11,561 - train_greyscale_FA_MoE.py - {'step': '400800', 'lr': '0.0002', 'total_loss': '0.00831665', 'main_loss': '0.00831665', 'time_per_step': '2.20239'}
2026-01-28 22:33:00,359 - train_greyscale_FA_MoE.py - {'step': '400900', 'lr': '0.0002', 'total_loss': '0.00642171', 'main_loss': '0.00642171', 'time_per_step': '2.27312'}
2026-01-28 22:36:47,887 - train_greyscale_FA_MoE.py - {'step': '401000', 'lr': '0.0002', 'total_loss': '0.00931085', 'main_loss': '0.00931085', 'time_per_step': '2.20085'}
2026-01-28 22:40:35,594 - train_greyscale_FA_MoE.py - {'step': '401100', 'lr': '0.0002', 'total_loss': '0.00685864', 'main_loss': '0.00685864', 'time_per_step': '2.15783'}
2026-01-28 22:44:24,124 - train_greyscale_FA_MoE.py - {'step': '401200', 'lr': '0.0002', 'total_loss': '0.00853731', 'main_loss': '0.00853731', 'time_per_step': '2.20572'}
2026-01-28 22:48:11,939 - train_greyscale_FA_MoE.py - {'step': '401300', 'lr': '0.0002', 'total_loss': '0.00670176', 'main_loss': '0.00670176', 'time_per_step': '2.22536'}
2026-01-28 22:51:59,723 - train_greyscale_FA_MoE.py - {'step': '401400', 'lr': '0.0002', 'total_loss': '0.00794267', 'main_loss': '0.00794267', 'time_per_step': '2.26054'}
2026-01-28 22:55:47,031 - train_greyscale_FA_MoE.py - {'step': '401500', 'lr': '0.0002', 'total_loss': '0.00767437', 'main_loss': '0.00767437', 'time_per_step': '2.08117'}
2026-01-28 22:59:35,083 - train_greyscale_FA_MoE.py - {'step': '401600', 'lr': '0.0002', 'total_loss': '0.00963494', 'main_loss': '0.00963494', 'time_per_step': '2.09732'}
2026-01-28 23:03:24,853 - train_greyscale_FA_MoE.py - {'step': '401700', 'lr': '0.0002', 'total_loss': '0.00544641', 'main_loss': '0.00544641', 'time_per_step': '2.22917'}
2026-01-28 23:07:13,549 - train_greyscale_FA_MoE.py - {'step': '401800', 'lr': '0.0002', 'total_loss': '0.00635533', 'main_loss': '0.00635533', 'time_per_step': '2.17841'}
2026-01-28 23:11:00,833 - train_greyscale_FA_MoE.py - {'step': '401900', 'lr': '0.0002', 'total_loss': '0.00953212', 'main_loss': '0.00953212', 'time_per_step': '2.27697'}
2026-01-28 23:14:49,375 - train_greyscale_FA_MoE.py - {'step': '402000', 'lr': '0.0002', 'total_loss': '0.00549262', 'main_loss': '0.00549262', 'time_per_step': '2.22235'}
2026-01-28 23:18:36,834 - train_greyscale_FA_MoE.py - {'step': '402100', 'lr': '0.0002', 'total_loss': '0.00686183', 'main_loss': '0.00686183', 'time_per_step': '2.22386'}
2026-01-28 23:22:25,492 - train_greyscale_FA_MoE.py - {'step': '402200', 'lr': '0.0002', 'total_loss': '0.0097623', 'main_loss': '0.0097623', 'time_per_step': '2.2347'}
2026-01-28 23:26:13,043 - train_greyscale_FA_MoE.py - {'step': '402300', 'lr': '0.0002', 'total_loss': '0.0105881', 'main_loss': '0.0105881', 'time_per_step': '2.20349'}
2026-01-28 23:30:01,566 - train_greyscale_FA_MoE.py - {'step': '402400', 'lr': '0.0002', 'total_loss': '0.00438541', 'main_loss': '0.00438541', 'time_per_step': '2.25987'}
2026-01-28 23:33:49,044 - train_greyscale_FA_MoE.py - {'step': '402500', 'lr': '0.0002', 'total_loss': '0.0113719', 'main_loss': '0.0113719', 'time_per_step': '2.20878'}
2026-01-28 23:37:37,350 - train_greyscale_FA_MoE.py - {'step': '402600', 'lr': '0.0002', 'total_loss': '0.0148568', 'main_loss': '0.0148568', 'time_per_step': '2.21944'}
2026-01-28 23:41:25,067 - train_greyscale_FA_MoE.py - {'step': '402700', 'lr': '0.0002', 'total_loss': '0.00634587', 'main_loss': '0.00634587', 'time_per_step': '2.10351'}
2026-01-28 23:45:12,857 - train_greyscale_FA_MoE.py - {'step': '402800', 'lr': '0.0002', 'total_loss': '0.00969817', 'main_loss': '0.00969817', 'time_per_step': '2.11729'}
2026-01-28 23:49:02,080 - train_greyscale_FA_MoE.py - {'step': '402900', 'lr': '0.0002', 'total_loss': '0.0120074', 'main_loss': '0.0120074', 'time_per_step': '2.20188'}
2026-01-28 23:52:49,991 - train_greyscale_FA_MoE.py - {'step': '403000', 'lr': '0.0002', 'total_loss': '0.004783', 'main_loss': '0.004783', 'time_per_step': '2.23761'}
2026-01-28 23:56:37,392 - train_greyscale_FA_MoE.py - {'step': '403100', 'lr': '0.0002', 'total_loss': '0.00565898', 'main_loss': '0.00565898', 'time_per_step': '2.24293'}
2026-01-29 00:00:26,414 - train_greyscale_FA_MoE.py - {'step': '403200', 'lr': '0.0002', 'total_loss': '0.00754836', 'main_loss': '0.00754836', 'time_per_step': '2.20712'}
2026-01-29 00:04:14,835 - train_greyscale_FA_MoE.py - {'step': '403300', 'lr': '0.0002', 'total_loss': '0.00685796', 'main_loss': '0.00685796', 'time_per_step': '2.2265'}
2026-01-29 00:08:03,266 - train_greyscale_FA_MoE.py - {'step': '403400', 'lr': '0.0002', 'total_loss': '0.0067974', 'main_loss': '0.0067974', 'time_per_step': '2.20052'}
2026-01-29 00:11:50,766 - train_greyscale_FA_MoE.py - {'step': '403500', 'lr': '0.0002', 'total_loss': '0.00689032', 'main_loss': '0.00689032', 'time_per_step': '2.21233'}
2026-01-29 00:15:39,054 - train_greyscale_FA_MoE.py - {'step': '403600', 'lr': '0.0002', 'total_loss': '0.00927881', 'main_loss': '0.00927881', 'time_per_step': '2.22176'}
2026-01-29 00:19:27,078 - train_greyscale_FA_MoE.py - {'step': '403700', 'lr': '0.0002', 'total_loss': '0.00582549', 'main_loss': '0.00582549', 'time_per_step': '2.21506'}
2026-01-29 00:23:15,230 - train_greyscale_FA_MoE.py - {'step': '403800', 'lr': '0.0002', 'total_loss': '0.0102065', 'main_loss': '0.0102065', 'time_per_step': '2.20865'}
2026-01-29 00:27:02,506 - train_greyscale_FA_MoE.py - {'step': '403900', 'lr': '0.0002', 'total_loss': '0.00498041', 'main_loss': '0.00498041', 'time_per_step': '2.0988'}
2026-01-29 00:30:49,622 - train_greyscale_FA_MoE.py - {'step': '404000', 'lr': '0.0002', 'total_loss': '0.00769688', 'main_loss': '0.00769688', 'time_per_step': '2.10557'}
2026-01-29 00:34:38,755 - train_greyscale_FA_MoE.py - {'step': '404100', 'lr': '0.0002', 'total_loss': '0.00650383', 'main_loss': '0.00650383', 'time_per_step': '2.22425'}
2026-01-29 00:38:27,045 - train_greyscale_FA_MoE.py - {'step': '404200', 'lr': '0.0002', 'total_loss': '0.0069139', 'main_loss': '0.0069139', 'time_per_step': '2.24059'}
2026-01-29 00:42:14,487 - train_greyscale_FA_MoE.py - {'step': '404300', 'lr': '0.0002', 'total_loss': '0.00635346', 'main_loss': '0.00635346', 'time_per_step': '2.20112'}
2026-01-29 00:46:03,203 - train_greyscale_FA_MoE.py - {'step': '404400', 'lr': '0.0002', 'total_loss': '0.0117996', 'main_loss': '0.0117996', 'time_per_step': '2.18676'}
2026-01-29 00:49:51,207 - train_greyscale_FA_MoE.py - {'step': '404500', 'lr': '0.0002', 'total_loss': '0.00918672', 'main_loss': '0.00918672', 'time_per_step': '2.18534'}
2026-01-29 00:53:40,043 - train_greyscale_FA_MoE.py - {'step': '404600', 'lr': '0.0002', 'total_loss': '0.0100819', 'main_loss': '0.0100819', 'time_per_step': '2.21232'}
2026-01-29 00:57:28,447 - train_greyscale_FA_MoE.py - {'step': '404700', 'lr': '0.0002', 'total_loss': '0.00632101', 'main_loss': '0.00632101', 'time_per_step': '2.36714'}
2026-01-29 01:01:18,288 - train_greyscale_FA_MoE.py - {'step': '404800', 'lr': '0.0002', 'total_loss': '0.00715251', 'main_loss': '0.00715251', 'time_per_step': '2.21368'}
2026-01-29 01:05:07,219 - train_greyscale_FA_MoE.py - {'step': '404900', 'lr': '0.0002', 'total_loss': '0.00745132', 'main_loss': '0.00745132', 'time_per_step': '2.21723'}
2026-01-29 01:08:55,725 - train_greyscale_FA_MoE.py - {'step': '405000', 'lr': '0.0002', 'total_loss': '0.0097573', 'main_loss': '0.0097573', 'time_per_step': '2.21142'}
2026-01-29 01:12:42,978 - train_greyscale_FA_MoE.py - {'step': '405100', 'lr': '0.0002', 'total_loss': '0.00840281', 'main_loss': '0.00840281', 'time_per_step': '2.08765'}
2026-01-29 01:16:29,902 - train_greyscale_FA_MoE.py - {'step': '405200', 'lr': '0.0002', 'total_loss': '0.00715024', 'main_loss': '0.00715024', 'time_per_step': '2.16331'}
2026-01-29 01:20:19,052 - train_greyscale_FA_MoE.py - {'step': '405300', 'lr': '0.0002', 'total_loss': '0.00684744', 'main_loss': '0.00684744', 'time_per_step': '2.25091'}
2026-01-29 01:24:07,728 - train_greyscale_FA_MoE.py - {'step': '405400', 'lr': '0.0002', 'total_loss': '0.0088815', 'main_loss': '0.0088815', 'time_per_step': '2.19746'}
2026-01-29 01:27:55,005 - train_greyscale_FA_MoE.py - {'step': '405500', 'lr': '0.0002', 'total_loss': '0.00812445', 'main_loss': '0.00812445', 'time_per_step': '2.23299'}
2026-01-29 01:31:42,923 - train_greyscale_FA_MoE.py - {'step': '405600', 'lr': '0.0002', 'total_loss': '0.0070858', 'main_loss': '0.0070858', 'time_per_step': '2.23517'}
2026-01-29 01:35:30,985 - train_greyscale_FA_MoE.py - {'step': '405700', 'lr': '0.0002', 'total_loss': '0.00814178', 'main_loss': '0.00814178', 'time_per_step': '2.25915'}
2026-01-29 01:39:20,385 - train_greyscale_FA_MoE.py - {'step': '405800', 'lr': '0.0002', 'total_loss': '0.0068791', 'main_loss': '0.0068791', 'time_per_step': '2.22039'}
2026-01-29 01:43:06,854 - train_greyscale_FA_MoE.py - {'step': '405900', 'lr': '0.0002', 'total_loss': '0.00947503', 'main_loss': '0.00947503', 'time_per_step': '2.22177'}
2026-01-29 01:46:54,426 - train_greyscale_FA_MoE.py - {'step': '406000', 'lr': '0.0002', 'total_loss': '0.00951425', 'main_loss': '0.00951425', 'time_per_step': '2.21706'}
2026-01-29 01:50:42,006 - train_greyscale_FA_MoE.py - {'step': '406100', 'lr': '0.0002', 'total_loss': '0.00606498', 'main_loss': '0.00606498', 'time_per_step': '2.16902'}
2026-01-29 01:54:31,710 - train_greyscale_FA_MoE.py - {'step': '406200', 'lr': '0.0002', 'total_loss': '0.00861822', 'main_loss': '0.00861822', 'time_per_step': '2.26767'}
2026-01-29 01:58:24,252 - train_greyscale_FA_MoE.py - {'step': '406300', 'lr': '0.0002', 'total_loss': '0.00618465', 'main_loss': '0.00618465', 'time_per_step': '2.10393'}
2026-01-29 02:02:18,647 - train_greyscale_FA_MoE.py - {'step': '406400', 'lr': '0.0002', 'total_loss': '0.00474507', 'main_loss': '0.00474507', 'time_per_step': '2.09804'}
2026-01-29 02:06:13,530 - train_greyscale_FA_MoE.py - {'step': '406500', 'lr': '0.0002', 'total_loss': '0.0106117', 'main_loss': '0.0106117', 'time_per_step': '2.21448'}
2026-01-29 02:10:07,026 - train_greyscale_FA_MoE.py - {'step': '406600', 'lr': '0.0002', 'total_loss': '0.00600651', 'main_loss': '0.00600651', 'time_per_step': '2.22613'}
2026-01-29 02:14:01,742 - train_greyscale_FA_MoE.py - {'step': '406700', 'lr': '0.0002', 'total_loss': '0.00906122', 'main_loss': '0.00906122', 'time_per_step': '2.28904'}
2026-01-29 02:17:56,448 - train_greyscale_FA_MoE.py - {'step': '406800', 'lr': '0.0002', 'total_loss': '0.00852987', 'main_loss': '0.00852987', 'time_per_step': '2.21314'}
2026-01-29 02:21:50,380 - train_greyscale_FA_MoE.py - {'step': '406900', 'lr': '0.0002', 'total_loss': '0.00542417', 'main_loss': '0.00542417', 'time_per_step': '2.27941'}
2026-01-29 02:25:43,983 - train_greyscale_FA_MoE.py - {'step': '407000', 'lr': '0.0002', 'total_loss': '0.00848133', 'main_loss': '0.00848133', 'time_per_step': '2.43836'}
2026-01-29 02:29:36,178 - train_greyscale_FA_MoE.py - {'step': '407100', 'lr': '0.0002', 'total_loss': '0.00670698', 'main_loss': '0.00670698', 'time_per_step': '2.21331'}
2026-01-29 02:33:29,890 - train_greyscale_FA_MoE.py - {'step': '407200', 'lr': '0.0002', 'total_loss': '0.00859337', 'main_loss': '0.00859337', 'time_per_step': '2.29407'}
2026-01-29 02:37:23,238 - train_greyscale_FA_MoE.py - {'step': '407300', 'lr': '0.0002', 'total_loss': '0.00619973', 'main_loss': '0.00619973', 'time_per_step': '2.23417'}
2026-01-29 02:41:19,428 - train_greyscale_FA_MoE.py - {'step': '407400', 'lr': '0.0002', 'total_loss': '0.00661516', 'main_loss': '0.00661516', 'time_per_step': '2.21007'}
2026-01-29 02:45:13,393 - train_greyscale_FA_MoE.py - {'step': '407500', 'lr': '0.0002', 'total_loss': '0.0100558', 'main_loss': '0.0100558', 'time_per_step': '2.10066'}
2026-01-29 02:49:07,118 - train_greyscale_FA_MoE.py - {'step': '407600', 'lr': '0.0002', 'total_loss': '0.00677627', 'main_loss': '0.00677627', 'time_per_step': '2.10334'}
2026-01-29 02:53:01,411 - train_greyscale_FA_MoE.py - {'step': '407700', 'lr': '0.0002', 'total_loss': '0.00867561', 'main_loss': '0.00867561', 'time_per_step': '2.27972'}
2026-01-29 02:56:56,513 - train_greyscale_FA_MoE.py - {'step': '407800', 'lr': '0.0002', 'total_loss': '0.0050869', 'main_loss': '0.0050869', 'time_per_step': '2.55907'}
2026-01-29 03:00:50,521 - train_greyscale_FA_MoE.py - {'step': '407900', 'lr': '0.0002', 'total_loss': '0.00992653', 'main_loss': '0.00992653', 'time_per_step': '2.21812'}
2026-01-29 03:04:44,095 - train_greyscale_FA_MoE.py - {'step': '408000', 'lr': '0.0002', 'total_loss': '0.00504867', 'main_loss': '0.00504867', 'time_per_step': '2.18265'}
2026-01-29 03:08:32,905 - train_greyscale_FA_MoE.py - {'step': '408100', 'lr': '0.0002', 'total_loss': '0.00848175', 'main_loss': '0.00848175', 'time_per_step': '2.16104'}
2026-01-29 03:12:21,079 - train_greyscale_FA_MoE.py - {'step': '408200', 'lr': '0.0002', 'total_loss': '0.00741763', 'main_loss': '0.00741763', 'time_per_step': '2.20197'}
2026-01-29 03:16:09,515 - train_greyscale_FA_MoE.py - {'step': '408300', 'lr': '0.0002', 'total_loss': '0.007236', 'main_loss': '0.007236', 'time_per_step': '2.20308'}
2026-01-29 03:19:56,590 - train_greyscale_FA_MoE.py - {'step': '408400', 'lr': '0.0002', 'total_loss': '0.00778688', 'main_loss': '0.00778688', 'time_per_step': '2.21554'}
2026-01-29 03:23:45,024 - train_greyscale_FA_MoE.py - {'step': '408500', 'lr': '0.0002', 'total_loss': '0.00860816', 'main_loss': '0.00860816', 'time_per_step': '2.21125'}
2026-01-29 03:27:33,256 - train_greyscale_FA_MoE.py - {'step': '408600', 'lr': '0.0002', 'total_loss': '0.0083562', 'main_loss': '0.0083562', 'time_per_step': '2.20666'}
2026-01-29 03:31:21,049 - train_greyscale_FA_MoE.py - {'step': '408700', 'lr': '0.0002', 'total_loss': '0.0101196', 'main_loss': '0.0101196', 'time_per_step': '2.09701'}
2026-01-29 03:35:07,692 - train_greyscale_FA_MoE.py - {'step': '408800', 'lr': '0.0002', 'total_loss': '0.00709994', 'main_loss': '0.00709994', 'time_per_step': '2.10264'}
2026-01-29 03:38:56,356 - train_greyscale_FA_MoE.py - {'step': '408900', 'lr': '0.0002', 'total_loss': '0.00741409', 'main_loss': '0.00741409', 'time_per_step': '2.22043'}
2026-01-29 03:42:44,805 - train_greyscale_FA_MoE.py - {'step': '409000', 'lr': '0.0002', 'total_loss': '0.00680269', 'main_loss': '0.00680269', 'time_per_step': '2.18479'}
2026-01-29 03:46:32,421 - train_greyscale_FA_MoE.py - {'step': '409100', 'lr': '0.0002', 'total_loss': '0.00853742', 'main_loss': '0.00853742', 'time_per_step': '2.22409'}
2026-01-29 03:50:19,491 - train_greyscale_FA_MoE.py - {'step': '409200', 'lr': '0.0002', 'total_loss': '0.00702944', 'main_loss': '0.00702944', 'time_per_step': '2.23961'}
2026-01-29 03:54:07,762 - train_greyscale_FA_MoE.py - {'step': '409300', 'lr': '0.0002', 'total_loss': '0.00843608', 'main_loss': '0.00843608', 'time_per_step': '2.2455'}
2026-01-29 03:57:55,690 - train_greyscale_FA_MoE.py - {'step': '409400', 'lr': '0.0002', 'total_loss': '0.00889387', 'main_loss': '0.00889387', 'time_per_step': '2.20459'}
2026-01-29 04:01:44,482 - train_greyscale_FA_MoE.py - {'step': '409500', 'lr': '0.0002', 'total_loss': '0.00717042', 'main_loss': '0.00717042', 'time_per_step': '2.22119'}
2026-01-29 04:05:30,864 - train_greyscale_FA_MoE.py - {'step': '409600', 'lr': '0.0002', 'total_loss': '0.0085607', 'main_loss': '0.0085607', 'time_per_step': '2.31228'}
2026-01-29 04:09:18,112 - train_greyscale_FA_MoE.py - {'step': '409700', 'lr': '0.0002', 'total_loss': '0.00458239', 'main_loss': '0.00458239', 'time_per_step': '2.22142'}
2026-01-29 04:13:05,950 - train_greyscale_FA_MoE.py - {'step': '409800', 'lr': '0.0002', 'total_loss': '0.0111411', 'main_loss': '0.0111411', 'time_per_step': '2.20842'}
2026-01-29 04:16:53,874 - train_greyscale_FA_MoE.py - {'step': '409900', 'lr': '0.0002', 'total_loss': '0.0077377', 'main_loss': '0.0077377', 'time_per_step': '2.10214'}
2026-01-29 04:20:40,229 - train_greyscale_FA_MoE.py - {'step': '410000', 'lr': '0.0002', 'total_loss': '0.00781139', 'main_loss': '0.00781139', 'time_per_step': '2.1002'}
2026-01-29 04:24:28,650 - train_greyscale_FA_MoE.py - {'step': '410100', 'lr': '0.0002', 'total_loss': '0.00996815', 'main_loss': '0.00996815', 'time_per_step': '2.22514'}
2026-01-29 04:28:16,401 - train_greyscale_FA_MoE.py - {'step': '410200', 'lr': '0.0002', 'total_loss': '0.00689013', 'main_loss': '0.00689013', 'time_per_step': '2.19546'}
2026-01-29 04:32:03,891 - train_greyscale_FA_MoE.py - {'step': '410300', 'lr': '0.0002', 'total_loss': '0.0066219', 'main_loss': '0.0066219', 'time_per_step': '2.16024'}
2026-01-29 04:35:50,385 - train_greyscale_FA_MoE.py - {'step': '410400', 'lr': '0.0002', 'total_loss': '0.00895803', 'main_loss': '0.00895803', 'time_per_step': '2.17506'}
2026-01-29 04:39:37,538 - train_greyscale_FA_MoE.py - {'step': '410500', 'lr': '0.0002', 'total_loss': '0.00894477', 'main_loss': '0.00894477', 'time_per_step': '2.21527'}
2026-01-29 04:43:25,091 - train_greyscale_FA_MoE.py - {'step': '410600', 'lr': '0.0002', 'total_loss': '0.00770032', 'main_loss': '0.00770032', 'time_per_step': '2.21071'}
2026-01-29 04:47:12,810 - train_greyscale_FA_MoE.py - {'step': '410700', 'lr': '0.0002', 'total_loss': '0.00914719', 'main_loss': '0.00914719', 'time_per_step': '2.2523'}
2026-01-29 04:50:59,956 - train_greyscale_FA_MoE.py - {'step': '410800', 'lr': '0.0002', 'total_loss': '0.00636517', 'main_loss': '0.00636517', 'time_per_step': '2.29512'}
2026-01-29 04:54:47,970 - train_greyscale_FA_MoE.py - {'step': '410900', 'lr': '0.0002', 'total_loss': '0.00434474', 'main_loss': '0.00434474', 'time_per_step': '2.202'}
2026-01-29 04:58:35,365 - train_greyscale_FA_MoE.py - {'step': '411000', 'lr': '0.0002', 'total_loss': '0.00712383', 'main_loss': '0.00712383', 'time_per_step': '2.21884'}
2026-01-29 05:02:24,075 - train_greyscale_FA_MoE.py - {'step': '411100', 'lr': '0.0002', 'total_loss': '0.0101484', 'main_loss': '0.0101484', 'time_per_step': '2.09479'}
2026-01-29 05:06:10,705 - train_greyscale_FA_MoE.py - {'step': '411200', 'lr': '0.0002', 'total_loss': '0.00807981', 'main_loss': '0.00807981', 'time_per_step': '2.08345'}
2026-01-29 05:09:59,363 - train_greyscale_FA_MoE.py - {'step': '411300', 'lr': '0.0002', 'total_loss': '0.00863485', 'main_loss': '0.00863485', 'time_per_step': '2.1945'}
2026-01-29 05:13:48,076 - train_greyscale_FA_MoE.py - {'step': '411400', 'lr': '0.0002', 'total_loss': '0.00607685', 'main_loss': '0.00607685', 'time_per_step': '2.20777'}
2026-01-29 05:17:36,455 - train_greyscale_FA_MoE.py - {'step': '411500', 'lr': '0.0002', 'total_loss': '0.00550809', 'main_loss': '0.00550809', 'time_per_step': '2.21514'}
2026-01-29 05:21:23,309 - train_greyscale_FA_MoE.py - {'step': '411600', 'lr': '0.0002', 'total_loss': '0.00607437', 'main_loss': '0.00607437', 'time_per_step': '2.16309'}
2026-01-29 05:25:11,478 - train_greyscale_FA_MoE.py - {'step': '411700', 'lr': '0.0002', 'total_loss': '0.00416856', 'main_loss': '0.00416856', 'time_per_step': '2.2227'}
2026-01-29 05:28:59,304 - train_greyscale_FA_MoE.py - {'step': '411800', 'lr': '0.0002', 'total_loss': '0.0101738', 'main_loss': '0.0101738', 'time_per_step': '2.22595'}
2026-01-29 05:32:46,776 - train_greyscale_FA_MoE.py - {'step': '411900', 'lr': '0.0002', 'total_loss': '0.00531589', 'main_loss': '0.00531589', 'time_per_step': '2.17315'}
2026-01-29 05:36:33,330 - train_greyscale_FA_MoE.py - {'step': '412000', 'lr': '0.0002', 'total_loss': '0.00997558', 'main_loss': '0.00997558', 'time_per_step': '2.14771'}
2026-01-29 05:40:22,069 - train_greyscale_FA_MoE.py - {'step': '412100', 'lr': '0.0002', 'total_loss': '0.00835581', 'main_loss': '0.00835581', 'time_per_step': '2.20208'}
2026-01-29 05:44:09,878 - train_greyscale_FA_MoE.py - {'step': '412200', 'lr': '0.0002', 'total_loss': '0.00840768', 'main_loss': '0.00840768', 'time_per_step': '2.22505'}
2026-01-29 05:47:57,970 - train_greyscale_FA_MoE.py - {'step': '412300', 'lr': '0.0002', 'total_loss': '0.00551892', 'main_loss': '0.00551892', 'time_per_step': '2.09831'}
2026-01-29 05:51:44,748 - train_greyscale_FA_MoE.py - {'step': '412400', 'lr': '0.0002', 'total_loss': '0.0104618', 'main_loss': '0.0104618', 'time_per_step': '2.09283'}
2026-01-29 05:55:32,944 - train_greyscale_FA_MoE.py - {'step': '412500', 'lr': '0.0002', 'total_loss': '0.00912433', 'main_loss': '0.00912433', 'time_per_step': '2.22998'}
2026-01-29 05:59:21,448 - train_greyscale_FA_MoE.py - {'step': '412600', 'lr': '0.0002', 'total_loss': '0.00436378', 'main_loss': '0.00436378', 'time_per_step': '2.21486'}
2026-01-29 06:03:11,920 - train_greyscale_FA_MoE.py - {'step': '412700', 'lr': '0.0002', 'total_loss': '0.00711902', 'main_loss': '0.00711902', 'time_per_step': '2.22863'}
2026-01-29 06:06:58,538 - train_greyscale_FA_MoE.py - {'step': '412800', 'lr': '0.0002', 'total_loss': '0.00727594', 'main_loss': '0.00727594', 'time_per_step': '2.24839'}
2026-01-29 06:10:46,646 - train_greyscale_FA_MoE.py - {'step': '412900', 'lr': '0.0002', 'total_loss': '0.00592519', 'main_loss': '0.00592519', 'time_per_step': '2.19431'}
2026-01-29 06:14:34,380 - train_greyscale_FA_MoE.py - {'step': '413000', 'lr': '0.0002', 'total_loss': '0.00697916', 'main_loss': '0.00697916', 'time_per_step': '2.23893'}
2026-01-29 06:18:23,689 - train_greyscale_FA_MoE.py - {'step': '413100', 'lr': '0.0002', 'total_loss': '0.00821914', 'main_loss': '0.00821914', 'time_per_step': '2.15593'}
2026-01-29 06:22:10,678 - train_greyscale_FA_MoE.py - {'step': '413200', 'lr': '0.0002', 'total_loss': '0.0082448', 'main_loss': '0.0082448', 'time_per_step': '2.19175'}
2026-01-29 06:25:58,412 - train_greyscale_FA_MoE.py - {'step': '413300', 'lr': '0.0002', 'total_loss': '0.0109487', 'main_loss': '0.0109487', 'time_per_step': '2.19061'}
2026-01-29 06:29:46,561 - train_greyscale_FA_MoE.py - {'step': '413400', 'lr': '0.0002', 'total_loss': '0.00559421', 'main_loss': '0.00559421', 'time_per_step': '2.24255'}
2026-01-29 06:33:34,528 - train_greyscale_FA_MoE.py - {'step': '413500', 'lr': '0.0002', 'total_loss': '0.00566639', 'main_loss': '0.00566639', 'time_per_step': '2.097'}
2026-01-29 06:37:22,302 - train_greyscale_FA_MoE.py - {'step': '413600', 'lr': '0.0002', 'total_loss': '0.0113281', 'main_loss': '0.0113281', 'time_per_step': '2.10137'}
2026-01-29 06:41:11,021 - train_greyscale_FA_MoE.py - {'step': '413700', 'lr': '0.0002', 'total_loss': '0.00905504', 'main_loss': '0.00905504', 'time_per_step': '2.21094'}
2026-01-29 06:44:59,052 - train_greyscale_FA_MoE.py - {'step': '413800', 'lr': '0.0002', 'total_loss': '0.0112799', 'main_loss': '0.0112799', 'time_per_step': '2.2013'}
2026-01-29 06:48:46,573 - train_greyscale_FA_MoE.py - {'step': '413900', 'lr': '0.0002', 'total_loss': '0.00807443', 'main_loss': '0.00807443', 'time_per_step': '2.22992'}
2026-01-29 06:52:33,319 - train_greyscale_FA_MoE.py - {'step': '414000', 'lr': '0.0002', 'total_loss': '0.00795714', 'main_loss': '0.00795714', 'time_per_step': '2.23332'}
2026-01-29 06:56:21,641 - train_greyscale_FA_MoE.py - {'step': '414100', 'lr': '0.0002', 'total_loss': '0.00577815', 'main_loss': '0.00577815', 'time_per_step': '2.20716'}
2026-01-29 07:00:10,395 - train_greyscale_FA_MoE.py - {'step': '414200', 'lr': '0.0002', 'total_loss': '0.00718931', 'main_loss': '0.00718931', 'time_per_step': '2.23921'}
2026-01-29 07:03:58,366 - train_greyscale_FA_MoE.py - {'step': '414300', 'lr': '0.0002', 'total_loss': '0.00818396', 'main_loss': '0.00818396', 'time_per_step': '2.1603'}
2026-01-29 07:07:45,387 - train_greyscale_FA_MoE.py - {'step': '414400', 'lr': '0.0002', 'total_loss': '0.00983613', 'main_loss': '0.00983613', 'time_per_step': '2.19975'}
2026-01-29 07:11:33,614 - train_greyscale_FA_MoE.py - {'step': '414500', 'lr': '0.0002', 'total_loss': '0.00791714', 'main_loss': '0.00791714', 'time_per_step': '2.20458'}
2026-01-29 07:15:20,818 - train_greyscale_FA_MoE.py - {'step': '414600', 'lr': '0.0002', 'total_loss': '0.00692917', 'main_loss': '0.00692917', 'time_per_step': '2.20581'}
2026-01-29 07:19:08,796 - train_greyscale_FA_MoE.py - {'step': '414700', 'lr': '0.0002', 'total_loss': '0.00899425', 'main_loss': '0.00899425', 'time_per_step': '2.09386'}
2026-01-29 07:22:55,375 - train_greyscale_FA_MoE.py - {'step': '414800', 'lr': '0.0002', 'total_loss': '0.00673522', 'main_loss': '0.00673522', 'time_per_step': '2.08853'}
2026-01-29 07:26:44,628 - train_greyscale_FA_MoE.py - {'step': '414900', 'lr': '0.0002', 'total_loss': '0.010516', 'main_loss': '0.010516', 'time_per_step': '2.24309'}
2026-01-29 07:30:32,144 - train_greyscale_FA_MoE.py - {'step': '415000', 'lr': '0.0002', 'total_loss': '0.0102389', 'main_loss': '0.0102389', 'time_per_step': '2.22051'}
2026-01-29 07:34:19,873 - train_greyscale_FA_MoE.py - {'step': '415100', 'lr': '0.0002', 'total_loss': '0.00816636', 'main_loss': '0.00816636', 'time_per_step': '2.26617'}
2026-01-29 07:38:06,826 - train_greyscale_FA_MoE.py - {'step': '415200', 'lr': '0.0002', 'total_loss': '0.00965898', 'main_loss': '0.00965898', 'time_per_step': '2.23497'}
2026-01-29 07:41:55,385 - train_greyscale_FA_MoE.py - {'step': '415300', 'lr': '0.0002', 'total_loss': '0.00764589', 'main_loss': '0.00764589', 'time_per_step': '2.2522'}
2026-01-29 07:45:42,654 - train_greyscale_FA_MoE.py - {'step': '415400', 'lr': '0.0002', 'total_loss': '0.00638265', 'main_loss': '0.00638265', 'time_per_step': '2.23977'}
2026-01-29 07:49:30,660 - train_greyscale_FA_MoE.py - {'step': '415500', 'lr': '0.0002', 'total_loss': '0.00867801', 'main_loss': '0.00867801', 'time_per_step': '2.25642'}
2026-01-29 07:53:18,079 - train_greyscale_FA_MoE.py - {'step': '415600', 'lr': '0.0002', 'total_loss': '0.00606791', 'main_loss': '0.00606791', 'time_per_step': '2.17719'}
2026-01-29 07:57:05,818 - train_greyscale_FA_MoE.py - {'step': '415700', 'lr': '0.0002', 'total_loss': '0.0067027', 'main_loss': '0.0067027', 'time_per_step': '2.19968'}
2026-01-29 08:00:54,825 - train_greyscale_FA_MoE.py - {'step': '415800', 'lr': '0.0002', 'total_loss': '0.00872989', 'main_loss': '0.00872989', 'time_per_step': '2.1972'}
2026-01-29 08:04:43,461 - train_greyscale_FA_MoE.py - {'step': '415900', 'lr': '0.0002', 'total_loss': '0.00775886', 'main_loss': '0.00775886', 'time_per_step': '2.09852'}
2026-01-29 08:08:29,560 - train_greyscale_FA_MoE.py - {'step': '416000', 'lr': '0.0002', 'total_loss': '0.00689969', 'main_loss': '0.00689969', 'time_per_step': '2.09579'}
2026-01-29 08:12:17,745 - train_greyscale_FA_MoE.py - {'step': '416100', 'lr': '0.0002', 'total_loss': '0.0051747', 'main_loss': '0.0051747', 'time_per_step': '2.22871'}
2026-01-29 08:16:05,580 - train_greyscale_FA_MoE.py - {'step': '416200', 'lr': '0.0002', 'total_loss': '0.00614373', 'main_loss': '0.00614373', 'time_per_step': '2.24236'}
2026-01-29 08:19:53,660 - train_greyscale_FA_MoE.py - {'step': '416300', 'lr': '0.0002', 'total_loss': '0.00988296', 'main_loss': '0.00988296', 'time_per_step': '2.23758'}
2026-01-29 08:23:40,534 - train_greyscale_FA_MoE.py - {'step': '416400', 'lr': '0.0002', 'total_loss': '0.0074805', 'main_loss': '0.0074805', 'time_per_step': '2.22372'}
2026-01-29 08:27:28,666 - train_greyscale_FA_MoE.py - {'step': '416500', 'lr': '0.0002', 'total_loss': '0.00751069', 'main_loss': '0.00751069', 'time_per_step': '2.19588'}
2026-01-29 08:31:16,202 - train_greyscale_FA_MoE.py - {'step': '416600', 'lr': '0.0002', 'total_loss': '0.00544877', 'main_loss': '0.00544877', 'time_per_step': '2.1972'}
2026-01-29 08:35:04,156 - train_greyscale_FA_MoE.py - {'step': '416700', 'lr': '0.0002', 'total_loss': '0.0101447', 'main_loss': '0.0101447', 'time_per_step': '2.23367'}
2026-01-29 08:38:51,256 - train_greyscale_FA_MoE.py - {'step': '416800', 'lr': '0.0002', 'total_loss': '0.00656674', 'main_loss': '0.00656674', 'time_per_step': '2.2181'}
2026-01-29 08:42:39,762 - train_greyscale_FA_MoE.py - {'step': '416900', 'lr': '0.0002', 'total_loss': '0.00584908', 'main_loss': '0.00584908', 'time_per_step': '2.42762'}
2026-01-29 08:46:28,121 - train_greyscale_FA_MoE.py - {'step': '417000', 'lr': '0.0002', 'total_loss': '0.0078358', 'main_loss': '0.0078358', 'time_per_step': '2.21565'}
2026-01-29 08:50:18,384 - train_greyscale_FA_MoE.py - {'step': '417100', 'lr': '0.0002', 'total_loss': '0.00836126', 'main_loss': '0.00836126', 'time_per_step': '2.10346'}
2026-01-29 08:54:04,953 - train_greyscale_FA_MoE.py - {'step': '417200', 'lr': '0.0002', 'total_loss': '0.0067197', 'main_loss': '0.0067197', 'time_per_step': '2.09274'}
2026-01-29 08:57:53,909 - train_greyscale_FA_MoE.py - {'step': '417300', 'lr': '0.0002', 'total_loss': '0.00692842', 'main_loss': '0.00692842', 'time_per_step': '2.21134'}
2026-01-29 09:01:42,647 - train_greyscale_FA_MoE.py - {'step': '417400', 'lr': '0.0002', 'total_loss': '0.00890556', 'main_loss': '0.00890556', 'time_per_step': '2.22099'}
2026-01-29 09:05:30,807 - train_greyscale_FA_MoE.py - {'step': '417500', 'lr': '0.0002', 'total_loss': '0.00584948', 'main_loss': '0.00584948', 'time_per_step': '2.26526'}
2026-01-29 09:09:17,757 - train_greyscale_FA_MoE.py - {'step': '417600', 'lr': '0.0002', 'total_loss': '0.006249', 'main_loss': '0.006249', 'time_per_step': '2.21495'}
2026-01-29 09:13:05,681 - train_greyscale_FA_MoE.py - {'step': '417700', 'lr': '0.0002', 'total_loss': '0.00808094', 'main_loss': '0.00808094', 'time_per_step': '2.21893'}
2026-01-29 09:16:54,041 - train_greyscale_FA_MoE.py - {'step': '417800', 'lr': '0.0002', 'total_loss': '0.00645947', 'main_loss': '0.00645947', 'time_per_step': '2.20658'}
2026-01-29 09:20:41,343 - train_greyscale_FA_MoE.py - {'step': '417900', 'lr': '0.0002', 'total_loss': '0.00876507', 'main_loss': '0.00876507', 'time_per_step': '2.23557'}
2026-01-29 09:24:29,404 - train_greyscale_FA_MoE.py - {'step': '418000', 'lr': '0.0002', 'total_loss': '0.00599786', 'main_loss': '0.00599786', 'time_per_step': '2.2238'}
2026-01-29 09:28:17,547 - train_greyscale_FA_MoE.py - {'step': '418100', 'lr': '0.0002', 'total_loss': '0.00687252', 'main_loss': '0.00687252', 'time_per_step': '2.20929'}
2026-01-29 09:32:06,536 - train_greyscale_FA_MoE.py - {'step': '418200', 'lr': '0.0002', 'total_loss': '0.00967966', 'main_loss': '0.00967966', 'time_per_step': '2.23536'}
2026-01-29 09:35:55,135 - train_greyscale_FA_MoE.py - {'step': '418300', 'lr': '0.0002', 'total_loss': '0.00685847', 'main_loss': '0.00685847', 'time_per_step': '2.10016'}
2026-01-29 09:39:41,849 - train_greyscale_FA_MoE.py - {'step': '418400', 'lr': '0.0002', 'total_loss': '0.011037', 'main_loss': '0.011037', 'time_per_step': '2.09553'}
2026-01-29 09:43:30,377 - train_greyscale_FA_MoE.py - {'step': '418500', 'lr': '0.0002', 'total_loss': '0.00730545', 'main_loss': '0.00730545', 'time_per_step': '2.27676'}
2026-01-29 09:47:18,548 - train_greyscale_FA_MoE.py - {'step': '418600', 'lr': '0.0002', 'total_loss': '0.0101964', 'main_loss': '0.0101964', 'time_per_step': '2.20809'}
2026-01-29 09:51:06,622 - train_greyscale_FA_MoE.py - {'step': '418700', 'lr': '0.0002', 'total_loss': '0.0112591', 'main_loss': '0.0112591', 'time_per_step': '2.20201'}
2026-01-29 09:54:53,436 - train_greyscale_FA_MoE.py - {'step': '418800', 'lr': '0.0002', 'total_loss': '0.00783315', 'main_loss': '0.00783315', 'time_per_step': '2.25025'}
2026-01-29 09:58:41,691 - train_greyscale_FA_MoE.py - {'step': '418900', 'lr': '0.0002', 'total_loss': '0.00709278', 'main_loss': '0.00709278', 'time_per_step': '2.19722'}
2026-01-29 10:02:30,570 - train_greyscale_FA_MoE.py - {'step': '419000', 'lr': '0.0002', 'total_loss': '0.00884961', 'main_loss': '0.00884961', 'time_per_step': '2.24434'}
2026-01-29 10:06:18,948 - train_greyscale_FA_MoE.py - {'step': '419100', 'lr': '0.0002', 'total_loss': '0.00662987', 'main_loss': '0.00662987', 'time_per_step': '2.2159'}
2026-01-29 10:10:06,439 - train_greyscale_FA_MoE.py - {'step': '419200', 'lr': '0.0002', 'total_loss': '0.00643014', 'main_loss': '0.00643014', 'time_per_step': '2.17897'}
2026-01-29 10:13:53,678 - train_greyscale_FA_MoE.py - {'step': '419300', 'lr': '0.0002', 'total_loss': '0.00941302', 'main_loss': '0.00941302', 'time_per_step': '2.18647'}
2026-01-29 10:17:41,834 - train_greyscale_FA_MoE.py - {'step': '419400', 'lr': '0.0002', 'total_loss': '0.00705206', 'main_loss': '0.00705206', 'time_per_step': '2.21857'}
2026-01-29 10:21:29,443 - train_greyscale_FA_MoE.py - {'step': '419500', 'lr': '0.0002', 'total_loss': '0.00586958', 'main_loss': '0.00586958', 'time_per_step': '2.08928'}
2026-01-29 10:25:15,856 - train_greyscale_FA_MoE.py - {'step': '419600', 'lr': '0.0002', 'total_loss': '0.00729089', 'main_loss': '0.00729089', 'time_per_step': '2.09352'}
2026-01-29 10:29:05,013 - train_greyscale_FA_MoE.py - {'step': '419700', 'lr': '0.0002', 'total_loss': '0.00758482', 'main_loss': '0.00758482', 'time_per_step': '2.21321'}
2026-01-29 10:32:52,360 - train_greyscale_FA_MoE.py - {'step': '419800', 'lr': '0.0002', 'total_loss': '0.00547269', 'main_loss': '0.00547269', 'time_per_step': '2.21632'}
2026-01-29 10:36:40,352 - train_greyscale_FA_MoE.py - {'step': '419900', 'lr': '0.0002', 'total_loss': '0.0106358', 'main_loss': '0.0106358', 'time_per_step': '2.23232'}
2026-01-29 10:40:27,023 - train_greyscale_FA_MoE.py - {'step': '420000', 'lr': '0.0002', 'total_loss': '0.00997235', 'main_loss': '0.00997235', 'time_per_step': '2.2049'}
2026-01-29 10:44:15,161 - train_greyscale_FA_MoE.py - {'step': '420100', 'lr': '0.0002', 'total_loss': '0.00635523', 'main_loss': '0.00635523', 'time_per_step': '2.23104'}
2026-01-29 10:48:03,874 - train_greyscale_FA_MoE.py - {'step': '420200', 'lr': '0.0002', 'total_loss': '0.0108223', 'main_loss': '0.0108223', 'time_per_step': '2.18851'}
2026-01-29 10:51:51,248 - train_greyscale_FA_MoE.py - {'step': '420300', 'lr': '0.0002', 'total_loss': '0.00766371', 'main_loss': '0.00766371', 'time_per_step': '2.23413'}
2026-01-29 10:55:37,764 - train_greyscale_FA_MoE.py - {'step': '420400', 'lr': '0.0002', 'total_loss': '0.0094006', 'main_loss': '0.0094006', 'time_per_step': '2.20902'}
2026-01-29 10:59:24,940 - train_greyscale_FA_MoE.py - {'step': '420500', 'lr': '0.0002', 'total_loss': '0.0119908', 'main_loss': '0.0119908', 'time_per_step': '2.21526'}
2026-01-29 11:03:15,051 - train_greyscale_FA_MoE.py - {'step': '420600', 'lr': '0.0002', 'total_loss': '0.0103702', 'main_loss': '0.0103702', 'time_per_step': '2.23028'}
2026-01-29 11:07:02,986 - train_greyscale_FA_MoE.py - {'step': '420700', 'lr': '0.0002', 'total_loss': '0.00958061', 'main_loss': '0.00958061', 'time_per_step': '2.0941'}
2026-01-29 11:10:49,620 - train_greyscale_FA_MoE.py - {'step': '420800', 'lr': '0.0002', 'total_loss': '0.00947268', 'main_loss': '0.00947268', 'time_per_step': '2.10031'}
2026-01-29 11:14:37,833 - train_greyscale_FA_MoE.py - {'step': '420900', 'lr': '0.0002', 'total_loss': '0.00706062', 'main_loss': '0.00706062', 'time_per_step': '2.24103'}
2026-01-29 11:18:24,735 - train_greyscale_FA_MoE.py - {'step': '421000', 'lr': '0.0002', 'total_loss': '0.00853722', 'main_loss': '0.00853722', 'time_per_step': '2.22835'}
2026-01-29 11:22:12,935 - train_greyscale_FA_MoE.py - {'step': '421100', 'lr': '0.0002', 'total_loss': '0.00815769', 'main_loss': '0.00815769', 'time_per_step': '2.24441'}
2026-01-29 11:26:00,003 - train_greyscale_FA_MoE.py - {'step': '421200', 'lr': '0.0002', 'total_loss': '0.00868966', 'main_loss': '0.00868966', 'time_per_step': '2.28554'}
2026-01-29 11:29:47,883 - train_greyscale_FA_MoE.py - {'step': '421300', 'lr': '0.0002', 'total_loss': '0.00801148', 'main_loss': '0.00801148', 'time_per_step': '2.16938'}
2026-01-29 11:33:36,071 - train_greyscale_FA_MoE.py - {'step': '421400', 'lr': '0.0002', 'total_loss': '0.0078558', 'main_loss': '0.0078558', 'time_per_step': '2.2102'}
2026-01-29 11:37:23,552 - train_greyscale_FA_MoE.py - {'step': '421500', 'lr': '0.0002', 'total_loss': '0.00771998', 'main_loss': '0.00771998', 'time_per_step': '2.20556'}
2026-01-29 11:41:10,479 - train_greyscale_FA_MoE.py - {'step': '421600', 'lr': '0.0002', 'total_loss': '0.00804582', 'main_loss': '0.00804582', 'time_per_step': '2.20752'}
2026-01-29 11:44:58,078 - train_greyscale_FA_MoE.py - {'step': '421700', 'lr': '0.0002', 'total_loss': '0.00758002', 'main_loss': '0.00758002', 'time_per_step': '2.18072'}
2026-01-29 11:48:46,415 - train_greyscale_FA_MoE.py - {'step': '421800', 'lr': '0.0002', 'total_loss': '0.00660322', 'main_loss': '0.00660322', 'time_per_step': '2.19518'}
2026-01-29 11:52:33,157 - train_greyscale_FA_MoE.py - {'step': '421900', 'lr': '0.0002', 'total_loss': '0.00583023', 'main_loss': '0.00583023', 'time_per_step': '2.09693'}
2026-01-29 11:56:19,525 - train_greyscale_FA_MoE.py - {'step': '422000', 'lr': '0.0002', 'total_loss': '0.00786601', 'main_loss': '0.00786601', 'time_per_step': '2.10186'}
2026-01-29 12:00:08,331 - train_greyscale_FA_MoE.py - {'step': '422100', 'lr': '0.0002', 'total_loss': '0.0118089', 'main_loss': '0.0118089', 'time_per_step': '2.209'}
2026-01-29 12:03:57,742 - train_greyscale_FA_MoE.py - {'step': '422200', 'lr': '0.0002', 'total_loss': '0.00876112', 'main_loss': '0.00876112', 'time_per_step': '2.22006'}
2026-01-29 12:07:45,277 - train_greyscale_FA_MoE.py - {'step': '422300', 'lr': '0.0002', 'total_loss': '0.00784735', 'main_loss': '0.00784735', 'time_per_step': '2.21425'}
2026-01-29 12:11:32,163 - train_greyscale_FA_MoE.py - {'step': '422400', 'lr': '0.0002', 'total_loss': '0.00712233', 'main_loss': '0.00712233', 'time_per_step': '2.22145'}
2026-01-29 12:15:18,630 - train_greyscale_FA_MoE.py - {'step': '422500', 'lr': '0.0002', 'total_loss': '0.00902368', 'main_loss': '0.00902368', 'time_per_step': '2.19971'}
2026-01-29 12:19:06,318 - train_greyscale_FA_MoE.py - {'step': '422600', 'lr': '0.0002', 'total_loss': '0.00822', 'main_loss': '0.00822', 'time_per_step': '2.229'}
2026-01-29 12:22:54,203 - train_greyscale_FA_MoE.py - {'step': '422700', 'lr': '0.0002', 'total_loss': '0.00918831', 'main_loss': '0.00918831', 'time_per_step': '2.22317'}
2026-01-29 12:26:41,229 - train_greyscale_FA_MoE.py - {'step': '422800', 'lr': '0.0002', 'total_loss': '0.00859817', 'main_loss': '0.00859817', 'time_per_step': '2.22374'}
2026-01-29 12:30:28,289 - train_greyscale_FA_MoE.py - {'step': '422900', 'lr': '0.0002', 'total_loss': '0.00678473', 'main_loss': '0.00678473', 'time_per_step': '2.24332'}
2026-01-29 12:34:15,724 - train_greyscale_FA_MoE.py - {'step': '423000', 'lr': '0.0002', 'total_loss': '0.00839517', 'main_loss': '0.00839517', 'time_per_step': '2.23839'}
2026-01-29 12:38:05,654 - train_greyscale_FA_MoE.py - {'step': '423100', 'lr': '0.0002', 'total_loss': '0.00818379', 'main_loss': '0.00818379', 'time_per_step': '2.09981'}
2026-01-29 12:41:52,526 - train_greyscale_FA_MoE.py - {'step': '423200', 'lr': '0.0002', 'total_loss': '0.00853295', 'main_loss': '0.00853295', 'time_per_step': '2.10688'}
2026-01-29 12:45:40,327 - train_greyscale_FA_MoE.py - {'step': '423300', 'lr': '0.0002', 'total_loss': '0.00761635', 'main_loss': '0.00761635', 'time_per_step': '2.15605'}
2026-01-29 12:49:28,511 - train_greyscale_FA_MoE.py - {'step': '423400', 'lr': '0.0002', 'total_loss': '0.00638039', 'main_loss': '0.00638039', 'time_per_step': '2.20346'}
2026-01-29 12:53:18,740 - train_greyscale_FA_MoE.py - {'step': '423500', 'lr': '0.0002', 'total_loss': '0.00955178', 'main_loss': '0.00955178', 'time_per_step': '2.20982'}
2026-01-29 12:57:05,812 - train_greyscale_FA_MoE.py - {'step': '423600', 'lr': '0.0002', 'total_loss': '0.00788717', 'main_loss': '0.00788717', 'time_per_step': '2.17508'}
2026-01-29 13:00:54,190 - train_greyscale_FA_MoE.py - {'step': '423700', 'lr': '0.0002', 'total_loss': '0.00637236', 'main_loss': '0.00637236', 'time_per_step': '2.2233'}
2026-01-29 13:04:41,885 - train_greyscale_FA_MoE.py - {'step': '423800', 'lr': '0.0002', 'total_loss': '0.00889384', 'main_loss': '0.00889384', 'time_per_step': '2.17753'}
2026-01-29 13:08:30,947 - train_greyscale_FA_MoE.py - {'step': '423900', 'lr': '0.0002', 'total_loss': '0.0069468', 'main_loss': '0.0069468', 'time_per_step': '2.24006'}
2026-01-29 13:12:17,446 - train_greyscale_FA_MoE.py - {'step': '424000', 'lr': '0.0002', 'total_loss': '0.00546843', 'main_loss': '0.00546843', 'time_per_step': '2.21275'}
2026-01-29 13:16:06,184 - train_greyscale_FA_MoE.py - {'step': '424100', 'lr': '0.0002', 'total_loss': '0.0056214', 'main_loss': '0.0056214', 'time_per_step': '2.20172'}
2026-01-29 13:19:54,424 - train_greyscale_FA_MoE.py - {'step': '424200', 'lr': '0.0002', 'total_loss': '0.0118749', 'main_loss': '0.0118749', 'time_per_step': '2.21815'}
2026-01-29 13:23:42,462 - train_greyscale_FA_MoE.py - {'step': '424300', 'lr': '0.0002', 'total_loss': '0.0112864', 'main_loss': '0.0112864', 'time_per_step': '2.07924'}
2026-01-29 13:27:28,999 - train_greyscale_FA_MoE.py - {'step': '424400', 'lr': '0.0002', 'total_loss': '0.0101377', 'main_loss': '0.0101377', 'time_per_step': '2.09566'}
2026-01-29 13:31:17,387 - train_greyscale_FA_MoE.py - {'step': '424500', 'lr': '0.0002', 'total_loss': '0.00717276', 'main_loss': '0.00717276', 'time_per_step': '2.23349'}
2026-01-29 13:35:05,591 - train_greyscale_FA_MoE.py - {'step': '424600', 'lr': '0.0002', 'total_loss': '0.00586616', 'main_loss': '0.00586616', 'time_per_step': '2.20957'}
2026-01-29 13:38:52,776 - train_greyscale_FA_MoE.py - {'step': '424700', 'lr': '0.0002', 'total_loss': '0.00772715', 'main_loss': '0.00772715', 'time_per_step': '2.20442'}
2026-01-29 13:42:39,846 - train_greyscale_FA_MoE.py - {'step': '424800', 'lr': '0.0002', 'total_loss': '0.00648812', 'main_loss': '0.00648812', 'time_per_step': '2.36009'}
2026-01-29 13:46:28,641 - train_greyscale_FA_MoE.py - {'step': '424900', 'lr': '0.0002', 'total_loss': '0.0088861', 'main_loss': '0.0088861', 'time_per_step': '2.21256'}
2026-01-29 13:50:17,029 - train_greyscale_FA_MoE.py - {'step': '425000', 'lr': '0.0002', 'total_loss': '0.00564343', 'main_loss': '0.00564343', 'time_per_step': '2.22884'}
2026-01-29 13:50:17,051 - train_greyscale_FA_MoE.py - Saved expert distribution of layer in_block_0 to output_shift_fa/acdc_wholeheart_uncond_fa_ec_moe_greyscale_uvit_mid_4by4_l6r9_low16_Y_bound/samples/expert_distribution_in_block_0_step425000.npy
2026-01-29 13:50:18,517 - train_greyscale_FA_MoE.py - Saved expert distribution of layer out_block_7 to output_shift_fa/acdc_wholeheart_uncond_fa_ec_moe_greyscale_uvit_mid_4by4_l6r9_low16_Y_bound/samples/expert_distribution_out_block_7_step425000.npy
2026-01-29 13:50:19,918 - train_greyscale_FA_MoE.py - Save a grid of 16 samples into output_shift_fa/acdc_wholeheart_uncond_fa_ec_moe_greyscale_uvit_mid_4by4_l6r9_low16_Y_bound/samples/425000.png by DPM-Solver
2026-01-29 13:50:25,396 - train_greyscale_FA_MoE.py - Finished saving sample grid to output_shift_fa/acdc_wholeheart_uncond_fa_ec_moe_greyscale_uvit_mid_4by4_l6r9_low16_Y_bound/samples/425000.png by DPM-Solver.
2026-01-29 13:50:25,445 - train_greyscale_FA_MoE.py - Save and eval checkpoint 425000...
2026-01-29 13:50:27,847 - train_greyscale_FA_MoE.py - eval_step: n_samples=50000, sample_steps=50, algorithm=dpm_solver, mini_batch_size=500, samples save into output_shift_fa/acdc_wholeheart_uncond_fa_ec_moe_greyscale_uvit_mid_4by4_l6r9_low16_Y_bound/samples/acdc_wholeheart_uncond_uvit_FA_EC_MoE_greyscale_mid_4by4_low16_425000_dpm
2026-01-29 14:40:42,332 - train_greyscale_FA_MoE.py - step=425000 fid50000=11.175265135116149
2026-01-29 14:47:06,401 - is_lpips.py - LPIPS: 0.5146 ± 0.0496
2026-01-29 14:47:06,407 - train_greyscale_FA_MoE.py - step=425000 LPIPS50000=0.5146334045773935
2026-01-29 14:52:15,120 - train_greyscale_FA_MoE.py - {'step': '425100', 'lr': '0.0002', 'total_loss': '0.00539605', 'main_loss': '0.00539605', 'time_per_step': '2.20438'}
2026-01-29 14:56:02,665 - train_greyscale_FA_MoE.py - {'step': '425200', 'lr': '0.0002', 'total_loss': '0.0108331', 'main_loss': '0.0108331', 'time_per_step': '2.2194'}
2026-01-29 14:59:53,662 - train_greyscale_FA_MoE.py - {'step': '425300', 'lr': '0.0002', 'total_loss': '0.00820379', 'main_loss': '0.00820379', 'time_per_step': '2.22352'}
2026-01-29 15:03:41,565 - train_greyscale_FA_MoE.py - {'step': '425400', 'lr': '0.0002', 'total_loss': '0.00718411', 'main_loss': '0.00718411', 'time_per_step': '2.16587'}
2026-01-29 15:07:29,743 - train_greyscale_FA_MoE.py - {'step': '425500', 'lr': '0.0002', 'total_loss': '0.00815932', 'main_loss': '0.00815932', 'time_per_step': '2.08205'}
2026-01-29 15:11:19,325 - train_greyscale_FA_MoE.py - {'step': '425600', 'lr': '0.0002', 'total_loss': '0.00928389', 'main_loss': '0.00928389', 'time_per_step': '2.09914'}
2026-01-29 15:15:08,574 - train_greyscale_FA_MoE.py - {'step': '425700', 'lr': '0.0002', 'total_loss': '0.00785074', 'main_loss': '0.00785074', 'time_per_step': '2.17755'}
2026-01-29 15:18:55,748 - train_greyscale_FA_MoE.py - {'step': '425800', 'lr': '0.0002', 'total_loss': '0.0085033', 'main_loss': '0.0085033', 'time_per_step': '2.21433'}
2026-01-29 15:22:44,290 - train_greyscale_FA_MoE.py - {'step': '425900', 'lr': '0.0002', 'total_loss': '0.0101797', 'main_loss': '0.0101797', 'time_per_step': '2.15458'}
2026-01-29 15:26:32,093 - train_greyscale_FA_MoE.py - {'step': '426000', 'lr': '0.0002', 'total_loss': '0.0058113', 'main_loss': '0.0058113', 'time_per_step': '2.16722'}
2026-01-29 15:30:20,552 - train_greyscale_FA_MoE.py - {'step': '426100', 'lr': '0.0002', 'total_loss': '0.00441824', 'main_loss': '0.00441824', 'time_per_step': '2.1971'}
2026-01-29 15:34:07,707 - train_greyscale_FA_MoE.py - {'step': '426200', 'lr': '0.0002', 'total_loss': '0.00666748', 'main_loss': '0.00666748', 'time_per_step': '2.22678'}
2026-01-29 15:37:55,446 - train_greyscale_FA_MoE.py - {'step': '426300', 'lr': '0.0002', 'total_loss': '0.0130738', 'main_loss': '0.0130738', 'time_per_step': '2.20602'}
2026-01-29 15:41:44,102 - train_greyscale_FA_MoE.py - {'step': '426400', 'lr': '0.0002', 'total_loss': '0.00883343', 'main_loss': '0.00883343', 'time_per_step': '2.22214'}
2026-01-29 15:45:32,427 - train_greyscale_FA_MoE.py - {'step': '426500', 'lr': '0.0002', 'total_loss': '0.00848727', 'main_loss': '0.00848727', 'time_per_step': '2.20157'}
2026-01-29 15:49:19,638 - train_greyscale_FA_MoE.py - {'step': '426600', 'lr': '0.0002', 'total_loss': '0.00482208', 'main_loss': '0.00482208', 'time_per_step': '2.1937'}
2026-01-29 15:53:07,638 - train_greyscale_FA_MoE.py - {'step': '426700', 'lr': '0.0002', 'total_loss': '0.00617037', 'main_loss': '0.00617037', 'time_per_step': '2.10582'}
2026-01-29 15:56:55,947 - train_greyscale_FA_MoE.py - {'step': '426800', 'lr': '0.0002', 'total_loss': '0.00509765', 'main_loss': '0.00509765', 'time_per_step': '2.10034'}
2026-01-29 16:00:45,174 - train_greyscale_FA_MoE.py - {'step': '426900', 'lr': '0.0002', 'total_loss': '0.0103642', 'main_loss': '0.0103642', 'time_per_step': '2.22272'}
2026-01-29 16:04:32,288 - train_greyscale_FA_MoE.py - {'step': '427000', 'lr': '0.0002', 'total_loss': '0.00867959', 'main_loss': '0.00867959', 'time_per_step': '2.20394'}
2026-01-29 16:08:20,902 - train_greyscale_FA_MoE.py - {'step': '427100', 'lr': '0.0002', 'total_loss': '0.00714235', 'main_loss': '0.00714235', 'time_per_step': '2.20338'}
2026-01-29 16:12:09,351 - train_greyscale_FA_MoE.py - {'step': '427200', 'lr': '0.0002', 'total_loss': '0.00494196', 'main_loss': '0.00494196', 'time_per_step': '2.18212'}
2026-01-29 16:15:57,251 - train_greyscale_FA_MoE.py - {'step': '427300', 'lr': '0.0002', 'total_loss': '0.00727744', 'main_loss': '0.00727744', 'time_per_step': '2.19857'}
2026-01-29 16:19:45,007 - train_greyscale_FA_MoE.py - {'step': '427400', 'lr': '0.0002', 'total_loss': '0.00764395', 'main_loss': '0.00764395', 'time_per_step': '2.21323'}
2026-01-29 16:23:33,124 - train_greyscale_FA_MoE.py - {'step': '427500', 'lr': '0.0002', 'total_loss': '0.00759847', 'main_loss': '0.00759847', 'time_per_step': '2.22356'}
2026-01-29 16:27:21,309 - train_greyscale_FA_MoE.py - {'step': '427600', 'lr': '0.0002', 'total_loss': '0.00874287', 'main_loss': '0.00874287', 'time_per_step': '2.22806'}
2026-01-29 16:31:10,049 - train_greyscale_FA_MoE.py - {'step': '427700', 'lr': '0.0002', 'total_loss': '0.0103059', 'main_loss': '0.0103059', 'time_per_step': '2.20962'}
2026-01-29 16:34:57,311 - train_greyscale_FA_MoE.py - {'step': '427800', 'lr': '0.0002', 'total_loss': '0.00764226', 'main_loss': '0.00764226', 'time_per_step': '2.19619'}
2026-01-29 16:38:45,355 - train_greyscale_FA_MoE.py - {'step': '427900', 'lr': '0.0002', 'total_loss': '0.00574418', 'main_loss': '0.00574418', 'time_per_step': '2.10102'}
2026-01-29 16:42:32,569 - train_greyscale_FA_MoE.py - {'step': '428000', 'lr': '0.0002', 'total_loss': '0.00556435', 'main_loss': '0.00556435', 'time_per_step': '2.09666'}
2026-01-29 16:46:21,892 - train_greyscale_FA_MoE.py - {'step': '428100', 'lr': '0.0002', 'total_loss': '0.00965613', 'main_loss': '0.00965613', 'time_per_step': '2.21698'}
2026-01-29 16:50:11,335 - train_greyscale_FA_MoE.py - {'step': '428200', 'lr': '0.0002', 'total_loss': '0.00739663', 'main_loss': '0.00739663', 'time_per_step': '2.16847'}
2026-01-29 16:54:07,460 - train_greyscale_FA_MoE.py - {'step': '428300', 'lr': '0.0002', 'total_loss': '0.00757355', 'main_loss': '0.00757355', 'time_per_step': '2.19822'}
2026-01-29 16:57:59,837 - train_greyscale_FA_MoE.py - {'step': '428400', 'lr': '0.0002', 'total_loss': '0.00949916', 'main_loss': '0.00949916', 'time_per_step': '2.21428'}
2026-01-29 17:01:47,552 - train_greyscale_FA_MoE.py - {'step': '428500', 'lr': '0.0002', 'total_loss': '0.00692189', 'main_loss': '0.00692189', 'time_per_step': '2.18265'}
2026-01-29 17:05:34,967 - train_greyscale_FA_MoE.py - {'step': '428600', 'lr': '0.0002', 'total_loss': '0.00505049', 'main_loss': '0.00505049', 'time_per_step': '2.21819'}
2026-01-29 17:09:23,364 - train_greyscale_FA_MoE.py - {'step': '428700', 'lr': '0.0002', 'total_loss': '0.00863982', 'main_loss': '0.00863982', 'time_per_step': '2.1453'}
2026-01-29 17:13:12,320 - train_greyscale_FA_MoE.py - {'step': '428800', 'lr': '0.0002', 'total_loss': '0.00618468', 'main_loss': '0.00618468', 'time_per_step': '2.22226'}
2026-01-29 17:17:07,059 - train_greyscale_FA_MoE.py - {'step': '428900', 'lr': '0.0002', 'total_loss': '0.0102683', 'main_loss': '0.0102683', 'time_per_step': '2.22918'}
2026-01-29 17:20:54,820 - train_greyscale_FA_MoE.py - {'step': '429000', 'lr': '0.0002', 'total_loss': '0.00500817', 'main_loss': '0.00500817', 'time_per_step': '2.2166'}
2026-01-29 17:24:42,520 - train_greyscale_FA_MoE.py - {'step': '429100', 'lr': '0.0002', 'total_loss': '0.00673436', 'main_loss': '0.00673436', 'time_per_step': '2.09661'}
2026-01-29 17:28:29,659 - train_greyscale_FA_MoE.py - {'step': '429200', 'lr': '0.0002', 'total_loss': '0.00633539', 'main_loss': '0.00633539', 'time_per_step': '2.09562'}
2026-01-29 17:32:18,383 - train_greyscale_FA_MoE.py - {'step': '429300', 'lr': '0.0002', 'total_loss': '0.00463355', 'main_loss': '0.00463355', 'time_per_step': '2.19392'}
2026-01-29 17:36:05,046 - train_greyscale_FA_MoE.py - {'step': '429400', 'lr': '0.0002', 'total_loss': '0.0103252', 'main_loss': '0.0103252', 'time_per_step': '2.21209'}
2026-01-29 17:39:52,965 - train_greyscale_FA_MoE.py - {'step': '429500', 'lr': '0.0002', 'total_loss': '0.0071276', 'main_loss': '0.0071276', 'time_per_step': '2.17853'}
2026-01-29 17:43:41,245 - train_greyscale_FA_MoE.py - {'step': '429600', 'lr': '0.0002', 'total_loss': '0.00892837', 'main_loss': '0.00892837', 'time_per_step': '2.22313'}
2026-01-29 17:47:29,470 - train_greyscale_FA_MoE.py - {'step': '429700', 'lr': '0.0002', 'total_loss': '0.00940269', 'main_loss': '0.00940269', 'time_per_step': '2.20245'}
2026-01-29 17:51:16,272 - train_greyscale_FA_MoE.py - {'step': '429800', 'lr': '0.0002', 'total_loss': '0.00945498', 'main_loss': '0.00945498', 'time_per_step': '2.22388'}
2026-01-29 17:55:03,629 - train_greyscale_FA_MoE.py - {'step': '429900', 'lr': '0.0002', 'total_loss': '0.00612651', 'main_loss': '0.00612651', 'time_per_step': '2.19104'}
2026-01-29 17:58:52,512 - train_greyscale_FA_MoE.py - {'step': '430000', 'lr': '0.0002', 'total_loss': '0.00918491', 'main_loss': '0.00918491', 'time_per_step': '2.17833'}
2026-01-29 18:02:41,943 - train_greyscale_FA_MoE.py - {'step': '430100', 'lr': '0.0002', 'total_loss': '0.00486746', 'main_loss': '0.00486746', 'time_per_step': '2.14773'}
2026-01-29 18:06:28,665 - train_greyscale_FA_MoE.py - {'step': '430200', 'lr': '0.0002', 'total_loss': '0.00626507', 'main_loss': '0.00626507', 'time_per_step': '2.2115'}
2026-01-29 18:10:16,405 - train_greyscale_FA_MoE.py - {'step': '430300', 'lr': '0.0002', 'total_loss': '0.00576609', 'main_loss': '0.00576609', 'time_per_step': '2.09851'}
2026-01-29 18:14:04,416 - train_greyscale_FA_MoE.py - {'step': '430400', 'lr': '0.0002', 'total_loss': '0.00667113', 'main_loss': '0.00667113', 'time_per_step': '2.09613'}
2026-01-29 18:17:53,528 - train_greyscale_FA_MoE.py - {'step': '430500', 'lr': '0.0002', 'total_loss': '0.0074224', 'main_loss': '0.0074224', 'time_per_step': '2.19459'}
2026-01-29 18:21:40,363 - train_greyscale_FA_MoE.py - {'step': '430600', 'lr': '0.0002', 'total_loss': '0.00614652', 'main_loss': '0.00614652', 'time_per_step': '2.17303'}
2026-01-29 18:25:27,592 - train_greyscale_FA_MoE.py - {'step': '430700', 'lr': '0.0002', 'total_loss': '0.00610235', 'main_loss': '0.00610235', 'time_per_step': '2.20373'}
2026-01-29 18:29:15,824 - train_greyscale_FA_MoE.py - {'step': '430800', 'lr': '0.0002', 'total_loss': '0.00939855', 'main_loss': '0.00939855', 'time_per_step': '2.17298'}
2026-01-29 18:33:02,780 - train_greyscale_FA_MoE.py - {'step': '430900', 'lr': '0.0002', 'total_loss': '0.00890738', 'main_loss': '0.00890738', 'time_per_step': '2.21705'}
2026-01-29 18:36:50,155 - train_greyscale_FA_MoE.py - {'step': '431000', 'lr': '0.0002', 'total_loss': '0.00545796', 'main_loss': '0.00545796', 'time_per_step': '2.16009'}
2026-01-29 18:40:38,390 - train_greyscale_FA_MoE.py - {'step': '431100', 'lr': '0.0002', 'total_loss': '0.00630416', 'main_loss': '0.00630416', 'time_per_step': '2.21904'}
2026-01-29 18:44:25,647 - train_greyscale_FA_MoE.py - {'step': '431200', 'lr': '0.0002', 'total_loss': '0.00681953', 'main_loss': '0.00681953', 'time_per_step': '2.21367'}
2026-01-29 18:48:14,354 - train_greyscale_FA_MoE.py - {'step': '431300', 'lr': '0.0002', 'total_loss': '0.00656263', 'main_loss': '0.00656263', 'time_per_step': '2.18701'}
2026-01-29 18:52:01,118 - train_greyscale_FA_MoE.py - {'step': '431400', 'lr': '0.0002', 'total_loss': '0.0118811', 'main_loss': '0.0118811', 'time_per_step': '2.27268'}
2026-01-29 18:55:49,007 - train_greyscale_FA_MoE.py - {'step': '431500', 'lr': '0.0002', 'total_loss': '0.00736803', 'main_loss': '0.00736803', 'time_per_step': '2.09589'}
2026-01-29 18:59:36,610 - train_greyscale_FA_MoE.py - {'step': '431600', 'lr': '0.0002', 'total_loss': '0.00655484', 'main_loss': '0.00655484', 'time_per_step': '2.09471'}
2026-01-29 19:03:25,372 - train_greyscale_FA_MoE.py - {'step': '431700', 'lr': '0.0002', 'total_loss': '0.00584558', 'main_loss': '0.00584558', 'time_per_step': '2.20964'}
2026-01-29 19:07:12,570 - train_greyscale_FA_MoE.py - {'step': '431800', 'lr': '0.0002', 'total_loss': '0.00683805', 'main_loss': '0.00683805', 'time_per_step': '2.19476'}
2026-01-29 19:11:01,082 - train_greyscale_FA_MoE.py - {'step': '431900', 'lr': '0.0002', 'total_loss': '0.0078517', 'main_loss': '0.0078517', 'time_per_step': '2.28009'}
2026-01-29 19:14:49,141 - train_greyscale_FA_MoE.py - {'step': '432000', 'lr': '0.0002', 'total_loss': '0.00468764', 'main_loss': '0.00468764', 'time_per_step': '2.16668'}
2026-01-29 19:18:37,332 - train_greyscale_FA_MoE.py - {'step': '432100', 'lr': '0.0002', 'total_loss': '0.0071944', 'main_loss': '0.0071944', 'time_per_step': '2.17726'}
2026-01-29 19:22:23,912 - train_greyscale_FA_MoE.py - {'step': '432200', 'lr': '0.0002', 'total_loss': '0.00956829', 'main_loss': '0.00956829', 'time_per_step': '2.23392'}
2026-01-29 19:26:11,252 - train_greyscale_FA_MoE.py - {'step': '432300', 'lr': '0.0002', 'total_loss': '0.00972759', 'main_loss': '0.00972759', 'time_per_step': '2.19609'}
2026-01-29 19:29:59,525 - train_greyscale_FA_MoE.py - {'step': '432400', 'lr': '0.0002', 'total_loss': '0.00638678', 'main_loss': '0.00638678', 'time_per_step': '2.21539'}
2026-01-29 19:33:47,218 - train_greyscale_FA_MoE.py - {'step': '432500', 'lr': '0.0002', 'total_loss': '0.00944087', 'main_loss': '0.00944087', 'time_per_step': '2.23396'}
2026-01-29 19:37:34,399 - train_greyscale_FA_MoE.py - {'step': '432600', 'lr': '0.0002', 'total_loss': '0.00922963', 'main_loss': '0.00922963', 'time_per_step': '2.2275'}
2026-01-29 19:41:22,794 - train_greyscale_FA_MoE.py - {'step': '432700', 'lr': '0.0002', 'total_loss': '0.00472626', 'main_loss': '0.00472626', 'time_per_step': '2.09729'}
2026-01-29 19:45:10,602 - train_greyscale_FA_MoE.py - {'step': '432800', 'lr': '0.0002', 'total_loss': '0.00542082', 'main_loss': '0.00542082', 'time_per_step': '2.10191'}
2026-01-29 19:48:58,922 - train_greyscale_FA_MoE.py - {'step': '432900', 'lr': '0.0002', 'total_loss': '0.00692306', 'main_loss': '0.00692306', 'time_per_step': '2.21251'}
2026-01-29 19:52:45,740 - train_greyscale_FA_MoE.py - {'step': '433000', 'lr': '0.0002', 'total_loss': '0.00569601', 'main_loss': '0.00569601', 'time_per_step': '2.20019'}
2026-01-29 19:56:32,864 - train_greyscale_FA_MoE.py - {'step': '433100', 'lr': '0.0002', 'total_loss': '0.0092551', 'main_loss': '0.0092551', 'time_per_step': '2.18048'}
2026-01-29 20:00:21,524 - train_greyscale_FA_MoE.py - {'step': '433200', 'lr': '0.0002', 'total_loss': '0.00723744', 'main_loss': '0.00723744', 'time_per_step': '2.21903'}
2026-01-29 20:04:09,819 - train_greyscale_FA_MoE.py - {'step': '433300', 'lr': '0.0002', 'total_loss': '0.00388976', 'main_loss': '0.00388976', 'time_per_step': '2.21431'}
2026-01-29 20:07:57,125 - train_greyscale_FA_MoE.py - {'step': '433400', 'lr': '0.0002', 'total_loss': '0.00802963', 'main_loss': '0.00802963', 'time_per_step': '2.21802'}
2026-01-29 20:11:45,415 - train_greyscale_FA_MoE.py - {'step': '433500', 'lr': '0.0002', 'total_loss': '0.011339', 'main_loss': '0.011339', 'time_per_step': '2.23'}
2026-01-29 20:15:33,609 - train_greyscale_FA_MoE.py - {'step': '433600', 'lr': '0.0002', 'total_loss': '0.00932045', 'main_loss': '0.00932045', 'time_per_step': '2.15282'}
2026-01-29 20:19:21,563 - train_greyscale_FA_MoE.py - {'step': '433700', 'lr': '0.0002', 'total_loss': '0.00950736', 'main_loss': '0.00950736', 'time_per_step': '2.2346'}
2026-01-29 20:23:08,778 - train_greyscale_FA_MoE.py - {'step': '433800', 'lr': '0.0002', 'total_loss': '0.00776109', 'main_loss': '0.00776109', 'time_per_step': '2.19936'}
2026-01-29 20:26:56,831 - train_greyscale_FA_MoE.py - {'step': '433900', 'lr': '0.0002', 'total_loss': '0.00718506', 'main_loss': '0.00718506', 'time_per_step': '2.10024'}
2026-01-29 20:30:44,712 - train_greyscale_FA_MoE.py - {'step': '434000', 'lr': '0.0002', 'total_loss': '0.00885452', 'main_loss': '0.00885452', 'time_per_step': '2.09704'}
2026-01-29 20:34:33,549 - train_greyscale_FA_MoE.py - {'step': '434100', 'lr': '0.0002', 'total_loss': '0.00888033', 'main_loss': '0.00888033', 'time_per_step': '2.21119'}
2026-01-29 20:38:20,488 - train_greyscale_FA_MoE.py - {'step': '434200', 'lr': '0.0002', 'total_loss': '0.00697346', 'main_loss': '0.00697346', 'time_per_step': '2.17784'}
2026-01-29 20:42:08,682 - train_greyscale_FA_MoE.py - {'step': '434300', 'lr': '0.0002', 'total_loss': '0.00638169', 'main_loss': '0.00638169', 'time_per_step': '2.22833'}
2026-01-29 20:45:56,857 - train_greyscale_FA_MoE.py - {'step': '434400', 'lr': '0.0002', 'total_loss': '0.00494652', 'main_loss': '0.00494652', 'time_per_step': '2.21761'}
2026-01-29 20:49:45,578 - train_greyscale_FA_MoE.py - {'step': '434500', 'lr': '0.0002', 'total_loss': '0.00683785', 'main_loss': '0.00683785', 'time_per_step': '2.24585'}
2026-01-29 20:53:32,545 - train_greyscale_FA_MoE.py - {'step': '434600', 'lr': '0.0002', 'total_loss': '0.00644703', 'main_loss': '0.00644703', 'time_per_step': '2.20483'}
2026-01-29 20:57:21,069 - train_greyscale_FA_MoE.py - {'step': '434700', 'lr': '0.0002', 'total_loss': '0.00590248', 'main_loss': '0.00590248', 'time_per_step': '2.19375'}
2026-01-29 21:01:09,613 - train_greyscale_FA_MoE.py - {'step': '434800', 'lr': '0.0002', 'total_loss': '0.0066541', 'main_loss': '0.0066541', 'time_per_step': '2.19209'}
2026-01-29 21:04:57,751 - train_greyscale_FA_MoE.py - {'step': '434900', 'lr': '0.0002', 'total_loss': '0.00920162', 'main_loss': '0.00920162', 'time_per_step': '2.21435'}
2026-01-29 21:08:44,596 - train_greyscale_FA_MoE.py - {'step': '435000', 'lr': '0.0002', 'total_loss': '0.00674964', 'main_loss': '0.00674964', 'time_per_step': '2.22761'}
2026-01-29 21:12:32,302 - train_greyscale_FA_MoE.py - {'step': '435100', 'lr': '0.0002', 'total_loss': '0.00685988', 'main_loss': '0.00685988', 'time_per_step': '2.09763'}
2026-01-29 21:16:20,016 - train_greyscale_FA_MoE.py - {'step': '435200', 'lr': '0.0002', 'total_loss': '0.00889436', 'main_loss': '0.00889436', 'time_per_step': '2.0914'}
2026-01-29 21:20:07,458 - train_greyscale_FA_MoE.py - {'step': '435300', 'lr': '0.0002', 'total_loss': '0.0085354', 'main_loss': '0.0085354', 'time_per_step': '2.22907'}
2026-01-29 21:23:53,972 - train_greyscale_FA_MoE.py - {'step': '435400', 'lr': '0.0002', 'total_loss': '0.00759577', 'main_loss': '0.00759577', 'time_per_step': '2.15657'}
2026-01-29 21:27:41,053 - train_greyscale_FA_MoE.py - {'step': '435500', 'lr': '0.0002', 'total_loss': '0.0112697', 'main_loss': '0.0112697', 'time_per_step': '2.21005'}
2026-01-29 21:31:28,157 - train_greyscale_FA_MoE.py - {'step': '435600', 'lr': '0.0002', 'total_loss': '0.00615208', 'main_loss': '0.00615208', 'time_per_step': '2.23374'}
2026-01-29 21:35:16,093 - train_greyscale_FA_MoE.py - {'step': '435700', 'lr': '0.0002', 'total_loss': '0.00600578', 'main_loss': '0.00600578', 'time_per_step': '2.19805'}
2026-01-29 21:39:03,356 - train_greyscale_FA_MoE.py - {'step': '435800', 'lr': '0.0002', 'total_loss': '0.00882519', 'main_loss': '0.00882519', 'time_per_step': '2.21273'}
2026-01-29 21:42:51,353 - train_greyscale_FA_MoE.py - {'step': '435900', 'lr': '0.0002', 'total_loss': '0.00470843', 'main_loss': '0.00470843', 'time_per_step': '2.22023'}
2026-01-29 21:46:39,687 - train_greyscale_FA_MoE.py - {'step': '436000', 'lr': '0.0002', 'total_loss': '0.00498552', 'main_loss': '0.00498552', 'time_per_step': '2.42556'}
2026-01-29 21:50:27,040 - train_greyscale_FA_MoE.py - {'step': '436100', 'lr': '0.0002', 'total_loss': '0.0109204', 'main_loss': '0.0109204', 'time_per_step': '2.19867'}
2026-01-29 21:54:13,656 - train_greyscale_FA_MoE.py - {'step': '436200', 'lr': '0.0002', 'total_loss': '0.0115736', 'main_loss': '0.0115736', 'time_per_step': '2.21254'}
2026-01-29 21:58:01,167 - train_greyscale_FA_MoE.py - {'step': '436300', 'lr': '0.0002', 'total_loss': '0.00748408', 'main_loss': '0.00748408', 'time_per_step': '2.15163'}
2026-01-29 22:01:49,034 - train_greyscale_FA_MoE.py - {'step': '436400', 'lr': '0.0002', 'total_loss': '0.0140428', 'main_loss': '0.0140428', 'time_per_step': '2.09763'}
2026-01-29 22:05:37,675 - train_greyscale_FA_MoE.py - {'step': '436500', 'lr': '0.0002', 'total_loss': '0.00810566', 'main_loss': '0.00810566', 'time_per_step': '2.14712'}
2026-01-29 22:09:24,602 - train_greyscale_FA_MoE.py - {'step': '436600', 'lr': '0.0002', 'total_loss': '0.00582723', 'main_loss': '0.00582723', 'time_per_step': '2.22703'}
2026-01-29 22:13:12,722 - train_greyscale_FA_MoE.py - {'step': '436700', 'lr': '0.0002', 'total_loss': '0.00704835', 'main_loss': '0.00704835', 'time_per_step': '2.1493'}
2026-01-29 22:17:00,843 - train_greyscale_FA_MoE.py - {'step': '436800', 'lr': '0.0002', 'total_loss': '0.0111703', 'main_loss': '0.0111703', 'time_per_step': '2.29406'}
2026-01-29 22:20:49,381 - train_greyscale_FA_MoE.py - {'step': '436900', 'lr': '0.0002', 'total_loss': '0.0079605', 'main_loss': '0.0079605', 'time_per_step': '2.23699'}
2026-01-29 22:24:35,816 - train_greyscale_FA_MoE.py - {'step': '437000', 'lr': '0.0002', 'total_loss': '0.00763881', 'main_loss': '0.00763881', 'time_per_step': '2.18052'}
2026-01-29 22:28:23,655 - train_greyscale_FA_MoE.py - {'step': '437100', 'lr': '0.0002', 'total_loss': '0.00969134', 'main_loss': '0.00969134', 'time_per_step': '2.22226'}
2026-01-29 22:32:11,935 - train_greyscale_FA_MoE.py - {'step': '437200', 'lr': '0.0002', 'total_loss': '0.00498348', 'main_loss': '0.00498348', 'time_per_step': '2.21964'}
2026-01-29 22:35:59,527 - train_greyscale_FA_MoE.py - {'step': '437300', 'lr': '0.0002', 'total_loss': '0.00742731', 'main_loss': '0.00742731', 'time_per_step': '2.22614'}
2026-01-29 22:39:46,262 - train_greyscale_FA_MoE.py - {'step': '437400', 'lr': '0.0002', 'total_loss': '0.00689156', 'main_loss': '0.00689156', 'time_per_step': '2.21564'}
2026-01-29 22:43:34,048 - train_greyscale_FA_MoE.py - {'step': '437500', 'lr': '0.0002', 'total_loss': '0.00884374', 'main_loss': '0.00884374', 'time_per_step': '2.10457'}
2026-01-29 22:47:21,489 - train_greyscale_FA_MoE.py - {'step': '437600', 'lr': '0.0002', 'total_loss': '0.00943411', 'main_loss': '0.00943411', 'time_per_step': '2.09252'}
2026-01-29 22:51:09,238 - train_greyscale_FA_MoE.py - {'step': '437700', 'lr': '0.0002', 'total_loss': '0.0103756', 'main_loss': '0.0103756', 'time_per_step': '2.2032'}
2026-01-29 22:54:56,413 - train_greyscale_FA_MoE.py - {'step': '437800', 'lr': '0.0002', 'total_loss': '0.006055', 'main_loss': '0.006055', 'time_per_step': '2.22306'}
2026-01-29 22:58:44,625 - train_greyscale_FA_MoE.py - {'step': '437900', 'lr': '0.0002', 'total_loss': '0.00764998', 'main_loss': '0.00764998', 'time_per_step': '2.22153'}
2026-01-29 23:02:33,398 - train_greyscale_FA_MoE.py - {'step': '438000', 'lr': '0.0002', 'total_loss': '0.00980276', 'main_loss': '0.00980276', 'time_per_step': '2.18099'}
2026-01-29 23:06:21,210 - train_greyscale_FA_MoE.py - {'step': '438100', 'lr': '0.0002', 'total_loss': '0.0115748', 'main_loss': '0.0115748', 'time_per_step': '2.23284'}
2026-01-29 23:10:07,860 - train_greyscale_FA_MoE.py - {'step': '438200', 'lr': '0.0002', 'total_loss': '0.00661851', 'main_loss': '0.00661851', 'time_per_step': '2.15023'}
2026-01-29 23:13:55,326 - train_greyscale_FA_MoE.py - {'step': '438300', 'lr': '0.0002', 'total_loss': '0.00769608', 'main_loss': '0.00769608', 'time_per_step': '2.19186'}
2026-01-29 23:17:43,509 - train_greyscale_FA_MoE.py - {'step': '438400', 'lr': '0.0002', 'total_loss': '0.00639545', 'main_loss': '0.00639545', 'time_per_step': '2.17904'}
2026-01-29 23:21:31,149 - train_greyscale_FA_MoE.py - {'step': '438500', 'lr': '0.0002', 'total_loss': '0.0081199', 'main_loss': '0.0081199', 'time_per_step': '2.34342'}
2026-01-29 23:25:18,421 - train_greyscale_FA_MoE.py - {'step': '438600', 'lr': '0.0002', 'total_loss': '0.00501743', 'main_loss': '0.00501743', 'time_per_step': '2.15114'}
2026-01-29 23:29:06,474 - train_greyscale_FA_MoE.py - {'step': '438700', 'lr': '0.0002', 'total_loss': '0.00828836', 'main_loss': '0.00828836', 'time_per_step': '2.0934'}
2026-01-29 23:32:54,450 - train_greyscale_FA_MoE.py - {'step': '438800', 'lr': '0.0002', 'total_loss': '0.00802992', 'main_loss': '0.00802992', 'time_per_step': '2.10239'}
2026-01-29 23:36:42,864 - train_greyscale_FA_MoE.py - {'step': '438900', 'lr': '0.0002', 'total_loss': '0.0054389', 'main_loss': '0.0054389', 'time_per_step': '2.21302'}
2026-01-29 23:40:29,646 - train_greyscale_FA_MoE.py - {'step': '439000', 'lr': '0.0002', 'total_loss': '0.00648114', 'main_loss': '0.00648114', 'time_per_step': '2.14849'}
2026-01-29 23:44:16,585 - train_greyscale_FA_MoE.py - {'step': '439100', 'lr': '0.0002', 'total_loss': '0.00795428', 'main_loss': '0.00795428', 'time_per_step': '2.17595'}
2026-01-29 23:48:04,680 - train_greyscale_FA_MoE.py - {'step': '439200', 'lr': '0.0002', 'total_loss': '0.00482176', 'main_loss': '0.00482176', 'time_per_step': '2.22836'}
2026-01-29 23:51:53,581 - train_greyscale_FA_MoE.py - {'step': '439300', 'lr': '0.0002', 'total_loss': '0.00949497', 'main_loss': '0.00949497', 'time_per_step': '2.1936'}
2026-01-29 23:55:40,778 - train_greyscale_FA_MoE.py - {'step': '439400', 'lr': '0.0002', 'total_loss': '0.00651099', 'main_loss': '0.00651099', 'time_per_step': '2.23169'}
2026-01-29 23:59:28,483 - train_greyscale_FA_MoE.py - {'step': '439500', 'lr': '0.0002', 'total_loss': '0.0104452', 'main_loss': '0.0104452', 'time_per_step': '2.21318'}
2026-01-30 00:03:16,532 - train_greyscale_FA_MoE.py - {'step': '439600', 'lr': '0.0002', 'total_loss': '0.00876787', 'main_loss': '0.00876787', 'time_per_step': '2.21455'}
2026-01-30 00:07:05,184 - train_greyscale_FA_MoE.py - {'step': '439700', 'lr': '0.0002', 'total_loss': '0.00992438', 'main_loss': '0.00992438', 'time_per_step': '2.23021'}
2026-01-30 00:10:52,225 - train_greyscale_FA_MoE.py - {'step': '439800', 'lr': '0.0002', 'total_loss': '0.00668606', 'main_loss': '0.00668606', 'time_per_step': '2.19517'}
2026-01-30 00:14:39,307 - train_greyscale_FA_MoE.py - {'step': '439900', 'lr': '0.0002', 'total_loss': '0.00700403', 'main_loss': '0.00700403', 'time_per_step': '2.28055'}
2026-01-30 00:18:26,745 - train_greyscale_FA_MoE.py - {'step': '440000', 'lr': '0.0002', 'total_loss': '0.00807815', 'main_loss': '0.00807815', 'time_per_step': '2.09502'}
2026-01-30 00:22:15,388 - train_greyscale_FA_MoE.py - {'step': '440100', 'lr': '0.0002', 'total_loss': '0.00961704', 'main_loss': '0.00961704', 'time_per_step': '2.16891'}
2026-01-30 00:26:02,570 - train_greyscale_FA_MoE.py - {'step': '440200', 'lr': '0.0002', 'total_loss': '0.00594306', 'main_loss': '0.00594306', 'time_per_step': '2.20229'}
2026-01-30 00:29:50,230 - train_greyscale_FA_MoE.py - {'step': '440300', 'lr': '0.0002', 'total_loss': '0.00705823', 'main_loss': '0.00705823', 'time_per_step': '2.21152'}
2026-01-30 00:33:37,900 - train_greyscale_FA_MoE.py - {'step': '440400', 'lr': '0.0002', 'total_loss': '0.00599944', 'main_loss': '0.00599944', 'time_per_step': '2.22274'}
2026-01-30 00:37:24,911 - train_greyscale_FA_MoE.py - {'step': '440500', 'lr': '0.0002', 'total_loss': '0.00965155', 'main_loss': '0.00965155', 'time_per_step': '2.21816'}
2026-01-30 00:41:11,649 - train_greyscale_FA_MoE.py - {'step': '440600', 'lr': '0.0002', 'total_loss': '0.00841128', 'main_loss': '0.00841128', 'time_per_step': '2.20951'}
2026-01-30 00:44:58,815 - train_greyscale_FA_MoE.py - {'step': '440700', 'lr': '0.0002', 'total_loss': '0.0117909', 'main_loss': '0.0117909', 'time_per_step': '2.18527'}
2026-01-30 00:48:46,787 - train_greyscale_FA_MoE.py - {'step': '440800', 'lr': '0.0002', 'total_loss': '0.00782854', 'main_loss': '0.00782854', 'time_per_step': '2.25065'}
2026-01-30 00:52:34,722 - train_greyscale_FA_MoE.py - {'step': '440900', 'lr': '0.0002', 'total_loss': '0.00532097', 'main_loss': '0.00532097', 'time_per_step': '2.21539'}
2026-01-30 00:56:21,784 - train_greyscale_FA_MoE.py - {'step': '441000', 'lr': '0.0002', 'total_loss': '0.00546511', 'main_loss': '0.00546511', 'time_per_step': '2.21294'}
2026-01-30 01:00:10,578 - train_greyscale_FA_MoE.py - {'step': '441100', 'lr': '0.0002', 'total_loss': '0.00851858', 'main_loss': '0.00851858', 'time_per_step': '2.09918'}
2026-01-30 01:03:58,347 - train_greyscale_FA_MoE.py - {'step': '441200', 'lr': '0.0002', 'total_loss': '0.00687067', 'main_loss': '0.00687067', 'time_per_step': '2.0921'}
2026-01-30 01:07:49,611 - train_greyscale_FA_MoE.py - {'step': '441300', 'lr': '0.0002', 'total_loss': '0.00651423', 'main_loss': '0.00651423', 'time_per_step': '2.24884'}
2026-01-30 01:11:36,505 - train_greyscale_FA_MoE.py - {'step': '441400', 'lr': '0.0002', 'total_loss': '0.00999147', 'main_loss': '0.00999147', 'time_per_step': '2.19905'}
2026-01-30 01:15:24,441 - train_greyscale_FA_MoE.py - {'step': '441500', 'lr': '0.0002', 'total_loss': '0.00905252', 'main_loss': '0.00905252', 'time_per_step': '2.17411'}
2026-01-30 01:19:12,135 - train_greyscale_FA_MoE.py - {'step': '441600', 'lr': '0.0002', 'total_loss': '0.00711909', 'main_loss': '0.00711909', 'time_per_step': '2.18183'}
2026-01-30 01:22:59,795 - train_greyscale_FA_MoE.py - {'step': '441700', 'lr': '0.0002', 'total_loss': '0.00962702', 'main_loss': '0.00962702', 'time_per_step': '2.22041'}
2026-01-30 01:26:46,465 - train_greyscale_FA_MoE.py - {'step': '441800', 'lr': '0.0002', 'total_loss': '0.00597926', 'main_loss': '0.00597926', 'time_per_step': '2.20629'}
2026-01-30 01:30:33,384 - train_greyscale_FA_MoE.py - {'step': '441900', 'lr': '0.0002', 'total_loss': '0.00879704', 'main_loss': '0.00879704', 'time_per_step': '2.2031'}
2026-01-30 01:34:21,648 - train_greyscale_FA_MoE.py - {'step': '442000', 'lr': '0.0002', 'total_loss': '0.00687002', 'main_loss': '0.00687002', 'time_per_step': '2.2318'}
2026-01-30 01:38:09,578 - train_greyscale_FA_MoE.py - {'step': '442100', 'lr': '0.0002', 'total_loss': '0.00792911', 'main_loss': '0.00792911', 'time_per_step': '2.25598'}
2026-01-30 01:41:56,645 - train_greyscale_FA_MoE.py - {'step': '442200', 'lr': '0.0002', 'total_loss': '0.0100313', 'main_loss': '0.0100313', 'time_per_step': '2.19838'}
2026-01-30 01:45:44,403 - train_greyscale_FA_MoE.py - {'step': '442300', 'lr': '0.0002', 'total_loss': '0.00907617', 'main_loss': '0.00907617', 'time_per_step': '2.09565'}
2026-01-30 01:49:31,985 - train_greyscale_FA_MoE.py - {'step': '442400', 'lr': '0.0002', 'total_loss': '0.00816499', 'main_loss': '0.00816499', 'time_per_step': '2.09167'}
2026-01-30 01:53:20,690 - train_greyscale_FA_MoE.py - {'step': '442500', 'lr': '0.0002', 'total_loss': '0.00676313', 'main_loss': '0.00676313', 'time_per_step': '2.21193'}
2026-01-30 01:57:07,497 - train_greyscale_FA_MoE.py - {'step': '442600', 'lr': '0.0002', 'total_loss': '0.0104442', 'main_loss': '0.0104442', 'time_per_step': '2.23607'}
2026-01-30 02:00:56,146 - train_greyscale_FA_MoE.py - {'step': '442700', 'lr': '0.0002', 'total_loss': '0.00779412', 'main_loss': '0.00779412', 'time_per_step': '2.24553'}
2026-01-30 02:04:43,987 - train_greyscale_FA_MoE.py - {'step': '442800', 'lr': '0.0002', 'total_loss': '0.00752912', 'main_loss': '0.00752912', 'time_per_step': '2.24425'}
2026-01-30 02:08:31,353 - train_greyscale_FA_MoE.py - {'step': '442900', 'lr': '0.0002', 'total_loss': '0.00774066', 'main_loss': '0.00774066', 'time_per_step': '2.24303'}
2026-01-30 02:12:18,113 - train_greyscale_FA_MoE.py - {'step': '443000', 'lr': '0.0002', 'total_loss': '0.00830249', 'main_loss': '0.00830249', 'time_per_step': '2.18766'}
2026-01-30 02:16:05,945 - train_greyscale_FA_MoE.py - {'step': '443100', 'lr': '0.0002', 'total_loss': '0.0111002', 'main_loss': '0.0111002', 'time_per_step': '2.20875'}
2026-01-30 02:19:53,349 - train_greyscale_FA_MoE.py - {'step': '443200', 'lr': '0.0002', 'total_loss': '0.00811818', 'main_loss': '0.00811818', 'time_per_step': '2.19125'}
2026-01-30 02:23:41,086 - train_greyscale_FA_MoE.py - {'step': '443300', 'lr': '0.0002', 'total_loss': '0.00795207', 'main_loss': '0.00795207', 'time_per_step': '2.18343'}
2026-01-30 02:27:27,690 - train_greyscale_FA_MoE.py - {'step': '443400', 'lr': '0.0002', 'total_loss': '0.00915723', 'main_loss': '0.00915723', 'time_per_step': '2.20477'}
2026-01-30 02:31:15,448 - train_greyscale_FA_MoE.py - {'step': '443500', 'lr': '0.0002', 'total_loss': '0.0107217', 'main_loss': '0.0107217', 'time_per_step': '2.09914'}
2026-01-30 02:35:02,036 - train_greyscale_FA_MoE.py - {'step': '443600', 'lr': '0.0002', 'total_loss': '0.00914946', 'main_loss': '0.00914946', 'time_per_step': '2.08614'}
2026-01-30 02:38:51,198 - train_greyscale_FA_MoE.py - {'step': '443700', 'lr': '0.0002', 'total_loss': '0.00730348', 'main_loss': '0.00730348', 'time_per_step': '3.37399'}
2026-01-30 02:42:37,994 - train_greyscale_FA_MoE.py - {'step': '443800', 'lr': '0.0002', 'total_loss': '0.00619739', 'main_loss': '0.00619739', 'time_per_step': '2.19216'}
2026-01-30 02:46:25,228 - train_greyscale_FA_MoE.py - {'step': '443900', 'lr': '0.0002', 'total_loss': '0.0118704', 'main_loss': '0.0118704', 'time_per_step': '2.24075'}
2026-01-30 02:50:13,298 - train_greyscale_FA_MoE.py - {'step': '444000', 'lr': '0.0002', 'total_loss': '0.00883261', 'main_loss': '0.00883261', 'time_per_step': '2.1933'}
2026-01-30 02:54:00,022 - train_greyscale_FA_MoE.py - {'step': '444100', 'lr': '0.0002', 'total_loss': '0.00921627', 'main_loss': '0.00921627', 'time_per_step': '2.30171'}
2026-01-30 02:57:48,244 - train_greyscale_FA_MoE.py - {'step': '444200', 'lr': '0.0002', 'total_loss': '0.00935499', 'main_loss': '0.00935499', 'time_per_step': '2.20885'}
2026-01-30 03:01:37,105 - train_greyscale_FA_MoE.py - {'step': '444300', 'lr': '0.0002', 'total_loss': '0.00470781', 'main_loss': '0.00470781', 'time_per_step': '2.20361'}
2026-01-30 03:05:24,964 - train_greyscale_FA_MoE.py - {'step': '444400', 'lr': '0.0002', 'total_loss': '0.00646298', 'main_loss': '0.00646298', 'time_per_step': '2.24352'}
2026-01-30 03:09:11,619 - train_greyscale_FA_MoE.py - {'step': '444500', 'lr': '0.0002', 'total_loss': '0.0076503', 'main_loss': '0.0076503', 'time_per_step': '2.2019'}
2026-01-30 03:13:00,046 - train_greyscale_FA_MoE.py - {'step': '444600', 'lr': '0.0002', 'total_loss': '0.00891956', 'main_loss': '0.00891956', 'time_per_step': '2.27986'}
2026-01-30 03:16:47,194 - train_greyscale_FA_MoE.py - {'step': '444700', 'lr': '0.0002', 'total_loss': '0.00718135', 'main_loss': '0.00718135', 'time_per_step': '2.09439'}
2026-01-30 03:20:33,499 - train_greyscale_FA_MoE.py - {'step': '444800', 'lr': '0.0002', 'total_loss': '0.00513744', 'main_loss': '0.00513744', 'time_per_step': '2.09167'}
2026-01-30 03:24:20,560 - train_greyscale_FA_MoE.py - {'step': '444900', 'lr': '0.0002', 'total_loss': '0.00731468', 'main_loss': '0.00731468', 'time_per_step': '2.23049'}
2026-01-30 03:28:08,811 - train_greyscale_FA_MoE.py - {'step': '445000', 'lr': '0.0002', 'total_loss': '0.00427304', 'main_loss': '0.00427304', 'time_per_step': '2.21961'}
2026-01-30 03:31:56,493 - train_greyscale_FA_MoE.py - {'step': '445100', 'lr': '0.0002', 'total_loss': '0.01118', 'main_loss': '0.01118', 'time_per_step': '2.20245'}
2026-01-30 03:35:44,905 - train_greyscale_FA_MoE.py - {'step': '445200', 'lr': '0.0002', 'total_loss': '0.00626776', 'main_loss': '0.00626776', 'time_per_step': '2.1928'}
2026-01-30 03:39:32,103 - train_greyscale_FA_MoE.py - {'step': '445300', 'lr': '0.0002', 'total_loss': '0.00942692', 'main_loss': '0.00942692', 'time_per_step': '2.20311'}
2026-01-30 03:43:20,229 - train_greyscale_FA_MoE.py - {'step': '445400', 'lr': '0.0002', 'total_loss': '0.00529647', 'main_loss': '0.00529647', 'time_per_step': '2.19823'}
2026-01-30 03:47:07,692 - train_greyscale_FA_MoE.py - {'step': '445500', 'lr': '0.0002', 'total_loss': '0.0129771', 'main_loss': '0.0129771', 'time_per_step': '2.20634'}
2026-01-30 03:50:56,538 - train_greyscale_FA_MoE.py - {'step': '445600', 'lr': '0.0002', 'total_loss': '0.0101024', 'main_loss': '0.0101024', 'time_per_step': '2.20848'}
2026-01-30 03:54:43,292 - train_greyscale_FA_MoE.py - {'step': '445700', 'lr': '0.0002', 'total_loss': '0.00560479', 'main_loss': '0.00560479', 'time_per_step': '2.2152'}
2026-01-30 03:58:30,278 - train_greyscale_FA_MoE.py - {'step': '445800', 'lr': '0.0002', 'total_loss': '0.00634625', 'main_loss': '0.00634625', 'time_per_step': '2.29332'}
2026-01-30 04:02:18,365 - train_greyscale_FA_MoE.py - {'step': '445900', 'lr': '0.0002', 'total_loss': '0.00577285', 'main_loss': '0.00577285', 'time_per_step': '2.09773'}
2026-01-30 04:06:05,268 - train_greyscale_FA_MoE.py - {'step': '446000', 'lr': '0.0002', 'total_loss': '0.00949472', 'main_loss': '0.00949472', 'time_per_step': '2.08896'}
2026-01-30 04:09:53,046 - train_greyscale_FA_MoE.py - {'step': '446100', 'lr': '0.0002', 'total_loss': '0.00588575', 'main_loss': '0.00588575', 'time_per_step': '2.19626'}
2026-01-30 04:13:41,256 - train_greyscale_FA_MoE.py - {'step': '446200', 'lr': '0.0002', 'total_loss': '0.00782078', 'main_loss': '0.00782078', 'time_per_step': '2.21734'}
2026-01-30 04:17:28,319 - train_greyscale_FA_MoE.py - {'step': '446300', 'lr': '0.0002', 'total_loss': '0.00603596', 'main_loss': '0.00603596', 'time_per_step': '2.20847'}
2026-01-30 04:21:16,631 - train_greyscale_FA_MoE.py - {'step': '446400', 'lr': '0.0002', 'total_loss': '0.00465253', 'main_loss': '0.00465253', 'time_per_step': '2.19208'}
2026-01-30 04:25:03,588 - train_greyscale_FA_MoE.py - {'step': '446500', 'lr': '0.0002', 'total_loss': '0.0108005', 'main_loss': '0.0108005', 'time_per_step': '2.19473'}
2026-01-30 04:28:51,628 - train_greyscale_FA_MoE.py - {'step': '446600', 'lr': '0.0002', 'total_loss': '0.00804992', 'main_loss': '0.00804992', 'time_per_step': '2.2148'}
2026-01-30 04:32:39,659 - train_greyscale_FA_MoE.py - {'step': '446700', 'lr': '0.0002', 'total_loss': '0.00825918', 'main_loss': '0.00825918', 'time_per_step': '2.44064'}
2026-01-30 04:36:27,139 - train_greyscale_FA_MoE.py - {'step': '446800', 'lr': '0.0002', 'total_loss': '0.0105465', 'main_loss': '0.0105465', 'time_per_step': '2.2211'}
2026-01-30 04:40:13,802 - train_greyscale_FA_MoE.py - {'step': '446900', 'lr': '0.0002', 'total_loss': '0.00722414', 'main_loss': '0.00722414', 'time_per_step': '2.1985'}
2026-01-30 04:44:01,949 - train_greyscale_FA_MoE.py - {'step': '447000', 'lr': '0.0002', 'total_loss': '0.00976958', 'main_loss': '0.00976958', 'time_per_step': '2.26842'}
2026-01-30 04:47:49,614 - train_greyscale_FA_MoE.py - {'step': '447100', 'lr': '0.0002', 'total_loss': '0.00805147', 'main_loss': '0.00805147', 'time_per_step': '2.10331'}
2026-01-30 04:51:36,167 - train_greyscale_FA_MoE.py - {'step': '447200', 'lr': '0.0002', 'total_loss': '0.00628056', 'main_loss': '0.00628056', 'time_per_step': '2.0934'}
2026-01-30 04:55:23,578 - train_greyscale_FA_MoE.py - {'step': '447300', 'lr': '0.0002', 'total_loss': '0.00709967', 'main_loss': '0.00709967', 'time_per_step': '2.24916'}
2026-01-30 04:59:11,174 - train_greyscale_FA_MoE.py - {'step': '447400', 'lr': '0.0002', 'total_loss': '0.0070142', 'main_loss': '0.0070142', 'time_per_step': '2.20451'}
2026-01-30 05:02:59,448 - train_greyscale_FA_MoE.py - {'step': '447500', 'lr': '0.0002', 'total_loss': '0.00812401', 'main_loss': '0.00812401', 'time_per_step': '2.33107'}
2026-01-30 05:06:47,607 - train_greyscale_FA_MoE.py - {'step': '447600', 'lr': '0.0002', 'total_loss': '0.00657873', 'main_loss': '0.00657873', 'time_per_step': '2.22573'}
2026-01-30 05:10:34,480 - train_greyscale_FA_MoE.py - {'step': '447700', 'lr': '0.0002', 'total_loss': '0.00586939', 'main_loss': '0.00586939', 'time_per_step': '2.23535'}
2026-01-30 05:14:22,337 - train_greyscale_FA_MoE.py - {'step': '447800', 'lr': '0.0002', 'total_loss': '0.00590215', 'main_loss': '0.00590215', 'time_per_step': '2.20699'}
2026-01-30 05:18:10,559 - train_greyscale_FA_MoE.py - {'step': '447900', 'lr': '0.0002', 'total_loss': '0.0098197', 'main_loss': '0.0098197', 'time_per_step': '2.18964'}
2026-01-30 05:21:59,224 - train_greyscale_FA_MoE.py - {'step': '448000', 'lr': '0.0002', 'total_loss': '0.00905738', 'main_loss': '0.00905738', 'time_per_step': '2.24072'}
2026-01-30 05:25:45,939 - train_greyscale_FA_MoE.py - {'step': '448100', 'lr': '0.0002', 'total_loss': '0.00954663', 'main_loss': '0.00954663', 'time_per_step': '2.17839'}
2026-01-30 05:29:33,182 - train_greyscale_FA_MoE.py - {'step': '448200', 'lr': '0.0002', 'total_loss': '0.00533029', 'main_loss': '0.00533029', 'time_per_step': '2.17019'}
2026-01-30 05:33:20,704 - train_greyscale_FA_MoE.py - {'step': '448300', 'lr': '0.0002', 'total_loss': '0.00847497', 'main_loss': '0.00847497', 'time_per_step': '2.10456'}
2026-01-30 05:37:08,603 - train_greyscale_FA_MoE.py - {'step': '448400', 'lr': '0.0002', 'total_loss': '0.0109055', 'main_loss': '0.0109055', 'time_per_step': '2.10827'}
2026-01-30 05:40:56,227 - train_greyscale_FA_MoE.py - {'step': '448500', 'lr': '0.0002', 'total_loss': '0.00728375', 'main_loss': '0.00728375', 'time_per_step': '2.2218'}
2026-01-30 05:44:44,169 - train_greyscale_FA_MoE.py - {'step': '448600', 'lr': '0.0002', 'total_loss': '0.00541997', 'main_loss': '0.00541997', 'time_per_step': '2.20264'}
2026-01-30 05:48:32,122 - train_greyscale_FA_MoE.py - {'step': '448700', 'lr': '0.0002', 'total_loss': '0.00868033', 'main_loss': '0.00868033', 'time_per_step': '2.2103'}
2026-01-30 05:52:20,281 - train_greyscale_FA_MoE.py - {'step': '448800', 'lr': '0.0002', 'total_loss': '0.0107532', 'main_loss': '0.0107532', 'time_per_step': '2.21872'}
2026-01-30 05:56:07,273 - train_greyscale_FA_MoE.py - {'step': '448900', 'lr': '0.0002', 'total_loss': '0.00820279', 'main_loss': '0.00820279', 'time_per_step': '2.21262'}
2026-01-30 05:59:55,826 - train_greyscale_FA_MoE.py - {'step': '449000', 'lr': '0.0002', 'total_loss': '0.00721386', 'main_loss': '0.00721386', 'time_per_step': '2.8897'}
2026-01-30 06:03:43,845 - train_greyscale_FA_MoE.py - {'step': '449100', 'lr': '0.0002', 'total_loss': '0.00878981', 'main_loss': '0.00878981', 'time_per_step': '2.21439'}
2026-01-30 06:07:32,013 - train_greyscale_FA_MoE.py - {'step': '449200', 'lr': '0.0002', 'total_loss': '0.0114067', 'main_loss': '0.0114067', 'time_per_step': '2.27939'}
2026-01-30 06:11:18,423 - train_greyscale_FA_MoE.py - {'step': '449300', 'lr': '0.0002', 'total_loss': '0.00846801', 'main_loss': '0.00846801', 'time_per_step': '2.23569'}
2026-01-30 06:15:06,772 - train_greyscale_FA_MoE.py - {'step': '449400', 'lr': '0.0002', 'total_loss': '0.00737482', 'main_loss': '0.00737482', 'time_per_step': '2.20919'}
2026-01-30 06:18:54,948 - train_greyscale_FA_MoE.py - {'step': '449500', 'lr': '0.0002', 'total_loss': '0.00730655', 'main_loss': '0.00730655', 'time_per_step': '2.10521'}
2026-01-30 06:22:42,363 - train_greyscale_FA_MoE.py - {'step': '449600', 'lr': '0.0002', 'total_loss': '0.00476331', 'main_loss': '0.00476331', 'time_per_step': '2.0978'}
2026-01-30 06:26:30,281 - train_greyscale_FA_MoE.py - {'step': '449700', 'lr': '0.0002', 'total_loss': '0.00612896', 'main_loss': '0.00612896', 'time_per_step': '2.26253'}
2026-01-30 06:30:19,251 - train_greyscale_FA_MoE.py - {'step': '449800', 'lr': '0.0002', 'total_loss': '0.00874153', 'main_loss': '0.00874153', 'time_per_step': '2.21036'}
2026-01-30 06:34:06,356 - train_greyscale_FA_MoE.py - {'step': '449900', 'lr': '0.0002', 'total_loss': '0.00439939', 'main_loss': '0.00439939', 'time_per_step': '2.20257'}
2026-01-30 06:37:53,460 - train_greyscale_FA_MoE.py - {'step': '450000', 'lr': '0.0002', 'total_loss': '0.00560731', 'main_loss': '0.00560731', 'time_per_step': '2.21224'}
2026-01-30 06:37:53,534 - train_greyscale_FA_MoE.py - Saved expert distribution of layer in_block_0 to output_shift_fa/acdc_wholeheart_uncond_fa_ec_moe_greyscale_uvit_mid_4by4_l6r9_low16_Y_bound/samples/expert_distribution_in_block_0_step450000.npy
2026-01-30 06:37:55,300 - train_greyscale_FA_MoE.py - Saved expert distribution of layer out_block_7 to output_shift_fa/acdc_wholeheart_uncond_fa_ec_moe_greyscale_uvit_mid_4by4_l6r9_low16_Y_bound/samples/expert_distribution_out_block_7_step450000.npy
2026-01-30 06:37:56,685 - train_greyscale_FA_MoE.py - Save a grid of 16 samples into output_shift_fa/acdc_wholeheart_uncond_fa_ec_moe_greyscale_uvit_mid_4by4_l6r9_low16_Y_bound/samples/450000.png by DPM-Solver
2026-01-30 06:38:02,166 - train_greyscale_FA_MoE.py - Finished saving sample grid to output_shift_fa/acdc_wholeheart_uncond_fa_ec_moe_greyscale_uvit_mid_4by4_l6r9_low16_Y_bound/samples/450000.png by DPM-Solver.
2026-01-30 06:38:02,280 - train_greyscale_FA_MoE.py - Save and eval checkpoint 450000...
2026-01-30 06:38:04,702 - train_greyscale_FA_MoE.py - eval_step: n_samples=50000, sample_steps=50, algorithm=dpm_solver, mini_batch_size=500, samples save into output_shift_fa/acdc_wholeheart_uncond_fa_ec_moe_greyscale_uvit_mid_4by4_l6r9_low16_Y_bound/samples/acdc_wholeheart_uncond_uvit_FA_EC_MoE_greyscale_mid_4by4_low16_450000_dpm
2026-02-03 08:39:14,260 - train_greyscale_FA_MoE.py - ckpt_root: output_shift_fa/acdc_wholeheart_uncond_fa_ec_moe_greyscale_uvit_mid_4by4_l6r9_low16_Y_bound/ckpts
dataset:
  SNR_scale: 4.0
  Y_bound: !!python/tuple
  - 502.5
  Y_entropy: !!python/tuple
  - 5.883
  - 3.501
  - 3.575
  - 2.418
  - 2.75
  - 2.341
  - 1.479
  - 2.017
  - 2.044
  - 1.453
  - 1.316
  - 1.586
  - 1.365
  - 1.174
  - 1.108
  - 1.0
  Y_max: !!python/tuple
  - 262.0
  - 112.375
  - 125.812
  - 49.0
  - 58.5
  - 46.5
  - 20.344
  - 32.906
  - 33.406
  - 19.953
  - 15.953
  - 22.0
  - 16.984
  - 12.812
  - 11.68
  - 7.461
  Y_mean: !!python/tuple
  - -270.982
  - -0.725
  - 0.44
  - 0.107
  - 0.009
  - 0.154
  - -0.058
  - 0.0
  - -0.008
  - 0.019
  - 0.009
  - -0.012
  - 0.005
  - 0.002
  - 0.004
  - -0.002
  Y_min: !!python/tuple
  - -502.5
  - -119.312
  - -122.375
  - -51.25
  - -58.906
  - -49.5
  - -20.703
  - -32.906
  - -33.094
  - -19.891
  - -15.891
  - -21.75
  - -16.969
  - -12.773
  - -11.648
  - -7.492
  Y_std: !!python/tuple
  - 182.433
  - 32.822
  - 34.997
  - 14.001
  - 17.621
  - 13.189
  - 5.791
  - 9.609
  - 9.805
  - 5.653
  - 4.634
  - 6.503
  - 4.964
  - 3.796
  - 3.44
  - 2.178
  block_sz: 4
  dataset_type: wholeheart
  frequency_aware_tokens: true
  greyscale: true
  low_freqs: 16
  name: acdc_uncond
  num_fa_length: 8
  num_fa_repeats: 9
  num_fa_repeats_x: 3
  num_fa_repeats_y: 3
  path: data/scratch/datasets/ACDC/Unlabeled/Wholeheart
  resolution: 96
  reweight: true
  reweight_dim: -1
  temperature: 0.0
  tokens: 128
  tokenwise_normalization: Y_bound
eval:
  cleanup_samples: true
  eval_start: 400000
  is_batch_size: 32
  lpips_batch_size: 32
  mini_batch_size: 500
  n_samples: 50000
  sample_steps: 100
eval_dir: output/evaluation/FA_EC_l8r9_4by4_low16
lr_scheduler:
  name: customized
  warmup_steps: 5000
mixed_precision: 'no'
name: acdc_wholeheart_uncond_uvit_FA_EC_MoE_greyscale_mid_4by4_low16
nnet:
  MoE:
    aux_loss_alpha: 0.0
    depth: 1
    noise_eps: 0.01
    num_experts: 4
    router: topk
    top_k: 2
    type: ecmoe
  depth: 16
  embed_dim: 768
  in_chans: 72
  low_freqs: 16
  mlp_ratio: 4
  mlp_time_embed: true
  name: uvit_greyscale_moe
  num_classes: -1
  num_heads: 12
  qkv_bias: false
  tokens: 128
  use_moe: true
optimizer:
  betas: !!python/tuple
  - 0.99
  - 0.99
  lr: 0.0002
  name: adamw
  weight_decay: 0.03
pred: noise_pred
private:
  accountant: prv
  dp_method: dpsgd
  max_grad_norm: 1.0
  noise_multiplier: 0.5
  secure_mode: false
  target_delta: 1.0e-05
  target_epsilon: 10
  use_dp: false
sample:
  algorithm: euler_maruyama_ode
  mini_batch_size: 500
  n_samples: 50000
  path: data/scratch/samples
  sample_steps: 100
  save_npz: ''
  save_start: 20000
sample_dir: output_shift_fa/acdc_wholeheart_uncond_fa_ec_moe_greyscale_uvit_mid_4by4_l6r9_low16_Y_bound/samples
seed: 1234
train:
  batch_size: 512
  eval_interval: 25000
  log_interval: 100
  mode: uncond
  n_steps: 500000
  save_interval: 25000
workdir: output_shift_fa/acdc_wholeheart_uncond_fa_ec_moe_greyscale_uvit_mid_4by4_l6r9_low16_Y_bound

2026-02-03 08:40:31,489 - train_greyscale_FA_MoE.py - dataset samples: 25022
2026-02-03 08:40:31,490 - train_greyscale_FA_MoE.py - Using Y_bound for positional token normalization
2026-02-03 08:40:39,751 - utils.py - nnet has 163173192 parameters
2026-02-03 08:40:40,503 - utils.py - resume from output_shift_fa/acdc_wholeheart_uncond_fa_ec_moe_greyscale_uvit_mid_4by4_l6r9_low16_Y_bound/ckpts/450000.ckpt
2026-02-03 08:40:40,504 - utils.py - load from output_shift_fa/acdc_wholeheart_uncond_fa_ec_moe_greyscale_uvit_mid_4by4_l6r9_low16_Y_bound/ckpts/450000.ckpt
2026-02-03 08:40:49,836 - train_greyscale_FA_MoE.py - using [5.883 3.501 3.575 2.418 2.75  2.341 1.479 2.017 2.044 1.453 1.316 1.586
 1.365 1.174 1.108 1.   ] for loss reweighting
2026-02-03 08:40:49,837 - train_greyscale_FA_MoE.py - Using temperature 0.0 for loss reweighting
2026-02-03 08:40:50,035 - train_greyscale_FA_MoE.py - Start fitting, step=450000, mixed_precision=no
2026-02-03 08:46:12,132 - train_greyscale_FA_MoE.py - {'step': '450100', 'lr': '0.0002', 'total_loss': '0.00703576', 'main_loss': '0.00703576', 'time_per_step': '2.20786'}
2026-02-03 08:49:58,045 - train_greyscale_FA_MoE.py - {'step': '450200', 'lr': '0.0002', 'total_loss': '0.00642619', 'main_loss': '0.00642619', 'time_per_step': '2.20076'}
2026-02-03 08:53:44,748 - train_greyscale_FA_MoE.py - {'step': '450300', 'lr': '0.0002', 'total_loss': '0.00564562', 'main_loss': '0.00564562', 'time_per_step': '2.21061'}
2026-02-03 08:57:32,127 - train_greyscale_FA_MoE.py - {'step': '450400', 'lr': '0.0002', 'total_loss': '0.00689754', 'main_loss': '0.00689754', 'time_per_step': '2.20608'}
2026-02-03 09:01:19,226 - train_greyscale_FA_MoE.py - {'step': '450500', 'lr': '0.0002', 'total_loss': '0.00948518', 'main_loss': '0.00948518', 'time_per_step': '2.19658'}
2026-02-03 09:05:05,644 - train_greyscale_FA_MoE.py - {'step': '450600', 'lr': '0.0002', 'total_loss': '0.00938383', 'main_loss': '0.00938383', 'time_per_step': '2.14196'}
2026-02-03 09:08:52,566 - train_greyscale_FA_MoE.py - {'step': '450700', 'lr': '0.0002', 'total_loss': '0.00976389', 'main_loss': '0.00976389', 'time_per_step': '2.21398'}
2026-02-03 09:12:39,713 - train_greyscale_FA_MoE.py - {'step': '450800', 'lr': '0.0002', 'total_loss': '0.00697393', 'main_loss': '0.00697393', 'time_per_step': '2.20426'}
2026-02-03 09:16:28,310 - train_greyscale_FA_MoE.py - {'step': '450900', 'lr': '0.0002', 'total_loss': '0.0104791', 'main_loss': '0.0104791', 'time_per_step': '2.21361'}
2026-02-03 09:20:14,491 - train_greyscale_FA_MoE.py - {'step': '451000', 'lr': '0.0002', 'total_loss': '0.00535746', 'main_loss': '0.00535746', 'time_per_step': '2.22967'}
2026-02-03 09:24:02,033 - train_greyscale_FA_MoE.py - {'step': '451100', 'lr': '0.0002', 'total_loss': '0.00938926', 'main_loss': '0.00938926', 'time_per_step': '2.11412'}
2026-02-03 09:27:48,817 - train_greyscale_FA_MoE.py - {'step': '451200', 'lr': '0.0002', 'total_loss': '0.00670077', 'main_loss': '0.00670077', 'time_per_step': '2.08158'}
2026-02-03 09:31:36,434 - train_greyscale_FA_MoE.py - {'step': '451300', 'lr': '0.0002', 'total_loss': '0.0083008', 'main_loss': '0.0083008', 'time_per_step': '2.19039'}
2026-02-03 09:35:22,570 - train_greyscale_FA_MoE.py - {'step': '451400', 'lr': '0.0002', 'total_loss': '0.00963983', 'main_loss': '0.00963983', 'time_per_step': '2.26934'}
2026-02-03 09:39:10,161 - train_greyscale_FA_MoE.py - {'step': '451500', 'lr': '0.0002', 'total_loss': '0.00472431', 'main_loss': '0.00472431', 'time_per_step': '2.3009'}
2026-02-03 09:42:57,032 - train_greyscale_FA_MoE.py - {'step': '451600', 'lr': '0.0002', 'total_loss': '0.00453546', 'main_loss': '0.00453546', 'time_per_step': '2.21538'}
2026-02-03 09:46:43,904 - train_greyscale_FA_MoE.py - {'step': '451700', 'lr': '0.0002', 'total_loss': '0.00656395', 'main_loss': '0.00656395', 'time_per_step': '2.22033'}
2026-02-03 09:50:30,428 - train_greyscale_FA_MoE.py - {'step': '451800', 'lr': '0.0002', 'total_loss': '0.0092938', 'main_loss': '0.0092938', 'time_per_step': '2.20715'}
2026-02-03 09:54:17,636 - train_greyscale_FA_MoE.py - {'step': '451900', 'lr': '0.0002', 'total_loss': '0.0116839', 'main_loss': '0.0116839', 'time_per_step': '2.2101'}
2026-02-03 09:58:04,746 - train_greyscale_FA_MoE.py - {'step': '452000', 'lr': '0.0002', 'total_loss': '0.00872559', 'main_loss': '0.00872559', 'time_per_step': '2.14082'}
2026-02-03 10:01:50,901 - train_greyscale_FA_MoE.py - {'step': '452100', 'lr': '0.0002', 'total_loss': '0.00867519', 'main_loss': '0.00867519', 'time_per_step': '2.1957'}
2026-02-03 10:05:37,578 - train_greyscale_FA_MoE.py - {'step': '452200', 'lr': '0.0002', 'total_loss': '0.00837204', 'main_loss': '0.00837204', 'time_per_step': '2.1912'}
2026-02-03 10:09:24,631 - train_greyscale_FA_MoE.py - {'step': '452300', 'lr': '0.0002', 'total_loss': '0.00614758', 'main_loss': '0.00614758', 'time_per_step': '2.08422'}
2026-02-03 10:13:11,131 - train_greyscale_FA_MoE.py - {'step': '452400', 'lr': '0.0002', 'total_loss': '0.00497127', 'main_loss': '0.00497127', 'time_per_step': '2.07357'}
2026-02-03 10:16:58,992 - train_greyscale_FA_MoE.py - {'step': '452500', 'lr': '0.0002', 'total_loss': '0.0100055', 'main_loss': '0.0100055', 'time_per_step': '2.22064'}
2026-02-03 10:20:46,781 - train_greyscale_FA_MoE.py - {'step': '452600', 'lr': '0.0002', 'total_loss': '0.0068883', 'main_loss': '0.0068883', 'time_per_step': '2.22754'}
2026-02-03 10:24:34,823 - train_greyscale_FA_MoE.py - {'step': '452700', 'lr': '0.0002', 'total_loss': '0.00929789', 'main_loss': '0.00929789', 'time_per_step': '2.20621'}
2026-02-03 10:28:22,209 - train_greyscale_FA_MoE.py - {'step': '452800', 'lr': '0.0002', 'total_loss': '0.00754503', 'main_loss': '0.00754503', 'time_per_step': '2.27068'}
2026-02-03 10:32:08,162 - train_greyscale_FA_MoE.py - {'step': '452900', 'lr': '0.0002', 'total_loss': '0.00606328', 'main_loss': '0.00606328', 'time_per_step': '2.22801'}
2026-02-03 10:35:55,528 - train_greyscale_FA_MoE.py - {'step': '453000', 'lr': '0.0002', 'total_loss': '0.011319', 'main_loss': '0.011319', 'time_per_step': '2.20995'}
2026-02-03 10:39:42,983 - train_greyscale_FA_MoE.py - {'step': '453100', 'lr': '0.0002', 'total_loss': '0.0126613', 'main_loss': '0.0126613', 'time_per_step': '2.23249'}
2026-02-03 10:43:29,979 - train_greyscale_FA_MoE.py - {'step': '453200', 'lr': '0.0002', 'total_loss': '0.00960009', 'main_loss': '0.00960009', 'time_per_step': '2.21211'}
2026-02-03 10:47:16,257 - train_greyscale_FA_MoE.py - {'step': '453300', 'lr': '0.0002', 'total_loss': '0.00832576', 'main_loss': '0.00832576', 'time_per_step': '2.21689'}
2026-02-03 10:51:03,216 - train_greyscale_FA_MoE.py - {'step': '453400', 'lr': '0.0002', 'total_loss': '0.00735894', 'main_loss': '0.00735894', 'time_per_step': '2.20112'}
2026-02-03 10:54:50,717 - train_greyscale_FA_MoE.py - {'step': '453500', 'lr': '0.0002', 'total_loss': '0.00732255', 'main_loss': '0.00732255', 'time_per_step': '2.08252'}
2026-02-03 10:58:37,400 - train_greyscale_FA_MoE.py - {'step': '453600', 'lr': '0.0002', 'total_loss': '0.0044155', 'main_loss': '0.0044155', 'time_per_step': '2.08326'}
2026-02-03 11:02:24,331 - train_greyscale_FA_MoE.py - {'step': '453700', 'lr': '0.0002', 'total_loss': '0.00505155', 'main_loss': '0.00505155', 'time_per_step': '2.25278'}
2026-02-03 11:06:12,015 - train_greyscale_FA_MoE.py - {'step': '453800', 'lr': '0.0002', 'total_loss': '0.00642981', 'main_loss': '0.00642981', 'time_per_step': '2.21646'}
2026-02-03 11:09:59,386 - train_greyscale_FA_MoE.py - {'step': '453900', 'lr': '0.0002', 'total_loss': '0.00959493', 'main_loss': '0.00959493', 'time_per_step': '2.13504'}
2026-02-03 11:13:47,158 - train_greyscale_FA_MoE.py - {'step': '454000', 'lr': '0.0002', 'total_loss': '0.00917521', 'main_loss': '0.00917521', 'time_per_step': '2.21471'}
2026-02-03 11:17:34,690 - train_greyscale_FA_MoE.py - {'step': '454100', 'lr': '0.0002', 'total_loss': '0.00728486', 'main_loss': '0.00728486', 'time_per_step': '2.22566'}
2026-02-03 11:21:23,105 - train_greyscale_FA_MoE.py - {'step': '454200', 'lr': '0.0002', 'total_loss': '0.00520192', 'main_loss': '0.00520192', 'time_per_step': '2.2727'}
2026-02-03 11:25:09,997 - train_greyscale_FA_MoE.py - {'step': '454300', 'lr': '0.0002', 'total_loss': '0.00824873', 'main_loss': '0.00824873', 'time_per_step': '2.27109'}
2026-02-03 11:28:57,579 - train_greyscale_FA_MoE.py - {'step': '454400', 'lr': '0.0002', 'total_loss': '0.00691836', 'main_loss': '0.00691836', 'time_per_step': '2.20318'}
2026-02-03 11:32:43,707 - train_greyscale_FA_MoE.py - {'step': '454500', 'lr': '0.0002', 'total_loss': '0.00463792', 'main_loss': '0.00463792', 'time_per_step': '2.15046'}
2026-02-03 11:36:31,237 - train_greyscale_FA_MoE.py - {'step': '454600', 'lr': '0.0002', 'total_loss': '0.00946429', 'main_loss': '0.00946429', 'time_per_step': '2.20968'}
2026-02-03 11:40:18,876 - train_greyscale_FA_MoE.py - {'step': '454700', 'lr': '0.0002', 'total_loss': '0.00829968', 'main_loss': '0.00829968', 'time_per_step': '2.08352'}
2026-02-03 11:44:05,956 - train_greyscale_FA_MoE.py - {'step': '454800', 'lr': '0.0002', 'total_loss': '0.00690129', 'main_loss': '0.00690129', 'time_per_step': '2.084'}
2026-02-03 11:47:52,693 - train_greyscale_FA_MoE.py - {'step': '454900', 'lr': '0.0002', 'total_loss': '0.00621811', 'main_loss': '0.00621811', 'time_per_step': '2.2489'}
2026-02-03 11:51:40,196 - train_greyscale_FA_MoE.py - {'step': '455000', 'lr': '0.0002', 'total_loss': '0.0088307', 'main_loss': '0.0088307', 'time_per_step': '2.22937'}
2026-02-03 11:55:28,370 - train_greyscale_FA_MoE.py - {'step': '455100', 'lr': '0.0002', 'total_loss': '0.00692032', 'main_loss': '0.00692032', 'time_per_step': '2.1847'}
2026-02-03 11:59:15,852 - train_greyscale_FA_MoE.py - {'step': '455200', 'lr': '0.0002', 'total_loss': '0.00678516', 'main_loss': '0.00678516', 'time_per_step': '2.18728'}
2026-02-03 12:03:02,353 - train_greyscale_FA_MoE.py - {'step': '455300', 'lr': '0.0002', 'total_loss': '0.006338', 'main_loss': '0.006338', 'time_per_step': '2.21434'}
2026-02-03 12:06:49,598 - train_greyscale_FA_MoE.py - {'step': '455400', 'lr': '0.0002', 'total_loss': '0.00532093', 'main_loss': '0.00532093', 'time_per_step': '2.18963'}
2026-02-03 12:10:36,718 - train_greyscale_FA_MoE.py - {'step': '455500', 'lr': '0.0002', 'total_loss': '0.00698356', 'main_loss': '0.00698356', 'time_per_step': '2.17645'}
2026-02-03 12:14:24,405 - train_greyscale_FA_MoE.py - {'step': '455600', 'lr': '0.0002', 'total_loss': '0.0102826', 'main_loss': '0.0102826', 'time_per_step': '2.48123'}
2026-02-03 12:18:10,693 - train_greyscale_FA_MoE.py - {'step': '455700', 'lr': '0.0002', 'total_loss': '0.0106354', 'main_loss': '0.0106354', 'time_per_step': '2.37086'}
2026-02-03 12:21:58,312 - train_greyscale_FA_MoE.py - {'step': '455800', 'lr': '0.0002', 'total_loss': '0.00486752', 'main_loss': '0.00486752', 'time_per_step': '2.20531'}
2026-02-03 12:25:45,574 - train_greyscale_FA_MoE.py - {'step': '455900', 'lr': '0.0002', 'total_loss': '0.0081949', 'main_loss': '0.0081949', 'time_per_step': '2.09367'}
2026-02-03 12:29:32,913 - train_greyscale_FA_MoE.py - {'step': '456000', 'lr': '0.0002', 'total_loss': '0.00979673', 'main_loss': '0.00979673', 'time_per_step': '2.08162'}
2026-02-03 12:33:20,642 - train_greyscale_FA_MoE.py - {'step': '456100', 'lr': '0.0002', 'total_loss': '0.00637576', 'main_loss': '0.00637576', 'time_per_step': '2.2401'}
2026-02-03 12:37:08,252 - train_greyscale_FA_MoE.py - {'step': '456200', 'lr': '0.0002', 'total_loss': '0.0100129', 'main_loss': '0.0100129', 'time_per_step': '2.20786'}
2026-02-03 12:40:55,991 - train_greyscale_FA_MoE.py - {'step': '456300', 'lr': '0.0002', 'total_loss': '0.00716773', 'main_loss': '0.00716773', 'time_per_step': '2.20833'}
2026-02-03 12:44:43,795 - train_greyscale_FA_MoE.py - {'step': '456400', 'lr': '0.0002', 'total_loss': '0.00692671', 'main_loss': '0.00692671', 'time_per_step': '2.20835'}
2026-02-03 12:48:29,978 - train_greyscale_FA_MoE.py - {'step': '456500', 'lr': '0.0002', 'total_loss': '0.00688216', 'main_loss': '0.00688216', 'time_per_step': '2.21739'}
2026-02-03 12:52:16,542 - train_greyscale_FA_MoE.py - {'step': '456600', 'lr': '0.0002', 'total_loss': '0.00657111', 'main_loss': '0.00657111', 'time_per_step': '2.18005'}
2026-02-03 12:56:03,720 - train_greyscale_FA_MoE.py - {'step': '456700', 'lr': '0.0002', 'total_loss': '0.00520095', 'main_loss': '0.00520095', 'time_per_step': '2.19978'}
2026-02-03 12:59:51,079 - train_greyscale_FA_MoE.py - {'step': '456800', 'lr': '0.0002', 'total_loss': '0.0101406', 'main_loss': '0.0101406', 'time_per_step': '2.21007'}
2026-02-03 13:03:37,784 - train_greyscale_FA_MoE.py - {'step': '456900', 'lr': '0.0002', 'total_loss': '0.00800276', 'main_loss': '0.00800276', 'time_per_step': '2.21951'}
2026-02-03 13:07:25,398 - train_greyscale_FA_MoE.py - {'step': '457000', 'lr': '0.0002', 'total_loss': '0.0062067', 'main_loss': '0.0062067', 'time_per_step': '2.20182'}
2026-02-03 13:11:13,230 - train_greyscale_FA_MoE.py - {'step': '457100', 'lr': '0.0002', 'total_loss': '0.00850185', 'main_loss': '0.00850185', 'time_per_step': '2.08341'}
2026-02-03 13:15:01,052 - train_greyscale_FA_MoE.py - {'step': '457200', 'lr': '0.0002', 'total_loss': '0.00971193', 'main_loss': '0.00971193', 'time_per_step': '2.08265'}
2026-02-03 13:18:47,930 - train_greyscale_FA_MoE.py - {'step': '457300', 'lr': '0.0002', 'total_loss': '0.00720196', 'main_loss': '0.00720196', 'time_per_step': '2.20922'}
2026-02-03 13:22:35,731 - train_greyscale_FA_MoE.py - {'step': '457400', 'lr': '0.0002', 'total_loss': '0.00707329', 'main_loss': '0.00707329', 'time_per_step': '2.17903'}
2026-02-03 13:26:23,062 - train_greyscale_FA_MoE.py - {'step': '457500', 'lr': '0.0002', 'total_loss': '0.00739925', 'main_loss': '0.00739925', 'time_per_step': '2.26593'}
2026-02-03 13:30:10,430 - train_greyscale_FA_MoE.py - {'step': '457600', 'lr': '0.0002', 'total_loss': '0.00901357', 'main_loss': '0.00901357', 'time_per_step': '2.36077'}
2026-02-03 13:33:56,599 - train_greyscale_FA_MoE.py - {'step': '457700', 'lr': '0.0002', 'total_loss': '0.00727431', 'main_loss': '0.00727431', 'time_per_step': '2.23425'}
2026-02-03 13:37:43,793 - train_greyscale_FA_MoE.py - {'step': '457800', 'lr': '0.0002', 'total_loss': '0.00538408', 'main_loss': '0.00538408', 'time_per_step': '2.21378'}
2026-02-03 13:41:30,857 - train_greyscale_FA_MoE.py - {'step': '457900', 'lr': '0.0002', 'total_loss': '0.0085919', 'main_loss': '0.0085919', 'time_per_step': '2.22341'}
2026-02-03 13:45:17,773 - train_greyscale_FA_MoE.py - {'step': '458000', 'lr': '0.0002', 'total_loss': '0.0067925', 'main_loss': '0.0067925', 'time_per_step': '2.17524'}
2026-02-03 13:49:03,895 - train_greyscale_FA_MoE.py - {'step': '458100', 'lr': '0.0002', 'total_loss': '0.0112176', 'main_loss': '0.0112176', 'time_per_step': '2.23528'}
2026-02-03 13:52:50,991 - train_greyscale_FA_MoE.py - {'step': '458200', 'lr': '0.0002', 'total_loss': '0.00766803', 'main_loss': '0.00766803', 'time_per_step': '2.23904'}
2026-02-03 13:56:38,742 - train_greyscale_FA_MoE.py - {'step': '458300', 'lr': '0.0002', 'total_loss': '0.00767501', 'main_loss': '0.00767501', 'time_per_step': '2.08198'}
2026-02-03 14:00:25,722 - train_greyscale_FA_MoE.py - {'step': '458400', 'lr': '0.0002', 'total_loss': '0.00840196', 'main_loss': '0.00840196', 'time_per_step': '2.08303'}
2026-02-03 14:04:13,011 - train_greyscale_FA_MoE.py - {'step': '458500', 'lr': '0.0002', 'total_loss': '0.00576554', 'main_loss': '0.00576554', 'time_per_step': '2.20684'}
2026-02-03 14:08:00,520 - train_greyscale_FA_MoE.py - {'step': '458600', 'lr': '0.0002', 'total_loss': '0.00625993', 'main_loss': '0.00625993', 'time_per_step': '2.2122'}
2026-02-03 14:11:47,634 - train_greyscale_FA_MoE.py - {'step': '458700', 'lr': '0.0002', 'total_loss': '0.00928531', 'main_loss': '0.00928531', 'time_per_step': '2.20038'}
2026-02-03 14:15:35,887 - train_greyscale_FA_MoE.py - {'step': '458800', 'lr': '0.0002', 'total_loss': '0.0101106', 'main_loss': '0.0101106', 'time_per_step': '2.2239'}
2026-02-03 14:19:21,811 - train_greyscale_FA_MoE.py - {'step': '458900', 'lr': '0.0002', 'total_loss': '0.00854428', 'main_loss': '0.00854428', 'time_per_step': '2.16632'}
2026-02-03 14:23:09,735 - train_greyscale_FA_MoE.py - {'step': '459000', 'lr': '0.0002', 'total_loss': '0.0101494', 'main_loss': '0.0101494', 'time_per_step': '2.22546'}
2026-02-03 14:26:56,431 - train_greyscale_FA_MoE.py - {'step': '459100', 'lr': '0.0002', 'total_loss': '0.00939193', 'main_loss': '0.00939193', 'time_per_step': '2.21558'}
2026-02-03 14:30:43,275 - train_greyscale_FA_MoE.py - {'step': '459200', 'lr': '0.0002', 'total_loss': '0.0104568', 'main_loss': '0.0104568', 'time_per_step': '2.20208'}
2026-02-03 14:34:30,086 - train_greyscale_FA_MoE.py - {'step': '459300', 'lr': '0.0002', 'total_loss': '0.0116776', 'main_loss': '0.0116776', 'time_per_step': '2.20403'}
2026-02-03 14:38:17,017 - train_greyscale_FA_MoE.py - {'step': '459400', 'lr': '0.0002', 'total_loss': '0.00580419', 'main_loss': '0.00580419', 'time_per_step': '2.2157'}
2026-02-03 14:42:03,578 - train_greyscale_FA_MoE.py - {'step': '459500', 'lr': '0.0002', 'total_loss': '0.00936967', 'main_loss': '0.00936967', 'time_per_step': '2.07394'}
2026-02-03 14:45:50,292 - train_greyscale_FA_MoE.py - {'step': '459600', 'lr': '0.0002', 'total_loss': '0.00800443', 'main_loss': '0.00800443', 'time_per_step': '2.08297'}
2026-02-03 14:49:37,660 - train_greyscale_FA_MoE.py - {'step': '459700', 'lr': '0.0002', 'total_loss': '0.0110922', 'main_loss': '0.0110922', 'time_per_step': '2.21896'}
2026-02-03 14:53:24,490 - train_greyscale_FA_MoE.py - {'step': '459800', 'lr': '0.0002', 'total_loss': '0.00747894', 'main_loss': '0.00747894', 'time_per_step': '2.19602'}
2026-02-03 14:57:11,545 - train_greyscale_FA_MoE.py - {'step': '459900', 'lr': '0.0002', 'total_loss': '0.00917699', 'main_loss': '0.00917699', 'time_per_step': '2.234'}
2026-02-03 15:00:58,425 - train_greyscale_FA_MoE.py - {'step': '460000', 'lr': '0.0002', 'total_loss': '0.00696277', 'main_loss': '0.00696277', 'time_per_step': '2.19759'}
2026-02-03 15:04:44,784 - train_greyscale_FA_MoE.py - {'step': '460100', 'lr': '0.0002', 'total_loss': '0.00632671', 'main_loss': '0.00632671', 'time_per_step': '2.17889'}
2026-02-03 15:08:32,280 - train_greyscale_FA_MoE.py - {'step': '460200', 'lr': '0.0002', 'total_loss': '0.00500791', 'main_loss': '0.00500791', 'time_per_step': '2.25941'}
2026-02-03 15:12:19,921 - train_greyscale_FA_MoE.py - {'step': '460300', 'lr': '0.0002', 'total_loss': '0.00621906', 'main_loss': '0.00621906', 'time_per_step': '2.20741'}
2026-02-03 15:16:08,120 - train_greyscale_FA_MoE.py - {'step': '460400', 'lr': '0.0002', 'total_loss': '0.00647293', 'main_loss': '0.00647293', 'time_per_step': '2.19507'}
2026-02-03 15:19:54,631 - train_greyscale_FA_MoE.py - {'step': '460500', 'lr': '0.0002', 'total_loss': '0.00532232', 'main_loss': '0.00532232', 'time_per_step': '2.20642'}
2026-02-03 15:23:41,512 - train_greyscale_FA_MoE.py - {'step': '460600', 'lr': '0.0002', 'total_loss': '0.00540231', 'main_loss': '0.00540231', 'time_per_step': '2.2079'}
2026-02-03 15:27:29,046 - train_greyscale_FA_MoE.py - {'step': '460700', 'lr': '0.0002', 'total_loss': '0.00965241', 'main_loss': '0.00965241', 'time_per_step': '2.07797'}
2026-02-03 15:31:14,986 - train_greyscale_FA_MoE.py - {'step': '460800', 'lr': '0.0002', 'total_loss': '0.0105008', 'main_loss': '0.0105008', 'time_per_step': '2.08257'}
2026-02-03 15:35:02,937 - train_greyscale_FA_MoE.py - {'step': '460900', 'lr': '0.0002', 'total_loss': '0.00810929', 'main_loss': '0.00810929', 'time_per_step': '2.22713'}
2026-02-03 15:38:49,908 - train_greyscale_FA_MoE.py - {'step': '461000', 'lr': '0.0002', 'total_loss': '0.00593466', 'main_loss': '0.00593466', 'time_per_step': '2.22624'}
2026-02-03 15:42:37,049 - train_greyscale_FA_MoE.py - {'step': '461100', 'lr': '0.0002', 'total_loss': '0.00834582', 'main_loss': '0.00834582', 'time_per_step': '2.20952'}
2026-02-03 15:46:23,832 - train_greyscale_FA_MoE.py - {'step': '461200', 'lr': '0.0002', 'total_loss': '0.00845779', 'main_loss': '0.00845779', 'time_per_step': '2.25457'}
2026-02-03 15:50:10,368 - train_greyscale_FA_MoE.py - {'step': '461300', 'lr': '0.0002', 'total_loss': '0.00643944', 'main_loss': '0.00643944', 'time_per_step': '2.36052'}
2026-02-03 15:53:58,071 - train_greyscale_FA_MoE.py - {'step': '461400', 'lr': '0.0002', 'total_loss': '0.00879384', 'main_loss': '0.00879384', 'time_per_step': '2.21856'}
2026-02-03 15:57:45,622 - train_greyscale_FA_MoE.py - {'step': '461500', 'lr': '0.0002', 'total_loss': '0.00510498', 'main_loss': '0.00510498', 'time_per_step': '2.22909'}
2026-02-03 16:01:32,087 - train_greyscale_FA_MoE.py - {'step': '461600', 'lr': '0.0002', 'total_loss': '0.00872496', 'main_loss': '0.00872496', 'time_per_step': '2.27445'}
2026-02-03 16:05:19,011 - train_greyscale_FA_MoE.py - {'step': '461700', 'lr': '0.0002', 'total_loss': '0.00797922', 'main_loss': '0.00797922', 'time_per_step': '2.24457'}
2026-02-03 16:09:06,794 - train_greyscale_FA_MoE.py - {'step': '461800', 'lr': '0.0002', 'total_loss': '0.00858939', 'main_loss': '0.00858939', 'time_per_step': '2.19972'}
2026-02-03 16:12:53,902 - train_greyscale_FA_MoE.py - {'step': '461900', 'lr': '0.0002', 'total_loss': '0.00668955', 'main_loss': '0.00668955', 'time_per_step': '2.13337'}
2026-02-03 16:16:40,304 - train_greyscale_FA_MoE.py - {'step': '462000', 'lr': '0.0002', 'total_loss': '0.0106702', 'main_loss': '0.0106702', 'time_per_step': '2.08286'}
2026-02-03 16:20:28,270 - train_greyscale_FA_MoE.py - {'step': '462100', 'lr': '0.0002', 'total_loss': '0.00852075', 'main_loss': '0.00852075', 'time_per_step': '2.17257'}
2026-02-03 16:24:15,748 - train_greyscale_FA_MoE.py - {'step': '462200', 'lr': '0.0002', 'total_loss': '0.00686984', 'main_loss': '0.00686984', 'time_per_step': '2.22463'}
2026-02-03 16:28:03,304 - train_greyscale_FA_MoE.py - {'step': '462300', 'lr': '0.0002', 'total_loss': '0.00662817', 'main_loss': '0.00662817', 'time_per_step': '2.21142'}
2026-02-03 16:31:49,563 - train_greyscale_FA_MoE.py - {'step': '462400', 'lr': '0.0002', 'total_loss': '0.00820247', 'main_loss': '0.00820247', 'time_per_step': '2.24205'}
2026-02-03 16:35:37,196 - train_greyscale_FA_MoE.py - {'step': '462500', 'lr': '0.0002', 'total_loss': '0.00840712', 'main_loss': '0.00840712', 'time_per_step': '2.13815'}
2026-02-03 16:39:24,779 - train_greyscale_FA_MoE.py - {'step': '462600', 'lr': '0.0002', 'total_loss': '0.00656', 'main_loss': '0.00656', 'time_per_step': '2.2068'}
2026-02-03 16:43:12,418 - train_greyscale_FA_MoE.py - {'step': '462700', 'lr': '0.0002', 'total_loss': '0.00798637', 'main_loss': '0.00798637', 'time_per_step': '2.20399'}
2026-02-03 16:46:57,900 - train_greyscale_FA_MoE.py - {'step': '462800', 'lr': '0.0002', 'total_loss': '0.00941298', 'main_loss': '0.00941298', 'time_per_step': '2.19969'}
2026-02-03 16:50:45,315 - train_greyscale_FA_MoE.py - {'step': '462900', 'lr': '0.0002', 'total_loss': '0.00604956', 'main_loss': '0.00604956', 'time_per_step': '2.22548'}
2026-02-03 16:54:32,458 - train_greyscale_FA_MoE.py - {'step': '463000', 'lr': '0.0002', 'total_loss': '0.00895764', 'main_loss': '0.00895764', 'time_per_step': '2.22123'}
2026-02-03 16:58:19,621 - train_greyscale_FA_MoE.py - {'step': '463100', 'lr': '0.0002', 'total_loss': '0.00996654', 'main_loss': '0.00996654', 'time_per_step': '2.09215'}
2026-02-03 17:02:05,072 - train_greyscale_FA_MoE.py - {'step': '463200', 'lr': '0.0002', 'total_loss': '0.00998625', 'main_loss': '0.00998625', 'time_per_step': '2.07919'}
2026-02-03 17:05:52,259 - train_greyscale_FA_MoE.py - {'step': '463300', 'lr': '0.0002', 'total_loss': '0.0108432', 'main_loss': '0.0108432', 'time_per_step': '2.27914'}
2026-02-03 17:09:39,525 - train_greyscale_FA_MoE.py - {'step': '463400', 'lr': '0.0002', 'total_loss': '0.00870624', 'main_loss': '0.00870624', 'time_per_step': '2.15501'}
2026-02-03 17:13:27,007 - train_greyscale_FA_MoE.py - {'step': '463500', 'lr': '0.0002', 'total_loss': '0.00766205', 'main_loss': '0.00766205', 'time_per_step': '2.20655'}
2026-02-03 17:17:14,405 - train_greyscale_FA_MoE.py - {'step': '463600', 'lr': '0.0002', 'total_loss': '0.0115407', 'main_loss': '0.0115407', 'time_per_step': '2.21353'}
2026-02-03 17:21:01,974 - train_greyscale_FA_MoE.py - {'step': '463700', 'lr': '0.0002', 'total_loss': '0.00762009', 'main_loss': '0.00762009', 'time_per_step': '2.19237'}
2026-02-03 17:24:49,575 - train_greyscale_FA_MoE.py - {'step': '463800', 'lr': '0.0002', 'total_loss': '0.00771015', 'main_loss': '0.00771015', 'time_per_step': '2.19689'}
2026-02-03 17:28:36,799 - train_greyscale_FA_MoE.py - {'step': '463900', 'lr': '0.0002', 'total_loss': '0.00547856', 'main_loss': '0.00547856', 'time_per_step': '2.20503'}
2026-02-03 17:32:22,597 - train_greyscale_FA_MoE.py - {'step': '464000', 'lr': '0.0002', 'total_loss': '0.00977415', 'main_loss': '0.00977415', 'time_per_step': '2.22553'}
2026-02-03 17:36:10,251 - train_greyscale_FA_MoE.py - {'step': '464100', 'lr': '0.0002', 'total_loss': '0.0107346', 'main_loss': '0.0107346', 'time_per_step': '2.35615'}
2026-02-03 17:39:57,059 - train_greyscale_FA_MoE.py - {'step': '464200', 'lr': '0.0002', 'total_loss': '0.00703408', 'main_loss': '0.00703408', 'time_per_step': '2.21856'}
2026-02-03 17:43:44,121 - train_greyscale_FA_MoE.py - {'step': '464300', 'lr': '0.0002', 'total_loss': '0.0088466', 'main_loss': '0.0088466', 'time_per_step': '2.07295'}
2026-02-03 17:47:29,498 - train_greyscale_FA_MoE.py - {'step': '464400', 'lr': '0.0002', 'total_loss': '0.00536565', 'main_loss': '0.00536565', 'time_per_step': '2.08309'}
2026-02-03 17:51:17,710 - train_greyscale_FA_MoE.py - {'step': '464500', 'lr': '0.0002', 'total_loss': '0.0106001', 'main_loss': '0.0106001', 'time_per_step': '2.20602'}
2026-02-03 17:55:04,479 - train_greyscale_FA_MoE.py - {'step': '464600', 'lr': '0.0002', 'total_loss': '0.00693517', 'main_loss': '0.00693517', 'time_per_step': '2.13614'}
2026-02-03 17:58:51,502 - train_greyscale_FA_MoE.py - {'step': '464700', 'lr': '0.0002', 'total_loss': '0.00706275', 'main_loss': '0.00706275', 'time_per_step': '2.2086'}
2026-02-03 18:02:37,474 - train_greyscale_FA_MoE.py - {'step': '464800', 'lr': '0.0002', 'total_loss': '0.00650917', 'main_loss': '0.00650917', 'time_per_step': '2.19588'}
2026-02-03 18:06:24,410 - train_greyscale_FA_MoE.py - {'step': '464900', 'lr': '0.0002', 'total_loss': '0.00679962', 'main_loss': '0.00679962', 'time_per_step': '2.18584'}
2026-02-03 18:10:12,383 - train_greyscale_FA_MoE.py - {'step': '465000', 'lr': '0.0002', 'total_loss': '0.0096361', 'main_loss': '0.0096361', 'time_per_step': '2.21118'}
2026-02-03 18:13:59,355 - train_greyscale_FA_MoE.py - {'step': '465100', 'lr': '0.0002', 'total_loss': '0.00666884', 'main_loss': '0.00666884', 'time_per_step': '2.20826'}
2026-02-03 18:17:46,684 - train_greyscale_FA_MoE.py - {'step': '465200', 'lr': '0.0002', 'total_loss': '0.00394893', 'main_loss': '0.00394893', 'time_per_step': '2.21706'}
2026-02-03 18:21:34,068 - train_greyscale_FA_MoE.py - {'step': '465300', 'lr': '0.0002', 'total_loss': '0.00545245', 'main_loss': '0.00545245', 'time_per_step': '2.17588'}
2026-02-03 18:25:21,696 - train_greyscale_FA_MoE.py - {'step': '465400', 'lr': '0.0002', 'total_loss': '0.00969536', 'main_loss': '0.00969536', 'time_per_step': '2.22879'}
2026-02-03 18:29:08,789 - train_greyscale_FA_MoE.py - {'step': '465500', 'lr': '0.0002', 'total_loss': '0.00529448', 'main_loss': '0.00529448', 'time_per_step': '2.0913'}
2026-02-03 18:32:55,125 - train_greyscale_FA_MoE.py - {'step': '465600', 'lr': '0.0002', 'total_loss': '0.00537958', 'main_loss': '0.00537958', 'time_per_step': '2.08171'}
2026-02-03 18:36:42,273 - train_greyscale_FA_MoE.py - {'step': '465700', 'lr': '0.0002', 'total_loss': '0.00668654', 'main_loss': '0.00668654', 'time_per_step': '2.20007'}
2026-02-03 18:40:29,654 - train_greyscale_FA_MoE.py - {'step': '465800', 'lr': '0.0002', 'total_loss': '0.0065096', 'main_loss': '0.0065096', 'time_per_step': '2.13977'}
2026-02-03 18:44:16,329 - train_greyscale_FA_MoE.py - {'step': '465900', 'lr': '0.0002', 'total_loss': '0.00493424', 'main_loss': '0.00493424', 'time_per_step': '2.18881'}
2026-02-03 18:48:02,433 - train_greyscale_FA_MoE.py - {'step': '466000', 'lr': '0.0002', 'total_loss': '0.00684438', 'main_loss': '0.00684438', 'time_per_step': '2.22126'}
2026-02-03 18:51:49,664 - train_greyscale_FA_MoE.py - {'step': '466100', 'lr': '0.0002', 'total_loss': '0.00933391', 'main_loss': '0.00933391', 'time_per_step': '2.19673'}
2026-02-03 18:55:36,424 - train_greyscale_FA_MoE.py - {'step': '466200', 'lr': '0.0002', 'total_loss': '0.00658155', 'main_loss': '0.00658155', 'time_per_step': '2.13983'}
2026-02-03 18:59:23,745 - train_greyscale_FA_MoE.py - {'step': '466300', 'lr': '0.0002', 'total_loss': '0.00824795', 'main_loss': '0.00824795', 'time_per_step': '2.25228'}
2026-02-03 19:03:09,705 - train_greyscale_FA_MoE.py - {'step': '466400', 'lr': '0.0002', 'total_loss': '0.00614993', 'main_loss': '0.00614993', 'time_per_step': '2.2011'}
2026-02-03 19:06:57,151 - train_greyscale_FA_MoE.py - {'step': '466500', 'lr': '0.0002', 'total_loss': '0.011673', 'main_loss': '0.011673', 'time_per_step': '2.20525'}
2026-02-03 19:10:44,381 - train_greyscale_FA_MoE.py - {'step': '466600', 'lr': '0.0002', 'total_loss': '0.0146606', 'main_loss': '0.0146606', 'time_per_step': '2.21279'}
2026-02-03 19:14:32,240 - train_greyscale_FA_MoE.py - {'step': '466700', 'lr': '0.0002', 'total_loss': '0.00556329', 'main_loss': '0.00556329', 'time_per_step': '2.06464'}
2026-02-03 19:18:17,831 - train_greyscale_FA_MoE.py - {'step': '466800', 'lr': '0.0002', 'total_loss': '0.00566273', 'main_loss': '0.00566273', 'time_per_step': '2.07811'}
2026-02-03 19:22:05,738 - train_greyscale_FA_MoE.py - {'step': '466900', 'lr': '0.0002', 'total_loss': '0.0108357', 'main_loss': '0.0108357', 'time_per_step': '2.20994'}
2026-02-03 19:25:53,578 - train_greyscale_FA_MoE.py - {'step': '467000', 'lr': '0.0002', 'total_loss': '0.0117615', 'main_loss': '0.0117615', 'time_per_step': '2.27254'}
2026-02-03 19:29:40,799 - train_greyscale_FA_MoE.py - {'step': '467100', 'lr': '0.0002', 'total_loss': '0.0101156', 'main_loss': '0.0101156', 'time_per_step': '2.15155'}
2026-02-03 19:33:27,069 - train_greyscale_FA_MoE.py - {'step': '467200', 'lr': '0.0002', 'total_loss': '0.00832067', 'main_loss': '0.00832067', 'time_per_step': '2.19292'}
2026-02-03 19:37:14,354 - train_greyscale_FA_MoE.py - {'step': '467300', 'lr': '0.0002', 'total_loss': '0.00830552', 'main_loss': '0.00830552', 'time_per_step': '2.19829'}
2026-02-03 19:41:01,314 - train_greyscale_FA_MoE.py - {'step': '467400', 'lr': '0.0002', 'total_loss': '0.00954629', 'main_loss': '0.00954629', 'time_per_step': '2.13504'}
2026-02-03 19:44:48,309 - train_greyscale_FA_MoE.py - {'step': '467500', 'lr': '0.0002', 'total_loss': '0.0132822', 'main_loss': '0.0132822', 'time_per_step': '2.17498'}
2026-02-03 19:48:34,690 - train_greyscale_FA_MoE.py - {'step': '467600', 'lr': '0.0002', 'total_loss': '0.0058492', 'main_loss': '0.0058492', 'time_per_step': '2.2056'}
2026-02-03 19:52:21,730 - train_greyscale_FA_MoE.py - {'step': '467700', 'lr': '0.0002', 'total_loss': '0.0104236', 'main_loss': '0.0104236', 'time_per_step': '2.23372'}
2026-02-03 19:56:08,572 - train_greyscale_FA_MoE.py - {'step': '467800', 'lr': '0.0002', 'total_loss': '0.00823077', 'main_loss': '0.00823077', 'time_per_step': '2.16756'}
2026-02-03 19:59:55,845 - train_greyscale_FA_MoE.py - {'step': '467900', 'lr': '0.0002', 'total_loss': '0.0071283', 'main_loss': '0.0071283', 'time_per_step': '2.1839'}
2026-02-03 20:03:41,830 - train_greyscale_FA_MoE.py - {'step': '468000', 'lr': '0.0002', 'total_loss': '0.0100746', 'main_loss': '0.0100746', 'time_per_step': '2.08854'}
2026-02-03 20:07:29,122 - train_greyscale_FA_MoE.py - {'step': '468100', 'lr': '0.0002', 'total_loss': '0.00863917', 'main_loss': '0.00863917', 'time_per_step': '2.23619'}
2026-02-03 20:11:15,906 - train_greyscale_FA_MoE.py - {'step': '468200', 'lr': '0.0002', 'total_loss': '0.00637724', 'main_loss': '0.00637724', 'time_per_step': '2.14446'}
2026-02-03 20:15:03,282 - train_greyscale_FA_MoE.py - {'step': '468300', 'lr': '0.0002', 'total_loss': '0.00901915', 'main_loss': '0.00901915', 'time_per_step': '2.17354'}
2026-02-03 20:18:50,639 - train_greyscale_FA_MoE.py - {'step': '468400', 'lr': '0.0002', 'total_loss': '0.00805536', 'main_loss': '0.00805536', 'time_per_step': '2.17476'}
2026-02-03 20:22:38,219 - train_greyscale_FA_MoE.py - {'step': '468500', 'lr': '0.0002', 'total_loss': '0.0110523', 'main_loss': '0.0110523', 'time_per_step': '2.20059'}
2026-02-03 20:26:25,719 - train_greyscale_FA_MoE.py - {'step': '468600', 'lr': '0.0002', 'total_loss': '0.0130212', 'main_loss': '0.0130212', 'time_per_step': '2.15782'}
2026-02-03 20:30:11,452 - train_greyscale_FA_MoE.py - {'step': '468700', 'lr': '0.0002', 'total_loss': '0.00823081', 'main_loss': '0.00823081', 'time_per_step': '2.19023'}
2026-02-03 20:33:59,258 - train_greyscale_FA_MoE.py - {'step': '468800', 'lr': '0.0002', 'total_loss': '0.00590023', 'main_loss': '0.00590023', 'time_per_step': '2.20333'}
2026-02-03 20:37:46,432 - train_greyscale_FA_MoE.py - {'step': '468900', 'lr': '0.0002', 'total_loss': '0.00755471', 'main_loss': '0.00755471', 'time_per_step': '2.21296'}
2026-02-03 20:41:33,357 - train_greyscale_FA_MoE.py - {'step': '469000', 'lr': '0.0002', 'total_loss': '0.00691283', 'main_loss': '0.00691283', 'time_per_step': '2.21486'}
2026-02-03 20:45:19,598 - train_greyscale_FA_MoE.py - {'step': '469100', 'lr': '0.0002', 'total_loss': '0.00777528', 'main_loss': '0.00777528', 'time_per_step': '2.08271'}
2026-02-03 20:49:06,324 - train_greyscale_FA_MoE.py - {'step': '469200', 'lr': '0.0002', 'total_loss': '0.00793034', 'main_loss': '0.00793034', 'time_per_step': '2.08503'}
2026-02-03 20:52:54,270 - train_greyscale_FA_MoE.py - {'step': '469300', 'lr': '0.0002', 'total_loss': '0.00964925', 'main_loss': '0.00964925', 'time_per_step': '2.29687'}
2026-02-03 20:56:42,129 - train_greyscale_FA_MoE.py - {'step': '469400', 'lr': '0.0002', 'total_loss': '0.0077705', 'main_loss': '0.0077705', 'time_per_step': '2.2188'}
2026-02-03 21:00:28,563 - train_greyscale_FA_MoE.py - {'step': '469500', 'lr': '0.0002', 'total_loss': '0.00633404', 'main_loss': '0.00633404', 'time_per_step': '2.21567'}
2026-02-03 21:04:16,142 - train_greyscale_FA_MoE.py - {'step': '469600', 'lr': '0.0002', 'total_loss': '0.00596942', 'main_loss': '0.00596942', 'time_per_step': '2.20799'}
2026-02-03 21:08:03,367 - train_greyscale_FA_MoE.py - {'step': '469700', 'lr': '0.0002', 'total_loss': '0.00758273', 'main_loss': '0.00758273', 'time_per_step': '2.17214'}
2026-02-03 21:11:50,724 - train_greyscale_FA_MoE.py - {'step': '469800', 'lr': '0.0002', 'total_loss': '0.00425078', 'main_loss': '0.00425078', 'time_per_step': '2.13865'}
2026-02-03 21:15:37,862 - train_greyscale_FA_MoE.py - {'step': '469900', 'lr': '0.0002', 'total_loss': '0.00542133', 'main_loss': '0.00542133', 'time_per_step': '2.19377'}
2026-02-03 21:19:24,485 - train_greyscale_FA_MoE.py - {'step': '470000', 'lr': '0.0002', 'total_loss': '0.00999307', 'main_loss': '0.00999307', 'time_per_step': '2.14515'}
2026-02-03 21:23:11,771 - train_greyscale_FA_MoE.py - {'step': '470100', 'lr': '0.0002', 'total_loss': '0.00802437', 'main_loss': '0.00802437', 'time_per_step': '2.21405'}
2026-02-03 21:26:58,728 - train_greyscale_FA_MoE.py - {'step': '470200', 'lr': '0.0002', 'total_loss': '0.00630244', 'main_loss': '0.00630244', 'time_per_step': '2.21138'}
2026-02-03 21:30:44,984 - train_greyscale_FA_MoE.py - {'step': '470300', 'lr': '0.0002', 'total_loss': '0.00818219', 'main_loss': '0.00818219', 'time_per_step': '2.08397'}
2026-02-03 21:34:31,993 - train_greyscale_FA_MoE.py - {'step': '470400', 'lr': '0.0002', 'total_loss': '0.00754749', 'main_loss': '0.00754749', 'time_per_step': '2.08409'}
2026-02-03 21:38:19,412 - train_greyscale_FA_MoE.py - {'step': '470500', 'lr': '0.0002', 'total_loss': '0.00580876', 'main_loss': '0.00580876', 'time_per_step': '2.22359'}
2026-02-03 21:42:06,452 - train_greyscale_FA_MoE.py - {'step': '470600', 'lr': '0.0002', 'total_loss': '0.00714407', 'main_loss': '0.00714407', 'time_per_step': '2.21841'}
2026-02-03 21:45:52,397 - train_greyscale_FA_MoE.py - {'step': '470700', 'lr': '0.0002', 'total_loss': '0.00526309', 'main_loss': '0.00526309', 'time_per_step': '2.27805'}
2026-02-03 21:49:39,133 - train_greyscale_FA_MoE.py - {'step': '470800', 'lr': '0.0002', 'total_loss': '0.00686291', 'main_loss': '0.00686291', 'time_per_step': '2.16822'}
2026-02-03 21:53:26,604 - train_greyscale_FA_MoE.py - {'step': '470900', 'lr': '0.0002', 'total_loss': '0.00847469', 'main_loss': '0.00847469', 'time_per_step': '2.20795'}
2026-02-03 21:57:13,607 - train_greyscale_FA_MoE.py - {'step': '471000', 'lr': '0.0002', 'total_loss': '0.0111339', 'main_loss': '0.0111339', 'time_per_step': '2.22623'}
2026-02-03 22:00:59,955 - train_greyscale_FA_MoE.py - {'step': '471100', 'lr': '0.0002', 'total_loss': '0.0074935', 'main_loss': '0.0074935', 'time_per_step': '2.19555'}
2026-02-03 22:04:47,300 - train_greyscale_FA_MoE.py - {'step': '471200', 'lr': '0.0002', 'total_loss': '0.0113365', 'main_loss': '0.0113365', 'time_per_step': '2.21343'}
2026-02-03 22:08:33,980 - train_greyscale_FA_MoE.py - {'step': '471300', 'lr': '0.0002', 'total_loss': '0.00641264', 'main_loss': '0.00641264', 'time_per_step': '2.2162'}
2026-02-03 22:12:21,225 - train_greyscale_FA_MoE.py - {'step': '471400', 'lr': '0.0002', 'total_loss': '0.00818614', 'main_loss': '0.00818614', 'time_per_step': '2.21225'}
2026-02-03 22:16:08,268 - train_greyscale_FA_MoE.py - {'step': '471500', 'lr': '0.0002', 'total_loss': '0.00781943', 'main_loss': '0.00781943', 'time_per_step': '2.06622'}
2026-02-03 22:19:55,323 - train_greyscale_FA_MoE.py - {'step': '471600', 'lr': '0.0002', 'total_loss': '0.0083561', 'main_loss': '0.0083561', 'time_per_step': '2.08305'}
2026-02-03 22:23:43,293 - train_greyscale_FA_MoE.py - {'step': '471700', 'lr': '0.0002', 'total_loss': '0.0074482', 'main_loss': '0.0074482', 'time_per_step': '2.20838'}
2026-02-03 22:27:30,544 - train_greyscale_FA_MoE.py - {'step': '471800', 'lr': '0.0002', 'total_loss': '0.00750599', 'main_loss': '0.00750599', 'time_per_step': '2.17769'}
2026-02-03 22:31:16,600 - train_greyscale_FA_MoE.py - {'step': '471900', 'lr': '0.0002', 'total_loss': '0.00736928', 'main_loss': '0.00736928', 'time_per_step': '2.13487'}
2026-02-03 22:35:04,674 - train_greyscale_FA_MoE.py - {'step': '472000', 'lr': '0.0002', 'total_loss': '0.00908896', 'main_loss': '0.00908896', 'time_per_step': '2.17073'}
2026-02-03 22:38:51,046 - train_greyscale_FA_MoE.py - {'step': '472100', 'lr': '0.0002', 'total_loss': '0.00609035', 'main_loss': '0.00609035', 'time_per_step': '2.19942'}
2026-02-03 22:42:38,247 - train_greyscale_FA_MoE.py - {'step': '472200', 'lr': '0.0002', 'total_loss': '0.00865713', 'main_loss': '0.00865713', 'time_per_step': '2.21227'}
2026-02-03 22:46:24,792 - train_greyscale_FA_MoE.py - {'step': '472300', 'lr': '0.0002', 'total_loss': '0.00995249', 'main_loss': '0.00995249', 'time_per_step': '2.2525'}
2026-02-03 22:50:12,583 - train_greyscale_FA_MoE.py - {'step': '472400', 'lr': '0.0002', 'total_loss': '0.00631899', 'main_loss': '0.00631899', 'time_per_step': '2.19848'}
2026-02-03 22:53:58,770 - train_greyscale_FA_MoE.py - {'step': '472500', 'lr': '0.0002', 'total_loss': '0.00833411', 'main_loss': '0.00833411', 'time_per_step': '2.21461'}
2026-02-03 22:57:44,752 - train_greyscale_FA_MoE.py - {'step': '472600', 'lr': '0.0002', 'total_loss': '0.0109454', 'main_loss': '0.0109454', 'time_per_step': '2.22588'}
2026-02-03 23:01:30,578 - train_greyscale_FA_MoE.py - {'step': '472700', 'lr': '0.0002', 'total_loss': '0.00831884', 'main_loss': '0.00831884', 'time_per_step': '2.08343'}
2026-02-03 23:05:17,360 - train_greyscale_FA_MoE.py - {'step': '472800', 'lr': '0.0002', 'total_loss': '0.012785', 'main_loss': '0.012785', 'time_per_step': '2.08166'}
2026-02-03 23:09:05,073 - train_greyscale_FA_MoE.py - {'step': '472900', 'lr': '0.0002', 'total_loss': '0.00669745', 'main_loss': '0.00669745', 'time_per_step': '2.20449'}
2026-02-03 23:12:52,715 - train_greyscale_FA_MoE.py - {'step': '473000', 'lr': '0.0002', 'total_loss': '0.00668441', 'main_loss': '0.00668441', 'time_per_step': '2.24751'}
2026-02-03 23:16:39,472 - train_greyscale_FA_MoE.py - {'step': '473100', 'lr': '0.0002', 'total_loss': '0.00718801', 'main_loss': '0.00718801', 'time_per_step': '2.20209'}
2026-02-03 23:20:26,532 - train_greyscale_FA_MoE.py - {'step': '473200', 'lr': '0.0002', 'total_loss': '0.00394933', 'main_loss': '0.00394933', 'time_per_step': '2.13683'}
2026-02-03 23:24:13,932 - train_greyscale_FA_MoE.py - {'step': '473300', 'lr': '0.0002', 'total_loss': '0.00633764', 'main_loss': '0.00633764', 'time_per_step': '2.20229'}
2026-02-03 23:28:00,591 - train_greyscale_FA_MoE.py - {'step': '473400', 'lr': '0.0002', 'total_loss': '0.00767701', 'main_loss': '0.00767701', 'time_per_step': '2.18915'}
2026-02-03 23:31:46,471 - train_greyscale_FA_MoE.py - {'step': '473500', 'lr': '0.0002', 'total_loss': '0.00670586', 'main_loss': '0.00670586', 'time_per_step': '2.13758'}
2026-02-03 23:35:33,188 - train_greyscale_FA_MoE.py - {'step': '473600', 'lr': '0.0002', 'total_loss': '0.00946559', 'main_loss': '0.00946559', 'time_per_step': '2.22024'}
2026-02-03 23:39:20,233 - train_greyscale_FA_MoE.py - {'step': '473700', 'lr': '0.0002', 'total_loss': '0.00666909', 'main_loss': '0.00666909', 'time_per_step': '2.18775'}
2026-02-03 23:43:07,316 - train_greyscale_FA_MoE.py - {'step': '473800', 'lr': '0.0002', 'total_loss': '0.00916341', 'main_loss': '0.00916341', 'time_per_step': '2.20917'}
2026-02-03 23:46:53,325 - train_greyscale_FA_MoE.py - {'step': '473900', 'lr': '0.0002', 'total_loss': '0.00650998', 'main_loss': '0.00650998', 'time_per_step': '2.14543'}
2026-02-03 23:50:39,453 - train_greyscale_FA_MoE.py - {'step': '474000', 'lr': '0.0002', 'total_loss': '0.00968126', 'main_loss': '0.00968126', 'time_per_step': '2.08185'}
2026-02-03 23:54:27,645 - train_greyscale_FA_MoE.py - {'step': '474100', 'lr': '0.0002', 'total_loss': '0.00902671', 'main_loss': '0.00902671', 'time_per_step': '2.22935'}
2026-02-03 23:58:14,726 - train_greyscale_FA_MoE.py - {'step': '474200', 'lr': '0.0002', 'total_loss': '0.00541617', 'main_loss': '0.00541617', 'time_per_step': '2.21055'}
2026-02-04 00:02:00,781 - train_greyscale_FA_MoE.py - {'step': '474300', 'lr': '0.0002', 'total_loss': '0.00494673', 'main_loss': '0.00494673', 'time_per_step': '2.21134'}
2026-02-04 00:05:48,072 - train_greyscale_FA_MoE.py - {'step': '474400', 'lr': '0.0002', 'total_loss': '0.0104111', 'main_loss': '0.0104111', 'time_per_step': '2.19783'}
2026-02-04 00:09:35,139 - train_greyscale_FA_MoE.py - {'step': '474500', 'lr': '0.0002', 'total_loss': '0.00524024', 'main_loss': '0.00524024', 'time_per_step': '2.13433'}
2026-02-04 00:13:22,103 - train_greyscale_FA_MoE.py - {'step': '474600', 'lr': '0.0002', 'total_loss': '0.00713647', 'main_loss': '0.00713647', 'time_per_step': '2.21401'}
2026-02-04 00:17:09,393 - train_greyscale_FA_MoE.py - {'step': '474700', 'lr': '0.0002', 'total_loss': '0.0044546', 'main_loss': '0.0044546', 'time_per_step': '2.22173'}
2026-02-04 00:20:56,848 - train_greyscale_FA_MoE.py - {'step': '474800', 'lr': '0.0002', 'total_loss': '0.00587603', 'main_loss': '0.00587603', 'time_per_step': '2.20045'}
2026-02-04 00:24:44,477 - train_greyscale_FA_MoE.py - {'step': '474900', 'lr': '0.0002', 'total_loss': '0.00568692', 'main_loss': '0.00568692', 'time_per_step': '2.19289'}
2026-02-04 00:28:31,848 - train_greyscale_FA_MoE.py - {'step': '475000', 'lr': '0.0002', 'total_loss': '0.00813684', 'main_loss': '0.00813684', 'time_per_step': '2.22678'}
2026-02-04 00:28:31,866 - train_greyscale_FA_MoE.py - Saved expert distribution of layer in_block_0 to output_shift_fa/acdc_wholeheart_uncond_fa_ec_moe_greyscale_uvit_mid_4by4_l6r9_low16_Y_bound/samples/expert_distribution_in_block_0_step475000.npy
2026-02-04 00:28:33,543 - train_greyscale_FA_MoE.py - Saved expert distribution of layer out_block_7 to output_shift_fa/acdc_wholeheart_uncond_fa_ec_moe_greyscale_uvit_mid_4by4_l6r9_low16_Y_bound/samples/expert_distribution_out_block_7_step475000.npy
2026-02-04 00:28:34,867 - train_greyscale_FA_MoE.py - Save a grid of 16 samples into output_shift_fa/acdc_wholeheart_uncond_fa_ec_moe_greyscale_uvit_mid_4by4_l6r9_low16_Y_bound/samples/475000.png by DPM-Solver
2026-02-04 00:28:40,639 - train_greyscale_FA_MoE.py - Finished saving sample grid to output_shift_fa/acdc_wholeheart_uncond_fa_ec_moe_greyscale_uvit_mid_4by4_l6r9_low16_Y_bound/samples/475000.png by DPM-Solver.
2026-02-04 00:28:41,020 - train_greyscale_FA_MoE.py - Save and eval checkpoint 475000...
2026-02-04 00:28:43,357 - train_greyscale_FA_MoE.py - eval_step: n_samples=50000, sample_steps=50, algorithm=dpm_solver, mini_batch_size=500, samples save into output_shift_fa/acdc_wholeheart_uncond_fa_ec_moe_greyscale_uvit_mid_4by4_l6r9_low16_Y_bound/samples/acdc_wholeheart_uncond_uvit_FA_EC_MoE_greyscale_mid_4by4_low16_475000_dpm
2026-02-04 01:18:22,669 - train_greyscale_FA_MoE.py - step=475000 fid50000=10.896857197168401
2026-02-04 01:25:05,974 - is_lpips.py - LPIPS: 0.5144 ± 0.0501
2026-02-04 01:25:05,980 - train_greyscale_FA_MoE.py - step=475000 LPIPS50000=0.5144082411711877
2026-02-04 01:30:25,385 - train_greyscale_FA_MoE.py - {'step': '475100', 'lr': '0.0002', 'total_loss': '0.0070949', 'main_loss': '0.0070949', 'time_per_step': '2.07468'}
2026-02-04 01:34:11,206 - train_greyscale_FA_MoE.py - {'step': '475200', 'lr': '0.0002', 'total_loss': '0.007908', 'main_loss': '0.007908', 'time_per_step': '2.08914'}
2026-02-04 01:37:58,634 - train_greyscale_FA_MoE.py - {'step': '475300', 'lr': '0.0002', 'total_loss': '0.00830182', 'main_loss': '0.00830182', 'time_per_step': '2.17257'}
2026-02-04 01:41:45,828 - train_greyscale_FA_MoE.py - {'step': '475400', 'lr': '0.0002', 'total_loss': '0.00708319', 'main_loss': '0.00708319', 'time_per_step': '2.22925'}
2026-02-04 01:45:33,000 - train_greyscale_FA_MoE.py - {'step': '475500', 'lr': '0.0002', 'total_loss': '0.0057641', 'main_loss': '0.0057641', 'time_per_step': '2.19388'}
2026-02-04 01:49:18,922 - train_greyscale_FA_MoE.py - {'step': '475600', 'lr': '0.0002', 'total_loss': '0.0078784', 'main_loss': '0.0078784', 'time_per_step': '2.2207'}
2026-02-04 01:53:05,954 - train_greyscale_FA_MoE.py - {'step': '475700', 'lr': '0.0002', 'total_loss': '0.00734244', 'main_loss': '0.00734244', 'time_per_step': '2.21923'}
2026-02-04 01:56:53,685 - train_greyscale_FA_MoE.py - {'step': '475800', 'lr': '0.0002', 'total_loss': '0.00787979', 'main_loss': '0.00787979', 'time_per_step': '2.2477'}
2026-02-04 02:00:41,418 - train_greyscale_FA_MoE.py - {'step': '475900', 'lr': '0.0002', 'total_loss': '0.00872957', 'main_loss': '0.00872957', 'time_per_step': '2.14143'}
2026-02-04 02:04:27,915 - train_greyscale_FA_MoE.py - {'step': '476000', 'lr': '0.0002', 'total_loss': '0.00732458', 'main_loss': '0.00732458', 'time_per_step': '2.25788'}
2026-02-04 02:08:15,443 - train_greyscale_FA_MoE.py - {'step': '476100', 'lr': '0.0002', 'total_loss': '0.00788163', 'main_loss': '0.00788163', 'time_per_step': '2.17126'}
2026-02-04 02:12:03,052 - train_greyscale_FA_MoE.py - {'step': '476200', 'lr': '0.0002', 'total_loss': '0.00478744', 'main_loss': '0.00478744', 'time_per_step': '2.21486'}
2026-02-04 02:15:49,867 - train_greyscale_FA_MoE.py - {'step': '476300', 'lr': '0.0002', 'total_loss': '0.00823494', 'main_loss': '0.00823494', 'time_per_step': '2.08441'}
2026-02-04 02:19:35,656 - train_greyscale_FA_MoE.py - {'step': '476400', 'lr': '0.0002', 'total_loss': '0.00814508', 'main_loss': '0.00814508', 'time_per_step': '2.08294'}
2026-02-04 02:23:23,251 - train_greyscale_FA_MoE.py - {'step': '476500', 'lr': '0.0002', 'total_loss': '0.00708135', 'main_loss': '0.00708135', 'time_per_step': '2.26852'}
2026-02-04 02:27:11,121 - train_greyscale_FA_MoE.py - {'step': '476600', 'lr': '0.0002', 'total_loss': '0.00993172', 'main_loss': '0.00993172', 'time_per_step': '2.20319'}
2026-02-04 02:30:57,644 - train_greyscale_FA_MoE.py - {'step': '476700', 'lr': '0.0002', 'total_loss': '0.00617965', 'main_loss': '0.00617965', 'time_per_step': '2.19358'}
2026-02-04 02:34:43,764 - train_greyscale_FA_MoE.py - {'step': '476800', 'lr': '0.0002', 'total_loss': '0.00653391', 'main_loss': '0.00653391', 'time_per_step': '2.22074'}
2026-02-04 02:38:30,916 - train_greyscale_FA_MoE.py - {'step': '476900', 'lr': '0.0002', 'total_loss': '0.0090659', 'main_loss': '0.0090659', 'time_per_step': '2.21497'}
2026-02-04 02:42:18,311 - train_greyscale_FA_MoE.py - {'step': '477000', 'lr': '0.0002', 'total_loss': '0.00898938', 'main_loss': '0.00898938', 'time_per_step': '2.19866'}
2026-02-04 02:46:06,246 - train_greyscale_FA_MoE.py - {'step': '477100', 'lr': '0.0002', 'total_loss': '0.00571676', 'main_loss': '0.00571676', 'time_per_step': '2.16166'}
2026-02-04 02:49:52,531 - train_greyscale_FA_MoE.py - {'step': '477200', 'lr': '0.0002', 'total_loss': '0.00904388', 'main_loss': '0.00904388', 'time_per_step': '2.28992'}
2026-02-04 02:53:39,607 - train_greyscale_FA_MoE.py - {'step': '477300', 'lr': '0.0002', 'total_loss': '0.00654279', 'main_loss': '0.00654279', 'time_per_step': '2.2256'}
2026-02-04 02:57:26,522 - train_greyscale_FA_MoE.py - {'step': '477400', 'lr': '0.0002', 'total_loss': '0.00621824', 'main_loss': '0.00621824', 'time_per_step': '2.17691'}
2026-02-04 03:01:13,446 - train_greyscale_FA_MoE.py - {'step': '477500', 'lr': '0.0002', 'total_loss': '0.00645951', 'main_loss': '0.00645951', 'time_per_step': '2.06963'}
2026-02-04 03:04:59,812 - train_greyscale_FA_MoE.py - {'step': '477600', 'lr': '0.0002', 'total_loss': '0.00446789', 'main_loss': '0.00446789', 'time_per_step': '2.08434'}
2026-02-04 03:08:46,726 - train_greyscale_FA_MoE.py - {'step': '477700', 'lr': '0.0002', 'total_loss': '0.00764258', 'main_loss': '0.00764258', 'time_per_step': '2.20647'}
2026-02-04 03:12:34,028 - train_greyscale_FA_MoE.py - {'step': '477800', 'lr': '0.0002', 'total_loss': '0.0110617', 'main_loss': '0.0110617', 'time_per_step': '2.16933'}
2026-02-04 03:16:22,698 - train_greyscale_FA_MoE.py - {'step': '477900', 'lr': '0.0002', 'total_loss': '0.00614358', 'main_loss': '0.00614358', 'time_per_step': '2.27019'}
2026-02-04 03:20:08,622 - train_greyscale_FA_MoE.py - {'step': '478000', 'lr': '0.0002', 'total_loss': '0.00619205', 'main_loss': '0.00619205', 'time_per_step': '2.16603'}
2026-02-04 03:23:56,200 - train_greyscale_FA_MoE.py - {'step': '478100', 'lr': '0.0002', 'total_loss': '0.0082681', 'main_loss': '0.0082681', 'time_per_step': '2.19132'}
2026-02-04 03:27:43,770 - train_greyscale_FA_MoE.py - {'step': '478200', 'lr': '0.0002', 'total_loss': '0.00884684', 'main_loss': '0.00884684', 'time_per_step': '2.21871'}
2026-02-04 03:31:30,847 - train_greyscale_FA_MoE.py - {'step': '478300', 'lr': '0.0002', 'total_loss': '0.00766478', 'main_loss': '0.00766478', 'time_per_step': '2.21014'}
2026-02-04 03:35:17,036 - train_greyscale_FA_MoE.py - {'step': '478400', 'lr': '0.0002', 'total_loss': '0.00916708', 'main_loss': '0.00916708', 'time_per_step': '2.22308'}
2026-02-04 03:39:04,322 - train_greyscale_FA_MoE.py - {'step': '478500', 'lr': '0.0002', 'total_loss': '0.00577198', 'main_loss': '0.00577198', 'time_per_step': '2.17399'}
2026-02-04 03:42:51,027 - train_greyscale_FA_MoE.py - {'step': '478600', 'lr': '0.0002', 'total_loss': '0.00771998', 'main_loss': '0.00771998', 'time_per_step': '2.21172'}
2026-02-04 03:46:38,416 - train_greyscale_FA_MoE.py - {'step': '478700', 'lr': '0.0002', 'total_loss': '0.0101358', 'main_loss': '0.0101358', 'time_per_step': '2.08339'}
2026-02-04 03:50:24,766 - train_greyscale_FA_MoE.py - {'step': '478800', 'lr': '0.0002', 'total_loss': '0.00708585', 'main_loss': '0.00708585', 'time_per_step': '2.08296'}
2026-02-04 03:54:13,168 - train_greyscale_FA_MoE.py - {'step': '478900', 'lr': '0.0002', 'total_loss': '0.00705827', 'main_loss': '0.00705827', 'time_per_step': '2.23087'}
2026-02-04 03:58:00,600 - train_greyscale_FA_MoE.py - {'step': '479000', 'lr': '0.0002', 'total_loss': '0.00462864', 'main_loss': '0.00462864', 'time_per_step': '2.19235'}
2026-02-04 04:01:48,375 - train_greyscale_FA_MoE.py - {'step': '479100', 'lr': '0.0002', 'total_loss': '0.00668962', 'main_loss': '0.00668962', 'time_per_step': '2.18602'}
2026-02-04 04:05:34,681 - train_greyscale_FA_MoE.py - {'step': '479200', 'lr': '0.0002', 'total_loss': '0.00629126', 'main_loss': '0.00629126', 'time_per_step': '2.1355'}
2026-02-04 04:09:21,241 - train_greyscale_FA_MoE.py - {'step': '479300', 'lr': '0.0002', 'total_loss': '0.00787132', 'main_loss': '0.00787132', 'time_per_step': '2.22107'}
2026-02-04 04:13:09,246 - train_greyscale_FA_MoE.py - {'step': '479400', 'lr': '0.0002', 'total_loss': '0.00772964', 'main_loss': '0.00772964', 'time_per_step': '2.21082'}
2026-02-04 04:16:56,458 - train_greyscale_FA_MoE.py - {'step': '479500', 'lr': '0.0002', 'total_loss': '0.00551029', 'main_loss': '0.00551029', 'time_per_step': '2.2235'}
2026-02-04 04:20:42,357 - train_greyscale_FA_MoE.py - {'step': '479600', 'lr': '0.0002', 'total_loss': '0.0049145', 'main_loss': '0.0049145', 'time_per_step': '2.1745'}
2026-02-04 04:24:29,649 - train_greyscale_FA_MoE.py - {'step': '479700', 'lr': '0.0002', 'total_loss': '0.00678108', 'main_loss': '0.00678108', 'time_per_step': '2.20279'}
2026-02-04 04:28:16,972 - train_greyscale_FA_MoE.py - {'step': '479800', 'lr': '0.0002', 'total_loss': '0.0106876', 'main_loss': '0.0106876', 'time_per_step': '2.15051'}
2026-02-04 04:32:03,835 - train_greyscale_FA_MoE.py - {'step': '479900', 'lr': '0.0002', 'total_loss': '0.00730371', 'main_loss': '0.00730371', 'time_per_step': '2.08369'}
2026-02-04 04:35:49,624 - train_greyscale_FA_MoE.py - {'step': '480000', 'lr': '0.0002', 'total_loss': '0.00806319', 'main_loss': '0.00806319', 'time_per_step': '2.06616'}
2026-02-04 04:39:37,828 - train_greyscale_FA_MoE.py - {'step': '480100', 'lr': '0.0002', 'total_loss': '0.00581716', 'main_loss': '0.00581716', 'time_per_step': '2.20304'}
2026-02-04 04:43:24,470 - train_greyscale_FA_MoE.py - {'step': '480200', 'lr': '0.0002', 'total_loss': '0.00661887', 'main_loss': '0.00661887', 'time_per_step': '2.21779'}
2026-02-04 04:47:11,397 - train_greyscale_FA_MoE.py - {'step': '480300', 'lr': '0.0002', 'total_loss': '0.00591545', 'main_loss': '0.00591545', 'time_per_step': '2.1479'}
2026-02-04 04:50:58,017 - train_greyscale_FA_MoE.py - {'step': '480400', 'lr': '0.0002', 'total_loss': '0.00657916', 'main_loss': '0.00657916', 'time_per_step': '2.24165'}
2026-02-04 04:54:45,002 - train_greyscale_FA_MoE.py - {'step': '480500', 'lr': '0.0002', 'total_loss': '0.00751895', 'main_loss': '0.00751895', 'time_per_step': '2.25065'}
2026-02-04 04:58:31,894 - train_greyscale_FA_MoE.py - {'step': '480600', 'lr': '0.0002', 'total_loss': '0.00879147', 'main_loss': '0.00879147', 'time_per_step': '2.20813'}
2026-02-04 05:02:18,775 - train_greyscale_FA_MoE.py - {'step': '480700', 'lr': '0.0002', 'total_loss': '0.00924988', 'main_loss': '0.00924988', 'time_per_step': '2.18967'}
2026-02-04 05:06:05,058 - train_greyscale_FA_MoE.py - {'step': '480800', 'lr': '0.0002', 'total_loss': '0.00734058', 'main_loss': '0.00734058', 'time_per_step': '2.21436'}
2026-02-04 05:09:52,970 - train_greyscale_FA_MoE.py - {'step': '480900', 'lr': '0.0002', 'total_loss': '0.00785055', 'main_loss': '0.00785055', 'time_per_step': '2.30373'}
2026-02-04 05:13:40,170 - train_greyscale_FA_MoE.py - {'step': '481000', 'lr': '0.0002', 'total_loss': '0.00789559', 'main_loss': '0.00789559', 'time_per_step': '2.21571'}
2026-02-04 05:17:28,596 - train_greyscale_FA_MoE.py - {'step': '481100', 'lr': '0.0002', 'total_loss': '0.00840133', 'main_loss': '0.00840133', 'time_per_step': '2.08484'}
2026-02-04 05:21:14,170 - train_greyscale_FA_MoE.py - {'step': '481200', 'lr': '0.0002', 'total_loss': '0.00531109', 'main_loss': '0.00531109', 'time_per_step': '2.07346'}
2026-02-04 05:25:02,435 - train_greyscale_FA_MoE.py - {'step': '481300', 'lr': '0.0002', 'total_loss': '0.00734818', 'main_loss': '0.00734818', 'time_per_step': '2.23825'}
2026-02-04 05:28:50,051 - train_greyscale_FA_MoE.py - {'step': '481400', 'lr': '0.0002', 'total_loss': '0.00781247', 'main_loss': '0.00781247', 'time_per_step': '2.14078'}
2026-02-04 05:32:37,175 - train_greyscale_FA_MoE.py - {'step': '481500', 'lr': '0.0002', 'total_loss': '0.00643405', 'main_loss': '0.00643405', 'time_per_step': '2.16739'}
2026-02-04 05:36:23,537 - train_greyscale_FA_MoE.py - {'step': '481600', 'lr': '0.0002', 'total_loss': '0.00568924', 'main_loss': '0.00568924', 'time_per_step': '2.26114'}
2026-02-04 05:40:10,852 - train_greyscale_FA_MoE.py - {'step': '481700', 'lr': '0.0002', 'total_loss': '0.00835289', 'main_loss': '0.00835289', 'time_per_step': '2.24779'}
2026-02-04 05:43:57,860 - train_greyscale_FA_MoE.py - {'step': '481800', 'lr': '0.0002', 'total_loss': '0.00654928', 'main_loss': '0.00654928', 'time_per_step': '2.20773'}
2026-02-04 05:47:45,195 - train_greyscale_FA_MoE.py - {'step': '481900', 'lr': '0.0002', 'total_loss': '0.0122815', 'main_loss': '0.0122815', 'time_per_step': '3.09166'}
2026-02-04 05:51:31,193 - train_greyscale_FA_MoE.py - {'step': '482000', 'lr': '0.0002', 'total_loss': '0.00648534', 'main_loss': '0.00648534', 'time_per_step': '2.18066'}
2026-02-04 05:55:18,037 - train_greyscale_FA_MoE.py - {'step': '482100', 'lr': '0.0002', 'total_loss': '0.00886514', 'main_loss': '0.00886514', 'time_per_step': '2.21995'}
2026-02-04 05:59:04,949 - train_greyscale_FA_MoE.py - {'step': '482200', 'lr': '0.0002', 'total_loss': '0.00724197', 'main_loss': '0.00724197', 'time_per_step': '2.1469'}
2026-02-04 06:02:50,908 - train_greyscale_FA_MoE.py - {'step': '482300', 'lr': '0.0002', 'total_loss': '0.00918213', 'main_loss': '0.00918213', 'time_per_step': '2.08297'}
2026-02-04 06:06:38,143 - train_greyscale_FA_MoE.py - {'step': '482400', 'lr': '0.0002', 'total_loss': '0.00468834', 'main_loss': '0.00468834', 'time_per_step': '2.08314'}
2026-02-04 06:10:25,622 - train_greyscale_FA_MoE.py - {'step': '482500', 'lr': '0.0002', 'total_loss': '0.00917932', 'main_loss': '0.00917932', 'time_per_step': '2.18716'}
2026-02-04 06:14:12,516 - train_greyscale_FA_MoE.py - {'step': '482600', 'lr': '0.0002', 'total_loss': '0.0114452', 'main_loss': '0.0114452', 'time_per_step': '2.23007'}
2026-02-04 06:17:59,483 - train_greyscale_FA_MoE.py - {'step': '482700', 'lr': '0.0002', 'total_loss': '0.00843727', 'main_loss': '0.00843727', 'time_per_step': '2.1677'}
2026-02-04 06:21:46,406 - train_greyscale_FA_MoE.py - {'step': '482800', 'lr': '0.0002', 'total_loss': '0.00511363', 'main_loss': '0.00511363', 'time_per_step': '2.2543'}
2026-02-04 06:25:32,492 - train_greyscale_FA_MoE.py - {'step': '482900', 'lr': '0.0002', 'total_loss': '0.0103588', 'main_loss': '0.0103588', 'time_per_step': '2.22426'}
2026-02-04 06:29:19,914 - train_greyscale_FA_MoE.py - {'step': '483000', 'lr': '0.0002', 'total_loss': '0.0073184', 'main_loss': '0.0073184', 'time_per_step': '2.14196'}
2026-02-04 06:33:05,781 - train_greyscale_FA_MoE.py - {'step': '483100', 'lr': '0.0002', 'total_loss': '0.00643037', 'main_loss': '0.00643037', 'time_per_step': '2.23724'}
2026-02-04 06:36:53,115 - train_greyscale_FA_MoE.py - {'step': '483200', 'lr': '0.0002', 'total_loss': '0.00832951', 'main_loss': '0.00832951', 'time_per_step': '2.2386'}
2026-02-04 06:40:40,022 - train_greyscale_FA_MoE.py - {'step': '483300', 'lr': '0.0002', 'total_loss': '0.00693965', 'main_loss': '0.00693965', 'time_per_step': '2.19909'}
2026-02-04 06:44:27,461 - train_greyscale_FA_MoE.py - {'step': '483400', 'lr': '0.0002', 'total_loss': '0.00602096', 'main_loss': '0.00602096', 'time_per_step': '2.18776'}
2026-02-04 06:48:13,630 - train_greyscale_FA_MoE.py - {'step': '483500', 'lr': '0.0002', 'total_loss': '0.00785434', 'main_loss': '0.00785434', 'time_per_step': '2.06897'}
2026-02-04 06:52:01,219 - train_greyscale_FA_MoE.py - {'step': '483600', 'lr': '0.0002', 'total_loss': '0.0101417', 'main_loss': '0.0101417', 'time_per_step': '2.08313'}
2026-02-04 06:55:48,695 - train_greyscale_FA_MoE.py - {'step': '483700', 'lr': '0.0002', 'total_loss': '0.0101707', 'main_loss': '0.0101707', 'time_per_step': '2.19471'}
2026-02-04 06:59:37,290 - train_greyscale_FA_MoE.py - {'step': '483800', 'lr': '0.0002', 'total_loss': '0.00576186', 'main_loss': '0.00576186', 'time_per_step': '2.21726'}
2026-02-04 07:03:23,615 - train_greyscale_FA_MoE.py - {'step': '483900', 'lr': '0.0002', 'total_loss': '0.00918384', 'main_loss': '0.00918384', 'time_per_step': '2.26806'}
2026-02-04 07:07:10,206 - train_greyscale_FA_MoE.py - {'step': '484000', 'lr': '0.0002', 'total_loss': '0.00882165', 'main_loss': '0.00882165', 'time_per_step': '2.31084'}
2026-02-04 07:10:57,169 - train_greyscale_FA_MoE.py - {'step': '484100', 'lr': '0.0002', 'total_loss': '0.00699707', 'main_loss': '0.00699707', 'time_per_step': '2.2238'}
2026-02-04 07:14:45,002 - train_greyscale_FA_MoE.py - {'step': '484200', 'lr': '0.0002', 'total_loss': '0.00784068', 'main_loss': '0.00784068', 'time_per_step': '2.22188'}
2026-02-04 07:18:31,128 - train_greyscale_FA_MoE.py - {'step': '484300', 'lr': '0.0002', 'total_loss': '0.00834421', 'main_loss': '0.00834421', 'time_per_step': '2.23137'}
2026-02-04 07:22:18,774 - train_greyscale_FA_MoE.py - {'step': '484400', 'lr': '0.0002', 'total_loss': '0.0113808', 'main_loss': '0.0113808', 'time_per_step': '2.20182'}
2026-02-04 07:26:05,962 - train_greyscale_FA_MoE.py - {'step': '484500', 'lr': '0.0002', 'total_loss': '0.00465902', 'main_loss': '0.00465902', 'time_per_step': '2.20324'}
2026-02-04 07:29:53,454 - train_greyscale_FA_MoE.py - {'step': '484600', 'lr': '0.0002', 'total_loss': '0.00825451', 'main_loss': '0.00825451', 'time_per_step': '2.24235'}
2026-02-04 07:33:40,165 - train_greyscale_FA_MoE.py - {'step': '484700', 'lr': '0.0002', 'total_loss': '0.00549656', 'main_loss': '0.00549656', 'time_per_step': '2.08268'}
2026-02-04 07:37:26,796 - train_greyscale_FA_MoE.py - {'step': '484800', 'lr': '0.0002', 'total_loss': '0.00743262', 'main_loss': '0.00743262', 'time_per_step': '2.08458'}
2026-02-04 07:41:15,194 - train_greyscale_FA_MoE.py - {'step': '484900', 'lr': '0.0002', 'total_loss': '0.00807198', 'main_loss': '0.00807198', 'time_per_step': '2.16198'}
2026-02-04 07:45:02,598 - train_greyscale_FA_MoE.py - {'step': '485000', 'lr': '0.0002', 'total_loss': '0.00857855', 'main_loss': '0.00857855', 'time_per_step': '2.21472'}
2026-02-04 07:48:48,876 - train_greyscale_FA_MoE.py - {'step': '485100', 'lr': '0.0002', 'total_loss': '0.0067694', 'main_loss': '0.0067694', 'time_per_step': '2.22021'}
2026-02-04 07:52:35,742 - train_greyscale_FA_MoE.py - {'step': '485200', 'lr': '0.0002', 'total_loss': '0.0100213', 'main_loss': '0.0100213', 'time_per_step': '2.21766'}
2026-02-04 07:56:23,294 - train_greyscale_FA_MoE.py - {'step': '485300', 'lr': '0.0002', 'total_loss': '0.00629405', 'main_loss': '0.00629405', 'time_per_step': '2.28883'}
2026-02-04 08:00:10,081 - train_greyscale_FA_MoE.py - {'step': '485400', 'lr': '0.0002', 'total_loss': '0.00989942', 'main_loss': '0.00989942', 'time_per_step': '2.25861'}
2026-02-04 08:03:56,188 - train_greyscale_FA_MoE.py - {'step': '485500', 'lr': '0.0002', 'total_loss': '0.00909312', 'main_loss': '0.00909312', 'time_per_step': '2.16854'}
2026-02-04 08:07:43,523 - train_greyscale_FA_MoE.py - {'step': '485600', 'lr': '0.0002', 'total_loss': '0.008338', 'main_loss': '0.008338', 'time_per_step': '2.19541'}
2026-02-04 08:11:30,766 - train_greyscale_FA_MoE.py - {'step': '485700', 'lr': '0.0002', 'total_loss': '0.00733354', 'main_loss': '0.00733354', 'time_per_step': '2.21088'}
2026-02-04 08:15:19,318 - train_greyscale_FA_MoE.py - {'step': '485800', 'lr': '0.0002', 'total_loss': '0.0122578', 'main_loss': '0.0122578', 'time_per_step': '2.21072'}
2026-02-04 08:19:05,379 - train_greyscale_FA_MoE.py - {'step': '485900', 'lr': '0.0002', 'total_loss': '0.0055645', 'main_loss': '0.0055645', 'time_per_step': '2.09604'}
2026-02-04 08:22:52,513 - train_greyscale_FA_MoE.py - {'step': '486000', 'lr': '0.0002', 'total_loss': '0.0101987', 'main_loss': '0.0101987', 'time_per_step': '2.13121'}
2026-02-04 08:26:40,165 - train_greyscale_FA_MoE.py - {'step': '486100', 'lr': '0.0002', 'total_loss': '0.00844443', 'main_loss': '0.00844443', 'time_per_step': '2.22257'}
2026-02-04 08:30:27,132 - train_greyscale_FA_MoE.py - {'step': '486200', 'lr': '0.0002', 'total_loss': '0.00681467', 'main_loss': '0.00681467', 'time_per_step': '2.20829'}
2026-02-04 08:34:13,190 - train_greyscale_FA_MoE.py - {'step': '486300', 'lr': '0.0002', 'total_loss': '0.0066403', 'main_loss': '0.0066403', 'time_per_step': '2.21827'}
2026-02-04 08:38:00,565 - train_greyscale_FA_MoE.py - {'step': '486400', 'lr': '0.0002', 'total_loss': '0.00626356', 'main_loss': '0.00626356', 'time_per_step': '2.2297'}
2026-02-04 08:41:47,472 - train_greyscale_FA_MoE.py - {'step': '486500', 'lr': '0.0002', 'total_loss': '0.00542276', 'main_loss': '0.00542276', 'time_per_step': '2.16857'}
2026-02-04 08:45:32,420 - train_greyscale_FA_MoE.py - {'step': '486600', 'lr': '0.0002', 'total_loss': '0.00694526', 'main_loss': '0.00694526', 'time_per_step': '2.18044'}
2026-02-04 08:49:18,388 - train_greyscale_FA_MoE.py - {'step': '486700', 'lr': '0.0002', 'total_loss': '0.00854467', 'main_loss': '0.00854467', 'time_per_step': '2.20394'}
2026-02-04 08:53:05,800 - train_greyscale_FA_MoE.py - {'step': '486800', 'lr': '0.0002', 'total_loss': '0.0077307', 'main_loss': '0.0077307', 'time_per_step': '2.20743'}
2026-02-04 08:56:52,893 - train_greyscale_FA_MoE.py - {'step': '486900', 'lr': '0.0002', 'total_loss': '0.00645652', 'main_loss': '0.00645652', 'time_per_step': '2.2879'}
2026-02-04 09:00:40,050 - train_greyscale_FA_MoE.py - {'step': '487000', 'lr': '0.0002', 'total_loss': '0.00815667', 'main_loss': '0.00815667', 'time_per_step': '2.2074'}
2026-02-04 09:04:25,987 - train_greyscale_FA_MoE.py - {'step': '487100', 'lr': '0.0002', 'total_loss': '0.00708367', 'main_loss': '0.00708367', 'time_per_step': '2.07816'}
2026-02-04 09:08:12,892 - train_greyscale_FA_MoE.py - {'step': '487200', 'lr': '0.0002', 'total_loss': '0.00839243', 'main_loss': '0.00839243', 'time_per_step': '2.08332'}
2026-02-04 09:12:00,403 - train_greyscale_FA_MoE.py - {'step': '487300', 'lr': '0.0002', 'total_loss': '0.00682916', 'main_loss': '0.00682916', 'time_per_step': '2.21277'}
2026-02-04 09:15:48,745 - train_greyscale_FA_MoE.py - {'step': '487400', 'lr': '0.0002', 'total_loss': '0.00661879', 'main_loss': '0.00661879', 'time_per_step': '2.1579'}
2026-02-04 09:19:34,988 - train_greyscale_FA_MoE.py - {'step': '487500', 'lr': '0.0002', 'total_loss': '0.00584075', 'main_loss': '0.00584075', 'time_per_step': '2.19604'}
2026-02-04 09:23:22,679 - train_greyscale_FA_MoE.py - {'step': '487600', 'lr': '0.0002', 'total_loss': '0.00484422', 'main_loss': '0.00484422', 'time_per_step': '2.23416'}
2026-02-04 09:27:09,959 - train_greyscale_FA_MoE.py - {'step': '487700', 'lr': '0.0002', 'total_loss': '0.00565097', 'main_loss': '0.00565097', 'time_per_step': '2.29792'}
2026-02-04 09:30:57,255 - train_greyscale_FA_MoE.py - {'step': '487800', 'lr': '0.0002', 'total_loss': '0.00548516', 'main_loss': '0.00548516', 'time_per_step': '2.22583'}
2026-02-04 09:34:42,832 - train_greyscale_FA_MoE.py - {'step': '487900', 'lr': '0.0002', 'total_loss': '0.00837866', 'main_loss': '0.00837866', 'time_per_step': '2.20199'}
2026-02-04 09:38:30,420 - train_greyscale_FA_MoE.py - {'step': '488000', 'lr': '0.0002', 'total_loss': '0.00733926', 'main_loss': '0.00733926', 'time_per_step': '2.20833'}
2026-02-04 09:42:17,938 - train_greyscale_FA_MoE.py - {'step': '488100', 'lr': '0.0002', 'total_loss': '0.00836638', 'main_loss': '0.00836638', 'time_per_step': '2.16155'}
2026-02-04 09:46:04,625 - train_greyscale_FA_MoE.py - {'step': '488200', 'lr': '0.0002', 'total_loss': '0.00931388', 'main_loss': '0.00931388', 'time_per_step': '2.23167'}
2026-02-04 09:49:50,832 - train_greyscale_FA_MoE.py - {'step': '488300', 'lr': '0.0002', 'total_loss': '0.00908146', 'main_loss': '0.00908146', 'time_per_step': '2.08699'}
2026-02-04 09:53:37,807 - train_greyscale_FA_MoE.py - {'step': '488400', 'lr': '0.0002', 'total_loss': '0.00627988', 'main_loss': '0.00627988', 'time_per_step': '2.08255'}
2026-02-04 09:57:25,133 - train_greyscale_FA_MoE.py - {'step': '488500', 'lr': '0.0002', 'total_loss': '0.00834658', 'main_loss': '0.00834658', 'time_per_step': '2.19291'}
2026-02-04 10:01:12,106 - train_greyscale_FA_MoE.py - {'step': '488600', 'lr': '0.0002', 'total_loss': '0.0113309', 'main_loss': '0.0113309', 'time_per_step': '2.15703'}
2026-02-04 10:04:58,531 - train_greyscale_FA_MoE.py - {'step': '488700', 'lr': '0.0002', 'total_loss': '0.00841284', 'main_loss': '0.00841284', 'time_per_step': '2.22196'}
2026-02-04 10:08:46,123 - train_greyscale_FA_MoE.py - {'step': '488800', 'lr': '0.0002', 'total_loss': '0.00560013', 'main_loss': '0.00560013', 'time_per_step': '2.20272'}
2026-02-04 10:12:33,441 - train_greyscale_FA_MoE.py - {'step': '488900', 'lr': '0.0002', 'total_loss': '0.00726216', 'main_loss': '0.00726216', 'time_per_step': '2.15993'}
2026-02-04 10:16:21,866 - train_greyscale_FA_MoE.py - {'step': '489000', 'lr': '0.0002', 'total_loss': '0.00578652', 'main_loss': '0.00578652', 'time_per_step': '3.50422'}
2026-02-04 10:20:07,831 - train_greyscale_FA_MoE.py - {'step': '489100', 'lr': '0.0002', 'total_loss': '0.00953634', 'main_loss': '0.00953634', 'time_per_step': '2.15708'}
2026-02-04 10:23:55,550 - train_greyscale_FA_MoE.py - {'step': '489200', 'lr': '0.0002', 'total_loss': '0.00656947', 'main_loss': '0.00656947', 'time_per_step': '2.23605'}
2026-02-04 10:27:42,998 - train_greyscale_FA_MoE.py - {'step': '489300', 'lr': '0.0002', 'total_loss': '0.00758677', 'main_loss': '0.00758677', 'time_per_step': '2.19903'}
2026-02-04 10:31:29,317 - train_greyscale_FA_MoE.py - {'step': '489400', 'lr': '0.0002', 'total_loss': '0.00681275', 'main_loss': '0.00681275', 'time_per_step': '2.25733'}
2026-02-04 10:35:16,788 - train_greyscale_FA_MoE.py - {'step': '489500', 'lr': '0.0002', 'total_loss': '0.0114645', 'main_loss': '0.0114645', 'time_per_step': '2.06467'}
2026-02-04 10:39:03,899 - train_greyscale_FA_MoE.py - {'step': '489600', 'lr': '0.0002', 'total_loss': '0.00511263', 'main_loss': '0.00511263', 'time_per_step': '2.08302'}
2026-02-04 10:42:51,645 - train_greyscale_FA_MoE.py - {'step': '489700', 'lr': '0.0002', 'total_loss': '0.00774826', 'main_loss': '0.00774826', 'time_per_step': '2.20638'}
2026-02-04 10:46:38,023 - train_greyscale_FA_MoE.py - {'step': '489800', 'lr': '0.0002', 'total_loss': '0.00976393', 'main_loss': '0.00976393', 'time_per_step': '2.20958'}
2026-02-04 10:50:26,111 - train_greyscale_FA_MoE.py - {'step': '489900', 'lr': '0.0002', 'total_loss': '0.0071481', 'main_loss': '0.0071481', 'time_per_step': '2.20122'}
2026-02-04 10:54:13,390 - train_greyscale_FA_MoE.py - {'step': '490000', 'lr': '0.0002', 'total_loss': '0.00851139', 'main_loss': '0.00851139', 'time_per_step': '2.20953'}
2026-02-04 10:58:01,229 - train_greyscale_FA_MoE.py - {'step': '490100', 'lr': '0.0002', 'total_loss': '0.00930964', 'main_loss': '0.00930964', 'time_per_step': '2.20096'}
2026-02-04 11:01:47,270 - train_greyscale_FA_MoE.py - {'step': '490200', 'lr': '0.0002', 'total_loss': '0.00756547', 'main_loss': '0.00756547', 'time_per_step': '2.17604'}
2026-02-04 11:05:34,576 - train_greyscale_FA_MoE.py - {'step': '490300', 'lr': '0.0002', 'total_loss': '0.00983252', 'main_loss': '0.00983252', 'time_per_step': '2.21508'}
2026-02-04 11:09:22,018 - train_greyscale_FA_MoE.py - {'step': '490400', 'lr': '0.0002', 'total_loss': '0.00500386', 'main_loss': '0.00500386', 'time_per_step': '2.19276'}
2026-02-04 11:13:08,868 - train_greyscale_FA_MoE.py - {'step': '490500', 'lr': '0.0002', 'total_loss': '0.00620843', 'main_loss': '0.00620843', 'time_per_step': '2.20384'}
2026-02-04 11:16:55,776 - train_greyscale_FA_MoE.py - {'step': '490600', 'lr': '0.0002', 'total_loss': '0.00768984', 'main_loss': '0.00768984', 'time_per_step': '2.19336'}
2026-02-04 11:20:42,624 - train_greyscale_FA_MoE.py - {'step': '490700', 'lr': '0.0002', 'total_loss': '0.00793825', 'main_loss': '0.00793825', 'time_per_step': '2.09396'}
2026-02-04 11:24:28,564 - train_greyscale_FA_MoE.py - {'step': '490800', 'lr': '0.0002', 'total_loss': '0.00460191', 'main_loss': '0.00460191', 'time_per_step': '2.08443'}
2026-02-04 11:28:16,158 - train_greyscale_FA_MoE.py - {'step': '490900', 'lr': '0.0002', 'total_loss': '0.00614148', 'main_loss': '0.00614148', 'time_per_step': '2.21553'}
2026-02-04 11:32:02,749 - train_greyscale_FA_MoE.py - {'step': '491000', 'lr': '0.0002', 'total_loss': '0.00925124', 'main_loss': '0.00925124', 'time_per_step': '2.20705'}
2026-02-04 11:35:49,527 - train_greyscale_FA_MoE.py - {'step': '491100', 'lr': '0.0002', 'total_loss': '0.00866274', 'main_loss': '0.00866274', 'time_per_step': '2.19295'}
2026-02-04 11:39:37,370 - train_greyscale_FA_MoE.py - {'step': '491200', 'lr': '0.0002', 'total_loss': '0.00738803', 'main_loss': '0.00738803', 'time_per_step': '2.19992'}
2026-02-04 11:43:24,716 - train_greyscale_FA_MoE.py - {'step': '491300', 'lr': '0.0002', 'total_loss': '0.0100324', 'main_loss': '0.0100324', 'time_per_step': '2.20693'}
2026-02-04 11:47:10,742 - train_greyscale_FA_MoE.py - {'step': '491400', 'lr': '0.0002', 'total_loss': '0.00721687', 'main_loss': '0.00721687', 'time_per_step': '2.29218'}
2026-02-04 11:50:58,111 - train_greyscale_FA_MoE.py - {'step': '491500', 'lr': '0.0002', 'total_loss': '0.00791878', 'main_loss': '0.00791878', 'time_per_step': '2.21017'}
2026-02-04 11:54:44,955 - train_greyscale_FA_MoE.py - {'step': '491600', 'lr': '0.0002', 'total_loss': '0.00714511', 'main_loss': '0.00714511', 'time_per_step': '2.1405'}
2026-02-04 11:58:32,229 - train_greyscale_FA_MoE.py - {'step': '491700', 'lr': '0.0002', 'total_loss': '0.00655369', 'main_loss': '0.00655369', 'time_per_step': '2.17893'}
2026-02-04 12:02:18,750 - train_greyscale_FA_MoE.py - {'step': '491800', 'lr': '0.0002', 'total_loss': '0.00616388', 'main_loss': '0.00616388', 'time_per_step': '2.21086'}
2026-02-04 12:06:05,589 - train_greyscale_FA_MoE.py - {'step': '491900', 'lr': '0.0002', 'total_loss': '0.00769978', 'main_loss': '0.00769978', 'time_per_step': '2.07761'}
2026-02-04 12:09:52,683 - train_greyscale_FA_MoE.py - {'step': '492000', 'lr': '0.0002', 'total_loss': '0.0073546', 'main_loss': '0.0073546', 'time_per_step': '2.13455'}
2026-02-04 12:13:40,135 - train_greyscale_FA_MoE.py - {'step': '492100', 'lr': '0.0002', 'total_loss': '0.00530628', 'main_loss': '0.00530628', 'time_per_step': '2.21885'}
2026-02-04 12:17:27,610 - train_greyscale_FA_MoE.py - {'step': '492200', 'lr': '0.0002', 'total_loss': '0.00636903', 'main_loss': '0.00636903', 'time_per_step': '2.1995'}
2026-02-04 12:21:15,422 - train_greyscale_FA_MoE.py - {'step': '492300', 'lr': '0.0002', 'total_loss': '0.00823598', 'main_loss': '0.00823598', 'time_per_step': '2.19328'}
2026-02-04 12:25:02,573 - train_greyscale_FA_MoE.py - {'step': '492400', 'lr': '0.0002', 'total_loss': '0.00765661', 'main_loss': '0.00765661', 'time_per_step': '2.20758'}
2026-02-04 12:28:49,677 - train_greyscale_FA_MoE.py - {'step': '492500', 'lr': '0.0002', 'total_loss': '0.0093945', 'main_loss': '0.0093945', 'time_per_step': '2.24181'}
2026-02-04 12:32:35,972 - train_greyscale_FA_MoE.py - {'step': '492600', 'lr': '0.0002', 'total_loss': '0.00532992', 'main_loss': '0.00532992', 'time_per_step': '2.21651'}
2026-02-04 12:36:22,808 - train_greyscale_FA_MoE.py - {'step': '492700', 'lr': '0.0002', 'total_loss': '0.00848987', 'main_loss': '0.00848987', 'time_per_step': '2.25804'}
2026-02-04 12:40:09,851 - train_greyscale_FA_MoE.py - {'step': '492800', 'lr': '0.0002', 'total_loss': '0.0109827', 'main_loss': '0.0109827', 'time_per_step': '2.2148'}
2026-02-04 12:43:56,953 - train_greyscale_FA_MoE.py - {'step': '492900', 'lr': '0.0002', 'total_loss': '0.0054067', 'main_loss': '0.0054067', 'time_per_step': '2.222'}
2026-02-04 12:47:42,987 - train_greyscale_FA_MoE.py - {'step': '493000', 'lr': '0.0002', 'total_loss': '0.00612512', 'main_loss': '0.00612512', 'time_per_step': '2.20581'}
2026-02-04 12:51:30,477 - train_greyscale_FA_MoE.py - {'step': '493100', 'lr': '0.0002', 'total_loss': '0.00786657', 'main_loss': '0.00786657', 'time_per_step': '2.08472'}
2026-02-04 12:55:17,464 - train_greyscale_FA_MoE.py - {'step': '493200', 'lr': '0.0002', 'total_loss': '0.00657172', 'main_loss': '0.00657172', 'time_per_step': '2.08323'}
2026-02-04 12:59:05,842 - train_greyscale_FA_MoE.py - {'step': '493300', 'lr': '0.0002', 'total_loss': '0.00739369', 'main_loss': '0.00739369', 'time_per_step': '2.21859'}
2026-02-04 13:02:51,915 - train_greyscale_FA_MoE.py - {'step': '493400', 'lr': '0.0002', 'total_loss': '0.00681049', 'main_loss': '0.00681049', 'time_per_step': '2.22694'}
2026-02-04 13:06:39,329 - train_greyscale_FA_MoE.py - {'step': '493500', 'lr': '0.0002', 'total_loss': '0.00512768', 'main_loss': '0.00512768', 'time_per_step': '2.1916'}
2026-02-04 13:10:27,080 - train_greyscale_FA_MoE.py - {'step': '493600', 'lr': '0.0002', 'total_loss': '0.00788282', 'main_loss': '0.00788282', 'time_per_step': '2.22823'}
2026-02-04 13:14:14,265 - train_greyscale_FA_MoE.py - {'step': '493700', 'lr': '0.0002', 'total_loss': '0.00752803', 'main_loss': '0.00752803', 'time_per_step': '2.24602'}
2026-02-04 13:18:01,482 - train_greyscale_FA_MoE.py - {'step': '493800', 'lr': '0.0002', 'total_loss': '0.0137357', 'main_loss': '0.0137357', 'time_per_step': '2.2064'}
2026-02-04 13:21:48,644 - train_greyscale_FA_MoE.py - {'step': '493900', 'lr': '0.0002', 'total_loss': '0.00965957', 'main_loss': '0.00965957', 'time_per_step': '2.16688'}
2026-02-04 13:25:36,671 - train_greyscale_FA_MoE.py - {'step': '494000', 'lr': '0.0002', 'total_loss': '0.00747488', 'main_loss': '0.00747488', 'time_per_step': '2.21319'}
2026-02-04 13:29:24,061 - train_greyscale_FA_MoE.py - {'step': '494100', 'lr': '0.0002', 'total_loss': '0.00744127', 'main_loss': '0.00744127', 'time_per_step': '2.26526'}
2026-02-04 13:33:10,564 - train_greyscale_FA_MoE.py - {'step': '494200', 'lr': '0.0002', 'total_loss': '0.0068042', 'main_loss': '0.0068042', 'time_per_step': '2.36145'}
2026-02-04 13:36:57,311 - train_greyscale_FA_MoE.py - {'step': '494300', 'lr': '0.0002', 'total_loss': '0.00628907', 'main_loss': '0.00628907', 'time_per_step': '2.08332'}
2026-02-04 13:40:43,636 - train_greyscale_FA_MoE.py - {'step': '494400', 'lr': '0.0002', 'total_loss': '0.0083812', 'main_loss': '0.0083812', 'time_per_step': '2.08377'}
2026-02-04 13:44:31,448 - train_greyscale_FA_MoE.py - {'step': '494500', 'lr': '0.0002', 'total_loss': '0.00997334', 'main_loss': '0.00997334', 'time_per_step': '2.2053'}
2026-02-04 13:48:17,520 - train_greyscale_FA_MoE.py - {'step': '494600', 'lr': '0.0002', 'total_loss': '0.00780895', 'main_loss': '0.00780895', 'time_per_step': '2.21539'}
2026-02-04 13:52:04,679 - train_greyscale_FA_MoE.py - {'step': '494700', 'lr': '0.0002', 'total_loss': '0.00717448', 'main_loss': '0.00717448', 'time_per_step': '2.18744'}
2026-02-04 13:55:51,806 - train_greyscale_FA_MoE.py - {'step': '494800', 'lr': '0.0002', 'total_loss': '0.00792873', 'main_loss': '0.00792873', 'time_per_step': '2.13822'}
2026-02-04 13:59:38,941 - train_greyscale_FA_MoE.py - {'step': '494900', 'lr': '0.0002', 'total_loss': '0.00767261', 'main_loss': '0.00767261', 'time_per_step': '2.20764'}
2026-02-04 14:03:25,069 - train_greyscale_FA_MoE.py - {'step': '495000', 'lr': '0.0002', 'total_loss': '0.00980699', 'main_loss': '0.00980699', 'time_per_step': '2.18975'}
2026-02-04 14:07:11,975 - train_greyscale_FA_MoE.py - {'step': '495100', 'lr': '0.0002', 'total_loss': '0.0094726', 'main_loss': '0.0094726', 'time_per_step': '2.21142'}
2026-02-04 14:10:59,189 - train_greyscale_FA_MoE.py - {'step': '495200', 'lr': '0.0002', 'total_loss': '0.00971263', 'main_loss': '0.00971263', 'time_per_step': '2.18457'}
2026-02-04 14:14:47,733 - train_greyscale_FA_MoE.py - {'step': '495300', 'lr': '0.0002', 'total_loss': '0.00826399', 'main_loss': '0.00826399', 'time_per_step': '2.25568'}
2026-02-04 14:18:33,856 - train_greyscale_FA_MoE.py - {'step': '495400', 'lr': '0.0002', 'total_loss': '0.0055499', 'main_loss': '0.0055499', 'time_per_step': '2.13177'}
2026-02-04 14:22:21,729 - train_greyscale_FA_MoE.py - {'step': '495500', 'lr': '0.0002', 'total_loss': '0.00823449', 'main_loss': '0.00823449', 'time_per_step': '2.08157'}
2026-02-04 14:26:08,441 - train_greyscale_FA_MoE.py - {'step': '495600', 'lr': '0.0002', 'total_loss': '0.00535113', 'main_loss': '0.00535113', 'time_per_step': '2.08239'}
2026-02-04 14:29:56,404 - train_greyscale_FA_MoE.py - {'step': '495700', 'lr': '0.0002', 'total_loss': '0.00730253', 'main_loss': '0.00730253', 'time_per_step': '2.14776'}
2026-02-04 14:33:42,486 - train_greyscale_FA_MoE.py - {'step': '495800', 'lr': '0.0002', 'total_loss': '0.00857922', 'main_loss': '0.00857922', 'time_per_step': '2.20199'}
2026-02-04 14:37:29,509 - train_greyscale_FA_MoE.py - {'step': '495900', 'lr': '0.0002', 'total_loss': '0.00452628', 'main_loss': '0.00452628', 'time_per_step': '2.16669'}
2026-02-04 14:41:16,742 - train_greyscale_FA_MoE.py - {'step': '496000', 'lr': '0.0002', 'total_loss': '0.00844942', 'main_loss': '0.00844942', 'time_per_step': '2.20987'}
2026-02-04 14:45:03,757 - train_greyscale_FA_MoE.py - {'step': '496100', 'lr': '0.0002', 'total_loss': '0.00771862', 'main_loss': '0.00771862', 'time_per_step': '2.24562'}
2026-02-04 14:48:50,071 - train_greyscale_FA_MoE.py - {'step': '496200', 'lr': '0.0002', 'total_loss': '0.00604757', 'main_loss': '0.00604757', 'time_per_step': '2.23518'}
2026-02-04 14:52:36,609 - train_greyscale_FA_MoE.py - {'step': '496300', 'lr': '0.0002', 'total_loss': '0.00900444', 'main_loss': '0.00900444', 'time_per_step': '2.21105'}
2026-02-04 14:56:24,506 - train_greyscale_FA_MoE.py - {'step': '496400', 'lr': '0.0002', 'total_loss': '0.00819202', 'main_loss': '0.00819202', 'time_per_step': '2.21792'}
2026-02-04 15:00:11,259 - train_greyscale_FA_MoE.py - {'step': '496500', 'lr': '0.0002', 'total_loss': '0.00732429', 'main_loss': '0.00732429', 'time_per_step': '2.21254'}
2026-02-04 15:03:57,259 - train_greyscale_FA_MoE.py - {'step': '496600', 'lr': '0.0002', 'total_loss': '0.00785795', 'main_loss': '0.00785795', 'time_per_step': '2.22296'}
2026-02-04 15:07:44,253 - train_greyscale_FA_MoE.py - {'step': '496700', 'lr': '0.0002', 'total_loss': '0.00406508', 'main_loss': '0.00406508', 'time_per_step': '2.08129'}
2026-02-04 15:11:30,880 - train_greyscale_FA_MoE.py - {'step': '496800', 'lr': '0.0002', 'total_loss': '0.00588774', 'main_loss': '0.00588774', 'time_per_step': '2.08209'}
2026-02-04 15:15:19,703 - train_greyscale_FA_MoE.py - {'step': '496900', 'lr': '0.0002', 'total_loss': '0.0065092', 'main_loss': '0.0065092', 'time_per_step': '3.3792'}
2026-02-04 15:19:05,532 - train_greyscale_FA_MoE.py - {'step': '497000', 'lr': '0.0002', 'total_loss': '0.00458121', 'main_loss': '0.00458121', 'time_per_step': '2.20607'}
2026-02-04 15:22:51,974 - train_greyscale_FA_MoE.py - {'step': '497100', 'lr': '0.0002', 'total_loss': '0.0104048', 'main_loss': '0.0104048', 'time_per_step': '2.20994'}
2026-02-04 15:26:38,801 - train_greyscale_FA_MoE.py - {'step': '497200', 'lr': '0.0002', 'total_loss': '0.00747413', 'main_loss': '0.00747413', 'time_per_step': '2.20121'}
2026-02-04 15:30:25,751 - train_greyscale_FA_MoE.py - {'step': '497300', 'lr': '0.0002', 'total_loss': '0.00789831', 'main_loss': '0.00789831', 'time_per_step': '2.21219'}
2026-02-04 15:34:12,351 - train_greyscale_FA_MoE.py - {'step': '497400', 'lr': '0.0002', 'total_loss': '0.0124239', 'main_loss': '0.0124239', 'time_per_step': '2.21677'}
2026-02-04 15:37:59,283 - train_greyscale_FA_MoE.py - {'step': '497500', 'lr': '0.0002', 'total_loss': '0.00717179', 'main_loss': '0.00717179', 'time_per_step': '2.19866'}
2026-02-04 15:41:47,077 - train_greyscale_FA_MoE.py - {'step': '497600', 'lr': '0.0002', 'total_loss': '0.0080765', 'main_loss': '0.0080765', 'time_per_step': '2.20499'}
2026-02-04 15:45:33,363 - train_greyscale_FA_MoE.py - {'step': '497700', 'lr': '0.0002', 'total_loss': '0.0110384', 'main_loss': '0.0110384', 'time_per_step': '2.22681'}
2026-02-04 15:49:20,624 - train_greyscale_FA_MoE.py - {'step': '497800', 'lr': '0.0002', 'total_loss': '0.00788125', 'main_loss': '0.00788125', 'time_per_step': '2.24092'}
2026-02-04 15:53:07,365 - train_greyscale_FA_MoE.py - {'step': '497900', 'lr': '0.0002', 'total_loss': '0.00639468', 'main_loss': '0.00639468', 'time_per_step': '2.07468'}
2026-02-04 15:56:54,178 - train_greyscale_FA_MoE.py - {'step': '498000', 'lr': '0.0002', 'total_loss': '0.00828838', 'main_loss': '0.00828838', 'time_per_step': '2.13283'}
2026-02-04 16:00:40,717 - train_greyscale_FA_MoE.py - {'step': '498100', 'lr': '0.0002', 'total_loss': '0.00707769', 'main_loss': '0.00707769', 'time_per_step': '2.24562'}
2026-02-04 16:04:27,792 - train_greyscale_FA_MoE.py - {'step': '498200', 'lr': '0.0002', 'total_loss': '0.00848046', 'main_loss': '0.00848046', 'time_per_step': '2.19632'}
2026-02-04 16:08:15,126 - train_greyscale_FA_MoE.py - {'step': '498300', 'lr': '0.0002', 'total_loss': '0.00889807', 'main_loss': '0.00889807', 'time_per_step': '2.17399'}
2026-02-04 16:12:02,626 - train_greyscale_FA_MoE.py - {'step': '498400', 'lr': '0.0002', 'total_loss': '0.00874139', 'main_loss': '0.00874139', 'time_per_step': '2.22687'}
2026-02-04 16:15:49,042 - train_greyscale_FA_MoE.py - {'step': '498500', 'lr': '0.0002', 'total_loss': '0.00580725', 'main_loss': '0.00580725', 'time_per_step': '2.2123'}
2026-02-04 16:19:35,978 - train_greyscale_FA_MoE.py - {'step': '498600', 'lr': '0.0002', 'total_loss': '0.010986', 'main_loss': '0.010986', 'time_per_step': '2.21565'}
2026-02-04 16:23:23,156 - train_greyscale_FA_MoE.py - {'step': '498700', 'lr': '0.0002', 'total_loss': '0.00535797', 'main_loss': '0.00535797', 'time_per_step': '2.26401'}
2026-02-04 16:27:10,124 - train_greyscale_FA_MoE.py - {'step': '498800', 'lr': '0.0002', 'total_loss': '0.00760712', 'main_loss': '0.00760712', 'time_per_step': '2.30247'}
2026-02-04 16:30:56,253 - train_greyscale_FA_MoE.py - {'step': '498900', 'lr': '0.0002', 'total_loss': '0.00672972', 'main_loss': '0.00672972', 'time_per_step': '2.20469'}
2026-02-04 16:34:43,717 - train_greyscale_FA_MoE.py - {'step': '499000', 'lr': '0.0002', 'total_loss': '0.0116197', 'main_loss': '0.0116197', 'time_per_step': '2.20657'}
2026-02-04 16:38:30,447 - train_greyscale_FA_MoE.py - {'step': '499100', 'lr': '0.0002', 'total_loss': '0.00847132', 'main_loss': '0.00847132', 'time_per_step': '2.0835'}
2026-02-04 16:42:17,051 - train_greyscale_FA_MoE.py - {'step': '499200', 'lr': '0.0002', 'total_loss': '0.00983215', 'main_loss': '0.00983215', 'time_per_step': '2.08311'}
2026-02-04 16:46:04,080 - train_greyscale_FA_MoE.py - {'step': '499300', 'lr': '0.0002', 'total_loss': '0.00472048', 'main_loss': '0.00472048', 'time_per_step': '2.20264'}
2026-02-04 16:49:51,372 - train_greyscale_FA_MoE.py - {'step': '499400', 'lr': '0.0002', 'total_loss': '0.00879137', 'main_loss': '0.00879137', 'time_per_step': '2.18239'}
2026-02-04 16:53:38,806 - train_greyscale_FA_MoE.py - {'step': '499500', 'lr': '0.0002', 'total_loss': '0.00678971', 'main_loss': '0.00678971', 'time_per_step': '2.22714'}
2026-02-04 16:57:26,542 - train_greyscale_FA_MoE.py - {'step': '499600', 'lr': '0.0002', 'total_loss': '0.00849407', 'main_loss': '0.00849407', 'time_per_step': '2.21944'}
2026-02-04 17:01:13,094 - train_greyscale_FA_MoE.py - {'step': '499700', 'lr': '0.0002', 'total_loss': '0.00682588', 'main_loss': '0.00682588', 'time_per_step': '2.23557'}
2026-02-04 17:05:00,292 - train_greyscale_FA_MoE.py - {'step': '499800', 'lr': '0.0002', 'total_loss': '0.0069828', 'main_loss': '0.0069828', 'time_per_step': '2.18722'}
2026-02-04 17:08:47,666 - train_greyscale_FA_MoE.py - {'step': '499900', 'lr': '0.0002', 'total_loss': '0.0106193', 'main_loss': '0.0106193', 'time_per_step': '2.19938'}
2026-02-04 17:12:34,578 - train_greyscale_FA_MoE.py - {'step': '500000', 'lr': '0.0002', 'total_loss': '0.00576977', 'main_loss': '0.00576977', 'time_per_step': '2.26071'}
2026-02-04 17:12:34,609 - train_greyscale_FA_MoE.py - Saved expert distribution of layer in_block_0 to output_shift_fa/acdc_wholeheart_uncond_fa_ec_moe_greyscale_uvit_mid_4by4_l6r9_low16_Y_bound/samples/expert_distribution_in_block_0_step500000.npy
2026-02-04 17:12:36,134 - train_greyscale_FA_MoE.py - Saved expert distribution of layer out_block_7 to output_shift_fa/acdc_wholeheart_uncond_fa_ec_moe_greyscale_uvit_mid_4by4_l6r9_low16_Y_bound/samples/expert_distribution_out_block_7_step500000.npy
2026-02-04 17:12:37,800 - train_greyscale_FA_MoE.py - Save a grid of 16 samples into output_shift_fa/acdc_wholeheart_uncond_fa_ec_moe_greyscale_uvit_mid_4by4_l6r9_low16_Y_bound/samples/500000.png by DPM-Solver
2026-02-04 17:12:43,335 - train_greyscale_FA_MoE.py - Finished saving sample grid to output_shift_fa/acdc_wholeheart_uncond_fa_ec_moe_greyscale_uvit_mid_4by4_l6r9_low16_Y_bound/samples/500000.png by DPM-Solver.
2026-02-04 17:12:43,398 - train_greyscale_FA_MoE.py - Save and eval checkpoint 500000...
2026-02-04 17:12:45,710 - train_greyscale_FA_MoE.py - eval_step: n_samples=50000, sample_steps=50, algorithm=dpm_solver, mini_batch_size=500, samples save into output_shift_fa/acdc_wholeheart_uncond_fa_ec_moe_greyscale_uvit_mid_4by4_l6r9_low16_Y_bound/samples/acdc_wholeheart_uncond_uvit_FA_EC_MoE_greyscale_mid_4by4_low16_500000_dpm
2026-02-04 18:02:33,256 - train_greyscale_FA_MoE.py - step=500000 fid50000=10.8808153850689
2026-02-04 18:08:45,457 - is_lpips.py - LPIPS: 0.5147 ± 0.0495
2026-02-04 18:08:45,463 - train_greyscale_FA_MoE.py - step=500000 LPIPS50000=0.5146733200531588
2026-02-04 18:09:04,975 - train_greyscale_FA_MoE.py - Finish fitting, step=500000
2026-02-04 18:09:06,261 - train_greyscale_FA_MoE.py - all done!
