2026-03-04 21:46:31,071 - train_greyscale_FA_MoE.py - ckpt_root: output_shift_fa/acdc_wholeheart_uncond_fa_ec_4moe8_greyscale_uvit_mid_4by4_l8r9_low16_Y_bound/ckpts
dataset:
  SNR_scale: 4.0
  Y_bound: !!python/tuple
  - 502.5
  Y_entropy: !!python/tuple
  - 5.883
  - 3.501
  - 3.575
  - 2.418
  - 2.75
  - 2.341
  - 1.479
  - 2.017
  - 2.044
  - 1.453
  - 1.316
  - 1.586
  - 1.365
  - 1.174
  - 1.108
  - 1.0
  Y_max: !!python/tuple
  - 262.0
  - 112.375
  - 125.812
  - 49.0
  - 58.5
  - 46.5
  - 20.344
  - 32.906
  - 33.406
  - 19.953
  - 15.953
  - 22.0
  - 16.984
  - 12.812
  - 11.68
  - 7.461
  Y_mean: !!python/tuple
  - -270.982
  - -0.725
  - 0.44
  - 0.107
  - 0.009
  - 0.154
  - -0.058
  - 0.0
  - -0.008
  - 0.019
  - 0.009
  - -0.012
  - 0.005
  - 0.002
  - 0.004
  - -0.002
  Y_min: !!python/tuple
  - -502.5
  - -119.312
  - -122.375
  - -51.25
  - -58.906
  - -49.5
  - -20.703
  - -32.906
  - -33.094
  - -19.891
  - -15.891
  - -21.75
  - -16.969
  - -12.773
  - -11.648
  - -7.492
  Y_std: !!python/tuple
  - 182.433
  - 32.822
  - 34.997
  - 14.001
  - 17.621
  - 13.189
  - 5.791
  - 9.609
  - 9.805
  - 5.653
  - 4.634
  - 6.503
  - 4.964
  - 3.796
  - 3.44
  - 2.178
  block_sz: 4
  dataset_type: wholeheart
  frequency_aware_tokens: true
  greyscale: true
  low_freqs: 16
  name: acdc_uncond
  num_fa_length: 8
  num_fa_repeats: 9
  num_fa_repeats_x: 3
  num_fa_repeats_y: 3
  path: data/scratch/datasets/ACDC/Unlabeled/Wholeheart
  resolution: 96
  reweight: true
  reweight_dim: -1
  temperature: 0.0
  tokens: 128
  tokenwise_normalization: Y_bound
eval:
  cleanup_samples: true
  eval_start: 400000
  is_batch_size: 32
  lpips_batch_size: 32
  mini_batch_size: 500
  n_samples: 50000
  sample_steps: 100
eval_dir: output/evaluation/FA_EC_l8r9_4by4_low16
lr_scheduler:
  name: customized
  warmup_steps: 5000
mixed_precision: 'no'
name: acdc_wholeheart_uncond_uvit_FA_EC_4MoE8_greyscale_mid_4by4_low16
nnet:
  MoE:
    aux_loss_alpha: 0.0
    depth: 1
    noise_eps: 0.01
    num_experts: 8
    router: topk
    top_k: 4
    type: ecmoe
  depth: 16
  embed_dim: 768
  in_chans: 72
  low_freqs: 16
  mlp_ratio: 4
  mlp_time_embed: true
  name: uvit_greyscale_moe
  num_classes: -1
  num_heads: 12
  qkv_bias: false
  tokens: 128
  use_moe: true
optimizer:
  betas: !!python/tuple
  - 0.99
  - 0.99
  lr: 0.0002
  name: adamw
  weight_decay: 0.03
pred: noise_pred
private:
  accountant: prv
  dp_method: dpsgd
  max_grad_norm: 1.0
  noise_multiplier: 0.5
  secure_mode: false
  target_delta: 1.0e-05
  target_epsilon: 10
  use_dp: false
sample:
  algorithm: euler_maruyama_ode
  mini_batch_size: 500
  n_samples: 50000
  path: data/scratch/samples
  sample_steps: 100
  save_npz: ''
  save_start: 20000
sample_dir: output_shift_fa/acdc_wholeheart_uncond_fa_ec_4moe8_greyscale_uvit_mid_4by4_l8r9_low16_Y_bound/samples
seed: 1234
train:
  batch_size: 512
  eval_interval: 25000
  log_interval: 100
  mode: uncond
  n_steps: 500000
  save_interval: 25000
workdir: output_shift_fa/acdc_wholeheart_uncond_fa_ec_4moe8_greyscale_uvit_mid_4by4_l8r9_low16_Y_bound

2026-03-04 21:47:37,389 - train_greyscale_FA_MoE.py - dataset samples: 25022
2026-03-04 21:47:37,390 - train_greyscale_FA_MoE.py - Using Y_bound for positional token normalization
2026-03-04 21:47:47,083 - utils.py - nnet has 200958792 parameters
2026-03-04 21:47:47,998 - train_greyscale_FA_MoE.py - using [5.883 3.501 3.575 2.418 2.75  2.341 1.479 2.017 2.044 1.453 1.316 1.586
 1.365 1.174 1.108 1.   ] for loss reweighting
2026-03-04 21:47:47,999 - train_greyscale_FA_MoE.py - Using temperature 0.0 for loss reweighting
2026-03-04 21:47:48,207 - train_greyscale_FA_MoE.py - Start fitting, step=0, mixed_precision=no
2026-03-04 21:53:50,157 - train_greyscale_FA_MoE.py - {'step': '100', 'lr': '4e-06', 'total_loss': '0.911359', 'main_loss': '0.911359', 'time_per_step': '2.62731'}
2026-03-04 21:58:21,797 - train_greyscale_FA_MoE.py - {'step': '200', 'lr': '8e-06', 'total_loss': '0.507791', 'main_loss': '0.507791', 'time_per_step': '2.64435'}
2026-03-04 22:02:53,021 - train_greyscale_FA_MoE.py - {'step': '300', 'lr': '1.2e-05', 'total_loss': '0.229465', 'main_loss': '0.229465', 'time_per_step': '2.63096'}
2026-03-04 22:07:24,251 - train_greyscale_FA_MoE.py - {'step': '400', 'lr': '1.6e-05', 'total_loss': '0.145452', 'main_loss': '0.145452', 'time_per_step': '2.59722'}
2026-03-04 22:11:55,425 - train_greyscale_FA_MoE.py - {'step': '500', 'lr': '2e-05', 'total_loss': '0.107968', 'main_loss': '0.107968', 'time_per_step': '2.626'}
2026-03-04 22:16:26,613 - train_greyscale_FA_MoE.py - {'step': '600', 'lr': '2.4e-05', 'total_loss': '0.0837559', 'main_loss': '0.0837559', 'time_per_step': '2.69447'}
2026-03-04 22:20:58,211 - train_greyscale_FA_MoE.py - {'step': '700', 'lr': '2.8e-05', 'total_loss': '0.0769877', 'main_loss': '0.0769877', 'time_per_step': '2.71339'}
2026-03-04 22:25:32,000 - train_greyscale_FA_MoE.py - {'step': '800', 'lr': '3.2e-05', 'total_loss': '0.0594308', 'main_loss': '0.0594308', 'time_per_step': '2.65209'}
2026-03-04 22:30:05,324 - train_greyscale_FA_MoE.py - {'step': '900', 'lr': '3.6e-05', 'total_loss': '0.0700379', 'main_loss': '0.0700379', 'time_per_step': '2.67398'}
2026-03-04 22:34:38,396 - train_greyscale_FA_MoE.py - {'step': '1000', 'lr': '4e-05', 'total_loss': '0.0509218', 'main_loss': '0.0509218', 'time_per_step': '2.65389'}
2026-03-04 22:39:12,857 - train_greyscale_FA_MoE.py - {'step': '1100', 'lr': '4.4e-05', 'total_loss': '0.0515084', 'main_loss': '0.0515084', 'time_per_step': '2.54319'}
2026-03-04 22:43:46,433 - train_greyscale_FA_MoE.py - {'step': '1200', 'lr': '4.8e-05', 'total_loss': '0.0512879', 'main_loss': '0.0512879', 'time_per_step': '2.54031'}
2026-03-04 22:48:20,398 - train_greyscale_FA_MoE.py - {'step': '1300', 'lr': '5.2e-05', 'total_loss': '0.0484313', 'main_loss': '0.0484313', 'time_per_step': '2.69645'}
2026-03-04 22:52:53,183 - train_greyscale_FA_MoE.py - {'step': '1400', 'lr': '5.6e-05', 'total_loss': '0.0486175', 'main_loss': '0.0486175', 'time_per_step': '2.66053'}
2026-03-04 22:57:26,323 - train_greyscale_FA_MoE.py - {'step': '1500', 'lr': '6e-05', 'total_loss': '0.0410377', 'main_loss': '0.0410377', 'time_per_step': '2.71787'}
2026-03-04 23:01:58,851 - train_greyscale_FA_MoE.py - {'step': '1600', 'lr': '6.4e-05', 'total_loss': '0.0384767', 'main_loss': '0.0384767', 'time_per_step': '2.6683'}
2026-03-04 23:06:30,716 - train_greyscale_FA_MoE.py - {'step': '1700', 'lr': '6.8e-05', 'total_loss': '0.0447841', 'main_loss': '0.0447841', 'time_per_step': '2.67106'}
2026-03-04 23:11:04,299 - train_greyscale_FA_MoE.py - {'step': '1800', 'lr': '7.2e-05', 'total_loss': '0.0505775', 'main_loss': '0.0505775', 'time_per_step': '2.66858'}
2026-03-04 23:15:39,215 - train_greyscale_FA_MoE.py - {'step': '1900', 'lr': '7.6e-05', 'total_loss': '0.0470948', 'main_loss': '0.0470948', 'time_per_step': '2.65412'}
2026-03-04 23:20:12,496 - train_greyscale_FA_MoE.py - {'step': '2000', 'lr': '8e-05', 'total_loss': '0.0456494', 'main_loss': '0.0456494', 'time_per_step': '2.65765'}
2026-03-04 23:24:45,973 - train_greyscale_FA_MoE.py - {'step': '2100', 'lr': '8.4e-05', 'total_loss': '0.0436315', 'main_loss': '0.0436315', 'time_per_step': '2.69959'}
2026-03-04 23:29:18,482 - train_greyscale_FA_MoE.py - {'step': '2200', 'lr': '8.8e-05', 'total_loss': '0.0473612', 'main_loss': '0.0473612', 'time_per_step': '2.65025'}
2026-03-04 23:33:52,203 - train_greyscale_FA_MoE.py - {'step': '2300', 'lr': '9.2e-05', 'total_loss': '0.0427632', 'main_loss': '0.0427632', 'time_per_step': '2.54215'}
2026-03-04 23:38:25,737 - train_greyscale_FA_MoE.py - {'step': '2400', 'lr': '9.6e-05', 'total_loss': '0.0348495', 'main_loss': '0.0348495', 'time_per_step': '2.5402'}
2026-03-04 23:42:59,768 - train_greyscale_FA_MoE.py - {'step': '2500', 'lr': '0.0001', 'total_loss': '0.0487327', 'main_loss': '0.0487327', 'time_per_step': '2.67364'}
2026-03-04 23:47:33,012 - train_greyscale_FA_MoE.py - {'step': '2600', 'lr': '0.000104', 'total_loss': '0.0407841', 'main_loss': '0.0407841', 'time_per_step': '2.67784'}
2026-03-04 23:52:05,765 - train_greyscale_FA_MoE.py - {'step': '2700', 'lr': '0.000108', 'total_loss': '0.0465485', 'main_loss': '0.0465485', 'time_per_step': '2.67347'}
2026-03-04 23:56:39,272 - train_greyscale_FA_MoE.py - {'step': '2800', 'lr': '0.000112', 'total_loss': '0.0422041', 'main_loss': '0.0422041', 'time_per_step': '2.66974'}
2026-03-05 00:01:12,987 - train_greyscale_FA_MoE.py - {'step': '2900', 'lr': '0.000116', 'total_loss': '0.0386511', 'main_loss': '0.0386511', 'time_per_step': '2.62949'}
2026-03-05 00:05:46,148 - train_greyscale_FA_MoE.py - {'step': '3000', 'lr': '0.00012', 'total_loss': '0.0438911', 'main_loss': '0.0438911', 'time_per_step': '2.65699'}
2026-03-05 00:10:19,308 - train_greyscale_FA_MoE.py - {'step': '3100', 'lr': '0.000124', 'total_loss': '0.0428939', 'main_loss': '0.0428939', 'time_per_step': '2.67078'}
2026-03-05 00:14:52,235 - train_greyscale_FA_MoE.py - {'step': '3200', 'lr': '0.000128', 'total_loss': '0.0420291', 'main_loss': '0.0420291', 'time_per_step': '2.66605'}
2026-03-05 00:19:25,007 - train_greyscale_FA_MoE.py - {'step': '3300', 'lr': '0.000132', 'total_loss': '0.0369941', 'main_loss': '0.0369941', 'time_per_step': '2.66152'}
2026-03-05 00:23:58,239 - train_greyscale_FA_MoE.py - {'step': '3400', 'lr': '0.000136', 'total_loss': '0.0379879', 'main_loss': '0.0379879', 'time_per_step': '2.71303'}
2026-03-05 00:28:30,234 - train_greyscale_FA_MoE.py - {'step': '3500', 'lr': '0.00014', 'total_loss': '0.0363193', 'main_loss': '0.0363193', 'time_per_step': '2.54787'}
2026-03-05 00:33:02,728 - train_greyscale_FA_MoE.py - {'step': '3600', 'lr': '0.000144', 'total_loss': '0.0319784', 'main_loss': '0.0319784', 'time_per_step': '2.54552'}
2026-03-05 00:37:36,720 - train_greyscale_FA_MoE.py - {'step': '3700', 'lr': '0.000148', 'total_loss': '0.0328053', 'main_loss': '0.0328053', 'time_per_step': '2.62822'}
2026-03-05 00:42:10,655 - train_greyscale_FA_MoE.py - {'step': '3800', 'lr': '0.000152', 'total_loss': '0.0344122', 'main_loss': '0.0344122', 'time_per_step': '2.62382'}
2026-03-05 00:46:44,122 - train_greyscale_FA_MoE.py - {'step': '3900', 'lr': '0.000156', 'total_loss': '0.03806', 'main_loss': '0.03806', 'time_per_step': '2.67014'}
2026-03-05 00:51:17,681 - train_greyscale_FA_MoE.py - {'step': '4000', 'lr': '0.00016', 'total_loss': '0.0404141', 'main_loss': '0.0404141', 'time_per_step': '2.68437'}
2026-03-05 00:55:51,641 - train_greyscale_FA_MoE.py - {'step': '4100', 'lr': '0.000164', 'total_loss': '0.0335337', 'main_loss': '0.0335337', 'time_per_step': '2.65245'}
2026-03-05 01:00:25,077 - train_greyscale_FA_MoE.py - {'step': '4200', 'lr': '0.000168', 'total_loss': '0.0293886', 'main_loss': '0.0293886', 'time_per_step': '2.66213'}
2026-03-05 01:04:58,013 - train_greyscale_FA_MoE.py - {'step': '4300', 'lr': '0.000172', 'total_loss': '0.0368069', 'main_loss': '0.0368069', 'time_per_step': '2.71074'}
2026-03-05 01:09:31,570 - train_greyscale_FA_MoE.py - {'step': '4400', 'lr': '0.000176', 'total_loss': '0.034799', 'main_loss': '0.034799', 'time_per_step': '2.6522'}
2026-03-05 01:14:05,160 - train_greyscale_FA_MoE.py - {'step': '4500', 'lr': '0.00018', 'total_loss': '0.0269672', 'main_loss': '0.0269672', 'time_per_step': '2.66468'}
2026-03-05 01:18:38,920 - train_greyscale_FA_MoE.py - {'step': '4600', 'lr': '0.000184', 'total_loss': '0.0357146', 'main_loss': '0.0357146', 'time_per_step': '2.66149'}
2026-03-05 01:23:10,901 - train_greyscale_FA_MoE.py - {'step': '4700', 'lr': '0.000188', 'total_loss': '0.0331832', 'main_loss': '0.0331832', 'time_per_step': '2.54241'}
2026-03-05 01:27:43,199 - train_greyscale_FA_MoE.py - {'step': '4800', 'lr': '0.000192', 'total_loss': '0.0290383', 'main_loss': '0.0290383', 'time_per_step': '2.54241'}
2026-03-05 01:32:16,379 - train_greyscale_FA_MoE.py - {'step': '4900', 'lr': '0.000196', 'total_loss': '0.0294008', 'main_loss': '0.0294008', 'time_per_step': '2.65233'}
2026-03-05 01:36:50,924 - train_greyscale_FA_MoE.py - {'step': '5000', 'lr': '0.0002', 'total_loss': '0.0345924', 'main_loss': '0.0345924', 'time_per_step': '2.67675'}
2026-03-05 01:41:24,339 - train_greyscale_FA_MoE.py - {'step': '5100', 'lr': '0.0002', 'total_loss': '0.0278937', 'main_loss': '0.0278937', 'time_per_step': '2.66667'}
2026-03-05 01:45:57,822 - train_greyscale_FA_MoE.py - {'step': '5200', 'lr': '0.0002', 'total_loss': '0.0324884', 'main_loss': '0.0324884', 'time_per_step': '2.71607'}
2026-03-05 01:50:30,815 - train_greyscale_FA_MoE.py - {'step': '5300', 'lr': '0.0002', 'total_loss': '0.0271904', 'main_loss': '0.0271904', 'time_per_step': '2.65422'}
2026-03-05 01:55:03,444 - train_greyscale_FA_MoE.py - {'step': '5400', 'lr': '0.0002', 'total_loss': '0.0254813', 'main_loss': '0.0254813', 'time_per_step': '2.67719'}
2026-03-05 01:59:36,687 - train_greyscale_FA_MoE.py - {'step': '5500', 'lr': '0.0002', 'total_loss': '0.029108', 'main_loss': '0.029108', 'time_per_step': '2.66681'}
2026-03-05 02:04:09,237 - train_greyscale_FA_MoE.py - {'step': '5600', 'lr': '0.0002', 'total_loss': '0.0340864', 'main_loss': '0.0340864', 'time_per_step': '2.66925'}
2026-03-05 02:08:41,336 - train_greyscale_FA_MoE.py - {'step': '5700', 'lr': '0.0002', 'total_loss': '0.0331848', 'main_loss': '0.0331848', 'time_per_step': '2.66594'}
2026-03-05 02:13:14,642 - train_greyscale_FA_MoE.py - {'step': '5800', 'lr': '0.0002', 'total_loss': '0.0261454', 'main_loss': '0.0261454', 'time_per_step': '2.65987'}
2026-03-05 02:17:46,443 - train_greyscale_FA_MoE.py - {'step': '5900', 'lr': '0.0002', 'total_loss': '0.0287493', 'main_loss': '0.0287493', 'time_per_step': '2.54358'}
2026-03-05 02:22:19,834 - train_greyscale_FA_MoE.py - {'step': '6000', 'lr': '0.0002', 'total_loss': '0.0332939', 'main_loss': '0.0332939', 'time_per_step': '2.54897'}
2026-03-05 02:26:54,415 - train_greyscale_FA_MoE.py - {'step': '6100', 'lr': '0.0002', 'total_loss': '0.0256607', 'main_loss': '0.0256607', 'time_per_step': '2.66132'}
2026-03-05 02:31:27,472 - train_greyscale_FA_MoE.py - {'step': '6200', 'lr': '0.0002', 'total_loss': '0.03336', 'main_loss': '0.03336', 'time_per_step': '2.71402'}
2026-03-05 02:36:01,771 - train_greyscale_FA_MoE.py - {'step': '6300', 'lr': '0.0002', 'total_loss': '0.028594', 'main_loss': '0.028594', 'time_per_step': '2.66047'}
2026-03-05 02:40:34,422 - train_greyscale_FA_MoE.py - {'step': '6400', 'lr': '0.0002', 'total_loss': '0.0310076', 'main_loss': '0.0310076', 'time_per_step': '2.66164'}
2026-03-05 02:45:06,840 - train_greyscale_FA_MoE.py - {'step': '6500', 'lr': '0.0002', 'total_loss': '0.0273159', 'main_loss': '0.0273159', 'time_per_step': '2.65412'}
2026-03-05 02:49:38,272 - train_greyscale_FA_MoE.py - {'step': '6600', 'lr': '0.0002', 'total_loss': '0.0266869', 'main_loss': '0.0266869', 'time_per_step': '2.6436'}
2026-03-05 02:54:10,334 - train_greyscale_FA_MoE.py - {'step': '6700', 'lr': '0.0002', 'total_loss': '0.0234577', 'main_loss': '0.0234577', 'time_per_step': '2.61623'}
2026-03-05 02:58:42,543 - train_greyscale_FA_MoE.py - {'step': '6800', 'lr': '0.0002', 'total_loss': '0.0293295', 'main_loss': '0.0293295', 'time_per_step': '2.67226'}
2026-03-05 03:03:14,041 - train_greyscale_FA_MoE.py - {'step': '6900', 'lr': '0.0002', 'total_loss': '0.0288155', 'main_loss': '0.0288155', 'time_per_step': '2.66194'}
2026-03-05 03:07:45,580 - train_greyscale_FA_MoE.py - {'step': '7000', 'lr': '0.0002', 'total_loss': '0.0241128', 'main_loss': '0.0241128', 'time_per_step': '2.6418'}
2026-03-05 03:12:16,791 - train_greyscale_FA_MoE.py - {'step': '7100', 'lr': '0.0002', 'total_loss': '0.0297823', 'main_loss': '0.0297823', 'time_per_step': '2.5371'}
2026-03-05 03:16:49,541 - train_greyscale_FA_MoE.py - {'step': '7200', 'lr': '0.0002', 'total_loss': '0.0304371', 'main_loss': '0.0304371', 'time_per_step': '2.54614'}
2026-03-05 03:21:22,369 - train_greyscale_FA_MoE.py - {'step': '7300', 'lr': '0.0002', 'total_loss': '0.0229468', 'main_loss': '0.0229468', 'time_per_step': '2.6568'}
2026-03-05 03:25:55,136 - train_greyscale_FA_MoE.py - {'step': '7400', 'lr': '0.0002', 'total_loss': '0.0250705', 'main_loss': '0.0250705', 'time_per_step': '2.664'}
2026-03-05 03:30:27,950 - train_greyscale_FA_MoE.py - {'step': '7500', 'lr': '0.0002', 'total_loss': '0.0270457', 'main_loss': '0.0270457', 'time_per_step': '2.71904'}
2026-03-05 03:34:59,874 - train_greyscale_FA_MoE.py - {'step': '7600', 'lr': '0.0002', 'total_loss': '0.0280722', 'main_loss': '0.0280722', 'time_per_step': '2.66177'}
2026-03-05 03:39:33,390 - train_greyscale_FA_MoE.py - {'step': '7700', 'lr': '0.0002', 'total_loss': '0.0255051', 'main_loss': '0.0255051', 'time_per_step': '2.64466'}
2026-03-05 03:44:05,742 - train_greyscale_FA_MoE.py - {'step': '7800', 'lr': '0.0002', 'total_loss': '0.0209305', 'main_loss': '0.0209305', 'time_per_step': '2.64367'}
2026-03-05 03:48:38,034 - train_greyscale_FA_MoE.py - {'step': '7900', 'lr': '0.0002', 'total_loss': '0.0271564', 'main_loss': '0.0271564', 'time_per_step': '2.64659'}
2026-03-05 03:53:10,959 - train_greyscale_FA_MoE.py - {'step': '8000', 'lr': '0.0002', 'total_loss': '0.0223453', 'main_loss': '0.0223453', 'time_per_step': '2.63103'}
2026-03-05 03:57:43,363 - train_greyscale_FA_MoE.py - {'step': '8100', 'lr': '0.0002', 'total_loss': '0.0278307', 'main_loss': '0.0278307', 'time_per_step': '2.62346'}
2026-03-05 04:02:16,689 - train_greyscale_FA_MoE.py - {'step': '8200', 'lr': '0.0002', 'total_loss': '0.0224307', 'main_loss': '0.0224307', 'time_per_step': '2.6816'}
2026-03-05 04:06:49,723 - train_greyscale_FA_MoE.py - {'step': '8300', 'lr': '0.0002', 'total_loss': '0.025771', 'main_loss': '0.025771', 'time_per_step': '2.55203'}
2026-03-05 04:11:21,858 - train_greyscale_FA_MoE.py - {'step': '8400', 'lr': '0.0002', 'total_loss': '0.024466', 'main_loss': '0.024466', 'time_per_step': '2.54331'}
2026-03-05 04:15:55,553 - train_greyscale_FA_MoE.py - {'step': '8500', 'lr': '0.0002', 'total_loss': '0.0225406', 'main_loss': '0.0225406', 'time_per_step': '2.70318'}
2026-03-05 04:20:27,526 - train_greyscale_FA_MoE.py - {'step': '8600', 'lr': '0.0002', 'total_loss': '0.0219366', 'main_loss': '0.0219366', 'time_per_step': '2.71806'}
2026-03-05 04:25:00,035 - train_greyscale_FA_MoE.py - {'step': '8700', 'lr': '0.0002', 'total_loss': '0.024907', 'main_loss': '0.024907', 'time_per_step': '2.67042'}
2026-03-05 04:29:32,846 - train_greyscale_FA_MoE.py - {'step': '8800', 'lr': '0.0002', 'total_loss': '0.0263472', 'main_loss': '0.0263472', 'time_per_step': '2.68749'}
2026-03-05 04:34:05,665 - train_greyscale_FA_MoE.py - {'step': '8900', 'lr': '0.0002', 'total_loss': '0.0258627', 'main_loss': '0.0258627', 'time_per_step': '2.62315'}
2026-03-05 04:38:39,825 - train_greyscale_FA_MoE.py - {'step': '9000', 'lr': '0.0002', 'total_loss': '0.0250823', 'main_loss': '0.0250823', 'time_per_step': '2.61824'}
2026-03-05 04:43:13,304 - train_greyscale_FA_MoE.py - {'step': '9100', 'lr': '0.0002', 'total_loss': '0.0252361', 'main_loss': '0.0252361', 'time_per_step': '2.67016'}
2026-03-05 04:47:46,006 - train_greyscale_FA_MoE.py - {'step': '9200', 'lr': '0.0002', 'total_loss': '0.0253826', 'main_loss': '0.0253826', 'time_per_step': '2.66552'}
2026-03-05 04:52:19,285 - train_greyscale_FA_MoE.py - {'step': '9300', 'lr': '0.0002', 'total_loss': '0.0299557', 'main_loss': '0.0299557', 'time_per_step': '2.64769'}
2026-03-05 04:56:52,952 - train_greyscale_FA_MoE.py - {'step': '9400', 'lr': '0.0002', 'total_loss': '0.0214573', 'main_loss': '0.0214573', 'time_per_step': '2.66517'}
2026-03-05 05:01:24,596 - train_greyscale_FA_MoE.py - {'step': '9500', 'lr': '0.0002', 'total_loss': '0.0222627', 'main_loss': '0.0222627', 'time_per_step': '2.53859'}
2026-03-05 05:05:56,689 - train_greyscale_FA_MoE.py - {'step': '9600', 'lr': '0.0002', 'total_loss': '0.0243205', 'main_loss': '0.0243205', 'time_per_step': '2.61239'}
2026-03-05 05:10:30,206 - train_greyscale_FA_MoE.py - {'step': '9700', 'lr': '0.0002', 'total_loss': '0.025808', 'main_loss': '0.025808', 'time_per_step': '2.65207'}
2026-03-05 05:15:03,403 - train_greyscale_FA_MoE.py - {'step': '9800', 'lr': '0.0002', 'total_loss': '0.0222065', 'main_loss': '0.0222065', 'time_per_step': '2.64964'}
2026-03-05 05:19:35,931 - train_greyscale_FA_MoE.py - {'step': '9900', 'lr': '0.0002', 'total_loss': '0.0248839', 'main_loss': '0.0248839', 'time_per_step': '2.66095'}
2026-03-05 05:24:08,727 - train_greyscale_FA_MoE.py - {'step': '10000', 'lr': '0.0002', 'total_loss': '0.0213708', 'main_loss': '0.0213708', 'time_per_step': '2.65401'}
2026-03-05 05:28:41,430 - train_greyscale_FA_MoE.py - {'step': '10100', 'lr': '0.0002', 'total_loss': '0.0207978', 'main_loss': '0.0207978', 'time_per_step': '2.66502'}
2026-03-05 05:33:14,185 - train_greyscale_FA_MoE.py - {'step': '10200', 'lr': '0.0002', 'total_loss': '0.0177603', 'main_loss': '0.0177603', 'time_per_step': '2.63419'}
2026-03-05 05:37:47,087 - train_greyscale_FA_MoE.py - {'step': '10300', 'lr': '0.0002', 'total_loss': '0.0207265', 'main_loss': '0.0207265', 'time_per_step': '2.68581'}
2026-03-05 05:42:20,112 - train_greyscale_FA_MoE.py - {'step': '10400', 'lr': '0.0002', 'total_loss': '0.0171802', 'main_loss': '0.0171802', 'time_per_step': '2.68078'}
2026-03-05 05:46:51,896 - train_greyscale_FA_MoE.py - {'step': '10500', 'lr': '0.0002', 'total_loss': '0.0161507', 'main_loss': '0.0161507', 'time_per_step': '2.65851'}
2026-03-05 05:51:24,774 - train_greyscale_FA_MoE.py - {'step': '10600', 'lr': '0.0002', 'total_loss': '0.0188156', 'main_loss': '0.0188156', 'time_per_step': '2.69604'}
2026-03-05 05:55:57,639 - train_greyscale_FA_MoE.py - {'step': '10700', 'lr': '0.0002', 'total_loss': '0.0223533', 'main_loss': '0.0223533', 'time_per_step': '2.60259'}
2026-03-05 06:00:29,443 - train_greyscale_FA_MoE.py - {'step': '10800', 'lr': '0.0002', 'total_loss': '0.0255821', 'main_loss': '0.0255821', 'time_per_step': '2.5473'}
2026-03-05 06:05:02,892 - train_greyscale_FA_MoE.py - {'step': '10900', 'lr': '0.0002', 'total_loss': '0.0226058', 'main_loss': '0.0226058', 'time_per_step': '2.69186'}
2026-03-05 06:09:35,634 - train_greyscale_FA_MoE.py - {'step': '11000', 'lr': '0.0002', 'total_loss': '0.0183532', 'main_loss': '0.0183532', 'time_per_step': '2.67667'}
2026-03-05 06:14:08,759 - train_greyscale_FA_MoE.py - {'step': '11100', 'lr': '0.0002', 'total_loss': '0.0196799', 'main_loss': '0.0196799', 'time_per_step': '2.62151'}
2026-03-05 06:18:41,058 - train_greyscale_FA_MoE.py - {'step': '11200', 'lr': '0.0002', 'total_loss': '0.0207731', 'main_loss': '0.0207731', 'time_per_step': '2.61948'}
2026-03-05 06:23:14,531 - train_greyscale_FA_MoE.py - {'step': '11300', 'lr': '0.0002', 'total_loss': '0.0179725', 'main_loss': '0.0179725', 'time_per_step': '2.63398'}
2026-03-05 06:27:48,463 - train_greyscale_FA_MoE.py - {'step': '11400', 'lr': '0.0002', 'total_loss': '0.0203678', 'main_loss': '0.0203678', 'time_per_step': '2.66135'}
2026-03-05 06:32:20,510 - train_greyscale_FA_MoE.py - {'step': '11500', 'lr': '0.0002', 'total_loss': '0.0170544', 'main_loss': '0.0170544', 'time_per_step': '2.71145'}
2026-03-05 06:36:54,528 - train_greyscale_FA_MoE.py - {'step': '11600', 'lr': '0.0002', 'total_loss': '0.0183939', 'main_loss': '0.0183939', 'time_per_step': '2.64669'}
2026-03-05 06:41:27,145 - train_greyscale_FA_MoE.py - {'step': '11700', 'lr': '0.0002', 'total_loss': '0.0215385', 'main_loss': '0.0215385', 'time_per_step': '2.71483'}
2026-03-05 06:46:00,020 - train_greyscale_FA_MoE.py - {'step': '11800', 'lr': '0.0002', 'total_loss': '0.0212949', 'main_loss': '0.0212949', 'time_per_step': '2.64928'}
2026-03-05 06:50:32,582 - train_greyscale_FA_MoE.py - {'step': '11900', 'lr': '0.0002', 'total_loss': '0.0165086', 'main_loss': '0.0165086', 'time_per_step': '2.54174'}
2026-03-05 06:55:04,973 - train_greyscale_FA_MoE.py - {'step': '12000', 'lr': '0.0002', 'total_loss': '0.0238592', 'main_loss': '0.0238592', 'time_per_step': '2.53978'}
2026-03-05 06:59:38,067 - train_greyscale_FA_MoE.py - {'step': '12100', 'lr': '0.0002', 'total_loss': '0.0197442', 'main_loss': '0.0197442', 'time_per_step': '2.628'}
2026-03-05 07:04:10,772 - train_greyscale_FA_MoE.py - {'step': '12200', 'lr': '0.0002', 'total_loss': '0.018744', 'main_loss': '0.018744', 'time_per_step': '2.66936'}
2026-03-05 07:08:43,678 - train_greyscale_FA_MoE.py - {'step': '12300', 'lr': '0.0002', 'total_loss': '0.0185667', 'main_loss': '0.0185667', 'time_per_step': '2.61868'}
2026-03-05 07:13:15,281 - train_greyscale_FA_MoE.py - {'step': '12400', 'lr': '0.0002', 'total_loss': '0.0189697', 'main_loss': '0.0189697', 'time_per_step': '2.66487'}
2026-03-05 07:17:48,236 - train_greyscale_FA_MoE.py - {'step': '12500', 'lr': '0.0002', 'total_loss': '0.021258', 'main_loss': '0.021258', 'time_per_step': '2.67541'}
2026-03-05 07:22:20,990 - train_greyscale_FA_MoE.py - {'step': '12600', 'lr': '0.0002', 'total_loss': '0.0184466', 'main_loss': '0.0184466', 'time_per_step': '2.74378'}
2026-03-05 07:26:52,453 - train_greyscale_FA_MoE.py - {'step': '12700', 'lr': '0.0002', 'total_loss': '0.0215854', 'main_loss': '0.0215854', 'time_per_step': '2.60698'}
2026-03-05 07:31:27,152 - train_greyscale_FA_MoE.py - {'step': '12800', 'lr': '0.0002', 'total_loss': '0.0226276', 'main_loss': '0.0226276', 'time_per_step': '2.69899'}
2026-03-05 07:36:00,237 - train_greyscale_FA_MoE.py - {'step': '12900', 'lr': '0.0002', 'total_loss': '0.0160759', 'main_loss': '0.0160759', 'time_per_step': '3.10015'}
2026-03-05 07:40:32,714 - train_greyscale_FA_MoE.py - {'step': '13000', 'lr': '0.0002', 'total_loss': '0.020838', 'main_loss': '0.020838', 'time_per_step': '2.63537'}
2026-03-05 07:45:08,284 - train_greyscale_FA_MoE.py - {'step': '13100', 'lr': '0.0002', 'total_loss': '0.0208476', 'main_loss': '0.0208476', 'time_per_step': '2.53854'}
2026-03-05 07:49:46,136 - train_greyscale_FA_MoE.py - {'step': '13200', 'lr': '0.0002', 'total_loss': '0.0229865', 'main_loss': '0.0229865', 'time_per_step': '2.54641'}
2026-03-05 07:54:19,333 - train_greyscale_FA_MoE.py - {'step': '13300', 'lr': '0.0002', 'total_loss': '0.0218965', 'main_loss': '0.0218965', 'time_per_step': '2.62731'}
2026-03-05 07:58:52,238 - train_greyscale_FA_MoE.py - {'step': '13400', 'lr': '0.0002', 'total_loss': '0.0216043', 'main_loss': '0.0216043', 'time_per_step': '2.66582'}
2026-03-05 08:03:24,137 - train_greyscale_FA_MoE.py - {'step': '13500', 'lr': '0.0002', 'total_loss': '0.0161583', 'main_loss': '0.0161583', 'time_per_step': '2.65869'}
2026-03-05 08:07:57,143 - train_greyscale_FA_MoE.py - {'step': '13600', 'lr': '0.0002', 'total_loss': '0.0229642', 'main_loss': '0.0229642', 'time_per_step': '2.7252'}
2026-03-05 08:12:29,880 - train_greyscale_FA_MoE.py - {'step': '13700', 'lr': '0.0002', 'total_loss': '0.0204569', 'main_loss': '0.0204569', 'time_per_step': '2.62522'}
2026-03-05 08:17:02,910 - train_greyscale_FA_MoE.py - {'step': '13800', 'lr': '0.0002', 'total_loss': '0.0174728', 'main_loss': '0.0174728', 'time_per_step': '2.66023'}
2026-03-05 08:21:34,934 - train_greyscale_FA_MoE.py - {'step': '13900', 'lr': '0.0002', 'total_loss': '0.0155659', 'main_loss': '0.0155659', 'time_per_step': '2.62634'}
2026-03-05 08:26:07,485 - train_greyscale_FA_MoE.py - {'step': '14000', 'lr': '0.0002', 'total_loss': '0.0186446', 'main_loss': '0.0186446', 'time_per_step': '2.65874'}
2026-03-05 08:30:40,186 - train_greyscale_FA_MoE.py - {'step': '14100', 'lr': '0.0002', 'total_loss': '0.0217594', 'main_loss': '0.0217594', 'time_per_step': '2.65956'}
2026-03-05 08:35:12,856 - train_greyscale_FA_MoE.py - {'step': '14200', 'lr': '0.0002', 'total_loss': '0.0188641', 'main_loss': '0.0188641', 'time_per_step': '2.64728'}
2026-03-05 08:39:46,847 - train_greyscale_FA_MoE.py - {'step': '14300', 'lr': '0.0002', 'total_loss': '0.0173083', 'main_loss': '0.0173083', 'time_per_step': '2.54642'}
2026-03-05 08:44:18,077 - train_greyscale_FA_MoE.py - {'step': '14400', 'lr': '0.0002', 'total_loss': '0.0150136', 'main_loss': '0.0150136', 'time_per_step': '2.54523'}
2026-03-05 08:48:51,578 - train_greyscale_FA_MoE.py - {'step': '14500', 'lr': '0.0002', 'total_loss': '0.0206883', 'main_loss': '0.0206883', 'time_per_step': '2.6487'}
2026-03-05 08:53:24,243 - train_greyscale_FA_MoE.py - {'step': '14600', 'lr': '0.0002', 'total_loss': '0.0160931', 'main_loss': '0.0160931', 'time_per_step': '2.6196'}
2026-03-05 08:57:57,315 - train_greyscale_FA_MoE.py - {'step': '14700', 'lr': '0.0002', 'total_loss': '0.0176659', 'main_loss': '0.0176659', 'time_per_step': '2.69644'}
2026-03-05 09:02:29,849 - train_greyscale_FA_MoE.py - {'step': '14800', 'lr': '0.0002', 'total_loss': '0.0147704', 'main_loss': '0.0147704', 'time_per_step': '2.66923'}
2026-03-05 09:07:02,759 - train_greyscale_FA_MoE.py - {'step': '14900', 'lr': '0.0002', 'total_loss': '0.0155464', 'main_loss': '0.0155464', 'time_per_step': '2.63242'}
2026-03-05 09:11:35,238 - train_greyscale_FA_MoE.py - {'step': '15000', 'lr': '0.0002', 'total_loss': '0.0204569', 'main_loss': '0.0204569', 'time_per_step': '2.67182'}
2026-03-05 09:16:08,014 - train_greyscale_FA_MoE.py - {'step': '15100', 'lr': '0.0002', 'total_loss': '0.0158038', 'main_loss': '0.0158038', 'time_per_step': '2.66751'}
2026-03-05 09:20:40,592 - train_greyscale_FA_MoE.py - {'step': '15200', 'lr': '0.0002', 'total_loss': '0.0118952', 'main_loss': '0.0118952', 'time_per_step': '2.65913'}
2026-03-05 09:25:12,010 - train_greyscale_FA_MoE.py - {'step': '15300', 'lr': '0.0002', 'total_loss': '0.0153877', 'main_loss': '0.0153877', 'time_per_step': '2.61282'}
2026-03-05 09:29:43,433 - train_greyscale_FA_MoE.py - {'step': '15400', 'lr': '0.0002', 'total_loss': '0.0199174', 'main_loss': '0.0199174', 'time_per_step': '2.64229'}
2026-03-05 09:34:15,659 - train_greyscale_FA_MoE.py - {'step': '15500', 'lr': '0.0002', 'total_loss': '0.0142777', 'main_loss': '0.0142777', 'time_per_step': '2.54082'}
2026-03-05 09:38:50,397 - train_greyscale_FA_MoE.py - {'step': '15600', 'lr': '0.0002', 'total_loss': '0.0124982', 'main_loss': '0.0124982', 'time_per_step': '2.5497'}
2026-03-05 09:43:23,528 - train_greyscale_FA_MoE.py - {'step': '15700', 'lr': '0.0002', 'total_loss': '0.0156054', 'main_loss': '0.0156054', 'time_per_step': '2.62022'}
2026-03-05 09:47:57,098 - train_greyscale_FA_MoE.py - {'step': '15800', 'lr': '0.0002', 'total_loss': '0.0157576', 'main_loss': '0.0157576', 'time_per_step': '2.69263'}
2026-03-05 09:52:32,014 - train_greyscale_FA_MoE.py - {'step': '15900', 'lr': '0.0002', 'total_loss': '0.0145266', 'main_loss': '0.0145266', 'time_per_step': '2.65829'}
2026-03-05 09:57:07,110 - train_greyscale_FA_MoE.py - {'step': '16000', 'lr': '0.0002', 'total_loss': '0.0161459', 'main_loss': '0.0161459', 'time_per_step': '2.68112'}
2026-03-05 10:01:41,395 - train_greyscale_FA_MoE.py - {'step': '16100', 'lr': '0.0002', 'total_loss': '0.0197724', 'main_loss': '0.0197724', 'time_per_step': '2.62618'}
2026-03-05 10:06:14,026 - train_greyscale_FA_MoE.py - {'step': '16200', 'lr': '0.0002', 'total_loss': '0.0163846', 'main_loss': '0.0163846', 'time_per_step': '2.69293'}
2026-03-05 10:10:47,650 - train_greyscale_FA_MoE.py - {'step': '16300', 'lr': '0.0002', 'total_loss': '0.015776', 'main_loss': '0.015776', 'time_per_step': '2.65695'}
2026-03-05 10:15:19,684 - train_greyscale_FA_MoE.py - {'step': '16400', 'lr': '0.0002', 'total_loss': '0.0143678', 'main_loss': '0.0143678', 'time_per_step': '2.66544'}
2026-03-05 10:19:53,464 - train_greyscale_FA_MoE.py - {'step': '16500', 'lr': '0.0002', 'total_loss': '0.0231197', 'main_loss': '0.0231197', 'time_per_step': '2.6617'}
2026-03-05 10:24:27,528 - train_greyscale_FA_MoE.py - {'step': '16600', 'lr': '0.0002', 'total_loss': '0.0246803', 'main_loss': '0.0246803', 'time_per_step': '2.70147'}
2026-03-05 10:29:01,404 - train_greyscale_FA_MoE.py - {'step': '16700', 'lr': '0.0002', 'total_loss': '0.0132724', 'main_loss': '0.0132724', 'time_per_step': '2.54997'}
2026-03-05 10:33:33,494 - train_greyscale_FA_MoE.py - {'step': '16800', 'lr': '0.0002', 'total_loss': '0.013286', 'main_loss': '0.013286', 'time_per_step': '2.54281'}
2026-03-05 10:38:08,591 - train_greyscale_FA_MoE.py - {'step': '16900', 'lr': '0.0002', 'total_loss': '0.0199963', 'main_loss': '0.0199963', 'time_per_step': '2.61711'}
2026-03-05 10:42:41,657 - train_greyscale_FA_MoE.py - {'step': '17000', 'lr': '0.0002', 'total_loss': '0.0210954', 'main_loss': '0.0210954', 'time_per_step': '2.64752'}
2026-03-05 10:47:14,476 - train_greyscale_FA_MoE.py - {'step': '17100', 'lr': '0.0002', 'total_loss': '0.0207182', 'main_loss': '0.0207182', 'time_per_step': '2.64814'}
2026-03-05 10:51:49,699 - train_greyscale_FA_MoE.py - {'step': '17200', 'lr': '0.0002', 'total_loss': '0.0164174', 'main_loss': '0.0164174', 'time_per_step': '2.65923'}
2026-03-05 10:56:23,632 - train_greyscale_FA_MoE.py - {'step': '17300', 'lr': '0.0002', 'total_loss': '0.0181906', 'main_loss': '0.0181906', 'time_per_step': '2.6621'}
2026-03-05 11:00:54,601 - train_greyscale_FA_MoE.py - {'step': '17400', 'lr': '0.0002', 'total_loss': '0.0181651', 'main_loss': '0.0181651', 'time_per_step': '2.62291'}
2026-03-05 11:05:26,354 - train_greyscale_FA_MoE.py - {'step': '17500', 'lr': '0.0002', 'total_loss': '0.0222874', 'main_loss': '0.0222874', 'time_per_step': '2.71891'}
2026-03-05 11:09:58,418 - train_greyscale_FA_MoE.py - {'step': '17600', 'lr': '0.0002', 'total_loss': '0.0134341', 'main_loss': '0.0134341', 'time_per_step': '2.7134'}
2026-03-05 11:14:29,551 - train_greyscale_FA_MoE.py - {'step': '17700', 'lr': '0.0002', 'total_loss': '0.0191709', 'main_loss': '0.0191709', 'time_per_step': '2.65945'}
2026-03-05 11:19:01,756 - train_greyscale_FA_MoE.py - {'step': '17800', 'lr': '0.0002', 'total_loss': '0.0183132', 'main_loss': '0.0183132', 'time_per_step': '2.62366'}
2026-03-05 11:23:33,881 - train_greyscale_FA_MoE.py - {'step': '17900', 'lr': '0.0002', 'total_loss': '0.0146772', 'main_loss': '0.0146772', 'time_per_step': '2.54918'}
2026-03-05 11:28:06,885 - train_greyscale_FA_MoE.py - {'step': '18000', 'lr': '0.0002', 'total_loss': '0.0199153', 'main_loss': '0.0199153', 'time_per_step': '2.53766'}
2026-03-05 11:32:40,814 - train_greyscale_FA_MoE.py - {'step': '18100', 'lr': '0.0002', 'total_loss': '0.017372', 'main_loss': '0.017372', 'time_per_step': '2.6237'}
2026-03-05 11:37:15,181 - train_greyscale_FA_MoE.py - {'step': '18200', 'lr': '0.0002', 'total_loss': '0.0157447', 'main_loss': '0.0157447', 'time_per_step': '2.66087'}
2026-03-05 11:41:47,749 - train_greyscale_FA_MoE.py - {'step': '18300', 'lr': '0.0002', 'total_loss': '0.0178427', 'main_loss': '0.0178427', 'time_per_step': '3.75111'}
2026-03-05 11:46:19,349 - train_greyscale_FA_MoE.py - {'step': '18400', 'lr': '0.0002', 'total_loss': '0.0174372', 'main_loss': '0.0174372', 'time_per_step': '2.66011'}
2026-03-05 11:50:52,329 - train_greyscale_FA_MoE.py - {'step': '18500', 'lr': '0.0002', 'total_loss': '0.02086', 'main_loss': '0.02086', 'time_per_step': '2.65192'}
2026-03-05 11:55:25,143 - train_greyscale_FA_MoE.py - {'step': '18600', 'lr': '0.0002', 'total_loss': '0.0222048', 'main_loss': '0.0222048', 'time_per_step': '2.63852'}
2026-03-05 11:59:57,693 - train_greyscale_FA_MoE.py - {'step': '18700', 'lr': '0.0002', 'total_loss': '0.0161267', 'main_loss': '0.0161267', 'time_per_step': '2.67871'}
2026-03-05 12:04:31,028 - train_greyscale_FA_MoE.py - {'step': '18800', 'lr': '0.0002', 'total_loss': '0.0131894', 'main_loss': '0.0131894', 'time_per_step': '2.65954'}
2026-03-05 12:09:03,121 - train_greyscale_FA_MoE.py - {'step': '18900', 'lr': '0.0002', 'total_loss': '0.0173178', 'main_loss': '0.0173178', 'time_per_step': '2.65997'}
2026-03-05 12:13:35,961 - train_greyscale_FA_MoE.py - {'step': '19000', 'lr': '0.0002', 'total_loss': '0.0143367', 'main_loss': '0.0143367', 'time_per_step': '2.68083'}
2026-03-05 12:18:08,641 - train_greyscale_FA_MoE.py - {'step': '19100', 'lr': '0.0002', 'total_loss': '0.0171886', 'main_loss': '0.0171886', 'time_per_step': '2.54479'}
2026-03-05 12:22:41,056 - train_greyscale_FA_MoE.py - {'step': '19200', 'lr': '0.0002', 'total_loss': '0.018551', 'main_loss': '0.018551', 'time_per_step': '2.54222'}
2026-03-05 12:27:13,792 - train_greyscale_FA_MoE.py - {'step': '19300', 'lr': '0.0002', 'total_loss': '0.0165085', 'main_loss': '0.0165085', 'time_per_step': '2.66957'}
2026-03-05 12:31:46,711 - train_greyscale_FA_MoE.py - {'step': '19400', 'lr': '0.0002', 'total_loss': '0.017528', 'main_loss': '0.017528', 'time_per_step': '2.65951'}
2026-03-05 12:36:21,265 - train_greyscale_FA_MoE.py - {'step': '19500', 'lr': '0.0002', 'total_loss': '0.0141836', 'main_loss': '0.0141836', 'time_per_step': '2.79505'}
2026-03-05 12:40:54,506 - train_greyscale_FA_MoE.py - {'step': '19600', 'lr': '0.0002', 'total_loss': '0.0132074', 'main_loss': '0.0132074', 'time_per_step': '2.67006'}
2026-03-05 12:45:27,152 - train_greyscale_FA_MoE.py - {'step': '19700', 'lr': '0.0002', 'total_loss': '0.0168529', 'main_loss': '0.0168529', 'time_per_step': '2.73153'}
2026-03-05 12:50:00,366 - train_greyscale_FA_MoE.py - {'step': '19800', 'lr': '0.0002', 'total_loss': '0.0105494', 'main_loss': '0.0105494', 'time_per_step': '2.64071'}
2026-03-05 12:54:34,117 - train_greyscale_FA_MoE.py - {'step': '19900', 'lr': '0.0002', 'total_loss': '0.0133506', 'main_loss': '0.0133506', 'time_per_step': '2.64705'}
2026-03-05 12:59:06,419 - train_greyscale_FA_MoE.py - {'step': '20000', 'lr': '0.0002', 'total_loss': '0.0194991', 'main_loss': '0.0194991', 'time_per_step': '2.67341'}
2026-03-05 13:03:39,521 - train_greyscale_FA_MoE.py - {'step': '20100', 'lr': '0.0002', 'total_loss': '0.016158', 'main_loss': '0.016158', 'time_per_step': '2.67643'}
2026-03-05 13:08:12,843 - train_greyscale_FA_MoE.py - {'step': '20200', 'lr': '0.0002', 'total_loss': '0.0149453', 'main_loss': '0.0149453', 'time_per_step': '2.66917'}
2026-03-05 13:12:44,858 - train_greyscale_FA_MoE.py - {'step': '20300', 'lr': '0.0002', 'total_loss': '0.0166084', 'main_loss': '0.0166084', 'time_per_step': '2.54472'}
2026-03-05 13:17:16,751 - train_greyscale_FA_MoE.py - {'step': '20400', 'lr': '0.0002', 'total_loss': '0.0160149', 'main_loss': '0.0160149', 'time_per_step': '2.54508'}
2026-03-05 13:21:49,309 - train_greyscale_FA_MoE.py - {'step': '20500', 'lr': '0.0002', 'total_loss': '0.0118334', 'main_loss': '0.0118334', 'time_per_step': '2.66175'}
2026-03-05 13:26:22,291 - train_greyscale_FA_MoE.py - {'step': '20600', 'lr': '0.0002', 'total_loss': '0.0153456', 'main_loss': '0.0153456', 'time_per_step': '2.64337'}
2026-03-05 13:30:54,967 - train_greyscale_FA_MoE.py - {'step': '20700', 'lr': '0.0002', 'total_loss': '0.0120156', 'main_loss': '0.0120156', 'time_per_step': '2.62878'}
2026-03-05 13:35:28,039 - train_greyscale_FA_MoE.py - {'step': '20800', 'lr': '0.0002', 'total_loss': '0.0150897', 'main_loss': '0.0150897', 'time_per_step': '2.6969'}
2026-03-05 13:40:02,973 - train_greyscale_FA_MoE.py - {'step': '20900', 'lr': '0.0002', 'total_loss': '0.0165083', 'main_loss': '0.0165083', 'time_per_step': '2.66055'}
2026-03-05 13:44:36,323 - train_greyscale_FA_MoE.py - {'step': '21000', 'lr': '0.0002', 'total_loss': '0.0184369', 'main_loss': '0.0184369', 'time_per_step': '2.62168'}
2026-03-05 13:49:08,454 - train_greyscale_FA_MoE.py - {'step': '21100', 'lr': '0.0002', 'total_loss': '0.0168061', 'main_loss': '0.0168061', 'time_per_step': '2.65457'}
2026-03-05 13:53:41,893 - train_greyscale_FA_MoE.py - {'step': '21200', 'lr': '0.0002', 'total_loss': '0.0190331', 'main_loss': '0.0190331', 'time_per_step': '2.66276'}
2026-03-05 13:58:13,795 - train_greyscale_FA_MoE.py - {'step': '21300', 'lr': '0.0002', 'total_loss': '0.0130146', 'main_loss': '0.0130146', 'time_per_step': '2.66198'}
2026-03-05 14:02:46,064 - train_greyscale_FA_MoE.py - {'step': '21400', 'lr': '0.0002', 'total_loss': '0.0165696', 'main_loss': '0.0165696', 'time_per_step': '2.66826'}
2026-03-05 14:07:19,470 - train_greyscale_FA_MoE.py - {'step': '21500', 'lr': '0.0002', 'total_loss': '0.0155462', 'main_loss': '0.0155462', 'time_per_step': '2.54359'}
2026-03-05 14:11:52,253 - train_greyscale_FA_MoE.py - {'step': '21600', 'lr': '0.0002', 'total_loss': '0.0165307', 'main_loss': '0.0165307', 'time_per_step': '2.54091'}
2026-03-05 14:16:25,236 - train_greyscale_FA_MoE.py - {'step': '21700', 'lr': '0.0002', 'total_loss': '0.0130684', 'main_loss': '0.0130684', 'time_per_step': '2.65157'}
2026-03-05 14:20:58,143 - train_greyscale_FA_MoE.py - {'step': '21800', 'lr': '0.0002', 'total_loss': '0.0154583', 'main_loss': '0.0154583', 'time_per_step': '2.70617'}
2026-03-05 14:25:30,613 - train_greyscale_FA_MoE.py - {'step': '21900', 'lr': '0.0002', 'total_loss': '0.0123637', 'main_loss': '0.0123637', 'time_per_step': '2.70658'}
2026-03-05 14:30:03,782 - train_greyscale_FA_MoE.py - {'step': '22000', 'lr': '0.0002', 'total_loss': '0.0167377', 'main_loss': '0.0167377', 'time_per_step': '2.66048'}
2026-03-05 14:34:36,152 - train_greyscale_FA_MoE.py - {'step': '22100', 'lr': '0.0002', 'total_loss': '0.0144226', 'main_loss': '0.0144226', 'time_per_step': '2.6524'}
2026-03-05 14:39:08,814 - train_greyscale_FA_MoE.py - {'step': '22200', 'lr': '0.0002', 'total_loss': '0.0174171', 'main_loss': '0.0174171', 'time_per_step': '2.65276'}
2026-03-05 14:43:41,785 - train_greyscale_FA_MoE.py - {'step': '22300', 'lr': '0.0002', 'total_loss': '0.0176664', 'main_loss': '0.0176664', 'time_per_step': '2.61882'}
2026-03-05 14:48:13,788 - train_greyscale_FA_MoE.py - {'step': '22400', 'lr': '0.0002', 'total_loss': '0.0138181', 'main_loss': '0.0138181', 'time_per_step': '2.66896'}
2026-03-05 14:52:46,905 - train_greyscale_FA_MoE.py - {'step': '22500', 'lr': '0.0002', 'total_loss': '0.0159232', 'main_loss': '0.0159232', 'time_per_step': '2.62026'}
2026-03-05 14:57:19,031 - train_greyscale_FA_MoE.py - {'step': '22600', 'lr': '0.0002', 'total_loss': '0.019622', 'main_loss': '0.019622', 'time_per_step': '2.62716'}
2026-03-05 15:01:52,008 - train_greyscale_FA_MoE.py - {'step': '22700', 'lr': '0.0002', 'total_loss': '0.0157937', 'main_loss': '0.0157937', 'time_per_step': '2.52663'}
2026-03-05 15:06:23,478 - train_greyscale_FA_MoE.py - {'step': '22800', 'lr': '0.0002', 'total_loss': '0.0213597', 'main_loss': '0.0213597', 'time_per_step': '2.5443'}
2026-03-05 15:10:56,950 - train_greyscale_FA_MoE.py - {'step': '22900', 'lr': '0.0002', 'total_loss': '0.0140328', 'main_loss': '0.0140328', 'time_per_step': '2.7226'}
2026-03-05 15:15:29,975 - train_greyscale_FA_MoE.py - {'step': '23000', 'lr': '0.0002', 'total_loss': '0.0148861', 'main_loss': '0.0148861', 'time_per_step': '2.66738'}
2026-03-05 15:20:02,920 - train_greyscale_FA_MoE.py - {'step': '23100', 'lr': '0.0002', 'total_loss': '0.0150478', 'main_loss': '0.0150478', 'time_per_step': '2.67112'}
2026-03-05 15:24:34,580 - train_greyscale_FA_MoE.py - {'step': '23200', 'lr': '0.0002', 'total_loss': '0.00984453', 'main_loss': '0.00984453', 'time_per_step': '2.63537'}
2026-03-05 15:29:06,970 - train_greyscale_FA_MoE.py - {'step': '23300', 'lr': '0.0002', 'total_loss': '0.0127005', 'main_loss': '0.0127005', 'time_per_step': '2.64356'}
2026-03-05 15:33:39,945 - train_greyscale_FA_MoE.py - {'step': '23400', 'lr': '0.0002', 'total_loss': '0.0151444', 'main_loss': '0.0151444', 'time_per_step': '2.68865'}
2026-03-05 15:38:13,463 - train_greyscale_FA_MoE.py - {'step': '23500', 'lr': '0.0002', 'total_loss': '0.0136906', 'main_loss': '0.0136906', 'time_per_step': '2.64634'}
2026-03-05 15:42:46,182 - train_greyscale_FA_MoE.py - {'step': '23600', 'lr': '0.0002', 'total_loss': '0.016998', 'main_loss': '0.016998', 'time_per_step': '2.64765'}
2026-03-05 15:47:19,024 - train_greyscale_FA_MoE.py - {'step': '23700', 'lr': '0.0002', 'total_loss': '0.0137531', 'main_loss': '0.0137531', 'time_per_step': '2.69223'}
2026-03-05 15:51:51,789 - train_greyscale_FA_MoE.py - {'step': '23800', 'lr': '0.0002', 'total_loss': '0.0168421', 'main_loss': '0.0168421', 'time_per_step': '2.65998'}
2026-03-05 15:56:24,590 - train_greyscale_FA_MoE.py - {'step': '23900', 'lr': '0.0002', 'total_loss': '0.0147932', 'main_loss': '0.0147932', 'time_per_step': '2.54732'}
2026-03-05 16:00:55,548 - train_greyscale_FA_MoE.py - {'step': '24000', 'lr': '0.0002', 'total_loss': '0.0163433', 'main_loss': '0.0163433', 'time_per_step': '2.5502'}
2026-03-05 16:05:28,658 - train_greyscale_FA_MoE.py - {'step': '24100', 'lr': '0.0002', 'total_loss': '0.0158187', 'main_loss': '0.0158187', 'time_per_step': '2.6263'}
2026-03-05 16:09:59,919 - train_greyscale_FA_MoE.py - {'step': '24200', 'lr': '0.0002', 'total_loss': '0.0108588', 'main_loss': '0.0108588', 'time_per_step': '2.64793'}
2026-03-05 16:14:32,927 - train_greyscale_FA_MoE.py - {'step': '24300', 'lr': '0.0002', 'total_loss': '0.0108165', 'main_loss': '0.0108165', 'time_per_step': '2.63044'}
2026-03-05 16:19:04,362 - train_greyscale_FA_MoE.py - {'step': '24400', 'lr': '0.0002', 'total_loss': '0.0174228', 'main_loss': '0.0174228', 'time_per_step': '2.63835'}
2026-03-05 16:23:36,566 - train_greyscale_FA_MoE.py - {'step': '24500', 'lr': '0.0002', 'total_loss': '0.0115924', 'main_loss': '0.0115924', 'time_per_step': '2.66107'}
2026-03-05 16:28:08,518 - train_greyscale_FA_MoE.py - {'step': '24600', 'lr': '0.0002', 'total_loss': '0.0136773', 'main_loss': '0.0136773', 'time_per_step': '2.62016'}
2026-03-05 16:32:41,071 - train_greyscale_FA_MoE.py - {'step': '24700', 'lr': '0.0002', 'total_loss': '0.00974688', 'main_loss': '0.00974688', 'time_per_step': '2.64467'}
2026-03-05 16:37:14,689 - train_greyscale_FA_MoE.py - {'step': '24800', 'lr': '0.0002', 'total_loss': '0.0123504', 'main_loss': '0.0123504', 'time_per_step': '2.62566'}
2026-03-05 16:41:47,145 - train_greyscale_FA_MoE.py - {'step': '24900', 'lr': '0.0002', 'total_loss': '0.0108749', 'main_loss': '0.0108749', 'time_per_step': '2.70641'}
2026-03-05 16:46:19,598 - train_greyscale_FA_MoE.py - {'step': '25000', 'lr': '0.0002', 'total_loss': '0.0144461', 'main_loss': '0.0144461', 'time_per_step': '2.66114'}
2026-03-05 16:46:19,617 - train_greyscale_FA_MoE.py - Saved expert distribution of layer in_block_0 to output_shift_fa/acdc_wholeheart_uncond_fa_ec_4moe8_greyscale_uvit_mid_4by4_l8r9_low16_Y_bound/samples/expert_distribution_in_block_0_step25000.npy
2026-03-05 16:46:22,477 - train_greyscale_FA_MoE.py - Saved expert distribution of layer out_block_7 to output_shift_fa/acdc_wholeheart_uncond_fa_ec_4moe8_greyscale_uvit_mid_4by4_l8r9_low16_Y_bound/samples/expert_distribution_out_block_7_step25000.npy
2026-03-05 16:46:24,549 - train_greyscale_FA_MoE.py - Save a grid of 16 samples into output_shift_fa/acdc_wholeheart_uncond_fa_ec_4moe8_greyscale_uvit_mid_4by4_l8r9_low16_Y_bound/samples/25000.png by DPM-Solver
2026-03-05 16:46:31,470 - train_greyscale_FA_MoE.py - Finished saving sample grid to output_shift_fa/acdc_wholeheart_uncond_fa_ec_4moe8_greyscale_uvit_mid_4by4_l8r9_low16_Y_bound/samples/25000.png by DPM-Solver.
2026-03-05 16:46:32,848 - train_greyscale_FA_MoE.py - Save and eval checkpoint 25000...
2026-03-05 16:46:35,768 - train_greyscale_FA_MoE.py - eval_step: n_samples=50000, sample_steps=50, algorithm=dpm_solver, mini_batch_size=500, samples save into output_shift_fa/acdc_wholeheart_uncond_fa_ec_4moe8_greyscale_uvit_mid_4by4_l8r9_low16_Y_bound/samples/acdc_wholeheart_uncond_uvit_FA_EC_4MoE8_greyscale_mid_4by4_low16_25000_dpm
2026-03-05 17:42:43,309 - train_greyscale_FA_MoE.py - step=25000 fid50000=422.7864173980373
2026-03-05 17:49:04,152 - is_lpips.py - LPIPS: 0.7785 ± 0.0623
2026-03-05 17:49:04,157 - train_greyscale_FA_MoE.py - step=25000 LPIPS50000=0.77853321093429
2026-03-05 17:54:24,055 - train_greyscale_FA_MoE.py - {'step': '25100', 'lr': '0.0002', 'total_loss': '0.0148477', 'main_loss': '0.0148477', 'time_per_step': '2.53492'}
2026-03-05 17:58:56,609 - train_greyscale_FA_MoE.py - {'step': '25200', 'lr': '0.0002', 'total_loss': '0.0153447', 'main_loss': '0.0153447', 'time_per_step': '2.58722'}
2026-03-05 18:03:32,310 - train_greyscale_FA_MoE.py - {'step': '25300', 'lr': '0.0002', 'total_loss': '0.015809', 'main_loss': '0.015809', 'time_per_step': '2.60915'}
2026-03-05 18:08:04,491 - train_greyscale_FA_MoE.py - {'step': '25400', 'lr': '0.0002', 'total_loss': '0.0149258', 'main_loss': '0.0149258', 'time_per_step': '2.61857'}
2026-03-05 18:12:38,234 - train_greyscale_FA_MoE.py - {'step': '25500', 'lr': '0.0002', 'total_loss': '0.0125956', 'main_loss': '0.0125956', 'time_per_step': '2.62016'}
2026-03-05 18:17:11,212 - train_greyscale_FA_MoE.py - {'step': '25600', 'lr': '0.0002', 'total_loss': '0.0153528', 'main_loss': '0.0153528', 'time_per_step': '2.61068'}
2026-03-05 18:21:42,091 - train_greyscale_FA_MoE.py - {'step': '25700', 'lr': '0.0002', 'total_loss': '0.0131061', 'main_loss': '0.0131061', 'time_per_step': '2.66132'}
2026-03-05 18:26:13,673 - train_greyscale_FA_MoE.py - {'step': '25800', 'lr': '0.0002', 'total_loss': '0.014702', 'main_loss': '0.014702', 'time_per_step': '2.639'}
2026-03-05 18:30:44,852 - train_greyscale_FA_MoE.py - {'step': '25900', 'lr': '0.0002', 'total_loss': '0.0166894', 'main_loss': '0.0166894', 'time_per_step': '2.60886'}
2026-03-05 18:35:17,447 - train_greyscale_FA_MoE.py - {'step': '26000', 'lr': '0.0002', 'total_loss': '0.0136554', 'main_loss': '0.0136554', 'time_per_step': '2.61897'}
2026-03-05 18:39:51,102 - train_greyscale_FA_MoE.py - {'step': '26100', 'lr': '0.0002', 'total_loss': '0.0159193', 'main_loss': '0.0159193', 'time_per_step': '2.64272'}
2026-03-05 18:44:26,266 - train_greyscale_FA_MoE.py - {'step': '26200', 'lr': '0.0002', 'total_loss': '0.00996935', 'main_loss': '0.00996935', 'time_per_step': '2.7028'}
2026-03-05 18:48:57,765 - train_greyscale_FA_MoE.py - {'step': '26300', 'lr': '0.0002', 'total_loss': '0.014434', 'main_loss': '0.014434', 'time_per_step': '2.60964'}
2026-03-05 18:53:30,363 - train_greyscale_FA_MoE.py - {'step': '26400', 'lr': '0.0002', 'total_loss': '0.0164156', 'main_loss': '0.0164156', 'time_per_step': '2.54916'}
2026-03-05 18:58:02,757 - train_greyscale_FA_MoE.py - {'step': '26500', 'lr': '0.0002', 'total_loss': '0.0131252', 'main_loss': '0.0131252', 'time_per_step': '2.63363'}
2026-03-05 19:02:35,765 - train_greyscale_FA_MoE.py - {'step': '26600', 'lr': '0.0002', 'total_loss': '0.0166269', 'main_loss': '0.0166269', 'time_per_step': '2.60719'}
2026-03-05 19:07:07,343 - train_greyscale_FA_MoE.py - {'step': '26700', 'lr': '0.0002', 'total_loss': '0.012826', 'main_loss': '0.012826', 'time_per_step': '2.6232'}
2026-03-05 19:11:41,259 - train_greyscale_FA_MoE.py - {'step': '26800', 'lr': '0.0002', 'total_loss': '0.0122407', 'main_loss': '0.0122407', 'time_per_step': '2.62702'}
2026-03-05 19:16:14,168 - train_greyscale_FA_MoE.py - {'step': '26900', 'lr': '0.0002', 'total_loss': '0.0159751', 'main_loss': '0.0159751', 'time_per_step': '2.6145'}
2026-03-05 19:20:45,897 - train_greyscale_FA_MoE.py - {'step': '27000', 'lr': '0.0002', 'total_loss': '0.0167668', 'main_loss': '0.0167668', 'time_per_step': '2.63531'}
2026-03-05 19:25:18,328 - train_greyscale_FA_MoE.py - {'step': '27100', 'lr': '0.0002', 'total_loss': '0.011444', 'main_loss': '0.011444', 'time_per_step': '2.66537'}
2026-03-05 19:29:49,373 - train_greyscale_FA_MoE.py - {'step': '27200', 'lr': '0.0002', 'total_loss': '0.0167072', 'main_loss': '0.0167072', 'time_per_step': '2.64054'}
2026-03-05 19:34:22,887 - train_greyscale_FA_MoE.py - {'step': '27300', 'lr': '0.0002', 'total_loss': '0.0129142', 'main_loss': '0.0129142', 'time_per_step': '2.60297'}
2026-03-05 19:38:57,844 - train_greyscale_FA_MoE.py - {'step': '27400', 'lr': '0.0002', 'total_loss': '0.0113833', 'main_loss': '0.0113833', 'time_per_step': '2.71481'}
2026-03-05 19:43:30,532 - train_greyscale_FA_MoE.py - {'step': '27500', 'lr': '0.0002', 'total_loss': '0.0110113', 'main_loss': '0.0110113', 'time_per_step': '2.54329'}
2026-03-05 19:48:00,101 - train_greyscale_FA_MoE.py - {'step': '27600', 'lr': '0.0002', 'total_loss': '0.0100809', 'main_loss': '0.0100809', 'time_per_step': '2.52717'}
2026-03-05 19:52:35,733 - train_greyscale_FA_MoE.py - {'step': '27700', 'lr': '0.0002', 'total_loss': '0.0147364', 'main_loss': '0.0147364', 'time_per_step': '2.61598'}
2026-03-05 19:57:08,530 - train_greyscale_FA_MoE.py - {'step': '27800', 'lr': '0.0002', 'total_loss': '0.0189361', 'main_loss': '0.0189361', 'time_per_step': '2.64447'}
2026-03-05 20:01:39,663 - train_greyscale_FA_MoE.py - {'step': '27900', 'lr': '0.0002', 'total_loss': '0.0123062', 'main_loss': '0.0123062', 'time_per_step': '2.60729'}
2026-03-05 20:06:10,546 - train_greyscale_FA_MoE.py - {'step': '28000', 'lr': '0.0002', 'total_loss': '0.0121818', 'main_loss': '0.0121818', 'time_per_step': '2.60933'}
2026-03-05 20:10:42,711 - train_greyscale_FA_MoE.py - {'step': '28100', 'lr': '0.0002', 'total_loss': '0.0152527', 'main_loss': '0.0152527', 'time_per_step': '2.63415'}
2026-03-05 20:15:15,116 - train_greyscale_FA_MoE.py - {'step': '28200', 'lr': '0.0002', 'total_loss': '0.0152149', 'main_loss': '0.0152149', 'time_per_step': '2.66357'}
2026-03-05 20:19:48,425 - train_greyscale_FA_MoE.py - {'step': '28300', 'lr': '0.0002', 'total_loss': '0.0134216', 'main_loss': '0.0134216', 'time_per_step': '2.64441'}
2026-03-05 20:24:20,776 - train_greyscale_FA_MoE.py - {'step': '28400', 'lr': '0.0002', 'total_loss': '0.0161525', 'main_loss': '0.0161525', 'time_per_step': '2.7957'}
2026-03-05 20:28:51,833 - train_greyscale_FA_MoE.py - {'step': '28500', 'lr': '0.0002', 'total_loss': '0.0113187', 'main_loss': '0.0113187', 'time_per_step': '2.68264'}
2026-03-05 20:33:23,578 - train_greyscale_FA_MoE.py - {'step': '28600', 'lr': '0.0002', 'total_loss': '0.0125565', 'main_loss': '0.0125565', 'time_per_step': '2.62093'}
2026-03-05 20:37:56,652 - train_greyscale_FA_MoE.py - {'step': '28700', 'lr': '0.0002', 'total_loss': '0.0177453', 'main_loss': '0.0177453', 'time_per_step': '2.58781'}
2026-03-05 20:42:28,985 - train_greyscale_FA_MoE.py - {'step': '28800', 'lr': '0.0002', 'total_loss': '0.013419', 'main_loss': '0.013419', 'time_per_step': '2.54361'}
2026-03-05 20:47:01,710 - train_greyscale_FA_MoE.py - {'step': '28900', 'lr': '0.0002', 'total_loss': '0.0152624', 'main_loss': '0.0152624', 'time_per_step': '2.68255'}
2026-03-05 20:51:33,992 - train_greyscale_FA_MoE.py - {'step': '29000', 'lr': '0.0002', 'total_loss': '0.00974365', 'main_loss': '0.00974365', 'time_per_step': '2.63717'}
2026-03-05 20:56:06,704 - train_greyscale_FA_MoE.py - {'step': '29100', 'lr': '0.0002', 'total_loss': '0.0119005', 'main_loss': '0.0119005', 'time_per_step': '2.6208'}
2026-03-05 21:00:39,138 - train_greyscale_FA_MoE.py - {'step': '29200', 'lr': '0.0002', 'total_loss': '0.0117241', 'main_loss': '0.0117241', 'time_per_step': '2.61427'}
2026-03-05 21:05:12,035 - train_greyscale_FA_MoE.py - {'step': '29300', 'lr': '0.0002', 'total_loss': '0.012757', 'main_loss': '0.012757', 'time_per_step': '2.67061'}
2026-03-05 21:09:45,115 - train_greyscale_FA_MoE.py - {'step': '29400', 'lr': '0.0002', 'total_loss': '0.014609', 'main_loss': '0.014609', 'time_per_step': '2.62187'}
2026-03-05 21:14:16,432 - train_greyscale_FA_MoE.py - {'step': '29500', 'lr': '0.0002', 'total_loss': '0.0122256', 'main_loss': '0.0122256', 'time_per_step': '2.62918'}
2026-03-05 21:18:49,323 - train_greyscale_FA_MoE.py - {'step': '29600', 'lr': '0.0002', 'total_loss': '0.010348', 'main_loss': '0.010348', 'time_per_step': '2.6539'}
2026-03-05 21:23:23,086 - train_greyscale_FA_MoE.py - {'step': '29700', 'lr': '0.0002', 'total_loss': '0.0135806', 'main_loss': '0.0135806', 'time_per_step': '2.65984'}
2026-03-05 21:27:56,769 - train_greyscale_FA_MoE.py - {'step': '29800', 'lr': '0.0002', 'total_loss': '0.0163905', 'main_loss': '0.0163905', 'time_per_step': '2.71832'}
2026-03-05 21:32:30,132 - train_greyscale_FA_MoE.py - {'step': '29900', 'lr': '0.0002', 'total_loss': '0.0132517', 'main_loss': '0.0132517', 'time_per_step': '2.54053'}
2026-03-05 21:37:04,488 - train_greyscale_FA_MoE.py - {'step': '30000', 'lr': '0.0002', 'total_loss': '0.0144758', 'main_loss': '0.0144758', 'time_per_step': '2.54085'}
2026-03-05 21:41:38,737 - train_greyscale_FA_MoE.py - {'step': '30100', 'lr': '0.0002', 'total_loss': '0.0113862', 'main_loss': '0.0113862', 'time_per_step': '2.62832'}
2026-03-05 21:46:11,839 - train_greyscale_FA_MoE.py - {'step': '30200', 'lr': '0.0002', 'total_loss': '0.0123955', 'main_loss': '0.0123955', 'time_per_step': '2.65083'}
2026-03-05 21:50:43,754 - train_greyscale_FA_MoE.py - {'step': '30300', 'lr': '0.0002', 'total_loss': '0.0118668', 'main_loss': '0.0118668', 'time_per_step': '2.6184'}
2026-03-05 21:55:15,896 - train_greyscale_FA_MoE.py - {'step': '30400', 'lr': '0.0002', 'total_loss': '0.0120764', 'main_loss': '0.0120764', 'time_per_step': '2.65288'}
2026-03-05 21:59:48,170 - train_greyscale_FA_MoE.py - {'step': '30500', 'lr': '0.0002', 'total_loss': '0.0122086', 'main_loss': '0.0122086', 'time_per_step': '2.6849'}
2026-03-05 22:04:20,792 - train_greyscale_FA_MoE.py - {'step': '30600', 'lr': '0.0002', 'total_loss': '0.0160415', 'main_loss': '0.0160415', 'time_per_step': '2.82753'}
2026-03-05 22:08:54,158 - train_greyscale_FA_MoE.py - {'step': '30700', 'lr': '0.0002', 'total_loss': '0.0151395', 'main_loss': '0.0151395', 'time_per_step': '2.63001'}
2026-03-05 22:13:27,626 - train_greyscale_FA_MoE.py - {'step': '30800', 'lr': '0.0002', 'total_loss': '0.0131307', 'main_loss': '0.0131307', 'time_per_step': '2.70164'}
2026-03-05 22:18:00,136 - train_greyscale_FA_MoE.py - {'step': '30900', 'lr': '0.0002', 'total_loss': '0.0159816', 'main_loss': '0.0159816', 'time_per_step': '2.65093'}
2026-03-05 22:22:33,344 - train_greyscale_FA_MoE.py - {'step': '31000', 'lr': '0.0002', 'total_loss': '0.0144999', 'main_loss': '0.0144999', 'time_per_step': '2.64491'}
2026-03-05 22:27:05,834 - train_greyscale_FA_MoE.py - {'step': '31100', 'lr': '0.0002', 'total_loss': '0.0156087', 'main_loss': '0.0156087', 'time_per_step': '2.55371'}
2026-03-05 22:31:37,865 - train_greyscale_FA_MoE.py - {'step': '31200', 'lr': '0.0002', 'total_loss': '0.010846', 'main_loss': '0.010846', 'time_per_step': '2.53785'}
2026-03-05 22:36:13,005 - train_greyscale_FA_MoE.py - {'step': '31300', 'lr': '0.0002', 'total_loss': '0.0138404', 'main_loss': '0.0138404', 'time_per_step': '2.69208'}
2026-03-05 22:40:44,629 - train_greyscale_FA_MoE.py - {'step': '31400', 'lr': '0.0002', 'total_loss': '0.0146157', 'main_loss': '0.0146157', 'time_per_step': '2.667'}
2026-03-05 22:45:16,990 - train_greyscale_FA_MoE.py - {'step': '31500', 'lr': '0.0002', 'total_loss': '0.0116087', 'main_loss': '0.0116087', 'time_per_step': '2.62888'}
2026-03-05 22:49:49,095 - train_greyscale_FA_MoE.py - {'step': '31600', 'lr': '0.0002', 'total_loss': '0.0113114', 'main_loss': '0.0113114', 'time_per_step': '2.61578'}
2026-03-05 22:54:21,066 - train_greyscale_FA_MoE.py - {'step': '31700', 'lr': '0.0002', 'total_loss': '0.0139851', 'main_loss': '0.0139851', 'time_per_step': '2.78767'}
2026-03-05 22:58:51,830 - train_greyscale_FA_MoE.py - {'step': '31800', 'lr': '0.0002', 'total_loss': '0.0120852', 'main_loss': '0.0120852', 'time_per_step': '2.63128'}
2026-03-05 23:03:23,659 - train_greyscale_FA_MoE.py - {'step': '31900', 'lr': '0.0002', 'total_loss': '0.0194566', 'main_loss': '0.0194566', 'time_per_step': '2.62279'}
2026-03-05 23:07:55,401 - train_greyscale_FA_MoE.py - {'step': '32000', 'lr': '0.0002', 'total_loss': '0.0119516', 'main_loss': '0.0119516', 'time_per_step': '2.61298'}
2026-03-05 23:12:27,094 - train_greyscale_FA_MoE.py - {'step': '32100', 'lr': '0.0002', 'total_loss': '0.0144965', 'main_loss': '0.0144965', 'time_per_step': '2.67456'}
2026-03-05 23:16:59,627 - train_greyscale_FA_MoE.py - {'step': '32200', 'lr': '0.0002', 'total_loss': '0.0140239', 'main_loss': '0.0140239', 'time_per_step': '2.64875'}
2026-03-05 23:21:32,417 - train_greyscale_FA_MoE.py - {'step': '32300', 'lr': '0.0002', 'total_loss': '0.0163457', 'main_loss': '0.0163457', 'time_per_step': '2.54274'}
2026-03-05 23:26:07,839 - train_greyscale_FA_MoE.py - {'step': '32400', 'lr': '0.0002', 'total_loss': '0.00982904', 'main_loss': '0.00982904', 'time_per_step': '2.53992'}
2026-03-05 23:30:45,095 - train_greyscale_FA_MoE.py - {'step': '32500', 'lr': '0.0002', 'total_loss': '0.0152567', 'main_loss': '0.0152567', 'time_per_step': '2.66187'}
2026-03-05 23:35:19,154 - train_greyscale_FA_MoE.py - {'step': '32600', 'lr': '0.0002', 'total_loss': '0.0185988', 'main_loss': '0.0185988', 'time_per_step': '2.68333'}
2026-03-05 23:39:54,741 - train_greyscale_FA_MoE.py - {'step': '32700', 'lr': '0.0002', 'total_loss': '0.0142087', 'main_loss': '0.0142087', 'time_per_step': '2.65841'}
2026-03-05 23:44:31,630 - train_greyscale_FA_MoE.py - {'step': '32800', 'lr': '0.0002', 'total_loss': '0.0103526', 'main_loss': '0.0103526', 'time_per_step': '2.65481'}
2026-03-05 23:49:08,636 - train_greyscale_FA_MoE.py - {'step': '32900', 'lr': '0.0002', 'total_loss': '0.0177668', 'main_loss': '0.0177668', 'time_per_step': '2.64466'}
2026-03-05 23:53:41,420 - train_greyscale_FA_MoE.py - {'step': '33000', 'lr': '0.0002', 'total_loss': '0.0124083', 'main_loss': '0.0124083', 'time_per_step': '2.66386'}
2026-03-05 23:58:17,595 - train_greyscale_FA_MoE.py - {'step': '33100', 'lr': '0.0002', 'total_loss': '0.0110021', 'main_loss': '0.0110021', 'time_per_step': '2.64656'}
2026-03-06 00:02:53,899 - train_greyscale_FA_MoE.py - {'step': '33200', 'lr': '0.0002', 'total_loss': '0.0142309', 'main_loss': '0.0142309', 'time_per_step': '2.66636'}
2026-03-06 00:07:27,497 - train_greyscale_FA_MoE.py - {'step': '33300', 'lr': '0.0002', 'total_loss': '0.0121582', 'main_loss': '0.0121582', 'time_per_step': '2.71594'}
2026-03-06 00:12:02,236 - train_greyscale_FA_MoE.py - {'step': '33400', 'lr': '0.0002', 'total_loss': '0.011222', 'main_loss': '0.011222', 'time_per_step': '2.65013'}
2026-03-06 00:16:35,688 - train_greyscale_FA_MoE.py - {'step': '33500', 'lr': '0.0002', 'total_loss': '0.0133626', 'main_loss': '0.0133626', 'time_per_step': '2.54112'}
2026-03-06 00:21:10,419 - train_greyscale_FA_MoE.py - {'step': '33600', 'lr': '0.0002', 'total_loss': '0.0149502', 'main_loss': '0.0149502', 'time_per_step': '2.53924'}
2026-03-06 00:25:45,325 - train_greyscale_FA_MoE.py - {'step': '33700', 'lr': '0.0002', 'total_loss': '0.0156409', 'main_loss': '0.0156409', 'time_per_step': '2.68022'}
2026-03-06 00:30:19,323 - train_greyscale_FA_MoE.py - {'step': '33800', 'lr': '0.0002', 'total_loss': '0.0113029', 'main_loss': '0.0113029', 'time_per_step': '2.64872'}
2026-03-06 00:34:54,025 - train_greyscale_FA_MoE.py - {'step': '33900', 'lr': '0.0002', 'total_loss': '0.0151692', 'main_loss': '0.0151692', 'time_per_step': '2.65983'}
2026-03-06 00:39:32,628 - train_greyscale_FA_MoE.py - {'step': '34000', 'lr': '0.0002', 'total_loss': '0.0137392', 'main_loss': '0.0137392', 'time_per_step': '2.64369'}
2026-03-06 00:44:10,145 - train_greyscale_FA_MoE.py - {'step': '34100', 'lr': '0.0002', 'total_loss': '0.0133282', 'main_loss': '0.0133282', 'time_per_step': '3.66861'}
2026-03-06 00:48:42,956 - train_greyscale_FA_MoE.py - {'step': '34200', 'lr': '0.0002', 'total_loss': '0.0133193', 'main_loss': '0.0133193', 'time_per_step': '2.68177'}
2026-03-06 00:53:20,310 - train_greyscale_FA_MoE.py - {'step': '34300', 'lr': '0.0002', 'total_loss': '0.0131878', 'main_loss': '0.0131878', 'time_per_step': '2.68015'}
2026-03-06 00:57:57,408 - train_greyscale_FA_MoE.py - {'step': '34400', 'lr': '0.0002', 'total_loss': '0.0181084', 'main_loss': '0.0181084', 'time_per_step': '2.728'}
2026-03-06 01:02:30,271 - train_greyscale_FA_MoE.py - {'step': '34500', 'lr': '0.0002', 'total_loss': '0.00960569', 'main_loss': '0.00960569', 'time_per_step': '2.66399'}
2026-03-06 01:07:06,040 - train_greyscale_FA_MoE.py - {'step': '34600', 'lr': '0.0002', 'total_loss': '0.0139692', 'main_loss': '0.0139692', 'time_per_step': '2.67252'}
2026-03-06 01:11:38,034 - train_greyscale_FA_MoE.py - {'step': '34700', 'lr': '0.0002', 'total_loss': '0.0113462', 'main_loss': '0.0113462', 'time_per_step': '2.54259'}
2026-03-06 01:16:14,661 - train_greyscale_FA_MoE.py - {'step': '34800', 'lr': '0.0002', 'total_loss': '0.0136717', 'main_loss': '0.0136717', 'time_per_step': '2.54067'}
2026-03-06 01:20:48,985 - train_greyscale_FA_MoE.py - {'step': '34900', 'lr': '0.0002', 'total_loss': '0.0141303', 'main_loss': '0.0141303', 'time_per_step': '2.66751'}
2026-03-06 01:25:24,716 - train_greyscale_FA_MoE.py - {'step': '35000', 'lr': '0.0002', 'total_loss': '0.0153487', 'main_loss': '0.0153487', 'time_per_step': '2.62264'}
2026-03-06 01:29:57,713 - train_greyscale_FA_MoE.py - {'step': '35100', 'lr': '0.0002', 'total_loss': '0.0123845', 'main_loss': '0.0123845', 'time_per_step': '2.70053'}
2026-03-06 01:34:32,223 - train_greyscale_FA_MoE.py - {'step': '35200', 'lr': '0.0002', 'total_loss': '0.0182089', 'main_loss': '0.0182089', 'time_per_step': '2.69926'}
2026-03-06 01:39:06,750 - train_greyscale_FA_MoE.py - {'step': '35300', 'lr': '0.0002', 'total_loss': '0.0119434', 'main_loss': '0.0119434', 'time_per_step': '2.67824'}
2026-03-06 01:43:44,025 - train_greyscale_FA_MoE.py - {'step': '35400', 'lr': '0.0002', 'total_loss': '0.0157338', 'main_loss': '0.0157338', 'time_per_step': '2.66702'}
2026-03-06 01:48:15,920 - train_greyscale_FA_MoE.py - {'step': '35500', 'lr': '0.0002', 'total_loss': '0.0146032', 'main_loss': '0.0146032', 'time_per_step': '2.65051'}
2026-03-06 01:52:51,502 - train_greyscale_FA_MoE.py - {'step': '35600', 'lr': '0.0002', 'total_loss': '0.0136725', 'main_loss': '0.0136725', 'time_per_step': '2.67171'}
2026-03-06 01:57:24,776 - train_greyscale_FA_MoE.py - {'step': '35700', 'lr': '0.0002', 'total_loss': '0.0134356', 'main_loss': '0.0134356', 'time_per_step': '2.63909'}
2026-03-06 02:02:01,930 - train_greyscale_FA_MoE.py - {'step': '35800', 'lr': '0.0002', 'total_loss': '0.0176178', 'main_loss': '0.0176178', 'time_per_step': '2.62801'}
2026-03-06 02:06:35,580 - train_greyscale_FA_MoE.py - {'step': '35900', 'lr': '0.0002', 'total_loss': '0.0097685', 'main_loss': '0.0097685', 'time_per_step': '2.54335'}
2026-03-06 02:11:09,604 - train_greyscale_FA_MoE.py - {'step': '36000', 'lr': '0.0002', 'total_loss': '0.0145063', 'main_loss': '0.0145063', 'time_per_step': '2.54554'}
2026-03-06 02:15:43,762 - train_greyscale_FA_MoE.py - {'step': '36100', 'lr': '0.0002', 'total_loss': '0.0144211', 'main_loss': '0.0144211', 'time_per_step': '2.67943'}
2026-03-06 02:20:18,693 - train_greyscale_FA_MoE.py - {'step': '36200', 'lr': '0.0002', 'total_loss': '0.0110982', 'main_loss': '0.0110982', 'time_per_step': '2.69042'}
2026-03-06 02:24:53,166 - train_greyscale_FA_MoE.py - {'step': '36300', 'lr': '0.0002', 'total_loss': '0.0115477', 'main_loss': '0.0115477', 'time_per_step': '2.65149'}
2026-03-06 02:29:28,887 - train_greyscale_FA_MoE.py - {'step': '36400', 'lr': '0.0002', 'total_loss': '0.0108859', 'main_loss': '0.0108859', 'time_per_step': '2.69277'}
2026-03-06 02:34:04,975 - train_greyscale_FA_MoE.py - {'step': '36500', 'lr': '0.0002', 'total_loss': '0.0109376', 'main_loss': '0.0109376', 'time_per_step': '4.06837'}
2026-03-06 02:38:37,881 - train_greyscale_FA_MoE.py - {'step': '36600', 'lr': '0.0002', 'total_loss': '0.0113842', 'main_loss': '0.0113842', 'time_per_step': '2.66792'}
2026-03-06 02:43:13,233 - train_greyscale_FA_MoE.py - {'step': '36700', 'lr': '0.0002', 'total_loss': '0.0143262', 'main_loss': '0.0143262', 'time_per_step': '2.66633'}
2026-03-06 02:47:46,143 - train_greyscale_FA_MoE.py - {'step': '36800', 'lr': '0.0002', 'total_loss': '0.0126886', 'main_loss': '0.0126886', 'time_per_step': '2.64802'}
2026-03-06 02:52:19,843 - train_greyscale_FA_MoE.py - {'step': '36900', 'lr': '0.0002', 'total_loss': '0.0114039', 'main_loss': '0.0114039', 'time_per_step': '2.67867'}
2026-03-06 02:56:52,603 - train_greyscale_FA_MoE.py - {'step': '37000', 'lr': '0.0002', 'total_loss': '0.0133513', 'main_loss': '0.0133513', 'time_per_step': '2.64042'}
2026-03-06 03:01:26,686 - train_greyscale_FA_MoE.py - {'step': '37100', 'lr': '0.0002', 'total_loss': '0.0121401', 'main_loss': '0.0121401', 'time_per_step': '2.60751'}
2026-03-06 03:05:59,304 - train_greyscale_FA_MoE.py - {'step': '37200', 'lr': '0.0002', 'total_loss': '0.0134915', 'main_loss': '0.0134915', 'time_per_step': '2.54323'}
2026-03-06 03:10:37,188 - train_greyscale_FA_MoE.py - {'step': '37300', 'lr': '0.0002', 'total_loss': '0.012084', 'main_loss': '0.012084', 'time_per_step': '2.62339'}
2026-03-06 03:15:09,359 - train_greyscale_FA_MoE.py - {'step': '37400', 'lr': '0.0002', 'total_loss': '0.0125357', 'main_loss': '0.0125357', 'time_per_step': '2.65103'}
2026-03-06 03:19:43,348 - train_greyscale_FA_MoE.py - {'step': '37500', 'lr': '0.0002', 'total_loss': '0.0106476', 'main_loss': '0.0106476', 'time_per_step': '2.6392'}
2026-03-06 03:24:14,672 - train_greyscale_FA_MoE.py - {'step': '37600', 'lr': '0.0002', 'total_loss': '0.00982571', 'main_loss': '0.00982571', 'time_per_step': '2.63189'}
2026-03-06 03:28:48,534 - train_greyscale_FA_MoE.py - {'step': '37700', 'lr': '0.0002', 'total_loss': '0.0101353', 'main_loss': '0.0101353', 'time_per_step': '2.67533'}
2026-03-06 03:33:22,703 - train_greyscale_FA_MoE.py - {'step': '37800', 'lr': '0.0002', 'total_loss': '0.0099542', 'main_loss': '0.0099542', 'time_per_step': '2.67643'}
2026-03-06 03:37:58,544 - train_greyscale_FA_MoE.py - {'step': '37900', 'lr': '0.0002', 'total_loss': '0.0142001', 'main_loss': '0.0142001', 'time_per_step': '2.63865'}
2026-03-06 03:42:32,803 - train_greyscale_FA_MoE.py - {'step': '38000', 'lr': '0.0002', 'total_loss': '0.0113056', 'main_loss': '0.0113056', 'time_per_step': '2.60887'}
2026-03-06 03:47:07,961 - train_greyscale_FA_MoE.py - {'step': '38100', 'lr': '0.0002', 'total_loss': '0.0146617', 'main_loss': '0.0146617', 'time_per_step': '2.61097'}
2026-03-06 03:51:41,104 - train_greyscale_FA_MoE.py - {'step': '38200', 'lr': '0.0002', 'total_loss': '0.015173', 'main_loss': '0.015173', 'time_per_step': '2.61847'}
2026-03-06 03:56:16,069 - train_greyscale_FA_MoE.py - {'step': '38300', 'lr': '0.0002', 'total_loss': '0.0143729', 'main_loss': '0.0143729', 'time_per_step': '2.52335'}
2026-03-06 04:00:51,160 - train_greyscale_FA_MoE.py - {'step': '38400', 'lr': '0.0002', 'total_loss': '0.0103882', 'main_loss': '0.0103882', 'time_per_step': '2.54193'}
2026-03-06 04:05:26,957 - train_greyscale_FA_MoE.py - {'step': '38500', 'lr': '0.0002', 'total_loss': '0.0129779', 'main_loss': '0.0129779', 'time_per_step': '2.71798'}
2026-03-06 04:10:02,158 - train_greyscale_FA_MoE.py - {'step': '38600', 'lr': '0.0002', 'total_loss': '0.015895', 'main_loss': '0.015895', 'time_per_step': '2.64743'}
2026-03-06 04:14:35,140 - train_greyscale_FA_MoE.py - {'step': '38700', 'lr': '0.0002', 'total_loss': '0.0134897', 'main_loss': '0.0134897', 'time_per_step': '2.66923'}
2026-03-06 04:19:11,207 - train_greyscale_FA_MoE.py - {'step': '38800', 'lr': '0.0002', 'total_loss': '0.0099424', 'main_loss': '0.0099424', 'time_per_step': '2.66511'}
2026-03-06 04:23:48,228 - train_greyscale_FA_MoE.py - {'step': '38900', 'lr': '0.0002', 'total_loss': '0.0126584', 'main_loss': '0.0126584', 'time_per_step': '2.61546'}
2026-03-06 04:28:22,002 - train_greyscale_FA_MoE.py - {'step': '39000', 'lr': '0.0002', 'total_loss': '0.0116717', 'main_loss': '0.0116717', 'time_per_step': '2.64199'}
2026-03-06 04:32:57,364 - train_greyscale_FA_MoE.py - {'step': '39100', 'lr': '0.0002', 'total_loss': '0.0137546', 'main_loss': '0.0137546', 'time_per_step': '2.73926'}
2026-03-06 04:37:36,097 - train_greyscale_FA_MoE.py - {'step': '39200', 'lr': '0.0002', 'total_loss': '0.0106946', 'main_loss': '0.0106946', 'time_per_step': '2.6505'}
2026-03-06 04:42:13,880 - train_greyscale_FA_MoE.py - {'step': '39300', 'lr': '0.0002', 'total_loss': '0.0122247', 'main_loss': '0.0122247', 'time_per_step': '3.87202'}
2026-03-06 04:46:46,672 - train_greyscale_FA_MoE.py - {'step': '39400', 'lr': '0.0002', 'total_loss': '0.0120611', 'main_loss': '0.0120611', 'time_per_step': '2.64961'}
2026-03-06 04:51:21,688 - train_greyscale_FA_MoE.py - {'step': '39500', 'lr': '0.0002', 'total_loss': '0.0188754', 'main_loss': '0.0188754', 'time_per_step': '2.56905'}
2026-03-06 04:55:57,679 - train_greyscale_FA_MoE.py - {'step': '39600', 'lr': '0.0002', 'total_loss': '0.00990119', 'main_loss': '0.00990119', 'time_per_step': '2.59426'}
2026-03-06 05:00:29,807 - train_greyscale_FA_MoE.py - {'step': '39700', 'lr': '0.0002', 'total_loss': '0.0137484', 'main_loss': '0.0137484', 'time_per_step': '2.65794'}
2026-03-06 05:05:05,972 - train_greyscale_FA_MoE.py - {'step': '39800', 'lr': '0.0002', 'total_loss': '0.0166593', 'main_loss': '0.0166593', 'time_per_step': '2.65764'}
2026-03-06 05:09:41,893 - train_greyscale_FA_MoE.py - {'step': '39900', 'lr': '0.0002', 'total_loss': '0.0122222', 'main_loss': '0.0122222', 'time_per_step': '2.64037'}
2026-03-06 05:14:16,124 - train_greyscale_FA_MoE.py - {'step': '40000', 'lr': '0.0002', 'total_loss': '0.0147603', 'main_loss': '0.0147603', 'time_per_step': '2.65225'}
2026-03-06 05:18:53,747 - train_greyscale_FA_MoE.py - {'step': '40100', 'lr': '0.0002', 'total_loss': '0.0145065', 'main_loss': '0.0145065', 'time_per_step': '2.66986'}
2026-03-06 05:23:27,121 - train_greyscale_FA_MoE.py - {'step': '40200', 'lr': '0.0002', 'total_loss': '0.0117574', 'main_loss': '0.0117574', 'time_per_step': '2.72684'}
2026-03-06 05:28:03,356 - train_greyscale_FA_MoE.py - {'step': '40300', 'lr': '0.0002', 'total_loss': '0.0153616', 'main_loss': '0.0153616', 'time_per_step': '2.65249'}
2026-03-06 05:32:41,053 - train_greyscale_FA_MoE.py - {'step': '40400', 'lr': '0.0002', 'total_loss': '0.00980991', 'main_loss': '0.00980991', 'time_per_step': '2.641'}
2026-03-06 05:37:17,461 - train_greyscale_FA_MoE.py - {'step': '40500', 'lr': '0.0002', 'total_loss': '0.0114207', 'main_loss': '0.0114207', 'time_per_step': '2.64715'}
2026-03-06 05:41:51,676 - train_greyscale_FA_MoE.py - {'step': '40600', 'lr': '0.0002', 'total_loss': '0.0127036', 'main_loss': '0.0127036', 'time_per_step': '2.66577'}
2026-03-06 05:46:24,139 - train_greyscale_FA_MoE.py - {'step': '40700', 'lr': '0.0002', 'total_loss': '0.0148053', 'main_loss': '0.0148053', 'time_per_step': '2.54139'}
2026-03-06 05:51:01,044 - train_greyscale_FA_MoE.py - {'step': '40800', 'lr': '0.0002', 'total_loss': '0.00840693', 'main_loss': '0.00840693', 'time_per_step': '2.52847'}
2026-03-06 05:55:35,781 - train_greyscale_FA_MoE.py - {'step': '40900', 'lr': '0.0002', 'total_loss': '0.00993279', 'main_loss': '0.00993279', 'time_per_step': '2.68754'}
2026-03-06 06:00:09,460 - train_greyscale_FA_MoE.py - {'step': '41000', 'lr': '0.0002', 'total_loss': '0.0150064', 'main_loss': '0.0150064', 'time_per_step': '2.67313'}
2026-03-06 06:04:45,319 - train_greyscale_FA_MoE.py - {'step': '41100', 'lr': '0.0002', 'total_loss': '0.0145514', 'main_loss': '0.0145514', 'time_per_step': '2.63728'}
2026-03-06 06:09:20,871 - train_greyscale_FA_MoE.py - {'step': '41200', 'lr': '0.0002', 'total_loss': '0.0127298', 'main_loss': '0.0127298', 'time_per_step': '2.77029'}
2026-03-06 06:13:54,048 - train_greyscale_FA_MoE.py - {'step': '41300', 'lr': '0.0002', 'total_loss': '0.014835', 'main_loss': '0.014835', 'time_per_step': '2.62312'}
2026-03-06 06:18:30,260 - train_greyscale_FA_MoE.py - {'step': '41400', 'lr': '0.0002', 'total_loss': '0.0107977', 'main_loss': '0.0107977', 'time_per_step': '2.6489'}
2026-03-06 06:23:07,325 - train_greyscale_FA_MoE.py - {'step': '41500', 'lr': '0.0002', 'total_loss': '0.0136824', 'main_loss': '0.0136824', 'time_per_step': '2.61065'}
2026-03-06 06:27:40,079 - train_greyscale_FA_MoE.py - {'step': '41600', 'lr': '0.0002', 'total_loss': '0.0120918', 'main_loss': '0.0120918', 'time_per_step': '2.64746'}
2026-03-06 06:32:13,485 - train_greyscale_FA_MoE.py - {'step': '41700', 'lr': '0.0002', 'total_loss': '0.0120954', 'main_loss': '0.0120954', 'time_per_step': '2.62632'}
2026-03-06 06:36:49,260 - train_greyscale_FA_MoE.py - {'step': '41800', 'lr': '0.0002', 'total_loss': '0.010292', 'main_loss': '0.010292', 'time_per_step': '2.62601'}
2026-03-06 06:41:24,700 - train_greyscale_FA_MoE.py - {'step': '41900', 'lr': '0.0002', 'total_loss': '0.0126175', 'main_loss': '0.0126175', 'time_per_step': '2.56045'}
2026-03-06 06:45:58,461 - train_greyscale_FA_MoE.py - {'step': '42000', 'lr': '0.0002', 'total_loss': '0.0112843', 'main_loss': '0.0112843', 'time_per_step': '2.54202'}
2026-03-06 06:50:35,813 - train_greyscale_FA_MoE.py - {'step': '42100', 'lr': '0.0002', 'total_loss': '0.0106804', 'main_loss': '0.0106804', 'time_per_step': '2.65778'}
2026-03-06 06:55:10,517 - train_greyscale_FA_MoE.py - {'step': '42200', 'lr': '0.0002', 'total_loss': '0.0103298', 'main_loss': '0.0103298', 'time_per_step': '2.65519'}
2026-03-06 06:59:43,490 - train_greyscale_FA_MoE.py - {'step': '42300', 'lr': '0.0002', 'total_loss': '0.0132918', 'main_loss': '0.0132918', 'time_per_step': '2.63096'}
2026-03-06 07:04:15,360 - train_greyscale_FA_MoE.py - {'step': '42400', 'lr': '0.0002', 'total_loss': '0.0138963', 'main_loss': '0.0138963', 'time_per_step': '2.65594'}
2026-03-06 07:08:49,464 - train_greyscale_FA_MoE.py - {'step': '42500', 'lr': '0.0002', 'total_loss': '0.0162358', 'main_loss': '0.0162358', 'time_per_step': '2.66565'}
2026-03-06 07:13:22,034 - train_greyscale_FA_MoE.py - {'step': '42600', 'lr': '0.0002', 'total_loss': '0.00958611', 'main_loss': '0.00958611', 'time_per_step': '2.62318'}
2026-03-06 07:17:57,332 - train_greyscale_FA_MoE.py - {'step': '42700', 'lr': '0.0002', 'total_loss': '0.0130399', 'main_loss': '0.0130399', 'time_per_step': '2.7375'}
2026-03-06 07:22:29,231 - train_greyscale_FA_MoE.py - {'step': '42800', 'lr': '0.0002', 'total_loss': '0.0175402', 'main_loss': '0.0175402', 'time_per_step': '2.6659'}
2026-03-06 07:27:02,731 - train_greyscale_FA_MoE.py - {'step': '42900', 'lr': '0.0002', 'total_loss': '0.00976493', 'main_loss': '0.00976493', 'time_per_step': '2.65465'}
2026-03-06 07:31:35,431 - train_greyscale_FA_MoE.py - {'step': '43000', 'lr': '0.0002', 'total_loss': '0.0101922', 'main_loss': '0.0101922', 'time_per_step': '2.67519'}
2026-03-06 07:36:14,794 - train_greyscale_FA_MoE.py - {'step': '43100', 'lr': '0.0002', 'total_loss': '0.0125117', 'main_loss': '0.0125117', 'time_per_step': '2.54795'}
2026-03-06 07:40:46,301 - train_greyscale_FA_MoE.py - {'step': '43200', 'lr': '0.0002', 'total_loss': '0.0122167', 'main_loss': '0.0122167', 'time_per_step': '2.53132'}
2026-03-06 07:45:18,502 - train_greyscale_FA_MoE.py - {'step': '43300', 'lr': '0.0002', 'total_loss': '0.0120819', 'main_loss': '0.0120819', 'time_per_step': '2.64479'}
2026-03-06 07:49:56,089 - train_greyscale_FA_MoE.py - {'step': '43400', 'lr': '0.0002', 'total_loss': '0.0115331', 'main_loss': '0.0115331', 'time_per_step': '2.75889'}
2026-03-06 07:54:28,161 - train_greyscale_FA_MoE.py - {'step': '43500', 'lr': '0.0002', 'total_loss': '0.00900771', 'main_loss': '0.00900771', 'time_per_step': '2.71697'}
2026-03-06 07:59:00,628 - train_greyscale_FA_MoE.py - {'step': '43600', 'lr': '0.0002', 'total_loss': '0.0127402', 'main_loss': '0.0127402', 'time_per_step': '2.67314'}
2026-03-06 08:03:32,487 - train_greyscale_FA_MoE.py - {'step': '43700', 'lr': '0.0002', 'total_loss': '0.0126792', 'main_loss': '0.0126792', 'time_per_step': '2.66462'}
2026-03-06 08:08:03,671 - train_greyscale_FA_MoE.py - {'step': '43800', 'lr': '0.0002', 'total_loss': '0.0197101', 'main_loss': '0.0197101', 'time_per_step': '2.63033'}
2026-03-06 08:12:35,812 - train_greyscale_FA_MoE.py - {'step': '43900', 'lr': '0.0002', 'total_loss': '0.0130371', 'main_loss': '0.0130371', 'time_per_step': '2.63653'}
2026-03-06 08:17:07,844 - train_greyscale_FA_MoE.py - {'step': '44000', 'lr': '0.0002', 'total_loss': '0.0130236', 'main_loss': '0.0130236', 'time_per_step': '2.65968'}
2026-03-06 08:21:40,262 - train_greyscale_FA_MoE.py - {'step': '44100', 'lr': '0.0002', 'total_loss': '0.0120772', 'main_loss': '0.0120772', 'time_per_step': '2.63368'}
2026-03-06 08:26:12,908 - train_greyscale_FA_MoE.py - {'step': '44200', 'lr': '0.0002', 'total_loss': '0.0119553', 'main_loss': '0.0119553', 'time_per_step': '2.65979'}
2026-03-06 08:30:45,347 - train_greyscale_FA_MoE.py - {'step': '44300', 'lr': '0.0002', 'total_loss': '0.0105028', 'main_loss': '0.0105028', 'time_per_step': '2.53762'}
2026-03-06 08:35:16,289 - train_greyscale_FA_MoE.py - {'step': '44400', 'lr': '0.0002', 'total_loss': '0.0141223', 'main_loss': '0.0141223', 'time_per_step': '2.54231'}
2026-03-06 08:39:51,197 - train_greyscale_FA_MoE.py - {'step': '44500', 'lr': '0.0002', 'total_loss': '0.0159051', 'main_loss': '0.0159051', 'time_per_step': '2.67024'}
2026-03-06 08:44:23,243 - train_greyscale_FA_MoE.py - {'step': '44600', 'lr': '0.0002', 'total_loss': '0.0134898', 'main_loss': '0.0134898', 'time_per_step': '2.66475'}
2026-03-06 08:48:54,385 - train_greyscale_FA_MoE.py - {'step': '44700', 'lr': '0.0002', 'total_loss': '0.0124698', 'main_loss': '0.0124698', 'time_per_step': '2.64089'}
2026-03-06 08:53:27,053 - train_greyscale_FA_MoE.py - {'step': '44800', 'lr': '0.0002', 'total_loss': '0.0137019', 'main_loss': '0.0137019', 'time_per_step': '2.70751'}
2026-03-06 08:57:59,633 - train_greyscale_FA_MoE.py - {'step': '44900', 'lr': '0.0002', 'total_loss': '0.0121705', 'main_loss': '0.0121705', 'time_per_step': '2.65629'}
2026-03-06 09:02:31,089 - train_greyscale_FA_MoE.py - {'step': '45000', 'lr': '0.0002', 'total_loss': '0.0164336', 'main_loss': '0.0164336', 'time_per_step': '2.64092'}
2026-03-06 09:07:02,304 - train_greyscale_FA_MoE.py - {'step': '45100', 'lr': '0.0002', 'total_loss': '0.0142747', 'main_loss': '0.0142747', 'time_per_step': '2.63255'}
2026-03-06 09:11:34,409 - train_greyscale_FA_MoE.py - {'step': '45200', 'lr': '0.0002', 'total_loss': '0.0143331', 'main_loss': '0.0143331', 'time_per_step': '2.65675'}
2026-03-06 09:16:06,208 - train_greyscale_FA_MoE.py - {'step': '45300', 'lr': '0.0002', 'total_loss': '0.0124359', 'main_loss': '0.0124359', 'time_per_step': '2.61299'}
2026-03-06 09:20:38,440 - train_greyscale_FA_MoE.py - {'step': '45400', 'lr': '0.0002', 'total_loss': '0.010028', 'main_loss': '0.010028', 'time_per_step': '2.63897'}
2026-03-06 09:25:11,269 - train_greyscale_FA_MoE.py - {'step': '45500', 'lr': '0.0002', 'total_loss': '0.0123575', 'main_loss': '0.0123575', 'time_per_step': '2.54413'}
2026-03-06 09:29:42,949 - train_greyscale_FA_MoE.py - {'step': '45600', 'lr': '0.0002', 'total_loss': '0.00839313', 'main_loss': '0.00839313', 'time_per_step': '2.54585'}
2026-03-06 09:34:16,307 - train_greyscale_FA_MoE.py - {'step': '45700', 'lr': '0.0002', 'total_loss': '0.0110384', 'main_loss': '0.0110384', 'time_per_step': '2.62383'}
2026-03-06 09:38:49,473 - train_greyscale_FA_MoE.py - {'step': '45800', 'lr': '0.0002', 'total_loss': '0.0122414', 'main_loss': '0.0122414', 'time_per_step': '2.62766'}
2026-03-06 09:43:21,624 - train_greyscale_FA_MoE.py - {'step': '45900', 'lr': '0.0002', 'total_loss': '0.00795336', 'main_loss': '0.00795336', 'time_per_step': '2.71116'}
2026-03-06 09:47:53,985 - train_greyscale_FA_MoE.py - {'step': '46000', 'lr': '0.0002', 'total_loss': '0.0142576', 'main_loss': '0.0142576', 'time_per_step': '2.62262'}
2026-03-06 09:52:25,412 - train_greyscale_FA_MoE.py - {'step': '46100', 'lr': '0.0002', 'total_loss': '0.0128492', 'main_loss': '0.0128492', 'time_per_step': '2.65579'}
2026-03-06 09:56:57,091 - train_greyscale_FA_MoE.py - {'step': '46200', 'lr': '0.0002', 'total_loss': '0.0103349', 'main_loss': '0.0103349', 'time_per_step': '2.6952'}
2026-03-06 10:01:29,118 - train_greyscale_FA_MoE.py - {'step': '46300', 'lr': '0.0002', 'total_loss': '0.0148976', 'main_loss': '0.0148976', 'time_per_step': '2.66315'}
2026-03-06 10:06:01,086 - train_greyscale_FA_MoE.py - {'step': '46400', 'lr': '0.0002', 'total_loss': '0.0120822', 'main_loss': '0.0120822', 'time_per_step': '2.62301'}
2026-03-06 10:10:33,035 - train_greyscale_FA_MoE.py - {'step': '46500', 'lr': '0.0002', 'total_loss': '0.0108031', 'main_loss': '0.0108031', 'time_per_step': '2.6737'}
2026-03-06 10:15:04,106 - train_greyscale_FA_MoE.py - {'step': '46600', 'lr': '0.0002', 'total_loss': '0.0133067', 'main_loss': '0.0133067', 'time_per_step': '2.62441'}
2026-03-06 10:19:36,415 - train_greyscale_FA_MoE.py - {'step': '46700', 'lr': '0.0002', 'total_loss': '0.00848232', 'main_loss': '0.00848232', 'time_per_step': '2.54032'}
2026-03-06 10:24:07,570 - train_greyscale_FA_MoE.py - {'step': '46800', 'lr': '0.0002', 'total_loss': '0.00907253', 'main_loss': '0.00907253', 'time_per_step': '2.53952'}
2026-03-06 10:28:40,723 - train_greyscale_FA_MoE.py - {'step': '46900', 'lr': '0.0002', 'total_loss': '0.0106251', 'main_loss': '0.0106251', 'time_per_step': '2.64256'}
2026-03-06 10:33:12,497 - train_greyscale_FA_MoE.py - {'step': '47000', 'lr': '0.0002', 'total_loss': '0.00774617', 'main_loss': '0.00774617', 'time_per_step': '2.67542'}
2026-03-06 10:37:45,027 - train_greyscale_FA_MoE.py - {'step': '47100', 'lr': '0.0002', 'total_loss': '0.0149797', 'main_loss': '0.0149797', 'time_per_step': '2.69237'}
2026-03-06 10:42:16,726 - train_greyscale_FA_MoE.py - {'step': '47200', 'lr': '0.0002', 'total_loss': '0.0121812', 'main_loss': '0.0121812', 'time_per_step': '2.6463'}
2026-03-06 10:46:49,298 - train_greyscale_FA_MoE.py - {'step': '47300', 'lr': '0.0002', 'total_loss': '0.0106894', 'main_loss': '0.0106894', 'time_per_step': '2.65708'}
2026-03-06 10:51:22,482 - train_greyscale_FA_MoE.py - {'step': '47400', 'lr': '0.0002', 'total_loss': '0.0176131', 'main_loss': '0.0176131', 'time_per_step': '2.66466'}
2026-03-06 10:55:54,919 - train_greyscale_FA_MoE.py - {'step': '47500', 'lr': '0.0002', 'total_loss': '0.0122594', 'main_loss': '0.0122594', 'time_per_step': '2.64707'}
2026-03-06 11:00:26,371 - train_greyscale_FA_MoE.py - {'step': '47600', 'lr': '0.0002', 'total_loss': '0.0142721', 'main_loss': '0.0142721', 'time_per_step': '2.72474'}
2026-03-06 11:04:58,656 - train_greyscale_FA_MoE.py - {'step': '47700', 'lr': '0.0002', 'total_loss': '0.0168361', 'main_loss': '0.0168361', 'time_per_step': '2.64071'}
2026-03-06 11:09:29,972 - train_greyscale_FA_MoE.py - {'step': '47800', 'lr': '0.0002', 'total_loss': '0.0133374', 'main_loss': '0.0133374', 'time_per_step': '2.66223'}
2026-03-06 11:14:01,325 - train_greyscale_FA_MoE.py - {'step': '47900', 'lr': '0.0002', 'total_loss': '0.0101537', 'main_loss': '0.0101537', 'time_per_step': '2.54891'}
2026-03-06 11:18:32,654 - train_greyscale_FA_MoE.py - {'step': '48000', 'lr': '0.0002', 'total_loss': '0.0120747', 'main_loss': '0.0120747', 'time_per_step': '2.54045'}
2026-03-06 11:23:05,472 - train_greyscale_FA_MoE.py - {'step': '48100', 'lr': '0.0002', 'total_loss': '0.0124013', 'main_loss': '0.0124013', 'time_per_step': '2.64447'}
2026-03-06 11:27:37,058 - train_greyscale_FA_MoE.py - {'step': '48200', 'lr': '0.0002', 'total_loss': '0.0128051', 'main_loss': '0.0128051', 'time_per_step': '2.65583'}
2026-03-06 11:32:08,342 - train_greyscale_FA_MoE.py - {'step': '48300', 'lr': '0.0002', 'total_loss': '0.0136916', 'main_loss': '0.0136916', 'time_per_step': '2.65455'}
2026-03-06 11:36:41,890 - train_greyscale_FA_MoE.py - {'step': '48400', 'lr': '0.0002', 'total_loss': '0.0124184', 'main_loss': '0.0124184', 'time_per_step': '2.61687'}
2026-03-06 11:41:12,789 - train_greyscale_FA_MoE.py - {'step': '48500', 'lr': '0.0002', 'total_loss': '0.00898575', 'main_loss': '0.00898575', 'time_per_step': '2.64173'}
2026-03-06 11:45:45,038 - train_greyscale_FA_MoE.py - {'step': '48600', 'lr': '0.0002', 'total_loss': '0.016665', 'main_loss': '0.016665', 'time_per_step': '2.64078'}
2026-03-06 11:50:16,050 - train_greyscale_FA_MoE.py - {'step': '48700', 'lr': '0.0002', 'total_loss': '0.00851279', 'main_loss': '0.00851279', 'time_per_step': '2.62665'}
2026-03-06 11:54:48,119 - train_greyscale_FA_MoE.py - {'step': '48800', 'lr': '0.0002', 'total_loss': '0.0126545', 'main_loss': '0.0126545', 'time_per_step': '2.66623'}
2026-03-06 11:59:19,979 - train_greyscale_FA_MoE.py - {'step': '48900', 'lr': '0.0002', 'total_loss': '0.0112039', 'main_loss': '0.0112039', 'time_per_step': '2.66454'}
2026-03-06 12:03:51,716 - train_greyscale_FA_MoE.py - {'step': '49000', 'lr': '0.0002', 'total_loss': '0.0151266', 'main_loss': '0.0151266', 'time_per_step': '2.66913'}
2026-03-06 12:08:23,471 - train_greyscale_FA_MoE.py - {'step': '49100', 'lr': '0.0002', 'total_loss': '0.0117862', 'main_loss': '0.0117862', 'time_per_step': '2.54446'}
2026-03-06 12:12:54,516 - train_greyscale_FA_MoE.py - {'step': '49200', 'lr': '0.0002', 'total_loss': '0.0151529', 'main_loss': '0.0151529', 'time_per_step': '2.54318'}
2026-03-06 12:17:26,880 - train_greyscale_FA_MoE.py - {'step': '49300', 'lr': '0.0002', 'total_loss': '0.00796399', 'main_loss': '0.00796399', 'time_per_step': '2.69536'}
2026-03-06 12:21:58,599 - train_greyscale_FA_MoE.py - {'step': '49400', 'lr': '0.0002', 'total_loss': '0.0134795', 'main_loss': '0.0134795', 'time_per_step': '2.65742'}
2026-03-06 12:26:28,982 - train_greyscale_FA_MoE.py - {'step': '49500', 'lr': '0.0002', 'total_loss': '0.0105827', 'main_loss': '0.0105827', 'time_per_step': '2.62747'}
2026-03-06 12:31:00,584 - train_greyscale_FA_MoE.py - {'step': '49600', 'lr': '0.0002', 'total_loss': '0.0132039', 'main_loss': '0.0132039', 'time_per_step': '2.63258'}
2026-03-06 12:35:32,150 - train_greyscale_FA_MoE.py - {'step': '49700', 'lr': '0.0002', 'total_loss': '0.0113643', 'main_loss': '0.0113643', 'time_per_step': '2.63756'}
2026-03-06 12:40:04,923 - train_greyscale_FA_MoE.py - {'step': '49800', 'lr': '0.0002', 'total_loss': '0.0107864', 'main_loss': '0.0107864', 'time_per_step': '2.65311'}
2026-03-06 12:44:37,109 - train_greyscale_FA_MoE.py - {'step': '49900', 'lr': '0.0002', 'total_loss': '0.0134184', 'main_loss': '0.0134184', 'time_per_step': '2.63801'}
2026-03-06 12:49:08,511 - train_greyscale_FA_MoE.py - {'step': '50000', 'lr': '0.0002', 'total_loss': '0.00879678', 'main_loss': '0.00879678', 'time_per_step': '2.6694'}
2026-03-06 12:49:08,535 - train_greyscale_FA_MoE.py - Saved expert distribution of layer in_block_0 to output_shift_fa/acdc_wholeheart_uncond_fa_ec_4moe8_greyscale_uvit_mid_4by4_l8r9_low16_Y_bound/samples/expert_distribution_in_block_0_step50000.npy
2026-03-06 12:49:10,859 - train_greyscale_FA_MoE.py - Saved expert distribution of layer out_block_7 to output_shift_fa/acdc_wholeheart_uncond_fa_ec_4moe8_greyscale_uvit_mid_4by4_l8r9_low16_Y_bound/samples/expert_distribution_out_block_7_step50000.npy
2026-03-06 12:49:13,337 - train_greyscale_FA_MoE.py - Save a grid of 16 samples into output_shift_fa/acdc_wholeheart_uncond_fa_ec_4moe8_greyscale_uvit_mid_4by4_l8r9_low16_Y_bound/samples/50000.png by DPM-Solver
2026-03-06 12:49:19,553 - train_greyscale_FA_MoE.py - Finished saving sample grid to output_shift_fa/acdc_wholeheart_uncond_fa_ec_4moe8_greyscale_uvit_mid_4by4_l8r9_low16_Y_bound/samples/50000.png by DPM-Solver.
2026-03-06 12:49:19,616 - train_greyscale_FA_MoE.py - Save and eval checkpoint 50000...
2026-03-06 12:49:22,387 - train_greyscale_FA_MoE.py - eval_step: n_samples=50000, sample_steps=50, algorithm=dpm_solver, mini_batch_size=500, samples save into output_shift_fa/acdc_wholeheart_uncond_fa_ec_4moe8_greyscale_uvit_mid_4by4_l8r9_low16_Y_bound/samples/acdc_wholeheart_uncond_uvit_FA_EC_4MoE8_greyscale_mid_4by4_low16_50000_dpm
2026-03-06 13:45:24,595 - train_greyscale_FA_MoE.py - step=50000 fid50000=22.088309904686696
2026-03-06 13:51:46,159 - is_lpips.py - LPIPS: 0.5194 ± 0.0497
2026-03-06 13:51:46,164 - train_greyscale_FA_MoE.py - step=50000 LPIPS50000=0.5193727694951452
2026-03-06 13:57:01,816 - train_greyscale_FA_MoE.py - {'step': '50100', 'lr': '0.0002', 'total_loss': '0.0131872', 'main_loss': '0.0131872', 'time_per_step': '2.60573'}
2026-03-06 14:01:32,569 - train_greyscale_FA_MoE.py - {'step': '50200', 'lr': '0.0002', 'total_loss': '0.0126121', 'main_loss': '0.0126121', 'time_per_step': '2.64941'}
2026-03-06 14:06:02,362 - train_greyscale_FA_MoE.py - {'step': '50300', 'lr': '0.0002', 'total_loss': '0.0114419', 'main_loss': '0.0114419', 'time_per_step': '2.5424'}
2026-03-06 14:10:32,880 - train_greyscale_FA_MoE.py - {'step': '50400', 'lr': '0.0002', 'total_loss': '0.0133971', 'main_loss': '0.0133971', 'time_per_step': '2.53301'}
2026-03-06 14:15:04,584 - train_greyscale_FA_MoE.py - {'step': '50500', 'lr': '0.0002', 'total_loss': '0.012613', 'main_loss': '0.012613', 'time_per_step': '2.60102'}
2026-03-06 14:19:34,844 - train_greyscale_FA_MoE.py - {'step': '50600', 'lr': '0.0002', 'total_loss': '0.0107205', 'main_loss': '0.0107205', 'time_per_step': '2.63324'}
2026-03-06 14:24:05,753 - train_greyscale_FA_MoE.py - {'step': '50700', 'lr': '0.0002', 'total_loss': '0.0120412', 'main_loss': '0.0120412', 'time_per_step': '2.64202'}
2026-03-06 14:28:36,430 - train_greyscale_FA_MoE.py - {'step': '50800', 'lr': '0.0002', 'total_loss': '0.0130361', 'main_loss': '0.0130361', 'time_per_step': '2.59802'}
2026-03-06 14:33:06,168 - train_greyscale_FA_MoE.py - {'step': '50900', 'lr': '0.0002', 'total_loss': '0.010666', 'main_loss': '0.010666', 'time_per_step': '2.60628'}
2026-03-06 14:37:37,684 - train_greyscale_FA_MoE.py - {'step': '51000', 'lr': '0.0002', 'total_loss': '0.0140432', 'main_loss': '0.0140432', 'time_per_step': '2.60768'}
2026-03-06 14:42:08,510 - train_greyscale_FA_MoE.py - {'step': '51100', 'lr': '0.0002', 'total_loss': '0.0113528', 'main_loss': '0.0113528', 'time_per_step': '2.62305'}
2026-03-06 14:46:39,337 - train_greyscale_FA_MoE.py - {'step': '51200', 'lr': '0.0002', 'total_loss': '0.0121178', 'main_loss': '0.0121178', 'time_per_step': '2.63681'}
2026-03-06 14:51:10,010 - train_greyscale_FA_MoE.py - {'step': '51300', 'lr': '0.0002', 'total_loss': '0.0108062', 'main_loss': '0.0108062', 'time_per_step': '2.62202'}
2026-03-06 14:55:40,569 - train_greyscale_FA_MoE.py - {'step': '51400', 'lr': '0.0002', 'total_loss': '0.0116005', 'main_loss': '0.0116005', 'time_per_step': '2.62503'}
2026-03-06 15:00:11,512 - train_greyscale_FA_MoE.py - {'step': '51500', 'lr': '0.0002', 'total_loss': '0.0116747', 'main_loss': '0.0116747', 'time_per_step': '2.54548'}
2026-03-06 15:04:41,840 - train_greyscale_FA_MoE.py - {'step': '51600', 'lr': '0.0002', 'total_loss': '0.0137561', 'main_loss': '0.0137561', 'time_per_step': '2.54165'}
2026-03-06 15:09:12,453 - train_greyscale_FA_MoE.py - {'step': '51700', 'lr': '0.0002', 'total_loss': '0.00773394', 'main_loss': '0.00773394', 'time_per_step': '2.61926'}
2026-03-06 15:13:42,110 - train_greyscale_FA_MoE.py - {'step': '51800', 'lr': '0.0002', 'total_loss': '0.0104715', 'main_loss': '0.0104715', 'time_per_step': '2.61726'}
2026-03-06 15:18:12,838 - train_greyscale_FA_MoE.py - {'step': '51900', 'lr': '0.0002', 'total_loss': '0.0147065', 'main_loss': '0.0147065', 'time_per_step': '2.60068'}
2026-03-06 15:22:42,914 - train_greyscale_FA_MoE.py - {'step': '52000', 'lr': '0.0002', 'total_loss': '0.00841922', 'main_loss': '0.00841922', 'time_per_step': '2.62513'}
2026-03-06 15:27:13,871 - train_greyscale_FA_MoE.py - {'step': '52100', 'lr': '0.0002', 'total_loss': '0.0105364', 'main_loss': '0.0105364', 'time_per_step': '2.60576'}
2026-03-06 15:31:45,096 - train_greyscale_FA_MoE.py - {'step': '52200', 'lr': '0.0002', 'total_loss': '0.0145939', 'main_loss': '0.0145939', 'time_per_step': '2.6209'}
2026-03-06 15:36:16,283 - train_greyscale_FA_MoE.py - {'step': '52300', 'lr': '0.0002', 'total_loss': '0.0149335', 'main_loss': '0.0149335', 'time_per_step': '2.61455'}
2026-03-06 15:40:46,448 - train_greyscale_FA_MoE.py - {'step': '52400', 'lr': '0.0002', 'total_loss': '0.00802452', 'main_loss': '0.00802452', 'time_per_step': '2.61728'}
2026-03-06 15:45:17,410 - train_greyscale_FA_MoE.py - {'step': '52500', 'lr': '0.0002', 'total_loss': '0.0158166', 'main_loss': '0.0158166', 'time_per_step': '2.61532'}
2026-03-06 15:49:48,741 - train_greyscale_FA_MoE.py - {'step': '52600', 'lr': '0.0002', 'total_loss': '0.0175457', 'main_loss': '0.0175457', 'time_per_step': '2.63119'}
2026-03-06 15:54:18,515 - train_greyscale_FA_MoE.py - {'step': '52700', 'lr': '0.0002', 'total_loss': '0.0106674', 'main_loss': '0.0106674', 'time_per_step': '2.54848'}
2026-03-06 15:58:48,170 - train_greyscale_FA_MoE.py - {'step': '52800', 'lr': '0.0002', 'total_loss': '0.0131142', 'main_loss': '0.0131142', 'time_per_step': '2.5543'}
2026-03-06 16:03:19,678 - train_greyscale_FA_MoE.py - {'step': '52900', 'lr': '0.0002', 'total_loss': '0.0155637', 'main_loss': '0.0155637', 'time_per_step': '2.61446'}
2026-03-06 16:07:50,319 - train_greyscale_FA_MoE.py - {'step': '53000', 'lr': '0.0002', 'total_loss': '0.00860993', 'main_loss': '0.00860993', 'time_per_step': '2.5957'}
2026-03-06 16:12:21,779 - train_greyscale_FA_MoE.py - {'step': '53100', 'lr': '0.0002', 'total_loss': '0.00892502', 'main_loss': '0.00892502', 'time_per_step': '2.62121'}
2026-03-06 16:16:52,662 - train_greyscale_FA_MoE.py - {'step': '53200', 'lr': '0.0002', 'total_loss': '0.0116008', 'main_loss': '0.0116008', 'time_per_step': '2.61128'}
2026-03-06 16:21:23,996 - train_greyscale_FA_MoE.py - {'step': '53300', 'lr': '0.0002', 'total_loss': '0.0102795', 'main_loss': '0.0102795', 'time_per_step': '2.58461'}
2026-03-06 16:25:57,132 - train_greyscale_FA_MoE.py - {'step': '53400', 'lr': '0.0002', 'total_loss': '0.0101195', 'main_loss': '0.0101195', 'time_per_step': '2.68083'}
2026-03-06 16:30:27,473 - train_greyscale_FA_MoE.py - {'step': '53500', 'lr': '0.0002', 'total_loss': '0.0100108', 'main_loss': '0.0100108', 'time_per_step': '2.65538'}
2026-03-06 16:34:59,499 - train_greyscale_FA_MoE.py - {'step': '53600', 'lr': '0.0002', 'total_loss': '0.0132177', 'main_loss': '0.0132177', 'time_per_step': '2.61204'}
2026-03-06 16:39:31,789 - train_greyscale_FA_MoE.py - {'step': '53700', 'lr': '0.0002', 'total_loss': '0.00941724', 'main_loss': '0.00941724', 'time_per_step': '2.62161'}
2026-03-06 16:44:04,308 - train_greyscale_FA_MoE.py - {'step': '53800', 'lr': '0.0002', 'total_loss': '0.0158542', 'main_loss': '0.0158542', 'time_per_step': '2.63722'}
2026-03-06 16:48:34,804 - train_greyscale_FA_MoE.py - {'step': '53900', 'lr': '0.0002', 'total_loss': '0.00802005', 'main_loss': '0.00802005', 'time_per_step': '2.54956'}
2026-03-06 16:53:05,455 - train_greyscale_FA_MoE.py - {'step': '54000', 'lr': '0.0002', 'total_loss': '0.0120131', 'main_loss': '0.0120131', 'time_per_step': '2.54454'}
2026-03-06 16:57:37,446 - train_greyscale_FA_MoE.py - {'step': '54100', 'lr': '0.0002', 'total_loss': '0.00991843', 'main_loss': '0.00991843', 'time_per_step': '2.5995'}
2026-03-06 17:02:10,466 - train_greyscale_FA_MoE.py - {'step': '54200', 'lr': '0.0002', 'total_loss': '0.0100968', 'main_loss': '0.0100968', 'time_per_step': '2.63956'}
2026-03-06 17:06:41,286 - train_greyscale_FA_MoE.py - {'step': '54300', 'lr': '0.0002', 'total_loss': '0.0100156', 'main_loss': '0.0100156', 'time_per_step': '2.62628'}
2026-03-06 17:11:12,315 - train_greyscale_FA_MoE.py - {'step': '54400', 'lr': '0.0002', 'total_loss': '0.0162476', 'main_loss': '0.0162476', 'time_per_step': '2.63295'}
2026-03-06 17:15:42,707 - train_greyscale_FA_MoE.py - {'step': '54500', 'lr': '0.0002', 'total_loss': '0.0129329', 'main_loss': '0.0129329', 'time_per_step': '2.62454'}
2026-03-06 17:20:14,590 - train_greyscale_FA_MoE.py - {'step': '54600', 'lr': '0.0002', 'total_loss': '0.0142713', 'main_loss': '0.0142713', 'time_per_step': '2.61772'}
2026-03-06 17:24:45,893 - train_greyscale_FA_MoE.py - {'step': '54700', 'lr': '0.0002', 'total_loss': '0.0102576', 'main_loss': '0.0102576', 'time_per_step': '2.61883'}
2026-03-06 17:29:16,872 - train_greyscale_FA_MoE.py - {'step': '54800', 'lr': '0.0002', 'total_loss': '0.0110067', 'main_loss': '0.0110067', 'time_per_step': '2.6047'}
2026-03-06 17:33:48,034 - train_greyscale_FA_MoE.py - {'step': '54900', 'lr': '0.0002', 'total_loss': '0.0115113', 'main_loss': '0.0115113', 'time_per_step': '2.59796'}
2026-03-06 17:38:21,383 - train_greyscale_FA_MoE.py - {'step': '55000', 'lr': '0.0002', 'total_loss': '0.0151136', 'main_loss': '0.0151136', 'time_per_step': '2.73615'}
2026-03-06 17:42:52,191 - train_greyscale_FA_MoE.py - {'step': '55100', 'lr': '0.0002', 'total_loss': '0.0132961', 'main_loss': '0.0132961', 'time_per_step': '2.5342'}
2026-03-06 17:47:21,855 - train_greyscale_FA_MoE.py - {'step': '55200', 'lr': '0.0002', 'total_loss': '0.00949241', 'main_loss': '0.00949241', 'time_per_step': '2.52467'}
2026-03-06 17:51:53,801 - train_greyscale_FA_MoE.py - {'step': '55300', 'lr': '0.0002', 'total_loss': '0.0100142', 'main_loss': '0.0100142', 'time_per_step': '2.62265'}
2026-03-06 17:56:25,565 - train_greyscale_FA_MoE.py - {'step': '55400', 'lr': '0.0002', 'total_loss': '0.0125132', 'main_loss': '0.0125132', 'time_per_step': '2.62108'}
2026-03-06 18:00:57,232 - train_greyscale_FA_MoE.py - {'step': '55500', 'lr': '0.0002', 'total_loss': '0.0119874', 'main_loss': '0.0119874', 'time_per_step': '2.74119'}
2026-03-06 18:05:29,551 - train_greyscale_FA_MoE.py - {'step': '55600', 'lr': '0.0002', 'total_loss': '0.0105455', 'main_loss': '0.0105455', 'time_per_step': '2.62928'}
2026-03-06 18:10:01,388 - train_greyscale_FA_MoE.py - {'step': '55700', 'lr': '0.0002', 'total_loss': '0.0127355', 'main_loss': '0.0127355', 'time_per_step': '2.6464'}
2026-03-06 18:14:36,184 - train_greyscale_FA_MoE.py - {'step': '55800', 'lr': '0.0002', 'total_loss': '0.0100677', 'main_loss': '0.0100677', 'time_per_step': '2.64752'}
2026-03-06 18:19:07,798 - train_greyscale_FA_MoE.py - {'step': '55900', 'lr': '0.0002', 'total_loss': '0.0138959', 'main_loss': '0.0138959', 'time_per_step': '2.63944'}
2026-03-06 18:23:39,204 - train_greyscale_FA_MoE.py - {'step': '56000', 'lr': '0.0002', 'total_loss': '0.0138804', 'main_loss': '0.0138804', 'time_per_step': '2.60589'}
2026-03-06 18:28:10,662 - train_greyscale_FA_MoE.py - {'step': '56100', 'lr': '0.0002', 'total_loss': '0.00916993', 'main_loss': '0.00916993', 'time_per_step': '2.63523'}
2026-03-06 18:32:44,552 - train_greyscale_FA_MoE.py - {'step': '56200', 'lr': '0.0002', 'total_loss': '0.0131611', 'main_loss': '0.0131611', 'time_per_step': '2.61393'}
2026-03-06 18:37:17,840 - train_greyscale_FA_MoE.py - {'step': '56300', 'lr': '0.0002', 'total_loss': '0.00953555', 'main_loss': '0.00953555', 'time_per_step': '2.54199'}
2026-03-06 18:41:48,281 - train_greyscale_FA_MoE.py - {'step': '56400', 'lr': '0.0002', 'total_loss': '0.00765857', 'main_loss': '0.00765857', 'time_per_step': '2.53996'}
2026-03-06 18:46:20,947 - train_greyscale_FA_MoE.py - {'step': '56500', 'lr': '0.0002', 'total_loss': '0.0148501', 'main_loss': '0.0148501', 'time_per_step': '2.73497'}
2026-03-06 18:50:52,744 - train_greyscale_FA_MoE.py - {'step': '56600', 'lr': '0.0002', 'total_loss': '0.00899134', 'main_loss': '0.00899134', 'time_per_step': '2.65305'}
2026-03-06 18:55:24,143 - train_greyscale_FA_MoE.py - {'step': '56700', 'lr': '0.0002', 'total_loss': '0.0138235', 'main_loss': '0.0138235', 'time_per_step': '2.62041'}
2026-03-06 18:59:57,492 - train_greyscale_FA_MoE.py - {'step': '56800', 'lr': '0.0002', 'total_loss': '0.0129295', 'main_loss': '0.0129295', 'time_per_step': '2.71967'}
2026-03-06 19:04:29,895 - train_greyscale_FA_MoE.py - {'step': '56900', 'lr': '0.0002', 'total_loss': '0.00798712', 'main_loss': '0.00798712', 'time_per_step': '2.61876'}
2026-03-06 19:09:01,820 - train_greyscale_FA_MoE.py - {'step': '57000', 'lr': '0.0002', 'total_loss': '0.0123568', 'main_loss': '0.0123568', 'time_per_step': '2.64311'}
2026-03-06 19:13:33,659 - train_greyscale_FA_MoE.py - {'step': '57100', 'lr': '0.0002', 'total_loss': '0.0103757', 'main_loss': '0.0103757', 'time_per_step': '2.62369'}
2026-03-06 19:18:05,660 - train_greyscale_FA_MoE.py - {'step': '57200', 'lr': '0.0002', 'total_loss': '0.0133324', 'main_loss': '0.0133324', 'time_per_step': '2.60541'}
2026-03-06 19:22:37,922 - train_greyscale_FA_MoE.py - {'step': '57300', 'lr': '0.0002', 'total_loss': '0.00956596', 'main_loss': '0.00956596', 'time_per_step': '2.61916'}
2026-03-06 19:27:10,717 - train_greyscale_FA_MoE.py - {'step': '57400', 'lr': '0.0002', 'total_loss': '0.0103986', 'main_loss': '0.0103986', 'time_per_step': '2.62633'}
2026-03-06 19:31:41,982 - train_greyscale_FA_MoE.py - {'step': '57500', 'lr': '0.0002', 'total_loss': '0.0131977', 'main_loss': '0.0131977', 'time_per_step': '2.54194'}
2026-03-06 19:36:13,344 - train_greyscale_FA_MoE.py - {'step': '57600', 'lr': '0.0002', 'total_loss': '0.0101982', 'main_loss': '0.0101982', 'time_per_step': '2.5381'}
2026-03-06 19:40:45,572 - train_greyscale_FA_MoE.py - {'step': '57700', 'lr': '0.0002', 'total_loss': '0.0126896', 'main_loss': '0.0126896', 'time_per_step': '2.65636'}
2026-03-06 19:45:16,324 - train_greyscale_FA_MoE.py - {'step': '57800', 'lr': '0.0002', 'total_loss': '0.00836059', 'main_loss': '0.00836059', 'time_per_step': '2.65653'}
2026-03-06 19:49:48,728 - train_greyscale_FA_MoE.py - {'step': '57900', 'lr': '0.0002', 'total_loss': '0.012818', 'main_loss': '0.012818', 'time_per_step': '2.6523'}
2026-03-06 19:54:22,076 - train_greyscale_FA_MoE.py - {'step': '58000', 'lr': '0.0002', 'total_loss': '0.00821072', 'main_loss': '0.00821072', 'time_per_step': '2.64366'}
2026-03-06 19:58:53,239 - train_greyscale_FA_MoE.py - {'step': '58100', 'lr': '0.0002', 'total_loss': '0.0129806', 'main_loss': '0.0129806', 'time_per_step': '2.64979'}
2026-03-06 20:03:24,298 - train_greyscale_FA_MoE.py - {'step': '58200', 'lr': '0.0002', 'total_loss': '0.0112928', 'main_loss': '0.0112928', 'time_per_step': '2.60762'}
2026-03-06 20:07:54,681 - train_greyscale_FA_MoE.py - {'step': '58300', 'lr': '0.0002', 'total_loss': '0.0104302', 'main_loss': '0.0104302', 'time_per_step': '2.61989'}
2026-03-06 20:12:26,344 - train_greyscale_FA_MoE.py - {'step': '58400', 'lr': '0.0002', 'total_loss': '0.0117235', 'main_loss': '0.0117235', 'time_per_step': '2.69542'}
2026-03-06 20:16:57,326 - train_greyscale_FA_MoE.py - {'step': '58500', 'lr': '0.0002', 'total_loss': '0.0125648', 'main_loss': '0.0125648', 'time_per_step': '2.73616'}
2026-03-06 20:21:31,108 - train_greyscale_FA_MoE.py - {'step': '58600', 'lr': '0.0002', 'total_loss': '0.0112992', 'main_loss': '0.0112992', 'time_per_step': '2.64022'}
2026-03-06 20:26:02,536 - train_greyscale_FA_MoE.py - {'step': '58700', 'lr': '0.0002', 'total_loss': '0.0138477', 'main_loss': '0.0138477', 'time_per_step': '2.54083'}
2026-03-06 20:30:34,027 - train_greyscale_FA_MoE.py - {'step': '58800', 'lr': '0.0002', 'total_loss': '0.0108164', 'main_loss': '0.0108164', 'time_per_step': '2.5394'}
2026-03-06 20:35:06,599 - train_greyscale_FA_MoE.py - {'step': '58900', 'lr': '0.0002', 'total_loss': '0.0106071', 'main_loss': '0.0106071', 'time_per_step': '2.63681'}
2026-03-06 20:39:39,359 - train_greyscale_FA_MoE.py - {'step': '59000', 'lr': '0.0002', 'total_loss': '0.0103576', 'main_loss': '0.0103576', 'time_per_step': '2.62312'}
2026-03-06 20:44:10,383 - train_greyscale_FA_MoE.py - {'step': '59100', 'lr': '0.0002', 'total_loss': '0.0129616', 'main_loss': '0.0129616', 'time_per_step': '2.63976'}
2026-03-06 20:48:44,026 - train_greyscale_FA_MoE.py - {'step': '59200', 'lr': '0.0002', 'total_loss': '0.00962065', 'main_loss': '0.00962065', 'time_per_step': '2.60144'}
2026-03-06 20:53:14,640 - train_greyscale_FA_MoE.py - {'step': '59300', 'lr': '0.0002', 'total_loss': '0.0121968', 'main_loss': '0.0121968', 'time_per_step': '2.65431'}
2026-03-06 20:57:46,156 - train_greyscale_FA_MoE.py - {'step': '59400', 'lr': '0.0002', 'total_loss': '0.0128482', 'main_loss': '0.0128482', 'time_per_step': '2.62574'}
2026-03-06 21:02:17,957 - train_greyscale_FA_MoE.py - {'step': '59500', 'lr': '0.0002', 'total_loss': '0.0106953', 'main_loss': '0.0106953', 'time_per_step': '2.66235'}
2026-03-06 21:06:49,102 - train_greyscale_FA_MoE.py - {'step': '59600', 'lr': '0.0002', 'total_loss': '0.0115801', 'main_loss': '0.0115801', 'time_per_step': '2.64147'}
2026-03-06 21:11:20,797 - train_greyscale_FA_MoE.py - {'step': '59700', 'lr': '0.0002', 'total_loss': '0.00710496', 'main_loss': '0.00710496', 'time_per_step': '2.76838'}
2026-03-06 21:15:52,567 - train_greyscale_FA_MoE.py - {'step': '59800', 'lr': '0.0002', 'total_loss': '0.0149554', 'main_loss': '0.0149554', 'time_per_step': '2.67167'}
2026-03-06 21:20:23,657 - train_greyscale_FA_MoE.py - {'step': '59900', 'lr': '0.0002', 'total_loss': '0.0114216', 'main_loss': '0.0114216', 'time_per_step': '2.52459'}
2026-03-06 21:24:54,521 - train_greyscale_FA_MoE.py - {'step': '60000', 'lr': '0.0002', 'total_loss': '0.0110784', 'main_loss': '0.0110784', 'time_per_step': '2.54105'}
2026-03-06 21:29:27,022 - train_greyscale_FA_MoE.py - {'step': '60100', 'lr': '0.0002', 'total_loss': '0.0139794', 'main_loss': '0.0139794', 'time_per_step': '2.68919'}
2026-03-06 21:33:57,087 - train_greyscale_FA_MoE.py - {'step': '60200', 'lr': '0.0002', 'total_loss': '0.0102558', 'main_loss': '0.0102558', 'time_per_step': '2.71302'}
2026-03-06 21:38:30,576 - train_greyscale_FA_MoE.py - {'step': '60300', 'lr': '0.0002', 'total_loss': '0.0104053', 'main_loss': '0.0104053', 'time_per_step': '2.66994'}
2026-03-06 21:43:02,237 - train_greyscale_FA_MoE.py - {'step': '60400', 'lr': '0.0002', 'total_loss': '0.0117579', 'main_loss': '0.0117579', 'time_per_step': '2.64005'}
2026-03-06 21:47:34,078 - train_greyscale_FA_MoE.py - {'step': '60500', 'lr': '0.0002', 'total_loss': '0.0137345', 'main_loss': '0.0137345', 'time_per_step': '2.60942'}
2026-03-06 21:52:05,196 - train_greyscale_FA_MoE.py - {'step': '60600', 'lr': '0.0002', 'total_loss': '0.0118144', 'main_loss': '0.0118144', 'time_per_step': '2.62783'}
2026-03-06 21:56:36,564 - train_greyscale_FA_MoE.py - {'step': '60700', 'lr': '0.0002', 'total_loss': '0.0130157', 'main_loss': '0.0130157', 'time_per_step': '2.62444'}
2026-03-06 22:01:08,219 - train_greyscale_FA_MoE.py - {'step': '60800', 'lr': '0.0002', 'total_loss': '0.0104799', 'main_loss': '0.0104799', 'time_per_step': '2.67143'}
2026-03-06 22:05:39,667 - train_greyscale_FA_MoE.py - {'step': '60900', 'lr': '0.0002', 'total_loss': '0.00713735', 'main_loss': '0.00713735', 'time_per_step': '2.64068'}
2026-03-06 22:10:11,687 - train_greyscale_FA_MoE.py - {'step': '61000', 'lr': '0.0002', 'total_loss': '0.0104624', 'main_loss': '0.0104624', 'time_per_step': '2.63833'}
2026-03-06 22:14:41,830 - train_greyscale_FA_MoE.py - {'step': '61100', 'lr': '0.0002', 'total_loss': '0.0142648', 'main_loss': '0.0142648', 'time_per_step': '2.55292'}
2026-03-06 22:19:12,668 - train_greyscale_FA_MoE.py - {'step': '61200', 'lr': '0.0002', 'total_loss': '0.0122658', 'main_loss': '0.0122658', 'time_per_step': '2.53818'}
2026-03-06 22:23:45,120 - train_greyscale_FA_MoE.py - {'step': '61300', 'lr': '0.0002', 'total_loss': '0.0114346', 'main_loss': '0.0114346', 'time_per_step': '2.64084'}
2026-03-06 22:28:16,482 - train_greyscale_FA_MoE.py - {'step': '61400', 'lr': '0.0002', 'total_loss': '0.00986467', 'main_loss': '0.00986467', 'time_per_step': '2.59898'}
2026-03-06 22:32:49,122 - train_greyscale_FA_MoE.py - {'step': '61500', 'lr': '0.0002', 'total_loss': '0.00927323', 'main_loss': '0.00927323', 'time_per_step': '2.64522'}
2026-03-06 22:37:22,988 - train_greyscale_FA_MoE.py - {'step': '61600', 'lr': '0.0002', 'total_loss': '0.00877963', 'main_loss': '0.00877963', 'time_per_step': '2.63029'}
2026-03-06 22:41:56,079 - train_greyscale_FA_MoE.py - {'step': '61700', 'lr': '0.0002', 'total_loss': '0.00711757', 'main_loss': '0.00711757', 'time_per_step': '2.6723'}
2026-03-06 22:46:26,612 - train_greyscale_FA_MoE.py - {'step': '61800', 'lr': '0.0002', 'total_loss': '0.0147375', 'main_loss': '0.0147375', 'time_per_step': '2.7764'}
2026-03-06 22:50:57,563 - train_greyscale_FA_MoE.py - {'step': '61900', 'lr': '0.0002', 'total_loss': '0.00874624', 'main_loss': '0.00874624', 'time_per_step': '2.69271'}
2026-03-06 22:55:29,365 - train_greyscale_FA_MoE.py - {'step': '62000', 'lr': '0.0002', 'total_loss': '0.0128727', 'main_loss': '0.0128727', 'time_per_step': '2.63801'}
2026-03-06 22:59:59,804 - train_greyscale_FA_MoE.py - {'step': '62100', 'lr': '0.0002', 'total_loss': '0.0112791', 'main_loss': '0.0112791', 'time_per_step': '2.62721'}
2026-03-06 23:04:31,258 - train_greyscale_FA_MoE.py - {'step': '62200', 'lr': '0.0002', 'total_loss': '0.0113555', 'main_loss': '0.0113555', 'time_per_step': '2.65933'}
2026-03-06 23:09:02,375 - train_greyscale_FA_MoE.py - {'step': '62300', 'lr': '0.0002', 'total_loss': '0.0079151', 'main_loss': '0.0079151', 'time_per_step': '2.54363'}
2026-03-06 23:13:33,874 - train_greyscale_FA_MoE.py - {'step': '62400', 'lr': '0.0002', 'total_loss': '0.0141686', 'main_loss': '0.0141686', 'time_per_step': '2.54024'}
2026-03-06 23:18:05,601 - train_greyscale_FA_MoE.py - {'step': '62500', 'lr': '0.0002', 'total_loss': '0.012116', 'main_loss': '0.012116', 'time_per_step': '2.61743'}
2026-03-06 23:22:37,102 - train_greyscale_FA_MoE.py - {'step': '62600', 'lr': '0.0002', 'total_loss': '0.00716377', 'main_loss': '0.00716377', 'time_per_step': '2.62784'}
2026-03-06 23:27:08,567 - train_greyscale_FA_MoE.py - {'step': '62700', 'lr': '0.0002', 'total_loss': '0.0107853', 'main_loss': '0.0107853', 'time_per_step': '2.62891'}
2026-03-06 23:31:40,582 - train_greyscale_FA_MoE.py - {'step': '62800', 'lr': '0.0002', 'total_loss': '0.0109585', 'main_loss': '0.0109585', 'time_per_step': '2.64177'}
2026-03-06 23:36:12,645 - train_greyscale_FA_MoE.py - {'step': '62900', 'lr': '0.0002', 'total_loss': '0.0102278', 'main_loss': '0.0102278', 'time_per_step': '2.63912'}
2026-03-06 23:40:43,308 - train_greyscale_FA_MoE.py - {'step': '63000', 'lr': '0.0002', 'total_loss': '0.010006', 'main_loss': '0.010006', 'time_per_step': '2.62499'}
2026-03-06 23:45:14,416 - train_greyscale_FA_MoE.py - {'step': '63100', 'lr': '0.0002', 'total_loss': '0.011751', 'main_loss': '0.011751', 'time_per_step': '2.62936'}
2026-03-06 23:49:45,656 - train_greyscale_FA_MoE.py - {'step': '63200', 'lr': '0.0002', 'total_loss': '0.0115467', 'main_loss': '0.0115467', 'time_per_step': '2.62585'}
2026-03-06 23:54:17,067 - train_greyscale_FA_MoE.py - {'step': '63300', 'lr': '0.0002', 'total_loss': '0.0149696', 'main_loss': '0.0149696', 'time_per_step': '2.63029'}
2026-03-06 23:58:48,532 - train_greyscale_FA_MoE.py - {'step': '63400', 'lr': '0.0002', 'total_loss': '0.00828905', 'main_loss': '0.00828905', 'time_per_step': '2.64213'}
2026-03-07 00:03:20,010 - train_greyscale_FA_MoE.py - {'step': '63500', 'lr': '0.0002', 'total_loss': '0.00840465', 'main_loss': '0.00840465', 'time_per_step': '2.54587'}
2026-03-07 00:07:50,740 - train_greyscale_FA_MoE.py - {'step': '63600', 'lr': '0.0002', 'total_loss': '0.0144569', 'main_loss': '0.0144569', 'time_per_step': '2.55086'}
2026-03-07 00:12:23,171 - train_greyscale_FA_MoE.py - {'step': '63700', 'lr': '0.0002', 'total_loss': '0.0133205', 'main_loss': '0.0133205', 'time_per_step': '2.61335'}
2026-03-07 00:16:54,841 - train_greyscale_FA_MoE.py - {'step': '63800', 'lr': '0.0002', 'total_loss': '0.0157777', 'main_loss': '0.0157777', 'time_per_step': '2.63398'}
2026-03-07 00:21:25,221 - train_greyscale_FA_MoE.py - {'step': '63900', 'lr': '0.0002', 'total_loss': '0.011692', 'main_loss': '0.011692', 'time_per_step': '2.6147'}
2026-03-07 00:25:56,744 - train_greyscale_FA_MoE.py - {'step': '64000', 'lr': '0.0002', 'total_loss': '0.0110666', 'main_loss': '0.0110666', 'time_per_step': '2.67834'}
2026-03-07 00:30:27,872 - train_greyscale_FA_MoE.py - {'step': '64100', 'lr': '0.0002', 'total_loss': '0.009054', 'main_loss': '0.009054', 'time_per_step': '2.69603'}
2026-03-07 00:34:59,390 - train_greyscale_FA_MoE.py - {'step': '64200', 'lr': '0.0002', 'total_loss': '0.0110526', 'main_loss': '0.0110526', 'time_per_step': '2.67954'}
2026-03-07 00:39:31,677 - train_greyscale_FA_MoE.py - {'step': '64300', 'lr': '0.0002', 'total_loss': '0.0113003', 'main_loss': '0.0113003', 'time_per_step': '2.62059'}
2026-03-07 00:44:03,340 - train_greyscale_FA_MoE.py - {'step': '64400', 'lr': '0.0002', 'total_loss': '0.0126972', 'main_loss': '0.0126972', 'time_per_step': '2.64007'}
2026-03-07 00:48:35,004 - train_greyscale_FA_MoE.py - {'step': '64500', 'lr': '0.0002', 'total_loss': '0.0104594', 'main_loss': '0.0104594', 'time_per_step': '2.61258'}
2026-03-07 00:53:06,352 - train_greyscale_FA_MoE.py - {'step': '64600', 'lr': '0.0002', 'total_loss': '0.0104028', 'main_loss': '0.0104028', 'time_per_step': '2.60978'}
2026-03-07 00:57:37,670 - train_greyscale_FA_MoE.py - {'step': '64700', 'lr': '0.0002', 'total_loss': '0.0125774', 'main_loss': '0.0125774', 'time_per_step': '2.54427'}
2026-03-07 01:02:08,550 - train_greyscale_FA_MoE.py - {'step': '64800', 'lr': '0.0002', 'total_loss': '0.00972505', 'main_loss': '0.00972505', 'time_per_step': '2.53957'}
2026-03-07 01:06:39,514 - train_greyscale_FA_MoE.py - {'step': '64900', 'lr': '0.0002', 'total_loss': '0.0130605', 'main_loss': '0.0130605', 'time_per_step': '2.61853'}
2026-03-07 01:11:11,054 - train_greyscale_FA_MoE.py - {'step': '65000', 'lr': '0.0002', 'total_loss': '0.0136328', 'main_loss': '0.0136328', 'time_per_step': '2.65888'}
2026-03-07 01:15:42,610 - train_greyscale_FA_MoE.py - {'step': '65100', 'lr': '0.0002', 'total_loss': '0.0114367', 'main_loss': '0.0114367', 'time_per_step': '2.63588'}
2026-03-07 01:20:13,618 - train_greyscale_FA_MoE.py - {'step': '65200', 'lr': '0.0002', 'total_loss': '0.0140441', 'main_loss': '0.0140441', 'time_per_step': '2.6332'}
2026-03-07 01:24:45,454 - train_greyscale_FA_MoE.py - {'step': '65300', 'lr': '0.0002', 'total_loss': '0.0115711', 'main_loss': '0.0115711', 'time_per_step': '2.63807'}
2026-03-07 01:29:16,056 - train_greyscale_FA_MoE.py - {'step': '65400', 'lr': '0.0002', 'total_loss': '0.00901167', 'main_loss': '0.00901167', 'time_per_step': '2.63135'}
2026-03-07 01:33:47,484 - train_greyscale_FA_MoE.py - {'step': '65500', 'lr': '0.0002', 'total_loss': '0.0111232', 'main_loss': '0.0111232', 'time_per_step': '2.60742'}
2026-03-07 01:38:19,773 - train_greyscale_FA_MoE.py - {'step': '65600', 'lr': '0.0002', 'total_loss': '0.00929663', 'main_loss': '0.00929663', 'time_per_step': '2.62608'}
2026-03-07 01:42:50,356 - train_greyscale_FA_MoE.py - {'step': '65700', 'lr': '0.0002', 'total_loss': '0.00962405', 'main_loss': '0.00962405', 'time_per_step': '2.62403'}
2026-03-07 01:47:20,759 - train_greyscale_FA_MoE.py - {'step': '65800', 'lr': '0.0002', 'total_loss': '0.0127845', 'main_loss': '0.0127845', 'time_per_step': '2.73349'}
2026-03-07 01:51:52,244 - train_greyscale_FA_MoE.py - {'step': '65900', 'lr': '0.0002', 'total_loss': '0.0115454', 'main_loss': '0.0115454', 'time_per_step': '2.54239'}
2026-03-07 01:56:22,929 - train_greyscale_FA_MoE.py - {'step': '66000', 'lr': '0.0002', 'total_loss': '0.0102758', 'main_loss': '0.0102758', 'time_per_step': '2.54097'}
2026-03-07 02:00:55,054 - train_greyscale_FA_MoE.py - {'step': '66100', 'lr': '0.0002', 'total_loss': '0.007912', 'main_loss': '0.007912', 'time_per_step': '2.63429'}
2026-03-07 02:05:26,655 - train_greyscale_FA_MoE.py - {'step': '66200', 'lr': '0.0002', 'total_loss': '0.00838338', 'main_loss': '0.00838338', 'time_per_step': '2.68603'}
2026-03-07 02:09:58,189 - train_greyscale_FA_MoE.py - {'step': '66300', 'lr': '0.0002', 'total_loss': '0.0134948', 'main_loss': '0.0134948', 'time_per_step': '2.69946'}
2026-03-07 02:14:29,543 - train_greyscale_FA_MoE.py - {'step': '66400', 'lr': '0.0002', 'total_loss': '0.0102626', 'main_loss': '0.0102626', 'time_per_step': '2.65045'}
2026-03-07 02:19:01,164 - train_greyscale_FA_MoE.py - {'step': '66500', 'lr': '0.0002', 'total_loss': '0.0099699', 'main_loss': '0.0099699', 'time_per_step': '2.62487'}
2026-03-07 02:23:32,618 - train_greyscale_FA_MoE.py - {'step': '66600', 'lr': '0.0002', 'total_loss': '0.00878901', 'main_loss': '0.00878901', 'time_per_step': '2.63633'}
2026-03-07 02:28:02,983 - train_greyscale_FA_MoE.py - {'step': '66700', 'lr': '0.0002', 'total_loss': '0.0136116', 'main_loss': '0.0136116', 'time_per_step': '2.63239'}
2026-03-07 02:32:34,447 - train_greyscale_FA_MoE.py - {'step': '66800', 'lr': '0.0002', 'total_loss': '0.0105075', 'main_loss': '0.0105075', 'time_per_step': '2.64062'}
2026-03-07 02:37:07,022 - train_greyscale_FA_MoE.py - {'step': '66900', 'lr': '0.0002', 'total_loss': '0.00896114', 'main_loss': '0.00896114', 'time_per_step': '2.64983'}
2026-03-07 02:41:38,378 - train_greyscale_FA_MoE.py - {'step': '67000', 'lr': '0.0002', 'total_loss': '0.011209', 'main_loss': '0.011209', 'time_per_step': '2.67934'}
2026-03-07 02:46:09,629 - train_greyscale_FA_MoE.py - {'step': '67100', 'lr': '0.0002', 'total_loss': '0.012313', 'main_loss': '0.012313', 'time_per_step': '2.5392'}
2026-03-07 02:50:39,313 - train_greyscale_FA_MoE.py - {'step': '67200', 'lr': '0.0002', 'total_loss': '0.00898014', 'main_loss': '0.00898014', 'time_per_step': '2.53959'}
2026-03-07 02:55:10,908 - train_greyscale_FA_MoE.py - {'step': '67300', 'lr': '0.0002', 'total_loss': '0.0105934', 'main_loss': '0.0105934', 'time_per_step': '2.63213'}
2026-03-07 02:59:42,252 - train_greyscale_FA_MoE.py - {'step': '67400', 'lr': '0.0002', 'total_loss': '0.0130502', 'main_loss': '0.0130502', 'time_per_step': '2.64924'}
2026-03-07 03:04:14,223 - train_greyscale_FA_MoE.py - {'step': '67500', 'lr': '0.0002', 'total_loss': '0.00847681', 'main_loss': '0.00847681', 'time_per_step': '2.65034'}
2026-03-07 03:08:45,726 - train_greyscale_FA_MoE.py - {'step': '67600', 'lr': '0.0002', 'total_loss': '0.00963645', 'main_loss': '0.00963645', 'time_per_step': '2.63023'}
2026-03-07 03:13:16,096 - train_greyscale_FA_MoE.py - {'step': '67700', 'lr': '0.0002', 'total_loss': '0.0110577', 'main_loss': '0.0110577', 'time_per_step': '2.62745'}
2026-03-07 03:17:47,641 - train_greyscale_FA_MoE.py - {'step': '67800', 'lr': '0.0002', 'total_loss': '0.00891016', 'main_loss': '0.00891016', 'time_per_step': '2.60711'}
2026-03-07 03:22:18,143 - train_greyscale_FA_MoE.py - {'step': '67900', 'lr': '0.0002', 'total_loss': '0.0124591', 'main_loss': '0.0124591', 'time_per_step': '2.62318'}
2026-03-07 03:26:49,005 - train_greyscale_FA_MoE.py - {'step': '68000', 'lr': '0.0002', 'total_loss': '0.00811343', 'main_loss': '0.00811343', 'time_per_step': '2.61739'}
2026-03-07 03:31:20,704 - train_greyscale_FA_MoE.py - {'step': '68100', 'lr': '0.0002', 'total_loss': '0.0105221', 'main_loss': '0.0105221', 'time_per_step': '2.69826'}
2026-03-07 03:35:51,701 - train_greyscale_FA_MoE.py - {'step': '68200', 'lr': '0.0002', 'total_loss': '0.014532', 'main_loss': '0.014532', 'time_per_step': '2.64932'}
2026-03-07 03:40:23,675 - train_greyscale_FA_MoE.py - {'step': '68300', 'lr': '0.0002', 'total_loss': '0.0110847', 'main_loss': '0.0110847', 'time_per_step': '2.54228'}
2026-03-07 03:44:55,084 - train_greyscale_FA_MoE.py - {'step': '68400', 'lr': '0.0002', 'total_loss': '0.0145894', 'main_loss': '0.0145894', 'time_per_step': '2.54168'}
2026-03-07 03:49:27,215 - train_greyscale_FA_MoE.py - {'step': '68500', 'lr': '0.0002', 'total_loss': '0.0103205', 'main_loss': '0.0103205', 'time_per_step': '2.72179'}
2026-03-07 03:53:57,358 - train_greyscale_FA_MoE.py - {'step': '68600', 'lr': '0.0002', 'total_loss': '0.0137199', 'main_loss': '0.0137199', 'time_per_step': '2.72026'}
2026-03-07 03:58:28,604 - train_greyscale_FA_MoE.py - {'step': '68700', 'lr': '0.0002', 'total_loss': '0.0163944', 'main_loss': '0.0163944', 'time_per_step': '2.67215'}
2026-03-07 04:03:00,073 - train_greyscale_FA_MoE.py - {'step': '68800', 'lr': '0.0002', 'total_loss': '0.0112324', 'main_loss': '0.0112324', 'time_per_step': '2.62612'}
2026-03-07 04:07:31,132 - train_greyscale_FA_MoE.py - {'step': '68900', 'lr': '0.0002', 'total_loss': '0.00943773', 'main_loss': '0.00943773', 'time_per_step': '2.64849'}
2026-03-07 04:12:01,908 - train_greyscale_FA_MoE.py - {'step': '69000', 'lr': '0.0002', 'total_loss': '0.0109485', 'main_loss': '0.0109485', 'time_per_step': '2.62775'}
2026-03-07 04:16:32,845 - train_greyscale_FA_MoE.py - {'step': '69100', 'lr': '0.0002', 'total_loss': '0.00953651', 'main_loss': '0.00953651', 'time_per_step': '2.64067'}
2026-03-07 04:21:04,209 - train_greyscale_FA_MoE.py - {'step': '69200', 'lr': '0.0002', 'total_loss': '0.00796505', 'main_loss': '0.00796505', 'time_per_step': '2.60424'}
2026-03-07 04:25:35,309 - train_greyscale_FA_MoE.py - {'step': '69300', 'lr': '0.0002', 'total_loss': '0.0132225', 'main_loss': '0.0132225', 'time_per_step': '2.61458'}
2026-03-07 04:30:06,424 - train_greyscale_FA_MoE.py - {'step': '69400', 'lr': '0.0002', 'total_loss': '0.00964998', 'main_loss': '0.00964998', 'time_per_step': '2.62444'}
2026-03-07 04:34:36,935 - train_greyscale_FA_MoE.py - {'step': '69500', 'lr': '0.0002', 'total_loss': '0.00923596', 'main_loss': '0.00923596', 'time_per_step': '2.54622'}
2026-03-07 04:39:09,212 - train_greyscale_FA_MoE.py - {'step': '69600', 'lr': '0.0002', 'total_loss': '0.0109786', 'main_loss': '0.0109786', 'time_per_step': '2.53923'}
2026-03-07 04:43:41,197 - train_greyscale_FA_MoE.py - {'step': '69700', 'lr': '0.0002', 'total_loss': '0.010515', 'main_loss': '0.010515', 'time_per_step': '2.64818'}
2026-03-07 04:48:12,603 - train_greyscale_FA_MoE.py - {'step': '69800', 'lr': '0.0002', 'total_loss': '0.00842728', 'main_loss': '0.00842728', 'time_per_step': '2.62534'}
2026-03-07 04:52:43,430 - train_greyscale_FA_MoE.py - {'step': '69900', 'lr': '0.0002', 'total_loss': '0.0135435', 'main_loss': '0.0135435', 'time_per_step': '2.65704'}
2026-03-07 04:57:15,020 - train_greyscale_FA_MoE.py - {'step': '70000', 'lr': '0.0002', 'total_loss': '0.0130028', 'main_loss': '0.0130028', 'time_per_step': '2.68032'}
2026-03-07 05:01:46,280 - train_greyscale_FA_MoE.py - {'step': '70100', 'lr': '0.0002', 'total_loss': '0.00900215', 'main_loss': '0.00900215', 'time_per_step': '2.63828'}
2026-03-07 05:06:17,813 - train_greyscale_FA_MoE.py - {'step': '70200', 'lr': '0.0002', 'total_loss': '0.0138419', 'main_loss': '0.0138419', 'time_per_step': '2.62665'}
2026-03-07 05:10:48,382 - train_greyscale_FA_MoE.py - {'step': '70300', 'lr': '0.0002', 'total_loss': '0.0107474', 'main_loss': '0.0107474', 'time_per_step': '2.62501'}
2026-03-07 05:15:18,611 - train_greyscale_FA_MoE.py - {'step': '70400', 'lr': '0.0002', 'total_loss': '0.0123255', 'main_loss': '0.0123255', 'time_per_step': '2.63375'}
2026-03-07 05:19:50,240 - train_greyscale_FA_MoE.py - {'step': '70500', 'lr': '0.0002', 'total_loss': '0.0166688', 'main_loss': '0.0166688', 'time_per_step': '2.60436'}
2026-03-07 05:24:21,326 - train_greyscale_FA_MoE.py - {'step': '70600', 'lr': '0.0002', 'total_loss': '0.0147217', 'main_loss': '0.0147217', 'time_per_step': '2.71296'}
2026-03-07 05:28:52,451 - train_greyscale_FA_MoE.py - {'step': '70700', 'lr': '0.0002', 'total_loss': '0.0142024', 'main_loss': '0.0142024', 'time_per_step': '2.54364'}
2026-03-07 05:33:23,362 - train_greyscale_FA_MoE.py - {'step': '70800', 'lr': '0.0002', 'total_loss': '0.0129755', 'main_loss': '0.0129755', 'time_per_step': '2.53896'}
2026-03-07 05:37:56,685 - train_greyscale_FA_MoE.py - {'step': '70900', 'lr': '0.0002', 'total_loss': '0.00991985', 'main_loss': '0.00991985', 'time_per_step': '2.70094'}
2026-03-07 05:42:27,616 - train_greyscale_FA_MoE.py - {'step': '71000', 'lr': '0.0002', 'total_loss': '0.0114679', 'main_loss': '0.0114679', 'time_per_step': '2.69279'}
2026-03-07 05:46:58,807 - train_greyscale_FA_MoE.py - {'step': '71100', 'lr': '0.0002', 'total_loss': '0.012263', 'main_loss': '0.012263', 'time_per_step': '2.62719'}
2026-03-07 05:51:30,454 - train_greyscale_FA_MoE.py - {'step': '71200', 'lr': '0.0002', 'total_loss': '0.0125873', 'main_loss': '0.0125873', 'time_per_step': '2.63793'}
2026-03-07 05:56:01,480 - train_greyscale_FA_MoE.py - {'step': '71300', 'lr': '0.0002', 'total_loss': '0.0114543', 'main_loss': '0.0114543', 'time_per_step': '2.6'}
2026-03-07 06:00:31,727 - train_greyscale_FA_MoE.py - {'step': '71400', 'lr': '0.0002', 'total_loss': '0.0103152', 'main_loss': '0.0103152', 'time_per_step': '2.59963'}
2026-03-07 06:05:01,866 - train_greyscale_FA_MoE.py - {'step': '71500', 'lr': '0.0002', 'total_loss': '0.010366', 'main_loss': '0.010366', 'time_per_step': '2.62897'}
2026-03-07 06:09:33,451 - train_greyscale_FA_MoE.py - {'step': '71600', 'lr': '0.0002', 'total_loss': '0.0100113', 'main_loss': '0.0100113', 'time_per_step': '2.62964'}
2026-03-07 06:14:04,740 - train_greyscale_FA_MoE.py - {'step': '71700', 'lr': '0.0002', 'total_loss': '0.0112537', 'main_loss': '0.0112537', 'time_per_step': '2.61967'}
2026-03-07 06:18:35,732 - train_greyscale_FA_MoE.py - {'step': '71800', 'lr': '0.0002', 'total_loss': '0.00889001', 'main_loss': '0.00889001', 'time_per_step': '2.6524'}
2026-03-07 06:23:07,329 - train_greyscale_FA_MoE.py - {'step': '71900', 'lr': '0.0002', 'total_loss': '0.00963021', 'main_loss': '0.00963021', 'time_per_step': '2.54114'}
2026-03-07 06:27:37,799 - train_greyscale_FA_MoE.py - {'step': '72000', 'lr': '0.0002', 'total_loss': '0.0104538', 'main_loss': '0.0104538', 'time_per_step': '2.54021'}
2026-03-07 06:32:09,346 - train_greyscale_FA_MoE.py - {'step': '72100', 'lr': '0.0002', 'total_loss': '0.0155422', 'main_loss': '0.0155422', 'time_per_step': '2.63289'}
2026-03-07 06:36:41,204 - train_greyscale_FA_MoE.py - {'step': '72200', 'lr': '0.0002', 'total_loss': '0.0125015', 'main_loss': '0.0125015', 'time_per_step': '2.6252'}
2026-03-07 06:41:11,358 - train_greyscale_FA_MoE.py - {'step': '72300', 'lr': '0.0002', 'total_loss': '0.0113442', 'main_loss': '0.0113442', 'time_per_step': '2.64811'}
2026-03-07 06:45:42,572 - train_greyscale_FA_MoE.py - {'step': '72400', 'lr': '0.0002', 'total_loss': '0.00990458', 'main_loss': '0.00990458', 'time_per_step': '2.62682'}
2026-03-07 06:50:14,000 - train_greyscale_FA_MoE.py - {'step': '72500', 'lr': '0.0002', 'total_loss': '0.0118544', 'main_loss': '0.0118544', 'time_per_step': '2.60469'}
2026-03-07 06:54:44,337 - train_greyscale_FA_MoE.py - {'step': '72600', 'lr': '0.0002', 'total_loss': '0.0119076', 'main_loss': '0.0119076', 'time_per_step': '2.62413'}
2026-03-07 06:59:15,876 - train_greyscale_FA_MoE.py - {'step': '72700', 'lr': '0.0002', 'total_loss': '0.0126405', 'main_loss': '0.0126405', 'time_per_step': '2.63555'}
2026-03-07 07:03:47,454 - train_greyscale_FA_MoE.py - {'step': '72800', 'lr': '0.0002', 'total_loss': '0.0124804', 'main_loss': '0.0124804', 'time_per_step': '2.62782'}
2026-03-07 07:08:18,636 - train_greyscale_FA_MoE.py - {'step': '72900', 'lr': '0.0002', 'total_loss': '0.0095921', 'main_loss': '0.0095921', 'time_per_step': '2.59627'}
2026-03-07 07:12:50,067 - train_greyscale_FA_MoE.py - {'step': '73000', 'lr': '0.0002', 'total_loss': '0.0127321', 'main_loss': '0.0127321', 'time_per_step': '2.64889'}
2026-03-07 07:17:21,314 - train_greyscale_FA_MoE.py - {'step': '73100', 'lr': '0.0002', 'total_loss': '0.0120789', 'main_loss': '0.0120789', 'time_per_step': '2.71461'}
2026-03-07 07:21:50,758 - train_greyscale_FA_MoE.py - {'step': '73200', 'lr': '0.0002', 'total_loss': '0.0125926', 'main_loss': '0.0125926', 'time_per_step': '2.54812'}
2026-03-07 07:26:22,218 - train_greyscale_FA_MoE.py - {'step': '73300', 'lr': '0.0002', 'total_loss': '0.0094868', 'main_loss': '0.0094868', 'time_per_step': '2.63224'}
2026-03-07 07:30:53,916 - train_greyscale_FA_MoE.py - {'step': '73400', 'lr': '0.0002', 'total_loss': '0.0084294', 'main_loss': '0.0084294', 'time_per_step': '2.65137'}
2026-03-07 07:35:25,301 - train_greyscale_FA_MoE.py - {'step': '73500', 'lr': '0.0002', 'total_loss': '0.0111715', 'main_loss': '0.0111715', 'time_per_step': '2.63062'}
2026-03-07 07:39:57,292 - train_greyscale_FA_MoE.py - {'step': '73600', 'lr': '0.0002', 'total_loss': '0.011008', 'main_loss': '0.011008', 'time_per_step': '2.70416'}
2026-03-07 07:44:28,572 - train_greyscale_FA_MoE.py - {'step': '73700', 'lr': '0.0002', 'total_loss': '0.00935631', 'main_loss': '0.00935631', 'time_per_step': '2.63017'}
2026-03-07 07:48:59,823 - train_greyscale_FA_MoE.py - {'step': '73800', 'lr': '0.0002', 'total_loss': '0.0113041', 'main_loss': '0.0113041', 'time_per_step': '2.64488'}
2026-03-07 07:53:30,382 - train_greyscale_FA_MoE.py - {'step': '73900', 'lr': '0.0002', 'total_loss': '0.0097599', 'main_loss': '0.0097599', 'time_per_step': '2.62967'}
2026-03-07 07:58:00,778 - train_greyscale_FA_MoE.py - {'step': '74000', 'lr': '0.0002', 'total_loss': '0.00795221', 'main_loss': '0.00795221', 'time_per_step': '2.62643'}
2026-03-07 08:02:31,100 - train_greyscale_FA_MoE.py - {'step': '74100', 'lr': '0.0002', 'total_loss': '0.00814389', 'main_loss': '0.00814389', 'time_per_step': '2.68423'}
2026-03-07 08:07:02,056 - train_greyscale_FA_MoE.py - {'step': '74200', 'lr': '0.0002', 'total_loss': '0.0159155', 'main_loss': '0.0159155', 'time_per_step': '2.65071'}
2026-03-07 08:11:32,137 - train_greyscale_FA_MoE.py - {'step': '74300', 'lr': '0.0002', 'total_loss': '0.0139024', 'main_loss': '0.0139024', 'time_per_step': '2.54619'}
2026-03-07 08:16:03,034 - train_greyscale_FA_MoE.py - {'step': '74400', 'lr': '0.0002', 'total_loss': '0.0127797', 'main_loss': '0.0127797', 'time_per_step': '2.54006'}
2026-03-07 08:20:35,261 - train_greyscale_FA_MoE.py - {'step': '74500', 'lr': '0.0002', 'total_loss': '0.00968193', 'main_loss': '0.00968193', 'time_per_step': '2.67481'}
2026-03-07 08:25:06,839 - train_greyscale_FA_MoE.py - {'step': '74600', 'lr': '0.0002', 'total_loss': '0.00902498', 'main_loss': '0.00902498', 'time_per_step': '2.66016'}
2026-03-07 08:29:37,969 - train_greyscale_FA_MoE.py - {'step': '74700', 'lr': '0.0002', 'total_loss': '0.0114145', 'main_loss': '0.0114145', 'time_per_step': '2.61726'}
2026-03-07 08:34:09,300 - train_greyscale_FA_MoE.py - {'step': '74800', 'lr': '0.0002', 'total_loss': '0.00894224', 'main_loss': '0.00894224', 'time_per_step': '2.61599'}
2026-03-07 08:38:41,693 - train_greyscale_FA_MoE.py - {'step': '74900', 'lr': '0.0002', 'total_loss': '0.0122486', 'main_loss': '0.0122486', 'time_per_step': '2.63705'}
2026-03-07 08:43:12,946 - train_greyscale_FA_MoE.py - {'step': '75000', 'lr': '0.0002', 'total_loss': '0.0084002', 'main_loss': '0.0084002', 'time_per_step': '2.63273'}
2026-03-07 08:43:12,979 - train_greyscale_FA_MoE.py - Saved expert distribution of layer in_block_0 to output_shift_fa/acdc_wholeheart_uncond_fa_ec_4moe8_greyscale_uvit_mid_4by4_l8r9_low16_Y_bound/samples/expert_distribution_in_block_0_step75000.npy
2026-03-07 08:43:15,355 - train_greyscale_FA_MoE.py - Saved expert distribution of layer out_block_7 to output_shift_fa/acdc_wholeheart_uncond_fa_ec_4moe8_greyscale_uvit_mid_4by4_l8r9_low16_Y_bound/samples/expert_distribution_out_block_7_step75000.npy
2026-03-07 08:43:17,855 - train_greyscale_FA_MoE.py - Save a grid of 16 samples into output_shift_fa/acdc_wholeheart_uncond_fa_ec_4moe8_greyscale_uvit_mid_4by4_l8r9_low16_Y_bound/samples/75000.png by DPM-Solver
2026-03-07 08:43:24,075 - train_greyscale_FA_MoE.py - Finished saving sample grid to output_shift_fa/acdc_wholeheart_uncond_fa_ec_4moe8_greyscale_uvit_mid_4by4_l8r9_low16_Y_bound/samples/75000.png by DPM-Solver.
2026-03-07 08:43:24,128 - train_greyscale_FA_MoE.py - Save and eval checkpoint 75000...
2026-03-07 08:43:26,926 - train_greyscale_FA_MoE.py - eval_step: n_samples=50000, sample_steps=50, algorithm=dpm_solver, mini_batch_size=500, samples save into output_shift_fa/acdc_wholeheart_uncond_fa_ec_4moe8_greyscale_uvit_mid_4by4_l8r9_low16_Y_bound/samples/acdc_wholeheart_uncond_uvit_FA_EC_4MoE8_greyscale_mid_4by4_low16_75000_dpm
2026-03-07 09:39:31,828 - train_greyscale_FA_MoE.py - step=75000 fid50000=18.246643016183953
2026-03-07 09:45:57,221 - is_lpips.py - LPIPS: 0.5141 ± 0.0506
2026-03-07 09:45:57,226 - train_greyscale_FA_MoE.py - step=75000 LPIPS50000=0.5141064789437693
2026-03-07 09:51:08,197 - train_greyscale_FA_MoE.py - {'step': '75100', 'lr': '0.0002', 'total_loss': '0.0086951', 'main_loss': '0.0086951', 'time_per_step': '2.63002'}
2026-03-07 09:55:39,046 - train_greyscale_FA_MoE.py - {'step': '75200', 'lr': '0.0002', 'total_loss': '0.0138019', 'main_loss': '0.0138019', 'time_per_step': '2.63769'}
2026-03-07 10:00:10,150 - train_greyscale_FA_MoE.py - {'step': '75300', 'lr': '0.0002', 'total_loss': '0.0109232', 'main_loss': '0.0109232', 'time_per_step': '2.61394'}
2026-03-07 10:04:41,088 - train_greyscale_FA_MoE.py - {'step': '75400', 'lr': '0.0002', 'total_loss': '0.00899096', 'main_loss': '0.00899096', 'time_per_step': '2.62671'}
2026-03-07 10:09:11,206 - train_greyscale_FA_MoE.py - {'step': '75500', 'lr': '0.0002', 'total_loss': '0.0106401', 'main_loss': '0.0106401', 'time_per_step': '2.54345'}
2026-03-07 10:13:42,004 - train_greyscale_FA_MoE.py - {'step': '75600', 'lr': '0.0002', 'total_loss': '0.0123555', 'main_loss': '0.0123555', 'time_per_step': '2.53967'}
2026-03-07 10:18:13,445 - train_greyscale_FA_MoE.py - {'step': '75700', 'lr': '0.0002', 'total_loss': '0.0111901', 'main_loss': '0.0111901', 'time_per_step': '2.60947'}
2026-03-07 10:22:44,847 - train_greyscale_FA_MoE.py - {'step': '75800', 'lr': '0.0002', 'total_loss': '0.0121712', 'main_loss': '0.0121712', 'time_per_step': '2.64292'}
2026-03-07 10:27:15,692 - train_greyscale_FA_MoE.py - {'step': '75900', 'lr': '0.0002', 'total_loss': '0.0130502', 'main_loss': '0.0130502', 'time_per_step': '2.61062'}
2026-03-07 10:31:46,494 - train_greyscale_FA_MoE.py - {'step': '76000', 'lr': '0.0002', 'total_loss': '0.00863476', 'main_loss': '0.00863476', 'time_per_step': '2.60042'}
2026-03-07 10:36:18,082 - train_greyscale_FA_MoE.py - {'step': '76100', 'lr': '0.0002', 'total_loss': '0.00629892', 'main_loss': '0.00629892', 'time_per_step': '2.60412'}
2026-03-07 10:40:49,069 - train_greyscale_FA_MoE.py - {'step': '76200', 'lr': '0.0002', 'total_loss': '0.00932702', 'main_loss': '0.00932702', 'time_per_step': '2.61569'}
2026-03-07 10:45:19,853 - train_greyscale_FA_MoE.py - {'step': '76300', 'lr': '0.0002', 'total_loss': '0.0164697', 'main_loss': '0.0164697', 'time_per_step': '2.60951'}
2026-03-07 10:49:49,824 - train_greyscale_FA_MoE.py - {'step': '76400', 'lr': '0.0002', 'total_loss': '0.0120053', 'main_loss': '0.0120053', 'time_per_step': '2.60743'}
2026-03-07 10:54:21,404 - train_greyscale_FA_MoE.py - {'step': '76500', 'lr': '0.0002', 'total_loss': '0.0100435', 'main_loss': '0.0100435', 'time_per_step': '2.72374'}
2026-03-07 10:58:52,600 - train_greyscale_FA_MoE.py - {'step': '76600', 'lr': '0.0002', 'total_loss': '0.00719375', 'main_loss': '0.00719375', 'time_per_step': '2.64277'}
2026-03-07 11:03:23,690 - train_greyscale_FA_MoE.py - {'step': '76700', 'lr': '0.0002', 'total_loss': '0.00857241', 'main_loss': '0.00857241', 'time_per_step': '2.54161'}
2026-03-07 11:07:54,376 - train_greyscale_FA_MoE.py - {'step': '76800', 'lr': '0.0002', 'total_loss': '0.00778464', 'main_loss': '0.00778464', 'time_per_step': '2.54175'}
2026-03-07 11:12:26,180 - train_greyscale_FA_MoE.py - {'step': '76900', 'lr': '0.0002', 'total_loss': '0.0138318', 'main_loss': '0.0138318', 'time_per_step': '2.71243'}
2026-03-07 11:16:56,560 - train_greyscale_FA_MoE.py - {'step': '77000', 'lr': '0.0002', 'total_loss': '0.0112787', 'main_loss': '0.0112787', 'time_per_step': '2.7228'}
2026-03-07 11:21:27,780 - train_greyscale_FA_MoE.py - {'step': '77100', 'lr': '0.0002', 'total_loss': '0.00949425', 'main_loss': '0.00949425', 'time_per_step': '2.73637'}
2026-03-07 11:25:58,776 - train_greyscale_FA_MoE.py - {'step': '77200', 'lr': '0.0002', 'total_loss': '0.00764422', 'main_loss': '0.00764422', 'time_per_step': '2.60305'}
2026-03-07 11:30:29,869 - train_greyscale_FA_MoE.py - {'step': '77300', 'lr': '0.0002', 'total_loss': '0.00992689', 'main_loss': '0.00992689', 'time_per_step': '3.72866'}
2026-03-07 11:34:59,794 - train_greyscale_FA_MoE.py - {'step': '77400', 'lr': '0.0002', 'total_loss': '0.0109343', 'main_loss': '0.0109343', 'time_per_step': '2.61512'}
2026-03-07 11:39:31,496 - train_greyscale_FA_MoE.py - {'step': '77500', 'lr': '0.0002', 'total_loss': '0.0101639', 'main_loss': '0.0101639', 'time_per_step': '2.61812'}
2026-03-07 11:44:01,459 - train_greyscale_FA_MoE.py - {'step': '77600', 'lr': '0.0002', 'total_loss': '0.0113696', 'main_loss': '0.0113696', 'time_per_step': '2.64968'}
2026-03-07 11:48:32,284 - train_greyscale_FA_MoE.py - {'step': '77700', 'lr': '0.0002', 'total_loss': '0.0138374', 'main_loss': '0.0138374', 'time_per_step': '2.61959'}
2026-03-07 11:53:03,027 - train_greyscale_FA_MoE.py - {'step': '77800', 'lr': '0.0002', 'total_loss': '0.010377', 'main_loss': '0.010377', 'time_per_step': '2.63795'}
2026-03-07 11:57:34,552 - train_greyscale_FA_MoE.py - {'step': '77900', 'lr': '0.0002', 'total_loss': '0.00763729', 'main_loss': '0.00763729', 'time_per_step': '2.55624'}
2026-03-07 12:02:05,264 - train_greyscale_FA_MoE.py - {'step': '78000', 'lr': '0.0002', 'total_loss': '0.00700281', 'main_loss': '0.00700281', 'time_per_step': '2.5368'}
2026-03-07 12:06:36,760 - train_greyscale_FA_MoE.py - {'step': '78100', 'lr': '0.0002', 'total_loss': '0.0142876', 'main_loss': '0.0142876', 'time_per_step': '2.61313'}
2026-03-07 12:11:06,840 - train_greyscale_FA_MoE.py - {'step': '78200', 'lr': '0.0002', 'total_loss': '0.011073', 'main_loss': '0.011073', 'time_per_step': '2.6071'}
2026-03-07 12:15:36,727 - train_greyscale_FA_MoE.py - {'step': '78300', 'lr': '0.0002', 'total_loss': '0.00998042', 'main_loss': '0.00998042', 'time_per_step': '2.65192'}
2026-03-07 12:20:07,998 - train_greyscale_FA_MoE.py - {'step': '78400', 'lr': '0.0002', 'total_loss': '0.0125966', 'main_loss': '0.0125966', 'time_per_step': '2.64055'}
2026-03-07 12:24:38,791 - train_greyscale_FA_MoE.py - {'step': '78500', 'lr': '0.0002', 'total_loss': '0.00968416', 'main_loss': '0.00968416', 'time_per_step': '2.61056'}
2026-03-07 12:29:08,800 - train_greyscale_FA_MoE.py - {'step': '78600', 'lr': '0.0002', 'total_loss': '0.00754088', 'main_loss': '0.00754088', 'time_per_step': '2.64829'}
2026-03-07 12:33:39,956 - train_greyscale_FA_MoE.py - {'step': '78700', 'lr': '0.0002', 'total_loss': '0.0130272', 'main_loss': '0.0130272', 'time_per_step': '2.61444'}
2026-03-07 12:38:12,181 - train_greyscale_FA_MoE.py - {'step': '78800', 'lr': '0.0002', 'total_loss': '0.00900226', 'main_loss': '0.00900226', 'time_per_step': '2.65046'}
2026-03-07 12:42:43,312 - train_greyscale_FA_MoE.py - {'step': '78900', 'lr': '0.0002', 'total_loss': '0.0128859', 'main_loss': '0.0128859', 'time_per_step': '2.62641'}
2026-03-07 12:47:14,564 - train_greyscale_FA_MoE.py - {'step': '79000', 'lr': '0.0002', 'total_loss': '0.00713809', 'main_loss': '0.00713809', 'time_per_step': '2.63215'}
2026-03-07 12:51:45,124 - train_greyscale_FA_MoE.py - {'step': '79100', 'lr': '0.0002', 'total_loss': '0.010116', 'main_loss': '0.010116', 'time_per_step': '2.55024'}
2026-03-07 12:56:14,531 - train_greyscale_FA_MoE.py - {'step': '79200', 'lr': '0.0002', 'total_loss': '0.0089528', 'main_loss': '0.0089528', 'time_per_step': '2.54258'}
2026-03-07 13:00:45,535 - train_greyscale_FA_MoE.py - {'step': '79300', 'lr': '0.0002', 'total_loss': '0.00674415', 'main_loss': '0.00674415', 'time_per_step': '2.59965'}
2026-03-07 13:05:16,559 - train_greyscale_FA_MoE.py - {'step': '79400', 'lr': '0.0002', 'total_loss': '0.0134766', 'main_loss': '0.0134766', 'time_per_step': '2.59695'}
2026-03-07 13:09:47,332 - train_greyscale_FA_MoE.py - {'step': '79500', 'lr': '0.0002', 'total_loss': '0.00863598', 'main_loss': '0.00863598', 'time_per_step': '2.61253'}
2026-03-07 13:14:17,741 - train_greyscale_FA_MoE.py - {'step': '79600', 'lr': '0.0002', 'total_loss': '0.0111015', 'main_loss': '0.0111015', 'time_per_step': '2.59932'}
2026-03-07 13:18:48,978 - train_greyscale_FA_MoE.py - {'step': '79700', 'lr': '0.0002', 'total_loss': '0.0115581', 'main_loss': '0.0115581', 'time_per_step': '2.59718'}
2026-03-07 13:23:20,368 - train_greyscale_FA_MoE.py - {'step': '79800', 'lr': '0.0002', 'total_loss': '0.0119382', 'main_loss': '0.0119382', 'time_per_step': '2.65345'}
2026-03-07 13:27:51,339 - train_greyscale_FA_MoE.py - {'step': '79900', 'lr': '0.0002', 'total_loss': '0.00793088', 'main_loss': '0.00793088', 'time_per_step': '2.60723'}
2026-03-07 13:32:21,655 - train_greyscale_FA_MoE.py - {'step': '80000', 'lr': '0.0002', 'total_loss': '0.0121166', 'main_loss': '0.0121166', 'time_per_step': '2.6979'}
2026-03-07 13:36:53,000 - train_greyscale_FA_MoE.py - {'step': '80100', 'lr': '0.0002', 'total_loss': '0.0071107', 'main_loss': '0.0071107', 'time_per_step': '2.59458'}
2026-03-07 13:41:23,197 - train_greyscale_FA_MoE.py - {'step': '80200', 'lr': '0.0002', 'total_loss': '0.00819892', 'main_loss': '0.00819892', 'time_per_step': '2.58997'}
2026-03-07 13:45:54,211 - train_greyscale_FA_MoE.py - {'step': '80300', 'lr': '0.0002', 'total_loss': '0.00954644', 'main_loss': '0.00954644', 'time_per_step': '2.54676'}
2026-03-07 13:50:24,809 - train_greyscale_FA_MoE.py - {'step': '80400', 'lr': '0.0002', 'total_loss': '0.00940943', 'main_loss': '0.00940943', 'time_per_step': '2.54018'}
2026-03-07 13:54:55,382 - train_greyscale_FA_MoE.py - {'step': '80500', 'lr': '0.0002', 'total_loss': '0.0109242', 'main_loss': '0.0109242', 'time_per_step': '2.60947'}
2026-03-07 13:59:26,599 - train_greyscale_FA_MoE.py - {'step': '80600', 'lr': '0.0002', 'total_loss': '0.008407', 'main_loss': '0.008407', 'time_per_step': '2.69271'}
2026-03-07 14:03:57,454 - train_greyscale_FA_MoE.py - {'step': '80700', 'lr': '0.0002', 'total_loss': '0.00779488', 'main_loss': '0.00779488', 'time_per_step': '2.70392'}
2026-03-07 14:08:27,512 - train_greyscale_FA_MoE.py - {'step': '80800', 'lr': '0.0002', 'total_loss': '0.0126511', 'main_loss': '0.0126511', 'time_per_step': '2.69176'}
2026-03-07 14:12:58,450 - train_greyscale_FA_MoE.py - {'step': '80900', 'lr': '0.0002', 'total_loss': '0.011027', 'main_loss': '0.011027', 'time_per_step': '2.72622'}
2026-03-07 14:17:28,486 - train_greyscale_FA_MoE.py - {'step': '81000', 'lr': '0.0002', 'total_loss': '0.00826839', 'main_loss': '0.00826839', 'time_per_step': '2.7799'}
2026-03-07 14:21:59,426 - train_greyscale_FA_MoE.py - {'step': '81100', 'lr': '0.0002', 'total_loss': '0.0086652', 'main_loss': '0.0086652', 'time_per_step': '2.60065'}
2026-03-07 14:26:30,613 - train_greyscale_FA_MoE.py - {'step': '81200', 'lr': '0.0002', 'total_loss': '0.00986831', 'main_loss': '0.00986831', 'time_per_step': '2.6077'}
2026-03-07 14:31:01,634 - train_greyscale_FA_MoE.py - {'step': '81300', 'lr': '0.0002', 'total_loss': '0.00906925', 'main_loss': '0.00906925', 'time_per_step': '2.61986'}
2026-03-07 14:35:31,906 - train_greyscale_FA_MoE.py - {'step': '81400', 'lr': '0.0002', 'total_loss': '0.0163141', 'main_loss': '0.0163141', 'time_per_step': '2.63276'}
2026-03-07 14:40:03,798 - train_greyscale_FA_MoE.py - {'step': '81500', 'lr': '0.0002', 'total_loss': '0.00992661', 'main_loss': '0.00992661', 'time_per_step': '2.54889'}
2026-03-07 14:44:34,439 - train_greyscale_FA_MoE.py - {'step': '81600', 'lr': '0.0002', 'total_loss': '0.00944704', 'main_loss': '0.00944704', 'time_per_step': '2.53883'}
2026-03-07 14:49:06,012 - train_greyscale_FA_MoE.py - {'step': '81700', 'lr': '0.0002', 'total_loss': '0.00795821', 'main_loss': '0.00795821', 'time_per_step': '2.61531'}
2026-03-07 14:53:36,223 - train_greyscale_FA_MoE.py - {'step': '81800', 'lr': '0.0002', 'total_loss': '0.00908943', 'main_loss': '0.00908943', 'time_per_step': '2.62012'}
2026-03-07 14:58:06,308 - train_greyscale_FA_MoE.py - {'step': '81900', 'lr': '0.0002', 'total_loss': '0.0110769', 'main_loss': '0.0110769', 'time_per_step': '2.63475'}
2026-03-07 15:02:37,354 - train_greyscale_FA_MoE.py - {'step': '82000', 'lr': '0.0002', 'total_loss': '0.00690002', 'main_loss': '0.00690002', 'time_per_step': '2.61353'}
2026-03-07 15:07:08,602 - train_greyscale_FA_MoE.py - {'step': '82100', 'lr': '0.0002', 'total_loss': '0.00999285', 'main_loss': '0.00999285', 'time_per_step': '2.66138'}
2026-03-07 15:11:39,806 - train_greyscale_FA_MoE.py - {'step': '82200', 'lr': '0.0002', 'total_loss': '0.0131794', 'main_loss': '0.0131794', 'time_per_step': '2.59235'}
2026-03-07 15:16:10,141 - train_greyscale_FA_MoE.py - {'step': '82300', 'lr': '0.0002', 'total_loss': '0.0127829', 'main_loss': '0.0127829', 'time_per_step': '2.633'}
2026-03-07 15:20:40,913 - train_greyscale_FA_MoE.py - {'step': '82400', 'lr': '0.0002', 'total_loss': '0.00896435', 'main_loss': '0.00896435', 'time_per_step': '2.59721'}
2026-03-07 15:25:11,370 - train_greyscale_FA_MoE.py - {'step': '82500', 'lr': '0.0002', 'total_loss': '0.0128686', 'main_loss': '0.0128686', 'time_per_step': '2.61396'}
2026-03-07 15:29:42,434 - train_greyscale_FA_MoE.py - {'step': '82600', 'lr': '0.0002', 'total_loss': '0.0116209', 'main_loss': '0.0116209', 'time_per_step': '2.64612'}
2026-03-07 15:34:12,983 - train_greyscale_FA_MoE.py - {'step': '82700', 'lr': '0.0002', 'total_loss': '0.00661803', 'main_loss': '0.00661803', 'time_per_step': '2.53026'}
2026-03-07 15:38:44,043 - train_greyscale_FA_MoE.py - {'step': '82800', 'lr': '0.0002', 'total_loss': '0.00792883', 'main_loss': '0.00792883', 'time_per_step': '2.54456'}
2026-03-07 15:43:15,473 - train_greyscale_FA_MoE.py - {'step': '82900', 'lr': '0.0002', 'total_loss': '0.00988876', 'main_loss': '0.00988876', 'time_per_step': '2.62051'}
2026-03-07 15:47:46,406 - train_greyscale_FA_MoE.py - {'step': '83000', 'lr': '0.0002', 'total_loss': '0.00868139', 'main_loss': '0.00868139', 'time_per_step': '2.61926'}
2026-03-07 15:52:17,382 - train_greyscale_FA_MoE.py - {'step': '83100', 'lr': '0.0002', 'total_loss': '0.0121421', 'main_loss': '0.0121421', 'time_per_step': '2.65932'}
2026-03-07 15:56:48,103 - train_greyscale_FA_MoE.py - {'step': '83200', 'lr': '0.0002', 'total_loss': '0.00995057', 'main_loss': '0.00995057', 'time_per_step': '2.65062'}
2026-03-07 16:01:18,933 - train_greyscale_FA_MoE.py - {'step': '83300', 'lr': '0.0002', 'total_loss': '0.00528125', 'main_loss': '0.00528125', 'time_per_step': '2.61299'}
2026-03-07 16:05:50,462 - train_greyscale_FA_MoE.py - {'step': '83400', 'lr': '0.0002', 'total_loss': '0.0108064', 'main_loss': '0.0108064', 'time_per_step': '2.62972'}
2026-03-07 16:10:21,616 - train_greyscale_FA_MoE.py - {'step': '83500', 'lr': '0.0002', 'total_loss': '0.014907', 'main_loss': '0.014907', 'time_per_step': '2.71043'}
2026-03-07 16:14:52,427 - train_greyscale_FA_MoE.py - {'step': '83600', 'lr': '0.0002', 'total_loss': '0.0123382', 'main_loss': '0.0123382', 'time_per_step': '2.63693'}
2026-03-07 16:19:23,593 - train_greyscale_FA_MoE.py - {'step': '83700', 'lr': '0.0002', 'total_loss': '0.0135871', 'main_loss': '0.0135871', 'time_per_step': '3.85278'}
2026-03-07 16:23:53,345 - train_greyscale_FA_MoE.py - {'step': '83800', 'lr': '0.0002', 'total_loss': '0.0100226', 'main_loss': '0.0100226', 'time_per_step': '2.6121'}
2026-03-07 16:28:24,083 - train_greyscale_FA_MoE.py - {'step': '83900', 'lr': '0.0002', 'total_loss': '0.00940955', 'main_loss': '0.00940955', 'time_per_step': '2.53766'}
2026-03-07 16:32:54,134 - train_greyscale_FA_MoE.py - {'step': '84000', 'lr': '0.0002', 'total_loss': '0.0116435', 'main_loss': '0.0116435', 'time_per_step': '2.53075'}
2026-03-07 16:37:27,463 - train_greyscale_FA_MoE.py - {'step': '84100', 'lr': '0.0002', 'total_loss': '0.0111165', 'main_loss': '0.0111165', 'time_per_step': '2.7055'}
2026-03-07 16:41:58,380 - train_greyscale_FA_MoE.py - {'step': '84200', 'lr': '0.0002', 'total_loss': '0.0103125', 'main_loss': '0.0103125', 'time_per_step': '2.70926'}
2026-03-07 16:46:29,544 - train_greyscale_FA_MoE.py - {'step': '84300', 'lr': '0.0002', 'total_loss': '0.00941275', 'main_loss': '0.00941275', 'time_per_step': '2.62449'}
2026-03-07 16:51:00,930 - train_greyscale_FA_MoE.py - {'step': '84400', 'lr': '0.0002', 'total_loss': '0.00656527', 'main_loss': '0.00656527', 'time_per_step': '2.60414'}
2026-03-07 16:55:31,486 - train_greyscale_FA_MoE.py - {'step': '84500', 'lr': '0.0002', 'total_loss': '0.0105545', 'main_loss': '0.0105545', 'time_per_step': '2.63538'}
2026-03-07 17:00:02,605 - train_greyscale_FA_MoE.py - {'step': '84600', 'lr': '0.0002', 'total_loss': '0.00897615', 'main_loss': '0.00897615', 'time_per_step': '2.62224'}
2026-03-07 17:04:32,498 - train_greyscale_FA_MoE.py - {'step': '84700', 'lr': '0.0002', 'total_loss': '0.0082596', 'main_loss': '0.0082596', 'time_per_step': '2.61764'}
2026-03-07 17:09:03,635 - train_greyscale_FA_MoE.py - {'step': '84800', 'lr': '0.0002', 'total_loss': '0.0102372', 'main_loss': '0.0102372', 'time_per_step': '2.64319'}
2026-03-07 17:13:34,571 - train_greyscale_FA_MoE.py - {'step': '84900', 'lr': '0.0002', 'total_loss': '0.0114944', 'main_loss': '0.0114944', 'time_per_step': '2.59514'}
2026-03-07 17:18:04,585 - train_greyscale_FA_MoE.py - {'step': '85000', 'lr': '0.0002', 'total_loss': '0.0100552', 'main_loss': '0.0100552', 'time_per_step': '2.60892'}
2026-03-07 17:22:35,388 - train_greyscale_FA_MoE.py - {'step': '85100', 'lr': '0.0002', 'total_loss': '0.00954944', 'main_loss': '0.00954944', 'time_per_step': '2.52991'}
2026-03-07 17:27:06,007 - train_greyscale_FA_MoE.py - {'step': '85200', 'lr': '0.0002', 'total_loss': '0.0126026', 'main_loss': '0.0126026', 'time_per_step': '2.54225'}
2026-03-07 17:31:37,329 - train_greyscale_FA_MoE.py - {'step': '85300', 'lr': '0.0002', 'total_loss': '0.0104069', 'main_loss': '0.0104069', 'time_per_step': '2.59593'}
2026-03-07 17:36:09,223 - train_greyscale_FA_MoE.py - {'step': '85400', 'lr': '0.0002', 'total_loss': '0.0102045', 'main_loss': '0.0102045', 'time_per_step': '2.61207'}
2026-03-07 17:40:40,211 - train_greyscale_FA_MoE.py - {'step': '85500', 'lr': '0.0002', 'total_loss': '0.0131176', 'main_loss': '0.0131176', 'time_per_step': '2.59411'}
2026-03-07 17:45:10,240 - train_greyscale_FA_MoE.py - {'step': '85600', 'lr': '0.0002', 'total_loss': '0.00908233', 'main_loss': '0.00908233', 'time_per_step': '2.63105'}
2026-03-07 17:49:40,858 - train_greyscale_FA_MoE.py - {'step': '85700', 'lr': '0.0002', 'total_loss': '0.00890979', 'main_loss': '0.00890979', 'time_per_step': '2.60844'}
2026-03-07 17:54:11,638 - train_greyscale_FA_MoE.py - {'step': '85800', 'lr': '0.0002', 'total_loss': '0.012002', 'main_loss': '0.012002', 'time_per_step': '2.61185'}
2026-03-07 17:58:41,989 - train_greyscale_FA_MoE.py - {'step': '85900', 'lr': '0.0002', 'total_loss': '0.00643337', 'main_loss': '0.00643337', 'time_per_step': '2.59821'}
2026-03-07 18:03:12,685 - train_greyscale_FA_MoE.py - {'step': '86000', 'lr': '0.0002', 'total_loss': '0.00601075', 'main_loss': '0.00601075', 'time_per_step': '2.6253'}
2026-03-07 18:07:43,507 - train_greyscale_FA_MoE.py - {'step': '86100', 'lr': '0.0002', 'total_loss': '0.0146187', 'main_loss': '0.0146187', 'time_per_step': '2.63352'}
2026-03-07 18:12:13,958 - train_greyscale_FA_MoE.py - {'step': '86200', 'lr': '0.0002', 'total_loss': '0.015161', 'main_loss': '0.015161', 'time_per_step': '2.66204'}
2026-03-07 18:16:44,894 - train_greyscale_FA_MoE.py - {'step': '86300', 'lr': '0.0002', 'total_loss': '0.00927652', 'main_loss': '0.00927652', 'time_per_step': '2.5258'}
2026-03-07 18:21:15,507 - train_greyscale_FA_MoE.py - {'step': '86400', 'lr': '0.0002', 'total_loss': '0.0171821', 'main_loss': '0.0171821', 'time_per_step': '2.54476'}
2026-03-07 18:25:46,192 - train_greyscale_FA_MoE.py - {'step': '86500', 'lr': '0.0002', 'total_loss': '0.0103766', 'main_loss': '0.0103766', 'time_per_step': '2.6409'}
2026-03-07 18:30:16,839 - train_greyscale_FA_MoE.py - {'step': '86600', 'lr': '0.0002', 'total_loss': '0.0078397', 'main_loss': '0.0078397', 'time_per_step': '2.61209'}
2026-03-07 18:34:47,675 - train_greyscale_FA_MoE.py - {'step': '86700', 'lr': '0.0002', 'total_loss': '0.00886709', 'main_loss': '0.00886709', 'time_per_step': '2.62111'}
2026-03-07 18:39:19,652 - train_greyscale_FA_MoE.py - {'step': '86800', 'lr': '0.0002', 'total_loss': '0.0149013', 'main_loss': '0.0149013', 'time_per_step': '2.63129'}
2026-03-07 18:43:50,549 - train_greyscale_FA_MoE.py - {'step': '86900', 'lr': '0.0002', 'total_loss': '0.0104706', 'main_loss': '0.0104706', 'time_per_step': '2.61823'}
2026-03-07 18:48:21,012 - train_greyscale_FA_MoE.py - {'step': '87000', 'lr': '0.0002', 'total_loss': '0.0107316', 'main_loss': '0.0107316', 'time_per_step': '2.70048'}
2026-03-07 18:52:51,968 - train_greyscale_FA_MoE.py - {'step': '87100', 'lr': '0.0002', 'total_loss': '0.0121428', 'main_loss': '0.0121428', 'time_per_step': '2.6225'}
2026-03-07 18:57:23,183 - train_greyscale_FA_MoE.py - {'step': '87200', 'lr': '0.0002', 'total_loss': '0.00672893', 'main_loss': '0.00672893', 'time_per_step': '2.60058'}
2026-03-07 19:01:54,306 - train_greyscale_FA_MoE.py - {'step': '87300', 'lr': '0.0002', 'total_loss': '0.00988875', 'main_loss': '0.00988875', 'time_per_step': '2.60181'}
2026-03-07 19:06:24,236 - train_greyscale_FA_MoE.py - {'step': '87400', 'lr': '0.0002', 'total_loss': '0.0102465', 'main_loss': '0.0102465', 'time_per_step': '2.5933'}
2026-03-07 19:10:54,706 - train_greyscale_FA_MoE.py - {'step': '87500', 'lr': '0.0002', 'total_loss': '0.0103348', 'main_loss': '0.0103348', 'time_per_step': '2.54717'}
2026-03-07 19:15:25,547 - train_greyscale_FA_MoE.py - {'step': '87600', 'lr': '0.0002', 'total_loss': '0.0115757', 'main_loss': '0.0115757', 'time_per_step': '2.54475'}
2026-03-07 19:19:57,414 - train_greyscale_FA_MoE.py - {'step': '87700', 'lr': '0.0002', 'total_loss': '0.0118811', 'main_loss': '0.0118811', 'time_per_step': '2.71094'}
2026-03-07 19:24:28,718 - train_greyscale_FA_MoE.py - {'step': '87800', 'lr': '0.0002', 'total_loss': '0.00782103', 'main_loss': '0.00782103', 'time_per_step': '2.67834'}
2026-03-07 19:28:59,608 - train_greyscale_FA_MoE.py - {'step': '87900', 'lr': '0.0002', 'total_loss': '0.00989777', 'main_loss': '0.00989777', 'time_per_step': '2.61058'}
2026-03-07 19:33:30,666 - train_greyscale_FA_MoE.py - {'step': '88000', 'lr': '0.0002', 'total_loss': '0.0122512', 'main_loss': '0.0122512', 'time_per_step': '2.61819'}
2026-03-07 19:38:02,783 - train_greyscale_FA_MoE.py - {'step': '88100', 'lr': '0.0002', 'total_loss': '0.0146621', 'main_loss': '0.0146621', 'time_per_step': '2.6161'}
2026-03-07 19:42:33,737 - train_greyscale_FA_MoE.py - {'step': '88200', 'lr': '0.0002', 'total_loss': '0.00822692', 'main_loss': '0.00822692', 'time_per_step': '2.60702'}
2026-03-07 19:47:03,682 - train_greyscale_FA_MoE.py - {'step': '88300', 'lr': '0.0002', 'total_loss': '0.0101023', 'main_loss': '0.0101023', 'time_per_step': '2.60523'}
2026-03-07 19:51:34,051 - train_greyscale_FA_MoE.py - {'step': '88400', 'lr': '0.0002', 'total_loss': '0.00897113', 'main_loss': '0.00897113', 'time_per_step': '2.63115'}
2026-03-07 19:56:05,558 - train_greyscale_FA_MoE.py - {'step': '88500', 'lr': '0.0002', 'total_loss': '0.011283', 'main_loss': '0.011283', 'time_per_step': '2.60285'}
2026-03-07 20:00:36,488 - train_greyscale_FA_MoE.py - {'step': '88600', 'lr': '0.0002', 'total_loss': '0.00721071', 'main_loss': '0.00721071', 'time_per_step': '2.65346'}
2026-03-07 20:05:07,091 - train_greyscale_FA_MoE.py - {'step': '88700', 'lr': '0.0002', 'total_loss': '0.0107749', 'main_loss': '0.0107749', 'time_per_step': '2.53624'}
2026-03-07 20:09:37,759 - train_greyscale_FA_MoE.py - {'step': '88800', 'lr': '0.0002', 'total_loss': '0.0113152', 'main_loss': '0.0113152', 'time_per_step': '2.543'}
2026-03-07 20:14:09,793 - train_greyscale_FA_MoE.py - {'step': '88900', 'lr': '0.0002', 'total_loss': '0.00791434', 'main_loss': '0.00791434', 'time_per_step': '2.6141'}
2026-03-07 20:18:40,940 - train_greyscale_FA_MoE.py - {'step': '89000', 'lr': '0.0002', 'total_loss': '0.00915245', 'main_loss': '0.00915245', 'time_per_step': '2.64115'}
2026-03-07 20:23:11,868 - train_greyscale_FA_MoE.py - {'step': '89100', 'lr': '0.0002', 'total_loss': '0.0103556', 'main_loss': '0.0103556', 'time_per_step': '2.63895'}
2026-03-07 20:27:42,943 - train_greyscale_FA_MoE.py - {'step': '89200', 'lr': '0.0002', 'total_loss': '0.00786252', 'main_loss': '0.00786252', 'time_per_step': '3.72683'}
2026-03-07 20:32:12,610 - train_greyscale_FA_MoE.py - {'step': '89300', 'lr': '0.0002', 'total_loss': '0.0112557', 'main_loss': '0.0112557', 'time_per_step': '2.61662'}
2026-03-07 20:36:44,606 - train_greyscale_FA_MoE.py - {'step': '89400', 'lr': '0.0002', 'total_loss': '0.00806986', 'main_loss': '0.00806986', 'time_per_step': '2.61956'}
2026-03-07 20:41:14,851 - train_greyscale_FA_MoE.py - {'step': '89500', 'lr': '0.0002', 'total_loss': '0.0150225', 'main_loss': '0.0150225', 'time_per_step': '2.62581'}
2026-03-07 20:45:45,775 - train_greyscale_FA_MoE.py - {'step': '89600', 'lr': '0.0002', 'total_loss': '0.0116143', 'main_loss': '0.0116143', 'time_per_step': '2.61324'}
2026-03-07 20:50:17,384 - train_greyscale_FA_MoE.py - {'step': '89700', 'lr': '0.0002', 'total_loss': '0.0119109', 'main_loss': '0.0119109', 'time_per_step': '2.60237'}
2026-03-07 20:54:48,199 - train_greyscale_FA_MoE.py - {'step': '89800', 'lr': '0.0002', 'total_loss': '0.00907172', 'main_loss': '0.00907172', 'time_per_step': '2.61762'}
2026-03-07 20:59:19,193 - train_greyscale_FA_MoE.py - {'step': '89900', 'lr': '0.0002', 'total_loss': '0.00881001', 'main_loss': '0.00881001', 'time_per_step': '2.54295'}
2026-03-07 21:03:50,130 - train_greyscale_FA_MoE.py - {'step': '90000', 'lr': '0.0002', 'total_loss': '0.0107604', 'main_loss': '0.0107604', 'time_per_step': '2.54519'}
2026-03-07 21:08:21,614 - train_greyscale_FA_MoE.py - {'step': '90100', 'lr': '0.0002', 'total_loss': '0.011282', 'main_loss': '0.011282', 'time_per_step': '2.70825'}
2026-03-07 21:12:51,376 - train_greyscale_FA_MoE.py - {'step': '90200', 'lr': '0.0002', 'total_loss': '0.00907816', 'main_loss': '0.00907816', 'time_per_step': '2.63008'}
2026-03-07 21:17:21,341 - train_greyscale_FA_MoE.py - {'step': '90300', 'lr': '0.0002', 'total_loss': '0.00905431', 'main_loss': '0.00905431', 'time_per_step': '2.72649'}
2026-03-07 21:21:52,284 - train_greyscale_FA_MoE.py - {'step': '90400', 'lr': '0.0002', 'total_loss': '0.00777747', 'main_loss': '0.00777747', 'time_per_step': '2.62768'}
2026-03-07 21:26:23,218 - train_greyscale_FA_MoE.py - {'step': '90500', 'lr': '0.0002', 'total_loss': '0.0123116', 'main_loss': '0.0123116', 'time_per_step': '2.59328'}
2026-03-07 21:30:54,322 - train_greyscale_FA_MoE.py - {'step': '90600', 'lr': '0.0002', 'total_loss': '0.0106686', 'main_loss': '0.0106686', 'time_per_step': '2.60597'}
2026-03-07 21:35:24,669 - train_greyscale_FA_MoE.py - {'step': '90700', 'lr': '0.0002', 'total_loss': '0.0139929', 'main_loss': '0.0139929', 'time_per_step': '2.62108'}
2026-03-07 21:39:57,010 - train_greyscale_FA_MoE.py - {'step': '90800', 'lr': '0.0002', 'total_loss': '0.0104628', 'main_loss': '0.0104628', 'time_per_step': '2.70506'}
2026-03-07 21:44:27,579 - train_greyscale_FA_MoE.py - {'step': '90900', 'lr': '0.0002', 'total_loss': '0.00717972', 'main_loss': '0.00717972', 'time_per_step': '2.67064'}
2026-03-07 21:48:58,661 - train_greyscale_FA_MoE.py - {'step': '91000', 'lr': '0.0002', 'total_loss': '0.00765135', 'main_loss': '0.00765135', 'time_per_step': '2.69483'}
2026-03-07 21:53:28,574 - train_greyscale_FA_MoE.py - {'step': '91100', 'lr': '0.0002', 'total_loss': '0.010323', 'main_loss': '0.010323', 'time_per_step': '2.58614'}
2026-03-07 21:57:59,383 - train_greyscale_FA_MoE.py - {'step': '91200', 'lr': '0.0002', 'total_loss': '0.00963309', 'main_loss': '0.00963309', 'time_per_step': '2.539'}
2026-03-07 22:02:30,851 - train_greyscale_FA_MoE.py - {'step': '91300', 'lr': '0.0002', 'total_loss': '0.0098212', 'main_loss': '0.0098212', 'time_per_step': '2.61096'}
2026-03-07 22:07:01,407 - train_greyscale_FA_MoE.py - {'step': '91400', 'lr': '0.0002', 'total_loss': '0.0129008', 'main_loss': '0.0129008', 'time_per_step': '2.62747'}
2026-03-07 22:11:32,263 - train_greyscale_FA_MoE.py - {'step': '91500', 'lr': '0.0002', 'total_loss': '0.0116216', 'main_loss': '0.0116216', 'time_per_step': '2.61396'}
2026-03-07 22:16:03,288 - train_greyscale_FA_MoE.py - {'step': '91600', 'lr': '0.0002', 'total_loss': '0.0104013', 'main_loss': '0.0104013', 'time_per_step': '2.64958'}
2026-03-07 22:20:33,675 - train_greyscale_FA_MoE.py - {'step': '91700', 'lr': '0.0002', 'total_loss': '0.012399', 'main_loss': '0.012399', 'time_per_step': '2.60087'}
2026-03-07 22:25:04,624 - train_greyscale_FA_MoE.py - {'step': '91800', 'lr': '0.0002', 'total_loss': '0.00844252', 'main_loss': '0.00844252', 'time_per_step': '2.63726'}
2026-03-07 22:29:35,809 - train_greyscale_FA_MoE.py - {'step': '91900', 'lr': '0.0002', 'total_loss': '0.0115873', 'main_loss': '0.0115873', 'time_per_step': '2.6128'}
2026-03-07 22:34:05,880 - train_greyscale_FA_MoE.py - {'step': '92000', 'lr': '0.0002', 'total_loss': '0.0105138', 'main_loss': '0.0105138', 'time_per_step': '2.60978'}
2026-03-07 22:38:38,255 - train_greyscale_FA_MoE.py - {'step': '92100', 'lr': '0.0002', 'total_loss': '0.0108312', 'main_loss': '0.0108312', 'time_per_step': '2.6236'}
2026-03-07 22:43:09,227 - train_greyscale_FA_MoE.py - {'step': '92200', 'lr': '0.0002', 'total_loss': '0.0117832', 'main_loss': '0.0117832', 'time_per_step': '2.60744'}
2026-03-07 22:47:39,498 - train_greyscale_FA_MoE.py - {'step': '92300', 'lr': '0.0002', 'total_loss': '0.0121379', 'main_loss': '0.0121379', 'time_per_step': '2.54529'}
2026-03-07 22:52:09,991 - train_greyscale_FA_MoE.py - {'step': '92400', 'lr': '0.0002', 'total_loss': '0.0098302', 'main_loss': '0.0098302', 'time_per_step': '2.54077'}
2026-03-07 22:56:41,551 - train_greyscale_FA_MoE.py - {'step': '92500', 'lr': '0.0002', 'total_loss': '0.00796416', 'main_loss': '0.00796416', 'time_per_step': '2.63193'}
2026-03-07 23:01:11,840 - train_greyscale_FA_MoE.py - {'step': '92600', 'lr': '0.0002', 'total_loss': '0.0124521', 'main_loss': '0.0124521', 'time_per_step': '2.60024'}
2026-03-07 23:05:43,589 - train_greyscale_FA_MoE.py - {'step': '92700', 'lr': '0.0002', 'total_loss': '0.010505', 'main_loss': '0.010505', 'time_per_step': '2.61689'}
2026-03-07 23:10:14,730 - train_greyscale_FA_MoE.py - {'step': '92800', 'lr': '0.0002', 'total_loss': '0.00981323', 'main_loss': '0.00981323', 'time_per_step': '2.61068'}
2026-03-07 23:14:44,522 - train_greyscale_FA_MoE.py - {'step': '92900', 'lr': '0.0002', 'total_loss': '0.0119785', 'main_loss': '0.0119785', 'time_per_step': '2.59381'}
2026-03-07 23:19:15,827 - train_greyscale_FA_MoE.py - {'step': '93000', 'lr': '0.0002', 'total_loss': '0.0111727', 'main_loss': '0.0111727', 'time_per_step': '2.64068'}
2026-03-07 23:23:46,969 - train_greyscale_FA_MoE.py - {'step': '93100', 'lr': '0.0002', 'total_loss': '0.0133043', 'main_loss': '0.0133043', 'time_per_step': '2.62881'}
2026-03-07 23:28:17,179 - train_greyscale_FA_MoE.py - {'step': '93200', 'lr': '0.0002', 'total_loss': '0.00983915', 'main_loss': '0.00983915', 'time_per_step': '2.62891'}
2026-03-07 23:32:48,148 - train_greyscale_FA_MoE.py - {'step': '93300', 'lr': '0.0002', 'total_loss': '0.00990828', 'main_loss': '0.00990828', 'time_per_step': '2.60081'}
2026-03-07 23:37:20,760 - train_greyscale_FA_MoE.py - {'step': '93400', 'lr': '0.0002', 'total_loss': '0.0119615', 'main_loss': '0.0119615', 'time_per_step': '2.70647'}
2026-03-07 23:41:51,602 - train_greyscale_FA_MoE.py - {'step': '93500', 'lr': '0.0002', 'total_loss': '0.0134934', 'main_loss': '0.0134934', 'time_per_step': '2.53848'}
2026-03-07 23:46:22,374 - train_greyscale_FA_MoE.py - {'step': '93600', 'lr': '0.0002', 'total_loss': '0.0117849', 'main_loss': '0.0117849', 'time_per_step': '2.54118'}
2026-03-07 23:50:53,596 - train_greyscale_FA_MoE.py - {'step': '93700', 'lr': '0.0002', 'total_loss': '0.0080921', 'main_loss': '0.0080921', 'time_per_step': '2.64134'}
2026-03-07 23:55:23,590 - train_greyscale_FA_MoE.py - {'step': '93800', 'lr': '0.0002', 'total_loss': '0.0077898', 'main_loss': '0.0077898', 'time_per_step': '2.64462'}
2026-03-07 23:59:54,629 - train_greyscale_FA_MoE.py - {'step': '93900', 'lr': '0.0002', 'total_loss': '0.0147846', 'main_loss': '0.0147846', 'time_per_step': '2.60311'}
2026-03-08 00:04:25,644 - train_greyscale_FA_MoE.py - {'step': '94000', 'lr': '0.0002', 'total_loss': '0.0109662', 'main_loss': '0.0109662', 'time_per_step': '2.63011'}
2026-03-08 00:08:55,923 - train_greyscale_FA_MoE.py - {'step': '94100', 'lr': '0.0002', 'total_loss': '0.0113555', 'main_loss': '0.0113555', 'time_per_step': '2.69596'}
2026-03-08 00:13:26,770 - train_greyscale_FA_MoE.py - {'step': '94200', 'lr': '0.0002', 'total_loss': '0.0123516', 'main_loss': '0.0123516', 'time_per_step': '2.69987'}
2026-03-08 00:17:57,270 - train_greyscale_FA_MoE.py - {'step': '94300', 'lr': '0.0002', 'total_loss': '0.00661788', 'main_loss': '0.00661788', 'time_per_step': '2.69248'}
2026-03-08 00:22:27,790 - train_greyscale_FA_MoE.py - {'step': '94400', 'lr': '0.0002', 'total_loss': '0.00907149', 'main_loss': '0.00907149', 'time_per_step': '2.7772'}
2026-03-08 00:26:58,818 - train_greyscale_FA_MoE.py - {'step': '94500', 'lr': '0.0002', 'total_loss': '0.00990375', 'main_loss': '0.00990375', 'time_per_step': '2.62839'}
2026-03-08 00:31:30,240 - train_greyscale_FA_MoE.py - {'step': '94600', 'lr': '0.0002', 'total_loss': '0.011048', 'main_loss': '0.011048', 'time_per_step': '2.61081'}
2026-03-08 00:36:00,900 - train_greyscale_FA_MoE.py - {'step': '94700', 'lr': '0.0002', 'total_loss': '0.0101664', 'main_loss': '0.0101664', 'time_per_step': '2.82179'}
2026-03-08 00:40:32,068 - train_greyscale_FA_MoE.py - {'step': '94800', 'lr': '0.0002', 'total_loss': '0.00715701', 'main_loss': '0.00715701', 'time_per_step': '2.54051'}
2026-03-08 00:45:03,413 - train_greyscale_FA_MoE.py - {'step': '94900', 'lr': '0.0002', 'total_loss': '0.00950804', 'main_loss': '0.00950804', 'time_per_step': '2.60716'}
2026-03-08 00:49:34,381 - train_greyscale_FA_MoE.py - {'step': '95000', 'lr': '0.0002', 'total_loss': '0.00644558', 'main_loss': '0.00644558', 'time_per_step': '2.63496'}
2026-03-08 00:54:04,789 - train_greyscale_FA_MoE.py - {'step': '95100', 'lr': '0.0002', 'total_loss': '0.0149997', 'main_loss': '0.0149997', 'time_per_step': '2.60363'}
2026-03-08 00:58:35,630 - train_greyscale_FA_MoE.py - {'step': '95200', 'lr': '0.0002', 'total_loss': '0.00855078', 'main_loss': '0.00855078', 'time_per_step': '2.62489'}
2026-03-08 01:03:06,565 - train_greyscale_FA_MoE.py - {'step': '95300', 'lr': '0.0002', 'total_loss': '0.0112012', 'main_loss': '0.0112012', 'time_per_step': '2.59172'}
2026-03-08 01:07:37,086 - train_greyscale_FA_MoE.py - {'step': '95400', 'lr': '0.0002', 'total_loss': '0.00700074', 'main_loss': '0.00700074', 'time_per_step': '2.60192'}
2026-03-08 01:12:08,107 - train_greyscale_FA_MoE.py - {'step': '95500', 'lr': '0.0002', 'total_loss': '0.0156243', 'main_loss': '0.0156243', 'time_per_step': '2.59908'}
2026-03-08 01:16:39,440 - train_greyscale_FA_MoE.py - {'step': '95600', 'lr': '0.0002', 'total_loss': '0.012018', 'main_loss': '0.012018', 'time_per_step': '2.59451'}
2026-03-08 01:21:09,466 - train_greyscale_FA_MoE.py - {'step': '95700', 'lr': '0.0002', 'total_loss': '0.00727259', 'main_loss': '0.00727259', 'time_per_step': '2.60465'}
2026-03-08 01:25:40,333 - train_greyscale_FA_MoE.py - {'step': '95800', 'lr': '0.0002', 'total_loss': '0.00822268', 'main_loss': '0.00822268', 'time_per_step': '2.61875'}
2026-03-08 01:30:11,758 - train_greyscale_FA_MoE.py - {'step': '95900', 'lr': '0.0002', 'total_loss': '0.00764989', 'main_loss': '0.00764989', 'time_per_step': '2.54883'}
2026-03-08 01:34:42,501 - train_greyscale_FA_MoE.py - {'step': '96000', 'lr': '0.0002', 'total_loss': '0.0110411', 'main_loss': '0.0110411', 'time_per_step': '2.53733'}
2026-03-08 01:39:14,936 - train_greyscale_FA_MoE.py - {'step': '96100', 'lr': '0.0002', 'total_loss': '0.00741293', 'main_loss': '0.00741293', 'time_per_step': '2.64487'}
2026-03-08 01:43:46,147 - train_greyscale_FA_MoE.py - {'step': '96200', 'lr': '0.0002', 'total_loss': '0.0105713', 'main_loss': '0.0105713', 'time_per_step': '2.60367'}
2026-03-08 01:48:16,059 - train_greyscale_FA_MoE.py - {'step': '96300', 'lr': '0.0002', 'total_loss': '0.00825391', 'main_loss': '0.00825391', 'time_per_step': '2.61933'}
2026-03-08 01:52:46,877 - train_greyscale_FA_MoE.py - {'step': '96400', 'lr': '0.0002', 'total_loss': '0.00696033', 'main_loss': '0.00696033', 'time_per_step': '2.62797'}
2026-03-08 01:57:17,896 - train_greyscale_FA_MoE.py - {'step': '96500', 'lr': '0.0002', 'total_loss': '0.0125441', 'main_loss': '0.0125441', 'time_per_step': '2.60848'}
2026-03-08 02:01:47,627 - train_greyscale_FA_MoE.py - {'step': '96600', 'lr': '0.0002', 'total_loss': '0.00910612', 'main_loss': '0.00910612', 'time_per_step': '2.62146'}
2026-03-08 02:06:18,008 - train_greyscale_FA_MoE.py - {'step': '96700', 'lr': '0.0002', 'total_loss': '0.010707', 'main_loss': '0.010707', 'time_per_step': '2.60574'}
2026-03-08 02:10:49,303 - train_greyscale_FA_MoE.py - {'step': '96800', 'lr': '0.0002', 'total_loss': '0.0135636', 'main_loss': '0.0135636', 'time_per_step': '2.61254'}
2026-03-08 02:15:20,657 - train_greyscale_FA_MoE.py - {'step': '96900', 'lr': '0.0002', 'total_loss': '0.00862285', 'main_loss': '0.00862285', 'time_per_step': '2.70591'}
2026-03-08 02:19:51,775 - train_greyscale_FA_MoE.py - {'step': '97000', 'lr': '0.0002', 'total_loss': '0.01211', 'main_loss': '0.01211', 'time_per_step': '2.62504'}
2026-03-08 02:24:21,634 - train_greyscale_FA_MoE.py - {'step': '97100', 'lr': '0.0002', 'total_loss': '0.00978564', 'main_loss': '0.00978564', 'time_per_step': '2.57314'}
2026-03-08 02:28:52,352 - train_greyscale_FA_MoE.py - {'step': '97200', 'lr': '0.0002', 'total_loss': '0.00776164', 'main_loss': '0.00776164', 'time_per_step': '2.54161'}
2026-03-08 02:33:24,136 - train_greyscale_FA_MoE.py - {'step': '97300', 'lr': '0.0002', 'total_loss': '0.00980761', 'main_loss': '0.00980761', 'time_per_step': '2.59464'}
2026-03-08 02:37:55,685 - train_greyscale_FA_MoE.py - {'step': '97400', 'lr': '0.0002', 'total_loss': '0.00838621', 'main_loss': '0.00838621', 'time_per_step': '2.63962'}
2026-03-08 02:42:25,337 - train_greyscale_FA_MoE.py - {'step': '97500', 'lr': '0.0002', 'total_loss': '0.0108653', 'main_loss': '0.0108653', 'time_per_step': '2.63495'}
2026-03-08 02:46:55,356 - train_greyscale_FA_MoE.py - {'step': '97600', 'lr': '0.0002', 'total_loss': '0.00932578', 'main_loss': '0.00932578', 'time_per_step': '2.60194'}
2026-03-08 02:51:26,681 - train_greyscale_FA_MoE.py - {'step': '97700', 'lr': '0.0002', 'total_loss': '0.00705678', 'main_loss': '0.00705678', 'time_per_step': '2.71892'}
2026-03-08 02:55:57,916 - train_greyscale_FA_MoE.py - {'step': '97800', 'lr': '0.0002', 'total_loss': '0.00765424', 'main_loss': '0.00765424', 'time_per_step': '2.68615'}
2026-03-08 03:00:28,055 - train_greyscale_FA_MoE.py - {'step': '97900', 'lr': '0.0002', 'total_loss': '0.0119335', 'main_loss': '0.0119335', 'time_per_step': '2.73894'}
2026-03-08 03:04:59,742 - train_greyscale_FA_MoE.py - {'step': '98000', 'lr': '0.0002', 'total_loss': '0.0114246', 'main_loss': '0.0114246', 'time_per_step': '2.60267'}
2026-03-08 03:09:30,611 - train_greyscale_FA_MoE.py - {'step': '98100', 'lr': '0.0002', 'total_loss': '0.0124175', 'main_loss': '0.0124175', 'time_per_step': '2.61496'}
2026-03-08 03:14:00,832 - train_greyscale_FA_MoE.py - {'step': '98200', 'lr': '0.0002', 'total_loss': '0.00767461', 'main_loss': '0.00767461', 'time_per_step': '2.61609'}
2026-03-08 03:18:31,595 - train_greyscale_FA_MoE.py - {'step': '98300', 'lr': '0.0002', 'total_loss': '0.0119144', 'main_loss': '0.0119144', 'time_per_step': '2.53418'}
2026-03-08 03:23:00,840 - train_greyscale_FA_MoE.py - {'step': '98400', 'lr': '0.0002', 'total_loss': '0.0133859', 'main_loss': '0.0133859', 'time_per_step': '2.52887'}
2026-03-08 03:27:32,247 - train_greyscale_FA_MoE.py - {'step': '98500', 'lr': '0.0002', 'total_loss': '0.00911122', 'main_loss': '0.00911122', 'time_per_step': '2.6381'}
2026-03-08 03:32:02,649 - train_greyscale_FA_MoE.py - {'step': '98600', 'lr': '0.0002', 'total_loss': '0.00730883', 'main_loss': '0.00730883', 'time_per_step': '2.60668'}
2026-03-08 03:36:34,915 - train_greyscale_FA_MoE.py - {'step': '98700', 'lr': '0.0002', 'total_loss': '0.0116053', 'main_loss': '0.0116053', 'time_per_step': '2.612'}
2026-03-08 03:41:05,773 - train_greyscale_FA_MoE.py - {'step': '98800', 'lr': '0.0002', 'total_loss': '0.0130553', 'main_loss': '0.0130553', 'time_per_step': '2.59826'}
2026-03-08 03:45:37,162 - train_greyscale_FA_MoE.py - {'step': '98900', 'lr': '0.0002', 'total_loss': '0.0105928', 'main_loss': '0.0105928', 'time_per_step': '2.64223'}
2026-03-08 03:50:07,923 - train_greyscale_FA_MoE.py - {'step': '99000', 'lr': '0.0002', 'total_loss': '0.00877306', 'main_loss': '0.00877306', 'time_per_step': '2.64872'}
2026-03-08 03:54:39,987 - train_greyscale_FA_MoE.py - {'step': '99100', 'lr': '0.0002', 'total_loss': '0.00995456', 'main_loss': '0.00995456', 'time_per_step': '2.59636'}
2026-03-08 03:59:11,048 - train_greyscale_FA_MoE.py - {'step': '99200', 'lr': '0.0002', 'total_loss': '0.015092', 'main_loss': '0.015092', 'time_per_step': '2.63309'}
2026-03-08 04:03:41,116 - train_greyscale_FA_MoE.py - {'step': '99300', 'lr': '0.0002', 'total_loss': '0.0105364', 'main_loss': '0.0105364', 'time_per_step': '2.65596'}
2026-03-08 04:08:10,999 - train_greyscale_FA_MoE.py - {'step': '99400', 'lr': '0.0002', 'total_loss': '0.010128', 'main_loss': '0.010128', 'time_per_step': '2.66519'}
2026-03-08 04:12:42,076 - train_greyscale_FA_MoE.py - {'step': '99500', 'lr': '0.0002', 'total_loss': '0.00866937', 'main_loss': '0.00866937', 'time_per_step': '2.55413'}
2026-03-08 04:17:12,339 - train_greyscale_FA_MoE.py - {'step': '99600', 'lr': '0.0002', 'total_loss': '0.00661301', 'main_loss': '0.00661301', 'time_per_step': '2.53736'}
2026-03-08 04:21:43,485 - train_greyscale_FA_MoE.py - {'step': '99700', 'lr': '0.0002', 'total_loss': '0.00868715', 'main_loss': '0.00868715', 'time_per_step': '2.61291'}
2026-03-08 04:26:14,577 - train_greyscale_FA_MoE.py - {'step': '99800', 'lr': '0.0002', 'total_loss': '0.0105842', 'main_loss': '0.0105842', 'time_per_step': '2.62289'}
2026-03-08 04:30:45,395 - train_greyscale_FA_MoE.py - {'step': '99900', 'lr': '0.0002', 'total_loss': '0.00637085', 'main_loss': '0.00637085', 'time_per_step': '2.62728'}
2026-03-08 04:35:15,655 - train_greyscale_FA_MoE.py - {'step': '100000', 'lr': '0.0002', 'total_loss': '0.00747699', 'main_loss': '0.00747699', 'time_per_step': '2.61556'}
2026-03-08 04:35:15,695 - train_greyscale_FA_MoE.py - Saved expert distribution of layer in_block_0 to output_shift_fa/acdc_wholeheart_uncond_fa_ec_4moe8_greyscale_uvit_mid_4by4_l8r9_low16_Y_bound/samples/expert_distribution_in_block_0_step100000.npy
2026-03-08 04:35:18,036 - train_greyscale_FA_MoE.py - Saved expert distribution of layer out_block_7 to output_shift_fa/acdc_wholeheart_uncond_fa_ec_4moe8_greyscale_uvit_mid_4by4_l8r9_low16_Y_bound/samples/expert_distribution_out_block_7_step100000.npy
2026-03-08 04:35:20,536 - train_greyscale_FA_MoE.py - Save a grid of 16 samples into output_shift_fa/acdc_wholeheart_uncond_fa_ec_4moe8_greyscale_uvit_mid_4by4_l8r9_low16_Y_bound/samples/100000.png by DPM-Solver
2026-03-08 04:35:26,774 - train_greyscale_FA_MoE.py - Finished saving sample grid to output_shift_fa/acdc_wholeheart_uncond_fa_ec_4moe8_greyscale_uvit_mid_4by4_l8r9_low16_Y_bound/samples/100000.png by DPM-Solver.
2026-03-08 04:35:26,827 - train_greyscale_FA_MoE.py - Save and eval checkpoint 100000...
2026-03-08 04:35:29,523 - train_greyscale_FA_MoE.py - eval_step: n_samples=50000, sample_steps=50, algorithm=dpm_solver, mini_batch_size=500, samples save into output_shift_fa/acdc_wholeheart_uncond_fa_ec_4moe8_greyscale_uvit_mid_4by4_l8r9_low16_Y_bound/samples/acdc_wholeheart_uncond_uvit_FA_EC_4MoE8_greyscale_mid_4by4_low16_100000_dpm
2026-03-08 05:31:23,662 - train_greyscale_FA_MoE.py - step=100000 fid50000=17.079032127808148
2026-03-08 05:37:24,821 - is_lpips.py - LPIPS: 0.5137 ± 0.0505
2026-03-08 05:37:24,825 - train_greyscale_FA_MoE.py - step=100000 LPIPS50000=0.5136740710820052
2026-03-08 05:42:30,159 - train_greyscale_FA_MoE.py - {'step': '100100', 'lr': '0.0002', 'total_loss': '0.00994728', 'main_loss': '0.00994728', 'time_per_step': '2.60552'}
2026-03-08 05:47:00,171 - train_greyscale_FA_MoE.py - {'step': '100200', 'lr': '0.0002', 'total_loss': '0.0107129', 'main_loss': '0.0107129', 'time_per_step': '2.60072'}
2026-03-08 05:51:31,372 - train_greyscale_FA_MoE.py - {'step': '100300', 'lr': '0.0002', 'total_loss': '0.0117708', 'main_loss': '0.0117708', 'time_per_step': '2.62861'}
2026-03-08 05:56:02,403 - train_greyscale_FA_MoE.py - {'step': '100400', 'lr': '0.0002', 'total_loss': '0.0123402', 'main_loss': '0.0123402', 'time_per_step': '2.6151'}
2026-03-08 06:00:33,385 - train_greyscale_FA_MoE.py - {'step': '100500', 'lr': '0.0002', 'total_loss': '0.0120881', 'main_loss': '0.0120881', 'time_per_step': '2.64689'}
2026-03-08 06:05:03,268 - train_greyscale_FA_MoE.py - {'step': '100600', 'lr': '0.0002', 'total_loss': '0.0122073', 'main_loss': '0.0122073', 'time_per_step': '2.64294'}
2026-03-08 06:09:34,305 - train_greyscale_FA_MoE.py - {'step': '100700', 'lr': '0.0002', 'total_loss': '0.0112815', 'main_loss': '0.0112815', 'time_per_step': '2.55683'}
2026-03-08 06:14:04,885 - train_greyscale_FA_MoE.py - {'step': '100800', 'lr': '0.0002', 'total_loss': '0.0131455', 'main_loss': '0.0131455', 'time_per_step': '2.53653'}
2026-03-08 06:18:36,562 - train_greyscale_FA_MoE.py - {'step': '100900', 'lr': '0.0002', 'total_loss': '0.00886123', 'main_loss': '0.00886123', 'time_per_step': '2.62298'}
2026-03-08 06:23:06,909 - train_greyscale_FA_MoE.py - {'step': '101000', 'lr': '0.0002', 'total_loss': '0.0120758', 'main_loss': '0.0120758', 'time_per_step': '2.63888'}
2026-03-08 06:27:37,970 - train_greyscale_FA_MoE.py - {'step': '101100', 'lr': '0.0002', 'total_loss': '0.0139402', 'main_loss': '0.0139402', 'time_per_step': '2.61219'}
2026-03-08 06:32:09,404 - train_greyscale_FA_MoE.py - {'step': '101200', 'lr': '0.0002', 'total_loss': '0.00962939', 'main_loss': '0.00962939', 'time_per_step': '2.63017'}
2026-03-08 06:36:41,081 - train_greyscale_FA_MoE.py - {'step': '101300', 'lr': '0.0002', 'total_loss': '0.00987788', 'main_loss': '0.00987788', 'time_per_step': '2.62617'}
2026-03-08 06:41:12,432 - train_greyscale_FA_MoE.py - {'step': '101400', 'lr': '0.0002', 'total_loss': '0.0113213', 'main_loss': '0.0113213', 'time_per_step': '2.6196'}
2026-03-08 06:45:42,294 - train_greyscale_FA_MoE.py - {'step': '101500', 'lr': '0.0002', 'total_loss': '0.0101978', 'main_loss': '0.0101978', 'time_per_step': '2.61376'}
2026-03-08 06:50:13,970 - train_greyscale_FA_MoE.py - {'step': '101600', 'lr': '0.0002', 'total_loss': '0.0113663', 'main_loss': '0.0113663', 'time_per_step': '2.63271'}
2026-03-08 06:54:45,123 - train_greyscale_FA_MoE.py - {'step': '101700', 'lr': '0.0002', 'total_loss': '0.00829096', 'main_loss': '0.00829096', 'time_per_step': '2.62081'}
2026-03-08 06:59:15,865 - train_greyscale_FA_MoE.py - {'step': '101800', 'lr': '0.0002', 'total_loss': '0.00964218', 'main_loss': '0.00964218', 'time_per_step': '2.62127'}
2026-03-08 07:03:46,159 - train_greyscale_FA_MoE.py - {'step': '101900', 'lr': '0.0002', 'total_loss': '0.0081784', 'main_loss': '0.0081784', 'time_per_step': '2.55026'}
2026-03-08 07:08:17,089 - train_greyscale_FA_MoE.py - {'step': '102000', 'lr': '0.0002', 'total_loss': '0.00987636', 'main_loss': '0.00987636', 'time_per_step': '2.54213'}
2026-03-08 07:12:49,062 - train_greyscale_FA_MoE.py - {'step': '102100', 'lr': '0.0002', 'total_loss': '0.0101986', 'main_loss': '0.0101986', 'time_per_step': '2.60669'}
2026-03-08 07:17:20,849 - train_greyscale_FA_MoE.py - {'step': '102200', 'lr': '0.0002', 'total_loss': '0.0107958', 'main_loss': '0.0107958', 'time_per_step': '2.74835'}
2026-03-08 07:21:52,016 - train_greyscale_FA_MoE.py - {'step': '102300', 'lr': '0.0002', 'total_loss': '0.0126632', 'main_loss': '0.0126632', 'time_per_step': '2.64502'}
2026-03-08 07:26:21,725 - train_greyscale_FA_MoE.py - {'step': '102400', 'lr': '0.0002', 'total_loss': '0.00906529', 'main_loss': '0.00906529', 'time_per_step': '2.64724'}
2026-03-08 07:30:52,309 - train_greyscale_FA_MoE.py - {'step': '102500', 'lr': '0.0002', 'total_loss': '0.0119112', 'main_loss': '0.0119112', 'time_per_step': '2.62582'}
2026-03-08 07:35:23,174 - train_greyscale_FA_MoE.py - {'step': '102600', 'lr': '0.0002', 'total_loss': '0.00804669', 'main_loss': '0.00804669', 'time_per_step': '2.59603'}
2026-03-08 07:39:54,691 - train_greyscale_FA_MoE.py - {'step': '102700', 'lr': '0.0002', 'total_loss': '0.00896995', 'main_loss': '0.00896995', 'time_per_step': '2.63118'}
2026-03-08 07:44:26,051 - train_greyscale_FA_MoE.py - {'step': '102800', 'lr': '0.0002', 'total_loss': '0.00922254', 'main_loss': '0.00922254', 'time_per_step': '2.68129'}
2026-03-08 07:48:56,780 - train_greyscale_FA_MoE.py - {'step': '102900', 'lr': '0.0002', 'total_loss': '0.0111139', 'main_loss': '0.0111139', 'time_per_step': '2.68059'}
2026-03-08 07:53:26,887 - train_greyscale_FA_MoE.py - {'step': '103000', 'lr': '0.0002', 'total_loss': '0.0116766', 'main_loss': '0.0116766', 'time_per_step': '2.69616'}
2026-03-08 07:57:57,883 - train_greyscale_FA_MoE.py - {'step': '103100', 'lr': '0.0002', 'total_loss': '0.00961184', 'main_loss': '0.00961184', 'time_per_step': '2.71916'}
2026-03-08 08:02:27,947 - train_greyscale_FA_MoE.py - {'step': '103200', 'lr': '0.0002', 'total_loss': '0.00895829', 'main_loss': '0.00895829', 'time_per_step': '2.58034'}
2026-03-08 08:06:58,734 - train_greyscale_FA_MoE.py - {'step': '103300', 'lr': '0.0002', 'total_loss': '0.00814126', 'main_loss': '0.00814126', 'time_per_step': '2.64296'}
2026-03-08 08:11:30,137 - train_greyscale_FA_MoE.py - {'step': '103400', 'lr': '0.0002', 'total_loss': '0.0116946', 'main_loss': '0.0116946', 'time_per_step': '2.60875'}
2026-03-08 08:16:01,072 - train_greyscale_FA_MoE.py - {'step': '103500', 'lr': '0.0002', 'total_loss': '0.00785842', 'main_loss': '0.00785842', 'time_per_step': '2.59032'}
2026-03-08 08:20:31,680 - train_greyscale_FA_MoE.py - {'step': '103600', 'lr': '0.0002', 'total_loss': '0.0117757', 'main_loss': '0.0117757', 'time_per_step': '2.62672'}
2026-03-08 08:25:02,638 - train_greyscale_FA_MoE.py - {'step': '103700', 'lr': '0.0002', 'total_loss': '0.0106783', 'main_loss': '0.0106783', 'time_per_step': '2.61837'}
2026-03-08 08:29:33,570 - train_greyscale_FA_MoE.py - {'step': '103800', 'lr': '0.0002', 'total_loss': '0.00759213', 'main_loss': '0.00759213', 'time_per_step': '2.63896'}
2026-03-08 08:34:04,636 - train_greyscale_FA_MoE.py - {'step': '103900', 'lr': '0.0002', 'total_loss': '0.0122292', 'main_loss': '0.0122292', 'time_per_step': '2.61073'}
2026-03-08 08:38:36,029 - train_greyscale_FA_MoE.py - {'step': '104000', 'lr': '0.0002', 'total_loss': '0.00784802', 'main_loss': '0.00784802', 'time_per_step': '2.61315'}
2026-03-08 08:43:07,116 - train_greyscale_FA_MoE.py - {'step': '104100', 'lr': '0.0002', 'total_loss': '0.00758287', 'main_loss': '0.00758287', 'time_per_step': '2.63871'}
2026-03-08 08:47:37,114 - train_greyscale_FA_MoE.py - {'step': '104200', 'lr': '0.0002', 'total_loss': '0.0112684', 'main_loss': '0.0112684', 'time_per_step': '2.6091'}
2026-03-08 08:52:08,430 - train_greyscale_FA_MoE.py - {'step': '104300', 'lr': '0.0002', 'total_loss': '0.0080938', 'main_loss': '0.0080938', 'time_per_step': '2.56225'}
2026-03-08 08:56:39,414 - train_greyscale_FA_MoE.py - {'step': '104400', 'lr': '0.0002', 'total_loss': '0.0117964', 'main_loss': '0.0117964', 'time_per_step': '2.53982'}
2026-03-08 09:01:10,087 - train_greyscale_FA_MoE.py - {'step': '104500', 'lr': '0.0002', 'total_loss': '0.00609529', 'main_loss': '0.00609529', 'time_per_step': '2.60964'}
2026-03-08 09:05:41,136 - train_greyscale_FA_MoE.py - {'step': '104600', 'lr': '0.0002', 'total_loss': '0.0104346', 'main_loss': '0.0104346', 'time_per_step': '2.6122'}
2026-03-08 09:10:12,195 - train_greyscale_FA_MoE.py - {'step': '104700', 'lr': '0.0002', 'total_loss': '0.0120719', 'main_loss': '0.0120719', 'time_per_step': '2.63185'}
2026-03-08 09:14:42,921 - train_greyscale_FA_MoE.py - {'step': '104800', 'lr': '0.0002', 'total_loss': '0.014738', 'main_loss': '0.014738', 'time_per_step': '2.62104'}
2026-03-08 09:19:13,788 - train_greyscale_FA_MoE.py - {'step': '104900', 'lr': '0.0002', 'total_loss': '0.0126101', 'main_loss': '0.0126101', 'time_per_step': '2.61644'}
2026-03-08 09:23:45,100 - train_greyscale_FA_MoE.py - {'step': '105000', 'lr': '0.0002', 'total_loss': '0.00975453', 'main_loss': '0.00975453', 'time_per_step': '2.62504'}
2026-03-08 09:28:16,203 - train_greyscale_FA_MoE.py - {'step': '105100', 'lr': '0.0002', 'total_loss': '0.00697611', 'main_loss': '0.00697611', 'time_per_step': '2.59166'}
2026-03-08 09:32:46,184 - train_greyscale_FA_MoE.py - {'step': '105200', 'lr': '0.0002', 'total_loss': '0.00911545', 'main_loss': '0.00911545', 'time_per_step': '2.61249'}
2026-03-08 09:37:16,776 - train_greyscale_FA_MoE.py - {'step': '105300', 'lr': '0.0002', 'total_loss': '0.00609298', 'main_loss': '0.00609298', 'time_per_step': '2.63341'}
2026-03-08 09:41:48,371 - train_greyscale_FA_MoE.py - {'step': '105400', 'lr': '0.0002', 'total_loss': '0.0141396', 'main_loss': '0.0141396', 'time_per_step': '2.6193'}
2026-03-08 09:46:19,402 - train_greyscale_FA_MoE.py - {'step': '105500', 'lr': '0.0002', 'total_loss': '0.0063269', 'main_loss': '0.0063269', 'time_per_step': '2.55613'}
2026-03-08 09:50:50,106 - train_greyscale_FA_MoE.py - {'step': '105600', 'lr': '0.0002', 'total_loss': '0.00989475', 'main_loss': '0.00989475', 'time_per_step': '2.55042'}
2026-03-08 09:55:21,573 - train_greyscale_FA_MoE.py - {'step': '105700', 'lr': '0.0002', 'total_loss': '0.00996214', 'main_loss': '0.00996214', 'time_per_step': '2.7127'}
2026-03-08 09:59:51,923 - train_greyscale_FA_MoE.py - {'step': '105800', 'lr': '0.0002', 'total_loss': '0.0146513', 'main_loss': '0.0146513', 'time_per_step': '2.66994'}
2026-03-08 10:04:22,936 - train_greyscale_FA_MoE.py - {'step': '105900', 'lr': '0.0002', 'total_loss': '0.0132885', 'main_loss': '0.0132885', 'time_per_step': '2.59792'}
2026-03-08 10:08:53,934 - train_greyscale_FA_MoE.py - {'step': '106000', 'lr': '0.0002', 'total_loss': '0.0125026', 'main_loss': '0.0125026', 'time_per_step': '2.63014'}
2026-03-08 10:13:23,801 - train_greyscale_FA_MoE.py - {'step': '106100', 'lr': '0.0002', 'total_loss': '0.0089113', 'main_loss': '0.0089113', 'time_per_step': '2.58562'}
2026-03-08 10:17:54,022 - train_greyscale_FA_MoE.py - {'step': '106200', 'lr': '0.0002', 'total_loss': '0.0109716', 'main_loss': '0.0109716', 'time_per_step': '2.62771'}
2026-03-08 10:22:25,195 - train_greyscale_FA_MoE.py - {'step': '106300', 'lr': '0.0002', 'total_loss': '0.0111557', 'main_loss': '0.0111557', 'time_per_step': '2.61922'}
2026-03-08 10:26:56,129 - train_greyscale_FA_MoE.py - {'step': '106400', 'lr': '0.0002', 'total_loss': '0.00916129', 'main_loss': '0.00916129', 'time_per_step': '2.71969'}
2026-03-08 10:31:26,974 - train_greyscale_FA_MoE.py - {'step': '106500', 'lr': '0.0002', 'total_loss': '0.0113383', 'main_loss': '0.0113383', 'time_per_step': '2.69934'}
2026-03-08 10:35:58,398 - train_greyscale_FA_MoE.py - {'step': '106600', 'lr': '0.0002', 'total_loss': '0.0130602', 'main_loss': '0.0130602', 'time_per_step': '3.028'}
2026-03-08 10:40:29,356 - train_greyscale_FA_MoE.py - {'step': '106700', 'lr': '0.0002', 'total_loss': '0.0123415', 'main_loss': '0.0123415', 'time_per_step': '2.53866'}
2026-03-08 10:44:59,996 - train_greyscale_FA_MoE.py - {'step': '106800', 'lr': '0.0002', 'total_loss': '0.0128931', 'main_loss': '0.0128931', 'time_per_step': '2.5245'}
2026-03-08 10:49:30,808 - train_greyscale_FA_MoE.py - {'step': '106900', 'lr': '0.0002', 'total_loss': '0.00698892', 'main_loss': '0.00698892', 'time_per_step': '2.62671'}
2026-03-08 10:54:00,732 - train_greyscale_FA_MoE.py - {'step': '107000', 'lr': '0.0002', 'total_loss': '0.00918481', 'main_loss': '0.00918481', 'time_per_step': '2.60201'}
2026-03-08 10:58:31,682 - train_greyscale_FA_MoE.py - {'step': '107100', 'lr': '0.0002', 'total_loss': '0.00997166', 'main_loss': '0.00997166', 'time_per_step': '2.63894'}
2026-03-08 11:03:02,823 - train_greyscale_FA_MoE.py - {'step': '107200', 'lr': '0.0002', 'total_loss': '0.0102932', 'main_loss': '0.0102932', 'time_per_step': '2.63577'}
2026-03-08 11:07:33,983 - train_greyscale_FA_MoE.py - {'step': '107300', 'lr': '0.0002', 'total_loss': '0.0151943', 'main_loss': '0.0151943', 'time_per_step': '2.61292'}
2026-03-08 11:12:04,830 - train_greyscale_FA_MoE.py - {'step': '107400', 'lr': '0.0002', 'total_loss': '0.00708764', 'main_loss': '0.00708764', 'time_per_step': '2.6145'}
2026-03-08 11:16:35,298 - train_greyscale_FA_MoE.py - {'step': '107500', 'lr': '0.0002', 'total_loss': '0.00638711', 'main_loss': '0.00638711', 'time_per_step': '2.6112'}
2026-03-08 11:21:06,394 - train_greyscale_FA_MoE.py - {'step': '107600', 'lr': '0.0002', 'total_loss': '0.00612907', 'main_loss': '0.00612907', 'time_per_step': '2.61381'}
2026-03-08 11:25:37,707 - train_greyscale_FA_MoE.py - {'step': '107700', 'lr': '0.0002', 'total_loss': '0.00781947', 'main_loss': '0.00781947', 'time_per_step': '2.63485'}
2026-03-08 11:30:08,690 - train_greyscale_FA_MoE.py - {'step': '107800', 'lr': '0.0002', 'total_loss': '0.0101193', 'main_loss': '0.0101193', 'time_per_step': '2.62279'}
2026-03-08 11:34:38,401 - train_greyscale_FA_MoE.py - {'step': '107900', 'lr': '0.0002', 'total_loss': '0.00922419', 'main_loss': '0.00922419', 'time_per_step': '2.55699'}
2026-03-08 11:39:09,401 - train_greyscale_FA_MoE.py - {'step': '108000', 'lr': '0.0002', 'total_loss': '0.00812206', 'main_loss': '0.00812206', 'time_per_step': '2.53741'}
2026-03-08 11:43:41,053 - train_greyscale_FA_MoE.py - {'step': '108100', 'lr': '0.0002', 'total_loss': '0.0104559', 'main_loss': '0.0104559', 'time_per_step': '2.61555'}
2026-03-08 11:48:12,153 - train_greyscale_FA_MoE.py - {'step': '108200', 'lr': '0.0002', 'total_loss': '0.0101381', 'main_loss': '0.0101381', 'time_per_step': '2.63568'}
2026-03-08 11:52:42,716 - train_greyscale_FA_MoE.py - {'step': '108300', 'lr': '0.0002', 'total_loss': '0.00989766', 'main_loss': '0.00989766', 'time_per_step': '2.62784'}
2026-03-08 11:57:13,375 - train_greyscale_FA_MoE.py - {'step': '108400', 'lr': '0.0002', 'total_loss': '0.00771512', 'main_loss': '0.00771512', 'time_per_step': '2.62994'}
2026-03-08 12:01:44,583 - train_greyscale_FA_MoE.py - {'step': '108500', 'lr': '0.0002', 'total_loss': '0.00643805', 'main_loss': '0.00643805', 'time_per_step': '2.63852'}
2026-03-08 12:06:15,971 - train_greyscale_FA_MoE.py - {'step': '108600', 'lr': '0.0002', 'total_loss': '0.0108667', 'main_loss': '0.0108667', 'time_per_step': '2.61436'}
2026-03-08 12:10:46,768 - train_greyscale_FA_MoE.py - {'step': '108700', 'lr': '0.0002', 'total_loss': '0.00941353', 'main_loss': '0.00941353', 'time_per_step': '2.61925'}
2026-03-08 12:15:16,621 - train_greyscale_FA_MoE.py - {'step': '108800', 'lr': '0.0002', 'total_loss': '0.00739419', 'main_loss': '0.00739419', 'time_per_step': '2.6446'}
2026-03-08 12:19:47,211 - train_greyscale_FA_MoE.py - {'step': '108900', 'lr': '0.0002', 'total_loss': '0.0086471', 'main_loss': '0.0086471', 'time_per_step': '2.62053'}
2026-03-08 12:24:18,212 - train_greyscale_FA_MoE.py - {'step': '109000', 'lr': '0.0002', 'total_loss': '0.0113077', 'main_loss': '0.0113077', 'time_per_step': '2.63534'}
2026-03-08 12:28:49,126 - train_greyscale_FA_MoE.py - {'step': '109100', 'lr': '0.0002', 'total_loss': '0.0115155', 'main_loss': '0.0115155', 'time_per_step': '2.56114'}
2026-03-08 12:33:18,686 - train_greyscale_FA_MoE.py - {'step': '109200', 'lr': '0.0002', 'total_loss': '0.0117147', 'main_loss': '0.0117147', 'time_per_step': '2.54234'}
2026-03-08 12:37:51,139 - train_greyscale_FA_MoE.py - {'step': '109300', 'lr': '0.0002', 'total_loss': '0.0168458', 'main_loss': '0.0168458', 'time_per_step': '2.63153'}
2026-03-08 12:42:22,114 - train_greyscale_FA_MoE.py - {'step': '109400', 'lr': '0.0002', 'total_loss': '0.00792566', 'main_loss': '0.00792566', 'time_per_step': '2.61835'}
2026-03-08 12:46:53,085 - train_greyscale_FA_MoE.py - {'step': '109500', 'lr': '0.0002', 'total_loss': '0.0120225', 'main_loss': '0.0120225', 'time_per_step': '2.62417'}
2026-03-08 12:51:24,211 - train_greyscale_FA_MoE.py - {'step': '109600', 'lr': '0.0002', 'total_loss': '0.00950335', 'main_loss': '0.00950335', 'time_per_step': '2.60315'}
2026-03-08 12:55:53,962 - train_greyscale_FA_MoE.py - {'step': '109700', 'lr': '0.0002', 'total_loss': '0.00975849', 'main_loss': '0.00975849', 'time_per_step': '2.62328'}
2026-03-08 13:00:24,555 - train_greyscale_FA_MoE.py - {'step': '109800', 'lr': '0.0002', 'total_loss': '0.0083363', 'main_loss': '0.0083363', 'time_per_step': '2.64184'}
2026-03-08 13:04:55,359 - train_greyscale_FA_MoE.py - {'step': '109900', 'lr': '0.0002', 'total_loss': '0.00734876', 'main_loss': '0.00734876', 'time_per_step': '2.60939'}
2026-03-08 13:09:26,176 - train_greyscale_FA_MoE.py - {'step': '110000', 'lr': '0.0002', 'total_loss': '0.00850224', 'main_loss': '0.00850224', 'time_per_step': '2.71422'}
2026-03-08 13:13:56,724 - train_greyscale_FA_MoE.py - {'step': '110100', 'lr': '0.0002', 'total_loss': '0.0108372', 'main_loss': '0.0108372', 'time_per_step': '2.71438'}
2026-03-08 13:18:27,772 - train_greyscale_FA_MoE.py - {'step': '110200', 'lr': '0.0002', 'total_loss': '0.0111424', 'main_loss': '0.0111424', 'time_per_step': '2.69948'}
2026-03-08 13:22:58,329 - train_greyscale_FA_MoE.py - {'step': '110300', 'lr': '0.0002', 'total_loss': '0.0104738', 'main_loss': '0.0104738', 'time_per_step': '2.61426'}
2026-03-08 13:27:28,342 - train_greyscale_FA_MoE.py - {'step': '110400', 'lr': '0.0002', 'total_loss': '0.010942', 'main_loss': '0.010942', 'time_per_step': '2.58921'}
2026-03-08 13:31:59,699 - train_greyscale_FA_MoE.py - {'step': '110500', 'lr': '0.0002', 'total_loss': '0.0111202', 'main_loss': '0.0111202', 'time_per_step': '2.60073'}
2026-03-08 13:36:31,547 - train_greyscale_FA_MoE.py - {'step': '110600', 'lr': '0.0002', 'total_loss': '0.00791918', 'main_loss': '0.00791918', 'time_per_step': '3.91667'}
2026-03-08 13:41:01,602 - train_greyscale_FA_MoE.py - {'step': '110700', 'lr': '0.0002', 'total_loss': '0.00766277', 'main_loss': '0.00766277', 'time_per_step': '2.64727'}
2026-03-08 13:45:32,259 - train_greyscale_FA_MoE.py - {'step': '110800', 'lr': '0.0002', 'total_loss': '0.0107828', 'main_loss': '0.0107828', 'time_per_step': '2.60968'}
2026-03-08 13:50:02,510 - train_greyscale_FA_MoE.py - {'step': '110900', 'lr': '0.0002', 'total_loss': '0.0114319', 'main_loss': '0.0114319', 'time_per_step': '2.62578'}
2026-03-08 13:54:33,638 - train_greyscale_FA_MoE.py - {'step': '111000', 'lr': '0.0002', 'total_loss': '0.0100238', 'main_loss': '0.0100238', 'time_per_step': '2.62949'}
2026-03-08 13:59:04,533 - train_greyscale_FA_MoE.py - {'step': '111100', 'lr': '0.0002', 'total_loss': '0.0107365', 'main_loss': '0.0107365', 'time_per_step': '2.61944'}
2026-03-08 14:03:34,756 - train_greyscale_FA_MoE.py - {'step': '111200', 'lr': '0.0002', 'total_loss': '0.00978693', 'main_loss': '0.00978693', 'time_per_step': '2.60809'}
2026-03-08 14:08:05,832 - train_greyscale_FA_MoE.py - {'step': '111300', 'lr': '0.0002', 'total_loss': '0.00760856', 'main_loss': '0.00760856', 'time_per_step': '2.61147'}
2026-03-08 14:12:36,675 - train_greyscale_FA_MoE.py - {'step': '111400', 'lr': '0.0002', 'total_loss': '0.0104649', 'main_loss': '0.0104649', 'time_per_step': '2.63582'}
2026-03-08 14:17:06,872 - train_greyscale_FA_MoE.py - {'step': '111500', 'lr': '0.0002', 'total_loss': '0.00761047', 'main_loss': '0.00761047', 'time_per_step': '2.54103'}
2026-03-08 14:21:36,416 - train_greyscale_FA_MoE.py - {'step': '111600', 'lr': '0.0002', 'total_loss': '0.00784997', 'main_loss': '0.00784997', 'time_per_step': '2.53986'}
2026-03-08 14:26:07,982 - train_greyscale_FA_MoE.py - {'step': '111700', 'lr': '0.0002', 'total_loss': '0.00919675', 'main_loss': '0.00919675', 'time_per_step': '2.5976'}
2026-03-08 14:30:38,644 - train_greyscale_FA_MoE.py - {'step': '111800', 'lr': '0.0002', 'total_loss': '0.00889326', 'main_loss': '0.00889326', 'time_per_step': '2.65468'}
2026-03-08 14:35:08,816 - train_greyscale_FA_MoE.py - {'step': '111900', 'lr': '0.0002', 'total_loss': '0.0116476', 'main_loss': '0.0116476', 'time_per_step': '2.62589'}
2026-03-08 14:39:40,339 - train_greyscale_FA_MoE.py - {'step': '112000', 'lr': '0.0002', 'total_loss': '0.00887762', 'main_loss': '0.00887762', 'time_per_step': '2.64724'}
2026-03-08 14:44:11,316 - train_greyscale_FA_MoE.py - {'step': '112100', 'lr': '0.0002', 'total_loss': '0.0126774', 'main_loss': '0.0126774', 'time_per_step': '2.60189'}
2026-03-08 14:48:42,236 - train_greyscale_FA_MoE.py - {'step': '112200', 'lr': '0.0002', 'total_loss': '0.010802', 'main_loss': '0.010802', 'time_per_step': '2.61584'}
2026-03-08 14:53:12,497 - train_greyscale_FA_MoE.py - {'step': '112300', 'lr': '0.0002', 'total_loss': '0.00749211', 'main_loss': '0.00749211', 'time_per_step': '2.60674'}
2026-03-08 14:57:43,577 - train_greyscale_FA_MoE.py - {'step': '112400', 'lr': '0.0002', 'total_loss': '0.0131224', 'main_loss': '0.0131224', 'time_per_step': '2.61819'}
2026-03-08 15:02:13,347 - train_greyscale_FA_MoE.py - {'step': '112500', 'lr': '0.0002', 'total_loss': '0.00643827', 'main_loss': '0.00643827', 'time_per_step': '2.65069'}
2026-03-08 15:06:44,376 - train_greyscale_FA_MoE.py - {'step': '112600', 'lr': '0.0002', 'total_loss': '0.00867325', 'main_loss': '0.00867325', 'time_per_step': '2.60789'}
2026-03-08 15:11:14,514 - train_greyscale_FA_MoE.py - {'step': '112700', 'lr': '0.0002', 'total_loss': '0.00953476', 'main_loss': '0.00953476', 'time_per_step': '2.56443'}
2026-03-08 15:15:45,274 - train_greyscale_FA_MoE.py - {'step': '112800', 'lr': '0.0002', 'total_loss': '0.00758239', 'main_loss': '0.00758239', 'time_per_step': '2.54541'}
2026-03-08 15:20:16,232 - train_greyscale_FA_MoE.py - {'step': '112900', 'lr': '0.0002', 'total_loss': '0.010563', 'main_loss': '0.010563', 'time_per_step': '2.59555'}
2026-03-08 15:24:46,668 - train_greyscale_FA_MoE.py - {'step': '113000', 'lr': '0.0002', 'total_loss': '0.0100118', 'main_loss': '0.0100118', 'time_per_step': '2.61015'}
2026-03-08 15:29:17,535 - train_greyscale_FA_MoE.py - {'step': '113100', 'lr': '0.0002', 'total_loss': '0.00709188', 'main_loss': '0.00709188', 'time_per_step': '2.62078'}
2026-03-08 15:33:47,803 - train_greyscale_FA_MoE.py - {'step': '113200', 'lr': '0.0002', 'total_loss': '0.00756325', 'main_loss': '0.00756325', 'time_per_step': '2.62036'}
2026-03-08 15:38:19,508 - train_greyscale_FA_MoE.py - {'step': '113300', 'lr': '0.0002', 'total_loss': '0.0158752', 'main_loss': '0.0158752', 'time_per_step': '2.62908'}
2026-03-08 15:42:49,333 - train_greyscale_FA_MoE.py - {'step': '113400', 'lr': '0.0002', 'total_loss': '0.00857089', 'main_loss': '0.00857089', 'time_per_step': '2.61194'}
2026-03-08 15:47:20,188 - train_greyscale_FA_MoE.py - {'step': '113500', 'lr': '0.0002', 'total_loss': '0.0111512', 'main_loss': '0.0111512', 'time_per_step': '2.63565'}
2026-03-08 15:51:50,779 - train_greyscale_FA_MoE.py - {'step': '113600', 'lr': '0.0002', 'total_loss': '0.00822705', 'main_loss': '0.00822705', 'time_per_step': '2.63958'}
2026-03-08 15:56:21,468 - train_greyscale_FA_MoE.py - {'step': '113700', 'lr': '0.0002', 'total_loss': '0.00817661', 'main_loss': '0.00817661', 'time_per_step': '2.73383'}
2026-03-08 16:00:51,777 - train_greyscale_FA_MoE.py - {'step': '113800', 'lr': '0.0002', 'total_loss': '0.0142706', 'main_loss': '0.0142706', 'time_per_step': '2.65669'}
2026-03-08 16:05:22,874 - train_greyscale_FA_MoE.py - {'step': '113900', 'lr': '0.0002', 'total_loss': '0.0107386', 'main_loss': '0.0107386', 'time_per_step': '2.53708'}
2026-03-08 16:09:53,456 - train_greyscale_FA_MoE.py - {'step': '114000', 'lr': '0.0002', 'total_loss': '0.0121806', 'main_loss': '0.0121806', 'time_per_step': '2.54172'}
2026-03-08 16:14:24,136 - train_greyscale_FA_MoE.py - {'step': '114100', 'lr': '0.0002', 'total_loss': '0.00998382', 'main_loss': '0.00998382', 'time_per_step': '2.60017'}
2026-03-08 16:18:55,064 - train_greyscale_FA_MoE.py - {'step': '114200', 'lr': '0.0002', 'total_loss': '0.0128803', 'main_loss': '0.0128803', 'time_per_step': '2.64605'}
2026-03-08 16:23:24,667 - train_greyscale_FA_MoE.py - {'step': '114300', 'lr': '0.0002', 'total_loss': '0.00905253', 'main_loss': '0.00905253', 'time_per_step': '2.62233'}
2026-03-08 16:27:55,330 - train_greyscale_FA_MoE.py - {'step': '114400', 'lr': '0.0002', 'total_loss': '0.00823138', 'main_loss': '0.00823138', 'time_per_step': '2.62479'}
2026-03-08 16:32:26,246 - train_greyscale_FA_MoE.py - {'step': '114500', 'lr': '0.0002', 'total_loss': '0.00893437', 'main_loss': '0.00893437', 'time_per_step': '2.72444'}
2026-03-08 16:36:58,420 - train_greyscale_FA_MoE.py - {'step': '114600', 'lr': '0.0002', 'total_loss': '0.00736964', 'main_loss': '0.00736964', 'time_per_step': '2.73413'}
2026-03-08 16:41:29,403 - train_greyscale_FA_MoE.py - {'step': '114700', 'lr': '0.0002', 'total_loss': '0.012884', 'main_loss': '0.012884', 'time_per_step': '2.61593'}
2026-03-08 16:46:00,280 - train_greyscale_FA_MoE.py - {'step': '114800', 'lr': '0.0002', 'total_loss': '0.0101517', 'main_loss': '0.0101517', 'time_per_step': '2.60266'}
2026-03-08 16:50:31,464 - train_greyscale_FA_MoE.py - {'step': '114900', 'lr': '0.0002', 'total_loss': '0.0078576', 'main_loss': '0.0078576', 'time_per_step': '2.61657'}
2026-03-08 16:55:01,447 - train_greyscale_FA_MoE.py - {'step': '115000', 'lr': '0.0002', 'total_loss': '0.00640889', 'main_loss': '0.00640889', 'time_per_step': '2.62303'}
2026-03-08 16:59:32,453 - train_greyscale_FA_MoE.py - {'step': '115100', 'lr': '0.0002', 'total_loss': '0.0106163', 'main_loss': '0.0106163', 'time_per_step': '2.55078'}
2026-03-08 17:04:01,711 - train_greyscale_FA_MoE.py - {'step': '115200', 'lr': '0.0002', 'total_loss': '0.00929348', 'main_loss': '0.00929348', 'time_per_step': '2.53977'}
2026-03-08 17:08:33,318 - train_greyscale_FA_MoE.py - {'step': '115300', 'lr': '0.0002', 'total_loss': '0.00820273', 'main_loss': '0.00820273', 'time_per_step': '2.65309'}
2026-03-08 17:13:03,572 - train_greyscale_FA_MoE.py - {'step': '115400', 'lr': '0.0002', 'total_loss': '0.00832944', 'main_loss': '0.00832944', 'time_per_step': '2.61817'}
2026-03-08 17:17:34,683 - train_greyscale_FA_MoE.py - {'step': '115500', 'lr': '0.0002', 'total_loss': '0.00978766', 'main_loss': '0.00978766', 'time_per_step': '2.62719'}
2026-03-08 17:22:05,876 - train_greyscale_FA_MoE.py - {'step': '115600', 'lr': '0.0002', 'total_loss': '0.0110095', 'main_loss': '0.0110095', 'time_per_step': '2.58954'}
2026-03-08 17:26:37,171 - train_greyscale_FA_MoE.py - {'step': '115700', 'lr': '0.0002', 'total_loss': '0.0102443', 'main_loss': '0.0102443', 'time_per_step': '2.61374'}
2026-03-08 17:31:07,337 - train_greyscale_FA_MoE.py - {'step': '115800', 'lr': '0.0002', 'total_loss': '0.0109102', 'main_loss': '0.0109102', 'time_per_step': '2.6226'}
2026-03-08 17:35:38,220 - train_greyscale_FA_MoE.py - {'step': '115900', 'lr': '0.0002', 'total_loss': '0.00708764', 'main_loss': '0.00708764', 'time_per_step': '2.61909'}
2026-03-08 17:40:10,356 - train_greyscale_FA_MoE.py - {'step': '116000', 'lr': '0.0002', 'total_loss': '0.00604723', 'main_loss': '0.00604723', 'time_per_step': '2.63286'}
2026-03-08 17:44:40,203 - train_greyscale_FA_MoE.py - {'step': '116100', 'lr': '0.0002', 'total_loss': '0.00863943', 'main_loss': '0.00863943', 'time_per_step': '2.6089'}
2026-03-08 17:49:11,203 - train_greyscale_FA_MoE.py - {'step': '116200', 'lr': '0.0002', 'total_loss': '0.0120952', 'main_loss': '0.0120952', 'time_per_step': '2.62505'}
2026-03-08 17:53:41,968 - train_greyscale_FA_MoE.py - {'step': '116300', 'lr': '0.0002', 'total_loss': '0.00899271', 'main_loss': '0.00899271', 'time_per_step': '2.55181'}
2026-03-08 17:58:12,052 - train_greyscale_FA_MoE.py - {'step': '116400', 'lr': '0.0002', 'total_loss': '0.0104044', 'main_loss': '0.0104044', 'time_per_step': '2.52571'}
2026-03-08 18:02:43,467 - train_greyscale_FA_MoE.py - {'step': '116500', 'lr': '0.0002', 'total_loss': '0.00999681', 'main_loss': '0.00999681', 'time_per_step': '2.63454'}
2026-03-08 18:07:14,258 - train_greyscale_FA_MoE.py - {'step': '116600', 'lr': '0.0002', 'total_loss': '0.0133727', 'main_loss': '0.0133727', 'time_per_step': '2.61308'}
2026-03-08 18:11:44,591 - train_greyscale_FA_MoE.py - {'step': '116700', 'lr': '0.0002', 'total_loss': '0.0126242', 'main_loss': '0.0126242', 'time_per_step': '2.61017'}
2026-03-08 18:16:15,815 - train_greyscale_FA_MoE.py - {'step': '116800', 'lr': '0.0002', 'total_loss': '0.0121495', 'main_loss': '0.0121495', 'time_per_step': '2.61785'}
2026-03-08 18:20:46,194 - train_greyscale_FA_MoE.py - {'step': '116900', 'lr': '0.0002', 'total_loss': '0.00763211', 'main_loss': '0.00763211', 'time_per_step': '2.63396'}
2026-03-08 18:25:16,068 - train_greyscale_FA_MoE.py - {'step': '117000', 'lr': '0.0002', 'total_loss': '0.00672011', 'main_loss': '0.00672011', 'time_per_step': '2.62301'}
2026-03-08 18:29:47,296 - train_greyscale_FA_MoE.py - {'step': '117100', 'lr': '0.0002', 'total_loss': '0.00860708', 'main_loss': '0.00860708', 'time_per_step': '2.60822'}
2026-03-08 18:34:17,867 - train_greyscale_FA_MoE.py - {'step': '117200', 'lr': '0.0002', 'total_loss': '0.00854207', 'main_loss': '0.00854207', 'time_per_step': '2.62023'}
2026-03-08 18:38:48,855 - train_greyscale_FA_MoE.py - {'step': '117300', 'lr': '0.0002', 'total_loss': '0.0105916', 'main_loss': '0.0105916', 'time_per_step': '2.61656'}
2026-03-08 18:43:19,722 - train_greyscale_FA_MoE.py - {'step': '117400', 'lr': '0.0002', 'total_loss': '0.00759968', 'main_loss': '0.00759968', 'time_per_step': '2.61855'}
2026-03-08 18:47:50,764 - train_greyscale_FA_MoE.py - {'step': '117500', 'lr': '0.0002', 'total_loss': '0.00659951', 'main_loss': '0.00659951', 'time_per_step': '2.55693'}
2026-03-08 18:52:20,709 - train_greyscale_FA_MoE.py - {'step': '117600', 'lr': '0.0002', 'total_loss': '0.010811', 'main_loss': '0.010811', 'time_per_step': '2.68931'}
2026-03-08 18:56:52,248 - train_greyscale_FA_MoE.py - {'step': '117700', 'lr': '0.0002', 'total_loss': '0.00854645', 'main_loss': '0.00854645', 'time_per_step': '2.63252'}
2026-03-08 19:01:23,748 - train_greyscale_FA_MoE.py - {'step': '117800', 'lr': '0.0002', 'total_loss': '0.0108312', 'main_loss': '0.0108312', 'time_per_step': '2.59096'}
2026-03-08 19:05:53,299 - train_greyscale_FA_MoE.py - {'step': '117900', 'lr': '0.0002', 'total_loss': '0.010163', 'main_loss': '0.010163', 'time_per_step': '2.6078'}
2026-03-08 19:10:23,497 - train_greyscale_FA_MoE.py - {'step': '118000', 'lr': '0.0002', 'total_loss': '0.0114816', 'main_loss': '0.0114816', 'time_per_step': '2.58723'}
2026-03-08 19:14:54,940 - train_greyscale_FA_MoE.py - {'step': '118100', 'lr': '0.0002', 'total_loss': '0.00899296', 'main_loss': '0.00899296', 'time_per_step': '2.6304'}
2026-03-08 19:19:26,160 - train_greyscale_FA_MoE.py - {'step': '118200', 'lr': '0.0002', 'total_loss': '0.00670796', 'main_loss': '0.00670796', 'time_per_step': '2.69885'}
2026-03-08 19:23:56,696 - train_greyscale_FA_MoE.py - {'step': '118300', 'lr': '0.0002', 'total_loss': '0.0111017', 'main_loss': '0.0111017', 'time_per_step': '2.67234'}
2026-03-08 19:28:27,129 - train_greyscale_FA_MoE.py - {'step': '118400', 'lr': '0.0002', 'total_loss': '0.00870057', 'main_loss': '0.00870057', 'time_per_step': '2.72916'}
2026-03-08 19:32:57,608 - train_greyscale_FA_MoE.py - {'step': '118500', 'lr': '0.0002', 'total_loss': '0.0129976', 'main_loss': '0.0129976', 'time_per_step': '2.66225'}
2026-03-08 19:37:28,975 - train_greyscale_FA_MoE.py - {'step': '118600', 'lr': '0.0002', 'total_loss': '0.00909144', 'main_loss': '0.00909144', 'time_per_step': '2.61181'}
2026-03-08 19:41:59,074 - train_greyscale_FA_MoE.py - {'step': '118700', 'lr': '0.0002', 'total_loss': '0.00812532', 'main_loss': '0.00812532', 'time_per_step': '2.54819'}
2026-03-08 19:46:29,851 - train_greyscale_FA_MoE.py - {'step': '118800', 'lr': '0.0002', 'total_loss': '0.0116407', 'main_loss': '0.0116407', 'time_per_step': '2.54377'}
2026-03-08 19:51:00,255 - train_greyscale_FA_MoE.py - {'step': '118900', 'lr': '0.0002', 'total_loss': '0.00915778', 'main_loss': '0.00915778', 'time_per_step': '2.60862'}
2026-03-08 19:55:31,034 - train_greyscale_FA_MoE.py - {'step': '119000', 'lr': '0.0002', 'total_loss': '0.00859121', 'main_loss': '0.00859121', 'time_per_step': '2.61119'}
2026-03-08 20:00:02,200 - train_greyscale_FA_MoE.py - {'step': '119100', 'lr': '0.0002', 'total_loss': '0.00952948', 'main_loss': '0.00952948', 'time_per_step': '2.62433'}
2026-03-08 20:04:32,999 - train_greyscale_FA_MoE.py - {'step': '119200', 'lr': '0.0002', 'total_loss': '0.00721621', 'main_loss': '0.00721621', 'time_per_step': '2.61852'}
2026-03-08 20:09:02,863 - train_greyscale_FA_MoE.py - {'step': '119300', 'lr': '0.0002', 'total_loss': '0.00702298', 'main_loss': '0.00702298', 'time_per_step': '2.60168'}
2026-03-08 20:13:33,975 - train_greyscale_FA_MoE.py - {'step': '119400', 'lr': '0.0002', 'total_loss': '0.00689716', 'main_loss': '0.00689716', 'time_per_step': '2.59476'}
2026-03-08 20:18:04,445 - train_greyscale_FA_MoE.py - {'step': '119500', 'lr': '0.0002', 'total_loss': '0.0101738', 'main_loss': '0.0101738', 'time_per_step': '2.629'}
2026-03-08 20:22:34,834 - train_greyscale_FA_MoE.py - {'step': '119600', 'lr': '0.0002', 'total_loss': '0.00902804', 'main_loss': '0.00902804', 'time_per_step': '2.58681'}
2026-03-08 20:27:06,001 - train_greyscale_FA_MoE.py - {'step': '119700', 'lr': '0.0002', 'total_loss': '0.00996627', 'main_loss': '0.00996627', 'time_per_step': '2.619'}
2026-03-08 20:31:35,494 - train_greyscale_FA_MoE.py - {'step': '119800', 'lr': '0.0002', 'total_loss': '0.00957504', 'main_loss': '0.00957504', 'time_per_step': '2.61496'}
2026-03-08 20:36:06,671 - train_greyscale_FA_MoE.py - {'step': '119900', 'lr': '0.0002', 'total_loss': '0.00713417', 'main_loss': '0.00713417', 'time_per_step': '2.5404'}
2026-03-08 20:40:36,794 - train_greyscale_FA_MoE.py - {'step': '120000', 'lr': '0.0002', 'total_loss': '0.00798665', 'main_loss': '0.00798665', 'time_per_step': '2.54439'}
2026-03-08 20:45:08,273 - train_greyscale_FA_MoE.py - {'step': '120100', 'lr': '0.0002', 'total_loss': '0.00810092', 'main_loss': '0.00810092', 'time_per_step': '2.60171'}
2026-03-08 20:49:39,846 - train_greyscale_FA_MoE.py - {'step': '120200', 'lr': '0.0002', 'total_loss': '0.0106685', 'main_loss': '0.0106685', 'time_per_step': '2.60461'}
2026-03-08 20:54:10,769 - train_greyscale_FA_MoE.py - {'step': '120300', 'lr': '0.0002', 'total_loss': '0.01037', 'main_loss': '0.01037', 'time_per_step': '2.62012'}
2026-03-08 20:58:41,414 - train_greyscale_FA_MoE.py - {'step': '120400', 'lr': '0.0002', 'total_loss': '0.0131627', 'main_loss': '0.0131627', 'time_per_step': '2.66566'}
2026-03-08 21:03:11,576 - train_greyscale_FA_MoE.py - {'step': '120500', 'lr': '0.0002', 'total_loss': '0.00892004', 'main_loss': '0.00892004', 'time_per_step': '2.62568'}
2026-03-08 21:07:42,511 - train_greyscale_FA_MoE.py - {'step': '120600', 'lr': '0.0002', 'total_loss': '0.0087359', 'main_loss': '0.0087359', 'time_per_step': '2.61695'}
2026-03-08 21:12:12,397 - train_greyscale_FA_MoE.py - {'step': '120700', 'lr': '0.0002', 'total_loss': '0.00769138', 'main_loss': '0.00769138', 'time_per_step': '2.61732'}
2026-03-08 21:16:43,120 - train_greyscale_FA_MoE.py - {'step': '120800', 'lr': '0.0002', 'total_loss': '0.00739395', 'main_loss': '0.00739395', 'time_per_step': '2.60993'}
2026-03-08 21:21:13,385 - train_greyscale_FA_MoE.py - {'step': '120900', 'lr': '0.0002', 'total_loss': '0.00998848', 'main_loss': '0.00998848', 'time_per_step': '2.62048'}
2026-03-08 21:25:44,480 - train_greyscale_FA_MoE.py - {'step': '121000', 'lr': '0.0002', 'total_loss': '0.00651007', 'main_loss': '0.00651007', 'time_per_step': '2.62371'}
2026-03-08 21:30:14,883 - train_greyscale_FA_MoE.py - {'step': '121100', 'lr': '0.0002', 'total_loss': '0.00849894', 'main_loss': '0.00849894', 'time_per_step': '2.55228'}
2026-03-08 21:34:45,344 - train_greyscale_FA_MoE.py - {'step': '121200', 'lr': '0.0002', 'total_loss': '0.0126098', 'main_loss': '0.0126098', 'time_per_step': '2.53415'}
2026-03-08 21:39:17,789 - train_greyscale_FA_MoE.py - {'step': '121300', 'lr': '0.0002', 'total_loss': '0.00613841', 'main_loss': '0.00613841', 'time_per_step': '2.62116'}
2026-03-08 21:43:48,669 - train_greyscale_FA_MoE.py - {'step': '121400', 'lr': '0.0002', 'total_loss': '0.00721344', 'main_loss': '0.00721344', 'time_per_step': '2.6213'}
2026-03-08 21:48:19,274 - train_greyscale_FA_MoE.py - {'step': '121500', 'lr': '0.0002', 'total_loss': '0.0118913', 'main_loss': '0.0118913', 'time_per_step': '2.61574'}
2026-03-08 21:52:49,143 - train_greyscale_FA_MoE.py - {'step': '121600', 'lr': '0.0002', 'total_loss': '0.00796308', 'main_loss': '0.00796308', 'time_per_step': '2.63226'}
2026-03-08 21:57:19,922 - train_greyscale_FA_MoE.py - {'step': '121700', 'lr': '0.0002', 'total_loss': '0.0100697', 'main_loss': '0.0100697', 'time_per_step': '2.63708'}
2026-03-08 22:01:50,793 - train_greyscale_FA_MoE.py - {'step': '121800', 'lr': '0.0002', 'total_loss': '0.00767215', 'main_loss': '0.00767215', 'time_per_step': '2.61853'}
2026-03-08 22:06:20,927 - train_greyscale_FA_MoE.py - {'step': '121900', 'lr': '0.0002', 'total_loss': '0.0109285', 'main_loss': '0.0109285', 'time_per_step': '2.71816'}
2026-03-08 22:10:51,831 - train_greyscale_FA_MoE.py - {'step': '122000', 'lr': '0.0002', 'total_loss': '0.00882003', 'main_loss': '0.00882003', 'time_per_step': '2.63899'}
2026-03-08 22:15:22,527 - train_greyscale_FA_MoE.py - {'step': '122100', 'lr': '0.0002', 'total_loss': '0.00709618', 'main_loss': '0.00709618', 'time_per_step': '2.63162'}
2026-03-08 22:19:52,944 - train_greyscale_FA_MoE.py - {'step': '122200', 'lr': '0.0002', 'total_loss': '0.00808966', 'main_loss': '0.00808966', 'time_per_step': '2.62065'}
2026-03-08 22:24:24,228 - train_greyscale_FA_MoE.py - {'step': '122300', 'lr': '0.0002', 'total_loss': '0.0105977', 'main_loss': '0.0105977', 'time_per_step': '2.53777'}
2026-03-08 22:28:54,446 - train_greyscale_FA_MoE.py - {'step': '122400', 'lr': '0.0002', 'total_loss': '0.00808483', 'main_loss': '0.00808483', 'time_per_step': '2.53863'}
2026-03-08 22:33:24,997 - train_greyscale_FA_MoE.py - {'step': '122500', 'lr': '0.0002', 'total_loss': '0.0081861', 'main_loss': '0.0081861', 'time_per_step': '2.61057'}
2026-03-08 22:37:55,500 - train_greyscale_FA_MoE.py - {'step': '122600', 'lr': '0.0002', 'total_loss': '0.00980629', 'main_loss': '0.00980629', 'time_per_step': '2.60386'}
2026-03-08 22:42:26,332 - train_greyscale_FA_MoE.py - {'step': '122700', 'lr': '0.0002', 'total_loss': '0.0128867', 'main_loss': '0.0128867', 'time_per_step': '2.6924'}
2026-03-08 22:46:57,065 - train_greyscale_FA_MoE.py - {'step': '122800', 'lr': '0.0002', 'total_loss': '0.0126708', 'main_loss': '0.0126708', 'time_per_step': '2.67547'}
2026-03-08 22:51:27,440 - train_greyscale_FA_MoE.py - {'step': '122900', 'lr': '0.0002', 'total_loss': '0.00778156', 'main_loss': '0.00778156', 'time_per_step': '2.6938'}
2026-03-08 22:55:58,752 - train_greyscale_FA_MoE.py - {'step': '123000', 'lr': '0.0002', 'total_loss': '0.0151851', 'main_loss': '0.0151851', 'time_per_step': '2.60723'}
2026-03-08 23:00:29,648 - train_greyscale_FA_MoE.py - {'step': '123100', 'lr': '0.0002', 'total_loss': '0.00962578', 'main_loss': '0.00962578', 'time_per_step': '2.58592'}
2026-03-08 23:04:59,407 - train_greyscale_FA_MoE.py - {'step': '123200', 'lr': '0.0002', 'total_loss': '0.00873078', 'main_loss': '0.00873078', 'time_per_step': '2.59867'}
2026-03-08 23:09:30,287 - train_greyscale_FA_MoE.py - {'step': '123300', 'lr': '0.0002', 'total_loss': '0.00793548', 'main_loss': '0.00793548', 'time_per_step': '2.6057'}
2026-03-08 23:14:00,086 - train_greyscale_FA_MoE.py - {'step': '123400', 'lr': '0.0002', 'total_loss': '0.00986967', 'main_loss': '0.00986967', 'time_per_step': '2.59022'}
2026-03-08 23:18:30,444 - train_greyscale_FA_MoE.py - {'step': '123500', 'lr': '0.0002', 'total_loss': '0.0119524', 'main_loss': '0.0119524', 'time_per_step': '2.54331'}
2026-03-08 23:23:00,780 - train_greyscale_FA_MoE.py - {'step': '123600', 'lr': '0.0002', 'total_loss': '0.0128052', 'main_loss': '0.0128052', 'time_per_step': '2.53237'}
2026-03-08 23:27:32,314 - train_greyscale_FA_MoE.py - {'step': '123700', 'lr': '0.0002', 'total_loss': '0.0104583', 'main_loss': '0.0104583', 'time_per_step': '2.625'}
2026-03-08 23:32:02,336 - train_greyscale_FA_MoE.py - {'step': '123800', 'lr': '0.0002', 'total_loss': '0.00907945', 'main_loss': '0.00907945', 'time_per_step': '2.63423'}
2026-03-08 23:36:34,296 - train_greyscale_FA_MoE.py - {'step': '123900', 'lr': '0.0002', 'total_loss': '0.0117168', 'main_loss': '0.0117168', 'time_per_step': '2.62207'}
2026-03-08 23:41:04,933 - train_greyscale_FA_MoE.py - {'step': '124000', 'lr': '0.0002', 'total_loss': '0.0057269', 'main_loss': '0.0057269', 'time_per_step': '2.60342'}
2026-03-08 23:45:35,601 - train_greyscale_FA_MoE.py - {'step': '124100', 'lr': '0.0002', 'total_loss': '0.011313', 'main_loss': '0.011313', 'time_per_step': '2.61708'}
2026-03-08 23:50:05,672 - train_greyscale_FA_MoE.py - {'step': '124200', 'lr': '0.0002', 'total_loss': '0.00835571', 'main_loss': '0.00835571', 'time_per_step': '2.6121'}
2026-03-08 23:54:35,852 - train_greyscale_FA_MoE.py - {'step': '124300', 'lr': '0.0002', 'total_loss': '0.00756124', 'main_loss': '0.00756124', 'time_per_step': '2.61812'}
2026-03-08 23:59:07,059 - train_greyscale_FA_MoE.py - {'step': '124400', 'lr': '0.0002', 'total_loss': '0.0115881', 'main_loss': '0.0115881', 'time_per_step': '2.64221'}
2026-03-09 00:03:37,973 - train_greyscale_FA_MoE.py - {'step': '124500', 'lr': '0.0002', 'total_loss': '0.0073646', 'main_loss': '0.0073646', 'time_per_step': '2.60644'}
2026-03-09 00:08:08,908 - train_greyscale_FA_MoE.py - {'step': '124600', 'lr': '0.0002', 'total_loss': '0.0111154', 'main_loss': '0.0111154', 'time_per_step': '2.66629'}
2026-03-09 00:12:39,297 - train_greyscale_FA_MoE.py - {'step': '124700', 'lr': '0.0002', 'total_loss': '0.00792469', 'main_loss': '0.00792469', 'time_per_step': '2.5709'}
2026-03-09 00:17:09,567 - train_greyscale_FA_MoE.py - {'step': '124800', 'lr': '0.0002', 'total_loss': '0.0103986', 'main_loss': '0.0103986', 'time_per_step': '2.53863'}
2026-03-09 00:21:40,005 - train_greyscale_FA_MoE.py - {'step': '124900', 'lr': '0.0002', 'total_loss': '0.00604666', 'main_loss': '0.00604666', 'time_per_step': '2.6099'}
2026-03-09 00:26:10,716 - train_greyscale_FA_MoE.py - {'step': '125000', 'lr': '0.0002', 'total_loss': '0.0101944', 'main_loss': '0.0101944', 'time_per_step': '2.60107'}
2026-03-09 00:26:10,742 - train_greyscale_FA_MoE.py - Saved expert distribution of layer in_block_0 to output_shift_fa/acdc_wholeheart_uncond_fa_ec_4moe8_greyscale_uvit_mid_4by4_l8r9_low16_Y_bound/samples/expert_distribution_in_block_0_step125000.npy
2026-03-09 00:26:13,255 - train_greyscale_FA_MoE.py - Saved expert distribution of layer out_block_7 to output_shift_fa/acdc_wholeheart_uncond_fa_ec_4moe8_greyscale_uvit_mid_4by4_l8r9_low16_Y_bound/samples/expert_distribution_out_block_7_step125000.npy
2026-03-09 00:26:15,749 - train_greyscale_FA_MoE.py - Save a grid of 16 samples into output_shift_fa/acdc_wholeheart_uncond_fa_ec_4moe8_greyscale_uvit_mid_4by4_l8r9_low16_Y_bound/samples/125000.png by DPM-Solver
2026-03-09 00:26:21,954 - train_greyscale_FA_MoE.py - Finished saving sample grid to output_shift_fa/acdc_wholeheart_uncond_fa_ec_4moe8_greyscale_uvit_mid_4by4_l8r9_low16_Y_bound/samples/125000.png by DPM-Solver.
2026-03-09 00:26:22,009 - train_greyscale_FA_MoE.py - Save and eval checkpoint 125000...
2026-03-09 00:26:24,701 - train_greyscale_FA_MoE.py - eval_step: n_samples=50000, sample_steps=50, algorithm=dpm_solver, mini_batch_size=500, samples save into output_shift_fa/acdc_wholeheart_uncond_fa_ec_4moe8_greyscale_uvit_mid_4by4_l8r9_low16_Y_bound/samples/acdc_wholeheart_uncond_uvit_FA_EC_4MoE8_greyscale_mid_4by4_low16_125000_dpm
2026-03-09 01:22:14,472 - train_greyscale_FA_MoE.py - step=125000 fid50000=16.726563745480803
2026-03-09 01:27:45,475 - is_lpips.py - LPIPS: 0.5148 ± 0.0498
2026-03-09 01:27:45,480 - train_greyscale_FA_MoE.py - step=125000 LPIPS50000=0.5148131241181487
2026-03-09 01:32:50,617 - train_greyscale_FA_MoE.py - {'step': '125100', 'lr': '0.0002', 'total_loss': '0.009962', 'main_loss': '0.009962', 'time_per_step': '2.62359'}
2026-03-09 01:37:22,555 - train_greyscale_FA_MoE.py - {'step': '125200', 'lr': '0.0002', 'total_loss': '0.00666039', 'main_loss': '0.00666039', 'time_per_step': '2.61075'}
2026-03-09 01:41:53,625 - train_greyscale_FA_MoE.py - {'step': '125300', 'lr': '0.0002', 'total_loss': '0.00860151', 'main_loss': '0.00860151', 'time_per_step': '2.64906'}
2026-03-09 01:46:24,344 - train_greyscale_FA_MoE.py - {'step': '125400', 'lr': '0.0002', 'total_loss': '0.0108102', 'main_loss': '0.0108102', 'time_per_step': '2.58437'}
2026-03-09 01:50:54,821 - train_greyscale_FA_MoE.py - {'step': '125500', 'lr': '0.0002', 'total_loss': '0.0124304', 'main_loss': '0.0124304', 'time_per_step': '2.62279'}
2026-03-09 01:55:26,074 - train_greyscale_FA_MoE.py - {'step': '125600', 'lr': '0.0002', 'total_loss': '0.0108784', 'main_loss': '0.0108784', 'time_per_step': '2.70538'}
2026-03-09 01:59:57,145 - train_greyscale_FA_MoE.py - {'step': '125700', 'lr': '0.0002', 'total_loss': '0.00787354', 'main_loss': '0.00787354', 'time_per_step': '2.6869'}
2026-03-09 02:04:27,474 - train_greyscale_FA_MoE.py - {'step': '125800', 'lr': '0.0002', 'total_loss': '0.0113547', 'main_loss': '0.0113547', 'time_per_step': '2.68656'}
2026-03-09 02:08:58,553 - train_greyscale_FA_MoE.py - {'step': '125900', 'lr': '0.0002', 'total_loss': '0.0073003', 'main_loss': '0.0073003', 'time_per_step': '2.57884'}
2026-03-09 02:13:29,047 - train_greyscale_FA_MoE.py - {'step': '126000', 'lr': '0.0002', 'total_loss': '0.00762034', 'main_loss': '0.00762034', 'time_per_step': '2.54327'}
2026-03-09 02:17:59,800 - train_greyscale_FA_MoE.py - {'step': '126100', 'lr': '0.0002', 'total_loss': '0.00934063', 'main_loss': '0.00934063', 'time_per_step': '2.61137'}
2026-03-09 02:22:30,945 - train_greyscale_FA_MoE.py - {'step': '126200', 'lr': '0.0002', 'total_loss': '0.00706419', 'main_loss': '0.00706419', 'time_per_step': '2.59062'}
2026-03-09 02:27:01,825 - train_greyscale_FA_MoE.py - {'step': '126300', 'lr': '0.0002', 'total_loss': '0.00956549', 'main_loss': '0.00956549', 'time_per_step': '2.6199'}
2026-03-09 02:31:31,694 - train_greyscale_FA_MoE.py - {'step': '126400', 'lr': '0.0002', 'total_loss': '0.0133762', 'main_loss': '0.0133762', 'time_per_step': '2.63324'}
2026-03-09 02:36:02,863 - train_greyscale_FA_MoE.py - {'step': '126500', 'lr': '0.0002', 'total_loss': '0.00824862', 'main_loss': '0.00824862', 'time_per_step': '2.64243'}
2026-03-09 02:40:33,725 - train_greyscale_FA_MoE.py - {'step': '126600', 'lr': '0.0002', 'total_loss': '0.00953871', 'main_loss': '0.00953871', 'time_per_step': '2.62629'}
2026-03-09 02:45:04,567 - train_greyscale_FA_MoE.py - {'step': '126700', 'lr': '0.0002', 'total_loss': '0.00982113', 'main_loss': '0.00982113', 'time_per_step': '2.61652'}
2026-03-09 02:49:35,881 - train_greyscale_FA_MoE.py - {'step': '126800', 'lr': '0.0002', 'total_loss': '0.00998573', 'main_loss': '0.00998573', 'time_per_step': '2.61845'}
2026-03-09 02:54:07,048 - train_greyscale_FA_MoE.py - {'step': '126900', 'lr': '0.0002', 'total_loss': '0.00856182', 'main_loss': '0.00856182', 'time_per_step': '2.6208'}
2026-03-09 02:58:37,128 - train_greyscale_FA_MoE.py - {'step': '127000', 'lr': '0.0002', 'total_loss': '0.0094881', 'main_loss': '0.0094881', 'time_per_step': '2.62799'}
2026-03-09 03:03:08,328 - train_greyscale_FA_MoE.py - {'step': '127100', 'lr': '0.0002', 'total_loss': '0.00759547', 'main_loss': '0.00759547', 'time_per_step': '2.56553'}
2026-03-09 03:07:39,006 - train_greyscale_FA_MoE.py - {'step': '127200', 'lr': '0.0002', 'total_loss': '0.00852253', 'main_loss': '0.00852253', 'time_per_step': '2.53895'}
2026-03-09 03:12:09,548 - train_greyscale_FA_MoE.py - {'step': '127300', 'lr': '0.0002', 'total_loss': '0.00986853', 'main_loss': '0.00986853', 'time_per_step': '2.59315'}
2026-03-09 03:16:40,599 - train_greyscale_FA_MoE.py - {'step': '127400', 'lr': '0.0002', 'total_loss': '0.00902297', 'main_loss': '0.00902297', 'time_per_step': '2.63234'}
2026-03-09 03:21:10,874 - train_greyscale_FA_MoE.py - {'step': '127500', 'lr': '0.0002', 'total_loss': '0.00963423', 'main_loss': '0.00963423', 'time_per_step': '2.61419'}
2026-03-09 03:25:42,005 - train_greyscale_FA_MoE.py - {'step': '127600', 'lr': '0.0002', 'total_loss': '0.00723083', 'main_loss': '0.00723083', 'time_per_step': '2.61861'}
2026-03-09 03:30:13,047 - train_greyscale_FA_MoE.py - {'step': '127700', 'lr': '0.0002', 'total_loss': '0.00854367', 'main_loss': '0.00854367', 'time_per_step': '2.63307'}
2026-03-09 03:34:44,512 - train_greyscale_FA_MoE.py - {'step': '127800', 'lr': '0.0002', 'total_loss': '0.0113793', 'main_loss': '0.0113793', 'time_per_step': '2.62739'}
2026-03-09 03:39:16,621 - train_greyscale_FA_MoE.py - {'step': '127900', 'lr': '0.0002', 'total_loss': '0.00856311', 'main_loss': '0.00856311', 'time_per_step': '2.62272'}
2026-03-09 03:43:47,472 - train_greyscale_FA_MoE.py - {'step': '128000', 'lr': '0.0002', 'total_loss': '0.00975136', 'main_loss': '0.00975136', 'time_per_step': '2.6213'}
2026-03-09 03:48:17,810 - train_greyscale_FA_MoE.py - {'step': '128100', 'lr': '0.0002', 'total_loss': '0.012124', 'main_loss': '0.012124', 'time_per_step': '2.63221'}
2026-03-09 03:52:47,733 - train_greyscale_FA_MoE.py - {'step': '128200', 'lr': '0.0002', 'total_loss': '0.0127286', 'main_loss': '0.0127286', 'time_per_step': '2.61875'}
2026-03-09 03:57:18,848 - train_greyscale_FA_MoE.py - {'step': '128300', 'lr': '0.0002', 'total_loss': '0.0113366', 'main_loss': '0.0113366', 'time_per_step': '2.56626'}
2026-03-09 04:01:49,747 - train_greyscale_FA_MoE.py - {'step': '128400', 'lr': '0.0002', 'total_loss': '0.0115076', 'main_loss': '0.0115076', 'time_per_step': '2.55107'}
2026-03-09 04:06:21,322 - train_greyscale_FA_MoE.py - {'step': '128500', 'lr': '0.0002', 'total_loss': '0.0120522', 'main_loss': '0.0120522', 'time_per_step': '2.72273'}
2026-03-09 04:10:51,989 - train_greyscale_FA_MoE.py - {'step': '128600', 'lr': '0.0002', 'total_loss': '0.00624029', 'main_loss': '0.00624029', 'time_per_step': '2.65952'}
2026-03-09 04:15:22,995 - train_greyscale_FA_MoE.py - {'step': '128700', 'lr': '0.0002', 'total_loss': '0.00928724', 'main_loss': '0.00928724', 'time_per_step': '2.59251'}
2026-03-09 04:19:54,310 - train_greyscale_FA_MoE.py - {'step': '128800', 'lr': '0.0002', 'total_loss': '0.0108849', 'main_loss': '0.0108849', 'time_per_step': '2.60944'}
2026-03-09 04:24:24,797 - train_greyscale_FA_MoE.py - {'step': '128900', 'lr': '0.0002', 'total_loss': '0.00940737', 'main_loss': '0.00940737', 'time_per_step': '2.62003'}
2026-03-09 04:28:55,908 - train_greyscale_FA_MoE.py - {'step': '129000', 'lr': '0.0002', 'total_loss': '0.00966282', 'main_loss': '0.00966282', 'time_per_step': '2.67485'}
2026-03-09 04:33:25,966 - train_greyscale_FA_MoE.py - {'step': '129100', 'lr': '0.0002', 'total_loss': '0.00790216', 'main_loss': '0.00790216', 'time_per_step': '2.70064'}
2026-03-09 04:37:57,338 - train_greyscale_FA_MoE.py - {'step': '129200', 'lr': '0.0002', 'total_loss': '0.0110215', 'main_loss': '0.0110215', 'time_per_step': '2.69539'}
2026-03-09 04:42:28,303 - train_greyscale_FA_MoE.py - {'step': '129300', 'lr': '0.0002', 'total_loss': '0.00632599', 'main_loss': '0.00632599', 'time_per_step': '2.75027'}
2026-03-09 04:46:58,815 - train_greyscale_FA_MoE.py - {'step': '129400', 'lr': '0.0002', 'total_loss': '0.00984967', 'main_loss': '0.00984967', 'time_per_step': '2.61331'}
2026-03-09 04:51:29,576 - train_greyscale_FA_MoE.py - {'step': '129500', 'lr': '0.0002', 'total_loss': '0.00925203', 'main_loss': '0.00925203', 'time_per_step': '2.55356'}
2026-03-09 04:56:00,166 - train_greyscale_FA_MoE.py - {'step': '129600', 'lr': '0.0002', 'total_loss': '0.008237', 'main_loss': '0.008237', 'time_per_step': '2.54165'}
2026-03-09 05:00:32,300 - train_greyscale_FA_MoE.py - {'step': '129700', 'lr': '0.0002', 'total_loss': '0.0100052', 'main_loss': '0.0100052', 'time_per_step': '2.61245'}
2026-03-09 05:05:03,174 - train_greyscale_FA_MoE.py - {'step': '129800', 'lr': '0.0002', 'total_loss': '0.00709686', 'main_loss': '0.00709686', 'time_per_step': '2.6389'}
2026-03-09 05:09:34,010 - train_greyscale_FA_MoE.py - {'step': '129900', 'lr': '0.0002', 'total_loss': '0.00848934', 'main_loss': '0.00848934', 'time_per_step': '2.62813'}
2026-03-09 05:14:05,036 - train_greyscale_FA_MoE.py - {'step': '130000', 'lr': '0.0002', 'total_loss': '0.00846782', 'main_loss': '0.00846782', 'time_per_step': '2.6069'}
2026-03-09 05:18:35,289 - train_greyscale_FA_MoE.py - {'step': '130100', 'lr': '0.0002', 'total_loss': '0.0137647', 'main_loss': '0.0137647', 'time_per_step': '2.62054'}
2026-03-09 05:23:06,465 - train_greyscale_FA_MoE.py - {'step': '130200', 'lr': '0.0002', 'total_loss': '0.00777364', 'main_loss': '0.00777364', 'time_per_step': '2.62311'}
2026-03-09 05:27:37,389 - train_greyscale_FA_MoE.py - {'step': '130300', 'lr': '0.0002', 'total_loss': '0.0088234', 'main_loss': '0.0088234', 'time_per_step': '2.62436'}
2026-03-09 05:32:08,359 - train_greyscale_FA_MoE.py - {'step': '130400', 'lr': '0.0002', 'total_loss': '0.00831487', 'main_loss': '0.00831487', 'time_per_step': '2.64613'}
2026-03-09 05:36:39,276 - train_greyscale_FA_MoE.py - {'step': '130500', 'lr': '0.0002', 'total_loss': '0.00700572', 'main_loss': '0.00700572', 'time_per_step': '2.63531'}
2026-03-09 05:41:09,898 - train_greyscale_FA_MoE.py - {'step': '130600', 'lr': '0.0002', 'total_loss': '0.00982823', 'main_loss': '0.00982823', 'time_per_step': '2.61098'}
2026-03-09 05:45:41,250 - train_greyscale_FA_MoE.py - {'step': '130700', 'lr': '0.0002', 'total_loss': '0.00633417', 'main_loss': '0.00633417', 'time_per_step': '2.55535'}
2026-03-09 05:50:11,680 - train_greyscale_FA_MoE.py - {'step': '130800', 'lr': '0.0002', 'total_loss': '0.0102283', 'main_loss': '0.0102283', 'time_per_step': '2.53893'}
2026-03-09 05:54:42,546 - train_greyscale_FA_MoE.py - {'step': '130900', 'lr': '0.0002', 'total_loss': '0.00973262', 'main_loss': '0.00973262', 'time_per_step': '2.62171'}
2026-03-09 05:59:12,464 - train_greyscale_FA_MoE.py - {'step': '131000', 'lr': '0.0002', 'total_loss': '0.0109101', 'main_loss': '0.0109101', 'time_per_step': '2.63892'}
2026-03-09 06:03:43,775 - train_greyscale_FA_MoE.py - {'step': '131100', 'lr': '0.0002', 'total_loss': '0.00985708', 'main_loss': '0.00985708', 'time_per_step': '2.6305'}
2026-03-09 06:08:15,415 - train_greyscale_FA_MoE.py - {'step': '131200', 'lr': '0.0002', 'total_loss': '0.0105491', 'main_loss': '0.0105491', 'time_per_step': '2.62323'}
2026-03-09 06:12:47,728 - train_greyscale_FA_MoE.py - {'step': '131300', 'lr': '0.0002', 'total_loss': '0.0131673', 'main_loss': '0.0131673', 'time_per_step': '2.61851'}
2026-03-09 06:17:18,721 - train_greyscale_FA_MoE.py - {'step': '131400', 'lr': '0.0002', 'total_loss': '0.00941396', 'main_loss': '0.00941396', 'time_per_step': '2.62334'}
2026-03-09 06:21:49,919 - train_greyscale_FA_MoE.py - {'step': '131500', 'lr': '0.0002', 'total_loss': '0.0142131', 'main_loss': '0.0142131', 'time_per_step': '2.62763'}
2026-03-09 06:26:20,992 - train_greyscale_FA_MoE.py - {'step': '131600', 'lr': '0.0002', 'total_loss': '0.00838499', 'main_loss': '0.00838499', 'time_per_step': '2.74417'}
2026-03-09 06:30:51,099 - train_greyscale_FA_MoE.py - {'step': '131700', 'lr': '0.0002', 'total_loss': '0.0141991', 'main_loss': '0.0141991', 'time_per_step': '2.6259'}
2026-03-09 06:35:22,532 - train_greyscale_FA_MoE.py - {'step': '131800', 'lr': '0.0002', 'total_loss': '0.00855831', 'main_loss': '0.00855831', 'time_per_step': '2.61979'}
2026-03-09 06:39:53,338 - train_greyscale_FA_MoE.py - {'step': '131900', 'lr': '0.0002', 'total_loss': '0.00896539', 'main_loss': '0.00896539', 'time_per_step': '2.55152'}
2026-03-09 06:44:23,980 - train_greyscale_FA_MoE.py - {'step': '132000', 'lr': '0.0002', 'total_loss': '0.00643429', 'main_loss': '0.00643429', 'time_per_step': '2.53921'}
2026-03-09 06:48:55,675 - train_greyscale_FA_MoE.py - {'step': '132100', 'lr': '0.0002', 'total_loss': '0.0113812', 'main_loss': '0.0113812', 'time_per_step': '2.58877'}
2026-03-09 06:53:26,646 - train_greyscale_FA_MoE.py - {'step': '132200', 'lr': '0.0002', 'total_loss': '0.00823387', 'main_loss': '0.00823387', 'time_per_step': '2.72889'}
2026-03-09 06:57:57,533 - train_greyscale_FA_MoE.py - {'step': '132300', 'lr': '0.0002', 'total_loss': '0.00990276', 'main_loss': '0.00990276', 'time_per_step': '2.65593'}
2026-03-09 07:02:28,205 - train_greyscale_FA_MoE.py - {'step': '132400', 'lr': '0.0002', 'total_loss': '0.00658934', 'main_loss': '0.00658934', 'time_per_step': '2.77686'}
2026-03-09 07:06:59,366 - train_greyscale_FA_MoE.py - {'step': '132500', 'lr': '0.0002', 'total_loss': '0.00807562', 'main_loss': '0.00807562', 'time_per_step': '2.61904'}
2026-03-09 07:11:30,427 - train_greyscale_FA_MoE.py - {'step': '132600', 'lr': '0.0002', 'total_loss': '0.0109673', 'main_loss': '0.0109673', 'time_per_step': '2.59355'}
2026-03-09 07:16:01,457 - train_greyscale_FA_MoE.py - {'step': '132700', 'lr': '0.0002', 'total_loss': '0.00681291', 'main_loss': '0.00681291', 'time_per_step': '2.62896'}
2026-03-09 07:20:31,296 - train_greyscale_FA_MoE.py - {'step': '132800', 'lr': '0.0002', 'total_loss': '0.0101179', 'main_loss': '0.0101179', 'time_per_step': '2.60104'}
2026-03-09 07:25:02,174 - train_greyscale_FA_MoE.py - {'step': '132900', 'lr': '0.0002', 'total_loss': '0.0127601', 'main_loss': '0.0127601', 'time_per_step': '2.63017'}
2026-03-09 07:29:33,050 - train_greyscale_FA_MoE.py - {'step': '133000', 'lr': '0.0002', 'total_loss': '0.00570423', 'main_loss': '0.00570423', 'time_per_step': '2.62864'}
2026-03-09 07:34:03,954 - train_greyscale_FA_MoE.py - {'step': '133100', 'lr': '0.0002', 'total_loss': '0.00766755', 'main_loss': '0.00766755', 'time_per_step': '2.56107'}
2026-03-09 07:38:35,591 - train_greyscale_FA_MoE.py - {'step': '133200', 'lr': '0.0002', 'total_loss': '0.00833051', 'main_loss': '0.00833051', 'time_per_step': '2.53985'}
2026-03-09 07:43:06,992 - train_greyscale_FA_MoE.py - {'step': '133300', 'lr': '0.0002', 'total_loss': '0.00854629', 'main_loss': '0.00854629', 'time_per_step': '2.63742'}
2026-03-09 07:47:37,405 - train_greyscale_FA_MoE.py - {'step': '133400', 'lr': '0.0002', 'total_loss': '0.0102904', 'main_loss': '0.0102904', 'time_per_step': '2.61473'}
2026-03-09 07:52:08,590 - train_greyscale_FA_MoE.py - {'step': '133500', 'lr': '0.0002', 'total_loss': '0.00629899', 'main_loss': '0.00629899', 'time_per_step': '2.64768'}
2026-03-09 07:56:39,809 - train_greyscale_FA_MoE.py - {'step': '133600', 'lr': '0.0002', 'total_loss': '0.006474', 'main_loss': '0.006474', 'time_per_step': '2.61822'}
2026-03-09 08:01:09,638 - train_greyscale_FA_MoE.py - {'step': '133700', 'lr': '0.0002', 'total_loss': '0.0111083', 'main_loss': '0.0111083', 'time_per_step': '2.633'}
2026-03-09 08:05:40,811 - train_greyscale_FA_MoE.py - {'step': '133800', 'lr': '0.0002', 'total_loss': '0.00725927', 'main_loss': '0.00725927', 'time_per_step': '2.62283'}
2026-03-09 08:10:11,202 - train_greyscale_FA_MoE.py - {'step': '133900', 'lr': '0.0002', 'total_loss': '0.00845375', 'main_loss': '0.00845375', 'time_per_step': '2.62934'}
2026-03-09 08:14:42,076 - train_greyscale_FA_MoE.py - {'step': '134000', 'lr': '0.0002', 'total_loss': '0.00934048', 'main_loss': '0.00934048', 'time_per_step': '2.60947'}
2026-03-09 08:19:12,434 - train_greyscale_FA_MoE.py - {'step': '134100', 'lr': '0.0002', 'total_loss': '0.00764385', 'main_loss': '0.00764385', 'time_per_step': '2.65092'}
2026-03-09 08:23:43,510 - train_greyscale_FA_MoE.py - {'step': '134200', 'lr': '0.0002', 'total_loss': '0.00867883', 'main_loss': '0.00867883', 'time_per_step': '2.61961'}
2026-03-09 08:28:14,457 - train_greyscale_FA_MoE.py - {'step': '134300', 'lr': '0.0002', 'total_loss': '0.0102945', 'main_loss': '0.0102945', 'time_per_step': '2.55515'}
2026-03-09 08:32:45,027 - train_greyscale_FA_MoE.py - {'step': '134400', 'lr': '0.0002', 'total_loss': '0.00932354', 'main_loss': '0.00932354', 'time_per_step': '2.54066'}
2026-03-09 08:37:17,740 - train_greyscale_FA_MoE.py - {'step': '134500', 'lr': '0.0002', 'total_loss': '0.00831424', 'main_loss': '0.00831424', 'time_per_step': '2.59833'}
2026-03-09 08:41:47,650 - train_greyscale_FA_MoE.py - {'step': '134600', 'lr': '0.0002', 'total_loss': '0.0079052', 'main_loss': '0.0079052', 'time_per_step': '2.61956'}
2026-03-09 08:46:17,870 - train_greyscale_FA_MoE.py - {'step': '134700', 'lr': '0.0002', 'total_loss': '0.00548412', 'main_loss': '0.00548412', 'time_per_step': '2.62832'}
2026-03-09 08:50:48,977 - train_greyscale_FA_MoE.py - {'step': '134800', 'lr': '0.0002', 'total_loss': '0.01011', 'main_loss': '0.01011', 'time_per_step': '2.6297'}
2026-03-09 08:55:19,893 - train_greyscale_FA_MoE.py - {'step': '134900', 'lr': '0.0002', 'total_loss': '0.0103421', 'main_loss': '0.0103421', 'time_per_step': '2.62295'}
2026-03-09 08:59:51,192 - train_greyscale_FA_MoE.py - {'step': '135000', 'lr': '0.0002', 'total_loss': '0.00952902', 'main_loss': '0.00952902', 'time_per_step': '2.63126'}
2026-03-09 09:04:21,372 - train_greyscale_FA_MoE.py - {'step': '135100', 'lr': '0.0002', 'total_loss': '0.00997184', 'main_loss': '0.00997184', 'time_per_step': '2.74644'}
2026-03-09 09:08:52,290 - train_greyscale_FA_MoE.py - {'step': '135200', 'lr': '0.0002', 'total_loss': '0.0145681', 'main_loss': '0.0145681', 'time_per_step': '2.61019'}
2026-03-09 09:13:23,536 - train_greyscale_FA_MoE.py - {'step': '135300', 'lr': '0.0002', 'total_loss': '0.00991733', 'main_loss': '0.00991733', 'time_per_step': '2.59202'}
2026-03-09 09:17:53,503 - train_greyscale_FA_MoE.py - {'step': '135400', 'lr': '0.0002', 'total_loss': '0.00628946', 'main_loss': '0.00628946', 'time_per_step': '2.61959'}
2026-03-09 09:22:23,388 - train_greyscale_FA_MoE.py - {'step': '135500', 'lr': '0.0002', 'total_loss': '0.0105409', 'main_loss': '0.0105409', 'time_per_step': '2.54076'}
2026-03-09 09:26:53,139 - train_greyscale_FA_MoE.py - {'step': '135600', 'lr': '0.0002', 'total_loss': '0.00703316', 'main_loss': '0.00703316', 'time_per_step': '2.53881'}
2026-03-09 09:31:25,135 - train_greyscale_FA_MoE.py - {'step': '135700', 'lr': '0.0002', 'total_loss': '0.00791444', 'main_loss': '0.00791444', 'time_per_step': '2.60136'}
2026-03-09 09:35:56,596 - train_greyscale_FA_MoE.py - {'step': '135800', 'lr': '0.0002', 'total_loss': '0.0119527', 'main_loss': '0.0119527', 'time_per_step': '3.1505'}
2026-03-09 09:40:27,651 - train_greyscale_FA_MoE.py - {'step': '135900', 'lr': '0.0002', 'total_loss': '0.01157', 'main_loss': '0.01157', 'time_per_step': '2.69796'}
2026-03-09 09:44:58,751 - train_greyscale_FA_MoE.py - {'step': '136000', 'lr': '0.0002', 'total_loss': '0.0081793', 'main_loss': '0.0081793', 'time_per_step': '2.62105'}
2026-03-09 09:49:28,756 - train_greyscale_FA_MoE.py - {'step': '136100', 'lr': '0.0002', 'total_loss': '0.00649057', 'main_loss': '0.00649057', 'time_per_step': '2.58903'}
2026-03-09 09:53:59,301 - train_greyscale_FA_MoE.py - {'step': '136200', 'lr': '0.0002', 'total_loss': '0.0109112', 'main_loss': '0.0109112', 'time_per_step': '2.5993'}
2026-03-09 09:58:29,388 - train_greyscale_FA_MoE.py - {'step': '136300', 'lr': '0.0002', 'total_loss': '0.0101058', 'main_loss': '0.0101058', 'time_per_step': '2.60364'}
2026-03-09 10:03:00,285 - train_greyscale_FA_MoE.py - {'step': '136400', 'lr': '0.0002', 'total_loss': '0.00964072', 'main_loss': '0.00964072', 'time_per_step': '2.60135'}
2026-03-09 10:07:30,154 - train_greyscale_FA_MoE.py - {'step': '136500', 'lr': '0.0002', 'total_loss': '0.00724429', 'main_loss': '0.00724429', 'time_per_step': '2.63325'}
2026-03-09 10:11:59,838 - train_greyscale_FA_MoE.py - {'step': '136600', 'lr': '0.0002', 'total_loss': '0.00856471', 'main_loss': '0.00856471', 'time_per_step': '2.60786'}
2026-03-09 10:16:30,544 - train_greyscale_FA_MoE.py - {'step': '136700', 'lr': '0.0002', 'total_loss': '0.00888178', 'main_loss': '0.00888178', 'time_per_step': '2.53967'}
2026-03-09 10:21:00,991 - train_greyscale_FA_MoE.py - {'step': '136800', 'lr': '0.0002', 'total_loss': '0.00819722', 'main_loss': '0.00819722', 'time_per_step': '2.53333'}
2026-03-09 10:25:32,408 - train_greyscale_FA_MoE.py - {'step': '136900', 'lr': '0.0002', 'total_loss': '0.00663809', 'main_loss': '0.00663809', 'time_per_step': '2.64398'}
2026-03-09 10:30:03,058 - train_greyscale_FA_MoE.py - {'step': '137000', 'lr': '0.0002', 'total_loss': '0.00783706', 'main_loss': '0.00783706', 'time_per_step': '2.66547'}
2026-03-09 10:34:34,706 - train_greyscale_FA_MoE.py - {'step': '137100', 'lr': '0.0002', 'total_loss': '0.00998683', 'main_loss': '0.00998683', 'time_per_step': '2.5961'}
2026-03-09 10:39:05,683 - train_greyscale_FA_MoE.py - {'step': '137200', 'lr': '0.0002', 'total_loss': '0.00806029', 'main_loss': '0.00806029', 'time_per_step': '2.62094'}
2026-03-09 10:43:35,613 - train_greyscale_FA_MoE.py - {'step': '137300', 'lr': '0.0002', 'total_loss': '0.00879979', 'main_loss': '0.00879979', 'time_per_step': '2.61932'}
2026-03-09 10:48:05,169 - train_greyscale_FA_MoE.py - {'step': '137400', 'lr': '0.0002', 'total_loss': '0.0102076', 'main_loss': '0.0102076', 'time_per_step': '2.62099'}
2026-03-09 10:52:35,995 - train_greyscale_FA_MoE.py - {'step': '137500', 'lr': '0.0002', 'total_loss': '0.0122052', 'main_loss': '0.0122052', 'time_per_step': '2.61986'}
2026-03-09 10:57:06,647 - train_greyscale_FA_MoE.py - {'step': '137600', 'lr': '0.0002', 'total_loss': '0.0100879', 'main_loss': '0.0100879', 'time_per_step': '2.62'}
2026-03-09 11:01:37,083 - train_greyscale_FA_MoE.py - {'step': '137700', 'lr': '0.0002', 'total_loss': '0.00652796', 'main_loss': '0.00652796', 'time_per_step': '2.61682'}
2026-03-09 11:06:07,749 - train_greyscale_FA_MoE.py - {'step': '137800', 'lr': '0.0002', 'total_loss': '0.0108194', 'main_loss': '0.0108194', 'time_per_step': '2.64255'}
2026-03-09 11:10:37,922 - train_greyscale_FA_MoE.py - {'step': '137900', 'lr': '0.0002', 'total_loss': '0.00928617', 'main_loss': '0.00928617', 'time_per_step': '2.5286'}
2026-03-09 11:15:08,775 - train_greyscale_FA_MoE.py - {'step': '138000', 'lr': '0.0002', 'total_loss': '0.00805238', 'main_loss': '0.00805238', 'time_per_step': '2.54356'}
2026-03-09 11:19:40,602 - train_greyscale_FA_MoE.py - {'step': '138100', 'lr': '0.0002', 'total_loss': '0.00685836', 'main_loss': '0.00685836', 'time_per_step': '2.64555'}
2026-03-09 11:24:11,368 - train_greyscale_FA_MoE.py - {'step': '138200', 'lr': '0.0002', 'total_loss': '0.00874689', 'main_loss': '0.00874689', 'time_per_step': '2.61329'}
2026-03-09 11:28:40,945 - train_greyscale_FA_MoE.py - {'step': '138300', 'lr': '0.0002', 'total_loss': '0.012853', 'main_loss': '0.012853', 'time_per_step': '2.62807'}
2026-03-09 11:33:11,308 - train_greyscale_FA_MoE.py - {'step': '138400', 'lr': '0.0002', 'total_loss': '0.0105366', 'main_loss': '0.0105366', 'time_per_step': '2.59732'}
2026-03-09 11:37:42,806 - train_greyscale_FA_MoE.py - {'step': '138500', 'lr': '0.0002', 'total_loss': '0.010932', 'main_loss': '0.010932', 'time_per_step': '2.64526'}
2026-03-09 11:42:13,193 - train_greyscale_FA_MoE.py - {'step': '138600', 'lr': '0.0002', 'total_loss': '0.0085208', 'main_loss': '0.0085208', 'time_per_step': '2.60466'}
2026-03-09 11:46:43,680 - train_greyscale_FA_MoE.py - {'step': '138700', 'lr': '0.0002', 'total_loss': '0.00872116', 'main_loss': '0.00872116', 'time_per_step': '2.59435'}
2026-03-09 11:51:14,278 - train_greyscale_FA_MoE.py - {'step': '138800', 'lr': '0.0002', 'total_loss': '0.0108444', 'main_loss': '0.0108444', 'time_per_step': '2.60116'}
2026-03-09 11:55:44,297 - train_greyscale_FA_MoE.py - {'step': '138900', 'lr': '0.0002', 'total_loss': '0.0085742', 'main_loss': '0.0085742', 'time_per_step': '2.63063'}
2026-03-09 12:00:15,218 - train_greyscale_FA_MoE.py - {'step': '139000', 'lr': '0.0002', 'total_loss': '0.0119566', 'main_loss': '0.0119566', 'time_per_step': '2.62595'}
2026-03-09 12:04:45,901 - train_greyscale_FA_MoE.py - {'step': '139100', 'lr': '0.0002', 'total_loss': '0.00644222', 'main_loss': '0.00644222', 'time_per_step': '2.5256'}
2026-03-09 12:09:15,776 - train_greyscale_FA_MoE.py - {'step': '139200', 'lr': '0.0002', 'total_loss': '0.0117271', 'main_loss': '0.0117271', 'time_per_step': '2.54295'}
2026-03-09 12:13:46,443 - train_greyscale_FA_MoE.py - {'step': '139300', 'lr': '0.0002', 'total_loss': '0.00949408', 'main_loss': '0.00949408', 'time_per_step': '2.6254'}
2026-03-09 12:18:17,186 - train_greyscale_FA_MoE.py - {'step': '139400', 'lr': '0.0002', 'total_loss': '0.0127279', 'main_loss': '0.0127279', 'time_per_step': '2.61185'}
2026-03-09 12:22:46,904 - train_greyscale_FA_MoE.py - {'step': '139500', 'lr': '0.0002', 'total_loss': '0.00753195', 'main_loss': '0.00753195', 'time_per_step': '2.59715'}
2026-03-09 12:27:17,969 - train_greyscale_FA_MoE.py - {'step': '139600', 'lr': '0.0002', 'total_loss': '0.00947571', 'main_loss': '0.00947571', 'time_per_step': '2.64854'}
2026-03-09 12:31:48,687 - train_greyscale_FA_MoE.py - {'step': '139700', 'lr': '0.0002', 'total_loss': '0.011683', 'main_loss': '0.011683', 'time_per_step': '2.61988'}
2026-03-09 12:36:20,227 - train_greyscale_FA_MoE.py - {'step': '139800', 'lr': '0.0002', 'total_loss': '0.011588', 'main_loss': '0.011588', 'time_per_step': '2.66536'}
2026-03-09 12:40:50,530 - train_greyscale_FA_MoE.py - {'step': '139900', 'lr': '0.0002', 'total_loss': '0.00670945', 'main_loss': '0.00670945', 'time_per_step': '2.63639'}
2026-03-09 12:45:21,078 - train_greyscale_FA_MoE.py - {'step': '140000', 'lr': '0.0002', 'total_loss': '0.00735301', 'main_loss': '0.00735301', 'time_per_step': '2.73372'}
2026-03-09 12:49:50,524 - train_greyscale_FA_MoE.py - {'step': '140100', 'lr': '0.0002', 'total_loss': '0.00765723', 'main_loss': '0.00765723', 'time_per_step': '2.61646'}
2026-03-09 12:54:20,844 - train_greyscale_FA_MoE.py - {'step': '140200', 'lr': '0.0002', 'total_loss': '0.013837', 'main_loss': '0.013837', 'time_per_step': '2.73552'}
2026-03-09 12:58:52,149 - train_greyscale_FA_MoE.py - {'step': '140300', 'lr': '0.0002', 'total_loss': '0.0134282', 'main_loss': '0.0134282', 'time_per_step': '2.52726'}
2026-03-09 13:03:22,329 - train_greyscale_FA_MoE.py - {'step': '140400', 'lr': '0.0002', 'total_loss': '0.00901933', 'main_loss': '0.00901933', 'time_per_step': '2.53915'}
2026-03-09 13:07:53,604 - train_greyscale_FA_MoE.py - {'step': '140500', 'lr': '0.0002', 'total_loss': '0.0104532', 'main_loss': '0.0104532', 'time_per_step': '2.61836'}
2026-03-09 13:12:24,320 - train_greyscale_FA_MoE.py - {'step': '140600', 'lr': '0.0002', 'total_loss': '0.00882181', 'main_loss': '0.00882181', 'time_per_step': '2.60991'}
2026-03-09 13:16:54,880 - train_greyscale_FA_MoE.py - {'step': '140700', 'lr': '0.0002', 'total_loss': '0.0102739', 'main_loss': '0.0102739', 'time_per_step': '2.61466'}
2026-03-09 13:21:25,525 - train_greyscale_FA_MoE.py - {'step': '140800', 'lr': '0.0002', 'total_loss': '0.00573293', 'main_loss': '0.00573293', 'time_per_step': '2.61383'}
2026-03-09 13:25:56,236 - train_greyscale_FA_MoE.py - {'step': '140900', 'lr': '0.0002', 'total_loss': '0.00683856', 'main_loss': '0.00683856', 'time_per_step': '2.66067'}
2026-03-09 13:30:25,645 - train_greyscale_FA_MoE.py - {'step': '141000', 'lr': '0.0002', 'total_loss': '0.00848763', 'main_loss': '0.00848763', 'time_per_step': '2.64368'}
2026-03-09 13:34:55,704 - train_greyscale_FA_MoE.py - {'step': '141100', 'lr': '0.0002', 'total_loss': '0.0101619', 'main_loss': '0.0101619', 'time_per_step': '2.62711'}
2026-03-09 13:39:27,164 - train_greyscale_FA_MoE.py - {'step': '141200', 'lr': '0.0002', 'total_loss': '0.00899385', 'main_loss': '0.00899385', 'time_per_step': '2.71731'}
2026-03-09 13:43:58,404 - train_greyscale_FA_MoE.py - {'step': '141300', 'lr': '0.0002', 'total_loss': '0.0084202', 'main_loss': '0.0084202', 'time_per_step': '2.74435'}
2026-03-09 13:48:29,065 - train_greyscale_FA_MoE.py - {'step': '141400', 'lr': '0.0002', 'total_loss': '0.0112819', 'main_loss': '0.0112819', 'time_per_step': '2.59998'}
2026-03-09 13:52:59,740 - train_greyscale_FA_MoE.py - {'step': '141500', 'lr': '0.0002', 'total_loss': '0.0080553', 'main_loss': '0.0080553', 'time_per_step': '2.54236'}
2026-03-09 13:57:30,239 - train_greyscale_FA_MoE.py - {'step': '141600', 'lr': '0.0002', 'total_loss': '0.0103059', 'main_loss': '0.0103059', 'time_per_step': '2.53698'}
2026-03-09 14:02:01,919 - train_greyscale_FA_MoE.py - {'step': '141700', 'lr': '0.0002', 'total_loss': '0.00818222', 'main_loss': '0.00818222', 'time_per_step': '2.62494'}
2026-03-09 14:06:32,380 - train_greyscale_FA_MoE.py - {'step': '141800', 'lr': '0.0002', 'total_loss': '0.0125941', 'main_loss': '0.0125941', 'time_per_step': '2.60896'}
2026-03-09 14:11:02,043 - train_greyscale_FA_MoE.py - {'step': '141900', 'lr': '0.0002', 'total_loss': '0.0110546', 'main_loss': '0.0110546', 'time_per_step': '2.61117'}
2026-03-09 14:15:32,877 - train_greyscale_FA_MoE.py - {'step': '142000', 'lr': '0.0002', 'total_loss': '0.00664696', 'main_loss': '0.00664696', 'time_per_step': '2.61213'}
2026-03-09 14:20:03,411 - train_greyscale_FA_MoE.py - {'step': '142100', 'lr': '0.0002', 'total_loss': '0.00816233', 'main_loss': '0.00816233', 'time_per_step': '2.61214'}
2026-03-09 14:24:34,194 - train_greyscale_FA_MoE.py - {'step': '142200', 'lr': '0.0002', 'total_loss': '0.0148988', 'main_loss': '0.0148988', 'time_per_step': '2.59688'}
2026-03-09 14:29:04,831 - train_greyscale_FA_MoE.py - {'step': '142300', 'lr': '0.0002', 'total_loss': '0.00863995', 'main_loss': '0.00863995', 'time_per_step': '2.64651'}
2026-03-09 14:33:36,411 - train_greyscale_FA_MoE.py - {'step': '142400', 'lr': '0.0002', 'total_loss': '0.010401', 'main_loss': '0.010401', 'time_per_step': '2.62304'}
2026-03-09 14:38:07,791 - train_greyscale_FA_MoE.py - {'step': '142500', 'lr': '0.0002', 'total_loss': '0.00570954', 'main_loss': '0.00570954', 'time_per_step': '2.63727'}
2026-03-09 14:42:38,524 - train_greyscale_FA_MoE.py - {'step': '142600', 'lr': '0.0002', 'total_loss': '0.0112411', 'main_loss': '0.0112411', 'time_per_step': '2.61253'}
2026-03-09 14:47:08,878 - train_greyscale_FA_MoE.py - {'step': '142700', 'lr': '0.0002', 'total_loss': '0.0105898', 'main_loss': '0.0105898', 'time_per_step': '2.55425'}
2026-03-09 14:51:38,275 - train_greyscale_FA_MoE.py - {'step': '142800', 'lr': '0.0002', 'total_loss': '0.00830955', 'main_loss': '0.00830955', 'time_per_step': '2.53918'}
2026-03-09 14:56:09,590 - train_greyscale_FA_MoE.py - {'step': '142900', 'lr': '0.0002', 'total_loss': '0.00773614', 'main_loss': '0.00773614', 'time_per_step': '2.59342'}
2026-03-09 15:00:39,781 - train_greyscale_FA_MoE.py - {'step': '143000', 'lr': '0.0002', 'total_loss': '0.00910584', 'main_loss': '0.00910584', 'time_per_step': '2.64768'}
2026-03-09 15:05:10,688 - train_greyscale_FA_MoE.py - {'step': '143100', 'lr': '0.0002', 'total_loss': '0.00805738', 'main_loss': '0.00805738', 'time_per_step': '2.60707'}
2026-03-09 15:09:41,707 - train_greyscale_FA_MoE.py - {'step': '143200', 'lr': '0.0002', 'total_loss': '0.00940508', 'main_loss': '0.00940508', 'time_per_step': '2.61196'}
2026-03-09 15:14:11,805 - train_greyscale_FA_MoE.py - {'step': '143300', 'lr': '0.0002', 'total_loss': '0.0113457', 'main_loss': '0.0113457', 'time_per_step': '2.65392'}
2026-03-09 15:18:42,902 - train_greyscale_FA_MoE.py - {'step': '143400', 'lr': '0.0002', 'total_loss': '0.0106858', 'main_loss': '0.0106858', 'time_per_step': '2.58862'}
2026-03-09 15:23:13,349 - train_greyscale_FA_MoE.py - {'step': '143500', 'lr': '0.0002', 'total_loss': '0.0123199', 'main_loss': '0.0123199', 'time_per_step': '2.6121'}
2026-03-09 15:27:43,695 - train_greyscale_FA_MoE.py - {'step': '143600', 'lr': '0.0002', 'total_loss': '0.00623403', 'main_loss': '0.00623403', 'time_per_step': '2.64672'}
2026-03-09 15:32:13,477 - train_greyscale_FA_MoE.py - {'step': '143700', 'lr': '0.0002', 'total_loss': '0.0130301', 'main_loss': '0.0130301', 'time_per_step': '2.59882'}
2026-03-09 15:36:45,111 - train_greyscale_FA_MoE.py - {'step': '143800', 'lr': '0.0002', 'total_loss': '0.00979994', 'main_loss': '0.00979994', 'time_per_step': '2.60874'}
2026-03-09 15:41:15,831 - train_greyscale_FA_MoE.py - {'step': '143900', 'lr': '0.0002', 'total_loss': '0.00980844', 'main_loss': '0.00980844', 'time_per_step': '2.54965'}
2026-03-09 15:45:46,295 - train_greyscale_FA_MoE.py - {'step': '144000', 'lr': '0.0002', 'total_loss': '0.00908402', 'main_loss': '0.00908402', 'time_per_step': '2.54203'}
2026-03-09 15:50:16,745 - train_greyscale_FA_MoE.py - {'step': '144100', 'lr': '0.0002', 'total_loss': '0.00637952', 'main_loss': '0.00637952', 'time_per_step': '2.60687'}
2026-03-09 15:54:47,677 - train_greyscale_FA_MoE.py - {'step': '144200', 'lr': '0.0002', 'total_loss': '0.0106418', 'main_loss': '0.0106418', 'time_per_step': '2.61016'}
2026-03-09 15:59:18,198 - train_greyscale_FA_MoE.py - {'step': '144300', 'lr': '0.0002', 'total_loss': '0.0106687', 'main_loss': '0.0106687', 'time_per_step': '2.59101'}
2026-03-09 16:03:48,870 - train_greyscale_FA_MoE.py - {'step': '144400', 'lr': '0.0002', 'total_loss': '0.00672315', 'main_loss': '0.00672315', 'time_per_step': '2.6253'}
2026-03-09 16:08:20,129 - train_greyscale_FA_MoE.py - {'step': '144500', 'lr': '0.0002', 'total_loss': '0.0100536', 'main_loss': '0.0100536', 'time_per_step': '2.61653'}
2026-03-09 16:12:49,737 - train_greyscale_FA_MoE.py - {'step': '144600', 'lr': '0.0002', 'total_loss': '0.00693377', 'main_loss': '0.00693377', 'time_per_step': '2.5981'}
2026-03-09 16:17:20,300 - train_greyscale_FA_MoE.py - {'step': '144700', 'lr': '0.0002', 'total_loss': '0.00811514', 'main_loss': '0.00811514', 'time_per_step': '2.70606'}
2026-03-09 16:21:51,126 - train_greyscale_FA_MoE.py - {'step': '144800', 'lr': '0.0002', 'total_loss': '0.00878171', 'main_loss': '0.00878171', 'time_per_step': '2.62881'}
2026-03-09 16:26:21,961 - train_greyscale_FA_MoE.py - {'step': '144900', 'lr': '0.0002', 'total_loss': '0.007738', 'main_loss': '0.007738', 'time_per_step': '2.59671'}
2026-03-09 16:30:52,395 - train_greyscale_FA_MoE.py - {'step': '145000', 'lr': '0.0002', 'total_loss': '0.00665217', 'main_loss': '0.00665217', 'time_per_step': '2.61075'}
2026-03-09 16:35:23,343 - train_greyscale_FA_MoE.py - {'step': '145100', 'lr': '0.0002', 'total_loss': '0.00854392', 'main_loss': '0.00854392', 'time_per_step': '2.5399'}
2026-03-09 16:39:53,975 - train_greyscale_FA_MoE.py - {'step': '145200', 'lr': '0.0002', 'total_loss': '0.00799807', 'main_loss': '0.00799807', 'time_per_step': '2.54024'}
2026-03-09 16:44:24,483 - train_greyscale_FA_MoE.py - {'step': '145300', 'lr': '0.0002', 'total_loss': '0.00948917', 'main_loss': '0.00948917', 'time_per_step': '2.60813'}
2026-03-09 16:48:55,015 - train_greyscale_FA_MoE.py - {'step': '145400', 'lr': '0.0002', 'total_loss': '0.0120247', 'main_loss': '0.0120247', 'time_per_step': '2.59372'}
2026-03-09 16:53:26,117 - train_greyscale_FA_MoE.py - {'step': '145500', 'lr': '0.0002', 'total_loss': '0.00791728', 'main_loss': '0.00791728', 'time_per_step': '2.68626'}
2026-03-09 16:57:55,669 - train_greyscale_FA_MoE.py - {'step': '145600', 'lr': '0.0002', 'total_loss': '0.00978089', 'main_loss': '0.00978089', 'time_per_step': '2.60986'}
2026-03-09 17:02:26,551 - train_greyscale_FA_MoE.py - {'step': '145700', 'lr': '0.0002', 'total_loss': '0.00797619', 'main_loss': '0.00797619', 'time_per_step': '2.67188'}
2026-03-09 17:06:56,521 - train_greyscale_FA_MoE.py - {'step': '145800', 'lr': '0.0002', 'total_loss': '0.0100689', 'main_loss': '0.0100689', 'time_per_step': '2.71203'}
2026-03-09 17:11:27,745 - train_greyscale_FA_MoE.py - {'step': '145900', 'lr': '0.0002', 'total_loss': '0.0129663', 'main_loss': '0.0129663', 'time_per_step': '2.74513'}
2026-03-09 17:15:58,889 - train_greyscale_FA_MoE.py - {'step': '146000', 'lr': '0.0002', 'total_loss': '0.0131536', 'main_loss': '0.0131536', 'time_per_step': '2.63333'}
2026-03-09 17:20:29,007 - train_greyscale_FA_MoE.py - {'step': '146100', 'lr': '0.0002', 'total_loss': '0.0102272', 'main_loss': '0.0102272', 'time_per_step': '2.6064'}
2026-03-09 17:24:59,759 - train_greyscale_FA_MoE.py - {'step': '146200', 'lr': '0.0002', 'total_loss': '0.00894361', 'main_loss': '0.00894361', 'time_per_step': '2.59681'}
2026-03-09 17:29:30,190 - train_greyscale_FA_MoE.py - {'step': '146300', 'lr': '0.0002', 'total_loss': '0.00789126', 'main_loss': '0.00789126', 'time_per_step': '2.54369'}
2026-03-09 17:34:00,716 - train_greyscale_FA_MoE.py - {'step': '146400', 'lr': '0.0002', 'total_loss': '0.00568192', 'main_loss': '0.00568192', 'time_per_step': '2.54221'}
2026-03-09 17:38:32,293 - train_greyscale_FA_MoE.py - {'step': '146500', 'lr': '0.0002', 'total_loss': '0.00920931', 'main_loss': '0.00920931', 'time_per_step': '2.65912'}
2026-03-09 17:43:02,533 - train_greyscale_FA_MoE.py - {'step': '146600', 'lr': '0.0002', 'total_loss': '0.0103655', 'main_loss': '0.0103655', 'time_per_step': '2.61165'}
2026-03-09 17:47:33,395 - train_greyscale_FA_MoE.py - {'step': '146700', 'lr': '0.0002', 'total_loss': '0.00763537', 'main_loss': '0.00763537', 'time_per_step': '2.60471'}
2026-03-09 17:52:03,532 - train_greyscale_FA_MoE.py - {'step': '146800', 'lr': '0.0002', 'total_loss': '0.00888779', 'main_loss': '0.00888779', 'time_per_step': '2.62429'}
2026-03-09 17:56:34,412 - train_greyscale_FA_MoE.py - {'step': '146900', 'lr': '0.0002', 'total_loss': '0.00824659', 'main_loss': '0.00824659', 'time_per_step': '2.63076'}
2026-03-09 18:01:05,112 - train_greyscale_FA_MoE.py - {'step': '147000', 'lr': '0.0002', 'total_loss': '0.00800191', 'main_loss': '0.00800191', 'time_per_step': '2.61408'}
2026-03-09 18:05:35,461 - train_greyscale_FA_MoE.py - {'step': '147100', 'lr': '0.0002', 'total_loss': '0.0078515', 'main_loss': '0.0078515', 'time_per_step': '2.59899'}
2026-03-09 18:10:06,300 - train_greyscale_FA_MoE.py - {'step': '147200', 'lr': '0.0002', 'total_loss': '0.0123846', 'main_loss': '0.0123846', 'time_per_step': '2.60392'}
2026-03-09 18:14:37,368 - train_greyscale_FA_MoE.py - {'step': '147300', 'lr': '0.0002', 'total_loss': '0.0127734', 'main_loss': '0.0127734', 'time_per_step': '2.61935'}
2026-03-09 18:19:06,897 - train_greyscale_FA_MoE.py - {'step': '147400', 'lr': '0.0002', 'total_loss': '0.00849269', 'main_loss': '0.00849269', 'time_per_step': '2.63726'}
2026-03-09 18:23:36,441 - train_greyscale_FA_MoE.py - {'step': '147500', 'lr': '0.0002', 'total_loss': '0.011915', 'main_loss': '0.011915', 'time_per_step': '2.5405'}
2026-03-09 18:28:06,858 - train_greyscale_FA_MoE.py - {'step': '147600', 'lr': '0.0002', 'total_loss': '0.00783637', 'main_loss': '0.00783637', 'time_per_step': '2.54122'}
2026-03-09 18:32:37,665 - train_greyscale_FA_MoE.py - {'step': '147700', 'lr': '0.0002', 'total_loss': '0.00891855', 'main_loss': '0.00891855', 'time_per_step': '2.60718'}
2026-03-09 18:37:08,758 - train_greyscale_FA_MoE.py - {'step': '147800', 'lr': '0.0002', 'total_loss': '0.00671751', 'main_loss': '0.00671751', 'time_per_step': '2.59558'}
2026-03-09 18:41:39,734 - train_greyscale_FA_MoE.py - {'step': '147900', 'lr': '0.0002', 'total_loss': '0.00956486', 'main_loss': '0.00956486', 'time_per_step': '2.62585'}
2026-03-09 18:46:09,835 - train_greyscale_FA_MoE.py - {'step': '148000', 'lr': '0.0002', 'total_loss': '0.00717871', 'main_loss': '0.00717871', 'time_per_step': '2.62175'}
2026-03-09 18:50:40,883 - train_greyscale_FA_MoE.py - {'step': '148100', 'lr': '0.0002', 'total_loss': '0.00852456', 'main_loss': '0.00852456', 'time_per_step': '2.59749'}
2026-03-09 18:55:11,984 - train_greyscale_FA_MoE.py - {'step': '148200', 'lr': '0.0002', 'total_loss': '0.0112052', 'main_loss': '0.0112052', 'time_per_step': '2.6052'}
2026-03-09 18:59:41,649 - train_greyscale_FA_MoE.py - {'step': '148300', 'lr': '0.0002', 'total_loss': '0.0112163', 'main_loss': '0.0112163', 'time_per_step': '2.60843'}
2026-03-09 19:04:11,496 - train_greyscale_FA_MoE.py - {'step': '148400', 'lr': '0.0002', 'total_loss': '0.0162011', 'main_loss': '0.0162011', 'time_per_step': '2.60539'}
2026-03-09 19:08:42,431 - train_greyscale_FA_MoE.py - {'step': '148500', 'lr': '0.0002', 'total_loss': '0.0163739', 'main_loss': '0.0163739', 'time_per_step': '2.62325'}
2026-03-09 19:13:13,115 - train_greyscale_FA_MoE.py - {'step': '148600', 'lr': '0.0002', 'total_loss': '0.00805698', 'main_loss': '0.00805698', 'time_per_step': '2.64259'}
2026-03-09 19:17:43,883 - train_greyscale_FA_MoE.py - {'step': '148700', 'lr': '0.0002', 'total_loss': '0.0103072', 'main_loss': '0.0103072', 'time_per_step': '2.54545'}
2026-03-09 19:22:14,395 - train_greyscale_FA_MoE.py - {'step': '148800', 'lr': '0.0002', 'total_loss': '0.00795743', 'main_loss': '0.00795743', 'time_per_step': '2.54066'}
2026-03-09 19:26:45,837 - train_greyscale_FA_MoE.py - {'step': '148900', 'lr': '0.0002', 'total_loss': '0.00779773', 'main_loss': '0.00779773', 'time_per_step': '2.62092'}
2026-03-09 19:31:16,635 - train_greyscale_FA_MoE.py - {'step': '149000', 'lr': '0.0002', 'total_loss': '0.0119647', 'main_loss': '0.0119647', 'time_per_step': '2.63201'}
2026-03-09 19:35:47,494 - train_greyscale_FA_MoE.py - {'step': '149100', 'lr': '0.0002', 'total_loss': '0.00913734', 'main_loss': '0.00913734', 'time_per_step': '2.61043'}
2026-03-09 19:40:17,564 - train_greyscale_FA_MoE.py - {'step': '149200', 'lr': '0.0002', 'total_loss': '0.00801492', 'main_loss': '0.00801492', 'time_per_step': '2.59374'}
2026-03-09 19:44:48,404 - train_greyscale_FA_MoE.py - {'step': '149300', 'lr': '0.0002', 'total_loss': '0.00903809', 'main_loss': '0.00903809', 'time_per_step': '2.61563'}
2026-03-09 19:49:18,893 - train_greyscale_FA_MoE.py - {'step': '149400', 'lr': '0.0002', 'total_loss': '0.00763184', 'main_loss': '0.00763184', 'time_per_step': '2.64181'}
2026-03-09 19:53:49,908 - train_greyscale_FA_MoE.py - {'step': '149500', 'lr': '0.0002', 'total_loss': '0.0132741', 'main_loss': '0.0132741', 'time_per_step': '2.63608'}
2026-03-09 19:58:20,526 - train_greyscale_FA_MoE.py - {'step': '149600', 'lr': '0.0002', 'total_loss': '0.00592794', 'main_loss': '0.00592794', 'time_per_step': '2.65361'}
2026-03-09 20:02:51,407 - train_greyscale_FA_MoE.py - {'step': '149700', 'lr': '0.0002', 'total_loss': '0.00822782', 'main_loss': '0.00822782', 'time_per_step': '2.65152'}
2026-03-09 20:07:22,834 - train_greyscale_FA_MoE.py - {'step': '149800', 'lr': '0.0002', 'total_loss': '0.0109718', 'main_loss': '0.0109718', 'time_per_step': '2.60224'}
2026-03-09 20:11:52,697 - train_greyscale_FA_MoE.py - {'step': '149900', 'lr': '0.0002', 'total_loss': '0.0109793', 'main_loss': '0.0109793', 'time_per_step': '2.54048'}
2026-03-09 20:16:23,323 - train_greyscale_FA_MoE.py - {'step': '150000', 'lr': '0.0002', 'total_loss': '0.00909138', 'main_loss': '0.00909138', 'time_per_step': '2.54128'}
2026-03-09 20:16:23,340 - train_greyscale_FA_MoE.py - Saved expert distribution of layer in_block_0 to output_shift_fa/acdc_wholeheart_uncond_fa_ec_4moe8_greyscale_uvit_mid_4by4_l8r9_low16_Y_bound/samples/expert_distribution_in_block_0_step150000.npy
2026-03-09 20:16:25,909 - train_greyscale_FA_MoE.py - Saved expert distribution of layer out_block_7 to output_shift_fa/acdc_wholeheart_uncond_fa_ec_4moe8_greyscale_uvit_mid_4by4_l8r9_low16_Y_bound/samples/expert_distribution_out_block_7_step150000.npy
2026-03-09 20:16:28,233 - train_greyscale_FA_MoE.py - Save a grid of 16 samples into output_shift_fa/acdc_wholeheart_uncond_fa_ec_4moe8_greyscale_uvit_mid_4by4_l8r9_low16_Y_bound/samples/150000.png by DPM-Solver
2026-03-09 20:16:34,442 - train_greyscale_FA_MoE.py - Finished saving sample grid to output_shift_fa/acdc_wholeheart_uncond_fa_ec_4moe8_greyscale_uvit_mid_4by4_l8r9_low16_Y_bound/samples/150000.png by DPM-Solver.
2026-03-09 20:16:34,494 - train_greyscale_FA_MoE.py - Save and eval checkpoint 150000...
2026-03-09 20:16:37,248 - train_greyscale_FA_MoE.py - eval_step: n_samples=50000, sample_steps=50, algorithm=dpm_solver, mini_batch_size=500, samples save into output_shift_fa/acdc_wholeheart_uncond_fa_ec_4moe8_greyscale_uvit_mid_4by4_l8r9_low16_Y_bound/samples/acdc_wholeheart_uncond_uvit_FA_EC_4MoE8_greyscale_mid_4by4_low16_150000_dpm
2026-03-09 21:12:29,945 - train_greyscale_FA_MoE.py - step=150000 fid50000=16.379847805838608
2026-03-09 21:18:31,227 - is_lpips.py - LPIPS: 0.5150 ± 0.0502
2026-03-09 21:18:31,232 - train_greyscale_FA_MoE.py - step=150000 LPIPS50000=0.5149949393974711
2026-03-09 21:23:43,403 - train_greyscale_FA_MoE.py - {'step': '150100', 'lr': '0.0002', 'total_loss': '0.0115189', 'main_loss': '0.0115189', 'time_per_step': '2.60044'}
2026-03-09 21:28:14,775 - train_greyscale_FA_MoE.py - {'step': '150200', 'lr': '0.0002', 'total_loss': '0.00814923', 'main_loss': '0.00814923', 'time_per_step': '2.62953'}
2026-03-09 21:32:45,705 - train_greyscale_FA_MoE.py - {'step': '150300', 'lr': '0.0002', 'total_loss': '0.0112077', 'main_loss': '0.0112077', 'time_per_step': '2.6256'}
2026-03-09 21:37:17,225 - train_greyscale_FA_MoE.py - {'step': '150400', 'lr': '0.0002', 'total_loss': '0.0123193', 'main_loss': '0.0123193', 'time_per_step': '2.64214'}
2026-03-09 21:41:46,945 - train_greyscale_FA_MoE.py - {'step': '150500', 'lr': '0.0002', 'total_loss': '0.0116191', 'main_loss': '0.0116191', 'time_per_step': '2.62819'}
2026-03-09 21:46:17,388 - train_greyscale_FA_MoE.py - {'step': '150600', 'lr': '0.0002', 'total_loss': '0.00987096', 'main_loss': '0.00987096', 'time_per_step': '2.61595'}
2026-03-09 21:50:48,259 - train_greyscale_FA_MoE.py - {'step': '150700', 'lr': '0.0002', 'total_loss': '0.00671121', 'main_loss': '0.00671121', 'time_per_step': '2.61749'}
2026-03-09 21:55:19,438 - train_greyscale_FA_MoE.py - {'step': '150800', 'lr': '0.0002', 'total_loss': '0.00713882', 'main_loss': '0.00713882', 'time_per_step': '2.61264'}
2026-03-09 21:59:49,567 - train_greyscale_FA_MoE.py - {'step': '150900', 'lr': '0.0002', 'total_loss': '0.0121358', 'main_loss': '0.0121358', 'time_per_step': '2.61172'}
2026-03-09 22:04:20,949 - train_greyscale_FA_MoE.py - {'step': '151000', 'lr': '0.0002', 'total_loss': '0.00875239', 'main_loss': '0.00875239', 'time_per_step': '2.73106'}
2026-03-09 22:08:51,757 - train_greyscale_FA_MoE.py - {'step': '151100', 'lr': '0.0002', 'total_loss': '0.00877628', 'main_loss': '0.00877628', 'time_per_step': '2.56299'}
2026-03-09 22:13:22,160 - train_greyscale_FA_MoE.py - {'step': '151200', 'lr': '0.0002', 'total_loss': '0.00829107', 'main_loss': '0.00829107', 'time_per_step': '2.53909'}
2026-03-09 22:17:53,756 - train_greyscale_FA_MoE.py - {'step': '151300', 'lr': '0.0002', 'total_loss': '0.0103387', 'main_loss': '0.0103387', 'time_per_step': '2.59988'}
2026-03-09 22:22:23,645 - train_greyscale_FA_MoE.py - {'step': '151400', 'lr': '0.0002', 'total_loss': '0.00777592', 'main_loss': '0.00777592', 'time_per_step': '2.59123'}
2026-03-09 22:26:54,544 - train_greyscale_FA_MoE.py - {'step': '151500', 'lr': '0.0002', 'total_loss': '0.00907131', 'main_loss': '0.00907131', 'time_per_step': '2.61656'}
2026-03-09 22:31:25,381 - train_greyscale_FA_MoE.py - {'step': '151600', 'lr': '0.0002', 'total_loss': '0.0113101', 'main_loss': '0.0113101', 'time_per_step': '2.59571'}
2026-03-09 22:35:55,206 - train_greyscale_FA_MoE.py - {'step': '151700', 'lr': '0.0002', 'total_loss': '0.0113183', 'main_loss': '0.0113183', 'time_per_step': '2.62681'}
2026-03-09 22:40:26,875 - train_greyscale_FA_MoE.py - {'step': '151800', 'lr': '0.0002', 'total_loss': '0.013474', 'main_loss': '0.013474', 'time_per_step': '2.71066'}
2026-03-09 22:44:58,078 - train_greyscale_FA_MoE.py - {'step': '151900', 'lr': '0.0002', 'total_loss': '0.0111527', 'main_loss': '0.0111527', 'time_per_step': '2.72412'}
2026-03-09 22:49:28,778 - train_greyscale_FA_MoE.py - {'step': '152000', 'lr': '0.0002', 'total_loss': '0.00885374', 'main_loss': '0.00885374', 'time_per_step': '2.60699'}
2026-03-09 22:53:58,982 - train_greyscale_FA_MoE.py - {'step': '152100', 'lr': '0.0002', 'total_loss': '0.0138886', 'main_loss': '0.0138886', 'time_per_step': '2.58856'}
2026-03-09 22:58:30,154 - train_greyscale_FA_MoE.py - {'step': '152200', 'lr': '0.0002', 'total_loss': '0.00765613', 'main_loss': '0.00765613', 'time_per_step': '2.59765'}
2026-03-09 23:03:00,108 - train_greyscale_FA_MoE.py - {'step': '152300', 'lr': '0.0002', 'total_loss': '0.00942121', 'main_loss': '0.00942121', 'time_per_step': '2.56267'}
2026-03-09 23:07:30,968 - train_greyscale_FA_MoE.py - {'step': '152400', 'lr': '0.0002', 'total_loss': '0.0106213', 'main_loss': '0.0106213', 'time_per_step': '2.52502'}
2026-03-09 23:12:02,544 - train_greyscale_FA_MoE.py - {'step': '152500', 'lr': '0.0002', 'total_loss': '0.0106998', 'main_loss': '0.0106998', 'time_per_step': '2.61179'}
2026-03-09 23:16:33,595 - train_greyscale_FA_MoE.py - {'step': '152600', 'lr': '0.0002', 'total_loss': '0.00744447', 'main_loss': '0.00744447', 'time_per_step': '2.64718'}
2026-03-09 23:21:04,710 - train_greyscale_FA_MoE.py - {'step': '152700', 'lr': '0.0002', 'total_loss': '0.00939836', 'main_loss': '0.00939836', 'time_per_step': '2.6283'}
2026-03-09 23:25:35,446 - train_greyscale_FA_MoE.py - {'step': '152800', 'lr': '0.0002', 'total_loss': '0.0056577', 'main_loss': '0.0056577', 'time_per_step': '2.62422'}
2026-03-09 23:30:06,096 - train_greyscale_FA_MoE.py - {'step': '152900', 'lr': '0.0002', 'total_loss': '0.0117805', 'main_loss': '0.0117805', 'time_per_step': '2.61041'}
2026-03-09 23:34:37,355 - train_greyscale_FA_MoE.py - {'step': '153000', 'lr': '0.0002', 'total_loss': '0.00652646', 'main_loss': '0.00652646', 'time_per_step': '2.65392'}
2026-03-09 23:39:08,550 - train_greyscale_FA_MoE.py - {'step': '153100', 'lr': '0.0002', 'total_loss': '0.00907033', 'main_loss': '0.00907033', 'time_per_step': '2.62052'}
2026-03-09 23:43:38,328 - train_greyscale_FA_MoE.py - {'step': '153200', 'lr': '0.0002', 'total_loss': '0.00943695', 'main_loss': '0.00943695', 'time_per_step': '2.62553'}
2026-03-09 23:48:09,101 - train_greyscale_FA_MoE.py - {'step': '153300', 'lr': '0.0002', 'total_loss': '0.00914801', 'main_loss': '0.00914801', 'time_per_step': '2.63716'}
2026-03-09 23:52:39,403 - train_greyscale_FA_MoE.py - {'step': '153400', 'lr': '0.0002', 'total_loss': '0.0112335', 'main_loss': '0.0112335', 'time_per_step': '2.61479'}
2026-03-09 23:57:10,401 - train_greyscale_FA_MoE.py - {'step': '153500', 'lr': '0.0002', 'total_loss': '0.0099493', 'main_loss': '0.0099493', 'time_per_step': '2.54825'}
2026-03-10 00:01:41,416 - train_greyscale_FA_MoE.py - {'step': '153600', 'lr': '0.0002', 'total_loss': '0.00832696', 'main_loss': '0.00832696', 'time_per_step': '2.53812'}
2026-03-10 00:06:12,733 - train_greyscale_FA_MoE.py - {'step': '153700', 'lr': '0.0002', 'total_loss': '0.006073', 'main_loss': '0.006073', 'time_per_step': '2.62174'}
2026-03-10 00:10:43,411 - train_greyscale_FA_MoE.py - {'step': '153800', 'lr': '0.0002', 'total_loss': '0.00785586', 'main_loss': '0.00785586', 'time_per_step': '2.61542'}
2026-03-10 00:15:13,340 - train_greyscale_FA_MoE.py - {'step': '153900', 'lr': '0.0002', 'total_loss': '0.00747342', 'main_loss': '0.00747342', 'time_per_step': '2.62423'}
2026-03-10 00:19:44,788 - train_greyscale_FA_MoE.py - {'step': '154000', 'lr': '0.0002', 'total_loss': '0.00562864', 'main_loss': '0.00562864', 'time_per_step': '2.61997'}
2026-03-10 00:24:14,509 - train_greyscale_FA_MoE.py - {'step': '154100', 'lr': '0.0002', 'total_loss': '0.00636379', 'main_loss': '0.00636379', 'time_per_step': '2.62175'}
2026-03-10 00:28:45,415 - train_greyscale_FA_MoE.py - {'step': '154200', 'lr': '0.0002', 'total_loss': '0.00837688', 'main_loss': '0.00837688', 'time_per_step': '2.62995'}
2026-03-10 00:33:15,989 - train_greyscale_FA_MoE.py - {'step': '154300', 'lr': '0.0002', 'total_loss': '0.00745383', 'main_loss': '0.00745383', 'time_per_step': '2.60394'}
2026-03-10 00:37:46,816 - train_greyscale_FA_MoE.py - {'step': '154400', 'lr': '0.0002', 'total_loss': '0.00987478', 'main_loss': '0.00987478', 'time_per_step': '2.64448'}
2026-03-10 00:42:17,845 - train_greyscale_FA_MoE.py - {'step': '154500', 'lr': '0.0002', 'total_loss': '0.0064268', 'main_loss': '0.0064268', 'time_per_step': '2.62431'}
2026-03-10 00:46:48,419 - train_greyscale_FA_MoE.py - {'step': '154600', 'lr': '0.0002', 'total_loss': '0.0117433', 'main_loss': '0.0117433', 'time_per_step': '2.60498'}
2026-03-10 00:51:19,369 - train_greyscale_FA_MoE.py - {'step': '154700', 'lr': '0.0002', 'total_loss': '0.00850763', 'main_loss': '0.00850763', 'time_per_step': '2.55312'}
2026-03-10 00:55:50,059 - train_greyscale_FA_MoE.py - {'step': '154800', 'lr': '0.0002', 'total_loss': '0.011209', 'main_loss': '0.011209', 'time_per_step': '2.54867'}
2026-03-10 01:00:21,712 - train_greyscale_FA_MoE.py - {'step': '154900', 'lr': '0.0002', 'total_loss': '0.00703053', 'main_loss': '0.00703053', 'time_per_step': '2.60072'}
2026-03-10 01:04:51,924 - train_greyscale_FA_MoE.py - {'step': '155000', 'lr': '0.0002', 'total_loss': '0.00798865', 'main_loss': '0.00798865', 'time_per_step': '2.63285'}
2026-03-10 01:09:22,832 - train_greyscale_FA_MoE.py - {'step': '155100', 'lr': '0.0002', 'total_loss': '0.0109138', 'main_loss': '0.0109138', 'time_per_step': '2.60566'}
2026-03-10 01:13:53,392 - train_greyscale_FA_MoE.py - {'step': '155200', 'lr': '0.0002', 'total_loss': '0.00994037', 'main_loss': '0.00994037', 'time_per_step': '2.60076'}
2026-03-10 01:18:24,008 - train_greyscale_FA_MoE.py - {'step': '155300', 'lr': '0.0002', 'total_loss': '0.0108991', 'main_loss': '0.0108991', 'time_per_step': '2.58473'}
2026-03-10 01:22:55,156 - train_greyscale_FA_MoE.py - {'step': '155400', 'lr': '0.0002', 'total_loss': '0.0089825', 'main_loss': '0.0089825', 'time_per_step': '2.62039'}
2026-03-10 01:27:26,090 - train_greyscale_FA_MoE.py - {'step': '155500', 'lr': '0.0002', 'total_loss': '0.0104024', 'main_loss': '0.0104024', 'time_per_step': '2.70452'}
2026-03-10 01:31:56,325 - train_greyscale_FA_MoE.py - {'step': '155600', 'lr': '0.0002', 'total_loss': '0.00880039', 'main_loss': '0.00880039', 'time_per_step': '2.68461'}
2026-03-10 01:36:28,232 - train_greyscale_FA_MoE.py - {'step': '155700', 'lr': '0.0002', 'total_loss': '0.00734237', 'main_loss': '0.00734237', 'time_per_step': '2.79353'}
2026-03-10 01:40:59,073 - train_greyscale_FA_MoE.py - {'step': '155800', 'lr': '0.0002', 'total_loss': '0.00645538', 'main_loss': '0.00645538', 'time_per_step': '2.61882'}
2026-03-10 01:45:29,958 - train_greyscale_FA_MoE.py - {'step': '155900', 'lr': '0.0002', 'total_loss': '0.00896527', 'main_loss': '0.00896527', 'time_per_step': '3.57929'}
2026-03-10 01:49:59,343 - train_greyscale_FA_MoE.py - {'step': '156000', 'lr': '0.0002', 'total_loss': '0.00870161', 'main_loss': '0.00870161', 'time_per_step': '2.53899'}
2026-03-10 01:54:30,326 - train_greyscale_FA_MoE.py - {'step': '156100', 'lr': '0.0002', 'total_loss': '0.0128101', 'main_loss': '0.0128101', 'time_per_step': '2.59198'}
2026-03-10 01:59:01,321 - train_greyscale_FA_MoE.py - {'step': '156200', 'lr': '0.0002', 'total_loss': '0.00920666', 'main_loss': '0.00920666', 'time_per_step': '2.61805'}
2026-03-10 02:03:32,148 - train_greyscale_FA_MoE.py - {'step': '156300', 'lr': '0.0002', 'total_loss': '0.00914569', 'main_loss': '0.00914569', 'time_per_step': '2.63317'}
2026-03-10 02:08:02,201 - train_greyscale_FA_MoE.py - {'step': '156400', 'lr': '0.0002', 'total_loss': '0.00719405', 'main_loss': '0.00719405', 'time_per_step': '2.6217'}
2026-03-10 02:12:32,932 - train_greyscale_FA_MoE.py - {'step': '156500', 'lr': '0.0002', 'total_loss': '0.0118758', 'main_loss': '0.0118758', 'time_per_step': '2.61463'}
2026-03-10 02:17:02,889 - train_greyscale_FA_MoE.py - {'step': '156600', 'lr': '0.0002', 'total_loss': '0.00845861', 'main_loss': '0.00845861', 'time_per_step': '2.63993'}
2026-03-10 02:21:33,884 - train_greyscale_FA_MoE.py - {'step': '156700', 'lr': '0.0002', 'total_loss': '0.00821353', 'main_loss': '0.00821353', 'time_per_step': '2.64019'}
2026-03-10 02:26:05,145 - train_greyscale_FA_MoE.py - {'step': '156800', 'lr': '0.0002', 'total_loss': '0.00833776', 'main_loss': '0.00833776', 'time_per_step': '2.60255'}
2026-03-10 02:30:35,147 - train_greyscale_FA_MoE.py - {'step': '156900', 'lr': '0.0002', 'total_loss': '0.00939561', 'main_loss': '0.00939561', 'time_per_step': '2.60908'}
2026-03-10 02:35:05,138 - train_greyscale_FA_MoE.py - {'step': '157000', 'lr': '0.0002', 'total_loss': '0.0118862', 'main_loss': '0.0118862', 'time_per_step': '2.61879'}
2026-03-10 02:39:36,559 - train_greyscale_FA_MoE.py - {'step': '157100', 'lr': '0.0002', 'total_loss': '0.00651707', 'main_loss': '0.00651707', 'time_per_step': '2.56929'}
2026-03-10 02:44:06,310 - train_greyscale_FA_MoE.py - {'step': '157200', 'lr': '0.0002', 'total_loss': '0.0120783', 'main_loss': '0.0120783', 'time_per_step': '2.53746'}
2026-03-10 02:48:37,883 - train_greyscale_FA_MoE.py - {'step': '157300', 'lr': '0.0002', 'total_loss': '0.0107653', 'main_loss': '0.0107653', 'time_per_step': '2.60819'}
2026-03-10 02:53:08,461 - train_greyscale_FA_MoE.py - {'step': '157400', 'lr': '0.0002', 'total_loss': '0.0098782', 'main_loss': '0.0098782', 'time_per_step': '2.6285'}
2026-03-10 02:57:38,893 - train_greyscale_FA_MoE.py - {'step': '157500', 'lr': '0.0002', 'total_loss': '0.01194', 'main_loss': '0.01194', 'time_per_step': '2.61804'}
2026-03-10 03:02:09,958 - train_greyscale_FA_MoE.py - {'step': '157600', 'lr': '0.0002', 'total_loss': '0.00585234', 'main_loss': '0.00585234', 'time_per_step': '2.62029'}
2026-03-10 03:06:40,871 - train_greyscale_FA_MoE.py - {'step': '157700', 'lr': '0.0002', 'total_loss': '0.00621853', 'main_loss': '0.00621853', 'time_per_step': '2.61399'}
2026-03-10 03:11:10,473 - train_greyscale_FA_MoE.py - {'step': '157800', 'lr': '0.0002', 'total_loss': '0.00562355', 'main_loss': '0.00562355', 'time_per_step': '2.64862'}
2026-03-10 03:15:40,960 - train_greyscale_FA_MoE.py - {'step': '157900', 'lr': '0.0002', 'total_loss': '0.00967896', 'main_loss': '0.00967896', 'time_per_step': '2.60542'}
2026-03-10 03:20:12,158 - train_greyscale_FA_MoE.py - {'step': '158000', 'lr': '0.0002', 'total_loss': '0.010336', 'main_loss': '0.010336', 'time_per_step': '2.6251'}
2026-03-10 03:24:43,314 - train_greyscale_FA_MoE.py - {'step': '158100', 'lr': '0.0002', 'total_loss': '0.00834741', 'main_loss': '0.00834741', 'time_per_step': '2.62123'}
2026-03-10 03:29:14,764 - train_greyscale_FA_MoE.py - {'step': '158200', 'lr': '0.0002', 'total_loss': '0.00648115', 'main_loss': '0.00648115', 'time_per_step': '2.79752'}
2026-03-10 03:33:44,681 - train_greyscale_FA_MoE.py - {'step': '158300', 'lr': '0.0002', 'total_loss': '0.0107379', 'main_loss': '0.0107379', 'time_per_step': '2.54973'}
2026-03-10 03:38:15,767 - train_greyscale_FA_MoE.py - {'step': '158400', 'lr': '0.0002', 'total_loss': '0.00859162', 'main_loss': '0.00859162', 'time_per_step': '2.53176'}
2026-03-10 03:42:47,408 - train_greyscale_FA_MoE.py - {'step': '158500', 'lr': '0.0002', 'total_loss': '0.0112236', 'main_loss': '0.0112236', 'time_per_step': '2.63556'}
2026-03-10 03:47:18,304 - train_greyscale_FA_MoE.py - {'step': '158600', 'lr': '0.0002', 'total_loss': '0.00579735', 'main_loss': '0.00579735', 'time_per_step': '2.63578'}
2026-03-10 03:51:48,011 - train_greyscale_FA_MoE.py - {'step': '158700', 'lr': '0.0002', 'total_loss': '0.00925072', 'main_loss': '0.00925072', 'time_per_step': '2.62939'}
2026-03-10 03:56:18,228 - train_greyscale_FA_MoE.py - {'step': '158800', 'lr': '0.0002', 'total_loss': '0.00535411', 'main_loss': '0.00535411', 'time_per_step': '2.61831'}
2026-03-10 04:00:49,490 - train_greyscale_FA_MoE.py - {'step': '158900', 'lr': '0.0002', 'total_loss': '0.00977705', 'main_loss': '0.00977705', 'time_per_step': '2.62177'}
2026-03-10 04:05:20,195 - train_greyscale_FA_MoE.py - {'step': '159000', 'lr': '0.0002', 'total_loss': '0.00601246', 'main_loss': '0.00601246', 'time_per_step': '2.65094'}
2026-03-10 04:09:50,562 - train_greyscale_FA_MoE.py - {'step': '159100', 'lr': '0.0002', 'total_loss': '0.0107542', 'main_loss': '0.0107542', 'time_per_step': '2.6308'}
2026-03-10 04:14:21,668 - train_greyscale_FA_MoE.py - {'step': '159200', 'lr': '0.0002', 'total_loss': '0.0102245', 'main_loss': '0.0102245', 'time_per_step': '2.69937'}
2026-03-10 04:18:51,885 - train_greyscale_FA_MoE.py - {'step': '159300', 'lr': '0.0002', 'total_loss': '0.00756767', 'main_loss': '0.00756767', 'time_per_step': '2.63732'}
2026-03-10 04:23:22,983 - train_greyscale_FA_MoE.py - {'step': '159400', 'lr': '0.0002', 'total_loss': '0.00860374', 'main_loss': '0.00860374', 'time_per_step': '2.6174'}
2026-03-10 04:27:53,660 - train_greyscale_FA_MoE.py - {'step': '159500', 'lr': '0.0002', 'total_loss': '0.0111883', 'main_loss': '0.0111883', 'time_per_step': '2.56339'}
2026-03-10 04:32:22,967 - train_greyscale_FA_MoE.py - {'step': '159600', 'lr': '0.0002', 'total_loss': '0.00957938', 'main_loss': '0.00957938', 'time_per_step': '2.54015'}
2026-03-10 04:36:54,646 - train_greyscale_FA_MoE.py - {'step': '159700', 'lr': '0.0002', 'total_loss': '0.00895518', 'main_loss': '0.00895518', 'time_per_step': '2.59238'}
2026-03-10 04:41:25,624 - train_greyscale_FA_MoE.py - {'step': '159800', 'lr': '0.0002', 'total_loss': '0.00785388', 'main_loss': '0.00785388', 'time_per_step': '2.61557'}
2026-03-10 04:45:56,622 - train_greyscale_FA_MoE.py - {'step': '159900', 'lr': '0.0002', 'total_loss': '0.00754095', 'main_loss': '0.00754095', 'time_per_step': '2.70558'}
2026-03-10 04:50:27,230 - train_greyscale_FA_MoE.py - {'step': '160000', 'lr': '0.0002', 'total_loss': '0.0106156', 'main_loss': '0.0106156', 'time_per_step': '2.68462'}
2026-03-10 04:54:57,892 - train_greyscale_FA_MoE.py - {'step': '160100', 'lr': '0.0002', 'total_loss': '0.00918502', 'main_loss': '0.00918502', 'time_per_step': '2.69779'}
2026-03-10 04:59:29,158 - train_greyscale_FA_MoE.py - {'step': '160200', 'lr': '0.0002', 'total_loss': '0.0070674', 'main_loss': '0.0070674', 'time_per_step': '2.62046'}
2026-03-10 05:04:00,473 - train_greyscale_FA_MoE.py - {'step': '160300', 'lr': '0.0002', 'total_loss': '0.00896112', 'main_loss': '0.00896112', 'time_per_step': '2.5918'}
2026-03-10 05:08:31,780 - train_greyscale_FA_MoE.py - {'step': '160400', 'lr': '0.0002', 'total_loss': '0.0110804', 'main_loss': '0.0110804', 'time_per_step': '2.62537'}
2026-03-10 05:13:01,697 - train_greyscale_FA_MoE.py - {'step': '160500', 'lr': '0.0002', 'total_loss': '0.0131968', 'main_loss': '0.0131968', 'time_per_step': '2.62767'}
2026-03-10 05:17:32,429 - train_greyscale_FA_MoE.py - {'step': '160600', 'lr': '0.0002', 'total_loss': '0.00993743', 'main_loss': '0.00993743', 'time_per_step': '2.62008'}
2026-03-10 05:22:03,338 - train_greyscale_FA_MoE.py - {'step': '160700', 'lr': '0.0002', 'total_loss': '0.0105929', 'main_loss': '0.0105929', 'time_per_step': '2.55128'}
2026-03-10 05:26:34,113 - train_greyscale_FA_MoE.py - {'step': '160800', 'lr': '0.0002', 'total_loss': '0.0101498', 'main_loss': '0.0101498', 'time_per_step': '2.53903'}
2026-03-10 05:31:05,453 - train_greyscale_FA_MoE.py - {'step': '160900', 'lr': '0.0002', 'total_loss': '0.00914448', 'main_loss': '0.00914448', 'time_per_step': '2.5995'}
2026-03-10 05:35:35,492 - train_greyscale_FA_MoE.py - {'step': '161000', 'lr': '0.0002', 'total_loss': '0.00907411', 'main_loss': '0.00907411', 'time_per_step': '2.61009'}
2026-03-10 05:40:06,837 - train_greyscale_FA_MoE.py - {'step': '161100', 'lr': '0.0002', 'total_loss': '0.00719419', 'main_loss': '0.00719419', 'time_per_step': '2.60844'}
2026-03-10 09:39:23,993 - train_greyscale_FA_MoE.py - ckpt_root: output_shift_fa/acdc_wholeheart_uncond_fa_ec_4moe8_greyscale_uvit_mid_4by4_l8r9_low16_Y_bound/ckpts
dataset:
  SNR_scale: 4.0
  Y_bound: !!python/tuple
  - 502.5
  Y_entropy: !!python/tuple
  - 5.883
  - 3.501
  - 3.575
  - 2.418
  - 2.75
  - 2.341
  - 1.479
  - 2.017
  - 2.044
  - 1.453
  - 1.316
  - 1.586
  - 1.365
  - 1.174
  - 1.108
  - 1.0
  Y_max: !!python/tuple
  - 262.0
  - 112.375
  - 125.812
  - 49.0
  - 58.5
  - 46.5
  - 20.344
  - 32.906
  - 33.406
  - 19.953
  - 15.953
  - 22.0
  - 16.984
  - 12.812
  - 11.68
  - 7.461
  Y_mean: !!python/tuple
  - -270.982
  - -0.725
  - 0.44
  - 0.107
  - 0.009
  - 0.154
  - -0.058
  - 0.0
  - -0.008
  - 0.019
  - 0.009
  - -0.012
  - 0.005
  - 0.002
  - 0.004
  - -0.002
  Y_min: !!python/tuple
  - -502.5
  - -119.312
  - -122.375
  - -51.25
  - -58.906
  - -49.5
  - -20.703
  - -32.906
  - -33.094
  - -19.891
  - -15.891
  - -21.75
  - -16.969
  - -12.773
  - -11.648
  - -7.492
  Y_std: !!python/tuple
  - 182.433
  - 32.822
  - 34.997
  - 14.001
  - 17.621
  - 13.189
  - 5.791
  - 9.609
  - 9.805
  - 5.653
  - 4.634
  - 6.503
  - 4.964
  - 3.796
  - 3.44
  - 2.178
  block_sz: 4
  dataset_type: wholeheart
  frequency_aware_tokens: true
  greyscale: true
  low_freqs: 16
  name: acdc_uncond
  num_fa_length: 8
  num_fa_repeats: 9
  num_fa_repeats_x: 3
  num_fa_repeats_y: 3
  path: data/scratch/datasets/ACDC/Unlabeled/Wholeheart
  resolution: 96
  reweight: true
  reweight_dim: -1
  temperature: 0.0
  tokens: 128
  tokenwise_normalization: Y_bound
eval:
  cleanup_samples: true
  eval_start: 400000
  is_batch_size: 32
  lpips_batch_size: 32
  mini_batch_size: 500
  n_samples: 50000
  sample_steps: 100
eval_dir: output/evaluation/FA_EC_l8r9_4by4_low16
lr_scheduler:
  name: customized
  warmup_steps: 5000
mixed_precision: 'no'
name: acdc_wholeheart_uncond_uvit_FA_EC_4MoE8_greyscale_mid_4by4_low16
nnet:
  MoE:
    aux_loss_alpha: 0.0
    depth: 1
    noise_eps: 0.01
    num_experts: 8
    router: topk
    top_k: 4
    type: ecmoe
  depth: 16
  embed_dim: 768
  in_chans: 72
  low_freqs: 16
  mlp_ratio: 4
  mlp_time_embed: true
  name: uvit_greyscale_moe
  num_classes: -1
  num_heads: 12
  qkv_bias: false
  tokens: 128
  use_moe: true
optimizer:
  betas: !!python/tuple
  - 0.99
  - 0.99
  lr: 0.0002
  name: adamw
  weight_decay: 0.03
pred: noise_pred
private:
  accountant: prv
  dp_method: dpsgd
  max_grad_norm: 1.0
  noise_multiplier: 0.5
  secure_mode: false
  target_delta: 1.0e-05
  target_epsilon: 10
  use_dp: false
sample:
  algorithm: euler_maruyama_ode
  mini_batch_size: 500
  n_samples: 50000
  path: data/scratch/samples
  sample_steps: 100
  save_npz: ''
  save_start: 20000
sample_dir: output_shift_fa/acdc_wholeheart_uncond_fa_ec_4moe8_greyscale_uvit_mid_4by4_l8r9_low16_Y_bound/samples
seed: 1234
train:
  batch_size: 512
  eval_interval: 25000
  log_interval: 100
  mode: uncond
  n_steps: 500000
  save_interval: 25000
workdir: output_shift_fa/acdc_wholeheart_uncond_fa_ec_4moe8_greyscale_uvit_mid_4by4_l8r9_low16_Y_bound

2026-03-10 09:40:26,215 - train_greyscale_FA_MoE.py - dataset samples: 25022
2026-03-10 09:40:26,216 - train_greyscale_FA_MoE.py - Using Y_bound for positional token normalization
2026-03-10 09:40:36,073 - utils.py - nnet has 200958792 parameters
2026-03-10 09:40:36,992 - utils.py - resume from output_shift_fa/acdc_wholeheart_uncond_fa_ec_4moe8_greyscale_uvit_mid_4by4_l8r9_low16_Y_bound/ckpts/150000.ckpt
2026-03-10 09:40:36,993 - utils.py - load from output_shift_fa/acdc_wholeheart_uncond_fa_ec_4moe8_greyscale_uvit_mid_4by4_l8r9_low16_Y_bound/ckpts/150000.ckpt
2026-03-10 09:40:40,162 - train_greyscale_FA_MoE.py - using [5.883 3.501 3.575 2.418 2.75  2.341 1.479 2.017 2.044 1.453 1.316 1.586
 1.365 1.174 1.108 1.   ] for loss reweighting
2026-03-10 09:40:40,162 - train_greyscale_FA_MoE.py - Using temperature 0.0 for loss reweighting
2026-03-10 09:40:40,462 - train_greyscale_FA_MoE.py - Start fitting, step=150000, mixed_precision=no
2026-03-10 09:41:05,765 - train_greyscale_FA_MoE.py - [Step 150000] Error occurred: CUDA out of memory. Tried to allocate 50.00 MiB. GPU 0 has a total capacity of 39.50 GiB of which 42.12 MiB is free. Including non-PyTorch memory, this process has 39.45 GiB memory in use. Of the allocated memory 38.20 GiB is allocated by PyTorch, and 498.76 MiB is reserved by PyTorch but unallocated. If reserved but unallocated memory is large try setting PYTORCH_ALLOC_CONF=expandable_segments:True to avoid fragmentation.  See documentation for Memory Management  (https://pytorch.org/docs/stable/notes/cuda.html#environment-variables)
2026-03-10 12:50:21,835 - train_greyscale_FA_MoE.py - ckpt_root: output_shift_fa/acdc_wholeheart_uncond_fa_ec_4moe8_greyscale_uvit_mid_4by4_l8r9_low16_Y_bound/ckpts
dataset:
  SNR_scale: 4.0
  Y_bound: !!python/tuple
  - 502.5
  Y_entropy: !!python/tuple
  - 5.883
  - 3.501
  - 3.575
  - 2.418
  - 2.75
  - 2.341
  - 1.479
  - 2.017
  - 2.044
  - 1.453
  - 1.316
  - 1.586
  - 1.365
  - 1.174
  - 1.108
  - 1.0
  Y_max: !!python/tuple
  - 262.0
  - 112.375
  - 125.812
  - 49.0
  - 58.5
  - 46.5
  - 20.344
  - 32.906
  - 33.406
  - 19.953
  - 15.953
  - 22.0
  - 16.984
  - 12.812
  - 11.68
  - 7.461
  Y_mean: !!python/tuple
  - -270.982
  - -0.725
  - 0.44
  - 0.107
  - 0.009
  - 0.154
  - -0.058
  - 0.0
  - -0.008
  - 0.019
  - 0.009
  - -0.012
  - 0.005
  - 0.002
  - 0.004
  - -0.002
  Y_min: !!python/tuple
  - -502.5
  - -119.312
  - -122.375
  - -51.25
  - -58.906
  - -49.5
  - -20.703
  - -32.906
  - -33.094
  - -19.891
  - -15.891
  - -21.75
  - -16.969
  - -12.773
  - -11.648
  - -7.492
  Y_std: !!python/tuple
  - 182.433
  - 32.822
  - 34.997
  - 14.001
  - 17.621
  - 13.189
  - 5.791
  - 9.609
  - 9.805
  - 5.653
  - 4.634
  - 6.503
  - 4.964
  - 3.796
  - 3.44
  - 2.178
  block_sz: 4
  dataset_type: wholeheart
  frequency_aware_tokens: true
  greyscale: true
  low_freqs: 16
  name: acdc_uncond
  num_fa_length: 8
  num_fa_repeats: 9
  num_fa_repeats_x: 3
  num_fa_repeats_y: 3
  path: data/scratch/datasets/ACDC/Unlabeled/Wholeheart
  resolution: 96
  reweight: true
  reweight_dim: -1
  temperature: 0.0
  tokens: 128
  tokenwise_normalization: Y_bound
eval:
  cleanup_samples: true
  eval_start: 400000
  is_batch_size: 32
  lpips_batch_size: 32
  mini_batch_size: 500
  n_samples: 50000
  sample_steps: 100
eval_dir: output/evaluation/FA_EC_l8r9_4by4_low16
lr_scheduler:
  name: customized
  warmup_steps: 5000
mixed_precision: 'no'
name: acdc_wholeheart_uncond_uvit_FA_EC_4MoE8_greyscale_mid_4by4_low16
nnet:
  MoE:
    aux_loss_alpha: 0.0
    depth: 1
    noise_eps: 0.01
    num_experts: 8
    router: topk
    top_k: 4
    type: ecmoe
  depth: 16
  embed_dim: 768
  in_chans: 72
  low_freqs: 16
  mlp_ratio: 4
  mlp_time_embed: true
  name: uvit_greyscale_moe
  num_classes: -1
  num_heads: 12
  qkv_bias: false
  tokens: 128
  use_moe: true
optimizer:
  betas: !!python/tuple
  - 0.99
  - 0.99
  lr: 0.0002
  name: adamw
  weight_decay: 0.03
pred: noise_pred
private:
  accountant: prv
  dp_method: dpsgd
  max_grad_norm: 1.0
  noise_multiplier: 0.5
  secure_mode: false
  target_delta: 1.0e-05
  target_epsilon: 10
  use_dp: false
sample:
  algorithm: euler_maruyama_ode
  mini_batch_size: 500
  n_samples: 50000
  path: data/scratch/samples
  sample_steps: 100
  save_npz: ''
  save_start: 20000
sample_dir: output_shift_fa/acdc_wholeheart_uncond_fa_ec_4moe8_greyscale_uvit_mid_4by4_l8r9_low16_Y_bound/samples
seed: 1234
train:
  batch_size: 512
  eval_interval: 25000
  log_interval: 100
  mode: uncond
  n_steps: 500000
  save_interval: 25000
workdir: output_shift_fa/acdc_wholeheart_uncond_fa_ec_4moe8_greyscale_uvit_mid_4by4_l8r9_low16_Y_bound

2026-03-10 12:51:47,405 - train_greyscale_FA_MoE.py - dataset samples: 25022
2026-03-10 12:51:47,406 - train_greyscale_FA_MoE.py - Using Y_bound for positional token normalization
2026-03-10 12:51:57,497 - utils.py - nnet has 200958792 parameters
2026-03-10 12:51:58,414 - utils.py - resume from output_shift_fa/acdc_wholeheart_uncond_fa_ec_4moe8_greyscale_uvit_mid_4by4_l8r9_low16_Y_bound/ckpts/150000.ckpt
2026-03-10 12:51:58,415 - utils.py - load from output_shift_fa/acdc_wholeheart_uncond_fa_ec_4moe8_greyscale_uvit_mid_4by4_l8r9_low16_Y_bound/ckpts/150000.ckpt
2026-03-10 12:52:01,622 - train_greyscale_FA_MoE.py - using [5.883 3.501 3.575 2.418 2.75  2.341 1.479 2.017 2.044 1.453 1.316 1.586
 1.365 1.174 1.108 1.   ] for loss reweighting
2026-03-10 12:52:01,623 - train_greyscale_FA_MoE.py - Using temperature 0.0 for loss reweighting
2026-03-10 12:52:01,819 - train_greyscale_FA_MoE.py - Start fitting, step=150000, mixed_precision=no
2026-03-10 12:58:02,873 - train_greyscale_FA_MoE.py - {'step': '150100', 'lr': '0.0002', 'total_loss': '0.00891827', 'main_loss': '0.00891827', 'time_per_step': '2.64751'}
2026-03-10 13:02:38,198 - train_greyscale_FA_MoE.py - {'step': '150200', 'lr': '0.0002', 'total_loss': '0.0088425', 'main_loss': '0.0088425', 'time_per_step': '2.65661'}
2026-03-10 13:07:11,801 - train_greyscale_FA_MoE.py - {'step': '150300', 'lr': '0.0002', 'total_loss': '0.00695592', 'main_loss': '0.00695592', 'time_per_step': '2.65811'}
2026-03-10 13:11:46,789 - train_greyscale_FA_MoE.py - {'step': '150400', 'lr': '0.0002', 'total_loss': '0.00745242', 'main_loss': '0.00745242', 'time_per_step': '2.70775'}
2026-03-10 13:16:20,136 - train_greyscale_FA_MoE.py - {'step': '150500', 'lr': '0.0002', 'total_loss': '0.0110842', 'main_loss': '0.0110842', 'time_per_step': '2.63678'}
2026-03-10 13:20:54,760 - train_greyscale_FA_MoE.py - {'step': '150600', 'lr': '0.0002', 'total_loss': '0.0112239', 'main_loss': '0.0112239', 'time_per_step': '2.72901'}
2026-03-10 13:25:28,929 - train_greyscale_FA_MoE.py - {'step': '150700', 'lr': '0.0002', 'total_loss': '0.0112249', 'main_loss': '0.0112249', 'time_per_step': '2.66196'}
2026-03-10 13:30:03,931 - train_greyscale_FA_MoE.py - {'step': '150800', 'lr': '0.0002', 'total_loss': '0.00765962', 'main_loss': '0.00765962', 'time_per_step': '2.68059'}
2026-03-10 13:34:38,129 - train_greyscale_FA_MoE.py - {'step': '150900', 'lr': '0.0002', 'total_loss': '0.0117328', 'main_loss': '0.0117328', 'time_per_step': '2.64015'}
2026-03-10 13:39:11,986 - train_greyscale_FA_MoE.py - {'step': '151000', 'lr': '0.0002', 'total_loss': '0.00757667', 'main_loss': '0.00757667', 'time_per_step': '2.64303'}
2026-03-10 13:43:45,704 - train_greyscale_FA_MoE.py - {'step': '151100', 'lr': '0.0002', 'total_loss': '0.0108241', 'main_loss': '0.0108241', 'time_per_step': '2.65689'}
2026-03-10 13:48:19,251 - train_greyscale_FA_MoE.py - {'step': '151200', 'lr': '0.0002', 'total_loss': '0.00968445', 'main_loss': '0.00968445', 'time_per_step': '2.56845'}
2026-03-10 13:52:53,060 - train_greyscale_FA_MoE.py - {'step': '151300', 'lr': '0.0002', 'total_loss': '0.00970924', 'main_loss': '0.00970924', 'time_per_step': '2.63484'}
2026-03-10 13:57:27,785 - train_greyscale_FA_MoE.py - {'step': '151400', 'lr': '0.0002', 'total_loss': '0.0113839', 'main_loss': '0.0113839', 'time_per_step': '2.64595'}
2026-03-10 14:02:01,849 - train_greyscale_FA_MoE.py - {'step': '151500', 'lr': '0.0002', 'total_loss': '0.00590454', 'main_loss': '0.00590454', 'time_per_step': '2.65682'}
2026-03-10 14:06:37,302 - train_greyscale_FA_MoE.py - {'step': '151600', 'lr': '0.0002', 'total_loss': '0.0056636', 'main_loss': '0.0056636', 'time_per_step': '2.64692'}
2026-03-10 14:11:11,580 - train_greyscale_FA_MoE.py - {'step': '151700', 'lr': '0.0002', 'total_loss': '0.00878393', 'main_loss': '0.00878393', 'time_per_step': '2.63902'}
2026-03-10 14:15:45,773 - train_greyscale_FA_MoE.py - {'step': '151800', 'lr': '0.0002', 'total_loss': '0.0115015', 'main_loss': '0.0115015', 'time_per_step': '2.7778'}
2026-03-10 14:20:20,045 - train_greyscale_FA_MoE.py - {'step': '151900', 'lr': '0.0002', 'total_loss': '0.012765', 'main_loss': '0.012765', 'time_per_step': '2.63056'}
2026-03-10 14:24:53,997 - train_greyscale_FA_MoE.py - {'step': '152000', 'lr': '0.0002', 'total_loss': '0.0104207', 'main_loss': '0.0104207', 'time_per_step': '2.78631'}
2026-03-10 14:29:27,694 - train_greyscale_FA_MoE.py - {'step': '152100', 'lr': '0.0002', 'total_loss': '0.00967485', 'main_loss': '0.00967485', 'time_per_step': '2.63253'}
2026-03-10 14:34:00,747 - train_greyscale_FA_MoE.py - {'step': '152200', 'lr': '0.0002', 'total_loss': '0.0105282', 'main_loss': '0.0105282', 'time_per_step': '2.65064'}
2026-03-10 14:38:35,660 - train_greyscale_FA_MoE.py - {'step': '152300', 'lr': '0.0002', 'total_loss': '0.00771658', 'main_loss': '0.00771658', 'time_per_step': '2.5912'}
2026-03-10 14:43:09,222 - train_greyscale_FA_MoE.py - {'step': '152400', 'lr': '0.0002', 'total_loss': '0.00628956', 'main_loss': '0.00628956', 'time_per_step': '2.54525'}
2026-03-10 14:47:44,693 - train_greyscale_FA_MoE.py - {'step': '152500', 'lr': '0.0002', 'total_loss': '0.0117889', 'main_loss': '0.0117889', 'time_per_step': '2.64137'}
2026-03-10 14:52:19,100 - train_greyscale_FA_MoE.py - {'step': '152600', 'lr': '0.0002', 'total_loss': '0.00798855', 'main_loss': '0.00798855', 'time_per_step': '2.60066'}
2026-03-10 14:56:53,904 - train_greyscale_FA_MoE.py - {'step': '152700', 'lr': '0.0002', 'total_loss': '0.0106719', 'main_loss': '0.0106719', 'time_per_step': '2.77572'}
2026-03-10 15:01:27,548 - train_greyscale_FA_MoE.py - {'step': '152800', 'lr': '0.0002', 'total_loss': '0.00872631', 'main_loss': '0.00872631', 'time_per_step': '2.64016'}
2026-03-10 15:06:01,580 - train_greyscale_FA_MoE.py - {'step': '152900', 'lr': '0.0002', 'total_loss': '0.00756336', 'main_loss': '0.00756336', 'time_per_step': '2.67331'}
2026-03-10 15:10:36,196 - train_greyscale_FA_MoE.py - {'step': '153000', 'lr': '0.0002', 'total_loss': '0.0114188', 'main_loss': '0.0114188', 'time_per_step': '2.67398'}
2026-03-10 15:15:09,298 - train_greyscale_FA_MoE.py - {'step': '153100', 'lr': '0.0002', 'total_loss': '0.0127404', 'main_loss': '0.0127404', 'time_per_step': '2.64421'}
2026-03-10 15:19:43,741 - train_greyscale_FA_MoE.py - {'step': '153200', 'lr': '0.0002', 'total_loss': '0.0106067', 'main_loss': '0.0106067', 'time_per_step': '2.64691'}
2026-03-10 15:24:18,788 - train_greyscale_FA_MoE.py - {'step': '153300', 'lr': '0.0002', 'total_loss': '0.00907859', 'main_loss': '0.00907859', 'time_per_step': '2.79749'}
2026-03-10 15:28:53,982 - train_greyscale_FA_MoE.py - {'step': '153400', 'lr': '0.0002', 'total_loss': '0.0100041', 'main_loss': '0.0100041', 'time_per_step': '2.81446'}
2026-03-10 15:33:28,430 - train_greyscale_FA_MoE.py - {'step': '153500', 'lr': '0.0002', 'total_loss': '0.0086227', 'main_loss': '0.0086227', 'time_per_step': '2.59471'}
2026-03-10 15:38:02,386 - train_greyscale_FA_MoE.py - {'step': '153600', 'lr': '0.0002', 'total_loss': '0.00562861', 'main_loss': '0.00562861', 'time_per_step': '2.54396'}
2026-03-10 15:42:37,343 - train_greyscale_FA_MoE.py - {'step': '153700', 'lr': '0.0002', 'total_loss': '0.00613527', 'main_loss': '0.00613527', 'time_per_step': '2.62669'}
2026-03-10 15:47:11,661 - train_greyscale_FA_MoE.py - {'step': '153800', 'lr': '0.0002', 'total_loss': '0.00712519', 'main_loss': '0.00712519', 'time_per_step': '2.64428'}
2026-03-10 15:51:44,700 - train_greyscale_FA_MoE.py - {'step': '153900', 'lr': '0.0002', 'total_loss': '0.0106862', 'main_loss': '0.0106862', 'time_per_step': '2.64674'}
2026-03-10 15:56:18,193 - train_greyscale_FA_MoE.py - {'step': '154000', 'lr': '0.0002', 'total_loss': '0.011132', 'main_loss': '0.011132', 'time_per_step': '2.79988'}
2026-03-10 16:00:52,383 - train_greyscale_FA_MoE.py - {'step': '154100', 'lr': '0.0002', 'total_loss': '0.00896306', 'main_loss': '0.00896306', 'time_per_step': '2.65958'}
2026-03-10 16:05:28,048 - train_greyscale_FA_MoE.py - {'step': '154200', 'lr': '0.0002', 'total_loss': '0.00649435', 'main_loss': '0.00649435', 'time_per_step': '2.65919'}
2026-03-10 16:10:02,256 - train_greyscale_FA_MoE.py - {'step': '154300', 'lr': '0.0002', 'total_loss': '0.0100185', 'main_loss': '0.0100185', 'time_per_step': '2.64953'}
2026-03-10 16:14:36,052 - train_greyscale_FA_MoE.py - {'step': '154400', 'lr': '0.0002', 'total_loss': '0.00826089', 'main_loss': '0.00826089', 'time_per_step': '2.80079'}
2026-03-10 16:19:10,447 - train_greyscale_FA_MoE.py - {'step': '154500', 'lr': '0.0002', 'total_loss': '0.0058879', 'main_loss': '0.0058879', 'time_per_step': '2.65793'}
2026-03-10 16:23:44,275 - train_greyscale_FA_MoE.py - {'step': '154600', 'lr': '0.0002', 'total_loss': '0.0099945', 'main_loss': '0.0099945', 'time_per_step': '2.64576'}
2026-03-10 16:28:18,654 - train_greyscale_FA_MoE.py - {'step': '154700', 'lr': '0.0002', 'total_loss': '0.00876116', 'main_loss': '0.00876116', 'time_per_step': '2.67255'}
2026-03-10 16:32:52,884 - train_greyscale_FA_MoE.py - {'step': '154800', 'lr': '0.0002', 'total_loss': '0.00809087', 'main_loss': '0.00809087', 'time_per_step': '2.56125'}
2026-03-10 16:37:28,966 - train_greyscale_FA_MoE.py - {'step': '154900', 'lr': '0.0002', 'total_loss': '0.0074099', 'main_loss': '0.0074099', 'time_per_step': '3.55851'}
2026-03-10 16:42:03,083 - train_greyscale_FA_MoE.py - {'step': '155000', 'lr': '0.0002', 'total_loss': '0.0108521', 'main_loss': '0.0108521', 'time_per_step': '2.65563'}
2026-03-10 16:46:36,852 - train_greyscale_FA_MoE.py - {'step': '155100', 'lr': '0.0002', 'total_loss': '0.00820188', 'main_loss': '0.00820188', 'time_per_step': '2.64414'}
2026-03-10 16:51:11,062 - train_greyscale_FA_MoE.py - {'step': '155200', 'lr': '0.0002', 'total_loss': '0.0087507', 'main_loss': '0.0087507', 'time_per_step': '2.62872'}
2026-03-10 16:55:46,464 - train_greyscale_FA_MoE.py - {'step': '155300', 'lr': '0.0002', 'total_loss': '0.00706024', 'main_loss': '0.00706024', 'time_per_step': '2.71843'}
2026-03-10 17:00:20,352 - train_greyscale_FA_MoE.py - {'step': '155400', 'lr': '0.0002', 'total_loss': '0.00625088', 'main_loss': '0.00625088', 'time_per_step': '2.64366'}
2026-03-10 17:04:54,942 - train_greyscale_FA_MoE.py - {'step': '155500', 'lr': '0.0002', 'total_loss': '0.0083583', 'main_loss': '0.0083583', 'time_per_step': '2.63818'}
2026-03-10 17:09:28,849 - train_greyscale_FA_MoE.py - {'step': '155600', 'lr': '0.0002', 'total_loss': '0.0121066', 'main_loss': '0.0121066', 'time_per_step': '2.65565'}
2026-03-10 17:14:03,490 - train_greyscale_FA_MoE.py - {'step': '155700', 'lr': '0.0002', 'total_loss': '0.011934', 'main_loss': '0.011934', 'time_per_step': '2.6522'}
2026-03-10 17:18:37,449 - train_greyscale_FA_MoE.py - {'step': '155800', 'lr': '0.0002', 'total_loss': '0.0065192', 'main_loss': '0.0065192', 'time_per_step': '2.64554'}
2026-03-10 17:23:11,857 - train_greyscale_FA_MoE.py - {'step': '155900', 'lr': '0.0002', 'total_loss': '0.00955442', 'main_loss': '0.00955442', 'time_per_step': '2.58317'}
2026-03-10 17:27:44,422 - train_greyscale_FA_MoE.py - {'step': '156000', 'lr': '0.0002', 'total_loss': '0.0112807', 'main_loss': '0.0112807', 'time_per_step': '2.5405'}
2026-03-10 17:32:20,945 - train_greyscale_FA_MoE.py - {'step': '156100', 'lr': '0.0002', 'total_loss': '0.00779232', 'main_loss': '0.00779232', 'time_per_step': '2.62911'}
2026-03-10 17:36:55,300 - train_greyscale_FA_MoE.py - {'step': '156200', 'lr': '0.0002', 'total_loss': '0.0114789', 'main_loss': '0.0114789', 'time_per_step': '2.61769'}
2026-03-10 17:41:30,026 - train_greyscale_FA_MoE.py - {'step': '156300', 'lr': '0.0002', 'total_loss': '0.00820248', 'main_loss': '0.00820248', 'time_per_step': '2.63617'}
2026-03-10 17:46:03,630 - train_greyscale_FA_MoE.py - {'step': '156400', 'lr': '0.0002', 'total_loss': '0.00868158', 'main_loss': '0.00868158', 'time_per_step': '2.65987'}
2026-03-10 17:50:38,244 - train_greyscale_FA_MoE.py - {'step': '156500', 'lr': '0.0002', 'total_loss': '0.00784038', 'main_loss': '0.00784038', 'time_per_step': '2.67587'}
2026-03-10 17:55:12,374 - train_greyscale_FA_MoE.py - {'step': '156600', 'lr': '0.0002', 'total_loss': '0.0083298', 'main_loss': '0.0083298', 'time_per_step': '2.62965'}
2026-03-10 17:59:46,465 - train_greyscale_FA_MoE.py - {'step': '156700', 'lr': '0.0002', 'total_loss': '0.00651736', 'main_loss': '0.00651736', 'time_per_step': '2.70797'}
2026-03-10 18:04:21,858 - train_greyscale_FA_MoE.py - {'step': '156800', 'lr': '0.0002', 'total_loss': '0.0102022', 'main_loss': '0.0102022', 'time_per_step': '2.64861'}
2026-03-10 18:08:56,340 - train_greyscale_FA_MoE.py - {'step': '156900', 'lr': '0.0002', 'total_loss': '0.00951832', 'main_loss': '0.00951832', 'time_per_step': '2.58685'}
2026-03-10 18:13:29,650 - train_greyscale_FA_MoE.py - {'step': '157000', 'lr': '0.0002', 'total_loss': '0.00734622', 'main_loss': '0.00734622', 'time_per_step': '2.64924'}
2026-03-10 18:18:03,787 - train_greyscale_FA_MoE.py - {'step': '157100', 'lr': '0.0002', 'total_loss': '0.0100223', 'main_loss': '0.0100223', 'time_per_step': '2.59788'}
2026-03-10 18:22:38,601 - train_greyscale_FA_MoE.py - {'step': '157200', 'lr': '0.0002', 'total_loss': '0.0109392', 'main_loss': '0.0109392', 'time_per_step': '2.57182'}
2026-03-10 18:27:11,782 - train_greyscale_FA_MoE.py - {'step': '157300', 'lr': '0.0002', 'total_loss': '0.00792999', 'main_loss': '0.00792999', 'time_per_step': '2.61247'}
2026-03-10 18:31:46,174 - train_greyscale_FA_MoE.py - {'step': '157400', 'lr': '0.0002', 'total_loss': '0.00762986', 'main_loss': '0.00762986', 'time_per_step': '2.69499'}
2026-03-10 18:36:20,049 - train_greyscale_FA_MoE.py - {'step': '157500', 'lr': '0.0002', 'total_loss': '0.00889267', 'main_loss': '0.00889267', 'time_per_step': '2.64799'}
2026-03-10 18:40:54,389 - train_greyscale_FA_MoE.py - {'step': '157600', 'lr': '0.0002', 'total_loss': '0.0104146', 'main_loss': '0.0104146', 'time_per_step': '2.8888'}
2026-03-10 18:45:29,071 - train_greyscale_FA_MoE.py - {'step': '157700', 'lr': '0.0002', 'total_loss': '0.00807581', 'main_loss': '0.00807581', 'time_per_step': '2.63192'}
2026-03-10 18:50:03,747 - train_greyscale_FA_MoE.py - {'step': '157800', 'lr': '0.0002', 'total_loss': '0.00643864', 'main_loss': '0.00643864', 'time_per_step': '2.66953'}
2026-03-10 18:54:37,960 - train_greyscale_FA_MoE.py - {'step': '157900', 'lr': '0.0002', 'total_loss': '0.00907263', 'main_loss': '0.00907263', 'time_per_step': '2.66394'}
2026-03-10 18:59:11,653 - train_greyscale_FA_MoE.py - {'step': '158000', 'lr': '0.0002', 'total_loss': '0.0080211', 'main_loss': '0.0080211', 'time_per_step': '2.63771'}
2026-03-10 19:03:46,381 - train_greyscale_FA_MoE.py - {'step': '158100', 'lr': '0.0002', 'total_loss': '0.0118655', 'main_loss': '0.0118655', 'time_per_step': '2.71095'}
2026-03-10 19:08:20,017 - train_greyscale_FA_MoE.py - {'step': '158200', 'lr': '0.0002', 'total_loss': '0.00828084', 'main_loss': '0.00828084', 'time_per_step': '2.62927'}
2026-03-10 19:12:54,955 - train_greyscale_FA_MoE.py - {'step': '158300', 'lr': '0.0002', 'total_loss': '0.00955664', 'main_loss': '0.00955664', 'time_per_step': '2.56565'}
2026-03-10 19:17:28,008 - train_greyscale_FA_MoE.py - {'step': '158400', 'lr': '0.0002', 'total_loss': '0.0100076', 'main_loss': '0.0100076', 'time_per_step': '2.57055'}
2026-03-10 19:22:02,920 - train_greyscale_FA_MoE.py - {'step': '158500', 'lr': '0.0002', 'total_loss': '0.00703423', 'main_loss': '0.00703423', 'time_per_step': '2.63619'}
2026-03-10 19:26:38,128 - train_greyscale_FA_MoE.py - {'step': '158600', 'lr': '0.0002', 'total_loss': '0.00773833', 'main_loss': '0.00773833', 'time_per_step': '2.66469'}
2026-03-10 19:31:11,782 - train_greyscale_FA_MoE.py - {'step': '158700', 'lr': '0.0002', 'total_loss': '0.0104649', 'main_loss': '0.0104649', 'time_per_step': '2.64622'}
2026-03-10 19:35:45,609 - train_greyscale_FA_MoE.py - {'step': '158800', 'lr': '0.0002', 'total_loss': '0.0124421', 'main_loss': '0.0124421', 'time_per_step': '2.7068'}
2026-03-10 19:40:21,125 - train_greyscale_FA_MoE.py - {'step': '158900', 'lr': '0.0002', 'total_loss': '0.00956585', 'main_loss': '0.00956585', 'time_per_step': '2.6071'}
2026-03-10 19:44:55,388 - train_greyscale_FA_MoE.py - {'step': '159000', 'lr': '0.0002', 'total_loss': '0.0110209', 'main_loss': '0.0110209', 'time_per_step': '2.64683'}
2026-03-10 19:49:30,064 - train_greyscale_FA_MoE.py - {'step': '159100', 'lr': '0.0002', 'total_loss': '0.0105736', 'main_loss': '0.0105736', 'time_per_step': '2.63465'}
2026-03-10 19:54:04,354 - train_greyscale_FA_MoE.py - {'step': '159200', 'lr': '0.0002', 'total_loss': '0.0114248', 'main_loss': '0.0114248', 'time_per_step': '2.6393'}
2026-03-10 19:58:38,623 - train_greyscale_FA_MoE.py - {'step': '159300', 'lr': '0.0002', 'total_loss': '0.0140085', 'main_loss': '0.0140085', 'time_per_step': '2.64833'}
2026-03-10 20:03:13,792 - train_greyscale_FA_MoE.py - {'step': '159400', 'lr': '0.0002', 'total_loss': '0.00754609', 'main_loss': '0.00754609', 'time_per_step': '2.62757'}
2026-03-10 20:07:47,472 - train_greyscale_FA_MoE.py - {'step': '159500', 'lr': '0.0002', 'total_loss': '0.0100216', 'main_loss': '0.0100216', 'time_per_step': '2.65911'}
2026-03-10 20:12:21,795 - train_greyscale_FA_MoE.py - {'step': '159600', 'lr': '0.0002', 'total_loss': '0.0105037', 'main_loss': '0.0105037', 'time_per_step': '2.56694'}
2026-03-10 20:16:56,031 - train_greyscale_FA_MoE.py - {'step': '159700', 'lr': '0.0002', 'total_loss': '0.0122629', 'main_loss': '0.0122629', 'time_per_step': '2.61774'}
2026-03-10 20:21:29,538 - train_greyscale_FA_MoE.py - {'step': '159800', 'lr': '0.0002', 'total_loss': '0.00951326', 'main_loss': '0.00951326', 'time_per_step': '2.66043'}
2026-03-10 20:26:03,443 - train_greyscale_FA_MoE.py - {'step': '159900', 'lr': '0.0002', 'total_loss': '0.0105035', 'main_loss': '0.0105035', 'time_per_step': '2.64558'}
2026-03-10 20:30:37,031 - train_greyscale_FA_MoE.py - {'step': '160000', 'lr': '0.0002', 'total_loss': '0.00788169', 'main_loss': '0.00788169', 'time_per_step': '2.61618'}
2026-03-10 20:35:10,993 - train_greyscale_FA_MoE.py - {'step': '160100', 'lr': '0.0002', 'total_loss': '0.00744603', 'main_loss': '0.00744603', 'time_per_step': '2.65282'}
2026-03-10 20:39:44,519 - train_greyscale_FA_MoE.py - {'step': '160200', 'lr': '0.0002', 'total_loss': '0.00611441', 'main_loss': '0.00611441', 'time_per_step': '2.64227'}
2026-03-10 20:44:19,305 - train_greyscale_FA_MoE.py - {'step': '160300', 'lr': '0.0002', 'total_loss': '0.00785697', 'main_loss': '0.00785697', 'time_per_step': '2.6335'}
2026-03-10 20:48:55,326 - train_greyscale_FA_MoE.py - {'step': '160400', 'lr': '0.0002', 'total_loss': '0.00681144', 'main_loss': '0.00681144', 'time_per_step': '2.58761'}
2026-03-10 20:53:29,310 - train_greyscale_FA_MoE.py - {'step': '160500', 'lr': '0.0002', 'total_loss': '0.00580307', 'main_loss': '0.00580307', 'time_per_step': '2.63907'}
2026-03-10 20:58:03,779 - train_greyscale_FA_MoE.py - {'step': '160600', 'lr': '0.0002', 'total_loss': '0.00682279', 'main_loss': '0.00682279', 'time_per_step': '2.64484'}
2026-03-10 21:02:38,064 - train_greyscale_FA_MoE.py - {'step': '160700', 'lr': '0.0002', 'total_loss': '0.0107115', 'main_loss': '0.0107115', 'time_per_step': '2.59404'}
2026-03-10 21:07:12,406 - train_greyscale_FA_MoE.py - {'step': '160800', 'lr': '0.0002', 'total_loss': '0.0118414', 'main_loss': '0.0118414', 'time_per_step': '2.54379'}
2026-03-10 21:11:47,496 - train_greyscale_FA_MoE.py - {'step': '160900', 'lr': '0.0002', 'total_loss': '0.00931775', 'main_loss': '0.00931775', 'time_per_step': '2.72642'}
2026-03-10 21:16:21,281 - train_greyscale_FA_MoE.py - {'step': '161000', 'lr': '0.0002', 'total_loss': '0.00676862', 'main_loss': '0.00676862', 'time_per_step': '2.62484'}
2026-03-10 21:20:55,237 - train_greyscale_FA_MoE.py - {'step': '161100', 'lr': '0.0002', 'total_loss': '0.00871726', 'main_loss': '0.00871726', 'time_per_step': '2.5856'}
2026-03-10 21:25:28,125 - train_greyscale_FA_MoE.py - {'step': '161200', 'lr': '0.0002', 'total_loss': '0.00889032', 'main_loss': '0.00889032', 'time_per_step': '2.63829'}
2026-03-10 21:30:02,780 - train_greyscale_FA_MoE.py - {'step': '161300', 'lr': '0.0002', 'total_loss': '0.00786754', 'main_loss': '0.00786754', 'time_per_step': '2.674'}
2026-03-10 21:34:36,962 - train_greyscale_FA_MoE.py - {'step': '161400', 'lr': '0.0002', 'total_loss': '0.00922732', 'main_loss': '0.00922732', 'time_per_step': '2.65135'}
2026-03-10 21:39:11,113 - train_greyscale_FA_MoE.py - {'step': '161500', 'lr': '0.0002', 'total_loss': '0.00662148', 'main_loss': '0.00662148', 'time_per_step': '2.65652'}
2026-03-10 21:43:44,777 - train_greyscale_FA_MoE.py - {'step': '161600', 'lr': '0.0002', 'total_loss': '0.0088', 'main_loss': '0.0088', 'time_per_step': '2.63638'}
2026-03-10 21:48:19,207 - train_greyscale_FA_MoE.py - {'step': '161700', 'lr': '0.0002', 'total_loss': '0.0102093', 'main_loss': '0.0102093', 'time_per_step': '2.66291'}
2026-03-10 21:52:53,804 - train_greyscale_FA_MoE.py - {'step': '161800', 'lr': '0.0002', 'total_loss': '0.00995897', 'main_loss': '0.00995897', 'time_per_step': '2.75201'}
2026-03-10 21:57:27,889 - train_greyscale_FA_MoE.py - {'step': '161900', 'lr': '0.0002', 'total_loss': '0.0074563', 'main_loss': '0.0074563', 'time_per_step': '2.57181'}
2026-03-10 22:02:01,910 - train_greyscale_FA_MoE.py - {'step': '162000', 'lr': '0.0002', 'total_loss': '0.0116304', 'main_loss': '0.0116304', 'time_per_step': '2.57748'}
2026-03-10 22:06:36,098 - train_greyscale_FA_MoE.py - {'step': '162100', 'lr': '0.0002', 'total_loss': '0.00947805', 'main_loss': '0.00947805', 'time_per_step': '2.6368'}
2026-03-10 22:11:09,912 - train_greyscale_FA_MoE.py - {'step': '162200', 'lr': '0.0002', 'total_loss': '0.00831526', 'main_loss': '0.00831526', 'time_per_step': '2.63041'}
2026-03-10 22:15:44,804 - train_greyscale_FA_MoE.py - {'step': '162300', 'lr': '0.0002', 'total_loss': '0.00792616', 'main_loss': '0.00792616', 'time_per_step': '2.64837'}
2026-03-10 22:20:19,393 - train_greyscale_FA_MoE.py - {'step': '162400', 'lr': '0.0002', 'total_loss': '0.00920658', 'main_loss': '0.00920658', 'time_per_step': '2.63501'}
2026-03-10 22:24:53,181 - train_greyscale_FA_MoE.py - {'step': '162500', 'lr': '0.0002', 'total_loss': '0.0100684', 'main_loss': '0.0100684', 'time_per_step': '2.65125'}
2026-03-10 22:29:28,029 - train_greyscale_FA_MoE.py - {'step': '162600', 'lr': '0.0002', 'total_loss': '0.00818735', 'main_loss': '0.00818735', 'time_per_step': '2.66686'}
2026-03-10 22:34:01,113 - train_greyscale_FA_MoE.py - {'step': '162700', 'lr': '0.0002', 'total_loss': '0.00999836', 'main_loss': '0.00999836', 'time_per_step': '2.65246'}
2026-03-10 22:38:35,013 - train_greyscale_FA_MoE.py - {'step': '162800', 'lr': '0.0002', 'total_loss': '0.0101454', 'main_loss': '0.0101454', 'time_per_step': '2.65019'}
2026-03-10 22:43:09,282 - train_greyscale_FA_MoE.py - {'step': '162900', 'lr': '0.0002', 'total_loss': '0.00668171', 'main_loss': '0.00668171', 'time_per_step': '2.63305'}
2026-03-10 22:47:43,017 - train_greyscale_FA_MoE.py - {'step': '163000', 'lr': '0.0002', 'total_loss': '0.0103711', 'main_loss': '0.0103711', 'time_per_step': '2.65901'}
2026-03-10 22:52:17,336 - train_greyscale_FA_MoE.py - {'step': '163100', 'lr': '0.0002', 'total_loss': '0.0105383', 'main_loss': '0.0105383', 'time_per_step': '2.64336'}
2026-03-10 22:56:51,453 - train_greyscale_FA_MoE.py - {'step': '163200', 'lr': '0.0002', 'total_loss': '0.0116592', 'main_loss': '0.0116592', 'time_per_step': '2.5648'}
2026-03-10 23:01:26,243 - train_greyscale_FA_MoE.py - {'step': '163300', 'lr': '0.0002', 'total_loss': '0.0122984', 'main_loss': '0.0122984', 'time_per_step': '2.61405'}
2026-03-10 23:06:01,915 - train_greyscale_FA_MoE.py - {'step': '163400', 'lr': '0.0002', 'total_loss': '0.0110164', 'main_loss': '0.0110164', 'time_per_step': '2.65961'}
2026-03-10 23:10:36,372 - train_greyscale_FA_MoE.py - {'step': '163500', 'lr': '0.0002', 'total_loss': '0.00767176', 'main_loss': '0.00767176', 'time_per_step': '2.65062'}
2026-03-10 23:15:10,304 - train_greyscale_FA_MoE.py - {'step': '163600', 'lr': '0.0002', 'total_loss': '0.0139441', 'main_loss': '0.0139441', 'time_per_step': '2.61235'}
2026-03-10 23:19:45,715 - train_greyscale_FA_MoE.py - {'step': '163700', 'lr': '0.0002', 'total_loss': '0.0095803', 'main_loss': '0.0095803', 'time_per_step': '2.73904'}
2026-03-10 23:24:19,482 - train_greyscale_FA_MoE.py - {'step': '163800', 'lr': '0.0002', 'total_loss': '0.00851576', 'main_loss': '0.00851576', 'time_per_step': '2.64502'}
2026-03-10 23:28:53,231 - train_greyscale_FA_MoE.py - {'step': '163900', 'lr': '0.0002', 'total_loss': '0.00703548', 'main_loss': '0.00703548', 'time_per_step': '2.64656'}
2026-03-10 23:33:27,883 - train_greyscale_FA_MoE.py - {'step': '164000', 'lr': '0.0002', 'total_loss': '0.0104813', 'main_loss': '0.0104813', 'time_per_step': '2.66959'}
2026-03-10 23:38:00,742 - train_greyscale_FA_MoE.py - {'step': '164100', 'lr': '0.0002', 'total_loss': '0.0119608', 'main_loss': '0.0119608', 'time_per_step': '2.64646'}
2026-03-10 23:42:34,116 - train_greyscale_FA_MoE.py - {'step': '164200', 'lr': '0.0002', 'total_loss': '0.00895608', 'main_loss': '0.00895608', 'time_per_step': '2.64293'}
2026-03-10 23:47:08,337 - train_greyscale_FA_MoE.py - {'step': '164300', 'lr': '0.0002', 'total_loss': '0.00994764', 'main_loss': '0.00994764', 'time_per_step': '2.57061'}
2026-03-10 23:51:42,056 - train_greyscale_FA_MoE.py - {'step': '164400', 'lr': '0.0002', 'total_loss': '0.00631239', 'main_loss': '0.00631239', 'time_per_step': '2.57009'}
2026-03-10 23:56:17,930 - train_greyscale_FA_MoE.py - {'step': '164500', 'lr': '0.0002', 'total_loss': '0.0118575', 'main_loss': '0.0118575', 'time_per_step': '2.74064'}
2026-03-11 00:00:52,285 - train_greyscale_FA_MoE.py - {'step': '164600', 'lr': '0.0002', 'total_loss': '0.00790981', 'main_loss': '0.00790981', 'time_per_step': '2.65076'}
2026-03-11 00:05:25,921 - train_greyscale_FA_MoE.py - {'step': '164700', 'lr': '0.0002', 'total_loss': '0.0083876', 'main_loss': '0.0083876', 'time_per_step': '2.64257'}
2026-03-11 00:10:00,216 - train_greyscale_FA_MoE.py - {'step': '164800', 'lr': '0.0002', 'total_loss': '0.00695771', 'main_loss': '0.00695771', 'time_per_step': '2.69424'}
2026-03-11 00:14:34,444 - train_greyscale_FA_MoE.py - {'step': '164900', 'lr': '0.0002', 'total_loss': '0.00707491', 'main_loss': '0.00707491', 'time_per_step': '2.66874'}
2026-03-11 00:19:09,463 - train_greyscale_FA_MoE.py - {'step': '165000', 'lr': '0.0002', 'total_loss': '0.0112052', 'main_loss': '0.0112052', 'time_per_step': '2.62599'}
2026-03-11 00:23:43,669 - train_greyscale_FA_MoE.py - {'step': '165100', 'lr': '0.0002', 'total_loss': '0.00800328', 'main_loss': '0.00800328', 'time_per_step': '2.61915'}
2026-03-11 00:28:17,042 - train_greyscale_FA_MoE.py - {'step': '165200', 'lr': '0.0002', 'total_loss': '0.00540897', 'main_loss': '0.00540897', 'time_per_step': '2.73593'}
2026-03-11 00:32:52,216 - train_greyscale_FA_MoE.py - {'step': '165300', 'lr': '0.0002', 'total_loss': '0.00705968', 'main_loss': '0.00705968', 'time_per_step': '2.65518'}
2026-03-11 00:37:25,732 - train_greyscale_FA_MoE.py - {'step': '165400', 'lr': '0.0002', 'total_loss': '0.0109476', 'main_loss': '0.0109476', 'time_per_step': '2.63895'}
2026-03-11 00:42:00,015 - train_greyscale_FA_MoE.py - {'step': '165500', 'lr': '0.0002', 'total_loss': '0.00708266', 'main_loss': '0.00708266', 'time_per_step': '2.6849'}
2026-03-11 00:46:34,825 - train_greyscale_FA_MoE.py - {'step': '165600', 'lr': '0.0002', 'total_loss': '0.00572188', 'main_loss': '0.00572188', 'time_per_step': '2.56149'}
2026-03-11 00:51:09,169 - train_greyscale_FA_MoE.py - {'step': '165700', 'lr': '0.0002', 'total_loss': '0.0077781', 'main_loss': '0.0077781', 'time_per_step': '2.62437'}
2026-03-11 00:55:42,976 - train_greyscale_FA_MoE.py - {'step': '165800', 'lr': '0.0002', 'total_loss': '0.00795255', 'main_loss': '0.00795255', 'time_per_step': '2.61338'}
2026-03-11 01:00:17,425 - train_greyscale_FA_MoE.py - {'step': '165900', 'lr': '0.0002', 'total_loss': '0.00672349', 'main_loss': '0.00672349', 'time_per_step': '2.78139'}
2026-03-11 01:04:51,519 - train_greyscale_FA_MoE.py - {'step': '166000', 'lr': '0.0002', 'total_loss': '0.00814933', 'main_loss': '0.00814933', 'time_per_step': '2.65818'}
2026-03-11 01:09:25,633 - train_greyscale_FA_MoE.py - {'step': '166100', 'lr': '0.0002', 'total_loss': '0.0117195', 'main_loss': '0.0117195', 'time_per_step': '2.63584'}
2026-03-11 01:13:58,224 - train_greyscale_FA_MoE.py - {'step': '166200', 'lr': '0.0002', 'total_loss': '0.00769381', 'main_loss': '0.00769381', 'time_per_step': '2.62505'}
2026-03-11 01:18:32,224 - train_greyscale_FA_MoE.py - {'step': '166300', 'lr': '0.0002', 'total_loss': '0.00863734', 'main_loss': '0.00863734', 'time_per_step': '2.76736'}
2026-03-11 01:23:07,322 - train_greyscale_FA_MoE.py - {'step': '166400', 'lr': '0.0002', 'total_loss': '0.00700564', 'main_loss': '0.00700564', 'time_per_step': '2.66286'}
2026-03-11 01:27:40,820 - train_greyscale_FA_MoE.py - {'step': '166500', 'lr': '0.0002', 'total_loss': '0.0135754', 'main_loss': '0.0135754', 'time_per_step': '2.66358'}
2026-03-11 01:32:14,113 - train_greyscale_FA_MoE.py - {'step': '166600', 'lr': '0.0002', 'total_loss': '0.0154048', 'main_loss': '0.0154048', 'time_per_step': '2.76623'}
2026-03-11 01:36:48,780 - train_greyscale_FA_MoE.py - {'step': '166700', 'lr': '0.0002', 'total_loss': '0.00682641', 'main_loss': '0.00682641', 'time_per_step': '2.66659'}
2026-03-11 01:41:21,838 - train_greyscale_FA_MoE.py - {'step': '166800', 'lr': '0.0002', 'total_loss': '0.00672768', 'main_loss': '0.00672768', 'time_per_step': '2.56068'}
2026-03-11 01:45:56,318 - train_greyscale_FA_MoE.py - {'step': '166900', 'lr': '0.0002', 'total_loss': '0.0123565', 'main_loss': '0.0123565', 'time_per_step': '2.58858'}
2026-03-11 01:50:30,116 - train_greyscale_FA_MoE.py - {'step': '167000', 'lr': '0.0002', 'total_loss': '0.0138506', 'main_loss': '0.0138506', 'time_per_step': '2.66199'}
2026-03-11 01:55:04,304 - train_greyscale_FA_MoE.py - {'step': '167100', 'lr': '0.0002', 'total_loss': '0.0117273', 'main_loss': '0.0117273', 'time_per_step': '2.63105'}
2026-03-11 01:59:37,285 - train_greyscale_FA_MoE.py - {'step': '167200', 'lr': '0.0002', 'total_loss': '0.00818853', 'main_loss': '0.00818853', 'time_per_step': '2.67131'}
2026-03-11 02:04:11,507 - train_greyscale_FA_MoE.py - {'step': '167300', 'lr': '0.0002', 'total_loss': '0.00938259', 'main_loss': '0.00938259', 'time_per_step': '2.64482'}
2026-03-11 02:08:44,643 - train_greyscale_FA_MoE.py - {'step': '167400', 'lr': '0.0002', 'total_loss': '0.0102747', 'main_loss': '0.0102747', 'time_per_step': '2.70936'}
2026-03-11 02:13:19,652 - train_greyscale_FA_MoE.py - {'step': '167500', 'lr': '0.0002', 'total_loss': '0.014141', 'main_loss': '0.014141', 'time_per_step': '2.65837'}
2026-03-11 02:17:52,725 - train_greyscale_FA_MoE.py - {'step': '167600', 'lr': '0.0002', 'total_loss': '0.00695468', 'main_loss': '0.00695468', 'time_per_step': '2.65507'}
2026-03-11 02:22:25,962 - train_greyscale_FA_MoE.py - {'step': '167700', 'lr': '0.0002', 'total_loss': '0.0107032', 'main_loss': '0.0107032', 'time_per_step': '2.63166'}
2026-03-11 02:27:00,675 - train_greyscale_FA_MoE.py - {'step': '167800', 'lr': '0.0002', 'total_loss': '0.00940595', 'main_loss': '0.00940595', 'time_per_step': '2.64321'}
2026-03-11 02:31:34,122 - train_greyscale_FA_MoE.py - {'step': '167900', 'lr': '0.0002', 'total_loss': '0.0080621', 'main_loss': '0.0080621', 'time_per_step': '2.59137'}
2026-03-11 02:36:08,516 - train_greyscale_FA_MoE.py - {'step': '168000', 'lr': '0.0002', 'total_loss': '0.0114783', 'main_loss': '0.0114783', 'time_per_step': '2.56404'}
2026-03-11 02:40:41,807 - train_greyscale_FA_MoE.py - {'step': '168100', 'lr': '0.0002', 'total_loss': '0.00916055', 'main_loss': '0.00916055', 'time_per_step': '2.62588'}
2026-03-11 02:45:14,210 - train_greyscale_FA_MoE.py - {'step': '168200', 'lr': '0.0002', 'total_loss': '0.008289', 'main_loss': '0.008289', 'time_per_step': '2.64309'}
2026-03-11 02:49:48,772 - train_greyscale_FA_MoE.py - {'step': '168300', 'lr': '0.0002', 'total_loss': '0.0099995', 'main_loss': '0.0099995', 'time_per_step': '2.74353'}
2026-03-11 02:54:22,453 - train_greyscale_FA_MoE.py - {'step': '168400', 'lr': '0.0002', 'total_loss': '0.00941516', 'main_loss': '0.00941516', 'time_per_step': '2.6549'}
2026-03-11 02:58:57,507 - train_greyscale_FA_MoE.py - {'step': '168500', 'lr': '0.0002', 'total_loss': '0.0127743', 'main_loss': '0.0127743', 'time_per_step': '2.59343'}
2026-03-11 03:03:32,844 - train_greyscale_FA_MoE.py - {'step': '168600', 'lr': '0.0002', 'total_loss': '0.014313', 'main_loss': '0.014313', 'time_per_step': '2.65453'}
2026-03-11 03:08:06,271 - train_greyscale_FA_MoE.py - {'step': '168700', 'lr': '0.0002', 'total_loss': '0.00927506', 'main_loss': '0.00927506', 'time_per_step': '2.65716'}
2026-03-11 03:12:40,315 - train_greyscale_FA_MoE.py - {'step': '168800', 'lr': '0.0002', 'total_loss': '0.00675291', 'main_loss': '0.00675291', 'time_per_step': '2.64667'}
2026-03-11 03:17:14,882 - train_greyscale_FA_MoE.py - {'step': '168900', 'lr': '0.0002', 'total_loss': '0.00970859', 'main_loss': '0.00970859', 'time_per_step': '2.64554'}
2026-03-11 03:21:49,108 - train_greyscale_FA_MoE.py - {'step': '169000', 'lr': '0.0002', 'total_loss': '0.00706652', 'main_loss': '0.00706652', 'time_per_step': '2.59352'}
2026-03-11 03:26:23,621 - train_greyscale_FA_MoE.py - {'step': '169100', 'lr': '0.0002', 'total_loss': '0.00963882', 'main_loss': '0.00963882', 'time_per_step': '2.63548'}
2026-03-11 03:30:57,240 - train_greyscale_FA_MoE.py - {'step': '169200', 'lr': '0.0002', 'total_loss': '0.010176', 'main_loss': '0.010176', 'time_per_step': '2.56676'}
2026-03-11 03:35:32,059 - train_greyscale_FA_MoE.py - {'step': '169300', 'lr': '0.0002', 'total_loss': '0.0105345', 'main_loss': '0.0105345', 'time_per_step': '2.62808'}
2026-03-11 03:40:06,449 - train_greyscale_FA_MoE.py - {'step': '169400', 'lr': '0.0002', 'total_loss': '0.00961903', 'main_loss': '0.00961903', 'time_per_step': '2.64101'}
2026-03-11 03:44:39,578 - train_greyscale_FA_MoE.py - {'step': '169500', 'lr': '0.0002', 'total_loss': '0.00721953', 'main_loss': '0.00721953', 'time_per_step': '2.64444'}
2026-03-11 03:49:13,587 - train_greyscale_FA_MoE.py - {'step': '169600', 'lr': '0.0002', 'total_loss': '0.00692534', 'main_loss': '0.00692534', 'time_per_step': '2.62745'}
2026-03-11 03:53:47,617 - train_greyscale_FA_MoE.py - {'step': '169700', 'lr': '0.0002', 'total_loss': '0.00920514', 'main_loss': '0.00920514', 'time_per_step': '2.76403'}
2026-03-11 03:58:21,527 - train_greyscale_FA_MoE.py - {'step': '169800', 'lr': '0.0002', 'total_loss': '0.00540255', 'main_loss': '0.00540255', 'time_per_step': '2.64609'}
2026-03-11 04:02:56,617 - train_greyscale_FA_MoE.py - {'step': '169900', 'lr': '0.0002', 'total_loss': '0.00728831', 'main_loss': '0.00728831', 'time_per_step': '2.58479'}
2026-03-11 04:07:31,070 - train_greyscale_FA_MoE.py - {'step': '170000', 'lr': '0.0002', 'total_loss': '0.0114206', 'main_loss': '0.0114206', 'time_per_step': '2.62978'}
2026-03-11 04:12:05,236 - train_greyscale_FA_MoE.py - {'step': '170100', 'lr': '0.0002', 'total_loss': '0.00905174', 'main_loss': '0.00905174', 'time_per_step': '2.65001'}
2026-03-11 04:16:38,941 - train_greyscale_FA_MoE.py - {'step': '170200', 'lr': '0.0002', 'total_loss': '0.00807178', 'main_loss': '0.00807178', 'time_per_step': '2.63453'}
2026-03-11 04:21:12,245 - train_greyscale_FA_MoE.py - {'step': '170300', 'lr': '0.0002', 'total_loss': '0.00902317', 'main_loss': '0.00902317', 'time_per_step': '2.58561'}
2026-03-11 04:25:46,145 - train_greyscale_FA_MoE.py - {'step': '170400', 'lr': '0.0002', 'total_loss': '0.00908011', 'main_loss': '0.00908011', 'time_per_step': '2.62536'}
2026-03-11 04:30:20,696 - train_greyscale_FA_MoE.py - {'step': '170500', 'lr': '0.0002', 'total_loss': '0.00606061', 'main_loss': '0.00606061', 'time_per_step': '2.61964'}
2026-03-11 04:34:55,010 - train_greyscale_FA_MoE.py - {'step': '170600', 'lr': '0.0002', 'total_loss': '0.00835764', 'main_loss': '0.00835764', 'time_per_step': '2.60457'}
2026-03-11 04:39:29,014 - train_greyscale_FA_MoE.py - {'step': '170700', 'lr': '0.0002', 'total_loss': '0.00587977', 'main_loss': '0.00587977', 'time_per_step': '2.64487'}
2026-03-11 04:44:03,358 - train_greyscale_FA_MoE.py - {'step': '170800', 'lr': '0.0002', 'total_loss': '0.00866784', 'main_loss': '0.00866784', 'time_per_step': '2.66839'}
2026-03-11 04:48:37,303 - train_greyscale_FA_MoE.py - {'step': '170900', 'lr': '0.0002', 'total_loss': '0.00976575', 'main_loss': '0.00976575', 'time_per_step': '2.65397'}
2026-03-11 04:53:11,107 - train_greyscale_FA_MoE.py - {'step': '171000', 'lr': '0.0002', 'total_loss': '0.0114456', 'main_loss': '0.0114456', 'time_per_step': '2.62878'}
2026-03-11 04:57:44,798 - train_greyscale_FA_MoE.py - {'step': '171100', 'lr': '0.0002', 'total_loss': '0.00944568', 'main_loss': '0.00944568', 'time_per_step': '2.65586'}
2026-03-11 05:02:17,878 - train_greyscale_FA_MoE.py - {'step': '171200', 'lr': '0.0002', 'total_loss': '0.0120607', 'main_loss': '0.0120607', 'time_per_step': '2.78073'}
2026-03-11 05:06:53,070 - train_greyscale_FA_MoE.py - {'step': '171300', 'lr': '0.0002', 'total_loss': '0.00764641', 'main_loss': '0.00764641', 'time_per_step': '2.66558'}
2026-03-11 05:11:27,266 - train_greyscale_FA_MoE.py - {'step': '171400', 'lr': '0.0002', 'total_loss': '0.00950372', 'main_loss': '0.00950372', 'time_per_step': '2.61825'}
2026-03-11 05:16:00,282 - train_greyscale_FA_MoE.py - {'step': '171500', 'lr': '0.0002', 'total_loss': '0.00880997', 'main_loss': '0.00880997', 'time_per_step': '2.56442'}
2026-03-11 05:20:33,851 - train_greyscale_FA_MoE.py - {'step': '171600', 'lr': '0.0002', 'total_loss': '0.0102097', 'main_loss': '0.0102097', 'time_per_step': '2.59221'}
2026-03-11 05:25:09,176 - train_greyscale_FA_MoE.py - {'step': '171700', 'lr': '0.0002', 'total_loss': '0.00779412', 'main_loss': '0.00779412', 'time_per_step': '2.6237'}
2026-03-11 05:29:43,258 - train_greyscale_FA_MoE.py - {'step': '171800', 'lr': '0.0002', 'total_loss': '0.00941198', 'main_loss': '0.00941198', 'time_per_step': '2.62379'}
2026-03-11 05:34:17,354 - train_greyscale_FA_MoE.py - {'step': '171900', 'lr': '0.0002', 'total_loss': '0.00720026', 'main_loss': '0.00720026', 'time_per_step': '2.7703'}
2026-03-11 05:38:51,428 - train_greyscale_FA_MoE.py - {'step': '172000', 'lr': '0.0002', 'total_loss': '0.00918917', 'main_loss': '0.00918917', 'time_per_step': '2.60459'}
2026-03-11 05:43:25,337 - train_greyscale_FA_MoE.py - {'step': '172100', 'lr': '0.0002', 'total_loss': '0.0080796', 'main_loss': '0.0080796', 'time_per_step': '2.64452'}
2026-03-11 05:47:58,486 - train_greyscale_FA_MoE.py - {'step': '172200', 'lr': '0.0002', 'total_loss': '0.010292', 'main_loss': '0.010292', 'time_per_step': '2.66044'}
2026-03-11 05:52:33,193 - train_greyscale_FA_MoE.py - {'step': '172300', 'lr': '0.0002', 'total_loss': '0.0106963', 'main_loss': '0.0106963', 'time_per_step': '2.66645'}
2026-03-11 05:57:06,438 - train_greyscale_FA_MoE.py - {'step': '172400', 'lr': '0.0002', 'total_loss': '0.00823242', 'main_loss': '0.00823242', 'time_per_step': '2.63107'}
2026-03-11 06:01:40,069 - train_greyscale_FA_MoE.py - {'step': '172500', 'lr': '0.0002', 'total_loss': '0.00958336', 'main_loss': '0.00958336', 'time_per_step': '2.66123'}
2026-03-11 06:06:14,066 - train_greyscale_FA_MoE.py - {'step': '172600', 'lr': '0.0002', 'total_loss': '0.0120071', 'main_loss': '0.0120071', 'time_per_step': '2.64277'}
2026-03-11 06:10:48,554 - train_greyscale_FA_MoE.py - {'step': '172700', 'lr': '0.0002', 'total_loss': '0.0100688', 'main_loss': '0.0100688', 'time_per_step': '2.69895'}
2026-03-11 06:15:22,166 - train_greyscale_FA_MoE.py - {'step': '172800', 'lr': '0.0002', 'total_loss': '0.0137946', 'main_loss': '0.0137946', 'time_per_step': '2.56681'}
2026-03-11 06:19:56,064 - train_greyscale_FA_MoE.py - {'step': '172900', 'lr': '0.0002', 'total_loss': '0.00772924', 'main_loss': '0.00772924', 'time_per_step': '2.60685'}
2026-03-11 06:24:30,708 - train_greyscale_FA_MoE.py - {'step': '173000', 'lr': '0.0002', 'total_loss': '0.00870886', 'main_loss': '0.00870886', 'time_per_step': '2.64415'}
2026-03-11 06:29:04,149 - train_greyscale_FA_MoE.py - {'step': '173100', 'lr': '0.0002', 'total_loss': '0.00871832', 'main_loss': '0.00871832', 'time_per_step': '2.65115'}
2026-03-11 06:33:38,086 - train_greyscale_FA_MoE.py - {'step': '173200', 'lr': '0.0002', 'total_loss': '0.00499032', 'main_loss': '0.00499032', 'time_per_step': '2.62508'}
2026-03-11 06:38:11,773 - train_greyscale_FA_MoE.py - {'step': '173300', 'lr': '0.0002', 'total_loss': '0.00701994', 'main_loss': '0.00701994', 'time_per_step': '2.67089'}
2026-03-11 06:42:46,485 - train_greyscale_FA_MoE.py - {'step': '173400', 'lr': '0.0002', 'total_loss': '0.00874963', 'main_loss': '0.00874963', 'time_per_step': '2.70807'}
2026-03-11 06:47:21,872 - train_greyscale_FA_MoE.py - {'step': '173500', 'lr': '0.0002', 'total_loss': '0.00808706', 'main_loss': '0.00808706', 'time_per_step': '2.63261'}
2026-03-11 06:51:53,503 - train_greyscale_FA_MoE.py - {'step': '173600', 'lr': '0.0002', 'total_loss': '0.0100689', 'main_loss': '0.0100689', 'time_per_step': '2.62494'}
2026-03-11 06:56:24,552 - train_greyscale_FA_MoE.py - {'step': '173700', 'lr': '0.0002', 'total_loss': '0.00798334', 'main_loss': '0.00798334', 'time_per_step': '2.62392'}
2026-03-11 07:00:55,997 - train_greyscale_FA_MoE.py - {'step': '173800', 'lr': '0.0002', 'total_loss': '0.0103658', 'main_loss': '0.0103658', 'time_per_step': '2.60466'}
2026-03-11 07:05:27,570 - train_greyscale_FA_MoE.py - {'step': '173900', 'lr': '0.0002', 'total_loss': '0.00812876', 'main_loss': '0.00812876', 'time_per_step': '2.56099'}
2026-03-11 07:09:58,328 - train_greyscale_FA_MoE.py - {'step': '174000', 'lr': '0.0002', 'total_loss': '0.0101511', 'main_loss': '0.0101511', 'time_per_step': '2.53226'}
2026-03-11 07:14:30,709 - train_greyscale_FA_MoE.py - {'step': '174100', 'lr': '0.0002', 'total_loss': '0.00945322', 'main_loss': '0.00945322', 'time_per_step': '2.58925'}
2026-03-11 07:19:00,797 - train_greyscale_FA_MoE.py - {'step': '174200', 'lr': '0.0002', 'total_loss': '0.00602457', 'main_loss': '0.00602457', 'time_per_step': '2.5978'}
2026-03-11 07:23:31,832 - train_greyscale_FA_MoE.py - {'step': '174300', 'lr': '0.0002', 'total_loss': '0.00574822', 'main_loss': '0.00574822', 'time_per_step': '2.62372'}
2026-03-11 07:28:02,935 - train_greyscale_FA_MoE.py - {'step': '174400', 'lr': '0.0002', 'total_loss': '0.0115814', 'main_loss': '0.0115814', 'time_per_step': '2.62275'}
2026-03-11 07:32:44,458 - train_greyscale_FA_MoE.py - {'step': '174500', 'lr': '0.0002', 'total_loss': '0.00649153', 'main_loss': '0.00649153', 'time_per_step': '2.63248'}
2026-03-11 07:37:21,165 - train_greyscale_FA_MoE.py - {'step': '174600', 'lr': '0.0002', 'total_loss': '0.00821606', 'main_loss': '0.00821606', 'time_per_step': '2.63558'}
2026-03-11 07:43:24,058 - train_greyscale_FA_MoE.py - {'step': '174700', 'lr': '0.0002', 'total_loss': '0.00514187', 'main_loss': '0.00514187', 'time_per_step': '2.6231'}
2026-03-11 07:47:57,565 - train_greyscale_FA_MoE.py - {'step': '174800', 'lr': '0.0002', 'total_loss': '0.00679442', 'main_loss': '0.00679442', 'time_per_step': '2.61902'}
2026-03-11 07:52:28,752 - train_greyscale_FA_MoE.py - {'step': '174900', 'lr': '0.0002', 'total_loss': '0.00617836', 'main_loss': '0.00617836', 'time_per_step': '2.60919'}
2026-03-11 07:56:59,218 - train_greyscale_FA_MoE.py - {'step': '175000', 'lr': '0.0002', 'total_loss': '0.00885655', 'main_loss': '0.00885655', 'time_per_step': '2.63774'}
2026-03-11 07:56:59,243 - train_greyscale_FA_MoE.py - Saved expert distribution of layer in_block_0 to output_shift_fa/acdc_wholeheart_uncond_fa_ec_4moe8_greyscale_uvit_mid_4by4_l8r9_low16_Y_bound/samples/expert_distribution_in_block_0_step175000.npy
2026-03-11 07:57:02,141 - train_greyscale_FA_MoE.py - Saved expert distribution of layer out_block_7 to output_shift_fa/acdc_wholeheart_uncond_fa_ec_4moe8_greyscale_uvit_mid_4by4_l8r9_low16_Y_bound/samples/expert_distribution_out_block_7_step175000.npy
2026-03-11 07:57:04,237 - train_greyscale_FA_MoE.py - Save a grid of 16 samples into output_shift_fa/acdc_wholeheart_uncond_fa_ec_4moe8_greyscale_uvit_mid_4by4_l8r9_low16_Y_bound/samples/175000.png by DPM-Solver
2026-03-11 07:57:11,135 - train_greyscale_FA_MoE.py - Finished saving sample grid to output_shift_fa/acdc_wholeheart_uncond_fa_ec_4moe8_greyscale_uvit_mid_4by4_l8r9_low16_Y_bound/samples/175000.png by DPM-Solver.
2026-03-11 07:57:11,533 - train_greyscale_FA_MoE.py - Save and eval checkpoint 175000...
2026-03-11 07:57:14,417 - train_greyscale_FA_MoE.py - eval_step: n_samples=50000, sample_steps=50, algorithm=dpm_solver, mini_batch_size=500, samples save into output_shift_fa/acdc_wholeheart_uncond_fa_ec_4moe8_greyscale_uvit_mid_4by4_l8r9_low16_Y_bound/samples/acdc_wholeheart_uncond_uvit_FA_EC_4MoE8_greyscale_mid_4by4_low16_175000_dpm
2026-03-11 08:53:40,742 - train_greyscale_FA_MoE.py - step=175000 fid50000=14.956363308353843
2026-03-11 09:00:24,532 - is_lpips.py - LPIPS: 0.5142 ± 0.0502
2026-03-11 09:00:24,537 - train_greyscale_FA_MoE.py - step=175000 LPIPS50000=0.5142459881469403
2026-03-11 09:06:06,289 - train_greyscale_FA_MoE.py - {'step': '175100', 'lr': '0.0002', 'total_loss': '0.00875763', 'main_loss': '0.00875763', 'time_per_step': '2.56273'}
2026-03-11 09:10:36,615 - train_greyscale_FA_MoE.py - {'step': '175200', 'lr': '0.0002', 'total_loss': '0.00892771', 'main_loss': '0.00892771', 'time_per_step': '2.53438'}
2026-03-11 09:15:08,326 - train_greyscale_FA_MoE.py - {'step': '175300', 'lr': '0.0002', 'total_loss': '0.00948004', 'main_loss': '0.00948004', 'time_per_step': '2.59193'}
2026-03-11 09:19:40,046 - train_greyscale_FA_MoE.py - {'step': '175400', 'lr': '0.0002', 'total_loss': '0.00878525', 'main_loss': '0.00878525', 'time_per_step': '2.61243'}
2026-03-11 09:24:11,389 - train_greyscale_FA_MoE.py - {'step': '175500', 'lr': '0.0002', 'total_loss': '0.00678857', 'main_loss': '0.00678857', 'time_per_step': '2.66366'}
2026-03-11 09:28:42,997 - train_greyscale_FA_MoE.py - {'step': '175600', 'lr': '0.0002', 'total_loss': '0.00931191', 'main_loss': '0.00931191', 'time_per_step': '2.62339'}
2026-03-11 09:33:14,136 - train_greyscale_FA_MoE.py - {'step': '175700', 'lr': '0.0002', 'total_loss': '0.00768718', 'main_loss': '0.00768718', 'time_per_step': '2.62108'}
2026-03-11 09:37:45,771 - train_greyscale_FA_MoE.py - {'step': '175800', 'lr': '0.0002', 'total_loss': '0.00890753', 'main_loss': '0.00890753', 'time_per_step': '2.68487'}
2026-03-11 09:42:17,200 - train_greyscale_FA_MoE.py - {'step': '175900', 'lr': '0.0002', 'total_loss': '0.0107647', 'main_loss': '0.0107647', 'time_per_step': '2.69081'}
2026-03-11 09:46:48,342 - train_greyscale_FA_MoE.py - {'step': '176000', 'lr': '0.0002', 'total_loss': '0.00817869', 'main_loss': '0.00817869', 'time_per_step': '2.62346'}
2026-03-11 09:51:18,766 - train_greyscale_FA_MoE.py - {'step': '176100', 'lr': '0.0002', 'total_loss': '0.00943091', 'main_loss': '0.00943091', 'time_per_step': '2.60528'}
2026-03-11 09:55:50,605 - train_greyscale_FA_MoE.py - {'step': '176200', 'lr': '0.0002', 'total_loss': '0.00566034', 'main_loss': '0.00566034', 'time_per_step': '2.61603'}
2026-03-11 10:00:22,130 - train_greyscale_FA_MoE.py - {'step': '176300', 'lr': '0.0002', 'total_loss': '0.00928426', 'main_loss': '0.00928426', 'time_per_step': '2.57382'}
2026-03-11 10:04:53,289 - train_greyscale_FA_MoE.py - {'step': '176400', 'lr': '0.0002', 'total_loss': '0.0101471', 'main_loss': '0.0101471', 'time_per_step': '2.53704'}
2026-03-11 10:09:25,820 - train_greyscale_FA_MoE.py - {'step': '176500', 'lr': '0.0002', 'total_loss': '0.00791901', 'main_loss': '0.00791901', 'time_per_step': '2.61665'}
2026-03-11 10:13:57,205 - train_greyscale_FA_MoE.py - {'step': '176600', 'lr': '0.0002', 'total_loss': '0.0106439', 'main_loss': '0.0106439', 'time_per_step': '2.58946'}
2026-03-11 10:18:28,960 - train_greyscale_FA_MoE.py - {'step': '176700', 'lr': '0.0002', 'total_loss': '0.00750883', 'main_loss': '0.00750883', 'time_per_step': '2.62265'}
2026-03-11 10:23:00,134 - train_greyscale_FA_MoE.py - {'step': '176800', 'lr': '0.0002', 'total_loss': '0.00764771', 'main_loss': '0.00764771', 'time_per_step': '2.64813'}
2026-03-11 10:27:31,597 - train_greyscale_FA_MoE.py - {'step': '176900', 'lr': '0.0002', 'total_loss': '0.010309', 'main_loss': '0.010309', 'time_per_step': '2.61799'}
2026-03-11 10:32:02,907 - train_greyscale_FA_MoE.py - {'step': '177000', 'lr': '0.0002', 'total_loss': '0.0108402', 'main_loss': '0.0108402', 'time_per_step': '2.64127'}
2026-03-11 10:36:33,231 - train_greyscale_FA_MoE.py - {'step': '177100', 'lr': '0.0002', 'total_loss': '0.0067755', 'main_loss': '0.0067755', 'time_per_step': '2.62701'}
2026-03-11 10:41:04,724 - train_greyscale_FA_MoE.py - {'step': '177200', 'lr': '0.0002', 'total_loss': '0.0109154', 'main_loss': '0.0109154', 'time_per_step': '2.68045'}
2026-03-11 10:45:36,419 - train_greyscale_FA_MoE.py - {'step': '177300', 'lr': '0.0002', 'total_loss': '0.00791929', 'main_loss': '0.00791929', 'time_per_step': '2.63204'}
2026-03-11 10:50:07,731 - train_greyscale_FA_MoE.py - {'step': '177400', 'lr': '0.0002', 'total_loss': '0.00672903', 'main_loss': '0.00672903', 'time_per_step': '2.62864'}
2026-03-11 10:54:39,302 - train_greyscale_FA_MoE.py - {'step': '177500', 'lr': '0.0002', 'total_loss': '0.0066148', 'main_loss': '0.0066148', 'time_per_step': '2.56628'}
2026-03-11 10:59:10,382 - train_greyscale_FA_MoE.py - {'step': '177600', 'lr': '0.0002', 'total_loss': '0.00544439', 'main_loss': '0.00544439', 'time_per_step': '2.53464'}
2026-03-11 11:03:42,917 - train_greyscale_FA_MoE.py - {'step': '177700', 'lr': '0.0002', 'total_loss': '0.00918216', 'main_loss': '0.00918216', 'time_per_step': '2.60404'}
2026-03-11 11:08:14,250 - train_greyscale_FA_MoE.py - {'step': '177800', 'lr': '0.0002', 'total_loss': '0.0127685', 'main_loss': '0.0127685', 'time_per_step': '2.61414'}
2026-03-11 11:12:45,724 - train_greyscale_FA_MoE.py - {'step': '177900', 'lr': '0.0002', 'total_loss': '0.00734832', 'main_loss': '0.00734832', 'time_per_step': '2.70288'}
2026-03-11 11:17:16,219 - train_greyscale_FA_MoE.py - {'step': '178000', 'lr': '0.0002', 'total_loss': '0.00758017', 'main_loss': '0.00758017', 'time_per_step': '2.67691'}
2026-03-11 11:21:47,951 - train_greyscale_FA_MoE.py - {'step': '178100', 'lr': '0.0002', 'total_loss': '0.00928193', 'main_loss': '0.00928193', 'time_per_step': '2.68517'}
2026-03-11 11:26:19,088 - train_greyscale_FA_MoE.py - {'step': '178200', 'lr': '0.0002', 'total_loss': '0.0100514', 'main_loss': '0.0100514', 'time_per_step': '2.61758'}
2026-03-11 11:30:50,565 - train_greyscale_FA_MoE.py - {'step': '178300', 'lr': '0.0002', 'total_loss': '0.00873026', 'main_loss': '0.00873026', 'time_per_step': '2.62744'}
2026-03-11 11:35:21,740 - train_greyscale_FA_MoE.py - {'step': '178400', 'lr': '0.0002', 'total_loss': '0.010331', 'main_loss': '0.010331', 'time_per_step': '2.63903'}
2026-03-11 11:39:53,231 - train_greyscale_FA_MoE.py - {'step': '178500', 'lr': '0.0002', 'total_loss': '0.00655197', 'main_loss': '0.00655197', 'time_per_step': '2.62554'}
2026-03-11 11:44:24,667 - train_greyscale_FA_MoE.py - {'step': '178600', 'lr': '0.0002', 'total_loss': '0.00759881', 'main_loss': '0.00759881', 'time_per_step': '2.62764'}
2026-03-11 11:48:55,939 - train_greyscale_FA_MoE.py - {'step': '178700', 'lr': '0.0002', 'total_loss': '0.0121343', 'main_loss': '0.0121343', 'time_per_step': '2.56401'}
2026-03-11 11:53:25,932 - train_greyscale_FA_MoE.py - {'step': '178800', 'lr': '0.0002', 'total_loss': '0.00835176', 'main_loss': '0.00835176', 'time_per_step': '2.53822'}
2026-03-11 11:57:56,995 - train_greyscale_FA_MoE.py - {'step': '178900', 'lr': '0.0002', 'total_loss': '0.00919948', 'main_loss': '0.00919948', 'time_per_step': '2.59015'}
2026-03-11 12:02:28,872 - train_greyscale_FA_MoE.py - {'step': '179000', 'lr': '0.0002', 'total_loss': '0.00559504', 'main_loss': '0.00559504', 'time_per_step': '2.62338'}
2026-03-11 12:06:59,803 - train_greyscale_FA_MoE.py - {'step': '179100', 'lr': '0.0002', 'total_loss': '0.00709892', 'main_loss': '0.00709892', 'time_per_step': '2.62999'}
2026-03-11 12:11:31,450 - train_greyscale_FA_MoE.py - {'step': '179200', 'lr': '0.0002', 'total_loss': '0.00725559', 'main_loss': '0.00725559', 'time_per_step': '2.62558'}
2026-03-11 12:16:02,726 - train_greyscale_FA_MoE.py - {'step': '179300', 'lr': '0.0002', 'total_loss': '0.00795457', 'main_loss': '0.00795457', 'time_per_step': '2.60958'}
2026-03-11 12:20:34,540 - train_greyscale_FA_MoE.py - {'step': '179400', 'lr': '0.0002', 'total_loss': '0.00978425', 'main_loss': '0.00978425', 'time_per_step': '2.64717'}
2026-03-11 12:25:06,020 - train_greyscale_FA_MoE.py - {'step': '179500', 'lr': '0.0002', 'total_loss': '0.00720484', 'main_loss': '0.00720484', 'time_per_step': '2.65111'}
2026-03-11 12:29:37,462 - train_greyscale_FA_MoE.py - {'step': '179600', 'lr': '0.0002', 'total_loss': '0.00615582', 'main_loss': '0.00615582', 'time_per_step': '2.62316'}
2026-03-11 12:34:08,743 - train_greyscale_FA_MoE.py - {'step': '179700', 'lr': '0.0002', 'total_loss': '0.00853977', 'main_loss': '0.00853977', 'time_per_step': '2.624'}
2026-03-11 12:38:40,059 - train_greyscale_FA_MoE.py - {'step': '179800', 'lr': '0.0002', 'total_loss': '0.011097', 'main_loss': '0.011097', 'time_per_step': '2.5777'}
2026-03-11 12:43:10,459 - train_greyscale_FA_MoE.py - {'step': '179900', 'lr': '0.0002', 'total_loss': '0.00765991', 'main_loss': '0.00765991', 'time_per_step': '2.57549'}
2026-03-11 12:47:41,540 - train_greyscale_FA_MoE.py - {'step': '180000', 'lr': '0.0002', 'total_loss': '0.00934535', 'main_loss': '0.00934535', 'time_per_step': '2.53618'}
2026-03-11 12:52:13,831 - train_greyscale_FA_MoE.py - {'step': '180100', 'lr': '0.0002', 'total_loss': '0.00722185', 'main_loss': '0.00722185', 'time_per_step': '2.59184'}
2026-03-11 12:56:45,721 - train_greyscale_FA_MoE.py - {'step': '180200', 'lr': '0.0002', 'total_loss': '0.00798313', 'main_loss': '0.00798313', 'time_per_step': '2.69559'}
2026-03-11 13:01:18,563 - train_greyscale_FA_MoE.py - {'step': '180300', 'lr': '0.0002', 'total_loss': '0.0070976', 'main_loss': '0.0070976', 'time_per_step': '2.61731'}
2026-03-11 13:05:52,657 - train_greyscale_FA_MoE.py - {'step': '180400', 'lr': '0.0002', 'total_loss': '0.00775767', 'main_loss': '0.00775767', 'time_per_step': '2.63627'}
2026-03-11 13:10:25,419 - train_greyscale_FA_MoE.py - {'step': '180500', 'lr': '0.0002', 'total_loss': '0.00834384', 'main_loss': '0.00834384', 'time_per_step': '2.63346'}
2026-03-11 13:14:57,422 - train_greyscale_FA_MoE.py - {'step': '180600', 'lr': '0.0002', 'total_loss': '0.0104569', 'main_loss': '0.0104569', 'time_per_step': '2.58821'}
2026-03-11 13:19:28,532 - train_greyscale_FA_MoE.py - {'step': '180700', 'lr': '0.0002', 'total_loss': '0.010247', 'main_loss': '0.010247', 'time_per_step': '2.62675'}
2026-03-11 13:23:59,256 - train_greyscale_FA_MoE.py - {'step': '180800', 'lr': '0.0002', 'total_loss': '0.00855284', 'main_loss': '0.00855284', 'time_per_step': '2.63769'}
2026-03-11 13:28:30,617 - train_greyscale_FA_MoE.py - {'step': '180900', 'lr': '0.0002', 'total_loss': '0.00976389', 'main_loss': '0.00976389', 'time_per_step': '2.66266'}
2026-03-11 13:33:01,955 - train_greyscale_FA_MoE.py - {'step': '181000', 'lr': '0.0002', 'total_loss': '0.00925215', 'main_loss': '0.00925215', 'time_per_step': '2.61502'}
2026-03-11 13:37:33,250 - train_greyscale_FA_MoE.py - {'step': '181100', 'lr': '0.0002', 'total_loss': '0.0100978', 'main_loss': '0.0100978', 'time_per_step': '2.57378'}
2026-03-11 13:42:04,309 - train_greyscale_FA_MoE.py - {'step': '181200', 'lr': '0.0002', 'total_loss': '0.00673903', 'main_loss': '0.00673903', 'time_per_step': '2.53874'}
2026-03-11 13:46:36,007 - train_greyscale_FA_MoE.py - {'step': '181300', 'lr': '0.0002', 'total_loss': '0.00884089', 'main_loss': '0.00884089', 'time_per_step': '2.59107'}
2026-03-11 13:51:07,414 - train_greyscale_FA_MoE.py - {'step': '181400', 'lr': '0.0002', 'total_loss': '0.00944827', 'main_loss': '0.00944827', 'time_per_step': '2.62515'}
2026-03-11 13:55:38,958 - train_greyscale_FA_MoE.py - {'step': '181500', 'lr': '0.0002', 'total_loss': '0.00727722', 'main_loss': '0.00727722', 'time_per_step': '2.61705'}
2026-03-11 14:00:10,532 - train_greyscale_FA_MoE.py - {'step': '181600', 'lr': '0.0002', 'total_loss': '0.00686807', 'main_loss': '0.00686807', 'time_per_step': '2.61777'}
2026-03-11 14:04:41,761 - train_greyscale_FA_MoE.py - {'step': '181700', 'lr': '0.0002', 'total_loss': '0.00959443', 'main_loss': '0.00959443', 'time_per_step': '2.62117'}
2026-03-11 14:09:13,280 - train_greyscale_FA_MoE.py - {'step': '181800', 'lr': '0.0002', 'total_loss': '0.00722074', 'main_loss': '0.00722074', 'time_per_step': '2.62743'}
2026-03-11 14:13:44,858 - train_greyscale_FA_MoE.py - {'step': '181900', 'lr': '0.0002', 'total_loss': '0.0141334', 'main_loss': '0.0141334', 'time_per_step': '2.63485'}
2026-03-11 14:18:16,377 - train_greyscale_FA_MoE.py - {'step': '182000', 'lr': '0.0002', 'total_loss': '0.00745605', 'main_loss': '0.00745605', 'time_per_step': '2.69814'}
2026-03-11 14:22:49,194 - train_greyscale_FA_MoE.py - {'step': '182100', 'lr': '0.0002', 'total_loss': '0.0100224', 'main_loss': '0.0100224', 'time_per_step': '2.63802'}
2026-03-11 14:27:24,490 - train_greyscale_FA_MoE.py - {'step': '182200', 'lr': '0.0002', 'total_loss': '0.00885408', 'main_loss': '0.00885408', 'time_per_step': '2.6208'}
2026-03-11 14:31:56,440 - train_greyscale_FA_MoE.py - {'step': '182300', 'lr': '0.0002', 'total_loss': '0.0106029', 'main_loss': '0.0106029', 'time_per_step': '2.53161'}
2026-03-11 14:36:30,093 - train_greyscale_FA_MoE.py - {'step': '182400', 'lr': '0.0002', 'total_loss': '0.00575613', 'main_loss': '0.00575613', 'time_per_step': '2.53308'}
2026-03-11 14:41:06,441 - train_greyscale_FA_MoE.py - {'step': '182500', 'lr': '0.0002', 'total_loss': '0.0104025', 'main_loss': '0.0104025', 'time_per_step': '2.63377'}
2026-03-11 14:45:39,749 - train_greyscale_FA_MoE.py - {'step': '182600', 'lr': '0.0002', 'total_loss': '0.012886', 'main_loss': '0.012886', 'time_per_step': '2.60695'}
2026-03-11 14:50:11,574 - train_greyscale_FA_MoE.py - {'step': '182700', 'lr': '0.0002', 'total_loss': '0.00916545', 'main_loss': '0.00916545', 'time_per_step': '2.61889'}
2026-03-11 14:54:43,665 - train_greyscale_FA_MoE.py - {'step': '182800', 'lr': '0.0002', 'total_loss': '0.00640219', 'main_loss': '0.00640219', 'time_per_step': '2.62449'}
2026-03-11 14:59:17,633 - train_greyscale_FA_MoE.py - {'step': '182900', 'lr': '0.0002', 'total_loss': '0.012079', 'main_loss': '0.012079', 'time_per_step': '2.6754'}
2026-03-11 15:03:51,385 - train_greyscale_FA_MoE.py - {'step': '183000', 'lr': '0.0002', 'total_loss': '0.0077372', 'main_loss': '0.0077372', 'time_per_step': '2.6305'}
2026-03-11 15:08:23,530 - train_greyscale_FA_MoE.py - {'step': '183100', 'lr': '0.0002', 'total_loss': '0.00701274', 'main_loss': '0.00701274', 'time_per_step': '2.63132'}
2026-03-11 15:12:56,650 - train_greyscale_FA_MoE.py - {'step': '183200', 'lr': '0.0002', 'total_loss': '0.00933805', 'main_loss': '0.00933805', 'time_per_step': '2.59833'}
2026-03-11 15:17:29,630 - train_greyscale_FA_MoE.py - {'step': '183300', 'lr': '0.0002', 'total_loss': '0.00789808', 'main_loss': '0.00789808', 'time_per_step': '2.63199'}
2026-03-11 15:22:01,315 - train_greyscale_FA_MoE.py - {'step': '183400', 'lr': '0.0002', 'total_loss': '0.00687875', 'main_loss': '0.00687875', 'time_per_step': '2.62087'}
2026-03-11 15:26:36,231 - train_greyscale_FA_MoE.py - {'step': '183500', 'lr': '0.0002', 'total_loss': '0.00885451', 'main_loss': '0.00885451', 'time_per_step': '2.55864'}
2026-03-11 15:31:09,100 - train_greyscale_FA_MoE.py - {'step': '183600', 'lr': '0.0002', 'total_loss': '0.0111574', 'main_loss': '0.0111574', 'time_per_step': '2.55068'}
2026-03-11 15:35:42,784 - train_greyscale_FA_MoE.py - {'step': '183700', 'lr': '0.0002', 'total_loss': '0.0113361', 'main_loss': '0.0113361', 'time_per_step': '2.59616'}
2026-03-11 15:40:14,445 - train_greyscale_FA_MoE.py - {'step': '183800', 'lr': '0.0002', 'total_loss': '0.00678126', 'main_loss': '0.00678126', 'time_per_step': '2.61549'}
2026-03-11 15:44:47,941 - train_greyscale_FA_MoE.py - {'step': '183900', 'lr': '0.0002', 'total_loss': '0.010409', 'main_loss': '0.010409', 'time_per_step': '2.68219'}
2026-03-11 15:49:19,195 - train_greyscale_FA_MoE.py - {'step': '184000', 'lr': '0.0002', 'total_loss': '0.00976401', 'main_loss': '0.00976401', 'time_per_step': '2.62441'}
2026-03-11 15:53:50,926 - train_greyscale_FA_MoE.py - {'step': '184100', 'lr': '0.0002', 'total_loss': '0.00856097', 'main_loss': '0.00856097', 'time_per_step': '2.64724'}
2026-03-11 15:58:22,070 - train_greyscale_FA_MoE.py - {'step': '184200', 'lr': '0.0002', 'total_loss': '0.00870148', 'main_loss': '0.00870148', 'time_per_step': '2.63222'}
2026-03-11 16:02:53,937 - train_greyscale_FA_MoE.py - {'step': '184300', 'lr': '0.0002', 'total_loss': '0.00914777', 'main_loss': '0.00914777', 'time_per_step': '2.77371'}
2026-03-11 16:07:24,543 - train_greyscale_FA_MoE.py - {'step': '184400', 'lr': '0.0002', 'total_loss': '0.0127627', 'main_loss': '0.0127627', 'time_per_step': '2.61792'}
2026-03-11 16:11:55,742 - train_greyscale_FA_MoE.py - {'step': '184500', 'lr': '0.0002', 'total_loss': '0.00583856', 'main_loss': '0.00583856', 'time_per_step': '2.61561'}
2026-03-11 16:16:26,018 - train_greyscale_FA_MoE.py - {'step': '184600', 'lr': '0.0002', 'total_loss': '0.00936651', 'main_loss': '0.00936651', 'time_per_step': '2.6192'}
2026-03-11 16:20:57,389 - train_greyscale_FA_MoE.py - {'step': '184700', 'lr': '0.0002', 'total_loss': '0.00735169', 'main_loss': '0.00735169', 'time_per_step': '2.53885'}
2026-03-11 16:25:28,416 - train_greyscale_FA_MoE.py - {'step': '184800', 'lr': '0.0002', 'total_loss': '0.00948715', 'main_loss': '0.00948715', 'time_per_step': '2.54032'}
2026-03-11 16:30:00,439 - train_greyscale_FA_MoE.py - {'step': '184900', 'lr': '0.0002', 'total_loss': '0.00962788', 'main_loss': '0.00962788', 'time_per_step': '2.63943'}
2026-03-11 16:34:31,787 - train_greyscale_FA_MoE.py - {'step': '185000', 'lr': '0.0002', 'total_loss': '0.0105195', 'main_loss': '0.0105195', 'time_per_step': '2.62815'}
2026-03-11 16:39:02,857 - train_greyscale_FA_MoE.py - {'step': '185100', 'lr': '0.0002', 'total_loss': '0.00817053', 'main_loss': '0.00817053', 'time_per_step': '2.64118'}
2026-03-11 16:43:34,152 - train_greyscale_FA_MoE.py - {'step': '185200', 'lr': '0.0002', 'total_loss': '0.0127419', 'main_loss': '0.0127419', 'time_per_step': '2.64113'}
2026-03-11 16:48:04,714 - train_greyscale_FA_MoE.py - {'step': '185300', 'lr': '0.0002', 'total_loss': '0.00776283', 'main_loss': '0.00776283', 'time_per_step': '2.6346'}
2026-03-11 16:52:36,019 - train_greyscale_FA_MoE.py - {'step': '185400', 'lr': '0.0002', 'total_loss': '0.0111295', 'main_loss': '0.0111295', 'time_per_step': '2.6288'}
2026-03-11 16:57:07,528 - train_greyscale_FA_MoE.py - {'step': '185500', 'lr': '0.0002', 'total_loss': '0.0103163', 'main_loss': '0.0103163', 'time_per_step': '2.57707'}
2026-03-11 17:01:37,723 - train_greyscale_FA_MoE.py - {'step': '185600', 'lr': '0.0002', 'total_loss': '0.00934543', 'main_loss': '0.00934543', 'time_per_step': '2.62167'}
2026-03-11 17:06:10,038 - train_greyscale_FA_MoE.py - {'step': '185700', 'lr': '0.0002', 'total_loss': '0.00917424', 'main_loss': '0.00917424', 'time_per_step': '2.61239'}
2026-03-11 17:10:40,960 - train_greyscale_FA_MoE.py - {'step': '185800', 'lr': '0.0002', 'total_loss': '0.0121518', 'main_loss': '0.0121518', 'time_per_step': '2.62342'}
2026-03-11 17:15:12,397 - train_greyscale_FA_MoE.py - {'step': '185900', 'lr': '0.0002', 'total_loss': '0.00600502', 'main_loss': '0.00600502', 'time_per_step': '2.55967'}
2026-03-11 17:19:43,342 - train_greyscale_FA_MoE.py - {'step': '186000', 'lr': '0.0002', 'total_loss': '0.0103761', 'main_loss': '0.0103761', 'time_per_step': '2.53149'}
2026-03-11 17:24:15,452 - train_greyscale_FA_MoE.py - {'step': '186100', 'lr': '0.0002', 'total_loss': '0.00993198', 'main_loss': '0.00993198', 'time_per_step': '2.62969'}
2026-03-11 17:28:46,881 - train_greyscale_FA_MoE.py - {'step': '186200', 'lr': '0.0002', 'total_loss': '0.0073729', 'main_loss': '0.0073729', 'time_per_step': '2.68699'}
2026-03-11 17:33:17,496 - train_greyscale_FA_MoE.py - {'step': '186300', 'lr': '0.0002', 'total_loss': '0.00732268', 'main_loss': '0.00732268', 'time_per_step': '2.67757'}
2026-03-11 17:37:48,747 - train_greyscale_FA_MoE.py - {'step': '186400', 'lr': '0.0002', 'total_loss': '0.00764292', 'main_loss': '0.00764292', 'time_per_step': '2.59157'}
2026-03-11 17:42:19,109 - train_greyscale_FA_MoE.py - {'step': '186500', 'lr': '0.0002', 'total_loss': '0.00679223', 'main_loss': '0.00679223', 'time_per_step': '2.62786'}
2026-03-11 17:46:50,385 - train_greyscale_FA_MoE.py - {'step': '186600', 'lr': '0.0002', 'total_loss': '0.0077793', 'main_loss': '0.0077793', 'time_per_step': '2.60353'}
2026-03-11 17:51:21,693 - train_greyscale_FA_MoE.py - {'step': '186700', 'lr': '0.0002', 'total_loss': '0.0099291', 'main_loss': '0.0099291', 'time_per_step': '2.63024'}
2026-03-11 17:55:53,671 - train_greyscale_FA_MoE.py - {'step': '186800', 'lr': '0.0002', 'total_loss': '0.00868631', 'main_loss': '0.00868631', 'time_per_step': '2.64931'}
2026-03-11 18:00:24,856 - train_greyscale_FA_MoE.py - {'step': '186900', 'lr': '0.0002', 'total_loss': '0.00769934', 'main_loss': '0.00769934', 'time_per_step': '2.61855'}
2026-03-11 18:04:57,017 - train_greyscale_FA_MoE.py - {'step': '187000', 'lr': '0.0002', 'total_loss': '0.00931703', 'main_loss': '0.00931703', 'time_per_step': '2.58724'}
2026-03-11 18:09:28,129 - train_greyscale_FA_MoE.py - {'step': '187100', 'lr': '0.0002', 'total_loss': '0.00803101', 'main_loss': '0.00803101', 'time_per_step': '2.56272'}
2026-03-11 18:13:59,527 - train_greyscale_FA_MoE.py - {'step': '187200', 'lr': '0.0002', 'total_loss': '0.00913873', 'main_loss': '0.00913873', 'time_per_step': '2.53403'}
2026-03-11 18:18:34,430 - train_greyscale_FA_MoE.py - {'step': '187300', 'lr': '0.0002', 'total_loss': '0.00803841', 'main_loss': '0.00803841', 'time_per_step': '2.59512'}
2026-03-11 18:23:04,667 - train_greyscale_FA_MoE.py - {'step': '187400', 'lr': '0.0002', 'total_loss': '0.00827211', 'main_loss': '0.00827211', 'time_per_step': '2.6295'}
2026-03-11 18:27:35,773 - train_greyscale_FA_MoE.py - {'step': '187500', 'lr': '0.0002', 'total_loss': '0.00679778', 'main_loss': '0.00679778', 'time_per_step': '2.62206'}
2026-03-11 18:32:07,829 - train_greyscale_FA_MoE.py - {'step': '187600', 'lr': '0.0002', 'total_loss': '0.0062112', 'main_loss': '0.0062112', 'time_per_step': '2.62399'}
2026-03-11 18:36:40,973 - train_greyscale_FA_MoE.py - {'step': '187700', 'lr': '0.0002', 'total_loss': '0.00628832', 'main_loss': '0.00628832', 'time_per_step': '2.62275'}
2026-03-11 18:41:12,091 - train_greyscale_FA_MoE.py - {'step': '187800', 'lr': '0.0002', 'total_loss': '0.00628721', 'main_loss': '0.00628721', 'time_per_step': '2.62365'}
2026-03-11 18:45:43,311 - train_greyscale_FA_MoE.py - {'step': '187900', 'lr': '0.0002', 'total_loss': '0.0101459', 'main_loss': '0.0101459', 'time_per_step': '2.62529'}
2026-03-11 18:50:16,342 - train_greyscale_FA_MoE.py - {'step': '188000', 'lr': '0.0002', 'total_loss': '0.00739336', 'main_loss': '0.00739336', 'time_per_step': '2.69295'}
2026-03-11 18:54:48,012 - train_greyscale_FA_MoE.py - {'step': '188100', 'lr': '0.0002', 'total_loss': '0.00992402', 'main_loss': '0.00992402', 'time_per_step': '2.68653'}
2026-03-11 18:59:18,298 - train_greyscale_FA_MoE.py - {'step': '188200', 'lr': '0.0002', 'total_loss': '0.0106541', 'main_loss': '0.0106541', 'time_per_step': '2.62201'}
2026-03-11 19:03:49,629 - train_greyscale_FA_MoE.py - {'step': '188300', 'lr': '0.0002', 'total_loss': '0.0101565', 'main_loss': '0.0101565', 'time_per_step': '2.55078'}
2026-03-11 19:08:23,249 - train_greyscale_FA_MoE.py - {'step': '188400', 'lr': '0.0002', 'total_loss': '0.00648034', 'main_loss': '0.00648034', 'time_per_step': '3.78313'}
2026-03-11 19:12:54,354 - train_greyscale_FA_MoE.py - {'step': '188500', 'lr': '0.0002', 'total_loss': '0.00900836', 'main_loss': '0.00900836', 'time_per_step': '2.7434'}
2026-03-11 19:17:25,796 - train_greyscale_FA_MoE.py - {'step': '188600', 'lr': '0.0002', 'total_loss': '0.0111577', 'main_loss': '0.0111577', 'time_per_step': '2.62446'}
2026-03-11 19:21:57,120 - train_greyscale_FA_MoE.py - {'step': '188700', 'lr': '0.0002', 'total_loss': '0.00886622', 'main_loss': '0.00886622', 'time_per_step': '2.58523'}
2026-03-11 19:26:32,832 - train_greyscale_FA_MoE.py - {'step': '188800', 'lr': '0.0002', 'total_loss': '0.00663229', 'main_loss': '0.00663229', 'time_per_step': '2.64707'}
2026-03-11 19:31:05,367 - train_greyscale_FA_MoE.py - {'step': '188900', 'lr': '0.0002', 'total_loss': '0.00824286', 'main_loss': '0.00824286', 'time_per_step': '2.63019'}
2026-03-11 19:35:36,839 - train_greyscale_FA_MoE.py - {'step': '189000', 'lr': '0.0002', 'total_loss': '0.00765868', 'main_loss': '0.00765868', 'time_per_step': '2.63522'}
2026-03-11 19:40:08,056 - train_greyscale_FA_MoE.py - {'step': '189100', 'lr': '0.0002', 'total_loss': '0.00947732', 'main_loss': '0.00947732', 'time_per_step': '2.62147'}
2026-03-11 19:44:39,013 - train_greyscale_FA_MoE.py - {'step': '189200', 'lr': '0.0002', 'total_loss': '0.00748825', 'main_loss': '0.00748825', 'time_per_step': '2.61573'}
2026-03-11 19:49:09,238 - train_greyscale_FA_MoE.py - {'step': '189300', 'lr': '0.0002', 'total_loss': '0.0082313', 'main_loss': '0.0082313', 'time_per_step': '2.63446'}
2026-03-11 19:53:40,566 - train_greyscale_FA_MoE.py - {'step': '189400', 'lr': '0.0002', 'total_loss': '0.00784916', 'main_loss': '0.00784916', 'time_per_step': '2.62469'}
2026-03-11 19:58:12,170 - train_greyscale_FA_MoE.py - {'step': '189500', 'lr': '0.0002', 'total_loss': '0.013551', 'main_loss': '0.013551', 'time_per_step': '2.56343'}
2026-03-11 20:02:44,167 - train_greyscale_FA_MoE.py - {'step': '189600', 'lr': '0.0002', 'total_loss': '0.00605857', 'main_loss': '0.00605857', 'time_per_step': '2.53554'}
2026-03-11 20:07:16,017 - train_greyscale_FA_MoE.py - {'step': '189700', 'lr': '0.0002', 'total_loss': '0.00960644', 'main_loss': '0.00960644', 'time_per_step': '2.67293'}
2026-03-11 20:11:47,554 - train_greyscale_FA_MoE.py - {'step': '189800', 'lr': '0.0002', 'total_loss': '0.011871', 'main_loss': '0.011871', 'time_per_step': '2.73409'}
2026-03-11 20:16:20,437 - train_greyscale_FA_MoE.py - {'step': '189900', 'lr': '0.0002', 'total_loss': '0.00850079', 'main_loss': '0.00850079', 'time_per_step': '2.60158'}
2026-03-11 20:20:54,729 - train_greyscale_FA_MoE.py - {'step': '190000', 'lr': '0.0002', 'total_loss': '0.0100464', 'main_loss': '0.0100464', 'time_per_step': '2.71604'}
2026-03-11 20:25:24,900 - train_greyscale_FA_MoE.py - {'step': '190100', 'lr': '0.0002', 'total_loss': '0.0102801', 'main_loss': '0.0102801', 'time_per_step': '2.62376'}
2026-03-11 20:29:55,289 - train_greyscale_FA_MoE.py - {'step': '190200', 'lr': '0.0002', 'total_loss': '0.00789011', 'main_loss': '0.00789011', 'time_per_step': '2.62438'}
2026-03-11 20:34:29,413 - train_greyscale_FA_MoE.py - {'step': '190300', 'lr': '0.0002', 'total_loss': '0.0109023', 'main_loss': '0.0109023', 'time_per_step': '2.62147'}
2026-03-11 20:39:00,846 - train_greyscale_FA_MoE.py - {'step': '190400', 'lr': '0.0002', 'total_loss': '0.00632636', 'main_loss': '0.00632636', 'time_per_step': '2.62298'}
2026-03-11 20:43:32,381 - train_greyscale_FA_MoE.py - {'step': '190500', 'lr': '0.0002', 'total_loss': '0.00737074', 'main_loss': '0.00737074', 'time_per_step': '2.62763'}
2026-03-11 20:48:04,662 - train_greyscale_FA_MoE.py - {'step': '190600', 'lr': '0.0002', 'total_loss': '0.0092789', 'main_loss': '0.0092789', 'time_per_step': '2.64317'}
2026-03-11 20:52:35,371 - train_greyscale_FA_MoE.py - {'step': '190700', 'lr': '0.0002', 'total_loss': '0.0105007', 'main_loss': '0.0105007', 'time_per_step': '2.5667'}
2026-03-11 20:57:06,798 - train_greyscale_FA_MoE.py - {'step': '190800', 'lr': '0.0002', 'total_loss': '0.0051151', 'main_loss': '0.0051151', 'time_per_step': '2.52435'}
2026-03-11 21:01:38,600 - train_greyscale_FA_MoE.py - {'step': '190900', 'lr': '0.0002', 'total_loss': '0.00677659', 'main_loss': '0.00677659', 'time_per_step': '2.59738'}
2026-03-11 21:06:10,518 - train_greyscale_FA_MoE.py - {'step': '191000', 'lr': '0.0002', 'total_loss': '0.0102481', 'main_loss': '0.0102481', 'time_per_step': '2.62034'}
2026-03-11 21:10:48,718 - train_greyscale_FA_MoE.py - {'step': '191100', 'lr': '0.0002', 'total_loss': '0.0104259', 'main_loss': '0.0104259', 'time_per_step': '2.62993'}
2026-03-11 21:15:21,040 - train_greyscale_FA_MoE.py - {'step': '191200', 'lr': '0.0002', 'total_loss': '0.0087669', 'main_loss': '0.0087669', 'time_per_step': '2.63736'}
2026-03-11 21:19:54,624 - train_greyscale_FA_MoE.py - {'step': '191300', 'lr': '0.0002', 'total_loss': '0.0107149', 'main_loss': '0.0107149', 'time_per_step': '2.79147'}
2026-03-11 21:24:32,240 - train_greyscale_FA_MoE.py - {'step': '191400', 'lr': '0.0002', 'total_loss': '0.00772989', 'main_loss': '0.00772989', 'time_per_step': '2.63661'}
2026-03-11 21:29:08,104 - train_greyscale_FA_MoE.py - {'step': '191500', 'lr': '0.0002', 'total_loss': '0.0094713', 'main_loss': '0.0094713', 'time_per_step': '2.63572'}
2026-03-11 21:33:41,367 - train_greyscale_FA_MoE.py - {'step': '191600', 'lr': '0.0002', 'total_loss': '0.00797154', 'main_loss': '0.00797154', 'time_per_step': '2.64583'}
2026-03-11 21:38:14,557 - train_greyscale_FA_MoE.py - {'step': '191700', 'lr': '0.0002', 'total_loss': '0.00863667', 'main_loss': '0.00863667', 'time_per_step': '2.67594'}
2026-03-11 21:42:54,003 - train_greyscale_FA_MoE.py - {'step': '191800', 'lr': '0.0002', 'total_loss': '0.00685323', 'main_loss': '0.00685323', 'time_per_step': '2.77589'}
2026-03-11 21:47:27,862 - train_greyscale_FA_MoE.py - {'step': '191900', 'lr': '0.0002', 'total_loss': '0.00940066', 'main_loss': '0.00940066', 'time_per_step': '2.56781'}
2026-03-11 21:52:00,929 - train_greyscale_FA_MoE.py - {'step': '192000', 'lr': '0.0002', 'total_loss': '0.00809409', 'main_loss': '0.00809409', 'time_per_step': '2.55153'}
2026-03-11 21:56:40,019 - train_greyscale_FA_MoE.py - {'step': '192100', 'lr': '0.0002', 'total_loss': '0.00722425', 'main_loss': '0.00722425', 'time_per_step': '2.64616'}
2026-03-11 22:01:15,925 - train_greyscale_FA_MoE.py - {'step': '192200', 'lr': '0.0002', 'total_loss': '0.00689517', 'main_loss': '0.00689517', 'time_per_step': '2.69606'}
2026-03-11 22:05:49,200 - train_greyscale_FA_MoE.py - {'step': '192300', 'lr': '0.0002', 'total_loss': '0.00962427', 'main_loss': '0.00962427', 'time_per_step': '2.62381'}
2026-03-11 22:10:23,604 - train_greyscale_FA_MoE.py - {'step': '192400', 'lr': '0.0002', 'total_loss': '0.0091095', 'main_loss': '0.0091095', 'time_per_step': '2.63244'}
2026-03-11 22:15:01,045 - train_greyscale_FA_MoE.py - {'step': '192500', 'lr': '0.0002', 'total_loss': '0.0115631', 'main_loss': '0.0115631', 'time_per_step': '2.70789'}
2026-03-11 22:19:36,927 - train_greyscale_FA_MoE.py - {'step': '192600', 'lr': '0.0002', 'total_loss': '0.00625994', 'main_loss': '0.00625994', 'time_per_step': '2.65623'}
2026-03-11 22:24:09,901 - train_greyscale_FA_MoE.py - {'step': '192700', 'lr': '0.0002', 'total_loss': '0.00911288', 'main_loss': '0.00911288', 'time_per_step': '2.63203'}
2026-03-11 22:28:48,259 - train_greyscale_FA_MoE.py - {'step': '192800', 'lr': '0.0002', 'total_loss': '0.0131467', 'main_loss': '0.0131467', 'time_per_step': '2.65064'}
2026-03-11 22:33:24,136 - train_greyscale_FA_MoE.py - {'step': '192900', 'lr': '0.0002', 'total_loss': '0.00640034', 'main_loss': '0.00640034', 'time_per_step': '2.63196'}
2026-03-11 22:37:57,301 - train_greyscale_FA_MoE.py - {'step': '193000', 'lr': '0.0002', 'total_loss': '0.00714561', 'main_loss': '0.00714561', 'time_per_step': '2.60304'}
2026-03-11 22:42:30,932 - train_greyscale_FA_MoE.py - {'step': '193100', 'lr': '0.0002', 'total_loss': '0.00866693', 'main_loss': '0.00866693', 'time_per_step': '2.57965'}
2026-03-11 22:47:11,273 - train_greyscale_FA_MoE.py - {'step': '193200', 'lr': '0.0002', 'total_loss': '0.00859558', 'main_loss': '0.00859558', 'time_per_step': '2.53024'}
2026-03-11 22:51:48,409 - train_greyscale_FA_MoE.py - {'step': '193300', 'lr': '0.0002', 'total_loss': '0.00840346', 'main_loss': '0.00840346', 'time_per_step': '2.62075'}
2026-03-11 22:56:21,942 - train_greyscale_FA_MoE.py - {'step': '193400', 'lr': '0.0002', 'total_loss': '0.00782842', 'main_loss': '0.00782842', 'time_per_step': '2.64273'}
2026-03-11 23:00:55,248 - train_greyscale_FA_MoE.py - {'step': '193500', 'lr': '0.0002', 'total_loss': '0.00623177', 'main_loss': '0.00623177', 'time_per_step': '2.63111'}
2026-03-11 23:05:37,153 - train_greyscale_FA_MoE.py - {'step': '193600', 'lr': '0.0002', 'total_loss': '0.00871842', 'main_loss': '0.00871842', 'time_per_step': '2.66037'}
2026-03-11 23:10:10,576 - train_greyscale_FA_MoE.py - {'step': '193700', 'lr': '0.0002', 'total_loss': '0.0088974', 'main_loss': '0.0088974', 'time_per_step': '2.63647'}
2026-03-11 23:14:43,538 - train_greyscale_FA_MoE.py - {'step': '193800', 'lr': '0.0002', 'total_loss': '0.0150397', 'main_loss': '0.0150397', 'time_per_step': '2.64843'}
2026-03-11 23:19:16,515 - train_greyscale_FA_MoE.py - {'step': '193900', 'lr': '0.0002', 'total_loss': '0.00924528', 'main_loss': '0.00924528', 'time_per_step': '2.71259'}
2026-03-11 23:23:54,492 - train_greyscale_FA_MoE.py - {'step': '194000', 'lr': '0.0002', 'total_loss': '0.00921958', 'main_loss': '0.00921958', 'time_per_step': '2.82937'}
2026-03-11 23:28:30,814 - train_greyscale_FA_MoE.py - {'step': '194100', 'lr': '0.0002', 'total_loss': '0.00823394', 'main_loss': '0.00823394', 'time_per_step': '2.64618'}
2026-03-11 23:33:03,752 - train_greyscale_FA_MoE.py - {'step': '194200', 'lr': '0.0002', 'total_loss': '0.0082546', 'main_loss': '0.0082546', 'time_per_step': '2.6425'}
2026-03-11 23:37:36,286 - train_greyscale_FA_MoE.py - {'step': '194300', 'lr': '0.0002', 'total_loss': '0.00710907', 'main_loss': '0.00710907', 'time_per_step': '2.59934'}
2026-03-11 23:42:09,706 - train_greyscale_FA_MoE.py - {'step': '194400', 'lr': '0.0002', 'total_loss': '0.00981748', 'main_loss': '0.00981748', 'time_per_step': '2.61345'}
2026-03-11 23:46:45,820 - train_greyscale_FA_MoE.py - {'step': '194500', 'lr': '0.0002', 'total_loss': '0.0115946', 'main_loss': '0.0115946', 'time_per_step': '2.66781'}
2026-03-11 23:51:20,684 - train_greyscale_FA_MoE.py - {'step': '194600', 'lr': '0.0002', 'total_loss': '0.00973546', 'main_loss': '0.00973546', 'time_per_step': '2.63918'}
2026-03-11 23:55:53,635 - train_greyscale_FA_MoE.py - {'step': '194700', 'lr': '0.0002', 'total_loss': '0.00827605', 'main_loss': '0.00827605', 'time_per_step': '2.68503'}
2026-03-12 00:00:25,711 - train_greyscale_FA_MoE.py - {'step': '194800', 'lr': '0.0002', 'total_loss': '0.00948215', 'main_loss': '0.00948215', 'time_per_step': '2.62794'}
2026-03-12 00:05:01,778 - train_greyscale_FA_MoE.py - {'step': '194900', 'lr': '0.0002', 'total_loss': '0.00829457', 'main_loss': '0.00829457', 'time_per_step': '2.65576'}
2026-03-12 00:09:38,317 - train_greyscale_FA_MoE.py - {'step': '195000', 'lr': '0.0002', 'total_loss': '0.0121401', 'main_loss': '0.0121401', 'time_per_step': '2.63625'}
2026-03-12 00:14:15,474 - train_greyscale_FA_MoE.py - {'step': '195100', 'lr': '0.0002', 'total_loss': '0.010506', 'main_loss': '0.010506', 'time_per_step': '2.67222'}
2026-03-12 00:18:47,632 - train_greyscale_FA_MoE.py - {'step': '195200', 'lr': '0.0002', 'total_loss': '0.0104016', 'main_loss': '0.0104016', 'time_per_step': '2.7494'}
2026-03-12 00:23:20,352 - train_greyscale_FA_MoE.py - {'step': '195300', 'lr': '0.0002', 'total_loss': '0.00884025', 'main_loss': '0.00884025', 'time_per_step': '2.63373'}
2026-03-12 00:27:56,180 - train_greyscale_FA_MoE.py - {'step': '195400', 'lr': '0.0002', 'total_loss': '0.00664376', 'main_loss': '0.00664376', 'time_per_step': '2.60451'}
2026-03-12 00:32:35,760 - train_greyscale_FA_MoE.py - {'step': '195500', 'lr': '0.0002', 'total_loss': '0.00920287', 'main_loss': '0.00920287', 'time_per_step': '2.5859'}
2026-03-12 00:37:07,733 - train_greyscale_FA_MoE.py - {'step': '195600', 'lr': '0.0002', 'total_loss': '0.00615446', 'main_loss': '0.00615446', 'time_per_step': '2.53745'}
2026-03-12 00:41:41,299 - train_greyscale_FA_MoE.py - {'step': '195700', 'lr': '0.0002', 'total_loss': '0.00776163', 'main_loss': '0.00776163', 'time_per_step': '2.63872'}
2026-03-12 00:46:16,037 - train_greyscale_FA_MoE.py - {'step': '195800', 'lr': '0.0002', 'total_loss': '0.00904409', 'main_loss': '0.00904409', 'time_per_step': '2.73329'}
2026-03-12 00:50:53,132 - train_greyscale_FA_MoE.py - {'step': '195900', 'lr': '0.0002', 'total_loss': '0.005268', 'main_loss': '0.005268', 'time_per_step': '2.63404'}
2026-03-12 00:55:27,393 - train_greyscale_FA_MoE.py - {'step': '196000', 'lr': '0.0002', 'total_loss': '0.00996356', 'main_loss': '0.00996356', 'time_per_step': '2.65444'}
2026-03-12 01:00:00,499 - train_greyscale_FA_MoE.py - {'step': '196100', 'lr': '0.0002', 'total_loss': '0.00942085', 'main_loss': '0.00942085', 'time_per_step': '2.64231'}
2026-03-12 01:04:33,316 - train_greyscale_FA_MoE.py - {'step': '196200', 'lr': '0.0002', 'total_loss': '0.00670344', 'main_loss': '0.00670344', 'time_per_step': '2.69595'}
2026-03-12 01:09:11,442 - train_greyscale_FA_MoE.py - {'step': '196300', 'lr': '0.0002', 'total_loss': '0.0110889', 'main_loss': '0.0110889', 'time_per_step': '2.61958'}
2026-03-12 01:13:49,039 - train_greyscale_FA_MoE.py - {'step': '196400', 'lr': '0.0002', 'total_loss': '0.00871463', 'main_loss': '0.00871463', 'time_per_step': '3.802'}
2026-03-12 01:18:22,028 - train_greyscale_FA_MoE.py - {'step': '196500', 'lr': '0.0002', 'total_loss': '0.0075009', 'main_loss': '0.0075009', 'time_per_step': '2.64762'}
2026-03-12 01:22:54,824 - train_greyscale_FA_MoE.py - {'step': '196600', 'lr': '0.0002', 'total_loss': '0.00908741', 'main_loss': '0.00908741', 'time_per_step': '2.6915'}
2026-03-12 01:27:28,930 - train_greyscale_FA_MoE.py - {'step': '196700', 'lr': '0.0002', 'total_loss': '0.00573578', 'main_loss': '0.00573578', 'time_per_step': '2.59075'}
2026-03-12 01:32:04,346 - train_greyscale_FA_MoE.py - {'step': '196800', 'lr': '0.0002', 'total_loss': '0.00585902', 'main_loss': '0.00585902', 'time_per_step': '2.53756'}
2026-03-12 01:36:43,843 - train_greyscale_FA_MoE.py - {'step': '196900', 'lr': '0.0002', 'total_loss': '0.00725128', 'main_loss': '0.00725128', 'time_per_step': '2.60684'}
2026-03-12 01:41:17,183 - train_greyscale_FA_MoE.py - {'step': '197000', 'lr': '0.0002', 'total_loss': '0.00508318', 'main_loss': '0.00508318', 'time_per_step': '2.7332'}
2026-03-12 01:45:49,262 - train_greyscale_FA_MoE.py - {'step': '197100', 'lr': '0.0002', 'total_loss': '0.0110819', 'main_loss': '0.0110819', 'time_per_step': '2.62401'}
2026-03-12 01:50:25,066 - train_greyscale_FA_MoE.py - {'step': '197200', 'lr': '0.0002', 'total_loss': '0.00892484', 'main_loss': '0.00892484', 'time_per_step': '2.71254'}
2026-03-12 01:55:02,214 - train_greyscale_FA_MoE.py - {'step': '197300', 'lr': '0.0002', 'total_loss': '0.00790129', 'main_loss': '0.00790129', 'time_per_step': '2.66869'}
2026-03-12 01:59:36,804 - train_greyscale_FA_MoE.py - {'step': '197400', 'lr': '0.0002', 'total_loss': '0.013385', 'main_loss': '0.013385', 'time_per_step': '2.62591'}
2026-03-12 02:04:09,355 - train_greyscale_FA_MoE.py - {'step': '197500', 'lr': '0.0002', 'total_loss': '0.00853799', 'main_loss': '0.00853799', 'time_per_step': '2.639'}
2026-03-12 02:08:42,390 - train_greyscale_FA_MoE.py - {'step': '197600', 'lr': '0.0002', 'total_loss': '0.010068', 'main_loss': '0.010068', 'time_per_step': '2.6447'}
2026-03-12 02:13:14,287 - train_greyscale_FA_MoE.py - {'step': '197700', 'lr': '0.0002', 'total_loss': '0.0121751', 'main_loss': '0.0121751', 'time_per_step': '2.63324'}
2026-03-12 02:17:52,447 - train_greyscale_FA_MoE.py - {'step': '197800', 'lr': '0.0002', 'total_loss': '0.00927235', 'main_loss': '0.00927235', 'time_per_step': '2.65179'}
2026-03-12 02:22:29,488 - train_greyscale_FA_MoE.py - {'step': '197900', 'lr': '0.0002', 'total_loss': '0.00758338', 'main_loss': '0.00758338', 'time_per_step': '2.56857'}
2026-03-12 02:27:01,779 - train_greyscale_FA_MoE.py - {'step': '198000', 'lr': '0.0002', 'total_loss': '0.00882435', 'main_loss': '0.00882435', 'time_per_step': '2.54867'}
2026-03-12 02:31:35,352 - train_greyscale_FA_MoE.py - {'step': '198100', 'lr': '0.0002', 'total_loss': '0.0088305', 'main_loss': '0.0088305', 'time_per_step': '2.60944'}
2026-03-12 02:36:07,698 - train_greyscale_FA_MoE.py - {'step': '198200', 'lr': '0.0002', 'total_loss': '0.00922902', 'main_loss': '0.00922902', 'time_per_step': '2.65561'}
2026-03-12 02:40:47,870 - train_greyscale_FA_MoE.py - {'step': '198300', 'lr': '0.0002', 'total_loss': '0.00999229', 'main_loss': '0.00999229', 'time_per_step': '2.70424'}
2026-03-12 02:45:23,491 - train_greyscale_FA_MoE.py - {'step': '198400', 'lr': '0.0002', 'total_loss': '0.0091623', 'main_loss': '0.0091623', 'time_per_step': '2.63094'}
2026-03-12 02:49:55,211 - train_greyscale_FA_MoE.py - {'step': '198500', 'lr': '0.0002', 'total_loss': '0.00608954', 'main_loss': '0.00608954', 'time_per_step': '2.63367'}
2026-03-12 02:54:27,206 - train_greyscale_FA_MoE.py - {'step': '198600', 'lr': '0.0002', 'total_loss': '0.0128131', 'main_loss': '0.0128131', 'time_per_step': '2.6388'}
2026-03-12 02:59:03,446 - train_greyscale_FA_MoE.py - {'step': '198700', 'lr': '0.0002', 'total_loss': '0.0058806', 'main_loss': '0.0058806', 'time_per_step': '2.64226'}
2026-03-12 03:03:41,203 - train_greyscale_FA_MoE.py - {'step': '198800', 'lr': '0.0002', 'total_loss': '0.00915723', 'main_loss': '0.00915723', 'time_per_step': '2.64158'}
2026-03-12 03:08:15,376 - train_greyscale_FA_MoE.py - {'step': '198900', 'lr': '0.0002', 'total_loss': '0.00831947', 'main_loss': '0.00831947', 'time_per_step': '2.63346'}
2026-03-12 03:12:48,323 - train_greyscale_FA_MoE.py - {'step': '199000', 'lr': '0.0002', 'total_loss': '0.0120836', 'main_loss': '0.0120836', 'time_per_step': '2.6217'}
2026-03-12 03:17:20,195 - train_greyscale_FA_MoE.py - {'step': '199100', 'lr': '0.0002', 'total_loss': '0.00877889', 'main_loss': '0.00877889', 'time_per_step': '2.57675'}
2026-03-12 03:21:57,908 - train_greyscale_FA_MoE.py - {'step': '199200', 'lr': '0.0002', 'total_loss': '0.0115627', 'main_loss': '0.0115627', 'time_per_step': '3.03071'}
2026-03-12 03:26:33,942 - train_greyscale_FA_MoE.py - {'step': '199300', 'lr': '0.0002', 'total_loss': '0.00561451', 'main_loss': '0.00561451', 'time_per_step': '2.63553'}
2026-03-12 03:31:07,233 - train_greyscale_FA_MoE.py - {'step': '199400', 'lr': '0.0002', 'total_loss': '0.0102697', 'main_loss': '0.0102697', 'time_per_step': '2.6146'}
2026-03-12 03:35:38,886 - train_greyscale_FA_MoE.py - {'step': '199500', 'lr': '0.0002', 'total_loss': '0.00774013', 'main_loss': '0.00774013', 'time_per_step': '2.63621'}
2026-03-12 03:40:11,790 - train_greyscale_FA_MoE.py - {'step': '199600', 'lr': '0.0002', 'total_loss': '0.00939027', 'main_loss': '0.00939027', 'time_per_step': '2.64299'}
2026-03-12 03:44:50,015 - train_greyscale_FA_MoE.py - {'step': '199700', 'lr': '0.0002', 'total_loss': '0.00836208', 'main_loss': '0.00836208', 'time_per_step': '2.60314'}
2026-03-12 03:49:26,573 - train_greyscale_FA_MoE.py - {'step': '199800', 'lr': '0.0002', 'total_loss': '0.00806681', 'main_loss': '0.00806681', 'time_per_step': '2.65153'}
2026-03-12 03:53:59,465 - train_greyscale_FA_MoE.py - {'step': '199900', 'lr': '0.0002', 'total_loss': '0.0101499', 'main_loss': '0.0101499', 'time_per_step': '2.66337'}
2026-03-12 03:58:31,139 - train_greyscale_FA_MoE.py - {'step': '200000', 'lr': '0.0002', 'total_loss': '0.00615931', 'main_loss': '0.00615931', 'time_per_step': '2.65732'}
2026-03-12 03:58:31,159 - train_greyscale_FA_MoE.py - Saved expert distribution of layer in_block_0 to output_shift_fa/acdc_wholeheart_uncond_fa_ec_4moe8_greyscale_uvit_mid_4by4_l8r9_low16_Y_bound/samples/expert_distribution_in_block_0_step200000.npy
2026-03-12 03:58:33,743 - train_greyscale_FA_MoE.py - Saved expert distribution of layer out_block_7 to output_shift_fa/acdc_wholeheart_uncond_fa_ec_4moe8_greyscale_uvit_mid_4by4_l8r9_low16_Y_bound/samples/expert_distribution_out_block_7_step200000.npy
2026-03-12 03:58:36,079 - train_greyscale_FA_MoE.py - Save a grid of 16 samples into output_shift_fa/acdc_wholeheart_uncond_fa_ec_4moe8_greyscale_uvit_mid_4by4_l8r9_low16_Y_bound/samples/200000.png by DPM-Solver
2026-03-12 03:58:42,385 - train_greyscale_FA_MoE.py - Finished saving sample grid to output_shift_fa/acdc_wholeheart_uncond_fa_ec_4moe8_greyscale_uvit_mid_4by4_l8r9_low16_Y_bound/samples/200000.png by DPM-Solver.
2026-03-12 03:58:42,444 - train_greyscale_FA_MoE.py - Save and eval checkpoint 200000...
2026-03-12 03:58:45,254 - train_greyscale_FA_MoE.py - eval_step: n_samples=50000, sample_steps=50, algorithm=dpm_solver, mini_batch_size=500, samples save into output_shift_fa/acdc_wholeheart_uncond_fa_ec_4moe8_greyscale_uvit_mid_4by4_l8r9_low16_Y_bound/samples/acdc_wholeheart_uncond_uvit_FA_EC_4MoE8_greyscale_mid_4by4_low16_200000_dpm
2026-03-12 04:54:29,140 - train_greyscale_FA_MoE.py - step=200000 fid50000=14.02981012218902
2026-03-12 04:57:09,566 - is_lpips.py - LPIPS: 0.5144 ± 0.0495
2026-03-12 04:57:09,571 - train_greyscale_FA_MoE.py - step=200000 LPIPS50000=0.5143696563159069
2026-03-12 05:02:21,264 - train_greyscale_FA_MoE.py - {'step': '200100', 'lr': '0.0002', 'total_loss': '0.00958766', 'main_loss': '0.00958766', 'time_per_step': '2.70576'}
2026-03-12 05:07:00,548 - train_greyscale_FA_MoE.py - {'step': '200200', 'lr': '0.0002', 'total_loss': '0.00927067', 'main_loss': '0.00927067', 'time_per_step': '2.65723'}
2026-03-12 05:11:35,395 - train_greyscale_FA_MoE.py - {'step': '200300', 'lr': '0.0002', 'total_loss': '0.0082196', 'main_loss': '0.0082196', 'time_per_step': '2.59392'}
2026-03-12 05:16:08,207 - train_greyscale_FA_MoE.py - {'step': '200400', 'lr': '0.0002', 'total_loss': '0.00956924', 'main_loss': '0.00956924', 'time_per_step': '2.53987'}
2026-03-12 05:20:43,971 - train_greyscale_FA_MoE.py - {'step': '200500', 'lr': '0.0002', 'total_loss': '0.00995151', 'main_loss': '0.00995151', 'time_per_step': '2.61993'}
2026-03-12 05:25:22,108 - train_greyscale_FA_MoE.py - {'step': '200600', 'lr': '0.0002', 'total_loss': '0.00755361', 'main_loss': '0.00755361', 'time_per_step': '2.6423'}
2026-03-12 05:29:59,278 - train_greyscale_FA_MoE.py - {'step': '200700', 'lr': '0.0002', 'total_loss': '0.00941709', 'main_loss': '0.00941709', 'time_per_step': '2.64781'}
2026-03-12 05:34:31,135 - train_greyscale_FA_MoE.py - {'step': '200800', 'lr': '0.0002', 'total_loss': '0.0094333', 'main_loss': '0.0094333', 'time_per_step': '2.65139'}
2026-03-12 05:39:06,156 - train_greyscale_FA_MoE.py - {'step': '200900', 'lr': '0.0002', 'total_loss': '0.00740956', 'main_loss': '0.00740956', 'time_per_step': '2.71035'}
2026-03-12 05:43:40,183 - train_greyscale_FA_MoE.py - {'step': '201000', 'lr': '0.0002', 'total_loss': '0.0105866', 'main_loss': '0.0105866', 'time_per_step': '2.63198'}
2026-03-12 05:48:13,957 - train_greyscale_FA_MoE.py - {'step': '201100', 'lr': '0.0002', 'total_loss': '0.00791045', 'main_loss': '0.00791045', 'time_per_step': '2.6303'}
2026-03-12 05:52:48,144 - train_greyscale_FA_MoE.py - {'step': '201200', 'lr': '0.0002', 'total_loss': '0.0089721', 'main_loss': '0.0089721', 'time_per_step': '2.60722'}
2026-03-12 05:57:21,277 - train_greyscale_FA_MoE.py - {'step': '201300', 'lr': '0.0002', 'total_loss': '0.00777959', 'main_loss': '0.00777959', 'time_per_step': '2.64178'}
2026-03-12 06:01:56,634 - train_greyscale_FA_MoE.py - {'step': '201400', 'lr': '0.0002', 'total_loss': '0.00853197', 'main_loss': '0.00853197', 'time_per_step': '2.58852'}
2026-03-12 06:06:33,566 - train_greyscale_FA_MoE.py - {'step': '201500', 'lr': '0.0002', 'total_loss': '0.00834851', 'main_loss': '0.00834851', 'time_per_step': '2.6016'}
2026-03-12 06:11:06,009 - train_greyscale_FA_MoE.py - {'step': '201600', 'lr': '0.0002', 'total_loss': '0.010419', 'main_loss': '0.010419', 'time_per_step': '2.54658'}
2026-03-12 06:15:40,587 - train_greyscale_FA_MoE.py - {'step': '201700', 'lr': '0.0002', 'total_loss': '0.00533518', 'main_loss': '0.00533518', 'time_per_step': '2.59614'}
2026-03-12 06:20:13,821 - train_greyscale_FA_MoE.py - {'step': '201800', 'lr': '0.0002', 'total_loss': '0.00731947', 'main_loss': '0.00731947', 'time_per_step': '2.63769'}
2026-03-12 06:24:50,286 - train_greyscale_FA_MoE.py - {'step': '201900', 'lr': '0.0002', 'total_loss': '0.0112056', 'main_loss': '0.0112056', 'time_per_step': '2.62409'}
2026-03-12 06:29:23,750 - train_greyscale_FA_MoE.py - {'step': '202000', 'lr': '0.0002', 'total_loss': '0.00613014', 'main_loss': '0.00613014', 'time_per_step': '2.63092'}
2026-03-12 06:33:59,388 - train_greyscale_FA_MoE.py - {'step': '202100', 'lr': '0.0002', 'total_loss': '0.00750714', 'main_loss': '0.00750714', 'time_per_step': '2.6538'}
2026-03-12 06:38:32,255 - train_greyscale_FA_MoE.py - {'step': '202200', 'lr': '0.0002', 'total_loss': '0.0111366', 'main_loss': '0.0111366', 'time_per_step': '2.64201'}
2026-03-12 06:43:08,069 - train_greyscale_FA_MoE.py - {'step': '202300', 'lr': '0.0002', 'total_loss': '0.0111539', 'main_loss': '0.0111539', 'time_per_step': '2.64833'}
2026-03-12 06:47:47,260 - train_greyscale_FA_MoE.py - {'step': '202400', 'lr': '0.0002', 'total_loss': '0.0055154', 'main_loss': '0.0055154', 'time_per_step': '2.70817'}
2026-03-12 06:52:20,356 - train_greyscale_FA_MoE.py - {'step': '202500', 'lr': '0.0002', 'total_loss': '0.0117454', 'main_loss': '0.0117454', 'time_per_step': '2.63773'}
2026-03-12 06:56:55,586 - train_greyscale_FA_MoE.py - {'step': '202600', 'lr': '0.0002', 'total_loss': '0.0140456', 'main_loss': '0.0140456', 'time_per_step': '2.70058'}
2026-03-12 07:01:33,993 - train_greyscale_FA_MoE.py - {'step': '202700', 'lr': '0.0002', 'total_loss': '0.00747012', 'main_loss': '0.00747012', 'time_per_step': '2.62483'}
2026-03-12 07:06:08,850 - train_greyscale_FA_MoE.py - {'step': '202800', 'lr': '0.0002', 'total_loss': '0.0101869', 'main_loss': '0.0101869', 'time_per_step': '2.54637'}
2026-03-12 07:10:42,096 - train_greyscale_FA_MoE.py - {'step': '202900', 'lr': '0.0002', 'total_loss': '0.0125192', 'main_loss': '0.0125192', 'time_per_step': '2.5982'}
2026-03-12 07:15:19,077 - train_greyscale_FA_MoE.py - {'step': '203000', 'lr': '0.0002', 'total_loss': '0.005921', 'main_loss': '0.005921', 'time_per_step': '2.62963'}
2026-03-12 07:19:56,730 - train_greyscale_FA_MoE.py - {'step': '203100', 'lr': '0.0002', 'total_loss': '0.00662357', 'main_loss': '0.00662357', 'time_per_step': '2.60161'}
2026-03-12 07:24:29,208 - train_greyscale_FA_MoE.py - {'step': '203200', 'lr': '0.0002', 'total_loss': '0.00882888', 'main_loss': '0.00882888', 'time_per_step': '2.63439'}
2026-03-12 07:29:03,257 - train_greyscale_FA_MoE.py - {'step': '203300', 'lr': '0.0002', 'total_loss': '0.00727377', 'main_loss': '0.00727377', 'time_per_step': '2.72746'}
2026-03-12 07:33:45,383 - train_greyscale_FA_MoE.py - {'step': '203400', 'lr': '0.0002', 'total_loss': '0.00700681', 'main_loss': '0.00700681', 'time_per_step': '2.86099'}
2026-03-12 07:38:35,931 - train_greyscale_FA_MoE.py - {'step': '203500', 'lr': '0.0002', 'total_loss': '0.00734656', 'main_loss': '0.00734656', 'time_per_step': '2.64221'}
2026-03-12 07:43:08,954 - train_greyscale_FA_MoE.py - {'step': '203600', 'lr': '0.0002', 'total_loss': '0.0101419', 'main_loss': '0.0101419', 'time_per_step': '2.63017'}
2026-03-12 07:47:46,663 - train_greyscale_FA_MoE.py - {'step': '203700', 'lr': '0.0002', 'total_loss': '0.0068608', 'main_loss': '0.0068608', 'time_per_step': '2.61727'}
2026-03-12 07:53:42,153 - train_greyscale_FA_MoE.py - {'step': '203800', 'lr': '0.0002', 'total_loss': '0.0120569', 'main_loss': '0.0120569', 'time_per_step': '2.63166'}
2026-03-12 07:58:23,152 - train_greyscale_FA_MoE.py - {'step': '203900', 'lr': '0.0002', 'total_loss': '0.00565781', 'main_loss': '0.00565781', 'time_per_step': '2.57635'}
2026-03-12 08:02:58,344 - train_greyscale_FA_MoE.py - {'step': '204000', 'lr': '0.0002', 'total_loss': '0.00875807', 'main_loss': '0.00875807', 'time_per_step': '2.55399'}
2026-03-12 08:07:32,056 - train_greyscale_FA_MoE.py - {'step': '204100', 'lr': '0.0002', 'total_loss': '0.00712149', 'main_loss': '0.00712149', 'time_per_step': '2.59851'}
2026-03-12 08:12:05,963 - train_greyscale_FA_MoE.py - {'step': '204200', 'lr': '0.0002', 'total_loss': '0.00733036', 'main_loss': '0.00733036', 'time_per_step': '2.70602'}
2026-03-12 08:16:44,513 - train_greyscale_FA_MoE.py - {'step': '204300', 'lr': '0.0002', 'total_loss': '0.00730542', 'main_loss': '0.00730542', 'time_per_step': '2.61975'}
2026-03-12 08:21:19,091 - train_greyscale_FA_MoE.py - {'step': '204400', 'lr': '0.0002', 'total_loss': '0.0123771', 'main_loss': '0.0123771', 'time_per_step': '2.62969'}
2026-03-12 08:25:52,090 - train_greyscale_FA_MoE.py - {'step': '204500', 'lr': '0.0002', 'total_loss': '0.00958964', 'main_loss': '0.00958964', 'time_per_step': '2.64003'}
2026-03-12 08:30:25,987 - train_greyscale_FA_MoE.py - {'step': '204600', 'lr': '0.0002', 'total_loss': '0.0110096', 'main_loss': '0.0110096', 'time_per_step': '2.72812'}
2026-03-12 08:35:05,702 - train_greyscale_FA_MoE.py - {'step': '204700', 'lr': '0.0002', 'total_loss': '0.00750816', 'main_loss': '0.00750816', 'time_per_step': '2.63425'}
2026-03-12 08:39:39,247 - train_greyscale_FA_MoE.py - {'step': '204800', 'lr': '0.0002', 'total_loss': '0.00818315', 'main_loss': '0.00818315', 'time_per_step': '2.64545'}
2026-03-12 08:44:11,471 - train_greyscale_FA_MoE.py - {'step': '204900', 'lr': '0.0002', 'total_loss': '0.00849293', 'main_loss': '0.00849293', 'time_per_step': '2.63072'}
2026-03-12 08:48:47,438 - train_greyscale_FA_MoE.py - {'step': '205000', 'lr': '0.0002', 'total_loss': '0.0117179', 'main_loss': '0.0117179', 'time_per_step': '2.72399'}
2026-03-12 08:53:27,837 - train_greyscale_FA_MoE.py - {'step': '205100', 'lr': '0.0002', 'total_loss': '0.0100841', 'main_loss': '0.0100841', 'time_per_step': '2.54444'}
2026-03-12 08:58:00,519 - train_greyscale_FA_MoE.py - {'step': '205200', 'lr': '0.0002', 'total_loss': '0.00708211', 'main_loss': '0.00708211', 'time_per_step': '2.54901'}
2026-03-12 09:02:33,839 - train_greyscale_FA_MoE.py - {'step': '205300', 'lr': '0.0002', 'total_loss': '0.00730918', 'main_loss': '0.00730918', 'time_per_step': '2.60682'}
2026-03-12 09:07:11,569 - train_greyscale_FA_MoE.py - {'step': '205400', 'lr': '0.0002', 'total_loss': '0.00932672', 'main_loss': '0.00932672', 'time_per_step': '2.63369'}
2026-03-12 09:11:48,931 - train_greyscale_FA_MoE.py - {'step': '205500', 'lr': '0.0002', 'total_loss': '0.00874012', 'main_loss': '0.00874012', 'time_per_step': '2.69501'}
2026-03-12 09:16:22,433 - train_greyscale_FA_MoE.py - {'step': '205600', 'lr': '0.0002', 'total_loss': '0.00777724', 'main_loss': '0.00777724', 'time_per_step': '2.65159'}
2026-03-12 09:20:55,139 - train_greyscale_FA_MoE.py - {'step': '205700', 'lr': '0.0002', 'total_loss': '0.00925742', 'main_loss': '0.00925742', 'time_per_step': '2.62746'}
2026-03-12 09:25:28,912 - train_greyscale_FA_MoE.py - {'step': '205800', 'lr': '0.0002', 'total_loss': '0.00756304', 'main_loss': '0.00756304', 'time_per_step': '2.64052'}
2026-03-12 09:30:06,740 - train_greyscale_FA_MoE.py - {'step': '205900', 'lr': '0.0002', 'total_loss': '0.0107266', 'main_loss': '0.0107266', 'time_per_step': '2.62076'}
2026-03-12 09:34:40,927 - train_greyscale_FA_MoE.py - {'step': '206000', 'lr': '0.0002', 'total_loss': '0.010484', 'main_loss': '0.010484', 'time_per_step': '2.6368'}
2026-03-12 09:39:13,879 - train_greyscale_FA_MoE.py - {'step': '206100', 'lr': '0.0002', 'total_loss': '0.00664153', 'main_loss': '0.00664153', 'time_per_step': '2.6551'}
2026-03-12 09:43:46,433 - train_greyscale_FA_MoE.py - {'step': '206200', 'lr': '0.0002', 'total_loss': '0.00971605', 'main_loss': '0.00971605', 'time_per_step': '2.71912'}
2026-03-12 09:48:24,395 - train_greyscale_FA_MoE.py - {'step': '206300', 'lr': '0.0002', 'total_loss': '0.00720207', 'main_loss': '0.00720207', 'time_per_step': '2.59573'}
2026-03-12 09:53:07,501 - train_greyscale_FA_MoE.py - {'step': '206400', 'lr': '0.0002', 'total_loss': '0.00537658', 'main_loss': '0.00537658', 'time_per_step': '2.5496'}
2026-03-12 09:57:38,690 - train_greyscale_FA_MoE.py - {'step': '206500', 'lr': '0.0002', 'total_loss': '0.0114926', 'main_loss': '0.0114926', 'time_per_step': '2.60583'}
2026-03-12 10:02:10,152 - train_greyscale_FA_MoE.py - {'step': '206600', 'lr': '0.0002', 'total_loss': '0.00626351', 'main_loss': '0.00626351', 'time_per_step': '2.6316'}
2026-03-12 10:06:41,871 - train_greyscale_FA_MoE.py - {'step': '206700', 'lr': '0.0002', 'total_loss': '0.0103684', 'main_loss': '0.0103684', 'time_per_step': '2.62827'}
2026-03-12 10:11:13,507 - train_greyscale_FA_MoE.py - {'step': '206800', 'lr': '0.0002', 'total_loss': '0.00982006', 'main_loss': '0.00982006', 'time_per_step': '2.63282'}
2026-03-12 10:15:43,430 - train_greyscale_FA_MoE.py - {'step': '206900', 'lr': '0.0002', 'total_loss': '0.00557318', 'main_loss': '0.00557318', 'time_per_step': '2.6284'}
2026-03-12 10:20:14,865 - train_greyscale_FA_MoE.py - {'step': '207000', 'lr': '0.0002', 'total_loss': '0.00928053', 'main_loss': '0.00928053', 'time_per_step': '2.62492'}
2026-03-12 10:24:45,677 - train_greyscale_FA_MoE.py - {'step': '207100', 'lr': '0.0002', 'total_loss': '0.00753978', 'main_loss': '0.00753978', 'time_per_step': '2.69943'}
2026-03-12 10:29:16,753 - train_greyscale_FA_MoE.py - {'step': '207200', 'lr': '0.0002', 'total_loss': '0.00992075', 'main_loss': '0.00992075', 'time_per_step': '2.71532'}
2026-03-12 10:33:48,092 - train_greyscale_FA_MoE.py - {'step': '207300', 'lr': '0.0002', 'total_loss': '0.00673031', 'main_loss': '0.00673031', 'time_per_step': '2.69542'}
2026-03-12 10:38:19,417 - train_greyscale_FA_MoE.py - {'step': '207400', 'lr': '0.0002', 'total_loss': '0.00757379', 'main_loss': '0.00757379', 'time_per_step': '2.61102'}
2026-03-12 10:42:51,011 - train_greyscale_FA_MoE.py - {'step': '207500', 'lr': '0.0002', 'total_loss': '0.010447', 'main_loss': '0.010447', 'time_per_step': '2.57221'}
2026-03-12 10:47:22,036 - train_greyscale_FA_MoE.py - {'step': '207600', 'lr': '0.0002', 'total_loss': '0.00741833', 'main_loss': '0.00741833', 'time_per_step': '2.51703'}
2026-03-12 10:51:54,153 - train_greyscale_FA_MoE.py - {'step': '207700', 'lr': '0.0002', 'total_loss': '0.00984941', 'main_loss': '0.00984941', 'time_per_step': '2.72321'}
2026-03-12 10:56:24,560 - train_greyscale_FA_MoE.py - {'step': '207800', 'lr': '0.0002', 'total_loss': '0.00572644', 'main_loss': '0.00572644', 'time_per_step': '2.61436'}
2026-03-12 11:00:56,471 - train_greyscale_FA_MoE.py - {'step': '207900', 'lr': '0.0002', 'total_loss': '0.00979196', 'main_loss': '0.00979196', 'time_per_step': '2.57678'}
2026-03-12 11:05:28,947 - train_greyscale_FA_MoE.py - {'step': '208000', 'lr': '0.0002', 'total_loss': '0.00578269', 'main_loss': '0.00578269', 'time_per_step': '2.63607'}
2026-03-12 11:09:59,444 - train_greyscale_FA_MoE.py - {'step': '208100', 'lr': '0.0002', 'total_loss': '0.00962037', 'main_loss': '0.00962037', 'time_per_step': '2.64252'}
2026-03-12 11:14:30,666 - train_greyscale_FA_MoE.py - {'step': '208200', 'lr': '0.0002', 'total_loss': '0.00849029', 'main_loss': '0.00849029', 'time_per_step': '2.63841'}
2026-03-12 11:19:02,455 - train_greyscale_FA_MoE.py - {'step': '208300', 'lr': '0.0002', 'total_loss': '0.00785265', 'main_loss': '0.00785265', 'time_per_step': '2.63207'}
2026-03-12 11:23:33,800 - train_greyscale_FA_MoE.py - {'step': '208400', 'lr': '0.0002', 'total_loss': '0.00898061', 'main_loss': '0.00898061', 'time_per_step': '2.6326'}
2026-03-12 11:28:05,423 - train_greyscale_FA_MoE.py - {'step': '208500', 'lr': '0.0002', 'total_loss': '0.00959029', 'main_loss': '0.00959029', 'time_per_step': '2.61951'}
2026-03-12 11:32:36,961 - train_greyscale_FA_MoE.py - {'step': '208600', 'lr': '0.0002', 'total_loss': '0.00853255', 'main_loss': '0.00853255', 'time_per_step': '2.6186'}
2026-03-12 11:37:08,506 - train_greyscale_FA_MoE.py - {'step': '208700', 'lr': '0.0002', 'total_loss': '0.0107105', 'main_loss': '0.0107105', 'time_per_step': '2.53351'}
2026-03-12 11:41:43,538 - train_greyscale_FA_MoE.py - {'step': '208800', 'lr': '0.0002', 'total_loss': '0.00775688', 'main_loss': '0.00775688', 'time_per_step': '2.55546'}
2026-03-12 11:46:16,223 - train_greyscale_FA_MoE.py - {'step': '208900', 'lr': '0.0002', 'total_loss': '0.00792993', 'main_loss': '0.00792993', 'time_per_step': '2.68852'}
2026-03-12 11:50:47,737 - train_greyscale_FA_MoE.py - {'step': '209000', 'lr': '0.0002', 'total_loss': '0.00741113', 'main_loss': '0.00741113', 'time_per_step': '2.70965'}
2026-03-12 11:55:19,101 - train_greyscale_FA_MoE.py - {'step': '209100', 'lr': '0.0002', 'total_loss': '0.00987858', 'main_loss': '0.00987858', 'time_per_step': '2.61748'}
2026-03-12 11:59:50,178 - train_greyscale_FA_MoE.py - {'step': '209200', 'lr': '0.0002', 'total_loss': '0.00735328', 'main_loss': '0.00735328', 'time_per_step': '2.6067'}
2026-03-12 12:04:21,739 - train_greyscale_FA_MoE.py - {'step': '209300', 'lr': '0.0002', 'total_loss': '0.00930112', 'main_loss': '0.00930112', 'time_per_step': '2.62607'}
2026-03-12 12:08:53,276 - train_greyscale_FA_MoE.py - {'step': '209400', 'lr': '0.0002', 'total_loss': '0.00968398', 'main_loss': '0.00968398', 'time_per_step': '2.62915'}
2026-03-12 12:13:24,817 - train_greyscale_FA_MoE.py - {'step': '209500', 'lr': '0.0002', 'total_loss': '0.00793788', 'main_loss': '0.00793788', 'time_per_step': '2.62362'}
2026-03-12 12:17:56,002 - train_greyscale_FA_MoE.py - {'step': '209600', 'lr': '0.0002', 'total_loss': '0.008872', 'main_loss': '0.008872', 'time_per_step': '2.61514'}
2026-03-12 12:22:26,002 - train_greyscale_FA_MoE.py - {'step': '209700', 'lr': '0.0002', 'total_loss': '0.00490252', 'main_loss': '0.00490252', 'time_per_step': '2.62481'}
2026-03-12 12:26:57,600 - train_greyscale_FA_MoE.py - {'step': '209800', 'lr': '0.0002', 'total_loss': '0.0113623', 'main_loss': '0.0113623', 'time_per_step': '2.62538'}
2026-03-12 12:31:28,974 - train_greyscale_FA_MoE.py - {'step': '209900', 'lr': '0.0002', 'total_loss': '0.00893689', 'main_loss': '0.00893689', 'time_per_step': '2.57492'}
2026-03-12 12:36:00,301 - train_greyscale_FA_MoE.py - {'step': '210000', 'lr': '0.0002', 'total_loss': '0.0084126', 'main_loss': '0.0084126', 'time_per_step': '2.53385'}
2026-03-12 12:40:32,484 - train_greyscale_FA_MoE.py - {'step': '210100', 'lr': '0.0002', 'total_loss': '0.0108164', 'main_loss': '0.0108164', 'time_per_step': '2.58603'}
2026-03-12 12:45:03,754 - train_greyscale_FA_MoE.py - {'step': '210200', 'lr': '0.0002', 'total_loss': '0.00771093', 'main_loss': '0.00771093', 'time_per_step': '2.63687'}
2026-03-12 12:49:35,496 - train_greyscale_FA_MoE.py - {'step': '210300', 'lr': '0.0002', 'total_loss': '0.00755419', 'main_loss': '0.00755419', 'time_per_step': '2.61199'}
2026-03-12 12:54:06,778 - train_greyscale_FA_MoE.py - {'step': '210400', 'lr': '0.0002', 'total_loss': '0.00901598', 'main_loss': '0.00901598', 'time_per_step': '2.63235'}
2026-03-12 12:58:38,333 - train_greyscale_FA_MoE.py - {'step': '210500', 'lr': '0.0002', 'total_loss': '0.0105482', 'main_loss': '0.0105482', 'time_per_step': '2.62724'}
2026-03-12 13:03:08,829 - train_greyscale_FA_MoE.py - {'step': '210600', 'lr': '0.0002', 'total_loss': '0.00900337', 'main_loss': '0.00900337', 'time_per_step': '2.62838'}
2026-03-12 13:07:40,141 - train_greyscale_FA_MoE.py - {'step': '210700', 'lr': '0.0002', 'total_loss': '0.0102442', 'main_loss': '0.0102442', 'time_per_step': '2.60972'}
2026-03-12 13:12:11,649 - train_greyscale_FA_MoE.py - {'step': '210800', 'lr': '0.0002', 'total_loss': '0.00767682', 'main_loss': '0.00767682', 'time_per_step': '2.62916'}
2026-03-12 13:16:43,028 - train_greyscale_FA_MoE.py - {'step': '210900', 'lr': '0.0002', 'total_loss': '0.0050875', 'main_loss': '0.0050875', 'time_per_step': '2.62252'}
2026-03-12 13:21:14,492 - train_greyscale_FA_MoE.py - {'step': '211000', 'lr': '0.0002', 'total_loss': '0.00788195', 'main_loss': '0.00788195', 'time_per_step': '2.62846'}
2026-03-12 13:25:45,893 - train_greyscale_FA_MoE.py - {'step': '211100', 'lr': '0.0002', 'total_loss': '0.0113293', 'main_loss': '0.0113293', 'time_per_step': '2.61484'}
2026-03-12 13:30:20,943 - train_greyscale_FA_MoE.py - {'step': '211200', 'lr': '0.0002', 'total_loss': '0.00945912', 'main_loss': '0.00945912', 'time_per_step': '2.54356'}
2026-03-12 13:34:53,907 - train_greyscale_FA_MoE.py - {'step': '211300', 'lr': '0.0002', 'total_loss': '0.00891051', 'main_loss': '0.00891051', 'time_per_step': '2.706'}
2026-03-12 13:39:25,682 - train_greyscale_FA_MoE.py - {'step': '211400', 'lr': '0.0002', 'total_loss': '0.00728034', 'main_loss': '0.00728034', 'time_per_step': '2.62459'}
2026-03-12 13:43:57,329 - train_greyscale_FA_MoE.py - {'step': '211500', 'lr': '0.0002', 'total_loss': '0.00688194', 'main_loss': '0.00688194', 'time_per_step': '2.58546'}
2026-03-12 13:48:28,833 - train_greyscale_FA_MoE.py - {'step': '211600', 'lr': '0.0002', 'total_loss': '0.00668898', 'main_loss': '0.00668898', 'time_per_step': '2.63477'}
2026-03-12 13:53:00,134 - train_greyscale_FA_MoE.py - {'step': '211700', 'lr': '0.0002', 'total_loss': '0.0048844', 'main_loss': '0.0048844', 'time_per_step': '2.63253'}
2026-03-12 13:57:31,561 - train_greyscale_FA_MoE.py - {'step': '211800', 'lr': '0.0002', 'total_loss': '0.0116021', 'main_loss': '0.0116021', 'time_per_step': '2.63564'}
2026-03-12 14:02:02,734 - train_greyscale_FA_MoE.py - {'step': '211900', 'lr': '0.0002', 'total_loss': '0.00645686', 'main_loss': '0.00645686', 'time_per_step': '2.64111'}
2026-03-12 14:06:34,770 - train_greyscale_FA_MoE.py - {'step': '212000', 'lr': '0.0002', 'total_loss': '0.00978378', 'main_loss': '0.00978378', 'time_per_step': '2.65217'}
2026-03-12 14:11:06,608 - train_greyscale_FA_MoE.py - {'step': '212100', 'lr': '0.0002', 'total_loss': '0.00878155', 'main_loss': '0.00878155', 'time_per_step': '2.62617'}
2026-03-12 14:15:38,417 - train_greyscale_FA_MoE.py - {'step': '212200', 'lr': '0.0002', 'total_loss': '0.00872999', 'main_loss': '0.00872999', 'time_per_step': '2.63447'}
2026-03-12 14:20:10,137 - train_greyscale_FA_MoE.py - {'step': '212300', 'lr': '0.0002', 'total_loss': '0.0058676', 'main_loss': '0.0058676', 'time_per_step': '2.57517'}
2026-03-12 14:24:41,311 - train_greyscale_FA_MoE.py - {'step': '212400', 'lr': '0.0002', 'total_loss': '0.0107647', 'main_loss': '0.0107647', 'time_per_step': '2.5398'}
2026-03-12 14:29:13,136 - train_greyscale_FA_MoE.py - {'step': '212500', 'lr': '0.0002', 'total_loss': '0.00922719', 'main_loss': '0.00922719', 'time_per_step': '2.59788'}
2026-03-12 14:33:44,712 - train_greyscale_FA_MoE.py - {'step': '212600', 'lr': '0.0002', 'total_loss': '0.00502661', 'main_loss': '0.00502661', 'time_per_step': '2.63831'}
2026-03-12 14:38:16,175 - train_greyscale_FA_MoE.py - {'step': '212700', 'lr': '0.0002', 'total_loss': '0.00803415', 'main_loss': '0.00803415', 'time_per_step': '2.69825'}
2026-03-12 14:42:47,623 - train_greyscale_FA_MoE.py - {'step': '212800', 'lr': '0.0002', 'total_loss': '0.00822136', 'main_loss': '0.00822136', 'time_per_step': '2.7393'}
2026-03-12 14:47:19,118 - train_greyscale_FA_MoE.py - {'step': '212900', 'lr': '0.0002', 'total_loss': '0.00780122', 'main_loss': '0.00780122', 'time_per_step': '2.63083'}
2026-03-12 14:51:50,653 - train_greyscale_FA_MoE.py - {'step': '213000', 'lr': '0.0002', 'total_loss': '0.00723248', 'main_loss': '0.00723248', 'time_per_step': '2.63186'}
2026-03-12 14:56:22,023 - train_greyscale_FA_MoE.py - {'step': '213100', 'lr': '0.0002', 'total_loss': '0.00892252', 'main_loss': '0.00892252', 'time_per_step': '2.64917'}
2026-03-12 15:00:53,397 - train_greyscale_FA_MoE.py - {'step': '213200', 'lr': '0.0002', 'total_loss': '0.00878631', 'main_loss': '0.00878631', 'time_per_step': '2.64918'}
2026-03-12 15:05:24,962 - train_greyscale_FA_MoE.py - {'step': '213300', 'lr': '0.0002', 'total_loss': '0.0120307', 'main_loss': '0.0120307', 'time_per_step': '2.62883'}
2026-03-12 15:09:55,757 - train_greyscale_FA_MoE.py - {'step': '213400', 'lr': '0.0002', 'total_loss': '0.00588756', 'main_loss': '0.00588756', 'time_per_step': '2.63651'}
2026-03-12 15:14:27,145 - train_greyscale_FA_MoE.py - {'step': '213500', 'lr': '0.0002', 'total_loss': '0.00609867', 'main_loss': '0.00609867', 'time_per_step': '2.58047'}
2026-03-12 15:18:58,370 - train_greyscale_FA_MoE.py - {'step': '213600', 'lr': '0.0002', 'total_loss': '0.0117525', 'main_loss': '0.0117525', 'time_per_step': '2.54161'}
2026-03-12 15:23:30,499 - train_greyscale_FA_MoE.py - {'step': '213700', 'lr': '0.0002', 'total_loss': '0.0105987', 'main_loss': '0.0105987', 'time_per_step': '2.58599'}
2026-03-12 15:28:02,094 - train_greyscale_FA_MoE.py - {'step': '213800', 'lr': '0.0002', 'total_loss': '0.0127495', 'main_loss': '0.0127495', 'time_per_step': '2.60478'}
2026-03-12 15:32:33,274 - train_greyscale_FA_MoE.py - {'step': '213900', 'lr': '0.0002', 'total_loss': '0.00913644', 'main_loss': '0.00913644', 'time_per_step': '2.62841'}
2026-03-12 15:37:04,940 - train_greyscale_FA_MoE.py - {'step': '214000', 'lr': '0.0002', 'total_loss': '0.00838749', 'main_loss': '0.00838749', 'time_per_step': '2.63514'}
2026-03-12 15:41:36,569 - train_greyscale_FA_MoE.py - {'step': '214100', 'lr': '0.0002', 'total_loss': '0.00684878', 'main_loss': '0.00684878', 'time_per_step': '2.63192'}
2026-03-12 15:46:07,862 - train_greyscale_FA_MoE.py - {'step': '214200', 'lr': '0.0002', 'total_loss': '0.00802406', 'main_loss': '0.00802406', 'time_per_step': '2.63458'}
2026-03-12 15:50:39,211 - train_greyscale_FA_MoE.py - {'step': '214300', 'lr': '0.0002', 'total_loss': '0.00833518', 'main_loss': '0.00833518', 'time_per_step': '2.62703'}
2026-03-12 15:55:09,959 - train_greyscale_FA_MoE.py - {'step': '214400', 'lr': '0.0002', 'total_loss': '0.01021', 'main_loss': '0.01021', 'time_per_step': '2.64205'}
2026-03-12 15:59:41,473 - train_greyscale_FA_MoE.py - {'step': '214500', 'lr': '0.0002', 'total_loss': '0.00807512', 'main_loss': '0.00807512', 'time_per_step': '2.62638'}
2026-03-12 16:04:13,046 - train_greyscale_FA_MoE.py - {'step': '214600', 'lr': '0.0002', 'total_loss': '0.00792151', 'main_loss': '0.00792151', 'time_per_step': '2.63906'}
2026-03-12 16:08:44,524 - train_greyscale_FA_MoE.py - {'step': '214700', 'lr': '0.0002', 'total_loss': '0.00999517', 'main_loss': '0.00999517', 'time_per_step': '2.56062'}
2026-03-12 16:13:15,595 - train_greyscale_FA_MoE.py - {'step': '214800', 'lr': '0.0002', 'total_loss': '0.00731164', 'main_loss': '0.00731164', 'time_per_step': '2.60217'}
2026-03-12 16:17:47,619 - train_greyscale_FA_MoE.py - {'step': '214900', 'lr': '0.0002', 'total_loss': '0.0102293', 'main_loss': '0.0102293', 'time_per_step': '2.69105'}
2026-03-12 16:22:19,147 - train_greyscale_FA_MoE.py - {'step': '215000', 'lr': '0.0002', 'total_loss': '0.0106864', 'main_loss': '0.0106864', 'time_per_step': '2.62282'}
2026-03-12 16:26:50,768 - train_greyscale_FA_MoE.py - {'step': '215100', 'lr': '0.0002', 'total_loss': '0.0091311', 'main_loss': '0.0091311', 'time_per_step': '2.61577'}
2026-03-12 16:31:22,074 - train_greyscale_FA_MoE.py - {'step': '215200', 'lr': '0.0002', 'total_loss': '0.0107459', 'main_loss': '0.0107459', 'time_per_step': '2.62429'}
2026-03-12 16:35:53,071 - train_greyscale_FA_MoE.py - {'step': '215300', 'lr': '0.0002', 'total_loss': '0.00885453', 'main_loss': '0.00885453', 'time_per_step': '2.63239'}
2026-03-12 16:40:24,441 - train_greyscale_FA_MoE.py - {'step': '215400', 'lr': '0.0002', 'total_loss': '0.00691216', 'main_loss': '0.00691216', 'time_per_step': '2.62703'}
2026-03-12 16:44:55,991 - train_greyscale_FA_MoE.py - {'step': '215500', 'lr': '0.0002', 'total_loss': '0.00868193', 'main_loss': '0.00868193', 'time_per_step': '2.62818'}
2026-03-12 16:49:27,253 - train_greyscale_FA_MoE.py - {'step': '215600', 'lr': '0.0002', 'total_loss': '0.00701939', 'main_loss': '0.00701939', 'time_per_step': '2.62126'}
2026-03-12 16:53:58,895 - train_greyscale_FA_MoE.py - {'step': '215700', 'lr': '0.0002', 'total_loss': '0.00713151', 'main_loss': '0.00713151', 'time_per_step': '2.63866'}
2026-03-12 16:58:30,355 - train_greyscale_FA_MoE.py - {'step': '215800', 'lr': '0.0002', 'total_loss': '0.00955151', 'main_loss': '0.00955151', 'time_per_step': '2.64146'}
2026-03-12 17:03:02,197 - train_greyscale_FA_MoE.py - {'step': '215900', 'lr': '0.0002', 'total_loss': '0.00919567', 'main_loss': '0.00919567', 'time_per_step': '2.56295'}
2026-03-12 17:07:32,877 - train_greyscale_FA_MoE.py - {'step': '216000', 'lr': '0.0002', 'total_loss': '0.00772601', 'main_loss': '0.00772601', 'time_per_step': '2.54553'}
2026-03-12 17:12:05,071 - train_greyscale_FA_MoE.py - {'step': '216100', 'lr': '0.0002', 'total_loss': '0.00568863', 'main_loss': '0.00568863', 'time_per_step': '2.61733'}
2026-03-12 17:16:35,517 - train_greyscale_FA_MoE.py - {'step': '216200', 'lr': '0.0002', 'total_loss': '0.00650525', 'main_loss': '0.00650525', 'time_per_step': '2.62114'}
2026-03-12 17:21:07,520 - train_greyscale_FA_MoE.py - {'step': '216300', 'lr': '0.0002', 'total_loss': '0.0109233', 'main_loss': '0.0109233', 'time_per_step': '2.61992'}
2026-03-12 17:25:38,544 - train_greyscale_FA_MoE.py - {'step': '216400', 'lr': '0.0002', 'total_loss': '0.00769896', 'main_loss': '0.00769896', 'time_per_step': '2.62651'}
2026-03-12 17:30:10,306 - train_greyscale_FA_MoE.py - {'step': '216500', 'lr': '0.0002', 'total_loss': '0.00776423', 'main_loss': '0.00776423', 'time_per_step': '2.64666'}
2026-03-12 17:34:41,608 - train_greyscale_FA_MoE.py - {'step': '216600', 'lr': '0.0002', 'total_loss': '0.00653996', 'main_loss': '0.00653996', 'time_per_step': '2.63147'}
2026-03-12 17:39:13,290 - train_greyscale_FA_MoE.py - {'step': '216700', 'lr': '0.0002', 'total_loss': '0.0110071', 'main_loss': '0.0110071', 'time_per_step': '2.62583'}
2026-03-12 17:43:44,689 - train_greyscale_FA_MoE.py - {'step': '216800', 'lr': '0.0002', 'total_loss': '0.00804158', 'main_loss': '0.00804158', 'time_per_step': '2.62833'}
2026-03-12 17:48:16,256 - train_greyscale_FA_MoE.py - {'step': '216900', 'lr': '0.0002', 'total_loss': '0.00662967', 'main_loss': '0.00662967', 'time_per_step': '2.69509'}
2026-03-12 17:52:47,773 - train_greyscale_FA_MoE.py - {'step': '217000', 'lr': '0.0002', 'total_loss': '0.00869974', 'main_loss': '0.00869974', 'time_per_step': '2.70506'}
2026-03-12 17:57:19,255 - train_greyscale_FA_MoE.py - {'step': '217100', 'lr': '0.0002', 'total_loss': '0.00978164', 'main_loss': '0.00978164', 'time_per_step': '2.55008'}
2026-03-12 18:01:49,930 - train_greyscale_FA_MoE.py - {'step': '217200', 'lr': '0.0002', 'total_loss': '0.00674317', 'main_loss': '0.00674317', 'time_per_step': '2.5398'}
2026-03-12 18:06:22,389 - train_greyscale_FA_MoE.py - {'step': '217300', 'lr': '0.0002', 'total_loss': '0.0078114', 'main_loss': '0.0078114', 'time_per_step': '2.60848'}
2026-03-12 18:10:53,583 - train_greyscale_FA_MoE.py - {'step': '217400', 'lr': '0.0002', 'total_loss': '0.0104436', 'main_loss': '0.0104436', 'time_per_step': '2.68498'}
2026-03-12 18:15:24,646 - train_greyscale_FA_MoE.py - {'step': '217500', 'lr': '0.0002', 'total_loss': '0.00646189', 'main_loss': '0.00646189', 'time_per_step': '2.62666'}
2026-03-12 18:19:56,178 - train_greyscale_FA_MoE.py - {'step': '217600', 'lr': '0.0002', 'total_loss': '0.00726979', 'main_loss': '0.00726979', 'time_per_step': '2.60582'}
2026-03-12 18:24:27,472 - train_greyscale_FA_MoE.py - {'step': '217700', 'lr': '0.0002', 'total_loss': '0.00826602', 'main_loss': '0.00826602', 'time_per_step': '2.63097'}
2026-03-12 18:28:58,808 - train_greyscale_FA_MoE.py - {'step': '217800', 'lr': '0.0002', 'total_loss': '0.00666836', 'main_loss': '0.00666836', 'time_per_step': '2.62636'}
2026-03-12 18:33:30,180 - train_greyscale_FA_MoE.py - {'step': '217900', 'lr': '0.0002', 'total_loss': '0.00972912', 'main_loss': '0.00972912', 'time_per_step': '2.63506'}
2026-03-12 18:38:01,785 - train_greyscale_FA_MoE.py - {'step': '218000', 'lr': '0.0002', 'total_loss': '0.00626879', 'main_loss': '0.00626879', 'time_per_step': '2.62802'}
2026-03-12 18:42:32,468 - train_greyscale_FA_MoE.py - {'step': '218100', 'lr': '0.0002', 'total_loss': '0.00789167', 'main_loss': '0.00789167', 'time_per_step': '2.62188'}
2026-03-12 18:47:04,314 - train_greyscale_FA_MoE.py - {'step': '218200', 'lr': '0.0002', 'total_loss': '0.011794', 'main_loss': '0.011794', 'time_per_step': '2.64121'}
2026-03-12 18:51:35,723 - train_greyscale_FA_MoE.py - {'step': '218300', 'lr': '0.0002', 'total_loss': '0.00822271', 'main_loss': '0.00822271', 'time_per_step': '2.57017'}
2026-03-12 18:56:07,128 - train_greyscale_FA_MoE.py - {'step': '218400', 'lr': '0.0002', 'total_loss': '0.0119072', 'main_loss': '0.0119072', 'time_per_step': '2.54242'}
2026-03-12 19:00:38,630 - train_greyscale_FA_MoE.py - {'step': '218500', 'lr': '0.0002', 'total_loss': '0.00786737', 'main_loss': '0.00786737', 'time_per_step': '2.61548'}
2026-03-12 19:05:10,571 - train_greyscale_FA_MoE.py - {'step': '218600', 'lr': '0.0002', 'total_loss': '0.0111259', 'main_loss': '0.0111259', 'time_per_step': '2.61594'}
2026-03-12 19:09:41,520 - train_greyscale_FA_MoE.py - {'step': '218700', 'lr': '0.0002', 'total_loss': '0.0135493', 'main_loss': '0.0135493', 'time_per_step': '2.6177'}
2026-03-12 19:14:11,675 - train_greyscale_FA_MoE.py - {'step': '218800', 'lr': '0.0002', 'total_loss': '0.00869949', 'main_loss': '0.00869949', 'time_per_step': '2.61519'}
2026-03-12 19:18:42,862 - train_greyscale_FA_MoE.py - {'step': '218900', 'lr': '0.0002', 'total_loss': '0.00733881', 'main_loss': '0.00733881', 'time_per_step': '2.63083'}
2026-03-12 19:23:14,090 - train_greyscale_FA_MoE.py - {'step': '219000', 'lr': '0.0002', 'total_loss': '0.00838025', 'main_loss': '0.00838025', 'time_per_step': '2.65038'}
2026-03-12 19:27:47,347 - train_greyscale_FA_MoE.py - {'step': '219100', 'lr': '0.0002', 'total_loss': '0.00740248', 'main_loss': '0.00740248', 'time_per_step': '2.71242'}
2026-03-12 19:32:21,146 - train_greyscale_FA_MoE.py - {'step': '219200', 'lr': '0.0002', 'total_loss': '0.00617405', 'main_loss': '0.00617405', 'time_per_step': '2.66329'}
2026-03-12 19:36:55,257 - train_greyscale_FA_MoE.py - {'step': '219300', 'lr': '0.0002', 'total_loss': '0.0105874', 'main_loss': '0.0105874', 'time_per_step': '2.66895'}
2026-03-12 19:41:29,320 - train_greyscale_FA_MoE.py - {'step': '219400', 'lr': '0.0002', 'total_loss': '0.00768993', 'main_loss': '0.00768993', 'time_per_step': '2.67199'}
2026-03-12 19:46:03,513 - train_greyscale_FA_MoE.py - {'step': '219500', 'lr': '0.0002', 'total_loss': '0.00714026', 'main_loss': '0.00714026', 'time_per_step': '2.53954'}
2026-03-12 19:50:36,620 - train_greyscale_FA_MoE.py - {'step': '219600', 'lr': '0.0002', 'total_loss': '0.00843806', 'main_loss': '0.00843806', 'time_per_step': '2.54016'}
2026-03-12 19:55:11,251 - train_greyscale_FA_MoE.py - {'step': '219700', 'lr': '0.0002', 'total_loss': '0.00788747', 'main_loss': '0.00788747', 'time_per_step': '2.66031'}
2026-03-12 19:59:44,946 - train_greyscale_FA_MoE.py - {'step': '219800', 'lr': '0.0002', 'total_loss': '0.00665992', 'main_loss': '0.00665992', 'time_per_step': '2.6563'}
2026-03-12 20:04:19,294 - train_greyscale_FA_MoE.py - {'step': '219900', 'lr': '0.0002', 'total_loss': '0.0107417', 'main_loss': '0.0107417', 'time_per_step': '2.66788'}
2026-03-12 20:08:52,542 - train_greyscale_FA_MoE.py - {'step': '220000', 'lr': '0.0002', 'total_loss': '0.0104683', 'main_loss': '0.0104683', 'time_per_step': '2.67669'}
2026-03-12 20:13:25,952 - train_greyscale_FA_MoE.py - {'step': '220100', 'lr': '0.0002', 'total_loss': '0.00684919', 'main_loss': '0.00684919', 'time_per_step': '2.63661'}
2026-03-12 20:17:58,425 - train_greyscale_FA_MoE.py - {'step': '220200', 'lr': '0.0002', 'total_loss': '0.0110587', 'main_loss': '0.0110587', 'time_per_step': '2.62666'}
2026-03-12 20:22:31,552 - train_greyscale_FA_MoE.py - {'step': '220300', 'lr': '0.0002', 'total_loss': '0.00859911', 'main_loss': '0.00859911', 'time_per_step': '2.66239'}
2026-03-12 20:27:04,871 - train_greyscale_FA_MoE.py - {'step': '220400', 'lr': '0.0002', 'total_loss': '0.00996287', 'main_loss': '0.00996287', 'time_per_step': '2.6784'}
2026-03-12 20:31:38,655 - train_greyscale_FA_MoE.py - {'step': '220500', 'lr': '0.0002', 'total_loss': '0.0130358', 'main_loss': '0.0130358', 'time_per_step': '2.64847'}
2026-03-12 20:36:12,879 - train_greyscale_FA_MoE.py - {'step': '220600', 'lr': '0.0002', 'total_loss': '0.0114275', 'main_loss': '0.0114275', 'time_per_step': '2.66802'}
2026-03-12 20:40:46,534 - train_greyscale_FA_MoE.py - {'step': '220700', 'lr': '0.0002', 'total_loss': '0.0114234', 'main_loss': '0.0114234', 'time_per_step': '2.59201'}
2026-03-12 20:45:19,680 - train_greyscale_FA_MoE.py - {'step': '220800', 'lr': '0.0002', 'total_loss': '0.0102819', 'main_loss': '0.0102819', 'time_per_step': '2.53702'}
2026-03-12 20:49:53,345 - train_greyscale_FA_MoE.py - {'step': '220900', 'lr': '0.0002', 'total_loss': '0.00771646', 'main_loss': '0.00771646', 'time_per_step': '2.66524'}
2026-03-12 20:54:25,883 - train_greyscale_FA_MoE.py - {'step': '221000', 'lr': '0.0002', 'total_loss': '0.00916848', 'main_loss': '0.00916848', 'time_per_step': '2.68823'}
2026-03-12 20:58:58,583 - train_greyscale_FA_MoE.py - {'step': '221100', 'lr': '0.0002', 'total_loss': '0.00949943', 'main_loss': '0.00949943', 'time_per_step': '2.6489'}
2026-03-12 21:03:32,777 - train_greyscale_FA_MoE.py - {'step': '221200', 'lr': '0.0002', 'total_loss': '0.0100886', 'main_loss': '0.0100886', 'time_per_step': '2.66428'}
2026-03-12 21:08:06,009 - train_greyscale_FA_MoE.py - {'step': '221300', 'lr': '0.0002', 'total_loss': '0.00914251', 'main_loss': '0.00914251', 'time_per_step': '2.62798'}
2026-03-12 21:12:39,670 - train_greyscale_FA_MoE.py - {'step': '221400', 'lr': '0.0002', 'total_loss': '0.00844873', 'main_loss': '0.00844873', 'time_per_step': '2.6688'}
2026-03-12 21:17:12,074 - train_greyscale_FA_MoE.py - {'step': '221500', 'lr': '0.0002', 'total_loss': '0.00807791', 'main_loss': '0.00807791', 'time_per_step': '2.6605'}
2026-03-12 21:21:45,843 - train_greyscale_FA_MoE.py - {'step': '221600', 'lr': '0.0002', 'total_loss': '0.00761052', 'main_loss': '0.00761052', 'time_per_step': '2.71455'}
2026-03-12 21:26:19,517 - train_greyscale_FA_MoE.py - {'step': '221700', 'lr': '0.0002', 'total_loss': '0.0088373', 'main_loss': '0.0088373', 'time_per_step': '2.66879'}
2026-03-12 21:30:53,559 - train_greyscale_FA_MoE.py - {'step': '221800', 'lr': '0.0002', 'total_loss': '0.00688704', 'main_loss': '0.00688704', 'time_per_step': '2.71311'}
2026-03-12 21:35:26,509 - train_greyscale_FA_MoE.py - {'step': '221900', 'lr': '0.0002', 'total_loss': '0.00721191', 'main_loss': '0.00721191', 'time_per_step': '2.53381'}
2026-03-12 21:39:58,551 - train_greyscale_FA_MoE.py - {'step': '222000', 'lr': '0.0002', 'total_loss': '0.0079946', 'main_loss': '0.0079946', 'time_per_step': '2.53714'}
2026-03-12 21:44:32,249 - train_greyscale_FA_MoE.py - {'step': '222100', 'lr': '0.0002', 'total_loss': '0.0123963', 'main_loss': '0.0123963', 'time_per_step': '2.6357'}
2026-03-12 21:49:06,010 - train_greyscale_FA_MoE.py - {'step': '222200', 'lr': '0.0002', 'total_loss': '0.0101616', 'main_loss': '0.0101616', 'time_per_step': '2.65985'}
2026-03-12 21:53:39,036 - train_greyscale_FA_MoE.py - {'step': '222300', 'lr': '0.0002', 'total_loss': '0.00891019', 'main_loss': '0.00891019', 'time_per_step': '2.64305'}
2026-03-12 21:58:10,242 - train_greyscale_FA_MoE.py - {'step': '222400', 'lr': '0.0002', 'total_loss': '0.0076762', 'main_loss': '0.0076762', 'time_per_step': '2.62045'}
2026-03-12 22:02:43,046 - train_greyscale_FA_MoE.py - {'step': '222500', 'lr': '0.0002', 'total_loss': '0.00906327', 'main_loss': '0.00906327', 'time_per_step': '2.61551'}
2026-03-12 22:07:16,519 - train_greyscale_FA_MoE.py - {'step': '222600', 'lr': '0.0002', 'total_loss': '0.00930999', 'main_loss': '0.00930999', 'time_per_step': '2.71589'}
2026-03-12 22:11:50,085 - train_greyscale_FA_MoE.py - {'step': '222700', 'lr': '0.0002', 'total_loss': '0.0101783', 'main_loss': '0.0101783', 'time_per_step': '2.67369'}
2026-03-12 22:16:23,837 - train_greyscale_FA_MoE.py - {'step': '222800', 'lr': '0.0002', 'total_loss': '0.00995452', 'main_loss': '0.00995452', 'time_per_step': '2.64037'}
2026-03-12 22:20:57,035 - train_greyscale_FA_MoE.py - {'step': '222900', 'lr': '0.0002', 'total_loss': '0.00769547', 'main_loss': '0.00769547', 'time_per_step': '2.65701'}
2026-03-12 22:25:29,809 - train_greyscale_FA_MoE.py - {'step': '223000', 'lr': '0.0002', 'total_loss': '0.0098518', 'main_loss': '0.0098518', 'time_per_step': '2.62126'}
2026-03-12 22:30:03,745 - train_greyscale_FA_MoE.py - {'step': '223100', 'lr': '0.0002', 'total_loss': '0.00955639', 'main_loss': '0.00955639', 'time_per_step': '2.54185'}
2026-03-12 22:34:36,268 - train_greyscale_FA_MoE.py - {'step': '223200', 'lr': '0.0002', 'total_loss': '0.0100917', 'main_loss': '0.0100917', 'time_per_step': '2.53336'}
2026-03-12 22:39:09,238 - train_greyscale_FA_MoE.py - {'step': '223300', 'lr': '0.0002', 'total_loss': '0.00764602', 'main_loss': '0.00764602', 'time_per_step': '2.68079'}
2026-03-12 22:43:41,862 - train_greyscale_FA_MoE.py - {'step': '223400', 'lr': '0.0002', 'total_loss': '0.00669362', 'main_loss': '0.00669362', 'time_per_step': '2.64345'}
2026-03-12 22:48:14,643 - train_greyscale_FA_MoE.py - {'step': '223500', 'lr': '0.0002', 'total_loss': '0.00900575', 'main_loss': '0.00900575', 'time_per_step': '2.64125'}
2026-03-12 22:52:46,941 - train_greyscale_FA_MoE.py - {'step': '223600', 'lr': '0.0002', 'total_loss': '0.00885186', 'main_loss': '0.00885186', 'time_per_step': '2.7154'}
2026-03-12 22:57:18,864 - train_greyscale_FA_MoE.py - {'step': '223700', 'lr': '0.0002', 'total_loss': '0.0071138', 'main_loss': '0.0071138', 'time_per_step': '2.62822'}
2026-03-12 23:01:51,060 - train_greyscale_FA_MoE.py - {'step': '223800', 'lr': '0.0002', 'total_loss': '0.00916844', 'main_loss': '0.00916844', 'time_per_step': '2.62521'}
2026-03-12 23:06:23,705 - train_greyscale_FA_MoE.py - {'step': '223900', 'lr': '0.0002', 'total_loss': '0.00771603', 'main_loss': '0.00771603', 'time_per_step': '3.72002'}
2026-03-12 23:10:54,837 - train_greyscale_FA_MoE.py - {'step': '224000', 'lr': '0.0002', 'total_loss': '0.00596244', 'main_loss': '0.00596244', 'time_per_step': '2.6443'}
2026-03-12 23:15:27,609 - train_greyscale_FA_MoE.py - {'step': '224100', 'lr': '0.0002', 'total_loss': '0.00622207', 'main_loss': '0.00622207', 'time_per_step': '2.62001'}
2026-03-12 23:20:00,745 - train_greyscale_FA_MoE.py - {'step': '224200', 'lr': '0.0002', 'total_loss': '0.0136608', 'main_loss': '0.0136608', 'time_per_step': '2.62989'}
2026-03-12 23:24:33,582 - train_greyscale_FA_MoE.py - {'step': '224300', 'lr': '0.0002', 'total_loss': '0.011567', 'main_loss': '0.011567', 'time_per_step': '2.54795'}
2026-03-12 23:29:05,983 - train_greyscale_FA_MoE.py - {'step': '224400', 'lr': '0.0002', 'total_loss': '0.0105424', 'main_loss': '0.0105424', 'time_per_step': '2.54479'}
2026-03-12 23:33:41,199 - train_greyscale_FA_MoE.py - {'step': '224500', 'lr': '0.0002', 'total_loss': '0.0077296', 'main_loss': '0.0077296', 'time_per_step': '2.68236'}
2026-03-12 23:38:14,188 - train_greyscale_FA_MoE.py - {'step': '224600', 'lr': '0.0002', 'total_loss': '0.0067385', 'main_loss': '0.0067385', 'time_per_step': '2.68753'}
2026-03-12 23:42:47,533 - train_greyscale_FA_MoE.py - {'step': '224700', 'lr': '0.0002', 'total_loss': '0.00917947', 'main_loss': '0.00917947', 'time_per_step': '2.71137'}
2026-03-12 23:47:21,240 - train_greyscale_FA_MoE.py - {'step': '224800', 'lr': '0.0002', 'total_loss': '0.00666985', 'main_loss': '0.00666985', 'time_per_step': '2.68736'}
2026-03-12 23:51:54,554 - train_greyscale_FA_MoE.py - {'step': '224900', 'lr': '0.0002', 'total_loss': '0.0103008', 'main_loss': '0.0103008', 'time_per_step': '2.75063'}
2026-03-12 23:56:27,918 - train_greyscale_FA_MoE.py - {'step': '225000', 'lr': '0.0002', 'total_loss': '0.00653095', 'main_loss': '0.00653095', 'time_per_step': '2.67098'}
2026-03-12 23:56:27,932 - train_greyscale_FA_MoE.py - Saved expert distribution of layer in_block_0 to output_shift_fa/acdc_wholeheart_uncond_fa_ec_4moe8_greyscale_uvit_mid_4by4_l8r9_low16_Y_bound/samples/expert_distribution_in_block_0_step225000.npy
2026-03-12 23:56:30,242 - train_greyscale_FA_MoE.py - Saved expert distribution of layer out_block_7 to output_shift_fa/acdc_wholeheart_uncond_fa_ec_4moe8_greyscale_uvit_mid_4by4_l8r9_low16_Y_bound/samples/expert_distribution_out_block_7_step225000.npy
2026-03-12 23:56:32,679 - train_greyscale_FA_MoE.py - Save a grid of 16 samples into output_shift_fa/acdc_wholeheart_uncond_fa_ec_4moe8_greyscale_uvit_mid_4by4_l8r9_low16_Y_bound/samples/225000.png by DPM-Solver
2026-03-12 23:56:38,942 - train_greyscale_FA_MoE.py - Finished saving sample grid to output_shift_fa/acdc_wholeheart_uncond_fa_ec_4moe8_greyscale_uvit_mid_4by4_l8r9_low16_Y_bound/samples/225000.png by DPM-Solver.
2026-03-12 23:56:39,001 - train_greyscale_FA_MoE.py - Save and eval checkpoint 225000...
2026-03-12 23:56:41,784 - train_greyscale_FA_MoE.py - eval_step: n_samples=50000, sample_steps=50, algorithm=dpm_solver, mini_batch_size=500, samples save into output_shift_fa/acdc_wholeheart_uncond_fa_ec_4moe8_greyscale_uvit_mid_4by4_l8r9_low16_Y_bound/samples/acdc_wholeheart_uncond_uvit_FA_EC_4MoE8_greyscale_mid_4by4_low16_225000_dpm
2026-03-13 00:53:21,888 - train_greyscale_FA_MoE.py - step=225000 fid50000=13.477553244458761
2026-03-13 00:59:55,319 - is_lpips.py - LPIPS: 0.5144 ± 0.0499
2026-03-13 00:59:55,324 - train_greyscale_FA_MoE.py - step=225000 LPIPS50000=0.5144470473304039
2026-03-13 01:05:25,139 - train_greyscale_FA_MoE.py - {'step': '225100', 'lr': '0.0002', 'total_loss': '0.00657084', 'main_loss': '0.00657084', 'time_per_step': '2.62556'}
2026-03-13 01:09:57,989 - train_greyscale_FA_MoE.py - {'step': '225200', 'lr': '0.0002', 'total_loss': '0.0113216', 'main_loss': '0.0113216', 'time_per_step': '2.63342'}
2026-03-13 01:14:30,398 - train_greyscale_FA_MoE.py - {'step': '225300', 'lr': '0.0002', 'total_loss': '0.00885947', 'main_loss': '0.00885947', 'time_per_step': '2.64628'}
2026-03-13 01:19:03,358 - train_greyscale_FA_MoE.py - {'step': '225400', 'lr': '0.0002', 'total_loss': '0.00703815', 'main_loss': '0.00703815', 'time_per_step': '2.62997'}
2026-03-13 01:23:35,775 - train_greyscale_FA_MoE.py - {'step': '225500', 'lr': '0.0002', 'total_loss': '0.0086686', 'main_loss': '0.0086686', 'time_per_step': '2.55394'}
2026-03-13 01:28:07,796 - train_greyscale_FA_MoE.py - {'step': '225600', 'lr': '0.0002', 'total_loss': '0.00976628', 'main_loss': '0.00976628', 'time_per_step': '2.53407'}
2026-03-13 01:32:41,297 - train_greyscale_FA_MoE.py - {'step': '225700', 'lr': '0.0002', 'total_loss': '0.00928148', 'main_loss': '0.00928148', 'time_per_step': '2.62591'}
2026-03-13 01:37:14,435 - train_greyscale_FA_MoE.py - {'step': '225800', 'lr': '0.0002', 'total_loss': '0.00993933', 'main_loss': '0.00993933', 'time_per_step': '2.63889'}
2026-03-13 01:41:47,057 - train_greyscale_FA_MoE.py - {'step': '225900', 'lr': '0.0002', 'total_loss': '0.0105408', 'main_loss': '0.0105408', 'time_per_step': '2.72629'}
2026-03-13 01:46:19,657 - train_greyscale_FA_MoE.py - {'step': '226000', 'lr': '0.0002', 'total_loss': '0.0067489', 'main_loss': '0.0067489', 'time_per_step': '2.63578'}
2026-03-13 01:50:52,785 - train_greyscale_FA_MoE.py - {'step': '226100', 'lr': '0.0002', 'total_loss': '0.00475325', 'main_loss': '0.00475325', 'time_per_step': '2.6662'}
2026-03-13 01:55:26,768 - train_greyscale_FA_MoE.py - {'step': '226200', 'lr': '0.0002', 'total_loss': '0.0074416', 'main_loss': '0.0074416', 'time_per_step': '2.62766'}
2026-03-13 02:00:01,219 - train_greyscale_FA_MoE.py - {'step': '226300', 'lr': '0.0002', 'total_loss': '0.0133691', 'main_loss': '0.0133691', 'time_per_step': '2.5961'}
2026-03-13 02:04:32,121 - train_greyscale_FA_MoE.py - {'step': '226400', 'lr': '0.0002', 'total_loss': '0.0100055', 'main_loss': '0.0100055', 'time_per_step': '2.60304'}
2026-03-13 02:09:03,687 - train_greyscale_FA_MoE.py - {'step': '226500', 'lr': '0.0002', 'total_loss': '0.00782945', 'main_loss': '0.00782945', 'time_per_step': '2.63033'}
2026-03-13 02:13:33,000 - train_greyscale_FA_MoE.py - {'step': '226600', 'lr': '0.0002', 'total_loss': '0.00549576', 'main_loss': '0.00549576', 'time_per_step': '2.60287'}
2026-03-13 02:18:03,498 - train_greyscale_FA_MoE.py - {'step': '226700', 'lr': '0.0002', 'total_loss': '0.00652336', 'main_loss': '0.00652336', 'time_per_step': '2.56028'}
2026-03-13 02:22:33,302 - train_greyscale_FA_MoE.py - {'step': '226800', 'lr': '0.0002', 'total_loss': '0.00588977', 'main_loss': '0.00588977', 'time_per_step': '2.53798'}
2026-03-13 02:27:07,100 - train_greyscale_FA_MoE.py - {'step': '226900', 'lr': '0.0002', 'total_loss': '0.0116112', 'main_loss': '0.0116112', 'time_per_step': '2.6126'}
2026-03-13 02:31:38,757 - train_greyscale_FA_MoE.py - {'step': '227000', 'lr': '0.0002', 'total_loss': '0.009421', 'main_loss': '0.009421', 'time_per_step': '2.64174'}
2026-03-13 02:36:11,680 - train_greyscale_FA_MoE.py - {'step': '227100', 'lr': '0.0002', 'total_loss': '0.00759168', 'main_loss': '0.00759168', 'time_per_step': '2.61376'}
2026-03-13 02:40:43,923 - train_greyscale_FA_MoE.py - {'step': '227200', 'lr': '0.0002', 'total_loss': '0.00582146', 'main_loss': '0.00582146', 'time_per_step': '2.65564'}
2026-03-13 02:45:17,013 - train_greyscale_FA_MoE.py - {'step': '227300', 'lr': '0.0002', 'total_loss': '0.00796694', 'main_loss': '0.00796694', 'time_per_step': '2.72201'}
2026-03-13 02:49:50,331 - train_greyscale_FA_MoE.py - {'step': '227400', 'lr': '0.0002', 'total_loss': '0.00877493', 'main_loss': '0.00877493', 'time_per_step': '2.62815'}
2026-03-13 02:54:22,190 - train_greyscale_FA_MoE.py - {'step': '227500', 'lr': '0.0002', 'total_loss': '0.00840477', 'main_loss': '0.00840477', 'time_per_step': '2.59106'}
2026-03-13 02:58:54,838 - train_greyscale_FA_MoE.py - {'step': '227600', 'lr': '0.0002', 'total_loss': '0.00901424', 'main_loss': '0.00901424', 'time_per_step': '2.68063'}
2026-03-13 03:03:27,914 - train_greyscale_FA_MoE.py - {'step': '227700', 'lr': '0.0002', 'total_loss': '0.0111847', 'main_loss': '0.0111847', 'time_per_step': '2.63367'}
2026-03-13 03:08:00,600 - train_greyscale_FA_MoE.py - {'step': '227800', 'lr': '0.0002', 'total_loss': '0.00845648', 'main_loss': '0.00845648', 'time_per_step': '2.6242'}
2026-03-13 03:12:33,514 - train_greyscale_FA_MoE.py - {'step': '227900', 'lr': '0.0002', 'total_loss': '0.00573841', 'main_loss': '0.00573841', 'time_per_step': '2.55437'}
2026-03-13 03:17:05,738 - train_greyscale_FA_MoE.py - {'step': '228000', 'lr': '0.0002', 'total_loss': '0.00540036', 'main_loss': '0.00540036', 'time_per_step': '2.55582'}
2026-03-13 03:21:39,282 - train_greyscale_FA_MoE.py - {'step': '228100', 'lr': '0.0002', 'total_loss': '0.0114143', 'main_loss': '0.0114143', 'time_per_step': '2.60838'}
2026-03-13 03:26:11,492 - train_greyscale_FA_MoE.py - {'step': '228200', 'lr': '0.0002', 'total_loss': '0.00888966', 'main_loss': '0.00888966', 'time_per_step': '2.62989'}
2026-03-13 03:30:44,360 - train_greyscale_FA_MoE.py - {'step': '228300', 'lr': '0.0002', 'total_loss': '0.00776711', 'main_loss': '0.00776711', 'time_per_step': '2.64892'}
2026-03-13 03:35:17,551 - train_greyscale_FA_MoE.py - {'step': '228400', 'lr': '0.0002', 'total_loss': '0.0102495', 'main_loss': '0.0102495', 'time_per_step': '2.69748'}
2026-03-13 03:39:49,624 - train_greyscale_FA_MoE.py - {'step': '228500', 'lr': '0.0002', 'total_loss': '0.00761283', 'main_loss': '0.00761283', 'time_per_step': '2.63987'}
2026-03-13 03:44:22,395 - train_greyscale_FA_MoE.py - {'step': '228600', 'lr': '0.0002', 'total_loss': '0.00580603', 'main_loss': '0.00580603', 'time_per_step': '2.62257'}
2026-03-13 03:48:54,895 - train_greyscale_FA_MoE.py - {'step': '228700', 'lr': '0.0002', 'total_loss': '0.0103734', 'main_loss': '0.0103734', 'time_per_step': '2.60873'}
2026-03-13 03:53:29,724 - train_greyscale_FA_MoE.py - {'step': '228800', 'lr': '0.0002', 'total_loss': '0.00712187', 'main_loss': '0.00712187', 'time_per_step': '2.59217'}
2026-03-13 03:58:03,019 - train_greyscale_FA_MoE.py - {'step': '228900', 'lr': '0.0002', 'total_loss': '0.0105808', 'main_loss': '0.0105808', 'time_per_step': '2.6383'}
2026-03-13 04:02:37,558 - train_greyscale_FA_MoE.py - {'step': '229000', 'lr': '0.0002', 'total_loss': '0.00529722', 'main_loss': '0.00529722', 'time_per_step': '2.6185'}
2026-03-13 04:07:11,326 - train_greyscale_FA_MoE.py - {'step': '229100', 'lr': '0.0002', 'total_loss': '0.0078431', 'main_loss': '0.0078431', 'time_per_step': '2.55766'}
2026-03-13 04:11:43,786 - train_greyscale_FA_MoE.py - {'step': '229200', 'lr': '0.0002', 'total_loss': '0.00698722', 'main_loss': '0.00698722', 'time_per_step': '2.54094'}
2026-03-13 04:16:18,059 - train_greyscale_FA_MoE.py - {'step': '229300', 'lr': '0.0002', 'total_loss': '0.00516168', 'main_loss': '0.00516168', 'time_per_step': '2.72466'}
2026-03-13 04:20:51,423 - train_greyscale_FA_MoE.py - {'step': '229400', 'lr': '0.0002', 'total_loss': '0.0113673', 'main_loss': '0.0113673', 'time_per_step': '2.62702'}
2026-03-13 04:25:24,344 - train_greyscale_FA_MoE.py - {'step': '229500', 'lr': '0.0002', 'total_loss': '0.00694254', 'main_loss': '0.00694254', 'time_per_step': '2.64104'}
2026-03-13 04:29:57,985 - train_greyscale_FA_MoE.py - {'step': '229600', 'lr': '0.0002', 'total_loss': '0.00956965', 'main_loss': '0.00956965', 'time_per_step': '2.65272'}
2026-03-13 04:34:31,342 - train_greyscale_FA_MoE.py - {'step': '229700', 'lr': '0.0002', 'total_loss': '0.00952581', 'main_loss': '0.00952581', 'time_per_step': '2.61522'}
2026-03-13 04:39:04,940 - train_greyscale_FA_MoE.py - {'step': '229800', 'lr': '0.0002', 'total_loss': '0.00974482', 'main_loss': '0.00974482', 'time_per_step': '2.68184'}
2026-03-13 04:43:38,403 - train_greyscale_FA_MoE.py - {'step': '229900', 'lr': '0.0002', 'total_loss': '0.00623178', 'main_loss': '0.00623178', 'time_per_step': '2.6501'}
2026-03-13 04:48:12,102 - train_greyscale_FA_MoE.py - {'step': '230000', 'lr': '0.0002', 'total_loss': '0.0100066', 'main_loss': '0.0100066', 'time_per_step': '2.63091'}
2026-03-13 04:52:46,061 - train_greyscale_FA_MoE.py - {'step': '230100', 'lr': '0.0002', 'total_loss': '0.0055524', 'main_loss': '0.0055524', 'time_per_step': '2.72789'}
2026-03-13 04:57:19,672 - train_greyscale_FA_MoE.py - {'step': '230200', 'lr': '0.0002', 'total_loss': '0.00650316', 'main_loss': '0.00650316', 'time_per_step': '2.62002'}
2026-03-13 05:01:53,193 - train_greyscale_FA_MoE.py - {'step': '230300', 'lr': '0.0002', 'total_loss': '0.00753564', 'main_loss': '0.00753564', 'time_per_step': '2.55706'}
2026-03-13 05:06:27,097 - train_greyscale_FA_MoE.py - {'step': '230400', 'lr': '0.0002', 'total_loss': '0.00730638', 'main_loss': '0.00730638', 'time_per_step': '2.55589'}
2026-03-13 05:11:00,600 - train_greyscale_FA_MoE.py - {'step': '230500', 'lr': '0.0002', 'total_loss': '0.00853258', 'main_loss': '0.00853258', 'time_per_step': '2.64237'}
2026-03-13 05:15:34,033 - train_greyscale_FA_MoE.py - {'step': '230600', 'lr': '0.0002', 'total_loss': '0.00689321', 'main_loss': '0.00689321', 'time_per_step': '2.65891'}
2026-03-13 05:20:07,629 - train_greyscale_FA_MoE.py - {'step': '230700', 'lr': '0.0002', 'total_loss': '0.00611675', 'main_loss': '0.00611675', 'time_per_step': '2.65922'}
2026-03-13 05:24:40,447 - train_greyscale_FA_MoE.py - {'step': '230800', 'lr': '0.0002', 'total_loss': '0.0104312', 'main_loss': '0.0104312', 'time_per_step': '2.63564'}
2026-03-13 05:29:14,225 - train_greyscale_FA_MoE.py - {'step': '230900', 'lr': '0.0002', 'total_loss': '0.00894781', 'main_loss': '0.00894781', 'time_per_step': '2.66898'}
2026-03-13 05:33:47,630 - train_greyscale_FA_MoE.py - {'step': '231000', 'lr': '0.0002', 'total_loss': '0.00660504', 'main_loss': '0.00660504', 'time_per_step': '2.71115'}
2026-03-13 05:38:21,068 - train_greyscale_FA_MoE.py - {'step': '231100', 'lr': '0.0002', 'total_loss': '0.00689493', 'main_loss': '0.00689493', 'time_per_step': '2.67491'}
2026-03-13 05:42:54,675 - train_greyscale_FA_MoE.py - {'step': '231200', 'lr': '0.0002', 'total_loss': '0.00787638', 'main_loss': '0.00787638', 'time_per_step': '2.70826'}
2026-03-13 05:47:28,408 - train_greyscale_FA_MoE.py - {'step': '231300', 'lr': '0.0002', 'total_loss': '0.00716559', 'main_loss': '0.00716559', 'time_per_step': '2.66336'}
2026-03-13 05:52:01,927 - train_greyscale_FA_MoE.py - {'step': '231400', 'lr': '0.0002', 'total_loss': '0.0136802', 'main_loss': '0.0136802', 'time_per_step': '2.63421'}
2026-03-13 05:56:34,666 - train_greyscale_FA_MoE.py - {'step': '231500', 'lr': '0.0002', 'total_loss': '0.00812611', 'main_loss': '0.00812611', 'time_per_step': '2.56169'}
2026-03-13 06:01:08,236 - train_greyscale_FA_MoE.py - {'step': '231600', 'lr': '0.0002', 'total_loss': '0.0073666', 'main_loss': '0.0073666', 'time_per_step': '2.55393'}
2026-03-13 06:05:44,325 - train_greyscale_FA_MoE.py - {'step': '231700', 'lr': '0.0002', 'total_loss': '0.00618177', 'main_loss': '0.00618177', 'time_per_step': '2.63132'}
2026-03-13 06:10:18,007 - train_greyscale_FA_MoE.py - {'step': '231800', 'lr': '0.0002', 'total_loss': '0.00752502', 'main_loss': '0.00752502', 'time_per_step': '2.68065'}
2026-03-13 06:14:51,741 - train_greyscale_FA_MoE.py - {'step': '231900', 'lr': '0.0002', 'total_loss': '0.00902811', 'main_loss': '0.00902811', 'time_per_step': '2.6307'}
2026-03-13 06:19:25,603 - train_greyscale_FA_MoE.py - {'step': '232000', 'lr': '0.0002', 'total_loss': '0.00523281', 'main_loss': '0.00523281', 'time_per_step': '2.641'}
2026-03-13 06:23:59,499 - train_greyscale_FA_MoE.py - {'step': '232100', 'lr': '0.0002', 'total_loss': '0.00807205', 'main_loss': '0.00807205', 'time_per_step': '2.63161'}
2026-03-13 06:28:33,582 - train_greyscale_FA_MoE.py - {'step': '232200', 'lr': '0.0002', 'total_loss': '0.0106961', 'main_loss': '0.0106961', 'time_per_step': '2.66623'}
2026-03-13 06:33:07,518 - train_greyscale_FA_MoE.py - {'step': '232300', 'lr': '0.0002', 'total_loss': '0.0105514', 'main_loss': '0.0105514', 'time_per_step': '2.63973'}
2026-03-13 06:37:41,098 - train_greyscale_FA_MoE.py - {'step': '232400', 'lr': '0.0002', 'total_loss': '0.00688465', 'main_loss': '0.00688465', 'time_per_step': '2.62888'}
2026-03-13 06:42:13,817 - train_greyscale_FA_MoE.py - {'step': '232500', 'lr': '0.0002', 'total_loss': '0.0110338', 'main_loss': '0.0110338', 'time_per_step': '2.64275'}
2026-03-13 06:46:46,943 - train_greyscale_FA_MoE.py - {'step': '232600', 'lr': '0.0002', 'total_loss': '0.00938573', 'main_loss': '0.00938573', 'time_per_step': '2.72078'}
2026-03-13 06:51:20,117 - train_greyscale_FA_MoE.py - {'step': '232700', 'lr': '0.0002', 'total_loss': '0.00517965', 'main_loss': '0.00517965', 'time_per_step': '2.5503'}
2026-03-13 06:55:53,479 - train_greyscale_FA_MoE.py - {'step': '232800', 'lr': '0.0002', 'total_loss': '0.00603143', 'main_loss': '0.00603143', 'time_per_step': '2.57034'}
2026-03-13 07:00:27,644 - train_greyscale_FA_MoE.py - {'step': '232900', 'lr': '0.0002', 'total_loss': '0.00812058', 'main_loss': '0.00812058', 'time_per_step': '2.64067'}
2026-03-13 07:05:01,919 - train_greyscale_FA_MoE.py - {'step': '233000', 'lr': '0.0002', 'total_loss': '0.00669714', 'main_loss': '0.00669714', 'time_per_step': '2.63108'}
2026-03-13 07:09:35,812 - train_greyscale_FA_MoE.py - {'step': '233100', 'lr': '0.0002', 'total_loss': '0.00972023', 'main_loss': '0.00972023', 'time_per_step': '2.63455'}
2026-03-13 07:14:10,037 - train_greyscale_FA_MoE.py - {'step': '233200', 'lr': '0.0002', 'total_loss': '0.00787131', 'main_loss': '0.00787131', 'time_per_step': '2.6814'}
2026-03-13 07:18:43,805 - train_greyscale_FA_MoE.py - {'step': '233300', 'lr': '0.0002', 'total_loss': '0.00398298', 'main_loss': '0.00398298', 'time_per_step': '2.66219'}
2026-03-13 07:23:17,517 - train_greyscale_FA_MoE.py - {'step': '233400', 'lr': '0.0002', 'total_loss': '0.00846246', 'main_loss': '0.00846246', 'time_per_step': '2.72401'}
2026-03-13 07:27:50,129 - train_greyscale_FA_MoE.py - {'step': '233500', 'lr': '0.0002', 'total_loss': '0.0125124', 'main_loss': '0.0125124', 'time_per_step': '2.6454'}
2026-03-13 07:32:26,414 - train_greyscale_FA_MoE.py - {'step': '233600', 'lr': '0.0002', 'total_loss': '0.0100434', 'main_loss': '0.0100434', 'time_per_step': '2.62185'}
2026-03-13 07:37:02,364 - train_greyscale_FA_MoE.py - {'step': '233700', 'lr': '0.0002', 'total_loss': '0.0110544', 'main_loss': '0.0110544', 'time_per_step': '2.6679'}
2026-03-13 07:41:35,524 - train_greyscale_FA_MoE.py - {'step': '233800', 'lr': '0.0002', 'total_loss': '0.00811157', 'main_loss': '0.00811157', 'time_per_step': '2.63488'}
2026-03-13 07:46:09,013 - train_greyscale_FA_MoE.py - {'step': '233900', 'lr': '0.0002', 'total_loss': '0.00739257', 'main_loss': '0.00739257', 'time_per_step': '2.56001'}
2026-03-13 07:50:42,598 - train_greyscale_FA_MoE.py - {'step': '234000', 'lr': '0.0002', 'total_loss': '0.00926305', 'main_loss': '0.00926305', 'time_per_step': '2.54656'}
2026-03-13 07:55:17,429 - train_greyscale_FA_MoE.py - {'step': '234100', 'lr': '0.0002', 'total_loss': '0.00927448', 'main_loss': '0.00927448', 'time_per_step': '2.72678'}
2026-03-13 07:59:51,164 - train_greyscale_FA_MoE.py - {'step': '234200', 'lr': '0.0002', 'total_loss': '0.00823741', 'main_loss': '0.00823741', 'time_per_step': '2.63375'}
2026-03-13 08:04:25,453 - train_greyscale_FA_MoE.py - {'step': '234300', 'lr': '0.0002', 'total_loss': '0.00762706', 'main_loss': '0.00762706', 'time_per_step': '2.64465'}
2026-03-13 08:09:58,437 - train_greyscale_FA_MoE.py - {'step': '234400', 'lr': '0.0002', 'total_loss': '0.00521244', 'main_loss': '0.00521244', 'time_per_step': '2.61947'}
2026-03-13 08:14:33,287 - train_greyscale_FA_MoE.py - {'step': '234500', 'lr': '0.0002', 'total_loss': '0.00873771', 'main_loss': '0.00873771', 'time_per_step': '2.65517'}
2026-03-13 08:19:07,316 - train_greyscale_FA_MoE.py - {'step': '234600', 'lr': '0.0002', 'total_loss': '0.00713818', 'main_loss': '0.00713818', 'time_per_step': '2.64582'}
2026-03-13 08:23:40,260 - train_greyscale_FA_MoE.py - {'step': '234700', 'lr': '0.0002', 'total_loss': '0.00666807', 'main_loss': '0.00666807', 'time_per_step': '2.65826'}
2026-03-13 08:28:14,206 - train_greyscale_FA_MoE.py - {'step': '234800', 'lr': '0.0002', 'total_loss': '0.00820393', 'main_loss': '0.00820393', 'time_per_step': '2.63678'}
2026-03-13 08:32:48,341 - train_greyscale_FA_MoE.py - {'step': '234900', 'lr': '0.0002', 'total_loss': '0.00972678', 'main_loss': '0.00972678', 'time_per_step': '2.62802'}
2026-03-13 08:37:22,161 - train_greyscale_FA_MoE.py - {'step': '235000', 'lr': '0.0002', 'total_loss': '0.00823323', 'main_loss': '0.00823323', 'time_per_step': '2.63373'}
2026-03-13 08:41:55,907 - train_greyscale_FA_MoE.py - {'step': '235100', 'lr': '0.0002', 'total_loss': '0.00760403', 'main_loss': '0.00760403', 'time_per_step': '2.55321'}
2026-03-13 08:46:28,210 - train_greyscale_FA_MoE.py - {'step': '235200', 'lr': '0.0002', 'total_loss': '0.0100115', 'main_loss': '0.0100115', 'time_per_step': '2.55505'}
2026-03-13 08:51:02,151 - train_greyscale_FA_MoE.py - {'step': '235300', 'lr': '0.0002', 'total_loss': '0.00851461', 'main_loss': '0.00851461', 'time_per_step': '2.65454'}
2026-03-13 08:55:36,066 - train_greyscale_FA_MoE.py - {'step': '235400', 'lr': '0.0002', 'total_loss': '0.00833137', 'main_loss': '0.00833137', 'time_per_step': '2.64933'}
2026-03-13 09:00:09,698 - train_greyscale_FA_MoE.py - {'step': '235500', 'lr': '0.0002', 'total_loss': '0.0110611', 'main_loss': '0.0110611', 'time_per_step': '2.65177'}
2026-03-13 09:04:44,188 - train_greyscale_FA_MoE.py - {'step': '235600', 'lr': '0.0002', 'total_loss': '0.00720062', 'main_loss': '0.00720062', 'time_per_step': '2.64569'}
2026-03-13 09:09:17,049 - train_greyscale_FA_MoE.py - {'step': '235700', 'lr': '0.0002', 'total_loss': '0.00691806', 'main_loss': '0.00691806', 'time_per_step': '2.7426'}
2026-03-13 09:13:50,831 - train_greyscale_FA_MoE.py - {'step': '235800', 'lr': '0.0002', 'total_loss': '0.00973427', 'main_loss': '0.00973427', 'time_per_step': '2.64003'}
2026-03-13 09:18:25,147 - train_greyscale_FA_MoE.py - {'step': '235900', 'lr': '0.0002', 'total_loss': '0.00497433', 'main_loss': '0.00497433', 'time_per_step': '2.61843'}
2026-03-13 09:22:58,771 - train_greyscale_FA_MoE.py - {'step': '236000', 'lr': '0.0002', 'total_loss': '0.0047973', 'main_loss': '0.0047973', 'time_per_step': '2.66082'}
2026-03-13 09:27:32,635 - train_greyscale_FA_MoE.py - {'step': '236100', 'lr': '0.0002', 'total_loss': '0.0120612', 'main_loss': '0.0120612', 'time_per_step': '2.63728'}
2026-03-13 09:32:06,334 - train_greyscale_FA_MoE.py - {'step': '236200', 'lr': '0.0002', 'total_loss': '0.0126789', 'main_loss': '0.0126789', 'time_per_step': '2.63222'}
2026-03-13 09:36:39,924 - train_greyscale_FA_MoE.py - {'step': '236300', 'lr': '0.0002', 'total_loss': '0.00750266', 'main_loss': '0.00750266', 'time_per_step': '2.55717'}
2026-03-13 09:41:13,687 - train_greyscale_FA_MoE.py - {'step': '236400', 'lr': '0.0002', 'total_loss': '0.0148244', 'main_loss': '0.0148244', 'time_per_step': '2.55996'}
2026-03-13 09:45:47,867 - train_greyscale_FA_MoE.py - {'step': '236500', 'lr': '0.0002', 'total_loss': '0.00866831', 'main_loss': '0.00866831', 'time_per_step': '2.71439'}
2026-03-13 09:50:20,631 - train_greyscale_FA_MoE.py - {'step': '236600', 'lr': '0.0002', 'total_loss': '0.00614233', 'main_loss': '0.00614233', 'time_per_step': '2.63191'}
2026-03-13 09:54:53,244 - train_greyscale_FA_MoE.py - {'step': '236700', 'lr': '0.0002', 'total_loss': '0.00721145', 'main_loss': '0.00721145', 'time_per_step': '2.65486'}
2026-03-13 09:59:26,328 - train_greyscale_FA_MoE.py - {'step': '236800', 'lr': '0.0002', 'total_loss': '0.0125136', 'main_loss': '0.0125136', 'time_per_step': '2.65645'}
2026-03-13 10:04:00,247 - train_greyscale_FA_MoE.py - {'step': '236900', 'lr': '0.0002', 'total_loss': '0.00864998', 'main_loss': '0.00864998', 'time_per_step': '2.65866'}
2026-03-13 10:08:33,413 - train_greyscale_FA_MoE.py - {'step': '237000', 'lr': '0.0002', 'total_loss': '0.0089152', 'main_loss': '0.0089152', 'time_per_step': '2.68878'}
2026-03-13 10:13:06,831 - train_greyscale_FA_MoE.py - {'step': '237100', 'lr': '0.0002', 'total_loss': '0.0101822', 'main_loss': '0.0101822', 'time_per_step': '2.65094'}
2026-03-13 10:17:40,580 - train_greyscale_FA_MoE.py - {'step': '237200', 'lr': '0.0002', 'total_loss': '0.00518597', 'main_loss': '0.00518597', 'time_per_step': '2.6532'}
2026-03-13 10:22:14,562 - train_greyscale_FA_MoE.py - {'step': '237300', 'lr': '0.0002', 'total_loss': '0.00825933', 'main_loss': '0.00825933', 'time_per_step': '2.63953'}
2026-03-13 10:26:48,156 - train_greyscale_FA_MoE.py - {'step': '237400', 'lr': '0.0002', 'total_loss': '0.00839101', 'main_loss': '0.00839101', 'time_per_step': '2.62548'}
2026-03-13 10:31:22,424 - train_greyscale_FA_MoE.py - {'step': '237500', 'lr': '0.0002', 'total_loss': '0.00853716', 'main_loss': '0.00853716', 'time_per_step': '2.55602'}
2026-03-13 10:35:55,730 - train_greyscale_FA_MoE.py - {'step': '237600', 'lr': '0.0002', 'total_loss': '0.00966243', 'main_loss': '0.00966243', 'time_per_step': '2.55383'}
2026-03-13 10:40:29,525 - train_greyscale_FA_MoE.py - {'step': '237700', 'lr': '0.0002', 'total_loss': '0.0101051', 'main_loss': '0.0101051', 'time_per_step': '2.64287'}
2026-03-13 10:45:03,522 - train_greyscale_FA_MoE.py - {'step': '237800', 'lr': '0.0002', 'total_loss': '0.00618972', 'main_loss': '0.00618972', 'time_per_step': '2.66371'}
2026-03-13 10:49:36,987 - train_greyscale_FA_MoE.py - {'step': '237900', 'lr': '0.0002', 'total_loss': '0.00799905', 'main_loss': '0.00799905', 'time_per_step': '2.67254'}
2026-03-13 10:54:10,156 - train_greyscale_FA_MoE.py - {'step': '238000', 'lr': '0.0002', 'total_loss': '0.0105316', 'main_loss': '0.0105316', 'time_per_step': '2.6284'}
2026-03-13 10:58:43,694 - train_greyscale_FA_MoE.py - {'step': '238100', 'lr': '0.0002', 'total_loss': '0.0124921', 'main_loss': '0.0124921', 'time_per_step': '2.63024'}
2026-03-13 11:03:18,481 - train_greyscale_FA_MoE.py - {'step': '238200', 'lr': '0.0002', 'total_loss': '0.00666545', 'main_loss': '0.00666545', 'time_per_step': '2.61945'}
2026-03-13 11:07:51,768 - train_greyscale_FA_MoE.py - {'step': '238300', 'lr': '0.0002', 'total_loss': '0.00817843', 'main_loss': '0.00817843', 'time_per_step': '2.66186'}
2026-03-13 11:12:25,585 - train_greyscale_FA_MoE.py - {'step': '238400', 'lr': '0.0002', 'total_loss': '0.00711703', 'main_loss': '0.00711703', 'time_per_step': '2.64601'}
2026-03-13 11:16:59,686 - train_greyscale_FA_MoE.py - {'step': '238500', 'lr': '0.0002', 'total_loss': '0.00950839', 'main_loss': '0.00950839', 'time_per_step': '2.6711'}
2026-03-13 11:21:33,295 - train_greyscale_FA_MoE.py - {'step': '238600', 'lr': '0.0002', 'total_loss': '0.00567633', 'main_loss': '0.00567633', 'time_per_step': '2.70922'}
2026-03-13 11:26:06,161 - train_greyscale_FA_MoE.py - {'step': '238700', 'lr': '0.0002', 'total_loss': '0.00900475', 'main_loss': '0.00900475', 'time_per_step': '2.56664'}
2026-03-13 11:30:39,345 - train_greyscale_FA_MoE.py - {'step': '238800', 'lr': '0.0002', 'total_loss': '0.0092705', 'main_loss': '0.0092705', 'time_per_step': '2.55376'}
2026-03-13 11:35:14,094 - train_greyscale_FA_MoE.py - {'step': '238900', 'lr': '0.0002', 'total_loss': '0.00635034', 'main_loss': '0.00635034', 'time_per_step': '2.63447'}
2026-03-13 11:39:48,264 - train_greyscale_FA_MoE.py - {'step': '239000', 'lr': '0.0002', 'total_loss': '0.00736297', 'main_loss': '0.00736297', 'time_per_step': '2.66536'}
2026-03-13 11:44:22,215 - train_greyscale_FA_MoE.py - {'step': '239100', 'lr': '0.0002', 'total_loss': '0.00883675', 'main_loss': '0.00883675', 'time_per_step': '2.67757'}
2026-03-13 11:48:55,890 - train_greyscale_FA_MoE.py - {'step': '239200', 'lr': '0.0002', 'total_loss': '0.00614538', 'main_loss': '0.00614538', 'time_per_step': '2.62712'}
2026-03-13 11:53:29,839 - train_greyscale_FA_MoE.py - {'step': '239300', 'lr': '0.0002', 'total_loss': '0.00942668', 'main_loss': '0.00942668', 'time_per_step': '2.64707'}
2026-03-13 11:58:03,869 - train_greyscale_FA_MoE.py - {'step': '239400', 'lr': '0.0002', 'total_loss': '0.0064752', 'main_loss': '0.0064752', 'time_per_step': '2.64478'}
2026-03-13 12:02:38,033 - train_greyscale_FA_MoE.py - {'step': '239500', 'lr': '0.0002', 'total_loss': '0.012712', 'main_loss': '0.012712', 'time_per_step': '2.66733'}
2026-03-13 12:07:12,507 - train_greyscale_FA_MoE.py - {'step': '239600', 'lr': '0.0002', 'total_loss': '0.00965127', 'main_loss': '0.00965127', 'time_per_step': '2.62159'}
2026-03-13 12:11:45,958 - train_greyscale_FA_MoE.py - {'step': '239700', 'lr': '0.0002', 'total_loss': '0.0103836', 'main_loss': '0.0103836', 'time_per_step': '2.7028'}
2026-03-13 12:16:19,817 - train_greyscale_FA_MoE.py - {'step': '239800', 'lr': '0.0002', 'total_loss': '0.00770358', 'main_loss': '0.00770358', 'time_per_step': '2.64024'}
2026-03-13 12:20:53,672 - train_greyscale_FA_MoE.py - {'step': '239900', 'lr': '0.0002', 'total_loss': '0.00703087', 'main_loss': '0.00703087', 'time_per_step': '2.61064'}
2026-03-13 12:25:26,608 - train_greyscale_FA_MoE.py - {'step': '240000', 'lr': '0.0002', 'total_loss': '0.00863747', 'main_loss': '0.00863747', 'time_per_step': '2.56277'}
2026-03-13 12:30:00,773 - train_greyscale_FA_MoE.py - {'step': '240100', 'lr': '0.0002', 'total_loss': '0.0095164', 'main_loss': '0.0095164', 'time_per_step': '2.65409'}
2026-03-13 12:34:34,624 - train_greyscale_FA_MoE.py - {'step': '240200', 'lr': '0.0002', 'total_loss': '0.0073034', 'main_loss': '0.0073034', 'time_per_step': '2.65082'}
2026-03-13 12:39:08,877 - train_greyscale_FA_MoE.py - {'step': '240300', 'lr': '0.0002', 'total_loss': '0.00746313', 'main_loss': '0.00746313', 'time_per_step': '2.64185'}
2026-03-13 12:43:42,867 - train_greyscale_FA_MoE.py - {'step': '240400', 'lr': '0.0002', 'total_loss': '0.00627187', 'main_loss': '0.00627187', 'time_per_step': '2.63829'}
2026-03-13 12:48:17,064 - train_greyscale_FA_MoE.py - {'step': '240500', 'lr': '0.0002', 'total_loss': '0.0101791', 'main_loss': '0.0101791', 'time_per_step': '2.72928'}
2026-03-13 12:52:51,258 - train_greyscale_FA_MoE.py - {'step': '240600', 'lr': '0.0002', 'total_loss': '0.00901308', 'main_loss': '0.00901308', 'time_per_step': '2.65578'}
2026-03-13 12:57:24,228 - train_greyscale_FA_MoE.py - {'step': '240700', 'lr': '0.0002', 'total_loss': '0.0121979', 'main_loss': '0.0121979', 'time_per_step': '2.65974'}
2026-03-13 13:01:58,302 - train_greyscale_FA_MoE.py - {'step': '240800', 'lr': '0.0002', 'total_loss': '0.00882695', 'main_loss': '0.00882695', 'time_per_step': '2.64453'}
2026-03-13 13:06:32,819 - train_greyscale_FA_MoE.py - {'step': '240900', 'lr': '0.0002', 'total_loss': '0.0056488', 'main_loss': '0.0056488', 'time_per_step': '2.65213'}
2026-03-13 13:11:06,214 - train_greyscale_FA_MoE.py - {'step': '241000', 'lr': '0.0002', 'total_loss': '0.00596911', 'main_loss': '0.00596911', 'time_per_step': '2.68368'}
2026-03-13 13:15:39,499 - train_greyscale_FA_MoE.py - {'step': '241100', 'lr': '0.0002', 'total_loss': '0.00842834', 'main_loss': '0.00842834', 'time_per_step': '2.58485'}
2026-03-13 13:20:12,529 - train_greyscale_FA_MoE.py - {'step': '241200', 'lr': '0.0002', 'total_loss': '0.00773145', 'main_loss': '0.00773145', 'time_per_step': '2.55139'}
2026-03-13 13:24:46,508 - train_greyscale_FA_MoE.py - {'step': '241300', 'lr': '0.0002', 'total_loss': '0.00777456', 'main_loss': '0.00777456', 'time_per_step': '2.71318'}
2026-03-13 13:29:20,411 - train_greyscale_FA_MoE.py - {'step': '241400', 'lr': '0.0002', 'total_loss': '0.0112587', 'main_loss': '0.0112587', 'time_per_step': '2.66436'}
2026-03-13 13:33:54,165 - train_greyscale_FA_MoE.py - {'step': '241500', 'lr': '0.0002', 'total_loss': '0.0095375', 'main_loss': '0.0095375', 'time_per_step': '2.72791'}
2026-03-13 13:38:28,082 - train_greyscale_FA_MoE.py - {'step': '241600', 'lr': '0.0002', 'total_loss': '0.0086439', 'main_loss': '0.0086439', 'time_per_step': '2.6766'}
2026-03-13 13:43:01,158 - train_greyscale_FA_MoE.py - {'step': '241700', 'lr': '0.0002', 'total_loss': '0.0105943', 'main_loss': '0.0105943', 'time_per_step': '2.6487'}
2026-03-13 13:47:35,189 - train_greyscale_FA_MoE.py - {'step': '241800', 'lr': '0.0002', 'total_loss': '0.00678497', 'main_loss': '0.00678497', 'time_per_step': '2.65376'}
2026-03-13 13:52:09,126 - train_greyscale_FA_MoE.py - {'step': '241900', 'lr': '0.0002', 'total_loss': '0.00982186', 'main_loss': '0.00982186', 'time_per_step': '2.64099'}
2026-03-13 13:56:42,774 - train_greyscale_FA_MoE.py - {'step': '242000', 'lr': '0.0002', 'total_loss': '0.00866503', 'main_loss': '0.00866503', 'time_per_step': '2.6362'}
2026-03-13 14:01:17,147 - train_greyscale_FA_MoE.py - {'step': '242100', 'lr': '0.0002', 'total_loss': '0.00867504', 'main_loss': '0.00867504', 'time_per_step': '2.75076'}
2026-03-13 14:05:51,907 - train_greyscale_FA_MoE.py - {'step': '242200', 'lr': '0.0002', 'total_loss': '0.00994071', 'main_loss': '0.00994071', 'time_per_step': '2.64864'}
2026-03-13 14:10:25,632 - train_greyscale_FA_MoE.py - {'step': '242300', 'lr': '0.0002', 'total_loss': '0.00994887', 'main_loss': '0.00994887', 'time_per_step': '2.55896'}
2026-03-13 14:14:59,188 - train_greyscale_FA_MoE.py - {'step': '242400', 'lr': '0.0002', 'total_loss': '0.00818458', 'main_loss': '0.00818458', 'time_per_step': '2.55989'}
2026-03-13 14:19:33,858 - train_greyscale_FA_MoE.py - {'step': '242500', 'lr': '0.0002', 'total_loss': '0.00655441', 'main_loss': '0.00655441', 'time_per_step': '2.6413'}
2026-03-13 14:24:07,622 - train_greyscale_FA_MoE.py - {'step': '242600', 'lr': '0.0002', 'total_loss': '0.0102792', 'main_loss': '0.0102792', 'time_per_step': '2.63345'}
2026-03-13 14:28:41,181 - train_greyscale_FA_MoE.py - {'step': '242700', 'lr': '0.0002', 'total_loss': '0.00869455', 'main_loss': '0.00869455', 'time_per_step': '2.67423'}
2026-03-13 14:33:14,856 - train_greyscale_FA_MoE.py - {'step': '242800', 'lr': '0.0002', 'total_loss': '0.00787975', 'main_loss': '0.00787975', 'time_per_step': '2.61277'}
2026-03-13 14:37:48,830 - train_greyscale_FA_MoE.py - {'step': '242900', 'lr': '0.0002', 'total_loss': '0.00977447', 'main_loss': '0.00977447', 'time_per_step': '2.63443'}
2026-03-13 14:42:23,080 - train_greyscale_FA_MoE.py - {'step': '243000', 'lr': '0.0002', 'total_loss': '0.00917185', 'main_loss': '0.00917185', 'time_per_step': '2.67516'}
2026-03-13 14:46:57,056 - train_greyscale_FA_MoE.py - {'step': '243100', 'lr': '0.0002', 'total_loss': '0.0115751', 'main_loss': '0.0115751', 'time_per_step': '2.62982'}
2026-03-13 14:51:30,973 - train_greyscale_FA_MoE.py - {'step': '243200', 'lr': '0.0002', 'total_loss': '0.00809888', 'main_loss': '0.00809888', 'time_per_step': '2.64901'}
2026-03-13 14:56:04,411 - train_greyscale_FA_MoE.py - {'step': '243300', 'lr': '0.0002', 'total_loss': '0.00822883', 'main_loss': '0.00822883', 'time_per_step': '2.6418'}
2026-03-13 15:00:38,414 - train_greyscale_FA_MoE.py - {'step': '243400', 'lr': '0.0002', 'total_loss': '0.0102263', 'main_loss': '0.0102263', 'time_per_step': '2.65575'}
2026-03-13 15:05:12,663 - train_greyscale_FA_MoE.py - {'step': '243500', 'lr': '0.0002', 'total_loss': '0.0115774', 'main_loss': '0.0115774', 'time_per_step': '2.55908'}
2026-03-13 15:09:46,275 - train_greyscale_FA_MoE.py - {'step': '243600', 'lr': '0.0002', 'total_loss': '0.00964108', 'main_loss': '0.00964108', 'time_per_step': '2.61255'}
2026-03-13 15:14:20,020 - train_greyscale_FA_MoE.py - {'step': '243700', 'lr': '0.0002', 'total_loss': '0.00659821', 'main_loss': '0.00659821', 'time_per_step': '2.64867'}
2026-03-13 15:18:54,281 - train_greyscale_FA_MoE.py - {'step': '243800', 'lr': '0.0002', 'total_loss': '0.00625045', 'main_loss': '0.00625045', 'time_per_step': '2.75901'}
2026-03-13 15:23:28,189 - train_greyscale_FA_MoE.py - {'step': '243900', 'lr': '0.0002', 'total_loss': '0.0124989', 'main_loss': '0.0124989', 'time_per_step': '2.68544'}
2026-03-13 15:28:01,804 - train_greyscale_FA_MoE.py - {'step': '244000', 'lr': '0.0002', 'total_loss': '0.00938459', 'main_loss': '0.00938459', 'time_per_step': '2.6529'}
2026-03-13 15:32:36,003 - train_greyscale_FA_MoE.py - {'step': '244100', 'lr': '0.0002', 'total_loss': '0.00966795', 'main_loss': '0.00966795', 'time_per_step': '2.65617'}
2026-03-13 15:37:09,453 - train_greyscale_FA_MoE.py - {'step': '244200', 'lr': '0.0002', 'total_loss': '0.0104244', 'main_loss': '0.0104244', 'time_per_step': '2.62836'}
2026-03-13 15:41:43,299 - train_greyscale_FA_MoE.py - {'step': '244300', 'lr': '0.0002', 'total_loss': '0.00527377', 'main_loss': '0.00527377', 'time_per_step': '2.63671'}
2026-03-13 15:46:14,362 - train_greyscale_FA_MoE.py - {'step': '244400', 'lr': '0.0002', 'total_loss': '0.00732508', 'main_loss': '0.00732508', 'time_per_step': '2.62284'}
2026-03-13 15:50:47,335 - train_greyscale_FA_MoE.py - {'step': '244500', 'lr': '0.0002', 'total_loss': '0.00796749', 'main_loss': '0.00796749', 'time_per_step': '2.7376'}
2026-03-13 15:55:19,933 - train_greyscale_FA_MoE.py - {'step': '244600', 'lr': '0.0002', 'total_loss': '0.00925734', 'main_loss': '0.00925734', 'time_per_step': '2.62056'}
2026-03-13 15:59:51,626 - train_greyscale_FA_MoE.py - {'step': '244700', 'lr': '0.0002', 'total_loss': '0.00821548', 'main_loss': '0.00821548', 'time_per_step': '2.56623'}
2026-03-13 16:04:23,883 - train_greyscale_FA_MoE.py - {'step': '244800', 'lr': '0.0002', 'total_loss': '0.00587207', 'main_loss': '0.00587207', 'time_per_step': '2.54801'}
2026-03-13 16:08:57,252 - train_greyscale_FA_MoE.py - {'step': '244900', 'lr': '0.0002', 'total_loss': '0.00792966', 'main_loss': '0.00792966', 'time_per_step': '2.61432'}
2026-03-13 16:13:29,982 - train_greyscale_FA_MoE.py - {'step': '245000', 'lr': '0.0002', 'total_loss': '0.00514101', 'main_loss': '0.00514101', 'time_per_step': '2.63237'}
2026-03-13 16:18:02,607 - train_greyscale_FA_MoE.py - {'step': '245100', 'lr': '0.0002', 'total_loss': '0.013034', 'main_loss': '0.013034', 'time_per_step': '2.6317'}
2026-03-13 16:22:35,161 - train_greyscale_FA_MoE.py - {'step': '245200', 'lr': '0.0002', 'total_loss': '0.00723311', 'main_loss': '0.00723311', 'time_per_step': '2.63835'}
2026-03-13 16:27:07,851 - train_greyscale_FA_MoE.py - {'step': '245300', 'lr': '0.0002', 'total_loss': '0.00967922', 'main_loss': '0.00967922', 'time_per_step': '2.65936'}
2026-03-13 16:31:40,511 - train_greyscale_FA_MoE.py - {'step': '245400', 'lr': '0.0002', 'total_loss': '0.00566416', 'main_loss': '0.00566416', 'time_per_step': '2.63117'}
2026-03-13 16:36:11,987 - train_greyscale_FA_MoE.py - {'step': '245500', 'lr': '0.0002', 'total_loss': '0.0136975', 'main_loss': '0.0136975', 'time_per_step': '2.64071'}
2026-03-13 16:40:43,454 - train_greyscale_FA_MoE.py - {'step': '245600', 'lr': '0.0002', 'total_loss': '0.00996295', 'main_loss': '0.00996295', 'time_per_step': '2.67414'}
2026-03-13 16:45:15,298 - train_greyscale_FA_MoE.py - {'step': '245700', 'lr': '0.0002', 'total_loss': '0.00627552', 'main_loss': '0.00627552', 'time_per_step': '2.65508'}
2026-03-13 16:49:48,083 - train_greyscale_FA_MoE.py - {'step': '245800', 'lr': '0.0002', 'total_loss': '0.00684322', 'main_loss': '0.00684322', 'time_per_step': '2.71239'}
2026-03-13 16:54:20,913 - train_greyscale_FA_MoE.py - {'step': '245900', 'lr': '0.0002', 'total_loss': '0.00627821', 'main_loss': '0.00627821', 'time_per_step': '2.5467'}
2026-03-13 16:58:52,910 - train_greyscale_FA_MoE.py - {'step': '246000', 'lr': '0.0002', 'total_loss': '0.00949621', 'main_loss': '0.00949621', 'time_per_step': '2.54503'}
2026-03-13 17:03:27,211 - train_greyscale_FA_MoE.py - {'step': '246100', 'lr': '0.0002', 'total_loss': '0.00612672', 'main_loss': '0.00612672', 'time_per_step': '2.63919'}
2026-03-13 17:07:59,870 - train_greyscale_FA_MoE.py - {'step': '246200', 'lr': '0.0002', 'total_loss': '0.00902854', 'main_loss': '0.00902854', 'time_per_step': '2.64352'}
2026-03-13 17:12:32,648 - train_greyscale_FA_MoE.py - {'step': '246300', 'lr': '0.0002', 'total_loss': '0.00675046', 'main_loss': '0.00675046', 'time_per_step': '2.61969'}
2026-03-13 17:17:05,055 - train_greyscale_FA_MoE.py - {'step': '246400', 'lr': '0.0002', 'total_loss': '0.00557836', 'main_loss': '0.00557836', 'time_per_step': '2.64823'}
2026-03-13 17:21:37,714 - train_greyscale_FA_MoE.py - {'step': '246500', 'lr': '0.0002', 'total_loss': '0.0105515', 'main_loss': '0.0105515', 'time_per_step': '2.63323'}
2026-03-13 17:26:09,185 - train_greyscale_FA_MoE.py - {'step': '246600', 'lr': '0.0002', 'total_loss': '0.00742783', 'main_loss': '0.00742783', 'time_per_step': '2.63629'}
2026-03-13 17:30:41,200 - train_greyscale_FA_MoE.py - {'step': '246700', 'lr': '0.0002', 'total_loss': '0.00915944', 'main_loss': '0.00915944', 'time_per_step': '2.63688'}
2026-03-13 17:35:13,749 - train_greyscale_FA_MoE.py - {'step': '246800', 'lr': '0.0002', 'total_loss': '0.0114286', 'main_loss': '0.0114286', 'time_per_step': '2.63466'}
2026-03-13 17:39:46,717 - train_greyscale_FA_MoE.py - {'step': '246900', 'lr': '0.0002', 'total_loss': '0.0071598', 'main_loss': '0.0071598', 'time_per_step': '2.72742'}
2026-03-13 17:44:19,756 - train_greyscale_FA_MoE.py - {'step': '247000', 'lr': '0.0002', 'total_loss': '0.010137', 'main_loss': '0.010137', 'time_per_step': '2.61128'}
2026-03-13 17:48:52,125 - train_greyscale_FA_MoE.py - {'step': '247100', 'lr': '0.0002', 'total_loss': '0.00844046', 'main_loss': '0.00844046', 'time_per_step': '2.55505'}
2026-03-13 17:53:24,478 - train_greyscale_FA_MoE.py - {'step': '247200', 'lr': '0.0002', 'total_loss': '0.00629713', 'main_loss': '0.00629713', 'time_per_step': '2.54808'}
2026-03-13 17:57:57,883 - train_greyscale_FA_MoE.py - {'step': '247300', 'lr': '0.0002', 'total_loss': '0.00843173', 'main_loss': '0.00843173', 'time_per_step': '2.63878'}
2026-03-13 18:02:30,412 - train_greyscale_FA_MoE.py - {'step': '247400', 'lr': '0.0002', 'total_loss': '0.0069873', 'main_loss': '0.0069873', 'time_per_step': '2.65574'}
2026-03-13 18:07:02,955 - train_greyscale_FA_MoE.py - {'step': '247500', 'lr': '0.0002', 'total_loss': '0.0091153', 'main_loss': '0.0091153', 'time_per_step': '2.63616'}
2026-03-13 18:11:34,909 - train_greyscale_FA_MoE.py - {'step': '247600', 'lr': '0.0002', 'total_loss': '0.0077762', 'main_loss': '0.0077762', 'time_per_step': '2.62328'}
2026-03-13 18:16:07,459 - train_greyscale_FA_MoE.py - {'step': '247700', 'lr': '0.0002', 'total_loss': '0.00584512', 'main_loss': '0.00584512', 'time_per_step': '2.61558'}
2026-03-13 18:20:40,343 - train_greyscale_FA_MoE.py - {'step': '247800', 'lr': '0.0002', 'total_loss': '0.00613992', 'main_loss': '0.00613992', 'time_per_step': '2.63909'}
2026-03-13 18:25:12,697 - train_greyscale_FA_MoE.py - {'step': '247900', 'lr': '0.0002', 'total_loss': '0.0100091', 'main_loss': '0.0100091', 'time_per_step': '2.62954'}
2026-03-13 18:29:44,509 - train_greyscale_FA_MoE.py - {'step': '248000', 'lr': '0.0002', 'total_loss': '0.00968611', 'main_loss': '0.00968611', 'time_per_step': '2.68723'}
2026-03-13 18:34:17,242 - train_greyscale_FA_MoE.py - {'step': '248100', 'lr': '0.0002', 'total_loss': '0.0105035', 'main_loss': '0.0105035', 'time_per_step': '2.70288'}
2026-03-13 18:38:49,608 - train_greyscale_FA_MoE.py - {'step': '248200', 'lr': '0.0002', 'total_loss': '0.00625216', 'main_loss': '0.00625216', 'time_per_step': '2.62513'}
2026-03-13 18:43:22,217 - train_greyscale_FA_MoE.py - {'step': '248300', 'lr': '0.0002', 'total_loss': '0.00994828', 'main_loss': '0.00994828', 'time_per_step': '2.53081'}
2026-03-13 18:47:54,482 - train_greyscale_FA_MoE.py - {'step': '248400', 'lr': '0.0002', 'total_loss': '0.0113213', 'main_loss': '0.0113213', 'time_per_step': '2.67014'}
2026-03-13 18:52:27,585 - train_greyscale_FA_MoE.py - {'step': '248500', 'lr': '0.0002', 'total_loss': '0.00750309', 'main_loss': '0.00750309', 'time_per_step': '2.61312'}
2026-03-13 18:56:59,441 - train_greyscale_FA_MoE.py - {'step': '248600', 'lr': '0.0002', 'total_loss': '0.00585695', 'main_loss': '0.00585695', 'time_per_step': '2.61595'}
2026-03-13 19:01:32,041 - train_greyscale_FA_MoE.py - {'step': '248700', 'lr': '0.0002', 'total_loss': '0.00973107', 'main_loss': '0.00973107', 'time_per_step': '2.6594'}
2026-03-13 19:06:05,582 - train_greyscale_FA_MoE.py - {'step': '248800', 'lr': '0.0002', 'total_loss': '0.0111378', 'main_loss': '0.0111378', 'time_per_step': '2.65501'}
2026-03-13 19:10:38,144 - train_greyscale_FA_MoE.py - {'step': '248900', 'lr': '0.0002', 'total_loss': '0.00894134', 'main_loss': '0.00894134', 'time_per_step': '2.64032'}
2026-03-13 19:15:10,731 - train_greyscale_FA_MoE.py - {'step': '249000', 'lr': '0.0002', 'total_loss': '0.00733635', 'main_loss': '0.00733635', 'time_per_step': '2.64472'}
2026-03-13 19:19:43,774 - train_greyscale_FA_MoE.py - {'step': '249100', 'lr': '0.0002', 'total_loss': '0.00861919', 'main_loss': '0.00861919', 'time_per_step': '2.6201'}
2026-03-13 19:24:16,734 - train_greyscale_FA_MoE.py - {'step': '249200', 'lr': '0.0002', 'total_loss': '0.0131642', 'main_loss': '0.0131642', 'time_per_step': '2.71232'}
2026-03-13 19:28:49,630 - train_greyscale_FA_MoE.py - {'step': '249300', 'lr': '0.0002', 'total_loss': '0.00892109', 'main_loss': '0.00892109', 'time_per_step': '2.62547'}
2026-03-13 19:33:21,496 - train_greyscale_FA_MoE.py - {'step': '249400', 'lr': '0.0002', 'total_loss': '0.00827726', 'main_loss': '0.00827726', 'time_per_step': '2.62676'}
2026-03-13 19:37:53,018 - train_greyscale_FA_MoE.py - {'step': '249500', 'lr': '0.0002', 'total_loss': '0.00725201', 'main_loss': '0.00725201', 'time_per_step': '2.56419'}
2026-03-13 19:42:25,236 - train_greyscale_FA_MoE.py - {'step': '249600', 'lr': '0.0002', 'total_loss': '0.00535388', 'main_loss': '0.00535388', 'time_per_step': '2.55033'}
2026-03-13 19:46:58,509 - train_greyscale_FA_MoE.py - {'step': '249700', 'lr': '0.0002', 'total_loss': '0.00721865', 'main_loss': '0.00721865', 'time_per_step': '2.64553'}
2026-03-13 19:51:30,994 - train_greyscale_FA_MoE.py - {'step': '249800', 'lr': '0.0002', 'total_loss': '0.0092308', 'main_loss': '0.0092308', 'time_per_step': '2.61028'}
2026-03-13 19:56:03,015 - train_greyscale_FA_MoE.py - {'step': '249900', 'lr': '0.0002', 'total_loss': '0.00522646', 'main_loss': '0.00522646', 'time_per_step': '2.67796'}
2026-03-13 20:00:35,664 - train_greyscale_FA_MoE.py - {'step': '250000', 'lr': '0.0002', 'total_loss': '0.00620023', 'main_loss': '0.00620023', 'time_per_step': '2.61939'}
2026-03-13 20:00:35,694 - train_greyscale_FA_MoE.py - Saved expert distribution of layer in_block_0 to output_shift_fa/acdc_wholeheart_uncond_fa_ec_4moe8_greyscale_uvit_mid_4by4_l8r9_low16_Y_bound/samples/expert_distribution_in_block_0_step250000.npy
2026-03-13 20:00:38,053 - train_greyscale_FA_MoE.py - Saved expert distribution of layer out_block_7 to output_shift_fa/acdc_wholeheart_uncond_fa_ec_4moe8_greyscale_uvit_mid_4by4_l8r9_low16_Y_bound/samples/expert_distribution_out_block_7_step250000.npy
2026-03-13 20:00:40,516 - train_greyscale_FA_MoE.py - Save a grid of 16 samples into output_shift_fa/acdc_wholeheart_uncond_fa_ec_4moe8_greyscale_uvit_mid_4by4_l8r9_low16_Y_bound/samples/250000.png by DPM-Solver
2026-03-13 20:00:46,901 - train_greyscale_FA_MoE.py - Finished saving sample grid to output_shift_fa/acdc_wholeheart_uncond_fa_ec_4moe8_greyscale_uvit_mid_4by4_l8r9_low16_Y_bound/samples/250000.png by DPM-Solver.
2026-03-13 20:00:46,961 - train_greyscale_FA_MoE.py - Save and eval checkpoint 250000...
2026-03-13 20:00:49,846 - train_greyscale_FA_MoE.py - eval_step: n_samples=50000, sample_steps=50, algorithm=dpm_solver, mini_batch_size=500, samples save into output_shift_fa/acdc_wholeheart_uncond_fa_ec_4moe8_greyscale_uvit_mid_4by4_l8r9_low16_Y_bound/samples/acdc_wholeheart_uncond_uvit_FA_EC_4MoE8_greyscale_mid_4by4_low16_250000_dpm
2026-03-13 20:57:19,458 - train_greyscale_FA_MoE.py - step=250000 fid50000=12.897591425904466
2026-03-13 21:04:19,029 - is_lpips.py - LPIPS: 0.5137 ± 0.0500
2026-03-13 21:04:19,034 - train_greyscale_FA_MoE.py - step=250000 LPIPS50000=0.5136558979760995
2026-03-13 21:09:42,217 - train_greyscale_FA_MoE.py - {'step': '250100', 'lr': '0.0002', 'total_loss': '0.00859414', 'main_loss': '0.00859414', 'time_per_step': '2.63201'}
2026-03-13 21:14:14,143 - train_greyscale_FA_MoE.py - {'step': '250200', 'lr': '0.0002', 'total_loss': '0.00904304', 'main_loss': '0.00904304', 'time_per_step': '2.64021'}
2026-03-13 21:18:46,829 - train_greyscale_FA_MoE.py - {'step': '250300', 'lr': '0.0002', 'total_loss': '0.00989062', 'main_loss': '0.00989062', 'time_per_step': '2.6951'}
2026-03-13 21:23:19,384 - train_greyscale_FA_MoE.py - {'step': '250400', 'lr': '0.0002', 'total_loss': '0.0107897', 'main_loss': '0.0107897', 'time_per_step': '2.6315'}
2026-03-13 21:27:52,177 - train_greyscale_FA_MoE.py - {'step': '250500', 'lr': '0.0002', 'total_loss': '0.0101357', 'main_loss': '0.0101357', 'time_per_step': '2.62808'}
2026-03-13 21:32:24,064 - train_greyscale_FA_MoE.py - {'step': '250600', 'lr': '0.0002', 'total_loss': '0.0108182', 'main_loss': '0.0108182', 'time_per_step': '2.65864'}
2026-03-13 21:36:56,907 - train_greyscale_FA_MoE.py - {'step': '250700', 'lr': '0.0002', 'total_loss': '0.00934687', 'main_loss': '0.00934687', 'time_per_step': '2.54975'}
2026-03-13 21:41:28,973 - train_greyscale_FA_MoE.py - {'step': '250800', 'lr': '0.0002', 'total_loss': '0.0115573', 'main_loss': '0.0115573', 'time_per_step': '2.55463'}
2026-03-13 21:46:01,973 - train_greyscale_FA_MoE.py - {'step': '250900', 'lr': '0.0002', 'total_loss': '0.00730405', 'main_loss': '0.00730405', 'time_per_step': '2.6113'}
2026-03-13 21:50:34,243 - train_greyscale_FA_MoE.py - {'step': '251000', 'lr': '0.0002', 'total_loss': '0.0105284', 'main_loss': '0.0105284', 'time_per_step': '2.66231'}
2026-03-13 21:55:06,863 - train_greyscale_FA_MoE.py - {'step': '251100', 'lr': '0.0002', 'total_loss': '0.0120733', 'main_loss': '0.0120733', 'time_per_step': '2.64784'}
2026-03-13 21:59:39,013 - train_greyscale_FA_MoE.py - {'step': '251200', 'lr': '0.0002', 'total_loss': '0.00789933', 'main_loss': '0.00789933', 'time_per_step': '2.63558'}
2026-03-13 22:04:12,349 - train_greyscale_FA_MoE.py - {'step': '251300', 'lr': '0.0002', 'total_loss': '0.00803575', 'main_loss': '0.00803575', 'time_per_step': '2.63949'}
2026-03-13 22:08:44,735 - train_greyscale_FA_MoE.py - {'step': '251400', 'lr': '0.0002', 'total_loss': '0.00976777', 'main_loss': '0.00976777', 'time_per_step': '2.64551'}
2026-03-13 22:13:17,684 - train_greyscale_FA_MoE.py - {'step': '251500', 'lr': '0.0002', 'total_loss': '0.0086116', 'main_loss': '0.0086116', 'time_per_step': '2.69592'}
2026-03-13 22:17:50,211 - train_greyscale_FA_MoE.py - {'step': '251600', 'lr': '0.0002', 'total_loss': '0.00963466', 'main_loss': '0.00963466', 'time_per_step': '2.6104'}
2026-03-13 22:22:22,657 - train_greyscale_FA_MoE.py - {'step': '251700', 'lr': '0.0002', 'total_loss': '0.00679109', 'main_loss': '0.00679109', 'time_per_step': '2.65847'}
2026-03-13 22:26:55,124 - train_greyscale_FA_MoE.py - {'step': '251800', 'lr': '0.0002', 'total_loss': '0.00819737', 'main_loss': '0.00819737', 'time_per_step': '2.6084'}
2026-03-13 22:31:27,402 - train_greyscale_FA_MoE.py - {'step': '251900', 'lr': '0.0002', 'total_loss': '0.00677421', 'main_loss': '0.00677421', 'time_per_step': '2.56485'}
2026-03-13 22:35:59,560 - train_greyscale_FA_MoE.py - {'step': '252000', 'lr': '0.0002', 'total_loss': '0.00841606', 'main_loss': '0.00841606', 'time_per_step': '2.54675'}
2026-03-13 22:40:32,025 - train_greyscale_FA_MoE.py - {'step': '252100', 'lr': '0.0002', 'total_loss': '0.00856905', 'main_loss': '0.00856905', 'time_per_step': '2.62961'}
2026-03-13 22:45:04,813 - train_greyscale_FA_MoE.py - {'step': '252200', 'lr': '0.0002', 'total_loss': '0.008982', 'main_loss': '0.008982', 'time_per_step': '2.66916'}
2026-03-13 22:49:37,952 - train_greyscale_FA_MoE.py - {'step': '252300', 'lr': '0.0002', 'total_loss': '0.0109787', 'main_loss': '0.0109787', 'time_per_step': '2.63591'}
2026-03-13 22:54:09,949 - train_greyscale_FA_MoE.py - {'step': '252400', 'lr': '0.0002', 'total_loss': '0.00769861', 'main_loss': '0.00769861', 'time_per_step': '2.65169'}
2026-03-13 22:58:42,749 - train_greyscale_FA_MoE.py - {'step': '252500', 'lr': '0.0002', 'total_loss': '0.0103481', 'main_loss': '0.0103481', 'time_per_step': '2.63758'}
2026-03-13 23:03:15,799 - train_greyscale_FA_MoE.py - {'step': '252600', 'lr': '0.0002', 'total_loss': '0.00667718', 'main_loss': '0.00667718', 'time_per_step': '2.713'}
2026-03-13 23:07:48,631 - train_greyscale_FA_MoE.py - {'step': '252700', 'lr': '0.0002', 'total_loss': '0.00729126', 'main_loss': '0.00729126', 'time_per_step': '2.63975'}
2026-03-13 23:12:20,355 - train_greyscale_FA_MoE.py - {'step': '252800', 'lr': '0.0002', 'total_loss': '0.00767798', 'main_loss': '0.00767798', 'time_per_step': '2.63314'}
2026-03-13 23:16:52,053 - train_greyscale_FA_MoE.py - {'step': '252900', 'lr': '0.0002', 'total_loss': '0.0093945', 'main_loss': '0.0093945', 'time_per_step': '2.64473'}
2026-03-13 23:21:24,680 - train_greyscale_FA_MoE.py - {'step': '253000', 'lr': '0.0002', 'total_loss': '0.0100452', 'main_loss': '0.0100452', 'time_per_step': '2.63316'}
2026-03-13 23:25:56,694 - train_greyscale_FA_MoE.py - {'step': '253100', 'lr': '0.0002', 'total_loss': '0.00827802', 'main_loss': '0.00827802', 'time_per_step': '2.55065'}
2026-03-13 23:30:28,275 - train_greyscale_FA_MoE.py - {'step': '253200', 'lr': '0.0002', 'total_loss': '0.00732663', 'main_loss': '0.00732663', 'time_per_step': '2.54939'}
2026-03-13 23:35:00,742 - train_greyscale_FA_MoE.py - {'step': '253300', 'lr': '0.0002', 'total_loss': '0.0068366', 'main_loss': '0.0068366', 'time_per_step': '2.6399'}
2026-03-13 23:39:33,239 - train_greyscale_FA_MoE.py - {'step': '253400', 'lr': '0.0002', 'total_loss': '0.00977731', 'main_loss': '0.00977731', 'time_per_step': '2.62505'}
2026-03-13 23:44:06,081 - train_greyscale_FA_MoE.py - {'step': '253500', 'lr': '0.0002', 'total_loss': '0.00638176', 'main_loss': '0.00638176', 'time_per_step': '2.60961'}
2026-03-13 23:48:38,470 - train_greyscale_FA_MoE.py - {'step': '253600', 'lr': '0.0002', 'total_loss': '0.0102966', 'main_loss': '0.0102966', 'time_per_step': '2.65449'}
2026-03-13 23:53:10,917 - train_greyscale_FA_MoE.py - {'step': '253700', 'lr': '0.0002', 'total_loss': '0.00908557', 'main_loss': '0.00908557', 'time_per_step': '2.66993'}
2026-03-13 23:57:43,815 - train_greyscale_FA_MoE.py - {'step': '253800', 'lr': '0.0002', 'total_loss': '0.00614605', 'main_loss': '0.00614605', 'time_per_step': '2.64363'}
2026-03-14 00:02:16,494 - train_greyscale_FA_MoE.py - {'step': '253900', 'lr': '0.0002', 'total_loss': '0.010433', 'main_loss': '0.010433', 'time_per_step': '2.71433'}
2026-03-14 00:06:49,462 - train_greyscale_FA_MoE.py - {'step': '254000', 'lr': '0.0002', 'total_loss': '0.00665299', 'main_loss': '0.00665299', 'time_per_step': '2.65884'}
2026-03-14 00:11:21,310 - train_greyscale_FA_MoE.py - {'step': '254100', 'lr': '0.0002', 'total_loss': '0.00621236', 'main_loss': '0.00621236', 'time_per_step': '2.65585'}
2026-03-14 00:15:54,025 - train_greyscale_FA_MoE.py - {'step': '254200', 'lr': '0.0002', 'total_loss': '0.00926834', 'main_loss': '0.00926834', 'time_per_step': '2.65498'}
2026-03-14 00:20:26,772 - train_greyscale_FA_MoE.py - {'step': '254300', 'lr': '0.0002', 'total_loss': '0.00655807', 'main_loss': '0.00655807', 'time_per_step': '2.55556'}
2026-03-14 00:24:58,920 - train_greyscale_FA_MoE.py - {'step': '254400', 'lr': '0.0002', 'total_loss': '0.0101231', 'main_loss': '0.0101231', 'time_per_step': '2.54836'}
2026-03-14 00:29:32,354 - train_greyscale_FA_MoE.py - {'step': '254500', 'lr': '0.0002', 'total_loss': '0.00500619', 'main_loss': '0.00500619', 'time_per_step': '2.64613'}
2026-03-14 00:34:05,121 - train_greyscale_FA_MoE.py - {'step': '254600', 'lr': '0.0002', 'total_loss': '0.00880067', 'main_loss': '0.00880067', 'time_per_step': '2.65787'}
2026-03-14 00:38:37,545 - train_greyscale_FA_MoE.py - {'step': '254700', 'lr': '0.0002', 'total_loss': '0.0101245', 'main_loss': '0.0101245', 'time_per_step': '2.64131'}
2026-03-14 00:43:10,269 - train_greyscale_FA_MoE.py - {'step': '254800', 'lr': '0.0002', 'total_loss': '0.0128784', 'main_loss': '0.0128784', 'time_per_step': '2.62154'}
2026-03-14 00:47:42,499 - train_greyscale_FA_MoE.py - {'step': '254900', 'lr': '0.0002', 'total_loss': '0.0108094', 'main_loss': '0.0108094', 'time_per_step': '2.65142'}
2026-03-14 00:52:14,171 - train_greyscale_FA_MoE.py - {'step': '255000', 'lr': '0.0002', 'total_loss': '0.00842664', 'main_loss': '0.00842664', 'time_per_step': '2.65186'}
2026-03-14 00:56:46,193 - train_greyscale_FA_MoE.py - {'step': '255100', 'lr': '0.0002', 'total_loss': '0.00576265', 'main_loss': '0.00576265', 'time_per_step': '2.69869'}
2026-03-14 01:01:18,437 - train_greyscale_FA_MoE.py - {'step': '255200', 'lr': '0.0002', 'total_loss': '0.00774308', 'main_loss': '0.00774308', 'time_per_step': '2.62906'}
2026-03-14 01:05:51,765 - train_greyscale_FA_MoE.py - {'step': '255300', 'lr': '0.0002', 'total_loss': '0.00483177', 'main_loss': '0.00483177', 'time_per_step': '2.62915'}
2026-03-14 01:10:24,753 - train_greyscale_FA_MoE.py - {'step': '255400', 'lr': '0.0002', 'total_loss': '0.0125596', 'main_loss': '0.0125596', 'time_per_step': '2.62243'}
2026-03-14 01:14:57,185 - train_greyscale_FA_MoE.py - {'step': '255500', 'lr': '0.0002', 'total_loss': '0.0051334', 'main_loss': '0.0051334', 'time_per_step': '2.53655'}
2026-03-14 01:19:29,636 - train_greyscale_FA_MoE.py - {'step': '255600', 'lr': '0.0002', 'total_loss': '0.00811957', 'main_loss': '0.00811957', 'time_per_step': '2.54853'}
2026-03-14 01:24:02,920 - train_greyscale_FA_MoE.py - {'step': '255700', 'lr': '0.0002', 'total_loss': '0.00818513', 'main_loss': '0.00818513', 'time_per_step': '2.63873'}
2026-03-14 01:28:35,612 - train_greyscale_FA_MoE.py - {'step': '255800', 'lr': '0.0002', 'total_loss': '0.0126616', 'main_loss': '0.0126616', 'time_per_step': '2.63732'}
2026-03-14 01:33:08,232 - train_greyscale_FA_MoE.py - {'step': '255900', 'lr': '0.0002', 'total_loss': '0.0111219', 'main_loss': '0.0111219', 'time_per_step': '2.63813'}
2026-03-14 01:37:39,885 - train_greyscale_FA_MoE.py - {'step': '256000', 'lr': '0.0002', 'total_loss': '0.0106615', 'main_loss': '0.0106615', 'time_per_step': '2.61802'}
2026-03-14 01:42:12,484 - train_greyscale_FA_MoE.py - {'step': '256100', 'lr': '0.0002', 'total_loss': '0.00758792', 'main_loss': '0.00758792', 'time_per_step': '2.6381'}
2026-03-14 01:46:45,268 - train_greyscale_FA_MoE.py - {'step': '256200', 'lr': '0.0002', 'total_loss': '0.00942085', 'main_loss': '0.00942085', 'time_per_step': '2.61208'}
2026-03-14 01:51:16,950 - train_greyscale_FA_MoE.py - {'step': '256300', 'lr': '0.0002', 'total_loss': '0.00952021', 'main_loss': '0.00952021', 'time_per_step': '2.71094'}
2026-03-14 01:55:48,687 - train_greyscale_FA_MoE.py - {'step': '256400', 'lr': '0.0002', 'total_loss': '0.00763829', 'main_loss': '0.00763829', 'time_per_step': '2.62156'}
2026-03-14 02:00:21,954 - train_greyscale_FA_MoE.py - {'step': '256500', 'lr': '0.0002', 'total_loss': '0.00959934', 'main_loss': '0.00959934', 'time_per_step': '2.66006'}
2026-03-14 02:04:55,109 - train_greyscale_FA_MoE.py - {'step': '256600', 'lr': '0.0002', 'total_loss': '0.0116445', 'main_loss': '0.0116445', 'time_per_step': '2.61826'}
2026-03-14 02:09:27,675 - train_greyscale_FA_MoE.py - {'step': '256700', 'lr': '0.0002', 'total_loss': '0.0108856', 'main_loss': '0.0108856', 'time_per_step': '2.55279'}
2026-03-14 02:13:59,741 - train_greyscale_FA_MoE.py - {'step': '256800', 'lr': '0.0002', 'total_loss': '0.011138', 'main_loss': '0.011138', 'time_per_step': '2.54714'}
2026-03-14 02:18:33,048 - train_greyscale_FA_MoE.py - {'step': '256900', 'lr': '0.0002', 'total_loss': '0.00566048', 'main_loss': '0.00566048', 'time_per_step': '2.64871'}
2026-03-14 02:23:04,887 - train_greyscale_FA_MoE.py - {'step': '257000', 'lr': '0.0002', 'total_loss': '0.00771891', 'main_loss': '0.00771891', 'time_per_step': '2.62895'}
2026-03-14 02:27:36,591 - train_greyscale_FA_MoE.py - {'step': '257100', 'lr': '0.0002', 'total_loss': '0.00846141', 'main_loss': '0.00846141', 'time_per_step': '2.64723'}
2026-03-14 02:32:08,352 - train_greyscale_FA_MoE.py - {'step': '257200', 'lr': '0.0002', 'total_loss': '0.00866609', 'main_loss': '0.00866609', 'time_per_step': '2.62031'}
2026-03-14 02:36:41,001 - train_greyscale_FA_MoE.py - {'step': '257300', 'lr': '0.0002', 'total_loss': '0.0132082', 'main_loss': '0.0132082', 'time_per_step': '2.65941'}
2026-03-14 02:41:13,441 - train_greyscale_FA_MoE.py - {'step': '257400', 'lr': '0.0002', 'total_loss': '0.00580697', 'main_loss': '0.00580697', 'time_per_step': '2.62145'}
2026-03-14 02:45:46,333 - train_greyscale_FA_MoE.py - {'step': '257500', 'lr': '0.0002', 'total_loss': '0.0052511', 'main_loss': '0.0052511', 'time_per_step': '2.70985'}
2026-03-14 02:50:19,195 - train_greyscale_FA_MoE.py - {'step': '257600', 'lr': '0.0002', 'total_loss': '0.00506587', 'main_loss': '0.00506587', 'time_per_step': '2.6095'}
2026-03-14 02:54:52,027 - train_greyscale_FA_MoE.py - {'step': '257700', 'lr': '0.0002', 'total_loss': '0.00639028', 'main_loss': '0.00639028', 'time_per_step': '2.63807'}
2026-03-14 02:59:24,393 - train_greyscale_FA_MoE.py - {'step': '257800', 'lr': '0.0002', 'total_loss': '0.00845837', 'main_loss': '0.00845837', 'time_per_step': '2.65936'}
2026-03-14 03:03:56,380 - train_greyscale_FA_MoE.py - {'step': '257900', 'lr': '0.0002', 'total_loss': '0.00775781', 'main_loss': '0.00775781', 'time_per_step': '2.53868'}
2026-03-14 03:08:28,742 - train_greyscale_FA_MoE.py - {'step': '258000', 'lr': '0.0002', 'total_loss': '0.00686624', 'main_loss': '0.00686624', 'time_per_step': '2.54899'}
2026-03-14 03:13:01,841 - train_greyscale_FA_MoE.py - {'step': '258100', 'lr': '0.0002', 'total_loss': '0.00895305', 'main_loss': '0.00895305', 'time_per_step': '2.6477'}
2026-03-14 03:17:34,266 - train_greyscale_FA_MoE.py - {'step': '258200', 'lr': '0.0002', 'total_loss': '0.00869142', 'main_loss': '0.00869142', 'time_per_step': '2.63397'}
2026-03-14 03:22:05,753 - train_greyscale_FA_MoE.py - {'step': '258300', 'lr': '0.0002', 'total_loss': '0.00819912', 'main_loss': '0.00819912', 'time_per_step': '2.6412'}
2026-03-14 03:26:38,277 - train_greyscale_FA_MoE.py - {'step': '258400', 'lr': '0.0002', 'total_loss': '0.00635285', 'main_loss': '0.00635285', 'time_per_step': '2.62468'}
2026-03-14 03:31:11,046 - train_greyscale_FA_MoE.py - {'step': '258500', 'lr': '0.0002', 'total_loss': '0.00526561', 'main_loss': '0.00526561', 'time_per_step': '2.64563'}
2026-03-14 03:35:44,119 - train_greyscale_FA_MoE.py - {'step': '258600', 'lr': '0.0002', 'total_loss': '0.00942418', 'main_loss': '0.00942418', 'time_per_step': '2.62509'}
2026-03-14 03:40:16,658 - train_greyscale_FA_MoE.py - {'step': '258700', 'lr': '0.0002', 'total_loss': '0.00809611', 'main_loss': '0.00809611', 'time_per_step': '2.68338'}
2026-03-14 03:44:49,432 - train_greyscale_FA_MoE.py - {'step': '258800', 'lr': '0.0002', 'total_loss': '0.00634378', 'main_loss': '0.00634378', 'time_per_step': '2.63983'}
2026-03-14 03:49:21,118 - train_greyscale_FA_MoE.py - {'step': '258900', 'lr': '0.0002', 'total_loss': '0.00735597', 'main_loss': '0.00735597', 'time_per_step': '2.64386'}
2026-03-14 03:53:53,833 - train_greyscale_FA_MoE.py - {'step': '259000', 'lr': '0.0002', 'total_loss': '0.00965504', 'main_loss': '0.00965504', 'time_per_step': '2.72504'}
2026-03-14 03:58:26,589 - train_greyscale_FA_MoE.py - {'step': '259100', 'lr': '0.0002', 'total_loss': '0.00988672', 'main_loss': '0.00988672', 'time_per_step': '2.54647'}
2026-03-14 04:02:59,169 - train_greyscale_FA_MoE.py - {'step': '259200', 'lr': '0.0002', 'total_loss': '0.0100777', 'main_loss': '0.0100777', 'time_per_step': '2.54939'}
2026-03-14 04:07:32,065 - train_greyscale_FA_MoE.py - {'step': '259300', 'lr': '0.0002', 'total_loss': '0.014691', 'main_loss': '0.014691', 'time_per_step': '2.63359'}
2026-03-14 04:12:04,031 - train_greyscale_FA_MoE.py - {'step': '259400', 'lr': '0.0002', 'total_loss': '0.00655316', 'main_loss': '0.00655316', 'time_per_step': '2.62845'}
2026-03-14 04:16:36,058 - train_greyscale_FA_MoE.py - {'step': '259500', 'lr': '0.0002', 'total_loss': '0.0103252', 'main_loss': '0.0103252', 'time_per_step': '2.64226'}
2026-03-14 04:21:08,260 - train_greyscale_FA_MoE.py - {'step': '259600', 'lr': '0.0002', 'total_loss': '0.00803119', 'main_loss': '0.00803119', 'time_per_step': '2.63376'}
2026-03-14 04:25:41,257 - train_greyscale_FA_MoE.py - {'step': '259700', 'lr': '0.0002', 'total_loss': '0.00830715', 'main_loss': '0.00830715', 'time_per_step': '2.64753'}
2026-03-14 04:30:13,623 - train_greyscale_FA_MoE.py - {'step': '259800', 'lr': '0.0002', 'total_loss': '0.0070438', 'main_loss': '0.0070438', 'time_per_step': '2.61886'}
2026-03-14 04:34:45,548 - train_greyscale_FA_MoE.py - {'step': '259900', 'lr': '0.0002', 'total_loss': '0.00600113', 'main_loss': '0.00600113', 'time_per_step': '2.69036'}
2026-03-14 04:39:18,392 - train_greyscale_FA_MoE.py - {'step': '260000', 'lr': '0.0002', 'total_loss': '0.00716121', 'main_loss': '0.00716121', 'time_per_step': '2.62132'}
2026-03-14 04:43:50,254 - train_greyscale_FA_MoE.py - {'step': '260100', 'lr': '0.0002', 'total_loss': '0.00913785', 'main_loss': '0.00913785', 'time_per_step': '2.60553'}
2026-03-14 04:48:22,893 - train_greyscale_FA_MoE.py - {'step': '260200', 'lr': '0.0002', 'total_loss': '0.00939726', 'main_loss': '0.00939726', 'time_per_step': '2.6344'}
2026-03-14 04:52:55,143 - train_greyscale_FA_MoE.py - {'step': '260300', 'lr': '0.0002', 'total_loss': '0.00907593', 'main_loss': '0.00907593', 'time_per_step': '2.54689'}
2026-03-14 04:57:26,623 - train_greyscale_FA_MoE.py - {'step': '260400', 'lr': '0.0002', 'total_loss': '0.00963098', 'main_loss': '0.00963098', 'time_per_step': '2.54817'}
2026-03-14 05:02:00,059 - train_greyscale_FA_MoE.py - {'step': '260500', 'lr': '0.0002', 'total_loss': '0.0094363', 'main_loss': '0.0094363', 'time_per_step': '2.6555'}
2026-03-14 05:06:32,747 - train_greyscale_FA_MoE.py - {'step': '260600', 'lr': '0.0002', 'total_loss': '0.00671795', 'main_loss': '0.00671795', 'time_per_step': '2.66308'}
2026-03-14 05:11:05,994 - train_greyscale_FA_MoE.py - {'step': '260700', 'lr': '0.0002', 'total_loss': '0.00628644', 'main_loss': '0.00628644', 'time_per_step': '2.62453'}
2026-03-14 05:15:37,708 - train_greyscale_FA_MoE.py - {'step': '260800', 'lr': '0.0002', 'total_loss': '0.0091973', 'main_loss': '0.0091973', 'time_per_step': '2.64256'}
2026-03-14 05:20:09,877 - train_greyscale_FA_MoE.py - {'step': '260900', 'lr': '0.0002', 'total_loss': '0.00998273', 'main_loss': '0.00998273', 'time_per_step': '2.62303'}
2026-03-14 05:24:42,048 - train_greyscale_FA_MoE.py - {'step': '261000', 'lr': '0.0002', 'total_loss': '0.0088349', 'main_loss': '0.0088349', 'time_per_step': '2.67125'}
2026-03-14 05:29:14,282 - train_greyscale_FA_MoE.py - {'step': '261100', 'lr': '0.0002', 'total_loss': '0.00924486', 'main_loss': '0.00924486', 'time_per_step': '2.62805'}
2026-03-14 05:33:47,212 - train_greyscale_FA_MoE.py - {'step': '261200', 'lr': '0.0002', 'total_loss': '0.00818256', 'main_loss': '0.00818256', 'time_per_step': '2.73794'}
2026-03-14 05:38:19,287 - train_greyscale_FA_MoE.py - {'step': '261300', 'lr': '0.0002', 'total_loss': '0.0061938', 'main_loss': '0.0061938', 'time_per_step': '2.63577'}
2026-03-14 05:42:52,101 - train_greyscale_FA_MoE.py - {'step': '261400', 'lr': '0.0002', 'total_loss': '0.00902673', 'main_loss': '0.00902673', 'time_per_step': '2.62244'}
2026-03-14 05:47:24,417 - train_greyscale_FA_MoE.py - {'step': '261500', 'lr': '0.0002', 'total_loss': '0.00630093', 'main_loss': '0.00630093', 'time_per_step': '2.55453'}
2026-03-14 05:51:57,052 - train_greyscale_FA_MoE.py - {'step': '261600', 'lr': '0.0002', 'total_loss': '0.00651914', 'main_loss': '0.00651914', 'time_per_step': '2.54874'}
2026-03-14 05:56:30,719 - train_greyscale_FA_MoE.py - {'step': '261700', 'lr': '0.0002', 'total_loss': '0.00797895', 'main_loss': '0.00797895', 'time_per_step': '2.65817'}
2026-03-14 06:01:02,486 - train_greyscale_FA_MoE.py - {'step': '261800', 'lr': '0.0002', 'total_loss': '0.00771254', 'main_loss': '0.00771254', 'time_per_step': '2.64072'}
2026-03-14 06:05:35,404 - train_greyscale_FA_MoE.py - {'step': '261900', 'lr': '0.0002', 'total_loss': '0.0101569', 'main_loss': '0.0101569', 'time_per_step': '2.61243'}
2026-03-14 06:10:07,552 - train_greyscale_FA_MoE.py - {'step': '262000', 'lr': '0.0002', 'total_loss': '0.00758483', 'main_loss': '0.00758483', 'time_per_step': '2.656'}
2026-03-14 06:14:39,160 - train_greyscale_FA_MoE.py - {'step': '262100', 'lr': '0.0002', 'total_loss': '0.0112174', 'main_loss': '0.0112174', 'time_per_step': '2.63477'}
2026-03-14 06:19:11,558 - train_greyscale_FA_MoE.py - {'step': '262200', 'lr': '0.0002', 'total_loss': '0.00934065', 'main_loss': '0.00934065', 'time_per_step': '2.62902'}
2026-03-14 06:23:43,988 - train_greyscale_FA_MoE.py - {'step': '262300', 'lr': '0.0002', 'total_loss': '0.00626585', 'main_loss': '0.00626585', 'time_per_step': '2.62956'}
2026-03-14 06:28:16,375 - train_greyscale_FA_MoE.py - {'step': '262400', 'lr': '0.0002', 'total_loss': '0.0115086', 'main_loss': '0.0115086', 'time_per_step': '2.711'}
2026-03-14 06:32:49,138 - train_greyscale_FA_MoE.py - {'step': '262500', 'lr': '0.0002', 'total_loss': '0.00526701', 'main_loss': '0.00526701', 'time_per_step': '2.64588'}
2026-03-14 06:37:21,314 - train_greyscale_FA_MoE.py - {'step': '262600', 'lr': '0.0002', 'total_loss': '0.00718412', 'main_loss': '0.00718412', 'time_per_step': '2.64127'}
2026-03-14 06:41:52,811 - train_greyscale_FA_MoE.py - {'step': '262700', 'lr': '0.0002', 'total_loss': '0.00822796', 'main_loss': '0.00822796', 'time_per_step': '2.55607'}
2026-03-14 06:46:24,603 - train_greyscale_FA_MoE.py - {'step': '262800', 'lr': '0.0002', 'total_loss': '0.00625762', 'main_loss': '0.00625762', 'time_per_step': '2.55015'}
2026-03-14 06:50:57,961 - train_greyscale_FA_MoE.py - {'step': '262900', 'lr': '0.0002', 'total_loss': '0.00900392', 'main_loss': '0.00900392', 'time_per_step': '2.64085'}
2026-03-14 06:55:29,856 - train_greyscale_FA_MoE.py - {'step': '263000', 'lr': '0.0002', 'total_loss': '0.00861547', 'main_loss': '0.00861547', 'time_per_step': '2.64933'}
2026-03-14 07:00:01,898 - train_greyscale_FA_MoE.py - {'step': '263100', 'lr': '0.0002', 'total_loss': '0.00570925', 'main_loss': '0.00570925', 'time_per_step': '2.6239'}
2026-03-14 07:04:35,184 - train_greyscale_FA_MoE.py - {'step': '263200', 'lr': '0.0002', 'total_loss': '0.00639177', 'main_loss': '0.00639177', 'time_per_step': '2.63321'}
2026-03-14 07:09:08,206 - train_greyscale_FA_MoE.py - {'step': '263300', 'lr': '0.0002', 'total_loss': '0.0141191', 'main_loss': '0.0141191', 'time_per_step': '2.63041'}
2026-03-14 07:13:40,781 - train_greyscale_FA_MoE.py - {'step': '263400', 'lr': '0.0002', 'total_loss': '0.00709902', 'main_loss': '0.00709902', 'time_per_step': '2.65322'}
2026-03-14 07:18:13,537 - train_greyscale_FA_MoE.py - {'step': '263500', 'lr': '0.0002', 'total_loss': '0.00973907', 'main_loss': '0.00973907', 'time_per_step': '2.61683'}
2026-03-14 07:22:45,884 - train_greyscale_FA_MoE.py - {'step': '263600', 'lr': '0.0002', 'total_loss': '0.0069061', 'main_loss': '0.0069061', 'time_per_step': '2.69247'}
2026-03-14 07:27:17,380 - train_greyscale_FA_MoE.py - {'step': '263700', 'lr': '0.0002', 'total_loss': '0.00685195', 'main_loss': '0.00685195', 'time_per_step': '2.72453'}
2026-03-14 07:31:49,456 - train_greyscale_FA_MoE.py - {'step': '263800', 'lr': '0.0002', 'total_loss': '0.0126084', 'main_loss': '0.0126084', 'time_per_step': '2.60809'}
2026-03-14 07:36:22,184 - train_greyscale_FA_MoE.py - {'step': '263900', 'lr': '0.0002', 'total_loss': '0.00907692', 'main_loss': '0.00907692', 'time_per_step': '2.56586'}
2026-03-14 07:40:57,730 - train_greyscale_FA_MoE.py - {'step': '264000', 'lr': '0.0002', 'total_loss': '0.0105012', 'main_loss': '0.0105012', 'time_per_step': '2.55054'}
2026-03-14 07:45:30,780 - train_greyscale_FA_MoE.py - {'step': '264100', 'lr': '0.0002', 'total_loss': '0.00865768', 'main_loss': '0.00865768', 'time_per_step': '2.6302'}
2026-03-14 07:50:02,978 - train_greyscale_FA_MoE.py - {'step': '264200', 'lr': '0.0002', 'total_loss': '0.0112109', 'main_loss': '0.0112109', 'time_per_step': '2.67126'}
2026-03-14 07:54:34,940 - train_greyscale_FA_MoE.py - {'step': '264300', 'lr': '0.0002', 'total_loss': '0.00765334', 'main_loss': '0.00765334', 'time_per_step': '2.67619'}
2026-03-14 07:59:06,814 - train_greyscale_FA_MoE.py - {'step': '264400', 'lr': '0.0002', 'total_loss': '0.00713009', 'main_loss': '0.00713009', 'time_per_step': '2.63641'}
2026-03-14 08:03:39,173 - train_greyscale_FA_MoE.py - {'step': '264500', 'lr': '0.0002', 'total_loss': '0.00749387', 'main_loss': '0.00749387', 'time_per_step': '2.62156'}
2026-03-14 08:08:11,755 - train_greyscale_FA_MoE.py - {'step': '264600', 'lr': '0.0002', 'total_loss': '0.00632156', 'main_loss': '0.00632156', 'time_per_step': '2.64052'}
2026-03-14 08:12:43,527 - train_greyscale_FA_MoE.py - {'step': '264700', 'lr': '0.0002', 'total_loss': '0.0114214', 'main_loss': '0.0114214', 'time_per_step': '2.64421'}
2026-03-14 08:17:16,208 - train_greyscale_FA_MoE.py - {'step': '264800', 'lr': '0.0002', 'total_loss': '0.00864149', 'main_loss': '0.00864149', 'time_per_step': '2.72161'}
2026-03-14 08:22:00,542 - train_greyscale_FA_MoE.py - {'step': '264900', 'lr': '0.0002', 'total_loss': '0.00669152', 'main_loss': '0.00669152', 'time_per_step': '2.61802'}
2026-03-14 08:26:43,044 - train_greyscale_FA_MoE.py - {'step': '265000', 'lr': '0.0002', 'total_loss': '0.00536934', 'main_loss': '0.00536934', 'time_per_step': '2.66292'}
2026-03-14 08:31:58,168 - train_greyscale_FA_MoE.py - {'step': '265100', 'lr': '0.0002', 'total_loss': '0.00917203', 'main_loss': '0.00917203', 'time_per_step': '2.54529'}
2026-03-14 08:36:30,280 - train_greyscale_FA_MoE.py - {'step': '265200', 'lr': '0.0002', 'total_loss': '0.00796087', 'main_loss': '0.00796087', 'time_per_step': '2.55488'}
2026-03-14 08:41:02,949 - train_greyscale_FA_MoE.py - {'step': '265300', 'lr': '0.0002', 'total_loss': '0.00693726', 'main_loss': '0.00693726', 'time_per_step': '2.65585'}
2026-03-14 08:45:35,706 - train_greyscale_FA_MoE.py - {'step': '265400', 'lr': '0.0002', 'total_loss': '0.00721736', 'main_loss': '0.00721736', 'time_per_step': '2.61004'}
2026-03-14 08:50:07,993 - train_greyscale_FA_MoE.py - {'step': '265500', 'lr': '0.0002', 'total_loss': '0.00830223', 'main_loss': '0.00830223', 'time_per_step': '2.61994'}
2026-03-14 08:54:40,509 - train_greyscale_FA_MoE.py - {'step': '265600', 'lr': '0.0002', 'total_loss': '0.00950147', 'main_loss': '0.00950147', 'time_per_step': '2.629'}
2026-03-14 08:59:13,124 - train_greyscale_FA_MoE.py - {'step': '265700', 'lr': '0.0002', 'total_loss': '0.00866398', 'main_loss': '0.00866398', 'time_per_step': '2.663'}
2026-03-14 09:03:45,897 - train_greyscale_FA_MoE.py - {'step': '265800', 'lr': '0.0002', 'total_loss': '0.00951093', 'main_loss': '0.00951093', 'time_per_step': '2.69087'}
2026-03-14 09:08:18,870 - train_greyscale_FA_MoE.py - {'step': '265900', 'lr': '0.0002', 'total_loss': '0.00593667', 'main_loss': '0.00593667', 'time_per_step': '2.61647'}
2026-03-14 09:12:51,267 - train_greyscale_FA_MoE.py - {'step': '266000', 'lr': '0.0002', 'total_loss': '0.00499726', 'main_loss': '0.00499726', 'time_per_step': '2.61938'}
2026-03-14 09:17:24,397 - train_greyscale_FA_MoE.py - {'step': '266100', 'lr': '0.0002', 'total_loss': '0.00717356', 'main_loss': '0.00717356', 'time_per_step': '2.61844'}
2026-03-14 09:21:56,201 - train_greyscale_FA_MoE.py - {'step': '266200', 'lr': '0.0002', 'total_loss': '0.0106387', 'main_loss': '0.0106387', 'time_per_step': '2.62304'}
2026-03-14 09:26:28,850 - train_greyscale_FA_MoE.py - {'step': '266300', 'lr': '0.0002', 'total_loss': '0.00775684', 'main_loss': '0.00775684', 'time_per_step': '2.54581'}
2026-03-14 09:31:01,150 - train_greyscale_FA_MoE.py - {'step': '266400', 'lr': '0.0002', 'total_loss': '0.00906728', 'main_loss': '0.00906728', 'time_per_step': '2.55053'}
2026-03-14 09:35:34,224 - train_greyscale_FA_MoE.py - {'step': '266500', 'lr': '0.0002', 'total_loss': '0.00861837', 'main_loss': '0.00861837', 'time_per_step': '2.62633'}
2026-03-14 09:40:06,966 - train_greyscale_FA_MoE.py - {'step': '266600', 'lr': '0.0002', 'total_loss': '0.0116664', 'main_loss': '0.0116664', 'time_per_step': '2.61795'}
2026-03-14 09:44:39,555 - train_greyscale_FA_MoE.py - {'step': '266700', 'lr': '0.0002', 'total_loss': '0.010835', 'main_loss': '0.010835', 'time_per_step': '2.60684'}
2026-03-14 09:49:11,391 - train_greyscale_FA_MoE.py - {'step': '266800', 'lr': '0.0002', 'total_loss': '0.0104765', 'main_loss': '0.0104765', 'time_per_step': '2.6252'}
2026-03-14 09:53:44,047 - train_greyscale_FA_MoE.py - {'step': '266900', 'lr': '0.0002', 'total_loss': '0.00631606', 'main_loss': '0.00631606', 'time_per_step': '2.66412'}
2026-03-14 09:58:16,514 - train_greyscale_FA_MoE.py - {'step': '267000', 'lr': '0.0002', 'total_loss': '0.00549388', 'main_loss': '0.00549388', 'time_per_step': '2.68416'}
2026-03-14 10:02:50,271 - train_greyscale_FA_MoE.py - {'step': '267100', 'lr': '0.0002', 'total_loss': '0.00725963', 'main_loss': '0.00725963', 'time_per_step': '2.63491'}
2026-03-14 10:07:22,641 - train_greyscale_FA_MoE.py - {'step': '267200', 'lr': '0.0002', 'total_loss': '0.00729048', 'main_loss': '0.00729048', 'time_per_step': '2.63155'}
2026-03-14 10:11:55,190 - train_greyscale_FA_MoE.py - {'step': '267300', 'lr': '0.0002', 'total_loss': '0.00915022', 'main_loss': '0.00915022', 'time_per_step': '2.6113'}
2026-03-14 10:16:27,725 - train_greyscale_FA_MoE.py - {'step': '267400', 'lr': '0.0002', 'total_loss': '0.00649029', 'main_loss': '0.00649029', 'time_per_step': '2.67393'}
2026-03-14 10:21:00,391 - train_greyscale_FA_MoE.py - {'step': '267500', 'lr': '0.0002', 'total_loss': '0.0054865', 'main_loss': '0.0054865', 'time_per_step': '2.54365'}
2026-03-14 10:25:31,805 - train_greyscale_FA_MoE.py - {'step': '267600', 'lr': '0.0002', 'total_loss': '0.0092967', 'main_loss': '0.0092967', 'time_per_step': '2.55099'}
2026-03-14 10:30:05,063 - train_greyscale_FA_MoE.py - {'step': '267700', 'lr': '0.0002', 'total_loss': '0.00714399', 'main_loss': '0.00714399', 'time_per_step': '2.64438'}
2026-03-14 10:34:36,691 - train_greyscale_FA_MoE.py - {'step': '267800', 'lr': '0.0002', 'total_loss': '0.00952424', 'main_loss': '0.00952424', 'time_per_step': '2.62917'}
2026-03-14 10:39:09,110 - train_greyscale_FA_MoE.py - {'step': '267900', 'lr': '0.0002', 'total_loss': '0.00863404', 'main_loss': '0.00863404', 'time_per_step': '2.63058'}
2026-03-14 10:43:41,159 - train_greyscale_FA_MoE.py - {'step': '268000', 'lr': '0.0002', 'total_loss': '0.0102856', 'main_loss': '0.0102856', 'time_per_step': '2.64907'}
2026-03-14 10:48:14,052 - train_greyscale_FA_MoE.py - {'step': '268100', 'lr': '0.0002', 'total_loss': '0.00779496', 'main_loss': '0.00779496', 'time_per_step': '2.68156'}
2026-03-14 10:52:46,823 - train_greyscale_FA_MoE.py - {'step': '268200', 'lr': '0.0002', 'total_loss': '0.00548617', 'main_loss': '0.00548617', 'time_per_step': '2.7279'}
2026-03-14 10:57:19,522 - train_greyscale_FA_MoE.py - {'step': '268300', 'lr': '0.0002', 'total_loss': '0.00979041', 'main_loss': '0.00979041', 'time_per_step': '2.61997'}
2026-03-14 11:01:52,253 - train_greyscale_FA_MoE.py - {'step': '268400', 'lr': '0.0002', 'total_loss': '0.00730841', 'main_loss': '0.00730841', 'time_per_step': '2.646'}
2026-03-14 11:06:25,684 - train_greyscale_FA_MoE.py - {'step': '268500', 'lr': '0.0002', 'total_loss': '0.0115096', 'main_loss': '0.0115096', 'time_per_step': '2.63309'}
2026-03-14 11:10:57,853 - train_greyscale_FA_MoE.py - {'step': '268600', 'lr': '0.0002', 'total_loss': '0.00791144', 'main_loss': '0.00791144', 'time_per_step': '2.66249'}
2026-03-14 11:15:29,451 - train_greyscale_FA_MoE.py - {'step': '268700', 'lr': '0.0002', 'total_loss': '0.0068042', 'main_loss': '0.0068042', 'time_per_step': '2.5592'}
2026-03-14 11:20:01,852 - train_greyscale_FA_MoE.py - {'step': '268800', 'lr': '0.0002', 'total_loss': '0.0100971', 'main_loss': '0.0100971', 'time_per_step': '2.55105'}
2026-03-14 11:24:34,818 - train_greyscale_FA_MoE.py - {'step': '268900', 'lr': '0.0002', 'total_loss': '0.00797196', 'main_loss': '0.00797196', 'time_per_step': '2.66968'}
2026-03-14 11:29:07,607 - train_greyscale_FA_MoE.py - {'step': '269000', 'lr': '0.0002', 'total_loss': '0.00736027', 'main_loss': '0.00736027', 'time_per_step': '2.65'}
2026-03-14 11:33:40,393 - train_greyscale_FA_MoE.py - {'step': '269100', 'lr': '0.0002', 'total_loss': '0.00799041', 'main_loss': '0.00799041', 'time_per_step': '2.65411'}
2026-03-14 11:38:13,099 - train_greyscale_FA_MoE.py - {'step': '269200', 'lr': '0.0002', 'total_loss': '0.00595576', 'main_loss': '0.00595576', 'time_per_step': '2.66118'}
2026-03-14 11:42:45,745 - train_greyscale_FA_MoE.py - {'step': '269300', 'lr': '0.0002', 'total_loss': '0.00583233', 'main_loss': '0.00583233', 'time_per_step': '2.71184'}
2026-03-14 11:47:18,220 - train_greyscale_FA_MoE.py - {'step': '269400', 'lr': '0.0002', 'total_loss': '0.005851', 'main_loss': '0.005851', 'time_per_step': '2.62539'}
2026-03-14 11:51:50,589 - train_greyscale_FA_MoE.py - {'step': '269500', 'lr': '0.0002', 'total_loss': '0.00875928', 'main_loss': '0.00875928', 'time_per_step': '2.64298'}
2026-03-14 11:56:22,594 - train_greyscale_FA_MoE.py - {'step': '269600', 'lr': '0.0002', 'total_loss': '0.00788525', 'main_loss': '0.00788525', 'time_per_step': '2.63127'}
2026-03-14 12:00:54,468 - train_greyscale_FA_MoE.py - {'step': '269700', 'lr': '0.0002', 'total_loss': '0.00852455', 'main_loss': '0.00852455', 'time_per_step': '2.72856'}
2026-03-14 12:05:27,565 - train_greyscale_FA_MoE.py - {'step': '269800', 'lr': '0.0002', 'total_loss': '0.0080543', 'main_loss': '0.0080543', 'time_per_step': '2.65181'}
2026-03-14 12:09:59,828 - train_greyscale_FA_MoE.py - {'step': '269900', 'lr': '0.0002', 'total_loss': '0.00599587', 'main_loss': '0.00599587', 'time_per_step': '2.55128'}
2026-03-14 12:14:32,016 - train_greyscale_FA_MoE.py - {'step': '270000', 'lr': '0.0002', 'total_loss': '0.00690927', 'main_loss': '0.00690927', 'time_per_step': '2.54849'}
2026-03-14 12:19:05,654 - train_greyscale_FA_MoE.py - {'step': '270100', 'lr': '0.0002', 'total_loss': '0.00688082', 'main_loss': '0.00688082', 'time_per_step': '2.62022'}
2026-03-14 12:23:38,659 - train_greyscale_FA_MoE.py - {'step': '270200', 'lr': '0.0002', 'total_loss': '0.00935728', 'main_loss': '0.00935728', 'time_per_step': '2.61846'}
2026-03-14 12:28:10,895 - train_greyscale_FA_MoE.py - {'step': '270300', 'lr': '0.0002', 'total_loss': '0.00882647', 'main_loss': '0.00882647', 'time_per_step': '2.64145'}
2026-03-14 12:32:43,796 - train_greyscale_FA_MoE.py - {'step': '270400', 'lr': '0.0002', 'total_loss': '0.0117588', 'main_loss': '0.0117588', 'time_per_step': '2.64103'}
2026-03-14 12:37:16,239 - train_greyscale_FA_MoE.py - {'step': '270500', 'lr': '0.0002', 'total_loss': '0.00795292', 'main_loss': '0.00795292', 'time_per_step': '2.67782'}
2026-03-14 12:41:49,055 - train_greyscale_FA_MoE.py - {'step': '270600', 'lr': '0.0002', 'total_loss': '0.00750085', 'main_loss': '0.00750085', 'time_per_step': '2.6497'}
2026-03-14 12:46:21,110 - train_greyscale_FA_MoE.py - {'step': '270700', 'lr': '0.0002', 'total_loss': '0.00660773', 'main_loss': '0.00660773', 'time_per_step': '2.61375'}
2026-03-14 12:50:53,924 - train_greyscale_FA_MoE.py - {'step': '270800', 'lr': '0.0002', 'total_loss': '0.00619468', 'main_loss': '0.00619468', 'time_per_step': '2.75967'}
2026-03-14 12:55:26,634 - train_greyscale_FA_MoE.py - {'step': '270900', 'lr': '0.0002', 'total_loss': '0.00856474', 'main_loss': '0.00856474', 'time_per_step': '2.61827'}
2026-03-14 12:59:58,954 - train_greyscale_FA_MoE.py - {'step': '271000', 'lr': '0.0002', 'total_loss': '0.00544957', 'main_loss': '0.00544957', 'time_per_step': '2.61903'}
2026-03-14 13:04:32,448 - train_greyscale_FA_MoE.py - {'step': '271100', 'lr': '0.0002', 'total_loss': '0.00728789', 'main_loss': '0.00728789', 'time_per_step': '2.54828'}
2026-03-14 13:09:05,174 - train_greyscale_FA_MoE.py - {'step': '271200', 'lr': '0.0002', 'total_loss': '0.0112558', 'main_loss': '0.0112558', 'time_per_step': '2.54507'}
2026-03-14 13:13:38,363 - train_greyscale_FA_MoE.py - {'step': '271300', 'lr': '0.0002', 'total_loss': '0.00497456', 'main_loss': '0.00497456', 'time_per_step': '2.62857'}
2026-03-14 13:18:11,082 - train_greyscale_FA_MoE.py - {'step': '271400', 'lr': '0.0002', 'total_loss': '0.00605067', 'main_loss': '0.00605067', 'time_per_step': '2.66185'}
2026-03-14 13:22:43,405 - train_greyscale_FA_MoE.py - {'step': '271500', 'lr': '0.0002', 'total_loss': '0.0100739', 'main_loss': '0.0100739', 'time_per_step': '2.62887'}
2026-03-14 13:27:15,757 - train_greyscale_FA_MoE.py - {'step': '271600', 'lr': '0.0002', 'total_loss': '0.00674884', 'main_loss': '0.00674884', 'time_per_step': '2.71736'}
2026-03-14 13:31:48,551 - train_greyscale_FA_MoE.py - {'step': '271700', 'lr': '0.0002', 'total_loss': '0.00902061', 'main_loss': '0.00902061', 'time_per_step': '2.62673'}
2026-03-14 13:36:21,028 - train_greyscale_FA_MoE.py - {'step': '271800', 'lr': '0.0002', 'total_loss': '0.00657833', 'main_loss': '0.00657833', 'time_per_step': '2.63315'}
2026-03-14 13:40:53,329 - train_greyscale_FA_MoE.py - {'step': '271900', 'lr': '0.0002', 'total_loss': '0.00950924', 'main_loss': '0.00950924', 'time_per_step': '2.64275'}
2026-03-14 13:45:25,769 - train_greyscale_FA_MoE.py - {'step': '272000', 'lr': '0.0002', 'total_loss': '0.00773664', 'main_loss': '0.00773664', 'time_per_step': '2.63282'}
2026-03-14 13:49:57,583 - train_greyscale_FA_MoE.py - {'step': '272100', 'lr': '0.0002', 'total_loss': '0.00607664', 'main_loss': '0.00607664', 'time_per_step': '2.6389'}
2026-03-14 13:54:29,610 - train_greyscale_FA_MoE.py - {'step': '272200', 'lr': '0.0002', 'total_loss': '0.00691593', 'main_loss': '0.00691593', 'time_per_step': '2.6401'}
2026-03-14 13:59:02,600 - train_greyscale_FA_MoE.py - {'step': '272300', 'lr': '0.0002', 'total_loss': '0.00908958', 'main_loss': '0.00908958', 'time_per_step': '2.55987'}
2026-03-14 14:03:35,335 - train_greyscale_FA_MoE.py - {'step': '272400', 'lr': '0.0002', 'total_loss': '0.00681648', 'main_loss': '0.00681648', 'time_per_step': '2.53084'}
2026-03-14 14:08:09,041 - train_greyscale_FA_MoE.py - {'step': '272500', 'lr': '0.0002', 'total_loss': '0.00691271', 'main_loss': '0.00691271', 'time_per_step': '2.6368'}
2026-03-14 14:12:40,647 - train_greyscale_FA_MoE.py - {'step': '272600', 'lr': '0.0002', 'total_loss': '0.00861246', 'main_loss': '0.00861246', 'time_per_step': '2.62145'}
2026-03-14 14:17:13,332 - train_greyscale_FA_MoE.py - {'step': '272700', 'lr': '0.0002', 'total_loss': '0.0113101', 'main_loss': '0.0113101', 'time_per_step': '2.64092'}
2026-03-14 14:21:45,846 - train_greyscale_FA_MoE.py - {'step': '272800', 'lr': '0.0002', 'total_loss': '0.0112138', 'main_loss': '0.0112138', 'time_per_step': '2.67983'}
2026-03-14 14:26:18,867 - train_greyscale_FA_MoE.py - {'step': '272900', 'lr': '0.0002', 'total_loss': '0.00666984', 'main_loss': '0.00666984', 'time_per_step': '2.62704'}
2026-03-14 14:30:51,381 - train_greyscale_FA_MoE.py - {'step': '273000', 'lr': '0.0002', 'total_loss': '0.0132862', 'main_loss': '0.0132862', 'time_per_step': '2.65649'}
2026-03-14 14:35:23,978 - train_greyscale_FA_MoE.py - {'step': '273100', 'lr': '0.0002', 'total_loss': '0.00838264', 'main_loss': '0.00838264', 'time_per_step': '2.62491'}
2026-03-14 14:39:56,772 - train_greyscale_FA_MoE.py - {'step': '273200', 'lr': '0.0002', 'total_loss': '0.0075749', 'main_loss': '0.0075749', 'time_per_step': '2.61371'}
2026-03-14 14:44:29,478 - train_greyscale_FA_MoE.py - {'step': '273300', 'lr': '0.0002', 'total_loss': '0.00684488', 'main_loss': '0.00684488', 'time_per_step': '2.63939'}
2026-03-14 14:49:02,485 - train_greyscale_FA_MoE.py - {'step': '273400', 'lr': '0.0002', 'total_loss': '0.00864029', 'main_loss': '0.00864029', 'time_per_step': '2.63961'}
2026-03-14 14:53:35,001 - train_greyscale_FA_MoE.py - {'step': '273500', 'lr': '0.0002', 'total_loss': '0.0104734', 'main_loss': '0.0104734', 'time_per_step': '2.55186'}
2026-03-14 14:58:06,726 - train_greyscale_FA_MoE.py - {'step': '273600', 'lr': '0.0002', 'total_loss': '0.0112663', 'main_loss': '0.0112663', 'time_per_step': '2.54978'}
2026-03-14 15:02:39,995 - train_greyscale_FA_MoE.py - {'step': '273700', 'lr': '0.0002', 'total_loss': '0.00913919', 'main_loss': '0.00913919', 'time_per_step': '2.64975'}
2026-03-14 15:07:12,329 - train_greyscale_FA_MoE.py - {'step': '273800', 'lr': '0.0002', 'total_loss': '0.0079568', 'main_loss': '0.0079568', 'time_per_step': '2.60747'}
2026-03-14 15:11:44,668 - train_greyscale_FA_MoE.py - {'step': '273900', 'lr': '0.0002', 'total_loss': '0.0102531', 'main_loss': '0.0102531', 'time_per_step': '2.62155'}
2026-03-14 15:16:16,589 - train_greyscale_FA_MoE.py - {'step': '274000', 'lr': '0.0002', 'total_loss': '0.00477877', 'main_loss': '0.00477877', 'time_per_step': '2.67476'}
2026-03-14 15:20:49,400 - train_greyscale_FA_MoE.py - {'step': '274100', 'lr': '0.0002', 'total_loss': '0.0101017', 'main_loss': '0.0101017', 'time_per_step': '2.63576'}
2026-03-14 15:25:21,543 - train_greyscale_FA_MoE.py - {'step': '274200', 'lr': '0.0002', 'total_loss': '0.00705268', 'main_loss': '0.00705268', 'time_per_step': '2.61291'}
2026-03-14 15:29:53,077 - train_greyscale_FA_MoE.py - {'step': '274300', 'lr': '0.0002', 'total_loss': '0.00635916', 'main_loss': '0.00635916', 'time_per_step': '2.62046'}
2026-03-14 15:34:25,750 - train_greyscale_FA_MoE.py - {'step': '274400', 'lr': '0.0002', 'total_loss': '0.0103027', 'main_loss': '0.0103027', 'time_per_step': '2.6124'}
2026-03-14 15:38:57,854 - train_greyscale_FA_MoE.py - {'step': '274500', 'lr': '0.0002', 'total_loss': '0.00632918', 'main_loss': '0.00632918', 'time_per_step': '2.65572'}
2026-03-14 15:43:30,488 - train_greyscale_FA_MoE.py - {'step': '274600', 'lr': '0.0002', 'total_loss': '0.00973271', 'main_loss': '0.00973271', 'time_per_step': '2.63706'}
2026-03-14 15:48:02,918 - train_greyscale_FA_MoE.py - {'step': '274700', 'lr': '0.0002', 'total_loss': '0.00673581', 'main_loss': '0.00673581', 'time_per_step': '2.55761'}
2026-03-14 15:52:34,762 - train_greyscale_FA_MoE.py - {'step': '274800', 'lr': '0.0002', 'total_loss': '0.00890967', 'main_loss': '0.00890967', 'time_per_step': '2.54211'}
2026-03-14 15:57:07,949 - train_greyscale_FA_MoE.py - {'step': '274900', 'lr': '0.0002', 'total_loss': '0.00502409', 'main_loss': '0.00502409', 'time_per_step': '2.65619'}
2026-03-14 16:01:40,629 - train_greyscale_FA_MoE.py - {'step': '275000', 'lr': '0.0002', 'total_loss': '0.00887697', 'main_loss': '0.00887697', 'time_per_step': '2.65768'}
2026-03-14 16:01:40,646 - train_greyscale_FA_MoE.py - Saved expert distribution of layer in_block_0 to output_shift_fa/acdc_wholeheart_uncond_fa_ec_4moe8_greyscale_uvit_mid_4by4_l8r9_low16_Y_bound/samples/expert_distribution_in_block_0_step275000.npy
2026-03-14 16:01:42,980 - train_greyscale_FA_MoE.py - Saved expert distribution of layer out_block_7 to output_shift_fa/acdc_wholeheart_uncond_fa_ec_4moe8_greyscale_uvit_mid_4by4_l8r9_low16_Y_bound/samples/expert_distribution_out_block_7_step275000.npy
2026-03-14 16:01:45,464 - train_greyscale_FA_MoE.py - Save a grid of 16 samples into output_shift_fa/acdc_wholeheart_uncond_fa_ec_4moe8_greyscale_uvit_mid_4by4_l8r9_low16_Y_bound/samples/275000.png by DPM-Solver
2026-03-14 16:01:51,751 - train_greyscale_FA_MoE.py - Finished saving sample grid to output_shift_fa/acdc_wholeheart_uncond_fa_ec_4moe8_greyscale_uvit_mid_4by4_l8r9_low16_Y_bound/samples/275000.png by DPM-Solver.
2026-03-14 16:01:51,832 - train_greyscale_FA_MoE.py - Save and eval checkpoint 275000...
2026-03-14 16:01:54,642 - train_greyscale_FA_MoE.py - eval_step: n_samples=50000, sample_steps=50, algorithm=dpm_solver, mini_batch_size=500, samples save into output_shift_fa/acdc_wholeheart_uncond_fa_ec_4moe8_greyscale_uvit_mid_4by4_l8r9_low16_Y_bound/samples/acdc_wholeheart_uncond_uvit_FA_EC_4MoE8_greyscale_mid_4by4_low16_275000_dpm
2026-03-14 16:58:10,996 - train_greyscale_FA_MoE.py - step=275000 fid50000=12.551380045781002
2026-03-14 17:05:19,108 - is_lpips.py - LPIPS: 0.5143 ± 0.0494
2026-03-14 17:05:19,113 - train_greyscale_FA_MoE.py - step=275000 LPIPS50000=0.5143210648809674
2026-03-14 17:10:43,377 - train_greyscale_FA_MoE.py - {'step': '275100', 'lr': '0.0002', 'total_loss': '0.00861089', 'main_loss': '0.00861089', 'time_per_step': '2.64831'}
2026-03-14 17:15:15,603 - train_greyscale_FA_MoE.py - {'step': '275200', 'lr': '0.0002', 'total_loss': '0.00573929', 'main_loss': '0.00573929', 'time_per_step': '2.73413'}
2026-03-14 17:19:48,606 - train_greyscale_FA_MoE.py - {'step': '275300', 'lr': '0.0002', 'total_loss': '0.00738737', 'main_loss': '0.00738737', 'time_per_step': '2.62311'}
2026-03-14 17:24:21,104 - train_greyscale_FA_MoE.py - {'step': '275400', 'lr': '0.0002', 'total_loss': '0.00940514', 'main_loss': '0.00940514', 'time_per_step': '2.6572'}
2026-03-14 17:28:54,374 - train_greyscale_FA_MoE.py - {'step': '275500', 'lr': '0.0002', 'total_loss': '0.0111126', 'main_loss': '0.0111126', 'time_per_step': '2.74666'}
2026-03-14 17:33:26,518 - train_greyscale_FA_MoE.py - {'step': '275600', 'lr': '0.0002', 'total_loss': '0.00973295', 'main_loss': '0.00973295', 'time_per_step': '2.63768'}
2026-03-14 17:37:59,141 - train_greyscale_FA_MoE.py - {'step': '275700', 'lr': '0.0002', 'total_loss': '0.0067416', 'main_loss': '0.0067416', 'time_per_step': '2.65492'}
2026-03-14 17:42:32,234 - train_greyscale_FA_MoE.py - {'step': '275800', 'lr': '0.0002', 'total_loss': '0.00993781', 'main_loss': '0.00993781', 'time_per_step': '2.65184'}
2026-03-14 17:47:05,221 - train_greyscale_FA_MoE.py - {'step': '275900', 'lr': '0.0002', 'total_loss': '0.00626028', 'main_loss': '0.00626028', 'time_per_step': '2.5656'}
2026-03-14 17:51:37,774 - train_greyscale_FA_MoE.py - {'step': '276000', 'lr': '0.0002', 'total_loss': '0.00646741', 'main_loss': '0.00646741', 'time_per_step': '2.54944'}
2026-03-14 17:56:11,695 - train_greyscale_FA_MoE.py - {'step': '276100', 'lr': '0.0002', 'total_loss': '0.00831517', 'main_loss': '0.00831517', 'time_per_step': '2.62368'}
2026-03-14 18:00:43,669 - train_greyscale_FA_MoE.py - {'step': '276200', 'lr': '0.0002', 'total_loss': '0.00602727', 'main_loss': '0.00602727', 'time_per_step': '2.63834'}
2026-03-14 18:05:16,149 - train_greyscale_FA_MoE.py - {'step': '276300', 'lr': '0.0002', 'total_loss': '0.00842199', 'main_loss': '0.00842199', 'time_per_step': '2.72118'}
2026-03-14 18:09:49,284 - train_greyscale_FA_MoE.py - {'step': '276400', 'lr': '0.0002', 'total_loss': '0.0118588', 'main_loss': '0.0118588', 'time_per_step': '2.61425'}
2026-03-14 18:14:22,062 - train_greyscale_FA_MoE.py - {'step': '276500', 'lr': '0.0002', 'total_loss': '0.00706367', 'main_loss': '0.00706367', 'time_per_step': '2.64548'}
2026-03-14 18:18:55,173 - train_greyscale_FA_MoE.py - {'step': '276600', 'lr': '0.0002', 'total_loss': '0.00829259', 'main_loss': '0.00829259', 'time_per_step': '2.60604'}
2026-03-14 18:23:28,042 - train_greyscale_FA_MoE.py - {'step': '276700', 'lr': '0.0002', 'total_loss': '0.00859165', 'main_loss': '0.00859165', 'time_per_step': '2.64591'}
2026-03-14 18:28:00,592 - train_greyscale_FA_MoE.py - {'step': '276800', 'lr': '0.0002', 'total_loss': '0.00869616', 'main_loss': '0.00869616', 'time_per_step': '2.63884'}
2026-03-14 18:32:32,847 - train_greyscale_FA_MoE.py - {'step': '276900', 'lr': '0.0002', 'total_loss': '0.00741143', 'main_loss': '0.00741143', 'time_per_step': '2.65582'}
2026-03-14 18:37:05,738 - train_greyscale_FA_MoE.py - {'step': '277000', 'lr': '0.0002', 'total_loss': '0.00829678', 'main_loss': '0.00829678', 'time_per_step': '2.65222'}
2026-03-14 18:41:38,284 - train_greyscale_FA_MoE.py - {'step': '277100', 'lr': '0.0002', 'total_loss': '0.00654914', 'main_loss': '0.00654914', 'time_per_step': '2.56296'}
2026-03-14 18:46:10,043 - train_greyscale_FA_MoE.py - {'step': '277200', 'lr': '0.0002', 'total_loss': '0.00729956', 'main_loss': '0.00729956', 'time_per_step': '2.54602'}
2026-03-14 18:50:43,840 - train_greyscale_FA_MoE.py - {'step': '277300', 'lr': '0.0002', 'total_loss': '0.00862571', 'main_loss': '0.00862571', 'time_per_step': '2.64586'}
2026-03-14 18:55:16,117 - train_greyscale_FA_MoE.py - {'step': '277400', 'lr': '0.0002', 'total_loss': '0.00785979', 'main_loss': '0.00785979', 'time_per_step': '2.72127'}
2026-03-14 18:59:49,102 - train_greyscale_FA_MoE.py - {'step': '277500', 'lr': '0.0002', 'total_loss': '0.00822584', 'main_loss': '0.00822584', 'time_per_step': '2.62859'}
2026-03-14 19:04:21,663 - train_greyscale_FA_MoE.py - {'step': '277600', 'lr': '0.0002', 'total_loss': '0.00611187', 'main_loss': '0.00611187', 'time_per_step': '2.63364'}
2026-03-14 19:08:55,103 - train_greyscale_FA_MoE.py - {'step': '277700', 'lr': '0.0002', 'total_loss': '0.00745079', 'main_loss': '0.00745079', 'time_per_step': '2.60284'}
2026-03-14 19:13:27,752 - train_greyscale_FA_MoE.py - {'step': '277800', 'lr': '0.0002', 'total_loss': '0.00981771', 'main_loss': '0.00981771', 'time_per_step': '2.63908'}
2026-03-14 19:18:00,643 - train_greyscale_FA_MoE.py - {'step': '277900', 'lr': '0.0002', 'total_loss': '0.00737501', 'main_loss': '0.00737501', 'time_per_step': '2.64983'}
2026-03-14 19:22:33,519 - train_greyscale_FA_MoE.py - {'step': '278000', 'lr': '0.0002', 'total_loss': '0.00847029', 'main_loss': '0.00847029', 'time_per_step': '2.64432'}
2026-03-14 19:27:05,580 - train_greyscale_FA_MoE.py - {'step': '278100', 'lr': '0.0002', 'total_loss': '0.0107321', 'main_loss': '0.0107321', 'time_per_step': '2.65359'}
2026-03-14 19:31:38,149 - train_greyscale_FA_MoE.py - {'step': '278200', 'lr': '0.0002', 'total_loss': '0.0112078', 'main_loss': '0.0112078', 'time_per_step': '2.64743'}
2026-03-14 19:36:11,061 - train_greyscale_FA_MoE.py - {'step': '278300', 'lr': '0.0002', 'total_loss': '0.0100879', 'main_loss': '0.0100879', 'time_per_step': '2.56765'}
2026-03-14 19:40:43,083 - train_greyscale_FA_MoE.py - {'step': '278400', 'lr': '0.0002', 'total_loss': '0.0102167', 'main_loss': '0.0102167', 'time_per_step': '2.55508'}
2026-03-14 19:45:16,723 - train_greyscale_FA_MoE.py - {'step': '278500', 'lr': '0.0002', 'total_loss': '0.0105216', 'main_loss': '0.0105216', 'time_per_step': '2.70664'}
2026-03-14 19:49:49,448 - train_greyscale_FA_MoE.py - {'step': '278600', 'lr': '0.0002', 'total_loss': '0.00532471', 'main_loss': '0.00532471', 'time_per_step': '2.62973'}
2026-03-14 19:54:22,407 - train_greyscale_FA_MoE.py - {'step': '278700', 'lr': '0.0002', 'total_loss': '0.0082853', 'main_loss': '0.0082853', 'time_per_step': '2.64325'}
2026-03-14 19:58:54,852 - train_greyscale_FA_MoE.py - {'step': '278800', 'lr': '0.0002', 'total_loss': '0.00970285', 'main_loss': '0.00970285', 'time_per_step': '2.69884'}
2026-03-14 20:03:27,933 - train_greyscale_FA_MoE.py - {'step': '278900', 'lr': '0.0002', 'total_loss': '0.0082586', 'main_loss': '0.0082586', 'time_per_step': '2.64017'}
2026-03-14 20:08:01,027 - train_greyscale_FA_MoE.py - {'step': '279000', 'lr': '0.0002', 'total_loss': '0.00860867', 'main_loss': '0.00860867', 'time_per_step': '2.64283'}
2026-03-14 20:12:33,048 - train_greyscale_FA_MoE.py - {'step': '279100', 'lr': '0.0002', 'total_loss': '0.00702806', 'main_loss': '0.00702806', 'time_per_step': '2.64387'}
2026-03-14 20:17:05,864 - train_greyscale_FA_MoE.py - {'step': '279200', 'lr': '0.0002', 'total_loss': '0.00990866', 'main_loss': '0.00990866', 'time_per_step': '2.64914'}
2026-03-14 20:21:38,378 - train_greyscale_FA_MoE.py - {'step': '279300', 'lr': '0.0002', 'total_loss': '0.00548716', 'main_loss': '0.00548716', 'time_per_step': '2.64244'}
2026-03-14 20:26:11,274 - train_greyscale_FA_MoE.py - {'step': '279400', 'lr': '0.0002', 'total_loss': '0.0089066', 'main_loss': '0.0089066', 'time_per_step': '2.64091'}
2026-03-14 20:30:44,052 - train_greyscale_FA_MoE.py - {'step': '279500', 'lr': '0.0002', 'total_loss': '0.00801438', 'main_loss': '0.00801438', 'time_per_step': '2.56829'}
2026-03-14 20:35:16,603 - train_greyscale_FA_MoE.py - {'step': '279600', 'lr': '0.0002', 'total_loss': '0.00700155', 'main_loss': '0.00700155', 'time_per_step': '2.61521'}
2026-03-14 20:39:50,311 - train_greyscale_FA_MoE.py - {'step': '279700', 'lr': '0.0002', 'total_loss': '0.00885507', 'main_loss': '0.00885507', 'time_per_step': '2.6127'}
2026-03-14 20:44:22,715 - train_greyscale_FA_MoE.py - {'step': '279800', 'lr': '0.0002', 'total_loss': '0.00593494', 'main_loss': '0.00593494', 'time_per_step': '2.63596'}
2026-03-14 20:48:55,372 - train_greyscale_FA_MoE.py - {'step': '279900', 'lr': '0.0002', 'total_loss': '0.00725482', 'main_loss': '0.00725482', 'time_per_step': '2.60446'}
2026-03-14 20:53:27,833 - train_greyscale_FA_MoE.py - {'step': '280000', 'lr': '0.0002', 'total_loss': '0.00719337', 'main_loss': '0.00719337', 'time_per_step': '2.66866'}
2026-03-14 20:57:59,783 - train_greyscale_FA_MoE.py - {'step': '280100', 'lr': '0.0002', 'total_loss': '0.0123602', 'main_loss': '0.0123602', 'time_per_step': '2.64226'}
2026-03-14 21:02:32,987 - train_greyscale_FA_MoE.py - {'step': '280200', 'lr': '0.0002', 'total_loss': '0.0067667', 'main_loss': '0.0067667', 'time_per_step': '2.64953'}
2026-03-14 21:07:05,325 - train_greyscale_FA_MoE.py - {'step': '280300', 'lr': '0.0002', 'total_loss': '0.00755678', 'main_loss': '0.00755678', 'time_per_step': '2.64659'}
2026-03-14 21:11:37,806 - train_greyscale_FA_MoE.py - {'step': '280400', 'lr': '0.0002', 'total_loss': '0.00707705', 'main_loss': '0.00707705', 'time_per_step': '2.64072'}
2026-03-14 21:16:10,722 - train_greyscale_FA_MoE.py - {'step': '280500', 'lr': '0.0002', 'total_loss': '0.00624949', 'main_loss': '0.00624949', 'time_per_step': '2.64144'}
2026-03-14 21:20:43,643 - train_greyscale_FA_MoE.py - {'step': '280600', 'lr': '0.0002', 'total_loss': '0.00866168', 'main_loss': '0.00866168', 'time_per_step': '2.63954'}
2026-03-14 21:25:16,347 - train_greyscale_FA_MoE.py - {'step': '280700', 'lr': '0.0002', 'total_loss': '0.00554861', 'main_loss': '0.00554861', 'time_per_step': '2.60061'}
2026-03-14 21:29:48,659 - train_greyscale_FA_MoE.py - {'step': '280800', 'lr': '0.0002', 'total_loss': '0.0090684', 'main_loss': '0.0090684', 'time_per_step': '2.54835'}
2026-03-14 21:34:22,111 - train_greyscale_FA_MoE.py - {'step': '280900', 'lr': '0.0002', 'total_loss': '0.00846024', 'main_loss': '0.00846024', 'time_per_step': '2.61666'}
2026-03-14 21:38:54,221 - train_greyscale_FA_MoE.py - {'step': '281000', 'lr': '0.0002', 'total_loss': '0.00974384', 'main_loss': '0.00974384', 'time_per_step': '2.76576'}
2026-03-14 21:43:25,842 - train_greyscale_FA_MoE.py - {'step': '281100', 'lr': '0.0002', 'total_loss': '0.00857778', 'main_loss': '0.00857778', 'time_per_step': '2.62548'}
2026-03-14 21:47:58,113 - train_greyscale_FA_MoE.py - {'step': '281200', 'lr': '0.0002', 'total_loss': '0.00924661', 'main_loss': '0.00924661', 'time_per_step': '2.65721'}
2026-03-14 21:52:31,002 - train_greyscale_FA_MoE.py - {'step': '281300', 'lr': '0.0002', 'total_loss': '0.0120376', 'main_loss': '0.0120376', 'time_per_step': '2.62899'}
2026-03-14 21:57:02,960 - train_greyscale_FA_MoE.py - {'step': '281400', 'lr': '0.0002', 'total_loss': '0.00815727', 'main_loss': '0.00815727', 'time_per_step': '2.67625'}
2026-03-14 22:01:35,694 - train_greyscale_FA_MoE.py - {'step': '281500', 'lr': '0.0002', 'total_loss': '0.0128014', 'main_loss': '0.0128014', 'time_per_step': '2.61112'}
2026-03-14 22:06:08,190 - train_greyscale_FA_MoE.py - {'step': '281600', 'lr': '0.0002', 'total_loss': '0.00728205', 'main_loss': '0.00728205', 'time_per_step': '2.60978'}
2026-03-14 22:10:40,819 - train_greyscale_FA_MoE.py - {'step': '281700', 'lr': '0.0002', 'total_loss': '0.0130058', 'main_loss': '0.0130058', 'time_per_step': '2.6258'}
2026-03-14 22:15:13,674 - train_greyscale_FA_MoE.py - {'step': '281800', 'lr': '0.0002', 'total_loss': '0.00745342', 'main_loss': '0.00745342', 'time_per_step': '2.65739'}
2026-03-14 22:19:46,292 - train_greyscale_FA_MoE.py - {'step': '281900', 'lr': '0.0002', 'total_loss': '0.00784783', 'main_loss': '0.00784783', 'time_per_step': '2.60117'}
2026-03-14 22:24:17,978 - train_greyscale_FA_MoE.py - {'step': '282000', 'lr': '0.0002', 'total_loss': '0.00547281', 'main_loss': '0.00547281', 'time_per_step': '2.60514'}
2026-03-14 22:28:51,045 - train_greyscale_FA_MoE.py - {'step': '282100', 'lr': '0.0002', 'total_loss': '0.0100223', 'main_loss': '0.0100223', 'time_per_step': '2.61992'}
2026-03-14 22:33:23,721 - train_greyscale_FA_MoE.py - {'step': '282200', 'lr': '0.0002', 'total_loss': '0.00707951', 'main_loss': '0.00707951', 'time_per_step': '2.64632'}
2026-03-14 22:37:56,147 - train_greyscale_FA_MoE.py - {'step': '282300', 'lr': '0.0002', 'total_loss': '0.00883495', 'main_loss': '0.00883495', 'time_per_step': '2.6423'}
2026-03-14 22:42:27,679 - train_greyscale_FA_MoE.py - {'step': '282400', 'lr': '0.0002', 'total_loss': '0.00560581', 'main_loss': '0.00560581', 'time_per_step': '2.6071'}
2026-03-14 22:47:00,577 - train_greyscale_FA_MoE.py - {'step': '282500', 'lr': '0.0002', 'total_loss': '0.00692839', 'main_loss': '0.00692839', 'time_per_step': '2.60851'}
2026-03-14 22:51:33,094 - train_greyscale_FA_MoE.py - {'step': '282600', 'lr': '0.0002', 'total_loss': '0.00971398', 'main_loss': '0.00971398', 'time_per_step': '2.62562'}
2026-03-14 22:56:05,944 - train_greyscale_FA_MoE.py - {'step': '282700', 'lr': '0.0002', 'total_loss': '0.00580483', 'main_loss': '0.00580483', 'time_per_step': '2.61749'}
2026-03-14 23:00:38,640 - train_greyscale_FA_MoE.py - {'step': '282800', 'lr': '0.0002', 'total_loss': '0.00874878', 'main_loss': '0.00874878', 'time_per_step': '2.61288'}
2026-03-14 23:05:12,177 - train_greyscale_FA_MoE.py - {'step': '282900', 'lr': '0.0002', 'total_loss': '0.0115771', 'main_loss': '0.0115771', 'time_per_step': '2.64862'}
2026-03-14 23:09:44,012 - train_greyscale_FA_MoE.py - {'step': '283000', 'lr': '0.0002', 'total_loss': '0.00472047', 'main_loss': '0.00472047', 'time_per_step': '2.64672'}
2026-03-14 23:14:16,385 - train_greyscale_FA_MoE.py - {'step': '283100', 'lr': '0.0002', 'total_loss': '0.00671271', 'main_loss': '0.00671271', 'time_per_step': '2.59569'}
2026-03-14 23:18:48,908 - train_greyscale_FA_MoE.py - {'step': '283200', 'lr': '0.0002', 'total_loss': '0.00708705', 'main_loss': '0.00708705', 'time_per_step': '2.55023'}
2026-03-14 23:23:21,901 - train_greyscale_FA_MoE.py - {'step': '283300', 'lr': '0.0002', 'total_loss': '0.00731601', 'main_loss': '0.00731601', 'time_per_step': '2.63408'}
2026-03-14 23:27:54,520 - train_greyscale_FA_MoE.py - {'step': '283400', 'lr': '0.0002', 'total_loss': '0.00874992', 'main_loss': '0.00874992', 'time_per_step': '2.73995'}
2026-03-14 23:32:26,188 - train_greyscale_FA_MoE.py - {'step': '283500', 'lr': '0.0002', 'total_loss': '0.00523278', 'main_loss': '0.00523278', 'time_per_step': '2.61329'}
2026-03-14 23:36:58,759 - train_greyscale_FA_MoE.py - {'step': '283600', 'lr': '0.0002', 'total_loss': '0.00556117', 'main_loss': '0.00556117', 'time_per_step': '2.62949'}
2026-03-14 23:41:31,532 - train_greyscale_FA_MoE.py - {'step': '283700', 'lr': '0.0002', 'total_loss': '0.00979151', 'main_loss': '0.00979151', 'time_per_step': '2.65272'}
2026-03-14 23:46:03,251 - train_greyscale_FA_MoE.py - {'step': '283800', 'lr': '0.0002', 'total_loss': '0.00630284', 'main_loss': '0.00630284', 'time_per_step': '2.65861'}
2026-03-14 23:50:35,520 - train_greyscale_FA_MoE.py - {'step': '283900', 'lr': '0.0002', 'total_loss': '0.00723375', 'main_loss': '0.00723375', 'time_per_step': '2.62513'}
2026-03-14 23:55:08,410 - train_greyscale_FA_MoE.py - {'step': '284000', 'lr': '0.0002', 'total_loss': '0.00803334', 'main_loss': '0.00803334', 'time_per_step': '2.61689'}
2026-03-14 23:59:40,616 - train_greyscale_FA_MoE.py - {'step': '284100', 'lr': '0.0002', 'total_loss': '0.00655642', 'main_loss': '0.00655642', 'time_per_step': '2.66301'}
2026-03-15 00:04:14,206 - train_greyscale_FA_MoE.py - {'step': '284200', 'lr': '0.0002', 'total_loss': '0.00758172', 'main_loss': '0.00758172', 'time_per_step': '2.64149'}
2026-03-15 00:08:46,970 - train_greyscale_FA_MoE.py - {'step': '284300', 'lr': '0.0002', 'total_loss': '0.00904327', 'main_loss': '0.00904327', 'time_per_step': '2.61914'}
2026-03-15 00:13:19,140 - train_greyscale_FA_MoE.py - {'step': '284400', 'lr': '0.0002', 'total_loss': '0.00811678', 'main_loss': '0.00811678', 'time_per_step': '2.55226'}
2026-03-15 00:17:52,420 - train_greyscale_FA_MoE.py - {'step': '284500', 'lr': '0.0002', 'total_loss': '0.00712926', 'main_loss': '0.00712926', 'time_per_step': '2.63575'}
2026-03-15 00:22:25,271 - train_greyscale_FA_MoE.py - {'step': '284600', 'lr': '0.0002', 'total_loss': '0.0069514', 'main_loss': '0.0069514', 'time_per_step': '2.64876'}
2026-03-15 00:26:57,878 - train_greyscale_FA_MoE.py - {'step': '284700', 'lr': '0.0002', 'total_loss': '0.00469199', 'main_loss': '0.00469199', 'time_per_step': '2.64759'}
2026-03-15 00:31:30,252 - train_greyscale_FA_MoE.py - {'step': '284800', 'lr': '0.0002', 'total_loss': '0.00882457', 'main_loss': '0.00882457', 'time_per_step': '2.64172'}
2026-03-15 00:36:02,175 - train_greyscale_FA_MoE.py - {'step': '284900', 'lr': '0.0002', 'total_loss': '0.00922535', 'main_loss': '0.00922535', 'time_per_step': '2.6621'}
2026-03-15 00:40:34,698 - train_greyscale_FA_MoE.py - {'step': '285000', 'lr': '0.0002', 'total_loss': '0.00832217', 'main_loss': '0.00832217', 'time_per_step': '2.63248'}
2026-03-15 00:45:07,535 - train_greyscale_FA_MoE.py - {'step': '285100', 'lr': '0.0002', 'total_loss': '0.00871492', 'main_loss': '0.00871492', 'time_per_step': '2.66487'}
2026-03-15 00:49:39,674 - train_greyscale_FA_MoE.py - {'step': '285200', 'lr': '0.0002', 'total_loss': '0.0129876', 'main_loss': '0.0129876', 'time_per_step': '2.64821'}
2026-03-15 00:54:11,411 - train_greyscale_FA_MoE.py - {'step': '285300', 'lr': '0.0002', 'total_loss': '0.00865638', 'main_loss': '0.00865638', 'time_per_step': '2.63937'}
2026-03-15 00:58:44,214 - train_greyscale_FA_MoE.py - {'step': '285400', 'lr': '0.0002', 'total_loss': '0.00540847', 'main_loss': '0.00540847', 'time_per_step': '2.64764'}
2026-03-15 01:03:17,320 - train_greyscale_FA_MoE.py - {'step': '285500', 'lr': '0.0002', 'total_loss': '0.00929314', 'main_loss': '0.00929314', 'time_per_step': '2.60035'}
2026-03-15 01:07:48,863 - train_greyscale_FA_MoE.py - {'step': '285600', 'lr': '0.0002', 'total_loss': '0.0060372', 'main_loss': '0.0060372', 'time_per_step': '2.55781'}
2026-03-15 01:12:23,106 - train_greyscale_FA_MoE.py - {'step': '285700', 'lr': '0.0002', 'total_loss': '0.00678867', 'main_loss': '0.00678867', 'time_per_step': '2.68008'}
2026-03-15 01:16:55,115 - train_greyscale_FA_MoE.py - {'step': '285800', 'lr': '0.0002', 'total_loss': '0.0106987', 'main_loss': '0.0106987', 'time_per_step': '2.62642'}
2026-03-15 01:21:27,064 - train_greyscale_FA_MoE.py - {'step': '285900', 'lr': '0.0002', 'total_loss': '0.0103115', 'main_loss': '0.0103115', 'time_per_step': '2.64172'}
2026-03-15 01:26:00,241 - train_greyscale_FA_MoE.py - {'step': '286000', 'lr': '0.0002', 'total_loss': '0.00698112', 'main_loss': '0.00698112', 'time_per_step': '2.66748'}
2026-03-15 01:30:32,238 - train_greyscale_FA_MoE.py - {'step': '286100', 'lr': '0.0002', 'total_loss': '0.00553512', 'main_loss': '0.00553512', 'time_per_step': '2.65378'}
2026-03-15 01:35:04,864 - train_greyscale_FA_MoE.py - {'step': '286200', 'lr': '0.0002', 'total_loss': '0.0096344', 'main_loss': '0.0096344', 'time_per_step': '2.66006'}
2026-03-15 01:39:37,486 - train_greyscale_FA_MoE.py - {'step': '286300', 'lr': '0.0002', 'total_loss': '0.00887666', 'main_loss': '0.00887666', 'time_per_step': '2.61446'}
2026-03-15 01:44:10,392 - train_greyscale_FA_MoE.py - {'step': '286400', 'lr': '0.0002', 'total_loss': '0.00870409', 'main_loss': '0.00870409', 'time_per_step': '2.64632'}
2026-03-15 01:48:42,818 - train_greyscale_FA_MoE.py - {'step': '286500', 'lr': '0.0002', 'total_loss': '0.0061546', 'main_loss': '0.0061546', 'time_per_step': '2.65392'}
2026-03-15 01:53:15,380 - train_greyscale_FA_MoE.py - {'step': '286600', 'lr': '0.0002', 'total_loss': '0.0075797', 'main_loss': '0.0075797', 'time_per_step': '2.6203'}
2026-03-15 01:57:47,981 - train_greyscale_FA_MoE.py - {'step': '286700', 'lr': '0.0002', 'total_loss': '0.00772974', 'main_loss': '0.00772974', 'time_per_step': '2.59591'}
2026-03-15 02:02:19,318 - train_greyscale_FA_MoE.py - {'step': '286800', 'lr': '0.0002', 'total_loss': '0.0071393', 'main_loss': '0.0071393', 'time_per_step': '2.55'}
2026-03-15 02:06:53,458 - train_greyscale_FA_MoE.py - {'step': '286900', 'lr': '0.0002', 'total_loss': '0.00571175', 'main_loss': '0.00571175', 'time_per_step': '2.6679'}
2026-03-15 02:11:25,569 - train_greyscale_FA_MoE.py - {'step': '287000', 'lr': '0.0002', 'total_loss': '0.00678012', 'main_loss': '0.00678012', 'time_per_step': '2.65358'}
2026-03-15 02:15:57,885 - train_greyscale_FA_MoE.py - {'step': '287100', 'lr': '0.0002', 'total_loss': '0.0087314', 'main_loss': '0.0087314', 'time_per_step': '2.6169'}
2026-03-15 02:20:30,405 - train_greyscale_FA_MoE.py - {'step': '287200', 'lr': '0.0002', 'total_loss': '0.00690918', 'main_loss': '0.00690918', 'time_per_step': '2.61932'}
2026-03-15 02:25:02,753 - train_greyscale_FA_MoE.py - {'step': '287300', 'lr': '0.0002', 'total_loss': '0.00757279', 'main_loss': '0.00757279', 'time_per_step': '2.63557'}
2026-03-15 02:29:35,551 - train_greyscale_FA_MoE.py - {'step': '287400', 'lr': '0.0002', 'total_loss': '0.00901886', 'main_loss': '0.00901886', 'time_per_step': '2.65043'}
2026-03-15 02:34:08,514 - train_greyscale_FA_MoE.py - {'step': '287500', 'lr': '0.0002', 'total_loss': '0.0107182', 'main_loss': '0.0107182', 'time_per_step': '2.65574'}
2026-03-15 02:38:39,340 - train_greyscale_FA_MoE.py - {'step': '287600', 'lr': '0.0002', 'total_loss': '0.00874063', 'main_loss': '0.00874063', 'time_per_step': '2.61587'}
2026-03-15 02:43:11,904 - train_greyscale_FA_MoE.py - {'step': '287700', 'lr': '0.0002', 'total_loss': '0.00547154', 'main_loss': '0.00547154', 'time_per_step': '2.64477'}
2026-03-15 02:47:43,932 - train_greyscale_FA_MoE.py - {'step': '287800', 'lr': '0.0002', 'total_loss': '0.00960537', 'main_loss': '0.00960537', 'time_per_step': '2.64473'}
2026-03-15 02:52:16,730 - train_greyscale_FA_MoE.py - {'step': '287900', 'lr': '0.0002', 'total_loss': '0.00810413', 'main_loss': '0.00810413', 'time_per_step': '2.62495'}
2026-03-15 02:56:48,599 - train_greyscale_FA_MoE.py - {'step': '288000', 'lr': '0.0002', 'total_loss': '0.00711479', 'main_loss': '0.00711479', 'time_per_step': '2.55143'}
2026-03-15 03:01:22,757 - train_greyscale_FA_MoE.py - {'step': '288100', 'lr': '0.0002', 'total_loss': '0.005905', 'main_loss': '0.005905', 'time_per_step': '2.63455'}
2026-03-15 03:05:56,018 - train_greyscale_FA_MoE.py - {'step': '288200', 'lr': '0.0002', 'total_loss': '0.00783789', 'main_loss': '0.00783789', 'time_per_step': '2.64957'}
2026-03-15 03:10:27,887 - train_greyscale_FA_MoE.py - {'step': '288300', 'lr': '0.0002', 'total_loss': '0.0116528', 'main_loss': '0.0116528', 'time_per_step': '2.67209'}
2026-03-15 03:15:00,689 - train_greyscale_FA_MoE.py - {'step': '288400', 'lr': '0.0002', 'total_loss': '0.00945326', 'main_loss': '0.00945326', 'time_per_step': '2.6636'}
2026-03-15 03:19:33,205 - train_greyscale_FA_MoE.py - {'step': '288500', 'lr': '0.0002', 'total_loss': '0.00968111', 'main_loss': '0.00968111', 'time_per_step': '2.66302'}
2026-03-15 03:24:06,386 - train_greyscale_FA_MoE.py - {'step': '288600', 'lr': '0.0002', 'total_loss': '0.00734715', 'main_loss': '0.00734715', 'time_per_step': '2.62347'}
2026-03-15 03:28:38,667 - train_greyscale_FA_MoE.py - {'step': '288700', 'lr': '0.0002', 'total_loss': '0.00763836', 'main_loss': '0.00763836', 'time_per_step': '2.64963'}
2026-03-15 03:33:10,728 - train_greyscale_FA_MoE.py - {'step': '288800', 'lr': '0.0002', 'total_loss': '0.00961516', 'main_loss': '0.00961516', 'time_per_step': '2.64557'}
2026-03-15 03:37:43,515 - train_greyscale_FA_MoE.py - {'step': '288900', 'lr': '0.0002', 'total_loss': '0.00745062', 'main_loss': '0.00745062', 'time_per_step': '2.61977'}
2026-03-15 03:42:15,920 - train_greyscale_FA_MoE.py - {'step': '289000', 'lr': '0.0002', 'total_loss': '0.0106159', 'main_loss': '0.0106159', 'time_per_step': '2.69691'}
2026-03-15 03:46:48,402 - train_greyscale_FA_MoE.py - {'step': '289100', 'lr': '0.0002', 'total_loss': '0.00553687', 'main_loss': '0.00553687', 'time_per_step': '2.53163'}
2026-03-15 03:51:20,945 - train_greyscale_FA_MoE.py - {'step': '289200', 'lr': '0.0002', 'total_loss': '0.0105642', 'main_loss': '0.0105642', 'time_per_step': '2.56313'}
2026-03-15 03:55:54,737 - train_greyscale_FA_MoE.py - {'step': '289300', 'lr': '0.0002', 'total_loss': '0.00833012', 'main_loss': '0.00833012', 'time_per_step': '2.70046'}
2026-03-15 04:00:25,059 - train_greyscale_FA_MoE.py - {'step': '289400', 'lr': '0.0002', 'total_loss': '0.0113865', 'main_loss': '0.0113865', 'time_per_step': '2.59323'}
2026-03-15 04:04:56,619 - train_greyscale_FA_MoE.py - {'step': '289500', 'lr': '0.0002', 'total_loss': '0.00653145', 'main_loss': '0.00653145', 'time_per_step': '2.5894'}
2026-03-15 04:09:26,934 - train_greyscale_FA_MoE.py - {'step': '289600', 'lr': '0.0002', 'total_loss': '0.00828204', 'main_loss': '0.00828204', 'time_per_step': '2.61324'}
2026-03-15 04:13:56,736 - train_greyscale_FA_MoE.py - {'step': '289700', 'lr': '0.0002', 'total_loss': '0.0103975', 'main_loss': '0.0103975', 'time_per_step': '2.61681'}
2026-03-15 04:18:27,564 - train_greyscale_FA_MoE.py - {'step': '289800', 'lr': '0.0002', 'total_loss': '0.0103817', 'main_loss': '0.0103817', 'time_per_step': '2.60579'}
2026-03-15 04:22:57,565 - train_greyscale_FA_MoE.py - {'step': '289900', 'lr': '0.0002', 'total_loss': '0.00583935', 'main_loss': '0.00583935', 'time_per_step': '2.61876'}
2026-03-15 04:27:28,328 - train_greyscale_FA_MoE.py - {'step': '290000', 'lr': '0.0002', 'total_loss': '0.00636371', 'main_loss': '0.00636371', 'time_per_step': '2.62655'}
2026-03-15 04:31:57,940 - train_greyscale_FA_MoE.py - {'step': '290100', 'lr': '0.0002', 'total_loss': '0.00668856', 'main_loss': '0.00668856', 'time_per_step': '2.63044'}
2026-03-15 04:36:28,622 - train_greyscale_FA_MoE.py - {'step': '290200', 'lr': '0.0002', 'total_loss': '0.0123546', 'main_loss': '0.0123546', 'time_per_step': '2.61017'}
2026-03-15 04:40:59,894 - train_greyscale_FA_MoE.py - {'step': '290300', 'lr': '0.0002', 'total_loss': '0.0117989', 'main_loss': '0.0117989', 'time_per_step': '2.53571'}
2026-03-15 04:45:29,707 - train_greyscale_FA_MoE.py - {'step': '290400', 'lr': '0.0002', 'total_loss': '0.00814976', 'main_loss': '0.00814976', 'time_per_step': '2.5305'}
2026-03-15 04:50:01,314 - train_greyscale_FA_MoE.py - {'step': '290500', 'lr': '0.0002', 'total_loss': '0.0093189', 'main_loss': '0.0093189', 'time_per_step': '2.67765'}
2026-03-15 04:54:30,942 - train_greyscale_FA_MoE.py - {'step': '290600', 'lr': '0.0002', 'total_loss': '0.00777471', 'main_loss': '0.00777471', 'time_per_step': '2.60667'}
2026-03-15 04:59:01,738 - train_greyscale_FA_MoE.py - {'step': '290700', 'lr': '0.0002', 'total_loss': '0.00942551', 'main_loss': '0.00942551', 'time_per_step': '2.60487'}
2026-03-15 05:03:32,354 - train_greyscale_FA_MoE.py - {'step': '290800', 'lr': '0.0002', 'total_loss': '0.00485439', 'main_loss': '0.00485439', 'time_per_step': '2.59855'}
2026-03-15 05:08:03,312 - train_greyscale_FA_MoE.py - {'step': '290900', 'lr': '0.0002', 'total_loss': '0.00589501', 'main_loss': '0.00589501', 'time_per_step': '2.62965'}
2026-03-15 05:12:33,611 - train_greyscale_FA_MoE.py - {'step': '291000', 'lr': '0.0002', 'total_loss': '0.00729473', 'main_loss': '0.00729473', 'time_per_step': '2.60206'}
2026-03-15 05:17:04,195 - train_greyscale_FA_MoE.py - {'step': '291100', 'lr': '0.0002', 'total_loss': '0.00882351', 'main_loss': '0.00882351', 'time_per_step': '2.59913'}
2026-03-15 05:21:34,793 - train_greyscale_FA_MoE.py - {'step': '291200', 'lr': '0.0002', 'total_loss': '0.00791352', 'main_loss': '0.00791352', 'time_per_step': '2.61588'}
2026-03-15 05:26:06,077 - train_greyscale_FA_MoE.py - {'step': '291300', 'lr': '0.0002', 'total_loss': '0.00733653', 'main_loss': '0.00733653', 'time_per_step': '2.64363'}
2026-03-15 05:30:38,045 - train_greyscale_FA_MoE.py - {'step': '291400', 'lr': '0.0002', 'total_loss': '0.0101553', 'main_loss': '0.0101553', 'time_per_step': '2.64634'}
2026-03-15 05:35:10,659 - train_greyscale_FA_MoE.py - {'step': '291500', 'lr': '0.0002', 'total_loss': '0.00681272', 'main_loss': '0.00681272', 'time_per_step': '2.56986'}
2026-03-15 05:39:43,054 - train_greyscale_FA_MoE.py - {'step': '291600', 'lr': '0.0002', 'total_loss': '0.00919254', 'main_loss': '0.00919254', 'time_per_step': '2.55752'}
2026-03-15 05:44:16,581 - train_greyscale_FA_MoE.py - {'step': '291700', 'lr': '0.0002', 'total_loss': '0.00697831', 'main_loss': '0.00697831', 'time_per_step': '2.69038'}
2026-03-15 05:48:49,750 - train_greyscale_FA_MoE.py - {'step': '291800', 'lr': '0.0002', 'total_loss': '0.0113508', 'main_loss': '0.0113508', 'time_per_step': '2.67355'}
2026-03-15 05:53:22,580 - train_greyscale_FA_MoE.py - {'step': '291900', 'lr': '0.0002', 'total_loss': '0.00997127', 'main_loss': '0.00997127', 'time_per_step': '2.6538'}
2026-03-15 05:57:55,658 - train_greyscale_FA_MoE.py - {'step': '292000', 'lr': '0.0002', 'total_loss': '0.00578383', 'main_loss': '0.00578383', 'time_per_step': '2.63059'}
2026-03-15 06:02:28,082 - train_greyscale_FA_MoE.py - {'step': '292100', 'lr': '0.0002', 'total_loss': '0.00699571', 'main_loss': '0.00699571', 'time_per_step': '2.65637'}
2026-03-15 06:07:00,554 - train_greyscale_FA_MoE.py - {'step': '292200', 'lr': '0.0002', 'total_loss': '0.0137173', 'main_loss': '0.0137173', 'time_per_step': '2.63695'}
2026-03-15 06:11:33,552 - train_greyscale_FA_MoE.py - {'step': '292300', 'lr': '0.0002', 'total_loss': '0.00748551', 'main_loss': '0.00748551', 'time_per_step': '2.65218'}
2026-03-15 06:16:06,366 - train_greyscale_FA_MoE.py - {'step': '292400', 'lr': '0.0002', 'total_loss': '0.00908669', 'main_loss': '0.00908669', 'time_per_step': '2.6143'}
2026-03-15 06:20:37,536 - train_greyscale_FA_MoE.py - {'step': '292500', 'lr': '0.0002', 'total_loss': '0.00484909', 'main_loss': '0.00484909', 'time_per_step': '2.6219'}
2026-03-15 06:25:10,528 - train_greyscale_FA_MoE.py - {'step': '292600', 'lr': '0.0002', 'total_loss': '0.0103855', 'main_loss': '0.0103855', 'time_per_step': '2.64011'}
2026-03-15 06:29:42,371 - train_greyscale_FA_MoE.py - {'step': '292700', 'lr': '0.0002', 'total_loss': '0.00939111', 'main_loss': '0.00939111', 'time_per_step': '2.56071'}
2026-03-15 06:34:14,571 - train_greyscale_FA_MoE.py - {'step': '292800', 'lr': '0.0002', 'total_loss': '0.00737625', 'main_loss': '0.00737625', 'time_per_step': '2.55032'}
2026-03-15 06:38:47,280 - train_greyscale_FA_MoE.py - {'step': '292900', 'lr': '0.0002', 'total_loss': '0.00678161', 'main_loss': '0.00678161', 'time_per_step': '2.72117'}
2026-03-15 06:43:19,635 - train_greyscale_FA_MoE.py - {'step': '293000', 'lr': '0.0002', 'total_loss': '0.00810267', 'main_loss': '0.00810267', 'time_per_step': '2.64568'}
2026-03-15 06:47:52,421 - train_greyscale_FA_MoE.py - {'step': '293100', 'lr': '0.0002', 'total_loss': '0.00698752', 'main_loss': '0.00698752', 'time_per_step': '2.64831'}
2026-03-15 06:52:25,049 - train_greyscale_FA_MoE.py - {'step': '293200', 'lr': '0.0002', 'total_loss': '0.00825303', 'main_loss': '0.00825303', 'time_per_step': '2.62875'}
2026-03-15 06:56:56,419 - train_greyscale_FA_MoE.py - {'step': '293300', 'lr': '0.0002', 'total_loss': '0.0100989', 'main_loss': '0.0100989', 'time_per_step': '2.65435'}
2026-03-15 07:01:29,066 - train_greyscale_FA_MoE.py - {'step': '293400', 'lr': '0.0002', 'total_loss': '0.00966494', 'main_loss': '0.00966494', 'time_per_step': '2.6375'}
2026-03-15 07:06:01,854 - train_greyscale_FA_MoE.py - {'step': '293500', 'lr': '0.0002', 'total_loss': '0.0109785', 'main_loss': '0.0109785', 'time_per_step': '2.64628'}
2026-03-15 07:10:33,463 - train_greyscale_FA_MoE.py - {'step': '293600', 'lr': '0.0002', 'total_loss': '0.00532251', 'main_loss': '0.00532251', 'time_per_step': '2.60176'}
2026-03-15 07:15:05,235 - train_greyscale_FA_MoE.py - {'step': '293700', 'lr': '0.0002', 'total_loss': '0.011896', 'main_loss': '0.011896', 'time_per_step': '2.64512'}
2026-03-15 07:19:38,288 - train_greyscale_FA_MoE.py - {'step': '293800', 'lr': '0.0002', 'total_loss': '0.00870561', 'main_loss': '0.00870561', 'time_per_step': '2.62161'}
2026-03-15 07:24:10,730 - train_greyscale_FA_MoE.py - {'step': '293900', 'lr': '0.0002', 'total_loss': '0.00858741', 'main_loss': '0.00858741', 'time_per_step': '2.56656'}
2026-03-15 07:28:42,637 - train_greyscale_FA_MoE.py - {'step': '294000', 'lr': '0.0002', 'total_loss': '0.00817562', 'main_loss': '0.00817562', 'time_per_step': '2.53241'}
2026-03-15 07:33:15,988 - train_greyscale_FA_MoE.py - {'step': '294100', 'lr': '0.0002', 'total_loss': '0.00559032', 'main_loss': '0.00559032', 'time_per_step': '2.69909'}
2026-03-15 07:37:48,757 - train_greyscale_FA_MoE.py - {'step': '294200', 'lr': '0.0002', 'total_loss': '0.00956302', 'main_loss': '0.00956302', 'time_per_step': '2.62946'}
2026-03-15 07:42:21,411 - train_greyscale_FA_MoE.py - {'step': '294300', 'lr': '0.0002', 'total_loss': '0.00955037', 'main_loss': '0.00955037', 'time_per_step': '2.65396'}
2026-03-15 07:46:57,001 - train_greyscale_FA_MoE.py - {'step': '294400', 'lr': '0.0002', 'total_loss': '0.00580821', 'main_loss': '0.00580821', 'time_per_step': '2.64332'}
2026-03-15 07:51:30,416 - train_greyscale_FA_MoE.py - {'step': '294500', 'lr': '0.0002', 'total_loss': '0.00896598', 'main_loss': '0.00896598', 'time_per_step': '2.60974'}
2026-03-15 07:56:03,332 - train_greyscale_FA_MoE.py - {'step': '294600', 'lr': '0.0002', 'total_loss': '0.00599463', 'main_loss': '0.00599463', 'time_per_step': '2.68035'}
2026-03-15 08:00:36,195 - train_greyscale_FA_MoE.py - {'step': '294700', 'lr': '0.0002', 'total_loss': '0.00753521', 'main_loss': '0.00753521', 'time_per_step': '2.62086'}
2026-03-15 08:05:14,861 - train_greyscale_FA_MoE.py - {'step': '294800', 'lr': '0.0002', 'total_loss': '0.0076864', 'main_loss': '0.0076864', 'time_per_step': '3.21285'}
2026-03-15 08:10:05,758 - train_greyscale_FA_MoE.py - {'step': '294900', 'lr': '0.0002', 'total_loss': '0.00690429', 'main_loss': '0.00690429', 'time_per_step': '3.67239'}
2026-03-15 08:15:53,005 - train_greyscale_FA_MoE.py - {'step': '295000', 'lr': '0.0002', 'total_loss': '0.00595726', 'main_loss': '0.00595726', 'time_per_step': '3.18026'}
2026-03-15 08:20:27,112 - train_greyscale_FA_MoE.py - {'step': '295100', 'lr': '0.0002', 'total_loss': '0.00762521', 'main_loss': '0.00762521', 'time_per_step': '2.52025'}
2026-03-15 08:25:01,444 - train_greyscale_FA_MoE.py - {'step': '295200', 'lr': '0.0002', 'total_loss': '0.00714712', 'main_loss': '0.00714712', 'time_per_step': '2.53238'}
2026-03-15 08:29:32,671 - train_greyscale_FA_MoE.py - {'step': '295300', 'lr': '0.0002', 'total_loss': '0.00833286', 'main_loss': '0.00833286', 'time_per_step': '2.62351'}
2026-03-15 08:34:03,017 - train_greyscale_FA_MoE.py - {'step': '295400', 'lr': '0.0002', 'total_loss': '0.0105951', 'main_loss': '0.0105951', 'time_per_step': '2.63016'}
2026-03-15 08:38:34,089 - train_greyscale_FA_MoE.py - {'step': '295500', 'lr': '0.0002', 'total_loss': '0.00689094', 'main_loss': '0.00689094', 'time_per_step': '2.64055'}
2026-03-15 08:43:04,497 - train_greyscale_FA_MoE.py - {'step': '295600', 'lr': '0.0002', 'total_loss': '0.00870488', 'main_loss': '0.00870488', 'time_per_step': '2.6445'}
2026-03-15 08:47:34,026 - train_greyscale_FA_MoE.py - {'step': '295700', 'lr': '0.0002', 'total_loss': '0.00697097', 'main_loss': '0.00697097', 'time_per_step': '2.63994'}
2026-03-15 08:52:04,656 - train_greyscale_FA_MoE.py - {'step': '295800', 'lr': '0.0002', 'total_loss': '0.00892026', 'main_loss': '0.00892026', 'time_per_step': '2.66049'}
2026-03-15 08:56:35,138 - train_greyscale_FA_MoE.py - {'step': '295900', 'lr': '0.0002', 'total_loss': '0.011736', 'main_loss': '0.011736', 'time_per_step': '2.63232'}
2026-03-15 09:01:05,224 - train_greyscale_FA_MoE.py - {'step': '296000', 'lr': '0.0002', 'total_loss': '0.0117416', 'main_loss': '0.0117416', 'time_per_step': '2.59123'}
2026-03-15 09:05:37,322 - train_greyscale_FA_MoE.py - {'step': '296100', 'lr': '0.0002', 'total_loss': '0.00903018', 'main_loss': '0.00903018', 'time_per_step': '2.639'}
2026-03-15 09:10:08,440 - train_greyscale_FA_MoE.py - {'step': '296200', 'lr': '0.0002', 'total_loss': '0.00783974', 'main_loss': '0.00783974', 'time_per_step': '2.64454'}
2026-03-15 09:14:39,845 - train_greyscale_FA_MoE.py - {'step': '296300', 'lr': '0.0002', 'total_loss': '0.00703858', 'main_loss': '0.00703858', 'time_per_step': '2.55468'}
2026-03-15 09:19:11,121 - train_greyscale_FA_MoE.py - {'step': '296400', 'lr': '0.0002', 'total_loss': '0.00489075', 'main_loss': '0.00489075', 'time_per_step': '2.53017'}
2026-03-15 09:23:43,325 - train_greyscale_FA_MoE.py - {'step': '296500', 'lr': '0.0002', 'total_loss': '0.0081391', 'main_loss': '0.0081391', 'time_per_step': '2.6098'}
2026-03-15 09:28:13,844 - train_greyscale_FA_MoE.py - {'step': '296600', 'lr': '0.0002', 'total_loss': '0.00925882', 'main_loss': '0.00925882', 'time_per_step': '2.64786'}
2026-03-15 09:32:48,435 - train_greyscale_FA_MoE.py - {'step': '296700', 'lr': '0.0002', 'total_loss': '0.00676344', 'main_loss': '0.00676344', 'time_per_step': '2.64416'}
2026-03-15 09:37:20,393 - train_greyscale_FA_MoE.py - {'step': '296800', 'lr': '0.0002', 'total_loss': '0.00780742', 'main_loss': '0.00780742', 'time_per_step': '2.6176'}
2026-03-15 09:41:52,077 - train_greyscale_FA_MoE.py - {'step': '296900', 'lr': '0.0002', 'total_loss': '0.00730264', 'main_loss': '0.00730264', 'time_per_step': '2.60753'}
2026-03-15 09:46:24,767 - train_greyscale_FA_MoE.py - {'step': '297000', 'lr': '0.0002', 'total_loss': '0.00702885', 'main_loss': '0.00702885', 'time_per_step': '2.63312'}
2026-03-15 09:50:57,449 - train_greyscale_FA_MoE.py - {'step': '297100', 'lr': '0.0002', 'total_loss': '0.00685873', 'main_loss': '0.00685873', 'time_per_step': '2.61226'}
2026-03-15 09:55:29,233 - train_greyscale_FA_MoE.py - {'step': '297200', 'lr': '0.0002', 'total_loss': '0.0111727', 'main_loss': '0.0111727', 'time_per_step': '2.61478'}
2026-03-15 10:00:01,675 - train_greyscale_FA_MoE.py - {'step': '297300', 'lr': '0.0002', 'total_loss': '0.0113247', 'main_loss': '0.0113247', 'time_per_step': '2.63408'}
2026-03-15 10:04:34,349 - train_greyscale_FA_MoE.py - {'step': '297400', 'lr': '0.0002', 'total_loss': '0.00745954', 'main_loss': '0.00745954', 'time_per_step': '2.67053'}
2026-03-15 10:09:05,890 - train_greyscale_FA_MoE.py - {'step': '297500', 'lr': '0.0002', 'total_loss': '0.0107407', 'main_loss': '0.0107407', 'time_per_step': '2.53048'}
2026-03-15 10:13:40,164 - train_greyscale_FA_MoE.py - {'step': '297600', 'lr': '0.0002', 'total_loss': '0.00702315', 'main_loss': '0.00702315', 'time_per_step': '2.54596'}
2026-03-15 10:18:15,342 - train_greyscale_FA_MoE.py - {'step': '297700', 'lr': '0.0002', 'total_loss': '0.00771641', 'main_loss': '0.00771641', 'time_per_step': '2.63525'}
2026-03-15 10:22:49,993 - train_greyscale_FA_MoE.py - {'step': '297800', 'lr': '0.0002', 'total_loss': '0.00568552', 'main_loss': '0.00568552', 'time_per_step': '2.6545'}
2026-03-15 10:27:23,527 - train_greyscale_FA_MoE.py - {'step': '297900', 'lr': '0.0002', 'total_loss': '0.00861206', 'main_loss': '0.00861206', 'time_per_step': '2.62376'}
2026-03-15 10:31:56,431 - train_greyscale_FA_MoE.py - {'step': '298000', 'lr': '0.0002', 'total_loss': '0.00622012', 'main_loss': '0.00622012', 'time_per_step': '2.61019'}
2026-03-15 10:36:28,338 - train_greyscale_FA_MoE.py - {'step': '298100', 'lr': '0.0002', 'total_loss': '0.00738879', 'main_loss': '0.00738879', 'time_per_step': '2.6318'}
2026-03-15 10:41:00,570 - train_greyscale_FA_MoE.py - {'step': '298200', 'lr': '0.0002', 'total_loss': '0.0102877', 'main_loss': '0.0102877', 'time_per_step': '2.60818'}
2026-03-15 10:45:32,570 - train_greyscale_FA_MoE.py - {'step': '298300', 'lr': '0.0002', 'total_loss': '0.0101487', 'main_loss': '0.0101487', 'time_per_step': '2.67001'}
2026-03-15 10:50:03,980 - train_greyscale_FA_MoE.py - {'step': '298400', 'lr': '0.0002', 'total_loss': '0.0150624', 'main_loss': '0.0150624', 'time_per_step': '2.63665'}
2026-03-15 10:54:35,747 - train_greyscale_FA_MoE.py - {'step': '298500', 'lr': '0.0002', 'total_loss': '0.0150817', 'main_loss': '0.0150817', 'time_per_step': '2.61815'}
2026-03-15 10:59:06,568 - train_greyscale_FA_MoE.py - {'step': '298600', 'lr': '0.0002', 'total_loss': '0.0071152', 'main_loss': '0.0071152', 'time_per_step': '2.61172'}
2026-03-15 11:03:38,977 - train_greyscale_FA_MoE.py - {'step': '298700', 'lr': '0.0002', 'total_loss': '0.00910249', 'main_loss': '0.00910249', 'time_per_step': '2.52714'}
2026-03-15 11:08:10,359 - train_greyscale_FA_MoE.py - {'step': '298800', 'lr': '0.0002', 'total_loss': '0.00711835', 'main_loss': '0.00711835', 'time_per_step': '2.54141'}
2026-03-15 11:12:42,431 - train_greyscale_FA_MoE.py - {'step': '298900', 'lr': '0.0002', 'total_loss': '0.00703988', 'main_loss': '0.00703988', 'time_per_step': '2.64034'}
2026-03-15 11:17:14,121 - train_greyscale_FA_MoE.py - {'step': '299000', 'lr': '0.0002', 'total_loss': '0.0109336', 'main_loss': '0.0109336', 'time_per_step': '2.62297'}
2026-03-15 11:21:45,657 - train_greyscale_FA_MoE.py - {'step': '299100', 'lr': '0.0002', 'total_loss': '0.00787904', 'main_loss': '0.00787904', 'time_per_step': '2.70469'}
2026-03-15 11:26:17,260 - train_greyscale_FA_MoE.py - {'step': '299200', 'lr': '0.0002', 'total_loss': '0.00707643', 'main_loss': '0.00707643', 'time_per_step': '2.69644'}
2026-03-15 11:30:48,592 - train_greyscale_FA_MoE.py - {'step': '299300', 'lr': '0.0002', 'total_loss': '0.00802578', 'main_loss': '0.00802578', 'time_per_step': '2.60729'}
2026-03-15 11:35:20,185 - train_greyscale_FA_MoE.py - {'step': '299400', 'lr': '0.0002', 'total_loss': '0.00682602', 'main_loss': '0.00682602', 'time_per_step': '2.6248'}
2026-03-15 11:39:51,079 - train_greyscale_FA_MoE.py - {'step': '299500', 'lr': '0.0002', 'total_loss': '0.0119082', 'main_loss': '0.0119082', 'time_per_step': '2.64546'}
2026-03-15 11:44:22,678 - train_greyscale_FA_MoE.py - {'step': '299600', 'lr': '0.0002', 'total_loss': '0.00519051', 'main_loss': '0.00519051', 'time_per_step': '2.64169'}
2026-03-15 11:48:54,094 - train_greyscale_FA_MoE.py - {'step': '299700', 'lr': '0.0002', 'total_loss': '0.00733623', 'main_loss': '0.00733623', 'time_per_step': '2.72032'}
2026-03-15 11:53:25,445 - train_greyscale_FA_MoE.py - {'step': '299800', 'lr': '0.0002', 'total_loss': '0.00987304', 'main_loss': '0.00987304', 'time_per_step': '2.64896'}
2026-03-15 11:57:57,040 - train_greyscale_FA_MoE.py - {'step': '299900', 'lr': '0.0002', 'total_loss': '0.00990317', 'main_loss': '0.00990317', 'time_per_step': '2.54034'}
2026-03-15 12:02:28,596 - train_greyscale_FA_MoE.py - {'step': '300000', 'lr': '0.0002', 'total_loss': '0.00796299', 'main_loss': '0.00796299', 'time_per_step': '2.54066'}
2026-03-15 12:02:28,615 - train_greyscale_FA_MoE.py - Saved expert distribution of layer in_block_0 to output_shift_fa/acdc_wholeheart_uncond_fa_ec_4moe8_greyscale_uvit_mid_4by4_l8r9_low16_Y_bound/samples/expert_distribution_in_block_0_step300000.npy
2026-03-15 12:02:31,082 - train_greyscale_FA_MoE.py - Saved expert distribution of layer out_block_7 to output_shift_fa/acdc_wholeheart_uncond_fa_ec_4moe8_greyscale_uvit_mid_4by4_l8r9_low16_Y_bound/samples/expert_distribution_out_block_7_step300000.npy
2026-03-15 12:02:33,569 - train_greyscale_FA_MoE.py - Save a grid of 16 samples into output_shift_fa/acdc_wholeheart_uncond_fa_ec_4moe8_greyscale_uvit_mid_4by4_l8r9_low16_Y_bound/samples/300000.png by DPM-Solver
2026-03-15 12:02:39,833 - train_greyscale_FA_MoE.py - Finished saving sample grid to output_shift_fa/acdc_wholeheart_uncond_fa_ec_4moe8_greyscale_uvit_mid_4by4_l8r9_low16_Y_bound/samples/300000.png by DPM-Solver.
2026-03-15 12:02:39,889 - train_greyscale_FA_MoE.py - Save and eval checkpoint 300000...
2026-03-15 12:02:42,697 - train_greyscale_FA_MoE.py - eval_step: n_samples=50000, sample_steps=50, algorithm=dpm_solver, mini_batch_size=500, samples save into output_shift_fa/acdc_wholeheart_uncond_fa_ec_4moe8_greyscale_uvit_mid_4by4_l8r9_low16_Y_bound/samples/acdc_wholeheart_uncond_uvit_FA_EC_4MoE8_greyscale_mid_4by4_low16_300000_dpm
2026-03-15 12:59:08,742 - train_greyscale_FA_MoE.py - step=300000 fid50000=12.16085624728953
2026-03-15 13:05:57,945 - is_lpips.py - LPIPS: 0.5134 ± 0.0497
2026-03-15 13:05:57,950 - train_greyscale_FA_MoE.py - step=300000 LPIPS50000=0.5134277711869186
2026-03-15 13:11:44,953 - train_greyscale_FA_MoE.py - {'step': '300100', 'lr': '0.0002', 'total_loss': '0.0103739', 'main_loss': '0.0103739', 'time_per_step': '2.59239'}
2026-03-15 13:16:15,546 - train_greyscale_FA_MoE.py - {'step': '300200', 'lr': '0.0002', 'total_loss': '0.00724048', 'main_loss': '0.00724048', 'time_per_step': '2.6559'}
2026-03-15 13:20:46,530 - train_greyscale_FA_MoE.py - {'step': '300300', 'lr': '0.0002', 'total_loss': '0.0100107', 'main_loss': '0.0100107', 'time_per_step': '2.69246'}
2026-03-15 13:25:18,168 - train_greyscale_FA_MoE.py - {'step': '300400', 'lr': '0.0002', 'total_loss': '0.0110664', 'main_loss': '0.0110664', 'time_per_step': '2.60795'}
2026-03-15 13:29:49,688 - train_greyscale_FA_MoE.py - {'step': '300500', 'lr': '0.0002', 'total_loss': '0.0106021', 'main_loss': '0.0106021', 'time_per_step': '2.57699'}
2026-03-15 13:34:21,747 - train_greyscale_FA_MoE.py - {'step': '300600', 'lr': '0.0002', 'total_loss': '0.0086432', 'main_loss': '0.0086432', 'time_per_step': '2.60672'}
2026-03-15 13:38:54,045 - train_greyscale_FA_MoE.py - {'step': '300700', 'lr': '0.0002', 'total_loss': '0.0058484', 'main_loss': '0.0058484', 'time_per_step': '2.78875'}
2026-03-15 13:43:25,417 - train_greyscale_FA_MoE.py - {'step': '300800', 'lr': '0.0002', 'total_loss': '0.00628409', 'main_loss': '0.00628409', 'time_per_step': '2.62818'}
2026-03-15 13:47:57,018 - train_greyscale_FA_MoE.py - {'step': '300900', 'lr': '0.0002', 'total_loss': '0.0110055', 'main_loss': '0.0110055', 'time_per_step': '2.58877'}
2026-03-15 13:52:28,686 - train_greyscale_FA_MoE.py - {'step': '301000', 'lr': '0.0002', 'total_loss': '0.00769278', 'main_loss': '0.00769278', 'time_per_step': '2.60151'}
2026-03-15 13:56:59,913 - train_greyscale_FA_MoE.py - {'step': '301100', 'lr': '0.0002', 'total_loss': '0.00784792', 'main_loss': '0.00784792', 'time_per_step': '2.54827'}
2026-03-15 14:01:30,100 - train_greyscale_FA_MoE.py - {'step': '301200', 'lr': '0.0002', 'total_loss': '0.00731096', 'main_loss': '0.00731096', 'time_per_step': '2.54141'}
2026-03-15 14:06:02,789 - train_greyscale_FA_MoE.py - {'step': '301300', 'lr': '0.0002', 'total_loss': '0.0091465', 'main_loss': '0.0091465', 'time_per_step': '2.60636'}
2026-03-15 14:10:34,023 - train_greyscale_FA_MoE.py - {'step': '301400', 'lr': '0.0002', 'total_loss': '0.00704294', 'main_loss': '0.00704294', 'time_per_step': '2.63397'}
2026-03-15 14:15:05,555 - train_greyscale_FA_MoE.py - {'step': '301500', 'lr': '0.0002', 'total_loss': '0.00810745', 'main_loss': '0.00810745', 'time_per_step': '2.61625'}
2026-03-15 14:19:37,441 - train_greyscale_FA_MoE.py - {'step': '301600', 'lr': '0.0002', 'total_loss': '0.0102006', 'main_loss': '0.0102006', 'time_per_step': '2.61859'}
2026-03-15 14:24:08,682 - train_greyscale_FA_MoE.py - {'step': '301700', 'lr': '0.0002', 'total_loss': '0.0103215', 'main_loss': '0.0103215', 'time_per_step': '2.61517'}
2026-03-15 14:28:40,737 - train_greyscale_FA_MoE.py - {'step': '301800', 'lr': '0.0002', 'total_loss': '0.0121545', 'main_loss': '0.0121545', 'time_per_step': '2.61846'}
2026-03-15 14:33:12,137 - train_greyscale_FA_MoE.py - {'step': '301900', 'lr': '0.0002', 'total_loss': '0.0100639', 'main_loss': '0.0100639', 'time_per_step': '2.59925'}
2026-03-15 14:37:43,482 - train_greyscale_FA_MoE.py - {'step': '302000', 'lr': '0.0002', 'total_loss': '0.00777729', 'main_loss': '0.00777729', 'time_per_step': '2.61576'}
2026-03-15 14:42:13,993 - train_greyscale_FA_MoE.py - {'step': '302100', 'lr': '0.0002', 'total_loss': '0.0127231', 'main_loss': '0.0127231', 'time_per_step': '2.59496'}
2026-03-15 14:46:45,991 - train_greyscale_FA_MoE.py - {'step': '302200', 'lr': '0.0002', 'total_loss': '0.00665094', 'main_loss': '0.00665094', 'time_per_step': '2.66879'}
2026-03-15 14:51:17,451 - train_greyscale_FA_MoE.py - {'step': '302300', 'lr': '0.0002', 'total_loss': '0.00856165', 'main_loss': '0.00856165', 'time_per_step': '2.65157'}
2026-03-15 14:55:48,342 - train_greyscale_FA_MoE.py - {'step': '302400', 'lr': '0.0002', 'total_loss': '0.00947478', 'main_loss': '0.00947478', 'time_per_step': '2.54985'}
2026-03-15 15:00:20,654 - train_greyscale_FA_MoE.py - {'step': '302500', 'lr': '0.0002', 'total_loss': '0.0096769', 'main_loss': '0.0096769', 'time_per_step': '2.59496'}
2026-03-15 15:04:51,974 - train_greyscale_FA_MoE.py - {'step': '302600', 'lr': '0.0002', 'total_loss': '0.00662453', 'main_loss': '0.00662453', 'time_per_step': '2.63821'}
2026-03-15 15:09:23,599 - train_greyscale_FA_MoE.py - {'step': '302700', 'lr': '0.0002', 'total_loss': '0.00850965', 'main_loss': '0.00850965', 'time_per_step': '2.59581'}
2026-03-15 15:13:55,113 - train_greyscale_FA_MoE.py - {'step': '302800', 'lr': '0.0002', 'total_loss': '0.00491645', 'main_loss': '0.00491645', 'time_per_step': '2.57165'}
2026-03-15 15:18:26,767 - train_greyscale_FA_MoE.py - {'step': '302900', 'lr': '0.0002', 'total_loss': '0.0108267', 'main_loss': '0.0108267', 'time_per_step': '2.6097'}
2026-03-15 15:22:57,220 - train_greyscale_FA_MoE.py - {'step': '303000', 'lr': '0.0002', 'total_loss': '0.00565511', 'main_loss': '0.00565511', 'time_per_step': '2.58789'}
2026-03-15 15:27:28,740 - train_greyscale_FA_MoE.py - {'step': '303100', 'lr': '0.0002', 'total_loss': '0.00807065', 'main_loss': '0.00807065', 'time_per_step': '2.63042'}
2026-03-15 15:32:00,294 - train_greyscale_FA_MoE.py - {'step': '303200', 'lr': '0.0002', 'total_loss': '0.00852003', 'main_loss': '0.00852003', 'time_per_step': '2.61056'}
2026-03-15 15:36:31,817 - train_greyscale_FA_MoE.py - {'step': '303300', 'lr': '0.0002', 'total_loss': '0.00827618', 'main_loss': '0.00827618', 'time_per_step': '2.59636'}
2026-03-15 15:41:03,090 - train_greyscale_FA_MoE.py - {'step': '303400', 'lr': '0.0002', 'total_loss': '0.0103363', 'main_loss': '0.0103363', 'time_per_step': '2.65191'}
2026-03-15 15:45:34,801 - train_greyscale_FA_MoE.py - {'step': '303500', 'lr': '0.0002', 'total_loss': '0.0088098', 'main_loss': '0.0088098', 'time_per_step': '2.56338'}
2026-03-15 15:50:05,683 - train_greyscale_FA_MoE.py - {'step': '303600', 'lr': '0.0002', 'total_loss': '0.0073525', 'main_loss': '0.0073525', 'time_per_step': '2.53809'}
2026-03-15 15:54:37,847 - train_greyscale_FA_MoE.py - {'step': '303700', 'lr': '0.0002', 'total_loss': '0.00529022', 'main_loss': '0.00529022', 'time_per_step': '2.57952'}
2026-03-15 15:59:09,487 - train_greyscale_FA_MoE.py - {'step': '303800', 'lr': '0.0002', 'total_loss': '0.00690284', 'main_loss': '0.00690284', 'time_per_step': '2.6059'}
2026-03-15 16:03:41,107 - train_greyscale_FA_MoE.py - {'step': '303900', 'lr': '0.0002', 'total_loss': '0.00665161', 'main_loss': '0.00665161', 'time_per_step': '2.61246'}
2026-03-15 16:08:12,123 - train_greyscale_FA_MoE.py - {'step': '304000', 'lr': '0.0002', 'total_loss': '0.00484082', 'main_loss': '0.00484082', 'time_per_step': '2.6084'}
2026-03-15 16:12:43,024 - train_greyscale_FA_MoE.py - {'step': '304100', 'lr': '0.0002', 'total_loss': '0.00575576', 'main_loss': '0.00575576', 'time_per_step': '2.61207'}
2026-03-15 16:17:15,117 - train_greyscale_FA_MoE.py - {'step': '304200', 'lr': '0.0002', 'total_loss': '0.00750708', 'main_loss': '0.00750708', 'time_per_step': '2.6036'}
2026-03-15 16:21:46,067 - train_greyscale_FA_MoE.py - {'step': '304300', 'lr': '0.0002', 'total_loss': '0.00655111', 'main_loss': '0.00655111', 'time_per_step': '2.72132'}
2026-03-15 16:26:17,724 - train_greyscale_FA_MoE.py - {'step': '304400', 'lr': '0.0002', 'total_loss': '0.00894825', 'main_loss': '0.00894825', 'time_per_step': '2.66224'}
2026-03-15 16:30:49,226 - train_greyscale_FA_MoE.py - {'step': '304500', 'lr': '0.0002', 'total_loss': '0.00573383', 'main_loss': '0.00573383', 'time_per_step': '2.59926'}
2026-03-15 16:35:20,728 - train_greyscale_FA_MoE.py - {'step': '304600', 'lr': '0.0002', 'total_loss': '0.0106777', 'main_loss': '0.0106777', 'time_per_step': '2.5766'}
2026-03-15 16:39:52,148 - train_greyscale_FA_MoE.py - {'step': '304700', 'lr': '0.0002', 'total_loss': '0.00758826', 'main_loss': '0.00758826', 'time_per_step': '2.56145'}
2026-03-15 16:44:23,456 - train_greyscale_FA_MoE.py - {'step': '304800', 'lr': '0.0002', 'total_loss': '0.0101952', 'main_loss': '0.0101952', 'time_per_step': '2.52905'}
2026-03-15 16:48:54,814 - train_greyscale_FA_MoE.py - {'step': '304900', 'lr': '0.0002', 'total_loss': '0.00611655', 'main_loss': '0.00611655', 'time_per_step': '2.69352'}
2026-03-15 16:53:27,079 - train_greyscale_FA_MoE.py - {'step': '305000', 'lr': '0.0002', 'total_loss': '0.00725329', 'main_loss': '0.00725329', 'time_per_step': '2.60016'}
2026-03-15 16:57:58,533 - train_greyscale_FA_MoE.py - {'step': '305100', 'lr': '0.0002', 'total_loss': '0.00992406', 'main_loss': '0.00992406', 'time_per_step': '2.63133'}
2026-03-15 17:02:30,134 - train_greyscale_FA_MoE.py - {'step': '305200', 'lr': '0.0002', 'total_loss': '0.00888792', 'main_loss': '0.00888792', 'time_per_step': '2.56962'}
2026-03-15 17:07:01,576 - train_greyscale_FA_MoE.py - {'step': '305300', 'lr': '0.0002', 'total_loss': '0.00982457', 'main_loss': '0.00982457', 'time_per_step': '2.61283'}
2026-03-15 17:11:33,025 - train_greyscale_FA_MoE.py - {'step': '305400', 'lr': '0.0002', 'total_loss': '0.00812539', 'main_loss': '0.00812539', 'time_per_step': '2.61088'}
2026-03-15 17:16:04,727 - train_greyscale_FA_MoE.py - {'step': '305500', 'lr': '0.0002', 'total_loss': '0.00960463', 'main_loss': '0.00960463', 'time_per_step': '2.60122'}
2026-03-15 17:20:35,981 - train_greyscale_FA_MoE.py - {'step': '305600', 'lr': '0.0002', 'total_loss': '0.00791838', 'main_loss': '0.00791838', 'time_per_step': '2.59978'}
2026-03-15 17:25:07,601 - train_greyscale_FA_MoE.py - {'step': '305700', 'lr': '0.0002', 'total_loss': '0.00649074', 'main_loss': '0.00649074', 'time_per_step': '2.60341'}
2026-03-15 17:29:38,092 - train_greyscale_FA_MoE.py - {'step': '305800', 'lr': '0.0002', 'total_loss': '0.00572513', 'main_loss': '0.00572513', 'time_per_step': '2.61154'}
2026-03-15 17:34:10,034 - train_greyscale_FA_MoE.py - {'step': '305900', 'lr': '0.0002', 'total_loss': '0.0081222', 'main_loss': '0.0081222', 'time_per_step': '2.54663'}
2026-03-15 17:38:41,136 - train_greyscale_FA_MoE.py - {'step': '306000', 'lr': '0.0002', 'total_loss': '0.00778195', 'main_loss': '0.00778195', 'time_per_step': '2.54896'}
2026-03-15 17:43:13,912 - train_greyscale_FA_MoE.py - {'step': '306100', 'lr': '0.0002', 'total_loss': '0.0116317', 'main_loss': '0.0116317', 'time_per_step': '2.6078'}
2026-03-15 17:47:45,576 - train_greyscale_FA_MoE.py - {'step': '306200', 'lr': '0.0002', 'total_loss': '0.00824247', 'main_loss': '0.00824247', 'time_per_step': '2.70782'}
2026-03-15 17:52:16,793 - train_greyscale_FA_MoE.py - {'step': '306300', 'lr': '0.0002', 'total_loss': '0.00801643', 'main_loss': '0.00801643', 'time_per_step': '2.69569'}
2026-03-15 17:56:48,472 - train_greyscale_FA_MoE.py - {'step': '306400', 'lr': '0.0002', 'total_loss': '0.00632081', 'main_loss': '0.00632081', 'time_per_step': '2.58126'}
2026-03-15 18:01:20,435 - train_greyscale_FA_MoE.py - {'step': '306500', 'lr': '0.0002', 'total_loss': '0.010562', 'main_loss': '0.010562', 'time_per_step': '2.62076'}
2026-03-15 18:05:54,410 - train_greyscale_FA_MoE.py - {'step': '306600', 'lr': '0.0002', 'total_loss': '0.00741396', 'main_loss': '0.00741396', 'time_per_step': '2.81645'}
2026-03-15 18:10:28,232 - train_greyscale_FA_MoE.py - {'step': '306700', 'lr': '0.0002', 'total_loss': '0.00729159', 'main_loss': '0.00729159', 'time_per_step': '2.67227'}
2026-03-15 18:15:00,593 - train_greyscale_FA_MoE.py - {'step': '306800', 'lr': '0.0002', 'total_loss': '0.00748307', 'main_loss': '0.00748307', 'time_per_step': '2.61375'}
2026-03-15 18:19:34,359 - train_greyscale_FA_MoE.py - {'step': '306900', 'lr': '0.0002', 'total_loss': '0.00846374', 'main_loss': '0.00846374', 'time_per_step': '2.67757'}
2026-03-15 18:24:07,592 - train_greyscale_FA_MoE.py - {'step': '307000', 'lr': '0.0002', 'total_loss': '0.0108068', 'main_loss': '0.0108068', 'time_per_step': '2.66563'}
2026-03-15 18:28:41,638 - train_greyscale_FA_MoE.py - {'step': '307100', 'lr': '0.0002', 'total_loss': '0.00571206', 'main_loss': '0.00571206', 'time_per_step': '2.54547'}
2026-03-15 18:33:14,602 - train_greyscale_FA_MoE.py - {'step': '307200', 'lr': '0.0002', 'total_loss': '0.0111834', 'main_loss': '0.0111834', 'time_per_step': '2.54226'}
2026-03-15 18:37:49,001 - train_greyscale_FA_MoE.py - {'step': '307300', 'lr': '0.0002', 'total_loss': '0.00969811', 'main_loss': '0.00969811', 'time_per_step': '2.64411'}
2026-03-15 18:42:22,804 - train_greyscale_FA_MoE.py - {'step': '307400', 'lr': '0.0002', 'total_loss': '0.00895911', 'main_loss': '0.00895911', 'time_per_step': '2.61042'}
2026-03-15 18:46:56,056 - train_greyscale_FA_MoE.py - {'step': '307500', 'lr': '0.0002', 'total_loss': '0.0108476', 'main_loss': '0.0108476', 'time_per_step': '2.62065'}
2026-03-15 18:51:28,954 - train_greyscale_FA_MoE.py - {'step': '307600', 'lr': '0.0002', 'total_loss': '0.00513381', 'main_loss': '0.00513381', 'time_per_step': '2.63983'}
2026-03-15 18:56:01,881 - train_greyscale_FA_MoE.py - {'step': '307700', 'lr': '0.0002', 'total_loss': '0.00548989', 'main_loss': '0.00548989', 'time_per_step': '2.60487'}
2026-03-15 19:00:33,768 - train_greyscale_FA_MoE.py - {'step': '307800', 'lr': '0.0002', 'total_loss': '0.00491844', 'main_loss': '0.00491844', 'time_per_step': '2.67619'}
2026-03-15 19:04:29,529 - train_greyscale_FA_MoE.py - ckpt_root: output_shift_fa/acdc_wholeheart_uncond_fa_ec_4moe8_greyscale_uvit_mid_4by4_l8r9_low16_Y_bound/ckpts
dataset:
  SNR_scale: 4.0
  Y_bound: !!python/tuple
  - 502.5
  Y_entropy: !!python/tuple
  - 5.883
  - 3.501
  - 3.575
  - 2.418
  - 2.75
  - 2.341
  - 1.479
  - 2.017
  - 2.044
  - 1.453
  - 1.316
  - 1.586
  - 1.365
  - 1.174
  - 1.108
  - 1.0
  Y_max: !!python/tuple
  - 262.0
  - 112.375
  - 125.812
  - 49.0
  - 58.5
  - 46.5
  - 20.344
  - 32.906
  - 33.406
  - 19.953
  - 15.953
  - 22.0
  - 16.984
  - 12.812
  - 11.68
  - 7.461
  Y_mean: !!python/tuple
  - -270.982
  - -0.725
  - 0.44
  - 0.107
  - 0.009
  - 0.154
  - -0.058
  - 0.0
  - -0.008
  - 0.019
  - 0.009
  - -0.012
  - 0.005
  - 0.002
  - 0.004
  - -0.002
  Y_min: !!python/tuple
  - -502.5
  - -119.312
  - -122.375
  - -51.25
  - -58.906
  - -49.5
  - -20.703
  - -32.906
  - -33.094
  - -19.891
  - -15.891
  - -21.75
  - -16.969
  - -12.773
  - -11.648
  - -7.492
  Y_std: !!python/tuple
  - 182.433
  - 32.822
  - 34.997
  - 14.001
  - 17.621
  - 13.189
  - 5.791
  - 9.609
  - 9.805
  - 5.653
  - 4.634
  - 6.503
  - 4.964
  - 3.796
  - 3.44
  - 2.178
  block_sz: 4
  dataset_type: wholeheart
  frequency_aware_tokens: true
  greyscale: true
  low_freqs: 16
  name: acdc_uncond
  num_fa_length: 8
  num_fa_repeats: 9
  num_fa_repeats_x: 3
  num_fa_repeats_y: 3
  path: data/scratch/datasets/ACDC/Unlabeled/Wholeheart
  resolution: 96
  reweight: true
  reweight_dim: -1
  temperature: 0.0
  tokens: 128
  tokenwise_normalization: Y_bound
eval:
  cleanup_samples: true
  eval_start: 400000
  is_batch_size: 32
  lpips_batch_size: 32
  mini_batch_size: 500
  n_samples: 50000
  sample_steps: 100
eval_dir: output/evaluation/FA_EC_l8r9_4by4_low16
lr_scheduler:
  name: customized
  warmup_steps: 5000
mixed_precision: 'no'
name: acdc_wholeheart_uncond_uvit_FA_EC_4MoE8_greyscale_mid_4by4_low16
nnet:
  MoE:
    aux_loss_alpha: 0.0
    depth: 1
    noise_eps: 0.01
    num_experts: 8
    router: topk
    top_k: 4
    type: ecmoe
  depth: 16
  embed_dim: 768
  in_chans: 72
  low_freqs: 16
  mlp_ratio: 4
  mlp_time_embed: true
  name: uvit_greyscale_moe
  num_classes: -1
  num_heads: 12
  qkv_bias: false
  tokens: 128
  use_moe: true
optimizer:
  betas: !!python/tuple
  - 0.99
  - 0.99
  lr: 0.0002
  name: adamw
  weight_decay: 0.03
pred: noise_pred
private:
  accountant: prv
  dp_method: dpsgd
  max_grad_norm: 1.0
  noise_multiplier: 0.5
  secure_mode: false
  target_delta: 1.0e-05
  target_epsilon: 10
  use_dp: false
sample:
  algorithm: euler_maruyama_ode
  mini_batch_size: 500
  n_samples: 50000
  path: data/scratch/samples
  sample_steps: 100
  save_npz: ''
  save_start: 20000
sample_dir: output_shift_fa/acdc_wholeheart_uncond_fa_ec_4moe8_greyscale_uvit_mid_4by4_l8r9_low16_Y_bound/samples
seed: 1234
train:
  batch_size: 512
  eval_interval: 25000
  log_interval: 100
  mode: uncond
  n_steps: 500000
  save_interval: 25000
workdir: output_shift_fa/acdc_wholeheart_uncond_fa_ec_4moe8_greyscale_uvit_mid_4by4_l8r9_low16_Y_bound

2026-03-15 19:05:37,636 - train_greyscale_FA_MoE.py - dataset samples: 25022
2026-03-15 19:05:37,639 - train_greyscale_FA_MoE.py - Using Y_bound for positional token normalization
2026-03-15 19:05:47,396 - utils.py - nnet has 200958792 parameters
2026-03-15 19:05:48,323 - utils.py - resume from output_shift_fa/acdc_wholeheart_uncond_fa_ec_4moe8_greyscale_uvit_mid_4by4_l8r9_low16_Y_bound/ckpts/300000.ckpt
2026-03-15 19:05:48,324 - utils.py - load from output_shift_fa/acdc_wholeheart_uncond_fa_ec_4moe8_greyscale_uvit_mid_4by4_l8r9_low16_Y_bound/ckpts/300000.ckpt
2026-03-15 19:05:51,422 - train_greyscale_FA_MoE.py - using [5.883 3.501 3.575 2.418 2.75  2.341 1.479 2.017 2.044 1.453 1.316 1.586
 1.365 1.174 1.108 1.   ] for loss reweighting
2026-03-15 19:05:51,423 - train_greyscale_FA_MoE.py - Using temperature 0.0 for loss reweighting
2026-03-15 19:05:51,693 - train_greyscale_FA_MoE.py - Start fitting, step=300000, mixed_precision=no
2026-03-15 19:11:50,194 - train_greyscale_FA_MoE.py - {'step': '300100', 'lr': '0.0002', 'total_loss': '0.00782416', 'main_loss': '0.00782416', 'time_per_step': '2.62857'}
2026-03-15 19:16:21,274 - train_greyscale_FA_MoE.py - {'step': '300200', 'lr': '0.0002', 'total_loss': '0.00785008', 'main_loss': '0.00785008', 'time_per_step': '2.62892'}
2026-03-15 19:20:51,979 - train_greyscale_FA_MoE.py - {'step': '300300', 'lr': '0.0002', 'total_loss': '0.00617008', 'main_loss': '0.00617008', 'time_per_step': '2.62576'}
2026-03-15 19:25:23,175 - train_greyscale_FA_MoE.py - {'step': '300400', 'lr': '0.0002', 'total_loss': '0.00648124', 'main_loss': '0.00648124', 'time_per_step': '2.62254'}
2026-03-15 19:29:54,376 - train_greyscale_FA_MoE.py - {'step': '300500', 'lr': '0.0002', 'total_loss': '0.00987739', 'main_loss': '0.00987739', 'time_per_step': '2.62394'}
2026-03-15 19:34:25,551 - train_greyscale_FA_MoE.py - {'step': '300600', 'lr': '0.0002', 'total_loss': '0.0101723', 'main_loss': '0.0101723', 'time_per_step': '2.69732'}
2026-03-15 19:38:56,725 - train_greyscale_FA_MoE.py - {'step': '300700', 'lr': '0.0002', 'total_loss': '0.0100774', 'main_loss': '0.0100774', 'time_per_step': '2.67753'}
2026-03-15 19:43:27,075 - train_greyscale_FA_MoE.py - {'step': '300800', 'lr': '0.0002', 'total_loss': '0.00683153', 'main_loss': '0.00683153', 'time_per_step': '2.70017'}
2026-03-15 19:47:58,335 - train_greyscale_FA_MoE.py - {'step': '300900', 'lr': '0.0002', 'total_loss': '0.0105791', 'main_loss': '0.0105791', 'time_per_step': '2.64485'}
2026-03-15 19:52:29,462 - train_greyscale_FA_MoE.py - {'step': '301000', 'lr': '0.0002', 'total_loss': '0.0066772', 'main_loss': '0.0066772', 'time_per_step': '2.64271'}
2026-03-15 19:57:01,058 - train_greyscale_FA_MoE.py - {'step': '301100', 'lr': '0.0002', 'total_loss': '0.00987318', 'main_loss': '0.00987318', 'time_per_step': '2.58015'}
2026-03-15 20:01:31,043 - train_greyscale_FA_MoE.py - {'step': '301200', 'lr': '0.0002', 'total_loss': '0.00850761', 'main_loss': '0.00850761', 'time_per_step': '2.5341'}
2026-03-15 20:06:02,816 - train_greyscale_FA_MoE.py - {'step': '301300', 'lr': '0.0002', 'total_loss': '0.00871437', 'main_loss': '0.00871437', 'time_per_step': '2.58444'}
2026-03-15 20:10:33,869 - train_greyscale_FA_MoE.py - {'step': '301400', 'lr': '0.0002', 'total_loss': '0.0103612', 'main_loss': '0.0103612', 'time_per_step': '2.61644'}
2026-03-15 20:15:04,796 - train_greyscale_FA_MoE.py - {'step': '301500', 'lr': '0.0002', 'total_loss': '0.00501278', 'main_loss': '0.00501278', 'time_per_step': '2.62084'}
2026-03-15 20:19:35,354 - train_greyscale_FA_MoE.py - {'step': '301600', 'lr': '0.0002', 'total_loss': '0.00489754', 'main_loss': '0.00489754', 'time_per_step': '2.62753'}
2026-03-15 20:24:06,231 - train_greyscale_FA_MoE.py - {'step': '301700', 'lr': '0.0002', 'total_loss': '0.00774917', 'main_loss': '0.00774917', 'time_per_step': '2.61987'}
2026-03-15 20:28:37,042 - train_greyscale_FA_MoE.py - {'step': '301800', 'lr': '0.0002', 'total_loss': '0.0102445', 'main_loss': '0.0102445', 'time_per_step': '2.63109'}
2026-03-15 20:33:08,069 - train_greyscale_FA_MoE.py - {'step': '301900', 'lr': '0.0002', 'total_loss': '0.0117235', 'main_loss': '0.0117235', 'time_per_step': '2.6275'}
2026-03-15 20:37:38,806 - train_greyscale_FA_MoE.py - {'step': '302000', 'lr': '0.0002', 'total_loss': '0.00934015', 'main_loss': '0.00934015', 'time_per_step': '2.61711'}
2026-03-15 20:42:09,085 - train_greyscale_FA_MoE.py - {'step': '302100', 'lr': '0.0002', 'total_loss': '0.00879683', 'main_loss': '0.00879683', 'time_per_step': '2.64055'}
2026-03-15 20:46:39,925 - train_greyscale_FA_MoE.py - {'step': '302200', 'lr': '0.0002', 'total_loss': '0.00949882', 'main_loss': '0.00949882', 'time_per_step': '2.61184'}
2026-03-15 20:51:10,682 - train_greyscale_FA_MoE.py - {'step': '302300', 'lr': '0.0002', 'total_loss': '0.0067592', 'main_loss': '0.0067592', 'time_per_step': '2.56171'}
2026-03-15 20:55:41,031 - train_greyscale_FA_MoE.py - {'step': '302400', 'lr': '0.0002', 'total_loss': '0.00545011', 'main_loss': '0.00545011', 'time_per_step': '2.55654'}
2026-03-15 21:00:12,660 - train_greyscale_FA_MoE.py - {'step': '302500', 'lr': '0.0002', 'total_loss': '0.0105463', 'main_loss': '0.0105463', 'time_per_step': '2.59023'}
2026-03-15 21:04:43,483 - train_greyscale_FA_MoE.py - {'step': '302600', 'lr': '0.0002', 'total_loss': '0.00709431', 'main_loss': '0.00709431', 'time_per_step': '2.62654'}
2026-03-15 21:09:14,060 - train_greyscale_FA_MoE.py - {'step': '302700', 'lr': '0.0002', 'total_loss': '0.00950899', 'main_loss': '0.00950899', 'time_per_step': '2.61904'}
2026-03-15 21:13:44,720 - train_greyscale_FA_MoE.py - {'step': '302800', 'lr': '0.0002', 'total_loss': '0.00790152', 'main_loss': '0.00790152', 'time_per_step': '2.62237'}
2026-03-15 21:18:14,771 - train_greyscale_FA_MoE.py - {'step': '302900', 'lr': '0.0002', 'total_loss': '0.00658254', 'main_loss': '0.00658254', 'time_per_step': '2.62866'}
2026-03-15 21:22:45,000 - train_greyscale_FA_MoE.py - {'step': '303000', 'lr': '0.0002', 'total_loss': '0.0104022', 'main_loss': '0.0104022', 'time_per_step': '2.63438'}
2026-03-15 21:27:15,506 - train_greyscale_FA_MoE.py - {'step': '303100', 'lr': '0.0002', 'total_loss': '0.0118066', 'main_loss': '0.0118066', 'time_per_step': '2.62142'}
2026-03-15 21:31:45,977 - train_greyscale_FA_MoE.py - {'step': '303200', 'lr': '0.0002', 'total_loss': '0.0096556', 'main_loss': '0.0096556', 'time_per_step': '2.6334'}
2026-03-15 21:36:16,569 - train_greyscale_FA_MoE.py - {'step': '303300', 'lr': '0.0002', 'total_loss': '0.00819669', 'main_loss': '0.00819669', 'time_per_step': '2.61022'}
2026-03-15 21:40:47,296 - train_greyscale_FA_MoE.py - {'step': '303400', 'lr': '0.0002', 'total_loss': '0.00906824', 'main_loss': '0.00906824', 'time_per_step': '2.61404'}
2026-03-15 21:45:17,217 - train_greyscale_FA_MoE.py - {'step': '303500', 'lr': '0.0002', 'total_loss': '0.00784995', 'main_loss': '0.00784995', 'time_per_step': '2.55744'}
2026-03-15 21:49:47,444 - train_greyscale_FA_MoE.py - {'step': '303600', 'lr': '0.0002', 'total_loss': '0.00479471', 'main_loss': '0.00479471', 'time_per_step': '2.53904'}
2026-03-15 21:54:17,790 - train_greyscale_FA_MoE.py - {'step': '303700', 'lr': '0.0002', 'total_loss': '0.00542283', 'main_loss': '0.00542283', 'time_per_step': '2.60603'}
2026-03-15 21:58:49,234 - train_greyscale_FA_MoE.py - {'step': '303800', 'lr': '0.0002', 'total_loss': '0.00628432', 'main_loss': '0.00628432', 'time_per_step': '2.64877'}
2026-03-15 22:03:19,068 - train_greyscale_FA_MoE.py - {'step': '303900', 'lr': '0.0002', 'total_loss': '0.0095164', 'main_loss': '0.0095164', 'time_per_step': '2.61169'}
2026-03-15 22:07:50,039 - train_greyscale_FA_MoE.py - {'step': '304000', 'lr': '0.0002', 'total_loss': '0.0098745', 'main_loss': '0.0098745', 'time_per_step': '2.64231'}
2026-03-15 22:12:19,731 - train_greyscale_FA_MoE.py - {'step': '304100', 'lr': '0.0002', 'total_loss': '0.00801678', 'main_loss': '0.00801678', 'time_per_step': '2.63686'}
2026-03-15 22:16:50,285 - train_greyscale_FA_MoE.py - {'step': '304200', 'lr': '0.0002', 'total_loss': '0.0056461', 'main_loss': '0.0056461', 'time_per_step': '2.62194'}
2026-03-15 22:21:20,069 - train_greyscale_FA_MoE.py - {'step': '304300', 'lr': '0.0002', 'total_loss': '0.00883255', 'main_loss': '0.00883255', 'time_per_step': '2.62382'}
2026-03-15 22:25:50,727 - train_greyscale_FA_MoE.py - {'step': '304400', 'lr': '0.0002', 'total_loss': '0.00727925', 'main_loss': '0.00727925', 'time_per_step': '2.64588'}
2026-03-15 22:30:20,556 - train_greyscale_FA_MoE.py - {'step': '304500', 'lr': '0.0002', 'total_loss': '0.00512363', 'main_loss': '0.00512363', 'time_per_step': '2.63255'}
2026-03-15 22:34:50,825 - train_greyscale_FA_MoE.py - {'step': '304600', 'lr': '0.0002', 'total_loss': '0.00892747', 'main_loss': '0.00892747', 'time_per_step': '2.60032'}
2026-03-15 22:39:21,078 - train_greyscale_FA_MoE.py - {'step': '304700', 'lr': '0.0002', 'total_loss': '0.0077942', 'main_loss': '0.0077942', 'time_per_step': '2.56742'}
2026-03-15 22:43:50,399 - train_greyscale_FA_MoE.py - {'step': '304800', 'lr': '0.0002', 'total_loss': '0.0071076', 'main_loss': '0.0071076', 'time_per_step': '2.51773'}
2026-03-15 22:48:21,613 - train_greyscale_FA_MoE.py - {'step': '304900', 'lr': '0.0002', 'total_loss': '0.00656148', 'main_loss': '0.00656148', 'time_per_step': '2.59403'}
2026-03-15 22:52:51,457 - train_greyscale_FA_MoE.py - {'step': '305000', 'lr': '0.0002', 'total_loss': '0.0098449', 'main_loss': '0.0098449', 'time_per_step': '2.61576'}
2026-03-15 22:57:23,456 - train_greyscale_FA_MoE.py - {'step': '305100', 'lr': '0.0002', 'total_loss': '0.00731782', 'main_loss': '0.00731782', 'time_per_step': '2.61264'}
2026-03-15 23:01:54,116 - train_greyscale_FA_MoE.py - {'step': '305200', 'lr': '0.0002', 'total_loss': '0.00768499', 'main_loss': '0.00768499', 'time_per_step': '2.60617'}
2026-03-15 23:06:25,717 - train_greyscale_FA_MoE.py - {'step': '305300', 'lr': '0.0002', 'total_loss': '0.00627592', 'main_loss': '0.00627592', 'time_per_step': '2.69699'}
2026-03-15 23:10:55,498 - train_greyscale_FA_MoE.py - {'step': '305400', 'lr': '0.0002', 'total_loss': '0.00540077', 'main_loss': '0.00540077', 'time_per_step': '2.67338'}
2026-03-15 23:15:25,967 - train_greyscale_FA_MoE.py - {'step': '305500', 'lr': '0.0002', 'total_loss': '0.00747314', 'main_loss': '0.00747314', 'time_per_step': '2.70896'}
2026-03-15 23:19:56,064 - train_greyscale_FA_MoE.py - {'step': '305600', 'lr': '0.0002', 'total_loss': '0.0110778', 'main_loss': '0.0110778', 'time_per_step': '2.69364'}
2026-03-15 23:24:25,408 - train_greyscale_FA_MoE.py - {'step': '305700', 'lr': '0.0002', 'total_loss': '0.0108934', 'main_loss': '0.0108934', 'time_per_step': '2.70085'}
2026-03-15 23:28:55,841 - train_greyscale_FA_MoE.py - {'step': '305800', 'lr': '0.0002', 'total_loss': '0.00567274', 'main_loss': '0.00567274', 'time_per_step': '2.70289'}
2026-03-15 23:33:25,712 - train_greyscale_FA_MoE.py - {'step': '305900', 'lr': '0.0002', 'total_loss': '0.00877966', 'main_loss': '0.00877966', 'time_per_step': '2.59138'}
2026-03-15 23:37:55,604 - train_greyscale_FA_MoE.py - {'step': '306000', 'lr': '0.0002', 'total_loss': '0.0103716', 'main_loss': '0.0103716', 'time_per_step': '2.57824'}
2026-03-15 23:42:26,508 - train_greyscale_FA_MoE.py - {'step': '306100', 'lr': '0.0002', 'total_loss': '0.00703126', 'main_loss': '0.00703126', 'time_per_step': '2.65144'}
2026-03-15 23:46:56,698 - train_greyscale_FA_MoE.py - {'step': '306200', 'lr': '0.0002', 'total_loss': '0.010395', 'main_loss': '0.010395', 'time_per_step': '2.70463'}
2026-03-15 23:51:26,917 - train_greyscale_FA_MoE.py - {'step': '306300', 'lr': '0.0002', 'total_loss': '0.00726516', 'main_loss': '0.00726516', 'time_per_step': '2.67939'}
2026-03-15 23:55:56,399 - train_greyscale_FA_MoE.py - {'step': '306400', 'lr': '0.0002', 'total_loss': '0.00761384', 'main_loss': '0.00761384', 'time_per_step': '2.67774'}
2026-03-16 00:00:27,121 - train_greyscale_FA_MoE.py - {'step': '306500', 'lr': '0.0002', 'total_loss': '0.0069381', 'main_loss': '0.0069381', 'time_per_step': '2.6991'}
2026-03-16 00:04:56,867 - train_greyscale_FA_MoE.py - {'step': '306600', 'lr': '0.0002', 'total_loss': '0.00744721', 'main_loss': '0.00744721', 'time_per_step': '2.72791'}
2026-03-16 00:09:26,401 - train_greyscale_FA_MoE.py - {'step': '306700', 'lr': '0.0002', 'total_loss': '0.00571919', 'main_loss': '0.00571919', 'time_per_step': '2.72568'}
2026-03-16 00:13:56,824 - train_greyscale_FA_MoE.py - {'step': '306800', 'lr': '0.0002', 'total_loss': '0.00924372', 'main_loss': '0.00924372', 'time_per_step': '2.69569'}
2026-03-16 00:18:27,423 - train_greyscale_FA_MoE.py - {'step': '306900', 'lr': '0.0002', 'total_loss': '0.00849674', 'main_loss': '0.00849674', 'time_per_step': '2.77829'}
2026-03-16 00:22:57,211 - train_greyscale_FA_MoE.py - {'step': '307000', 'lr': '0.0002', 'total_loss': '0.00649826', 'main_loss': '0.00649826', 'time_per_step': '2.70628'}
2026-03-16 00:27:27,691 - train_greyscale_FA_MoE.py - {'step': '307100', 'lr': '0.0002', 'total_loss': '0.0088939', 'main_loss': '0.0088939', 'time_per_step': '2.69859'}
2026-03-16 00:31:57,357 - train_greyscale_FA_MoE.py - {'step': '307200', 'lr': '0.0002', 'total_loss': '0.00996515', 'main_loss': '0.00996515', 'time_per_step': '2.53277'}
2026-03-16 00:36:28,235 - train_greyscale_FA_MoE.py - {'step': '307300', 'lr': '0.0002', 'total_loss': '0.00718352', 'main_loss': '0.00718352', 'time_per_step': '2.7309'}
2026-03-16 00:40:58,582 - train_greyscale_FA_MoE.py - {'step': '307400', 'lr': '0.0002', 'total_loss': '0.00678361', 'main_loss': '0.00678361', 'time_per_step': '2.5928'}
2026-03-16 00:45:28,029 - train_greyscale_FA_MoE.py - {'step': '307500', 'lr': '0.0002', 'total_loss': '0.00787923', 'main_loss': '0.00787923', 'time_per_step': '2.72366'}
2026-03-16 00:49:58,471 - train_greyscale_FA_MoE.py - {'step': '307600', 'lr': '0.0002', 'total_loss': '0.00933044', 'main_loss': '0.00933044', 'time_per_step': '2.59764'}
2026-03-16 00:54:28,532 - train_greyscale_FA_MoE.py - {'step': '307700', 'lr': '0.0002', 'total_loss': '0.00709997', 'main_loss': '0.00709997', 'time_per_step': '2.69751'}
2026-03-16 00:58:58,169 - train_greyscale_FA_MoE.py - {'step': '307800', 'lr': '0.0002', 'total_loss': '0.00572787', 'main_loss': '0.00572787', 'time_per_step': '2.60948'}
2026-03-16 01:03:28,564 - train_greyscale_FA_MoE.py - {'step': '307900', 'lr': '0.0002', 'total_loss': '0.00818484', 'main_loss': '0.00818484', 'time_per_step': '2.71039'}
2026-03-16 01:07:58,160 - train_greyscale_FA_MoE.py - {'step': '308000', 'lr': '0.0002', 'total_loss': '0.00721664', 'main_loss': '0.00721664', 'time_per_step': '2.60564'}
2026-03-16 01:12:28,322 - train_greyscale_FA_MoE.py - {'step': '308100', 'lr': '0.0002', 'total_loss': '0.0109024', 'main_loss': '0.0109024', 'time_per_step': '2.77061'}
2026-03-16 01:16:58,501 - train_greyscale_FA_MoE.py - {'step': '308200', 'lr': '0.0002', 'total_loss': '0.00741697', 'main_loss': '0.00741697', 'time_per_step': '2.60858'}
2026-03-16 01:21:28,933 - train_greyscale_FA_MoE.py - {'step': '308300', 'lr': '0.0002', 'total_loss': '0.00854859', 'main_loss': '0.00854859', 'time_per_step': '2.53279'}
2026-03-16 01:25:58,010 - train_greyscale_FA_MoE.py - {'step': '308400', 'lr': '0.0002', 'total_loss': '0.00904577', 'main_loss': '0.00904577', 'time_per_step': '2.53262'}
2026-03-16 01:30:28,880 - train_greyscale_FA_MoE.py - {'step': '308500', 'lr': '0.0002', 'total_loss': '0.0061847', 'main_loss': '0.0061847', 'time_per_step': '2.59003'}
2026-03-16 01:34:58,902 - train_greyscale_FA_MoE.py - {'step': '308600', 'lr': '0.0002', 'total_loss': '0.00681766', 'main_loss': '0.00681766', 'time_per_step': '2.58725'}
2026-03-16 01:39:29,145 - train_greyscale_FA_MoE.py - {'step': '308700', 'lr': '0.0002', 'total_loss': '0.00946808', 'main_loss': '0.00946808', 'time_per_step': '2.6223'}
2026-03-16 01:43:59,399 - train_greyscale_FA_MoE.py - {'step': '308800', 'lr': '0.0002', 'total_loss': '0.0115528', 'main_loss': '0.0115528', 'time_per_step': '2.58221'}
2026-03-16 01:48:29,908 - train_greyscale_FA_MoE.py - {'step': '308900', 'lr': '0.0002', 'total_loss': '0.0084919', 'main_loss': '0.0084919', 'time_per_step': '2.58982'}
2026-03-16 01:53:00,170 - train_greyscale_FA_MoE.py - {'step': '309000', 'lr': '0.0002', 'total_loss': '0.0101135', 'main_loss': '0.0101135', 'time_per_step': '2.62007'}
2026-03-16 01:57:31,335 - train_greyscale_FA_MoE.py - {'step': '309100', 'lr': '0.0002', 'total_loss': '0.00956366', 'main_loss': '0.00956366', 'time_per_step': '2.6028'}
2026-03-16 02:02:02,105 - train_greyscale_FA_MoE.py - {'step': '309200', 'lr': '0.0002', 'total_loss': '0.0104703', 'main_loss': '0.0104703', 'time_per_step': '2.60961'}
2026-03-16 02:06:32,735 - train_greyscale_FA_MoE.py - {'step': '309300', 'lr': '0.0002', 'total_loss': '0.0128346', 'main_loss': '0.0128346', 'time_per_step': '2.64381'}
2026-03-16 02:11:03,109 - train_greyscale_FA_MoE.py - {'step': '309400', 'lr': '0.0002', 'total_loss': '0.00666089', 'main_loss': '0.00666089', 'time_per_step': '2.62044'}
2026-03-16 02:15:33,023 - train_greyscale_FA_MoE.py - {'step': '309500', 'lr': '0.0002', 'total_loss': '0.00919663', 'main_loss': '0.00919663', 'time_per_step': '2.54543'}
2026-03-16 02:20:02,996 - train_greyscale_FA_MoE.py - {'step': '309600', 'lr': '0.0002', 'total_loss': '0.00952819', 'main_loss': '0.00952819', 'time_per_step': '2.53251'}
2026-03-16 02:24:33,204 - train_greyscale_FA_MoE.py - {'step': '309700', 'lr': '0.0002', 'total_loss': '0.0113014', 'main_loss': '0.0113014', 'time_per_step': '2.62061'}
2026-03-16 02:29:03,219 - train_greyscale_FA_MoE.py - {'step': '309800', 'lr': '0.0002', 'total_loss': '0.00857673', 'main_loss': '0.00857673', 'time_per_step': '2.61456'}
2026-03-16 02:33:33,472 - train_greyscale_FA_MoE.py - {'step': '309900', 'lr': '0.0002', 'total_loss': '0.00935401', 'main_loss': '0.00935401', 'time_per_step': '2.63257'}
2026-03-16 02:38:03,004 - train_greyscale_FA_MoE.py - {'step': '310000', 'lr': '0.0002', 'total_loss': '0.00705513', 'main_loss': '0.00705513', 'time_per_step': '2.61829'}
2026-03-16 02:42:33,694 - train_greyscale_FA_MoE.py - {'step': '310100', 'lr': '0.0002', 'total_loss': '0.00650028', 'main_loss': '0.00650028', 'time_per_step': '2.63394'}
2026-03-16 02:47:02,997 - train_greyscale_FA_MoE.py - {'step': '310200', 'lr': '0.0002', 'total_loss': '0.00538643', 'main_loss': '0.00538643', 'time_per_step': '2.62075'}
2026-03-16 02:51:32,514 - train_greyscale_FA_MoE.py - {'step': '310300', 'lr': '0.0002', 'total_loss': '0.00693375', 'main_loss': '0.00693375', 'time_per_step': '2.63749'}
2026-03-16 02:56:03,402 - train_greyscale_FA_MoE.py - {'step': '310400', 'lr': '0.0002', 'total_loss': '0.00619917', 'main_loss': '0.00619917', 'time_per_step': '2.59824'}
2026-03-16 03:00:34,327 - train_greyscale_FA_MoE.py - {'step': '310500', 'lr': '0.0002', 'total_loss': '0.00506668', 'main_loss': '0.00506668', 'time_per_step': '2.62258'}
2026-03-16 03:05:04,450 - train_greyscale_FA_MoE.py - {'step': '310600', 'lr': '0.0002', 'total_loss': '0.00602285', 'main_loss': '0.00602285', 'time_per_step': '2.62646'}
2026-03-16 03:09:34,066 - train_greyscale_FA_MoE.py - {'step': '310700', 'lr': '0.0002', 'total_loss': '0.00980258', 'main_loss': '0.00980258', 'time_per_step': '2.55973'}
2026-03-16 03:14:03,732 - train_greyscale_FA_MoE.py - {'step': '310800', 'lr': '0.0002', 'total_loss': '0.0106549', 'main_loss': '0.0106549', 'time_per_step': '2.53517'}
2026-03-16 03:18:34,490 - train_greyscale_FA_MoE.py - {'step': '310900', 'lr': '0.0002', 'total_loss': '0.00827737', 'main_loss': '0.00827737', 'time_per_step': '2.61793'}
2026-03-16 03:23:04,090 - train_greyscale_FA_MoE.py - {'step': '311000', 'lr': '0.0002', 'total_loss': '0.00589108', 'main_loss': '0.00589108', 'time_per_step': '2.60888'}
2026-03-16 03:27:33,636 - train_greyscale_FA_MoE.py - {'step': '311100', 'lr': '0.0002', 'total_loss': '0.00781266', 'main_loss': '0.00781266', 'time_per_step': '2.62075'}
2026-03-16 03:32:03,946 - train_greyscale_FA_MoE.py - {'step': '311200', 'lr': '0.0002', 'total_loss': '0.00803218', 'main_loss': '0.00803218', 'time_per_step': '2.6211'}
2026-03-16 03:36:33,635 - train_greyscale_FA_MoE.py - {'step': '311300', 'lr': '0.0002', 'total_loss': '0.00700879', 'main_loss': '0.00700879', 'time_per_step': '2.61025'}
2026-03-16 03:41:03,723 - train_greyscale_FA_MoE.py - {'step': '311400', 'lr': '0.0002', 'total_loss': '0.00833619', 'main_loss': '0.00833619', 'time_per_step': '2.61742'}
2026-03-16 03:45:33,917 - train_greyscale_FA_MoE.py - {'step': '311500', 'lr': '0.0002', 'total_loss': '0.00591746', 'main_loss': '0.00591746', 'time_per_step': '2.61034'}
2026-03-16 03:50:03,306 - train_greyscale_FA_MoE.py - {'step': '311600', 'lr': '0.0002', 'total_loss': '0.00802585', 'main_loss': '0.00802585', 'time_per_step': '2.62393'}
2026-03-16 03:54:33,849 - train_greyscale_FA_MoE.py - {'step': '311700', 'lr': '0.0002', 'total_loss': '0.00913041', 'main_loss': '0.00913041', 'time_per_step': '2.60598'}
2026-03-16 03:59:03,881 - train_greyscale_FA_MoE.py - {'step': '311800', 'lr': '0.0002', 'total_loss': '0.00909527', 'main_loss': '0.00909527', 'time_per_step': '2.61869'}
2026-03-16 04:03:34,188 - train_greyscale_FA_MoE.py - {'step': '311900', 'lr': '0.0002', 'total_loss': '0.00661877', 'main_loss': '0.00661877', 'time_per_step': '2.53788'}
2026-03-16 04:08:03,115 - train_greyscale_FA_MoE.py - {'step': '312000', 'lr': '0.0002', 'total_loss': '0.0106358', 'main_loss': '0.0106358', 'time_per_step': '2.53283'}
2026-03-16 04:12:34,282 - train_greyscale_FA_MoE.py - {'step': '312100', 'lr': '0.0002', 'total_loss': '0.00865601', 'main_loss': '0.00865601', 'time_per_step': '2.60632'}
2026-03-16 04:17:04,402 - train_greyscale_FA_MoE.py - {'step': '312200', 'lr': '0.0002', 'total_loss': '0.00747536', 'main_loss': '0.00747536', 'time_per_step': '2.61397'}
2026-03-16 04:21:34,718 - train_greyscale_FA_MoE.py - {'step': '312300', 'lr': '0.0002', 'total_loss': '0.00707777', 'main_loss': '0.00707777', 'time_per_step': '2.61592'}
2026-03-16 04:26:04,941 - train_greyscale_FA_MoE.py - {'step': '312400', 'lr': '0.0002', 'total_loss': '0.00833947', 'main_loss': '0.00833947', 'time_per_step': '2.60973'}
2026-03-16 04:30:36,010 - train_greyscale_FA_MoE.py - {'step': '312500', 'lr': '0.0002', 'total_loss': '0.00907099', 'main_loss': '0.00907099', 'time_per_step': '2.61914'}
2026-03-16 04:35:05,380 - train_greyscale_FA_MoE.py - {'step': '312600', 'lr': '0.0002', 'total_loss': '0.00721337', 'main_loss': '0.00721337', 'time_per_step': '2.62102'}
2026-03-16 04:39:35,542 - train_greyscale_FA_MoE.py - {'step': '312700', 'lr': '0.0002', 'total_loss': '0.00902711', 'main_loss': '0.00902711', 'time_per_step': '2.60305'}
2026-03-16 04:44:05,562 - train_greyscale_FA_MoE.py - {'step': '312800', 'lr': '0.0002', 'total_loss': '0.00897258', 'main_loss': '0.00897258', 'time_per_step': '2.60888'}
2026-03-16 04:48:34,649 - train_greyscale_FA_MoE.py - {'step': '312900', 'lr': '0.0002', 'total_loss': '0.00586873', 'main_loss': '0.00586873', 'time_per_step': '2.61304'}
2026-03-16 04:53:04,280 - train_greyscale_FA_MoE.py - {'step': '313000', 'lr': '0.0002', 'total_loss': '0.00928105', 'main_loss': '0.00928105', 'time_per_step': '2.61739'}
2026-03-16 04:57:34,529 - train_greyscale_FA_MoE.py - {'step': '313100', 'lr': '0.0002', 'total_loss': '0.00958934', 'main_loss': '0.00958934', 'time_per_step': '2.55124'}
2026-03-16 05:02:04,425 - train_greyscale_FA_MoE.py - {'step': '313200', 'lr': '0.0002', 'total_loss': '0.0106214', 'main_loss': '0.0106214', 'time_per_step': '2.53304'}
2026-03-16 05:06:35,077 - train_greyscale_FA_MoE.py - {'step': '313300', 'lr': '0.0002', 'total_loss': '0.0112816', 'main_loss': '0.0112816', 'time_per_step': '2.63054'}
2026-03-16 05:11:05,643 - train_greyscale_FA_MoE.py - {'step': '313400', 'lr': '0.0002', 'total_loss': '0.00999234', 'main_loss': '0.00999234', 'time_per_step': '2.60899'}
2026-03-16 05:15:36,245 - train_greyscale_FA_MoE.py - {'step': '313500', 'lr': '0.0002', 'total_loss': '0.00690926', 'main_loss': '0.00690926', 'time_per_step': '2.62202'}
2026-03-16 05:20:06,495 - train_greyscale_FA_MoE.py - {'step': '313600', 'lr': '0.0002', 'total_loss': '0.0129814', 'main_loss': '0.0129814', 'time_per_step': '2.60784'}
2026-03-16 05:24:36,633 - train_greyscale_FA_MoE.py - {'step': '313700', 'lr': '0.0002', 'total_loss': '0.00858379', 'main_loss': '0.00858379', 'time_per_step': '2.61627'}
2026-03-16 05:29:05,837 - train_greyscale_FA_MoE.py - {'step': '313800', 'lr': '0.0002', 'total_loss': '0.00772082', 'main_loss': '0.00772082', 'time_per_step': '2.59751'}
2026-03-16 05:33:36,253 - train_greyscale_FA_MoE.py - {'step': '313900', 'lr': '0.0002', 'total_loss': '0.00619585', 'main_loss': '0.00619585', 'time_per_step': '2.60156'}
2026-03-16 05:38:05,646 - train_greyscale_FA_MoE.py - {'step': '314000', 'lr': '0.0002', 'total_loss': '0.00971859', 'main_loss': '0.00971859', 'time_per_step': '2.61344'}
2026-03-16 05:42:35,818 - train_greyscale_FA_MoE.py - {'step': '314100', 'lr': '0.0002', 'total_loss': '0.0109377', 'main_loss': '0.0109377', 'time_per_step': '2.61715'}
2026-03-16 05:47:05,837 - train_greyscale_FA_MoE.py - {'step': '314200', 'lr': '0.0002', 'total_loss': '0.00803324', 'main_loss': '0.00803324', 'time_per_step': '2.59547'}
2026-03-16 05:51:35,376 - train_greyscale_FA_MoE.py - {'step': '314300', 'lr': '0.0002', 'total_loss': '0.00914001', 'main_loss': '0.00914001', 'time_per_step': '2.54128'}
2026-03-16 05:56:05,512 - train_greyscale_FA_MoE.py - {'step': '314400', 'lr': '0.0002', 'total_loss': '0.00545711', 'main_loss': '0.00545711', 'time_per_step': '2.53412'}
2026-03-16 06:00:37,035 - train_greyscale_FA_MoE.py - {'step': '314500', 'lr': '0.0002', 'total_loss': '0.0109494', 'main_loss': '0.0109494', 'time_per_step': '2.62158'}
2026-03-16 06:05:07,189 - train_greyscale_FA_MoE.py - {'step': '314600', 'lr': '0.0002', 'total_loss': '0.00715741', 'main_loss': '0.00715741', 'time_per_step': '2.62418'}
2026-03-16 06:09:37,399 - train_greyscale_FA_MoE.py - {'step': '314700', 'lr': '0.0002', 'total_loss': '0.00739084', 'main_loss': '0.00739084', 'time_per_step': '2.65765'}
2026-03-16 06:14:07,443 - train_greyscale_FA_MoE.py - {'step': '314800', 'lr': '0.0002', 'total_loss': '0.00621341', 'main_loss': '0.00621341', 'time_per_step': '2.61454'}
2026-03-16 06:18:37,203 - train_greyscale_FA_MoE.py - {'step': '314900', 'lr': '0.0002', 'total_loss': '0.00623', 'main_loss': '0.00623', 'time_per_step': '2.62377'}
2026-03-16 06:23:07,390 - train_greyscale_FA_MoE.py - {'step': '315000', 'lr': '0.0002', 'total_loss': '0.0101642', 'main_loss': '0.0101642', 'time_per_step': '2.62082'}
2026-03-16 06:27:37,627 - train_greyscale_FA_MoE.py - {'step': '315100', 'lr': '0.0002', 'total_loss': '0.00724705', 'main_loss': '0.00724705', 'time_per_step': '2.62911'}
2026-03-16 06:32:07,629 - train_greyscale_FA_MoE.py - {'step': '315200', 'lr': '0.0002', 'total_loss': '0.0047675', 'main_loss': '0.0047675', 'time_per_step': '2.61812'}
2026-03-16 06:36:37,926 - train_greyscale_FA_MoE.py - {'step': '315300', 'lr': '0.0002', 'total_loss': '0.0062717', 'main_loss': '0.0062717', 'time_per_step': '2.61273'}
2026-03-16 06:41:07,430 - train_greyscale_FA_MoE.py - {'step': '315400', 'lr': '0.0002', 'total_loss': '0.0101472', 'main_loss': '0.0101472', 'time_per_step': '2.61085'}
2026-03-16 06:45:37,849 - train_greyscale_FA_MoE.py - {'step': '315500', 'lr': '0.0002', 'total_loss': '0.00634498', 'main_loss': '0.00634498', 'time_per_step': '2.54592'}
2026-03-16 06:50:06,959 - train_greyscale_FA_MoE.py - {'step': '315600', 'lr': '0.0002', 'total_loss': '0.00503108', 'main_loss': '0.00503108', 'time_per_step': '2.53345'}
2026-03-16 06:54:37,534 - train_greyscale_FA_MoE.py - {'step': '315700', 'lr': '0.0002', 'total_loss': '0.00689067', 'main_loss': '0.00689067', 'time_per_step': '2.58447'}
2026-03-16 06:59:08,661 - train_greyscale_FA_MoE.py - {'step': '315800', 'lr': '0.0002', 'total_loss': '0.00708718', 'main_loss': '0.00708718', 'time_per_step': '2.61484'}
2026-03-16 07:03:38,370 - train_greyscale_FA_MoE.py - {'step': '315900', 'lr': '0.0002', 'total_loss': '0.00589169', 'main_loss': '0.00589169', 'time_per_step': '2.63009'}
2026-03-16 07:08:08,615 - train_greyscale_FA_MoE.py - {'step': '316000', 'lr': '0.0002', 'total_loss': '0.00731492', 'main_loss': '0.00731492', 'time_per_step': '2.60819'}
2026-03-16 07:12:38,822 - train_greyscale_FA_MoE.py - {'step': '316100', 'lr': '0.0002', 'total_loss': '0.0107454', 'main_loss': '0.0107454', 'time_per_step': '2.6351'}
2026-03-16 07:17:08,984 - train_greyscale_FA_MoE.py - {'step': '316200', 'lr': '0.0002', 'total_loss': '0.00680449', 'main_loss': '0.00680449', 'time_per_step': '2.61472'}
2026-03-16 07:21:39,637 - train_greyscale_FA_MoE.py - {'step': '316300', 'lr': '0.0002', 'total_loss': '0.00782728', 'main_loss': '0.00782728', 'time_per_step': '2.61481'}
2026-03-16 07:26:09,849 - train_greyscale_FA_MoE.py - {'step': '316400', 'lr': '0.0002', 'total_loss': '0.00619343', 'main_loss': '0.00619343', 'time_per_step': '2.61625'}
2026-03-16 07:30:39,142 - train_greyscale_FA_MoE.py - {'step': '316500', 'lr': '0.0002', 'total_loss': '0.0124888', 'main_loss': '0.0124888', 'time_per_step': '2.61019'}
2026-03-16 07:35:12,041 - train_greyscale_FA_MoE.py - {'step': '316600', 'lr': '0.0002', 'total_loss': '0.0142355', 'main_loss': '0.0142355', 'time_per_step': '2.60674'}
2026-03-16 07:39:43,292 - train_greyscale_FA_MoE.py - {'step': '316700', 'lr': '0.0002', 'total_loss': '0.00599049', 'main_loss': '0.00599049', 'time_per_step': '2.53166'}
2026-03-16 07:44:12,316 - train_greyscale_FA_MoE.py - {'step': '316800', 'lr': '0.0002', 'total_loss': '0.00616443', 'main_loss': '0.00616443', 'time_per_step': '2.53074'}
2026-03-16 07:48:42,695 - train_greyscale_FA_MoE.py - {'step': '316900', 'lr': '0.0002', 'total_loss': '0.0114981', 'main_loss': '0.0114981', 'time_per_step': '2.58709'}
2026-03-16 07:53:13,180 - train_greyscale_FA_MoE.py - {'step': '317000', 'lr': '0.0002', 'total_loss': '0.0130307', 'main_loss': '0.0130307', 'time_per_step': '2.59846'}
2026-03-16 07:57:42,874 - train_greyscale_FA_MoE.py - {'step': '317100', 'lr': '0.0002', 'total_loss': '0.0106642', 'main_loss': '0.0106642', 'time_per_step': '2.61277'}
2026-03-16 08:02:15,037 - train_greyscale_FA_MoE.py - {'step': '317200', 'lr': '0.0002', 'total_loss': '0.00736281', 'main_loss': '0.00736281', 'time_per_step': '3.97737'}
2026-03-16 08:06:48,303 - train_greyscale_FA_MoE.py - {'step': '317300', 'lr': '0.0002', 'total_loss': '0.00844021', 'main_loss': '0.00844021', 'time_per_step': '2.61513'}
2026-03-16 08:11:17,597 - train_greyscale_FA_MoE.py - {'step': '317400', 'lr': '0.0002', 'total_loss': '0.0092823', 'main_loss': '0.0092823', 'time_per_step': '2.62137'}
2026-03-16 08:15:47,692 - train_greyscale_FA_MoE.py - {'step': '317500', 'lr': '0.0002', 'total_loss': '0.0131417', 'main_loss': '0.0131417', 'time_per_step': '2.62553'}
2026-03-16 08:20:16,986 - train_greyscale_FA_MoE.py - {'step': '317600', 'lr': '0.0002', 'total_loss': '0.00627362', 'main_loss': '0.00627362', 'time_per_step': '2.62615'}
2026-03-16 08:24:47,031 - train_greyscale_FA_MoE.py - {'step': '317700', 'lr': '0.0002', 'total_loss': '0.00975473', 'main_loss': '0.00975473', 'time_per_step': '2.61219'}
2026-03-16 08:29:17,332 - train_greyscale_FA_MoE.py - {'step': '317800', 'lr': '0.0002', 'total_loss': '0.00844943', 'main_loss': '0.00844943', 'time_per_step': '2.60859'}
2026-03-16 08:33:52,262 - train_greyscale_FA_MoE.py - {'step': '317900', 'lr': '0.0002', 'total_loss': '0.00735826', 'main_loss': '0.00735826', 'time_per_step': '2.53867'}
2026-03-16 08:38:21,961 - train_greyscale_FA_MoE.py - {'step': '318000', 'lr': '0.0002', 'total_loss': '0.0105034', 'main_loss': '0.0105034', 'time_per_step': '2.52851'}
2026-03-16 08:42:52,632 - train_greyscale_FA_MoE.py - {'step': '318100', 'lr': '0.0002', 'total_loss': '0.00831226', 'main_loss': '0.00831226', 'time_per_step': '2.60428'}
2026-03-16 08:47:22,128 - train_greyscale_FA_MoE.py - {'step': '318200', 'lr': '0.0002', 'total_loss': '0.00739201', 'main_loss': '0.00739201', 'time_per_step': '2.61824'}
2026-03-16 08:51:51,787 - train_greyscale_FA_MoE.py - {'step': '318300', 'lr': '0.0002', 'total_loss': '0.00918491', 'main_loss': '0.00918491', 'time_per_step': '2.62513'}
2026-03-16 08:56:22,270 - train_greyscale_FA_MoE.py - {'step': '318400', 'lr': '0.0002', 'total_loss': '0.00851551', 'main_loss': '0.00851551', 'time_per_step': '2.60999'}
2026-03-16 09:00:53,474 - train_greyscale_FA_MoE.py - {'step': '318500', 'lr': '0.0002', 'total_loss': '0.0115769', 'main_loss': '0.0115769', 'time_per_step': '2.6203'}
2026-03-16 09:05:23,857 - train_greyscale_FA_MoE.py - {'step': '318600', 'lr': '0.0002', 'total_loss': '0.0133787', 'main_loss': '0.0133787', 'time_per_step': '2.60926'}
2026-03-16 09:09:54,453 - train_greyscale_FA_MoE.py - {'step': '318700', 'lr': '0.0002', 'total_loss': '0.00842935', 'main_loss': '0.00842935', 'time_per_step': '2.61693'}
2026-03-16 09:14:24,348 - train_greyscale_FA_MoE.py - {'step': '318800', 'lr': '0.0002', 'total_loss': '0.00607377', 'main_loss': '0.00607377', 'time_per_step': '2.61546'}
2026-03-16 09:18:54,731 - train_greyscale_FA_MoE.py - {'step': '318900', 'lr': '0.0002', 'total_loss': '0.00879073', 'main_loss': '0.00879073', 'time_per_step': '2.63829'}
2026-03-16 09:23:25,013 - train_greyscale_FA_MoE.py - {'step': '319000', 'lr': '0.0002', 'total_loss': '0.00631105', 'main_loss': '0.00631105', 'time_per_step': '2.70149'}
2026-03-16 09:27:56,086 - train_greyscale_FA_MoE.py - {'step': '319100', 'lr': '0.0002', 'total_loss': '0.00869746', 'main_loss': '0.00869746', 'time_per_step': '2.6976'}
2026-03-16 09:32:24,907 - train_greyscale_FA_MoE.py - {'step': '319200', 'lr': '0.0002', 'total_loss': '0.00911574', 'main_loss': '0.00911574', 'time_per_step': '2.60079'}
2026-03-16 09:36:55,639 - train_greyscale_FA_MoE.py - {'step': '319300', 'lr': '0.0002', 'total_loss': '0.00974954', 'main_loss': '0.00974954', 'time_per_step': '2.67614'}
2026-03-16 09:41:25,796 - train_greyscale_FA_MoE.py - {'step': '319400', 'lr': '0.0002', 'total_loss': '0.00877741', 'main_loss': '0.00877741', 'time_per_step': '2.72887'}
2026-03-16 09:45:55,260 - train_greyscale_FA_MoE.py - {'step': '319500', 'lr': '0.0002', 'total_loss': '0.00631911', 'main_loss': '0.00631911', 'time_per_step': '2.65329'}
2026-03-16 09:50:25,485 - train_greyscale_FA_MoE.py - {'step': '319600', 'lr': '0.0002', 'total_loss': '0.00611202', 'main_loss': '0.00611202', 'time_per_step': '2.67799'}
2026-03-16 09:54:55,405 - train_greyscale_FA_MoE.py - {'step': '319700', 'lr': '0.0002', 'total_loss': '0.00831217', 'main_loss': '0.00831217', 'time_per_step': '2.69229'}
2026-03-16 09:59:25,053 - train_greyscale_FA_MoE.py - {'step': '319800', 'lr': '0.0002', 'total_loss': '0.00486486', 'main_loss': '0.00486486', 'time_per_step': '2.69031'}
2026-03-16 10:03:55,752 - train_greyscale_FA_MoE.py - {'step': '319900', 'lr': '0.0002', 'total_loss': '0.00650286', 'main_loss': '0.00650286', 'time_per_step': '2.65681'}
2026-03-16 10:08:25,565 - train_greyscale_FA_MoE.py - {'step': '320000', 'lr': '0.0002', 'total_loss': '0.0104275', 'main_loss': '0.0104275', 'time_per_step': '2.679'}
2026-03-16 10:12:55,033 - train_greyscale_FA_MoE.py - {'step': '320100', 'lr': '0.0002', 'total_loss': '0.00820473', 'main_loss': '0.00820473', 'time_per_step': '2.69304'}
2026-03-16 10:17:25,078 - train_greyscale_FA_MoE.py - {'step': '320200', 'lr': '0.0002', 'total_loss': '0.00721623', 'main_loss': '0.00721623', 'time_per_step': '2.69491'}
2026-03-16 10:21:55,242 - train_greyscale_FA_MoE.py - {'step': '320300', 'lr': '0.0002', 'total_loss': '0.008147', 'main_loss': '0.008147', 'time_per_step': '2.60332'}
2026-03-16 10:26:24,074 - train_greyscale_FA_MoE.py - {'step': '320400', 'lr': '0.0002', 'total_loss': '0.0082439', 'main_loss': '0.0082439', 'time_per_step': '2.5319'}
2026-03-16 10:30:54,610 - train_greyscale_FA_MoE.py - {'step': '320500', 'lr': '0.0002', 'total_loss': '0.00541733', 'main_loss': '0.00541733', 'time_per_step': '2.58631'}
2026-03-16 10:35:24,849 - train_greyscale_FA_MoE.py - {'step': '320600', 'lr': '0.0002', 'total_loss': '0.00751066', 'main_loss': '0.00751066', 'time_per_step': '2.66172'}
2026-03-16 10:39:54,268 - train_greyscale_FA_MoE.py - {'step': '320700', 'lr': '0.0002', 'total_loss': '0.0051548', 'main_loss': '0.0051548', 'time_per_step': '2.59978'}
2026-03-16 10:44:24,651 - train_greyscale_FA_MoE.py - {'step': '320800', 'lr': '0.0002', 'total_loss': '0.00785159', 'main_loss': '0.00785159', 'time_per_step': '2.61008'}
2026-03-16 10:48:54,678 - train_greyscale_FA_MoE.py - {'step': '320900', 'lr': '0.0002', 'total_loss': '0.00891165', 'main_loss': '0.00891165', 'time_per_step': '2.63407'}
2026-03-16 10:53:23,895 - train_greyscale_FA_MoE.py - {'step': '321000', 'lr': '0.0002', 'total_loss': '0.0105232', 'main_loss': '0.0105232', 'time_per_step': '2.61484'}
2026-03-16 10:57:53,431 - train_greyscale_FA_MoE.py - {'step': '321100', 'lr': '0.0002', 'total_loss': '0.00854838', 'main_loss': '0.00854838', 'time_per_step': '2.60256'}
2026-03-16 11:02:23,272 - train_greyscale_FA_MoE.py - {'step': '321200', 'lr': '0.0002', 'total_loss': '0.0111759', 'main_loss': '0.0111759', 'time_per_step': '2.62729'}
2026-03-16 11:06:53,336 - train_greyscale_FA_MoE.py - {'step': '321300', 'lr': '0.0002', 'total_loss': '0.00700398', 'main_loss': '0.00700398', 'time_per_step': '2.60838'}
2026-03-16 11:11:23,421 - train_greyscale_FA_MoE.py - {'step': '321400', 'lr': '0.0002', 'total_loss': '0.00863255', 'main_loss': '0.00863255', 'time_per_step': '2.61995'}
2026-03-16 11:15:53,025 - train_greyscale_FA_MoE.py - {'step': '321500', 'lr': '0.0002', 'total_loss': '0.00794827', 'main_loss': '0.00794827', 'time_per_step': '2.5444'}
2026-03-16 11:20:23,936 - train_greyscale_FA_MoE.py - {'step': '321600', 'lr': '0.0002', 'total_loss': '0.00939714', 'main_loss': '0.00939714', 'time_per_step': '2.52897'}
2026-03-16 11:24:54,897 - train_greyscale_FA_MoE.py - {'step': '321700', 'lr': '0.0002', 'total_loss': '0.00717769', 'main_loss': '0.00717769', 'time_per_step': '2.68754'}
2026-03-16 11:29:24,914 - train_greyscale_FA_MoE.py - {'step': '321800', 'lr': '0.0002', 'total_loss': '0.00859544', 'main_loss': '0.00859544', 'time_per_step': '2.70799'}
2026-03-16 11:33:53,828 - train_greyscale_FA_MoE.py - {'step': '321900', 'lr': '0.0002', 'total_loss': '0.00660323', 'main_loss': '0.00660323', 'time_per_step': '2.6214'}
2026-03-16 11:38:23,991 - train_greyscale_FA_MoE.py - {'step': '322000', 'lr': '0.0002', 'total_loss': '0.00825997', 'main_loss': '0.00825997', 'time_per_step': '2.63335'}
2026-03-16 11:42:54,344 - train_greyscale_FA_MoE.py - {'step': '322100', 'lr': '0.0002', 'total_loss': '0.00720533', 'main_loss': '0.00720533', 'time_per_step': '2.60843'}
2026-03-16 11:47:24,096 - train_greyscale_FA_MoE.py - {'step': '322200', 'lr': '0.0002', 'total_loss': '0.00926123', 'main_loss': '0.00926123', 'time_per_step': '2.6177'}
2026-03-16 11:51:54,561 - train_greyscale_FA_MoE.py - {'step': '322300', 'lr': '0.0002', 'total_loss': '0.00980772', 'main_loss': '0.00980772', 'time_per_step': '2.61725'}
2026-03-16 11:56:24,094 - train_greyscale_FA_MoE.py - {'step': '322400', 'lr': '0.0002', 'total_loss': '0.00751138', 'main_loss': '0.00751138', 'time_per_step': '2.62402'}
2026-03-16 12:00:54,708 - train_greyscale_FA_MoE.py - {'step': '322500', 'lr': '0.0002', 'total_loss': '0.00881047', 'main_loss': '0.00881047', 'time_per_step': '2.62353'}
2026-03-16 12:05:26,107 - train_greyscale_FA_MoE.py - {'step': '322600', 'lr': '0.0002', 'total_loss': '0.0110395', 'main_loss': '0.0110395', 'time_per_step': '2.71393'}
2026-03-16 12:09:56,123 - train_greyscale_FA_MoE.py - {'step': '322700', 'lr': '0.0002', 'total_loss': '0.00933389', 'main_loss': '0.00933389', 'time_per_step': '2.61724'}
2026-03-16 12:14:26,071 - train_greyscale_FA_MoE.py - {'step': '322800', 'lr': '0.0002', 'total_loss': '0.0128471', 'main_loss': '0.0128471', 'time_per_step': '2.61081'}
2026-03-16 12:18:57,130 - train_greyscale_FA_MoE.py - {'step': '322900', 'lr': '0.0002', 'total_loss': '0.00691922', 'main_loss': '0.00691922', 'time_per_step': '2.69224'}
2026-03-16 12:23:27,391 - train_greyscale_FA_MoE.py - {'step': '323000', 'lr': '0.0002', 'total_loss': '0.00794235', 'main_loss': '0.00794235', 'time_per_step': '2.73357'}
2026-03-16 12:27:56,610 - train_greyscale_FA_MoE.py - {'step': '323100', 'lr': '0.0002', 'total_loss': '0.00791117', 'main_loss': '0.00791117', 'time_per_step': '2.69236'}
2026-03-16 12:32:26,904 - train_greyscale_FA_MoE.py - {'step': '323200', 'lr': '0.0002', 'total_loss': '0.00435798', 'main_loss': '0.00435798', 'time_per_step': '2.70107'}
2026-03-16 12:36:57,162 - train_greyscale_FA_MoE.py - {'step': '323300', 'lr': '0.0002', 'total_loss': '0.0063645', 'main_loss': '0.0063645', 'time_per_step': '2.66133'}
2026-03-16 12:41:28,598 - train_greyscale_FA_MoE.py - {'step': '323400', 'lr': '0.0002', 'total_loss': '0.00790731', 'main_loss': '0.00790731', 'time_per_step': '2.61577'}
2026-03-16 12:46:00,787 - train_greyscale_FA_MoE.py - {'step': '323500', 'lr': '0.0002', 'total_loss': '0.00733454', 'main_loss': '0.00733454', 'time_per_step': '2.62187'}
2026-03-16 12:50:30,446 - train_greyscale_FA_MoE.py - {'step': '323600', 'lr': '0.0002', 'total_loss': '0.00919775', 'main_loss': '0.00919775', 'time_per_step': '2.5784'}
2026-03-16 12:54:59,615 - train_greyscale_FA_MoE.py - {'step': '323700', 'lr': '0.0002', 'total_loss': '0.00725753', 'main_loss': '0.00725753', 'time_per_step': '2.59312'}
2026-03-16 12:59:29,131 - train_greyscale_FA_MoE.py - {'step': '323800', 'lr': '0.0002', 'total_loss': '0.00945664', 'main_loss': '0.00945664', 'time_per_step': '2.59507'}
2026-03-16 13:03:59,365 - train_greyscale_FA_MoE.py - {'step': '323900', 'lr': '0.0002', 'total_loss': '0.00735188', 'main_loss': '0.00735188', 'time_per_step': '2.52521'}
2026-03-16 13:08:29,058 - train_greyscale_FA_MoE.py - {'step': '324000', 'lr': '0.0002', 'total_loss': '0.00933511', 'main_loss': '0.00933511', 'time_per_step': '2.52691'}
2026-03-16 13:13:00,089 - train_greyscale_FA_MoE.py - {'step': '324100', 'lr': '0.0002', 'total_loss': '0.00866999', 'main_loss': '0.00866999', 'time_per_step': '2.62705'}
2026-03-16 13:17:30,046 - train_greyscale_FA_MoE.py - {'step': '324200', 'lr': '0.0002', 'total_loss': '0.00542172', 'main_loss': '0.00542172', 'time_per_step': '2.60079'}
2026-03-16 13:21:59,122 - train_greyscale_FA_MoE.py - {'step': '324300', 'lr': '0.0002', 'total_loss': '0.00512589', 'main_loss': '0.00512589', 'time_per_step': '2.59538'}
2026-03-16 13:26:28,642 - train_greyscale_FA_MoE.py - {'step': '324400', 'lr': '0.0002', 'total_loss': '0.0106733', 'main_loss': '0.0106733', 'time_per_step': '2.67202'}
2026-03-16 13:30:58,739 - train_greyscale_FA_MoE.py - {'step': '324500', 'lr': '0.0002', 'total_loss': '0.00581895', 'main_loss': '0.00581895', 'time_per_step': '2.59604'}
2026-03-16 13:35:28,213 - train_greyscale_FA_MoE.py - {'step': '324600', 'lr': '0.0002', 'total_loss': '0.00746062', 'main_loss': '0.00746062', 'time_per_step': '2.72952'}
2026-03-16 13:39:57,913 - train_greyscale_FA_MoE.py - {'step': '324700', 'lr': '0.0002', 'total_loss': '0.00450257', 'main_loss': '0.00450257', 'time_per_step': '2.61536'}
2026-03-16 13:44:27,258 - train_greyscale_FA_MoE.py - {'step': '324800', 'lr': '0.0002', 'total_loss': '0.00608778', 'main_loss': '0.00608778', 'time_per_step': '2.70929'}
2026-03-16 13:48:57,255 - train_greyscale_FA_MoE.py - {'step': '324900', 'lr': '0.0002', 'total_loss': '0.00554736', 'main_loss': '0.00554736', 'time_per_step': '2.70319'}
2026-03-16 13:53:27,331 - train_greyscale_FA_MoE.py - {'step': '325000', 'lr': '0.0002', 'total_loss': '0.00811574', 'main_loss': '0.00811574', 'time_per_step': '2.70576'}
2026-03-16 13:53:27,354 - train_greyscale_FA_MoE.py - Saved expert distribution of layer in_block_0 to output_shift_fa/acdc_wholeheart_uncond_fa_ec_4moe8_greyscale_uvit_mid_4by4_l8r9_low16_Y_bound/samples/expert_distribution_in_block_0_step325000.npy
2026-03-16 13:53:30,222 - train_greyscale_FA_MoE.py - Saved expert distribution of layer out_block_7 to output_shift_fa/acdc_wholeheart_uncond_fa_ec_4moe8_greyscale_uvit_mid_4by4_l8r9_low16_Y_bound/samples/expert_distribution_out_block_7_step325000.npy
2026-03-16 13:53:32,297 - train_greyscale_FA_MoE.py - Save a grid of 16 samples into output_shift_fa/acdc_wholeheart_uncond_fa_ec_4moe8_greyscale_uvit_mid_4by4_l8r9_low16_Y_bound/samples/325000.png by DPM-Solver
2026-03-16 13:53:39,286 - train_greyscale_FA_MoE.py - Finished saving sample grid to output_shift_fa/acdc_wholeheart_uncond_fa_ec_4moe8_greyscale_uvit_mid_4by4_l8r9_low16_Y_bound/samples/325000.png by DPM-Solver.
2026-03-16 13:53:39,707 - train_greyscale_FA_MoE.py - Save and eval checkpoint 325000...
2026-03-16 13:53:42,587 - train_greyscale_FA_MoE.py - eval_step: n_samples=50000, sample_steps=50, algorithm=dpm_solver, mini_batch_size=500, samples save into output_shift_fa/acdc_wholeheart_uncond_fa_ec_4moe8_greyscale_uvit_mid_4by4_l8r9_low16_Y_bound/samples/acdc_wholeheart_uncond_uvit_FA_EC_4MoE8_greyscale_mid_4by4_low16_325000_dpm
2026-03-16 14:49:33,365 - train_greyscale_FA_MoE.py - step=325000 fid50000=11.866847647865313
2026-03-16 14:57:08,384 - is_lpips.py - LPIPS: 0.5135 ± 0.0497
2026-03-16 14:57:08,389 - train_greyscale_FA_MoE.py - step=325000 LPIPS50000=0.513461036408272
2026-03-16 15:03:06,410 - train_greyscale_FA_MoE.py - {'step': '325100', 'lr': '0.0002', 'total_loss': '0.00789596', 'main_loss': '0.00789596', 'time_per_step': '2.5684'}
2026-03-16 15:07:36,545 - train_greyscale_FA_MoE.py - {'step': '325200', 'lr': '0.0002', 'total_loss': '0.00794263', 'main_loss': '0.00794263', 'time_per_step': '2.53314'}
2026-03-16 15:12:06,763 - train_greyscale_FA_MoE.py - {'step': '325300', 'lr': '0.0002', 'total_loss': '0.00861353', 'main_loss': '0.00861353', 'time_per_step': '2.60683'}
2026-03-16 15:16:36,732 - train_greyscale_FA_MoE.py - {'step': '325400', 'lr': '0.0002', 'total_loss': '0.0078636', 'main_loss': '0.0078636', 'time_per_step': '2.61601'}
2026-03-16 15:21:07,206 - train_greyscale_FA_MoE.py - {'step': '325500', 'lr': '0.0002', 'total_loss': '0.00600259', 'main_loss': '0.00600259', 'time_per_step': '2.61282'}
2026-03-16 15:25:37,338 - train_greyscale_FA_MoE.py - {'step': '325600', 'lr': '0.0002', 'total_loss': '0.00837419', 'main_loss': '0.00837419', 'time_per_step': '2.6125'}
2026-03-16 15:30:07,371 - train_greyscale_FA_MoE.py - {'step': '325700', 'lr': '0.0002', 'total_loss': '0.00692556', 'main_loss': '0.00692556', 'time_per_step': '2.628'}
2026-03-16 15:34:37,661 - train_greyscale_FA_MoE.py - {'step': '325800', 'lr': '0.0002', 'total_loss': '0.00801941', 'main_loss': '0.00801941', 'time_per_step': '2.63034'}
2026-03-16 15:39:07,970 - train_greyscale_FA_MoE.py - {'step': '325900', 'lr': '0.0002', 'total_loss': '0.00984534', 'main_loss': '0.00984534', 'time_per_step': '2.61177'}
2026-03-16 15:43:38,272 - train_greyscale_FA_MoE.py - {'step': '326000', 'lr': '0.0002', 'total_loss': '0.00741928', 'main_loss': '0.00741928', 'time_per_step': '2.62425'}
2026-03-16 15:48:08,456 - train_greyscale_FA_MoE.py - {'step': '326100', 'lr': '0.0002', 'total_loss': '0.0084945', 'main_loss': '0.0084945', 'time_per_step': '2.60589'}
2026-03-16 15:52:38,346 - train_greyscale_FA_MoE.py - {'step': '326200', 'lr': '0.0002', 'total_loss': '0.00495314', 'main_loss': '0.00495314', 'time_per_step': '2.6312'}
2026-03-16 15:57:09,291 - train_greyscale_FA_MoE.py - {'step': '326300', 'lr': '0.0002', 'total_loss': '0.0085772', 'main_loss': '0.0085772', 'time_per_step': '2.55802'}
2026-03-16 16:01:38,949 - train_greyscale_FA_MoE.py - {'step': '326400', 'lr': '0.0002', 'total_loss': '0.00928696', 'main_loss': '0.00928696', 'time_per_step': '2.53163'}
2026-03-16 16:06:11,982 - train_greyscale_FA_MoE.py - {'step': '326500', 'lr': '0.0002', 'total_loss': '0.007144', 'main_loss': '0.007144', 'time_per_step': '2.59133'}
2026-03-16 16:10:42,062 - train_greyscale_FA_MoE.py - {'step': '326600', 'lr': '0.0002', 'total_loss': '0.00982527', 'main_loss': '0.00982527', 'time_per_step': '2.6131'}
2026-03-16 16:15:12,271 - train_greyscale_FA_MoE.py - {'step': '326700', 'lr': '0.0002', 'total_loss': '0.00676278', 'main_loss': '0.00676278', 'time_per_step': '2.63271'}
2026-03-16 16:19:42,606 - train_greyscale_FA_MoE.py - {'step': '326800', 'lr': '0.0002', 'total_loss': '0.00703622', 'main_loss': '0.00703622', 'time_per_step': '2.61146'}
2026-03-16 16:24:12,696 - train_greyscale_FA_MoE.py - {'step': '326900', 'lr': '0.0002', 'total_loss': '0.00952247', 'main_loss': '0.00952247', 'time_per_step': '2.6253'}
2026-03-16 16:28:42,815 - train_greyscale_FA_MoE.py - {'step': '327000', 'lr': '0.0002', 'total_loss': '0.00987396', 'main_loss': '0.00987396', 'time_per_step': '2.61311'}
2026-03-16 16:33:12,292 - train_greyscale_FA_MoE.py - {'step': '327100', 'lr': '0.0002', 'total_loss': '0.00611431', 'main_loss': '0.00611431', 'time_per_step': '2.61896'}
2026-03-16 16:37:41,911 - train_greyscale_FA_MoE.py - {'step': '327200', 'lr': '0.0002', 'total_loss': '0.00996383', 'main_loss': '0.00996383', 'time_per_step': '2.61384'}
2026-03-16 16:42:12,544 - train_greyscale_FA_MoE.py - {'step': '327300', 'lr': '0.0002', 'total_loss': '0.00720623', 'main_loss': '0.00720623', 'time_per_step': '2.61017'}
2026-03-16 16:46:42,233 - train_greyscale_FA_MoE.py - {'step': '327400', 'lr': '0.0002', 'total_loss': '0.00600819', 'main_loss': '0.00600819', 'time_per_step': '2.6141'}
2026-03-16 16:51:12,541 - train_greyscale_FA_MoE.py - {'step': '327500', 'lr': '0.0002', 'total_loss': '0.00591375', 'main_loss': '0.00591375', 'time_per_step': '2.56594'}
2026-03-16 16:55:42,522 - train_greyscale_FA_MoE.py - {'step': '327600', 'lr': '0.0002', 'total_loss': '0.00477094', 'main_loss': '0.00477094', 'time_per_step': '2.53352'}
2026-03-16 17:00:13,886 - train_greyscale_FA_MoE.py - {'step': '327700', 'lr': '0.0002', 'total_loss': '0.00827174', 'main_loss': '0.00827174', 'time_per_step': '2.5923'}
2026-03-16 17:04:43,739 - train_greyscale_FA_MoE.py - {'step': '327800', 'lr': '0.0002', 'total_loss': '0.0118066', 'main_loss': '0.0118066', 'time_per_step': '2.61818'}
2026-03-16 17:09:13,194 - train_greyscale_FA_MoE.py - {'step': '327900', 'lr': '0.0002', 'total_loss': '0.00656117', 'main_loss': '0.00656117', 'time_per_step': '2.63014'}
2026-03-16 17:13:42,458 - train_greyscale_FA_MoE.py - {'step': '328000', 'lr': '0.0002', 'total_loss': '0.00695959', 'main_loss': '0.00695959', 'time_per_step': '2.61286'}
2026-03-16 17:18:12,214 - train_greyscale_FA_MoE.py - {'step': '328100', 'lr': '0.0002', 'total_loss': '0.00851839', 'main_loss': '0.00851839', 'time_per_step': '2.61104'}
2026-03-16 17:22:42,719 - train_greyscale_FA_MoE.py - {'step': '328200', 'lr': '0.0002', 'total_loss': '0.00928567', 'main_loss': '0.00928567', 'time_per_step': '2.62447'}
2026-03-16 17:27:12,780 - train_greyscale_FA_MoE.py - {'step': '328300', 'lr': '0.0002', 'total_loss': '0.00800719', 'main_loss': '0.00800719', 'time_per_step': '2.61867'}
2026-03-16 17:31:43,233 - train_greyscale_FA_MoE.py - {'step': '328400', 'lr': '0.0002', 'total_loss': '0.00949063', 'main_loss': '0.00949063', 'time_per_step': '2.62408'}
2026-03-16 17:36:15,520 - train_greyscale_FA_MoE.py - {'step': '328500', 'lr': '0.0002', 'total_loss': '0.00582848', 'main_loss': '0.00582848', 'time_per_step': '2.62083'}
2026-03-16 17:40:45,579 - train_greyscale_FA_MoE.py - {'step': '328600', 'lr': '0.0002', 'total_loss': '0.00693938', 'main_loss': '0.00693938', 'time_per_step': '2.6164'}
2026-03-16 17:45:14,810 - train_greyscale_FA_MoE.py - {'step': '328700', 'lr': '0.0002', 'total_loss': '0.0111942', 'main_loss': '0.0111942', 'time_per_step': '2.55328'}
2026-03-16 17:49:43,579 - train_greyscale_FA_MoE.py - {'step': '328800', 'lr': '0.0002', 'total_loss': '0.0075334', 'main_loss': '0.0075334', 'time_per_step': '2.51569'}
2026-03-16 17:54:13,563 - train_greyscale_FA_MoE.py - {'step': '328900', 'lr': '0.0002', 'total_loss': '0.00837622', 'main_loss': '0.00837622', 'time_per_step': '2.59804'}
2026-03-16 17:58:43,585 - train_greyscale_FA_MoE.py - {'step': '329000', 'lr': '0.0002', 'total_loss': '0.00491233', 'main_loss': '0.00491233', 'time_per_step': '2.60724'}
2026-03-16 18:03:13,838 - train_greyscale_FA_MoE.py - {'step': '329100', 'lr': '0.0002', 'total_loss': '0.00641767', 'main_loss': '0.00641767', 'time_per_step': '2.61633'}
2026-03-16 18:07:43,960 - train_greyscale_FA_MoE.py - {'step': '329200', 'lr': '0.0002', 'total_loss': '0.00651763', 'main_loss': '0.00651763', 'time_per_step': '2.61642'}
2026-03-16 18:12:14,113 - train_greyscale_FA_MoE.py - {'step': '329300', 'lr': '0.0002', 'total_loss': '0.0073168', 'main_loss': '0.0073168', 'time_per_step': '2.62021'}
2026-03-16 18:16:44,415 - train_greyscale_FA_MoE.py - {'step': '329400', 'lr': '0.0002', 'total_loss': '0.00889374', 'main_loss': '0.00889374', 'time_per_step': '2.62312'}
2026-03-16 18:21:13,758 - train_greyscale_FA_MoE.py - {'step': '329500', 'lr': '0.0002', 'total_loss': '0.00643464', 'main_loss': '0.00643464', 'time_per_step': '2.61837'}
2026-03-16 18:25:44,063 - train_greyscale_FA_MoE.py - {'step': '329600', 'lr': '0.0002', 'total_loss': '0.00562163', 'main_loss': '0.00562163', 'time_per_step': '2.61661'}
2026-03-16 18:30:14,134 - train_greyscale_FA_MoE.py - {'step': '329700', 'lr': '0.0002', 'total_loss': '0.00776884', 'main_loss': '0.00776884', 'time_per_step': '2.63359'}
2026-03-16 18:34:43,532 - train_greyscale_FA_MoE.py - {'step': '329800', 'lr': '0.0002', 'total_loss': '0.0102154', 'main_loss': '0.0102154', 'time_per_step': '2.61406'}
2026-03-16 18:39:13,396 - train_greyscale_FA_MoE.py - {'step': '329900', 'lr': '0.0002', 'total_loss': '0.00678725', 'main_loss': '0.00678725', 'time_per_step': '2.56217'}
2026-03-16 18:43:43,196 - train_greyscale_FA_MoE.py - {'step': '330000', 'lr': '0.0002', 'total_loss': '0.00852424', 'main_loss': '0.00852424', 'time_per_step': '2.53034'}
2026-03-16 18:48:13,327 - train_greyscale_FA_MoE.py - {'step': '330100', 'lr': '0.0002', 'total_loss': '0.00661634', 'main_loss': '0.00661634', 'time_per_step': '2.59701'}
2026-03-16 18:52:43,609 - train_greyscale_FA_MoE.py - {'step': '330200', 'lr': '0.0002', 'total_loss': '0.00736787', 'main_loss': '0.00736787', 'time_per_step': '2.6185'}
2026-03-16 18:57:14,262 - train_greyscale_FA_MoE.py - {'step': '330300', 'lr': '0.0002', 'total_loss': '0.00637828', 'main_loss': '0.00637828', 'time_per_step': '2.61272'}
2026-03-16 19:01:44,949 - train_greyscale_FA_MoE.py - {'step': '330400', 'lr': '0.0002', 'total_loss': '0.00710234', 'main_loss': '0.00710234', 'time_per_step': '2.62043'}
2026-03-16 19:06:14,806 - train_greyscale_FA_MoE.py - {'step': '330500', 'lr': '0.0002', 'total_loss': '0.00773256', 'main_loss': '0.00773256', 'time_per_step': '2.62994'}
2026-03-16 19:10:44,877 - train_greyscale_FA_MoE.py - {'step': '330600', 'lr': '0.0002', 'total_loss': '0.00947068', 'main_loss': '0.00947068', 'time_per_step': '2.61955'}
2026-03-16 19:15:14,120 - train_greyscale_FA_MoE.py - {'step': '330700', 'lr': '0.0002', 'total_loss': '0.0094121', 'main_loss': '0.0094121', 'time_per_step': '2.6157'}
2026-03-16 19:19:44,311 - train_greyscale_FA_MoE.py - {'step': '330800', 'lr': '0.0002', 'total_loss': '0.00783746', 'main_loss': '0.00783746', 'time_per_step': '2.63253'}
2026-03-16 19:24:15,349 - train_greyscale_FA_MoE.py - {'step': '330900', 'lr': '0.0002', 'total_loss': '0.00878298', 'main_loss': '0.00878298', 'time_per_step': '2.6104'}
2026-03-16 19:28:45,725 - train_greyscale_FA_MoE.py - {'step': '331000', 'lr': '0.0002', 'total_loss': '0.008409', 'main_loss': '0.008409', 'time_per_step': '2.61785'}
2026-03-16 19:33:15,136 - train_greyscale_FA_MoE.py - {'step': '331100', 'lr': '0.0002', 'total_loss': '0.00920404', 'main_loss': '0.00920404', 'time_per_step': '2.55727'}
2026-03-16 19:37:44,841 - train_greyscale_FA_MoE.py - {'step': '331200', 'lr': '0.0002', 'total_loss': '0.00609794', 'main_loss': '0.00609794', 'time_per_step': '2.52845'}
2026-03-16 19:42:15,755 - train_greyscale_FA_MoE.py - {'step': '331300', 'lr': '0.0002', 'total_loss': '0.00815971', 'main_loss': '0.00815971', 'time_per_step': '2.60074'}
2026-03-16 19:46:45,115 - train_greyscale_FA_MoE.py - {'step': '331400', 'lr': '0.0002', 'total_loss': '0.00863339', 'main_loss': '0.00863339', 'time_per_step': '2.61878'}
2026-03-16 19:51:15,356 - train_greyscale_FA_MoE.py - {'step': '331500', 'lr': '0.0002', 'total_loss': '0.00663464', 'main_loss': '0.00663464', 'time_per_step': '2.61304'}
2026-03-16 19:55:44,488 - train_greyscale_FA_MoE.py - {'step': '331600', 'lr': '0.0002', 'total_loss': '0.00621754', 'main_loss': '0.00621754', 'time_per_step': '2.5896'}
2026-03-16 20:00:15,269 - train_greyscale_FA_MoE.py - {'step': '331700', 'lr': '0.0002', 'total_loss': '0.00890799', 'main_loss': '0.00890799', 'time_per_step': '2.61812'}
2026-03-16 20:04:45,876 - train_greyscale_FA_MoE.py - {'step': '331800', 'lr': '0.0002', 'total_loss': '0.00654572', 'main_loss': '0.00654572', 'time_per_step': '2.6126'}
2026-03-16 20:09:15,313 - train_greyscale_FA_MoE.py - {'step': '331900', 'lr': '0.0002', 'total_loss': '0.0133012', 'main_loss': '0.0133012', 'time_per_step': '2.61533'}
2026-03-16 20:13:45,633 - train_greyscale_FA_MoE.py - {'step': '332000', 'lr': '0.0002', 'total_loss': '0.00667776', 'main_loss': '0.00667776', 'time_per_step': '2.62082'}
2026-03-16 20:18:16,064 - train_greyscale_FA_MoE.py - {'step': '332100', 'lr': '0.0002', 'total_loss': '0.00924566', 'main_loss': '0.00924566', 'time_per_step': '2.61723'}
2026-03-16 20:22:46,207 - train_greyscale_FA_MoE.py - {'step': '332200', 'lr': '0.0002', 'total_loss': '0.00800293', 'main_loss': '0.00800293', 'time_per_step': '2.61999'}
2026-03-16 20:27:16,404 - train_greyscale_FA_MoE.py - {'step': '332300', 'lr': '0.0002', 'total_loss': '0.00968849', 'main_loss': '0.00968849', 'time_per_step': '2.54234'}
2026-03-16 20:31:46,347 - train_greyscale_FA_MoE.py - {'step': '332400', 'lr': '0.0002', 'total_loss': '0.0051006', 'main_loss': '0.0051006', 'time_per_step': '2.5313'}
2026-03-16 20:36:16,486 - train_greyscale_FA_MoE.py - {'step': '332500', 'lr': '0.0002', 'total_loss': '0.00956028', 'main_loss': '0.00956028', 'time_per_step': '2.59628'}
2026-03-16 20:40:46,611 - train_greyscale_FA_MoE.py - {'step': '332600', 'lr': '0.0002', 'total_loss': '0.0119249', 'main_loss': '0.0119249', 'time_per_step': '2.60563'}
2026-03-16 20:45:17,819 - train_greyscale_FA_MoE.py - {'step': '332700', 'lr': '0.0002', 'total_loss': '0.0084366', 'main_loss': '0.0084366', 'time_per_step': '2.62084'}
2026-03-16 20:49:48,086 - train_greyscale_FA_MoE.py - {'step': '332800', 'lr': '0.0002', 'total_loss': '0.00574201', 'main_loss': '0.00574201', 'time_per_step': '2.61661'}
2026-03-16 20:54:17,534 - train_greyscale_FA_MoE.py - {'step': '332900', 'lr': '0.0002', 'total_loss': '0.0111817', 'main_loss': '0.0111817', 'time_per_step': '2.62015'}
2026-03-16 20:58:47,740 - train_greyscale_FA_MoE.py - {'step': '333000', 'lr': '0.0002', 'total_loss': '0.00691678', 'main_loss': '0.00691678', 'time_per_step': '2.61577'}
2026-03-16 21:03:17,853 - train_greyscale_FA_MoE.py - {'step': '333100', 'lr': '0.0002', 'total_loss': '0.00636748', 'main_loss': '0.00636748', 'time_per_step': '2.60526'}
2026-03-16 21:07:47,878 - train_greyscale_FA_MoE.py - {'step': '333200', 'lr': '0.0002', 'total_loss': '0.00844539', 'main_loss': '0.00844539', 'time_per_step': '2.61044'}
2026-03-16 21:12:17,845 - train_greyscale_FA_MoE.py - {'step': '333300', 'lr': '0.0002', 'total_loss': '0.00723156', 'main_loss': '0.00723156', 'time_per_step': '2.61359'}
2026-03-16 21:16:47,227 - train_greyscale_FA_MoE.py - {'step': '333400', 'lr': '0.0002', 'total_loss': '0.00628298', 'main_loss': '0.00628298', 'time_per_step': '2.6226'}
2026-03-16 21:21:17,652 - train_greyscale_FA_MoE.py - {'step': '333500', 'lr': '0.0002', 'total_loss': '0.00807095', 'main_loss': '0.00807095', 'time_per_step': '2.557'}
2026-03-16 21:25:47,483 - train_greyscale_FA_MoE.py - {'step': '333600', 'lr': '0.0002', 'total_loss': '0.010519', 'main_loss': '0.010519', 'time_per_step': '2.52874'}
2026-03-16 21:30:18,266 - train_greyscale_FA_MoE.py - {'step': '333700', 'lr': '0.0002', 'total_loss': '0.0106077', 'main_loss': '0.0106077', 'time_per_step': '2.60511'}
2026-03-16 21:34:48,347 - train_greyscale_FA_MoE.py - {'step': '333800', 'lr': '0.0002', 'total_loss': '0.00605547', 'main_loss': '0.00605547', 'time_per_step': '2.61273'}
2026-03-16 21:39:18,767 - train_greyscale_FA_MoE.py - {'step': '333900', 'lr': '0.0002', 'total_loss': '0.00963362', 'main_loss': '0.00963362', 'time_per_step': '2.63902'}
2026-03-16 21:43:48,426 - train_greyscale_FA_MoE.py - {'step': '334000', 'lr': '0.0002', 'total_loss': '0.00912324', 'main_loss': '0.00912324', 'time_per_step': '2.61493'}
2026-03-16 21:48:18,390 - train_greyscale_FA_MoE.py - {'step': '334100', 'lr': '0.0002', 'total_loss': '0.00780673', 'main_loss': '0.00780673', 'time_per_step': '2.62144'}
2026-03-16 21:52:48,673 - train_greyscale_FA_MoE.py - {'step': '334200', 'lr': '0.0002', 'total_loss': '0.00801799', 'main_loss': '0.00801799', 'time_per_step': '2.62193'}
2026-03-16 21:57:18,399 - train_greyscale_FA_MoE.py - {'step': '334300', 'lr': '0.0002', 'total_loss': '0.00848454', 'main_loss': '0.00848454', 'time_per_step': '2.61111'}
2026-03-16 22:01:47,974 - train_greyscale_FA_MoE.py - {'step': '334400', 'lr': '0.0002', 'total_loss': '0.0118223', 'main_loss': '0.0118223', 'time_per_step': '2.61424'}
2026-03-16 22:06:18,390 - train_greyscale_FA_MoE.py - {'step': '334500', 'lr': '0.0002', 'total_loss': '0.00524556', 'main_loss': '0.00524556', 'time_per_step': '2.60764'}
2026-03-16 22:10:48,652 - train_greyscale_FA_MoE.py - {'step': '334600', 'lr': '0.0002', 'total_loss': '0.00860498', 'main_loss': '0.00860498', 'time_per_step': '2.63258'}
2026-03-16 22:15:18,140 - train_greyscale_FA_MoE.py - {'step': '334700', 'lr': '0.0002', 'total_loss': '0.00667171', 'main_loss': '0.00667171', 'time_per_step': '2.56891'}
2026-03-16 22:19:48,289 - train_greyscale_FA_MoE.py - {'step': '334800', 'lr': '0.0002', 'total_loss': '0.00870117', 'main_loss': '0.00870117', 'time_per_step': '2.53249'}
2026-03-16 22:24:18,889 - train_greyscale_FA_MoE.py - {'step': '334900', 'lr': '0.0002', 'total_loss': '0.0088263', 'main_loss': '0.0088263', 'time_per_step': '2.608'}
2026-03-16 22:28:48,972 - train_greyscale_FA_MoE.py - {'step': '335000', 'lr': '0.0002', 'total_loss': '0.00966775', 'main_loss': '0.00966775', 'time_per_step': '2.61745'}
2026-03-16 22:33:19,092 - train_greyscale_FA_MoE.py - {'step': '335100', 'lr': '0.0002', 'total_loss': '0.00747858', 'main_loss': '0.00747858', 'time_per_step': '2.62203'}
2026-03-16 22:37:48,310 - train_greyscale_FA_MoE.py - {'step': '335200', 'lr': '0.0002', 'total_loss': '0.0118469', 'main_loss': '0.0118469', 'time_per_step': '2.61831'}
2026-03-16 22:42:18,452 - train_greyscale_FA_MoE.py - {'step': '335300', 'lr': '0.0002', 'total_loss': '0.00705881', 'main_loss': '0.00705881', 'time_per_step': '2.61891'}
2026-03-16 22:46:49,080 - train_greyscale_FA_MoE.py - {'step': '335400', 'lr': '0.0002', 'total_loss': '0.0103017', 'main_loss': '0.0103017', 'time_per_step': '2.62444'}
2026-03-16 22:51:18,602 - train_greyscale_FA_MoE.py - {'step': '335500', 'lr': '0.0002', 'total_loss': '0.00961195', 'main_loss': '0.00961195', 'time_per_step': '2.61138'}
2026-03-16 22:55:48,960 - train_greyscale_FA_MoE.py - {'step': '335600', 'lr': '0.0002', 'total_loss': '0.00857628', 'main_loss': '0.00857628', 'time_per_step': '2.63168'}
2026-03-16 23:00:19,761 - train_greyscale_FA_MoE.py - {'step': '335700', 'lr': '0.0002', 'total_loss': '0.00844186', 'main_loss': '0.00844186', 'time_per_step': '2.62724'}
2026-03-16 23:04:50,125 - train_greyscale_FA_MoE.py - {'step': '335800', 'lr': '0.0002', 'total_loss': '0.011242', 'main_loss': '0.011242', 'time_per_step': '2.62218'}
2026-03-16 23:09:20,570 - train_greyscale_FA_MoE.py - {'step': '335900', 'lr': '0.0002', 'total_loss': '0.00542249', 'main_loss': '0.00542249', 'time_per_step': '2.57298'}
2026-03-16 23:13:50,405 - train_greyscale_FA_MoE.py - {'step': '336000', 'lr': '0.0002', 'total_loss': '0.00972346', 'main_loss': '0.00972346', 'time_per_step': '2.5102'}
2026-03-16 23:18:20,111 - train_greyscale_FA_MoE.py - {'step': '336100', 'lr': '0.0002', 'total_loss': '0.00916005', 'main_loss': '0.00916005', 'time_per_step': '2.59917'}
2026-03-16 23:22:50,423 - train_greyscale_FA_MoE.py - {'step': '336200', 'lr': '0.0002', 'total_loss': '0.00677806', 'main_loss': '0.00677806', 'time_per_step': '2.62421'}
2026-03-16 23:27:20,137 - train_greyscale_FA_MoE.py - {'step': '336300', 'lr': '0.0002', 'total_loss': '0.00660696', 'main_loss': '0.00660696', 'time_per_step': '2.62089'}
2026-03-16 23:31:50,325 - train_greyscale_FA_MoE.py - {'step': '336400', 'lr': '0.0002', 'total_loss': '0.00708109', 'main_loss': '0.00708109', 'time_per_step': '2.62414'}
2026-03-16 23:36:20,766 - train_greyscale_FA_MoE.py - {'step': '336500', 'lr': '0.0002', 'total_loss': '0.00608959', 'main_loss': '0.00608959', 'time_per_step': '2.60655'}
2026-03-16 23:40:50,362 - train_greyscale_FA_MoE.py - {'step': '336600', 'lr': '0.0002', 'total_loss': '0.00717136', 'main_loss': '0.00717136', 'time_per_step': '2.61984'}
2026-03-16 23:45:19,883 - train_greyscale_FA_MoE.py - {'step': '336700', 'lr': '0.0002', 'total_loss': '0.00912217', 'main_loss': '0.00912217', 'time_per_step': '2.63302'}
2026-03-16 23:49:50,609 - train_greyscale_FA_MoE.py - {'step': '336800', 'lr': '0.0002', 'total_loss': '0.00796065', 'main_loss': '0.00796065', 'time_per_step': '2.62643'}
2026-03-16 23:54:20,219 - train_greyscale_FA_MoE.py - {'step': '336900', 'lr': '0.0002', 'total_loss': '0.00703875', 'main_loss': '0.00703875', 'time_per_step': '2.63109'}
2026-03-16 23:58:50,532 - train_greyscale_FA_MoE.py - {'step': '337000', 'lr': '0.0002', 'total_loss': '0.00861581', 'main_loss': '0.00861581', 'time_per_step': '2.62206'}
2026-03-17 00:03:20,581 - train_greyscale_FA_MoE.py - {'step': '337100', 'lr': '0.0002', 'total_loss': '0.00725235', 'main_loss': '0.00725235', 'time_per_step': '2.54987'}
2026-03-17 00:07:49,886 - train_greyscale_FA_MoE.py - {'step': '337200', 'lr': '0.0002', 'total_loss': '0.00843968', 'main_loss': '0.00843968', 'time_per_step': '2.52695'}
2026-03-17 00:12:20,194 - train_greyscale_FA_MoE.py - {'step': '337300', 'lr': '0.0002', 'total_loss': '0.00729145', 'main_loss': '0.00729145', 'time_per_step': '2.59897'}
2026-03-17 00:16:50,659 - train_greyscale_FA_MoE.py - {'step': '337400', 'lr': '0.0002', 'total_loss': '0.00753708', 'main_loss': '0.00753708', 'time_per_step': '2.63119'}
2026-03-17 00:21:20,852 - train_greyscale_FA_MoE.py - {'step': '337500', 'lr': '0.0002', 'total_loss': '0.00606777', 'main_loss': '0.00606777', 'time_per_step': '2.63248'}
2026-03-17 00:25:51,028 - train_greyscale_FA_MoE.py - {'step': '337600', 'lr': '0.0002', 'total_loss': '0.00559945', 'main_loss': '0.00559945', 'time_per_step': '2.60482'}
2026-03-17 00:30:27,366 - train_greyscale_FA_MoE.py - {'step': '337700', 'lr': '0.0002', 'total_loss': '0.00568572', 'main_loss': '0.00568572', 'time_per_step': '2.73033'}
2026-03-17 00:34:57,429 - train_greyscale_FA_MoE.py - {'step': '337800', 'lr': '0.0002', 'total_loss': '0.00558389', 'main_loss': '0.00558389', 'time_per_step': '2.62563'}
2026-03-17 00:39:26,816 - train_greyscale_FA_MoE.py - {'step': '337900', 'lr': '0.0002', 'total_loss': '0.0093034', 'main_loss': '0.0093034', 'time_per_step': '2.69777'}
2026-03-17 00:43:56,835 - train_greyscale_FA_MoE.py - {'step': '338000', 'lr': '0.0002', 'total_loss': '0.00670681', 'main_loss': '0.00670681', 'time_per_step': '2.69934'}
2026-03-17 00:48:26,975 - train_greyscale_FA_MoE.py - {'step': '338100', 'lr': '0.0002', 'total_loss': '0.00905025', 'main_loss': '0.00905025', 'time_per_step': '2.70348'}
2026-03-17 00:52:56,557 - train_greyscale_FA_MoE.py - {'step': '338200', 'lr': '0.0002', 'total_loss': '0.00982736', 'main_loss': '0.00982736', 'time_per_step': '2.6738'}
2026-03-17 00:57:26,989 - train_greyscale_FA_MoE.py - {'step': '338300', 'lr': '0.0002', 'total_loss': '0.00946454', 'main_loss': '0.00946454', 'time_per_step': '2.63981'}
2026-03-17 01:01:56,478 - train_greyscale_FA_MoE.py - {'step': '338400', 'lr': '0.0002', 'total_loss': '0.00578522', 'main_loss': '0.00578522', 'time_per_step': '2.60326'}
2026-03-17 01:06:26,390 - train_greyscale_FA_MoE.py - {'step': '338500', 'lr': '0.0002', 'total_loss': '0.00825149', 'main_loss': '0.00825149', 'time_per_step': '2.63485'}
2026-03-17 01:10:56,414 - train_greyscale_FA_MoE.py - {'step': '338600', 'lr': '0.0002', 'total_loss': '0.0103106', 'main_loss': '0.0103106', 'time_per_step': '2.67555'}
2026-03-17 01:15:26,649 - train_greyscale_FA_MoE.py - {'step': '338700', 'lr': '0.0002', 'total_loss': '0.00800603', 'main_loss': '0.00800603', 'time_per_step': '2.69001'}
2026-03-17 01:19:55,916 - train_greyscale_FA_MoE.py - {'step': '338800', 'lr': '0.0002', 'total_loss': '0.00597255', 'main_loss': '0.00597255', 'time_per_step': '2.66883'}
2026-03-17 01:24:25,795 - train_greyscale_FA_MoE.py - {'step': '338900', 'lr': '0.0002', 'total_loss': '0.00748151', 'main_loss': '0.00748151', 'time_per_step': '2.68141'}
2026-03-17 01:28:56,095 - train_greyscale_FA_MoE.py - {'step': '339000', 'lr': '0.0002', 'total_loss': '0.00681667', 'main_loss': '0.00681667', 'time_per_step': '2.67638'}
2026-03-17 01:33:26,401 - train_greyscale_FA_MoE.py - {'step': '339100', 'lr': '0.0002', 'total_loss': '0.00877152', 'main_loss': '0.00877152', 'time_per_step': '2.68138'}
2026-03-17 01:37:55,764 - train_greyscale_FA_MoE.py - {'step': '339200', 'lr': '0.0002', 'total_loss': '0.00698241', 'main_loss': '0.00698241', 'time_per_step': '2.69611'}
2026-03-17 01:42:25,435 - train_greyscale_FA_MoE.py - {'step': '339300', 'lr': '0.0002', 'total_loss': '0.00755988', 'main_loss': '0.00755988', 'time_per_step': '2.68719'}
2026-03-17 01:46:55,737 - train_greyscale_FA_MoE.py - {'step': '339400', 'lr': '0.0002', 'total_loss': '0.00709334', 'main_loss': '0.00709334', 'time_per_step': '2.67462'}
2026-03-17 01:51:26,072 - train_greyscale_FA_MoE.py - {'step': '339500', 'lr': '0.0002', 'total_loss': '0.012508', 'main_loss': '0.012508', 'time_per_step': '2.62707'}
2026-03-17 01:55:55,134 - train_greyscale_FA_MoE.py - {'step': '339600', 'lr': '0.0002', 'total_loss': '0.00543329', 'main_loss': '0.00543329', 'time_per_step': '2.58065'}
2026-03-17 02:00:25,759 - train_greyscale_FA_MoE.py - {'step': '339700', 'lr': '0.0002', 'total_loss': '0.00877426', 'main_loss': '0.00877426', 'time_per_step': '2.6605'}
2026-03-17 02:04:56,006 - train_greyscale_FA_MoE.py - {'step': '339800', 'lr': '0.0002', 'total_loss': '0.0109572', 'main_loss': '0.0109572', 'time_per_step': '2.686'}
2026-03-17 02:09:26,485 - train_greyscale_FA_MoE.py - {'step': '339900', 'lr': '0.0002', 'total_loss': '0.00766907', 'main_loss': '0.00766907', 'time_per_step': '2.68748'}
2026-03-17 02:13:55,909 - train_greyscale_FA_MoE.py - {'step': '340000', 'lr': '0.0002', 'total_loss': '0.00922759', 'main_loss': '0.00922759', 'time_per_step': '2.68982'}
2026-03-17 02:18:26,065 - train_greyscale_FA_MoE.py - {'step': '340100', 'lr': '0.0002', 'total_loss': '0.00943885', 'main_loss': '0.00943885', 'time_per_step': '2.67808'}
2026-03-17 02:22:55,845 - train_greyscale_FA_MoE.py - {'step': '340200', 'lr': '0.0002', 'total_loss': '0.00720089', 'main_loss': '0.00720089', 'time_per_step': '2.66758'}
2026-03-17 02:27:25,250 - train_greyscale_FA_MoE.py - {'step': '340300', 'lr': '0.0002', 'total_loss': '0.0101395', 'main_loss': '0.0101395', 'time_per_step': '2.66747'}
2026-03-17 02:31:55,517 - train_greyscale_FA_MoE.py - {'step': '340400', 'lr': '0.0002', 'total_loss': '0.00569882', 'main_loss': '0.00569882', 'time_per_step': '2.67604'}
2026-03-17 02:36:25,634 - train_greyscale_FA_MoE.py - {'step': '340500', 'lr': '0.0002', 'total_loss': '0.00656453', 'main_loss': '0.00656453', 'time_per_step': '2.6643'}
2026-03-17 02:40:55,218 - train_greyscale_FA_MoE.py - {'step': '340600', 'lr': '0.0002', 'total_loss': '0.00873629', 'main_loss': '0.00873629', 'time_per_step': '2.69573'}
2026-03-17 02:45:25,238 - train_greyscale_FA_MoE.py - {'step': '340700', 'lr': '0.0002', 'total_loss': '0.00966964', 'main_loss': '0.00966964', 'time_per_step': '2.62045'}
2026-03-17 02:49:54,920 - train_greyscale_FA_MoE.py - {'step': '340800', 'lr': '0.0002', 'total_loss': '0.00453426', 'main_loss': '0.00453426', 'time_per_step': '2.59919'}
2026-03-17 02:54:25,560 - train_greyscale_FA_MoE.py - {'step': '340900', 'lr': '0.0002', 'total_loss': '0.00621145', 'main_loss': '0.00621145', 'time_per_step': '2.68439'}
2026-03-17 02:58:56,618 - train_greyscale_FA_MoE.py - {'step': '341000', 'lr': '0.0002', 'total_loss': '0.00936061', 'main_loss': '0.00936061', 'time_per_step': '2.68499'}
2026-03-17 03:03:26,554 - train_greyscale_FA_MoE.py - {'step': '341100', 'lr': '0.0002', 'total_loss': '0.00961962', 'main_loss': '0.00961962', 'time_per_step': '2.66991'}
2026-03-17 03:07:56,928 - train_greyscale_FA_MoE.py - {'step': '341200', 'lr': '0.0002', 'total_loss': '0.00808046', 'main_loss': '0.00808046', 'time_per_step': '2.7102'}
2026-03-17 03:12:26,154 - train_greyscale_FA_MoE.py - {'step': '341300', 'lr': '0.0002', 'total_loss': '0.0099663', 'main_loss': '0.0099663', 'time_per_step': '2.70228'}
2026-03-17 03:16:55,994 - train_greyscale_FA_MoE.py - {'step': '341400', 'lr': '0.0002', 'total_loss': '0.00718487', 'main_loss': '0.00718487', 'time_per_step': '2.70885'}
2026-03-17 03:21:25,356 - train_greyscale_FA_MoE.py - {'step': '341500', 'lr': '0.0002', 'total_loss': '0.008623', 'main_loss': '0.008623', 'time_per_step': '2.66191'}
2026-03-17 03:25:55,660 - train_greyscale_FA_MoE.py - {'step': '341600', 'lr': '0.0002', 'total_loss': '0.00715699', 'main_loss': '0.00715699', 'time_per_step': '2.68594'}
2026-03-17 03:30:25,768 - train_greyscale_FA_MoE.py - {'step': '341700', 'lr': '0.0002', 'total_loss': '0.00795106', 'main_loss': '0.00795106', 'time_per_step': '2.69529'}
2026-03-17 03:34:55,917 - train_greyscale_FA_MoE.py - {'step': '341800', 'lr': '0.0002', 'total_loss': '0.00625978', 'main_loss': '0.00625978', 'time_per_step': '2.71709'}
2026-03-17 03:39:25,933 - train_greyscale_FA_MoE.py - {'step': '341900', 'lr': '0.0002', 'total_loss': '0.00878582', 'main_loss': '0.00878582', 'time_per_step': '2.62459'}
2026-03-17 03:43:55,410 - train_greyscale_FA_MoE.py - {'step': '342000', 'lr': '0.0002', 'total_loss': '0.00750356', 'main_loss': '0.00750356', 'time_per_step': '2.59537'}
2026-03-17 03:48:25,713 - train_greyscale_FA_MoE.py - {'step': '342100', 'lr': '0.0002', 'total_loss': '0.00659214', 'main_loss': '0.00659214', 'time_per_step': '2.67646'}
2026-03-17 03:52:55,891 - train_greyscale_FA_MoE.py - {'step': '342200', 'lr': '0.0002', 'total_loss': '0.00629542', 'main_loss': '0.00629542', 'time_per_step': '2.7'}
2026-03-17 03:57:25,449 - train_greyscale_FA_MoE.py - {'step': '342300', 'lr': '0.0002', 'total_loss': '0.00899051', 'main_loss': '0.00899051', 'time_per_step': '2.67314'}
2026-03-17 04:01:55,566 - train_greyscale_FA_MoE.py - {'step': '342400', 'lr': '0.0002', 'total_loss': '0.00824437', 'main_loss': '0.00824437', 'time_per_step': '2.70079'}
2026-03-17 04:06:25,746 - train_greyscale_FA_MoE.py - {'step': '342500', 'lr': '0.0002', 'total_loss': '0.0107438', 'main_loss': '0.0107438', 'time_per_step': '2.69347'}
2026-03-17 04:10:56,305 - train_greyscale_FA_MoE.py - {'step': '342600', 'lr': '0.0002', 'total_loss': '0.00556366', 'main_loss': '0.00556366', 'time_per_step': '2.73641'}
2026-03-17 04:15:26,099 - train_greyscale_FA_MoE.py - {'step': '342700', 'lr': '0.0002', 'total_loss': '0.00838509', 'main_loss': '0.00838509', 'time_per_step': '2.69759'}
2026-03-17 04:19:56,300 - train_greyscale_FA_MoE.py - {'step': '342800', 'lr': '0.0002', 'total_loss': '0.0122624', 'main_loss': '0.0122624', 'time_per_step': '2.70904'}
2026-03-17 04:24:26,753 - train_greyscale_FA_MoE.py - {'step': '342900', 'lr': '0.0002', 'total_loss': '0.00579203', 'main_loss': '0.00579203', 'time_per_step': '2.73365'}
2026-03-17 04:28:57,271 - train_greyscale_FA_MoE.py - {'step': '343000', 'lr': '0.0002', 'total_loss': '0.00652215', 'main_loss': '0.00652215', 'time_per_step': '2.70282'}
2026-03-17 04:33:27,613 - train_greyscale_FA_MoE.py - {'step': '343100', 'lr': '0.0002', 'total_loss': '0.00792415', 'main_loss': '0.00792415', 'time_per_step': '2.67384'}
2026-03-17 04:37:56,544 - train_greyscale_FA_MoE.py - {'step': '343200', 'lr': '0.0002', 'total_loss': '0.00787634', 'main_loss': '0.00787634', 'time_per_step': '2.57999'}
2026-03-17 04:42:26,907 - train_greyscale_FA_MoE.py - {'step': '343300', 'lr': '0.0002', 'total_loss': '0.00770226', 'main_loss': '0.00770226', 'time_per_step': '2.67611'}
2026-03-17 04:46:57,009 - train_greyscale_FA_MoE.py - {'step': '343400', 'lr': '0.0002', 'total_loss': '0.00713786', 'main_loss': '0.00713786', 'time_per_step': '2.69428'}
2026-03-17 04:51:26,713 - train_greyscale_FA_MoE.py - {'step': '343500', 'lr': '0.0002', 'total_loss': '0.00572415', 'main_loss': '0.00572415', 'time_per_step': '2.727'}
2026-03-17 04:55:56,582 - train_greyscale_FA_MoE.py - {'step': '343600', 'lr': '0.0002', 'total_loss': '0.00793954', 'main_loss': '0.00793954', 'time_per_step': '2.69551'}
2026-03-17 05:00:26,700 - train_greyscale_FA_MoE.py - {'step': '343700', 'lr': '0.0002', 'total_loss': '0.00822783', 'main_loss': '0.00822783', 'time_per_step': '2.69069'}
2026-03-17 05:04:57,035 - train_greyscale_FA_MoE.py - {'step': '343800', 'lr': '0.0002', 'total_loss': '0.0141186', 'main_loss': '0.0141186', 'time_per_step': '2.70432'}
2026-03-17 05:09:27,233 - train_greyscale_FA_MoE.py - {'step': '343900', 'lr': '0.0002', 'total_loss': '0.00851702', 'main_loss': '0.00851702', 'time_per_step': '2.75466'}
2026-03-17 05:13:56,738 - train_greyscale_FA_MoE.py - {'step': '344000', 'lr': '0.0002', 'total_loss': '0.00845274', 'main_loss': '0.00845274', 'time_per_step': '2.69127'}
2026-03-17 05:18:25,942 - train_greyscale_FA_MoE.py - {'step': '344100', 'lr': '0.0002', 'total_loss': '0.00755998', 'main_loss': '0.00755998', 'time_per_step': '2.69538'}
2026-03-17 05:22:56,393 - train_greyscale_FA_MoE.py - {'step': '344200', 'lr': '0.0002', 'total_loss': '0.00754028', 'main_loss': '0.00754028', 'time_per_step': '2.74853'}
2026-03-17 05:27:25,960 - train_greyscale_FA_MoE.py - {'step': '344300', 'lr': '0.0002', 'total_loss': '0.00643736', 'main_loss': '0.00643736', 'time_per_step': '2.61966'}
2026-03-17 05:31:55,679 - train_greyscale_FA_MoE.py - {'step': '344400', 'lr': '0.0002', 'total_loss': '0.00894949', 'main_loss': '0.00894949', 'time_per_step': '2.58884'}
2026-03-17 05:36:26,608 - train_greyscale_FA_MoE.py - {'step': '344500', 'lr': '0.0002', 'total_loss': '0.0107387', 'main_loss': '0.0107387', 'time_per_step': '2.68867'}
2026-03-17 05:40:55,862 - train_greyscale_FA_MoE.py - {'step': '344600', 'lr': '0.0002', 'total_loss': '0.00899698', 'main_loss': '0.00899698', 'time_per_step': '2.6927'}
2026-03-17 05:45:25,878 - train_greyscale_FA_MoE.py - {'step': '344700', 'lr': '0.0002', 'total_loss': '0.00744513', 'main_loss': '0.00744513', 'time_per_step': '2.67308'}
2026-03-17 05:49:55,955 - train_greyscale_FA_MoE.py - {'step': '344800', 'lr': '0.0002', 'total_loss': '0.00875801', 'main_loss': '0.00875801', 'time_per_step': '2.68517'}
2026-03-17 05:54:25,496 - train_greyscale_FA_MoE.py - {'step': '344900', 'lr': '0.0002', 'total_loss': '0.00753059', 'main_loss': '0.00753059', 'time_per_step': '2.68824'}
2026-03-17 05:58:55,084 - train_greyscale_FA_MoE.py - {'step': '345000', 'lr': '0.0002', 'total_loss': '0.0112278', 'main_loss': '0.0112278', 'time_per_step': '2.68905'}
2026-03-17 06:03:25,261 - train_greyscale_FA_MoE.py - {'step': '345100', 'lr': '0.0002', 'total_loss': '0.00974689', 'main_loss': '0.00974689', 'time_per_step': '2.67538'}
2026-03-17 06:07:55,668 - train_greyscale_FA_MoE.py - {'step': '345200', 'lr': '0.0002', 'total_loss': '0.00964833', 'main_loss': '0.00964833', 'time_per_step': '2.67865'}
2026-03-17 06:12:25,466 - train_greyscale_FA_MoE.py - {'step': '345300', 'lr': '0.0002', 'total_loss': '0.00821183', 'main_loss': '0.00821183', 'time_per_step': '2.67281'}
2026-03-17 06:16:55,768 - train_greyscale_FA_MoE.py - {'step': '345400', 'lr': '0.0002', 'total_loss': '0.00604533', 'main_loss': '0.00604533', 'time_per_step': '2.6911'}
2026-03-17 06:21:25,648 - train_greyscale_FA_MoE.py - {'step': '345500', 'lr': '0.0002', 'total_loss': '0.00859934', 'main_loss': '0.00859934', 'time_per_step': '2.61716'}
2026-03-17 06:25:54,932 - train_greyscale_FA_MoE.py - {'step': '345600', 'lr': '0.0002', 'total_loss': '0.00572059', 'main_loss': '0.00572059', 'time_per_step': '2.60621'}
2026-03-17 06:30:25,283 - train_greyscale_FA_MoE.py - {'step': '345700', 'lr': '0.0002', 'total_loss': '0.00710799', 'main_loss': '0.00710799', 'time_per_step': '2.65114'}
2026-03-17 06:34:55,604 - train_greyscale_FA_MoE.py - {'step': '345800', 'lr': '0.0002', 'total_loss': '0.00843096', 'main_loss': '0.00843096', 'time_per_step': '2.69353'}
2026-03-17 06:39:24,951 - train_greyscale_FA_MoE.py - {'step': '345900', 'lr': '0.0002', 'total_loss': '0.00480182', 'main_loss': '0.00480182', 'time_per_step': '2.71589'}
2026-03-17 06:43:54,523 - train_greyscale_FA_MoE.py - {'step': '346000', 'lr': '0.0002', 'total_loss': '0.00922378', 'main_loss': '0.00922378', 'time_per_step': '2.62372'}
2026-03-17 06:48:24,610 - train_greyscale_FA_MoE.py - {'step': '346100', 'lr': '0.0002', 'total_loss': '0.00865105', 'main_loss': '0.00865105', 'time_per_step': '2.61772'}
2026-03-17 06:52:54,906 - train_greyscale_FA_MoE.py - {'step': '346200', 'lr': '0.0002', 'total_loss': '0.00597689', 'main_loss': '0.00597689', 'time_per_step': '2.69274'}
2026-03-17 06:57:25,836 - train_greyscale_FA_MoE.py - {'step': '346300', 'lr': '0.0002', 'total_loss': '0.0103256', 'main_loss': '0.0103256', 'time_per_step': '2.68052'}
2026-03-17 07:01:55,887 - train_greyscale_FA_MoE.py - {'step': '346400', 'lr': '0.0002', 'total_loss': '0.00801538', 'main_loss': '0.00801538', 'time_per_step': '2.69828'}
2026-03-17 07:06:26,238 - train_greyscale_FA_MoE.py - {'step': '346500', 'lr': '0.0002', 'total_loss': '0.00688491', 'main_loss': '0.00688491', 'time_per_step': '2.72908'}
2026-03-17 07:10:56,336 - train_greyscale_FA_MoE.py - {'step': '346600', 'lr': '0.0002', 'total_loss': '0.00826924', 'main_loss': '0.00826924', 'time_per_step': '2.73269'}
2026-03-17 07:15:26,367 - train_greyscale_FA_MoE.py - {'step': '346700', 'lr': '0.0002', 'total_loss': '0.00520235', 'main_loss': '0.00520235', 'time_per_step': '2.60293'}
2026-03-17 07:19:55,286 - train_greyscale_FA_MoE.py - {'step': '346800', 'lr': '0.0002', 'total_loss': '0.00527198', 'main_loss': '0.00527198', 'time_per_step': '2.6046'}
2026-03-17 07:24:25,918 - train_greyscale_FA_MoE.py - {'step': '346900', 'lr': '0.0002', 'total_loss': '0.00674195', 'main_loss': '0.00674195', 'time_per_step': '2.65678'}
2026-03-17 07:28:55,625 - train_greyscale_FA_MoE.py - {'step': '347000', 'lr': '0.0002', 'total_loss': '0.00458646', 'main_loss': '0.00458646', 'time_per_step': '2.67592'}
2026-03-17 07:33:25,834 - train_greyscale_FA_MoE.py - {'step': '347100', 'lr': '0.0002', 'total_loss': '0.0103137', 'main_loss': '0.0103137', 'time_per_step': '2.69931'}
2026-03-17 07:37:55,889 - train_greyscale_FA_MoE.py - {'step': '347200', 'lr': '0.0002', 'total_loss': '0.00823396', 'main_loss': '0.00823396', 'time_per_step': '2.6893'}
2026-03-17 07:42:25,753 - train_greyscale_FA_MoE.py - {'step': '347300', 'lr': '0.0002', 'total_loss': '0.00731687', 'main_loss': '0.00731687', 'time_per_step': '2.69474'}
2026-03-17 07:46:55,812 - train_greyscale_FA_MoE.py - {'step': '347400', 'lr': '0.0002', 'total_loss': '0.0125318', 'main_loss': '0.0125318', 'time_per_step': '2.71358'}
2026-03-17 07:51:25,794 - train_greyscale_FA_MoE.py - {'step': '347500', 'lr': '0.0002', 'total_loss': '0.00789211', 'main_loss': '0.00789211', 'time_per_step': '2.66734'}
2026-03-17 07:55:55,134 - train_greyscale_FA_MoE.py - {'step': '347600', 'lr': '0.0002', 'total_loss': '0.00919155', 'main_loss': '0.00919155', 'time_per_step': '2.67394'}
2026-03-17 08:00:24,524 - train_greyscale_FA_MoE.py - {'step': '347700', 'lr': '0.0002', 'total_loss': '0.0111929', 'main_loss': '0.0111929', 'time_per_step': '2.61053'}
2026-03-17 08:04:54,543 - train_greyscale_FA_MoE.py - {'step': '347800', 'lr': '0.0002', 'total_loss': '0.00846492', 'main_loss': '0.00846492', 'time_per_step': '2.62569'}
2026-03-17 08:09:24,209 - train_greyscale_FA_MoE.py - {'step': '347900', 'lr': '0.0002', 'total_loss': '0.00703597', 'main_loss': '0.00703597', 'time_per_step': '2.54641'}
2026-03-17 08:13:53,509 - train_greyscale_FA_MoE.py - {'step': '348000', 'lr': '0.0002', 'total_loss': '0.00825581', 'main_loss': '0.00825581', 'time_per_step': '2.53008'}
2026-03-17 08:18:23,349 - train_greyscale_FA_MoE.py - {'step': '348100', 'lr': '0.0002', 'total_loss': '0.00812673', 'main_loss': '0.00812673', 'time_per_step': '2.59166'}
2026-03-17 08:22:53,251 - train_greyscale_FA_MoE.py - {'step': '348200', 'lr': '0.0002', 'total_loss': '0.0084716', 'main_loss': '0.0084716', 'time_per_step': '2.62408'}
2026-03-17 08:27:23,409 - train_greyscale_FA_MoE.py - {'step': '348300', 'lr': '0.0002', 'total_loss': '0.00926738', 'main_loss': '0.00926738', 'time_per_step': '2.61914'}
2026-03-17 08:31:52,951 - train_greyscale_FA_MoE.py - {'step': '348400', 'lr': '0.0002', 'total_loss': '0.00861587', 'main_loss': '0.00861587', 'time_per_step': '2.61144'}
2026-03-17 08:36:22,970 - train_greyscale_FA_MoE.py - {'step': '348500', 'lr': '0.0002', 'total_loss': '0.00558313', 'main_loss': '0.00558313', 'time_per_step': '2.61765'}
2026-03-17 08:40:52,382 - train_greyscale_FA_MoE.py - {'step': '348600', 'lr': '0.0002', 'total_loss': '0.012088', 'main_loss': '0.012088', 'time_per_step': '2.61842'}
2026-03-17 08:45:22,625 - train_greyscale_FA_MoE.py - {'step': '348700', 'lr': '0.0002', 'total_loss': '0.0053648', 'main_loss': '0.0053648', 'time_per_step': '2.62924'}
2026-03-17 08:49:52,393 - train_greyscale_FA_MoE.py - {'step': '348800', 'lr': '0.0002', 'total_loss': '0.0084933', 'main_loss': '0.0084933', 'time_per_step': '2.62109'}
2026-03-17 08:54:21,755 - train_greyscale_FA_MoE.py - {'step': '348900', 'lr': '0.0002', 'total_loss': '0.00773167', 'main_loss': '0.00773167', 'time_per_step': '2.62807'}
2026-03-17 08:58:52,315 - train_greyscale_FA_MoE.py - {'step': '349000', 'lr': '0.0002', 'total_loss': '0.0114881', 'main_loss': '0.0114881', 'time_per_step': '2.59989'}
2026-03-17 09:03:21,999 - train_greyscale_FA_MoE.py - {'step': '349100', 'lr': '0.0002', 'total_loss': '0.00815596', 'main_loss': '0.00815596', 'time_per_step': '2.55494'}
2026-03-17 09:07:51,112 - train_greyscale_FA_MoE.py - {'step': '349200', 'lr': '0.0002', 'total_loss': '0.0109602', 'main_loss': '0.0109602', 'time_per_step': '2.53065'}
2026-03-17 09:12:21,719 - train_greyscale_FA_MoE.py - {'step': '349300', 'lr': '0.0002', 'total_loss': '0.00519923', 'main_loss': '0.00519923', 'time_per_step': '2.59913'}
2026-03-17 09:16:51,847 - train_greyscale_FA_MoE.py - {'step': '349400', 'lr': '0.0002', 'total_loss': '0.00956812', 'main_loss': '0.00956812', 'time_per_step': '2.60458'}
2026-03-17 09:21:21,159 - train_greyscale_FA_MoE.py - {'step': '349500', 'lr': '0.0002', 'total_loss': '0.00706685', 'main_loss': '0.00706685', 'time_per_step': '2.61129'}
2026-03-17 09:25:50,386 - train_greyscale_FA_MoE.py - {'step': '349600', 'lr': '0.0002', 'total_loss': '0.00862263', 'main_loss': '0.00862263', 'time_per_step': '2.62644'}
2026-03-17 09:30:20,539 - train_greyscale_FA_MoE.py - {'step': '349700', 'lr': '0.0002', 'total_loss': '0.00768054', 'main_loss': '0.00768054', 'time_per_step': '2.61854'}
2026-03-17 09:34:50,718 - train_greyscale_FA_MoE.py - {'step': '349800', 'lr': '0.0002', 'total_loss': '0.00744324', 'main_loss': '0.00744324', 'time_per_step': '2.62408'}
2026-03-17 09:39:20,693 - train_greyscale_FA_MoE.py - {'step': '349900', 'lr': '0.0002', 'total_loss': '0.00946949', 'main_loss': '0.00946949', 'time_per_step': '2.61562'}
2026-03-17 09:43:50,147 - train_greyscale_FA_MoE.py - {'step': '350000', 'lr': '0.0002', 'total_loss': '0.00563398', 'main_loss': '0.00563398', 'time_per_step': '2.62763'}
2026-03-17 09:43:50,177 - train_greyscale_FA_MoE.py - Saved expert distribution of layer in_block_0 to output_shift_fa/acdc_wholeheart_uncond_fa_ec_4moe8_greyscale_uvit_mid_4by4_l8r9_low16_Y_bound/samples/expert_distribution_in_block_0_step350000.npy
2026-03-17 09:43:52,483 - train_greyscale_FA_MoE.py - Saved expert distribution of layer out_block_7 to output_shift_fa/acdc_wholeheart_uncond_fa_ec_4moe8_greyscale_uvit_mid_4by4_l8r9_low16_Y_bound/samples/expert_distribution_out_block_7_step350000.npy
2026-03-17 09:43:54,946 - train_greyscale_FA_MoE.py - Save a grid of 16 samples into output_shift_fa/acdc_wholeheart_uncond_fa_ec_4moe8_greyscale_uvit_mid_4by4_l8r9_low16_Y_bound/samples/350000.png by DPM-Solver
2026-03-17 09:44:01,145 - train_greyscale_FA_MoE.py - Finished saving sample grid to output_shift_fa/acdc_wholeheart_uncond_fa_ec_4moe8_greyscale_uvit_mid_4by4_l8r9_low16_Y_bound/samples/350000.png by DPM-Solver.
2026-03-17 09:44:01,200 - train_greyscale_FA_MoE.py - Save and eval checkpoint 350000...
2026-03-17 09:44:04,098 - train_greyscale_FA_MoE.py - eval_step: n_samples=50000, sample_steps=50, algorithm=dpm_solver, mini_batch_size=500, samples save into output_shift_fa/acdc_wholeheart_uncond_fa_ec_4moe8_greyscale_uvit_mid_4by4_l8r9_low16_Y_bound/samples/acdc_wholeheart_uncond_uvit_FA_EC_4MoE8_greyscale_mid_4by4_low16_350000_dpm
2026-03-17 10:39:46,552 - train_greyscale_FA_MoE.py - step=350000 fid50000=11.808486906457802
2026-03-17 10:46:20,021 - is_lpips.py - LPIPS: 0.5140 ± 0.0492
2026-03-17 10:46:20,026 - train_greyscale_FA_MoE.py - step=350000 LPIPS50000=0.5139783941846972
2026-03-17 10:52:01,067 - train_greyscale_FA_MoE.py - {'step': '350100', 'lr': '0.0002', 'total_loss': '0.00885419', 'main_loss': '0.00885419', 'time_per_step': '2.63009'}
2026-03-17 10:56:31,292 - train_greyscale_FA_MoE.py - {'step': '350200', 'lr': '0.0002', 'total_loss': '0.00851498', 'main_loss': '0.00851498', 'time_per_step': '2.62261'}
2026-03-17 11:01:01,103 - train_greyscale_FA_MoE.py - {'step': '350300', 'lr': '0.0002', 'total_loss': '0.00758596', 'main_loss': '0.00758596', 'time_per_step': '2.57193'}
2026-03-17 11:05:30,835 - train_greyscale_FA_MoE.py - {'step': '350400', 'lr': '0.0002', 'total_loss': '0.00885083', 'main_loss': '0.00885083', 'time_per_step': '2.53139'}
2026-03-17 11:10:02,004 - train_greyscale_FA_MoE.py - {'step': '350500', 'lr': '0.0002', 'total_loss': '0.00937903', 'main_loss': '0.00937903', 'time_per_step': '2.59833'}
2026-03-17 11:14:32,420 - train_greyscale_FA_MoE.py - {'step': '350600', 'lr': '0.0002', 'total_loss': '0.00690256', 'main_loss': '0.00690256', 'time_per_step': '2.62329'}
2026-03-17 11:19:02,188 - train_greyscale_FA_MoE.py - {'step': '350700', 'lr': '0.0002', 'total_loss': '0.00888293', 'main_loss': '0.00888293', 'time_per_step': '2.60932'}
2026-03-17 11:23:31,744 - train_greyscale_FA_MoE.py - {'step': '350800', 'lr': '0.0002', 'total_loss': '0.00869292', 'main_loss': '0.00869292', 'time_per_step': '2.62623'}
2026-03-17 11:28:01,995 - train_greyscale_FA_MoE.py - {'step': '350900', 'lr': '0.0002', 'total_loss': '0.00671862', 'main_loss': '0.00671862', 'time_per_step': '2.62126'}
2026-03-17 11:32:31,434 - train_greyscale_FA_MoE.py - {'step': '351000', 'lr': '0.0002', 'total_loss': '0.00980201', 'main_loss': '0.00980201', 'time_per_step': '2.61769'}
2026-03-17 11:37:01,582 - train_greyscale_FA_MoE.py - {'step': '351100', 'lr': '0.0002', 'total_loss': '0.00714516', 'main_loss': '0.00714516', 'time_per_step': '2.61366'}
2026-03-17 11:41:32,318 - train_greyscale_FA_MoE.py - {'step': '351200', 'lr': '0.0002', 'total_loss': '0.00837352', 'main_loss': '0.00837352', 'time_per_step': '2.61504'}
2026-03-17 11:46:02,671 - train_greyscale_FA_MoE.py - {'step': '351300', 'lr': '0.0002', 'total_loss': '0.00712291', 'main_loss': '0.00712291', 'time_per_step': '2.62017'}
2026-03-17 11:50:32,976 - train_greyscale_FA_MoE.py - {'step': '351400', 'lr': '0.0002', 'total_loss': '0.00789925', 'main_loss': '0.00789925', 'time_per_step': '2.62304'}
2026-03-17 11:55:03,369 - train_greyscale_FA_MoE.py - {'step': '351500', 'lr': '0.0002', 'total_loss': '0.00768724', 'main_loss': '0.00768724', 'time_per_step': '2.56625'}
2026-03-17 11:59:33,210 - train_greyscale_FA_MoE.py - {'step': '351600', 'lr': '0.0002', 'total_loss': '0.00966649', 'main_loss': '0.00966649', 'time_per_step': '2.53054'}
2026-03-17 12:04:03,280 - train_greyscale_FA_MoE.py - {'step': '351700', 'lr': '0.0002', 'total_loss': '0.00482781', 'main_loss': '0.00482781', 'time_per_step': '2.59666'}
2026-03-17 12:08:33,727 - train_greyscale_FA_MoE.py - {'step': '351800', 'lr': '0.0002', 'total_loss': '0.00665409', 'main_loss': '0.00665409', 'time_per_step': '2.65237'}
2026-03-17 12:13:03,731 - train_greyscale_FA_MoE.py - {'step': '351900', 'lr': '0.0002', 'total_loss': '0.0104663', 'main_loss': '0.0104663', 'time_per_step': '2.61952'}
2026-03-17 12:17:34,253 - train_greyscale_FA_MoE.py - {'step': '352000', 'lr': '0.0002', 'total_loss': '0.00567551', 'main_loss': '0.00567551', 'time_per_step': '2.62012'}
2026-03-17 12:22:04,262 - train_greyscale_FA_MoE.py - {'step': '352100', 'lr': '0.0002', 'total_loss': '0.00687941', 'main_loss': '0.00687941', 'time_per_step': '2.61333'}
2026-03-17 12:26:34,604 - train_greyscale_FA_MoE.py - {'step': '352200', 'lr': '0.0002', 'total_loss': '0.0103777', 'main_loss': '0.0103777', 'time_per_step': '2.6169'}
2026-03-17 12:31:04,888 - train_greyscale_FA_MoE.py - {'step': '352300', 'lr': '0.0002', 'total_loss': '0.0103922', 'main_loss': '0.0103922', 'time_per_step': '2.62278'}
2026-03-17 12:35:35,075 - train_greyscale_FA_MoE.py - {'step': '352400', 'lr': '0.0002', 'total_loss': '0.00493159', 'main_loss': '0.00493159', 'time_per_step': '2.61582'}
2026-03-17 12:40:05,148 - train_greyscale_FA_MoE.py - {'step': '352500', 'lr': '0.0002', 'total_loss': '0.0109516', 'main_loss': '0.0109516', 'time_per_step': '2.61979'}
2026-03-17 12:44:35,059 - train_greyscale_FA_MoE.py - {'step': '352600', 'lr': '0.0002', 'total_loss': '0.0132641', 'main_loss': '0.0132641', 'time_per_step': '2.61323'}
2026-03-17 12:49:04,818 - train_greyscale_FA_MoE.py - {'step': '352700', 'lr': '0.0002', 'total_loss': '0.00681353', 'main_loss': '0.00681353', 'time_per_step': '2.54878'}
2026-03-17 12:53:34,558 - train_greyscale_FA_MoE.py - {'step': '352800', 'lr': '0.0002', 'total_loss': '0.00962633', 'main_loss': '0.00962633', 'time_per_step': '2.52666'}
2026-03-17 12:58:06,289 - train_greyscale_FA_MoE.py - {'step': '352900', 'lr': '0.0002', 'total_loss': '0.0118426', 'main_loss': '0.0118426', 'time_per_step': '2.58104'}
2026-03-17 13:02:36,424 - train_greyscale_FA_MoE.py - {'step': '353000', 'lr': '0.0002', 'total_loss': '0.00533318', 'main_loss': '0.00533318', 'time_per_step': '2.65518'}
2026-03-17 13:07:06,060 - train_greyscale_FA_MoE.py - {'step': '353100', 'lr': '0.0002', 'total_loss': '0.00607322', 'main_loss': '0.00607322', 'time_per_step': '2.63012'}
2026-03-17 13:11:35,422 - train_greyscale_FA_MoE.py - {'step': '353200', 'lr': '0.0002', 'total_loss': '0.00819516', 'main_loss': '0.00819516', 'time_per_step': '2.61179'}
2026-03-17 13:16:08,113 - train_greyscale_FA_MoE.py - {'step': '353300', 'lr': '0.0002', 'total_loss': '0.00673117', 'main_loss': '0.00673117', 'time_per_step': '2.63707'}
2026-03-17 13:20:38,232 - train_greyscale_FA_MoE.py - {'step': '353400', 'lr': '0.0002', 'total_loss': '0.00633153', 'main_loss': '0.00633153', 'time_per_step': '2.61524'}
2026-03-17 13:25:08,599 - train_greyscale_FA_MoE.py - {'step': '353500', 'lr': '0.0002', 'total_loss': '0.00677777', 'main_loss': '0.00677777', 'time_per_step': '2.63017'}
2026-03-17 13:29:44,552 - train_greyscale_FA_MoE.py - {'step': '353600', 'lr': '0.0002', 'total_loss': '0.00945443', 'main_loss': '0.00945443', 'time_per_step': '2.6076'}
2026-03-17 13:34:14,898 - train_greyscale_FA_MoE.py - {'step': '353700', 'lr': '0.0002', 'total_loss': '0.00629665', 'main_loss': '0.00629665', 'time_per_step': '2.6034'}
2026-03-17 13:38:49,236 - train_greyscale_FA_MoE.py - {'step': '353800', 'lr': '0.0002', 'total_loss': '0.0112265', 'main_loss': '0.0112265', 'time_per_step': '2.62479'}
2026-03-17 13:43:24,705 - train_greyscale_FA_MoE.py - {'step': '353900', 'lr': '0.0002', 'total_loss': '0.00514788', 'main_loss': '0.00514788', 'time_per_step': '2.55755'}
2026-03-17 13:47:53,669 - train_greyscale_FA_MoE.py - {'step': '354000', 'lr': '0.0002', 'total_loss': '0.0080281', 'main_loss': '0.0080281', 'time_per_step': '2.52827'}
2026-03-17 13:52:28,956 - train_greyscale_FA_MoE.py - {'step': '354100', 'lr': '0.0002', 'total_loss': '0.00657167', 'main_loss': '0.00657167', 'time_per_step': '2.58116'}
2026-03-17 13:57:05,715 - train_greyscale_FA_MoE.py - {'step': '354200', 'lr': '0.0002', 'total_loss': '0.00671968', 'main_loss': '0.00671968', 'time_per_step': '2.61878'}
2026-03-17 14:01:36,905 - train_greyscale_FA_MoE.py - {'step': '354300', 'lr': '0.0002', 'total_loss': '0.00670533', 'main_loss': '0.00670533', 'time_per_step': '2.61282'}
2026-03-17 14:06:10,774 - train_greyscale_FA_MoE.py - {'step': '354400', 'lr': '0.0002', 'total_loss': '0.0115225', 'main_loss': '0.0115225', 'time_per_step': '2.60872'}
2026-03-17 14:10:47,011 - train_greyscale_FA_MoE.py - {'step': '354500', 'lr': '0.0002', 'total_loss': '0.00889042', 'main_loss': '0.00889042', 'time_per_step': '2.60985'}
2026-03-17 14:15:17,360 - train_greyscale_FA_MoE.py - {'step': '354600', 'lr': '0.0002', 'total_loss': '0.0103863', 'main_loss': '0.0103863', 'time_per_step': '2.70604'}
2026-03-17 14:19:54,149 - train_greyscale_FA_MoE.py - {'step': '354700', 'lr': '0.0002', 'total_loss': '0.00692072', 'main_loss': '0.00692072', 'time_per_step': '2.60783'}
2026-03-17 14:24:24,130 - train_greyscale_FA_MoE.py - {'step': '354800', 'lr': '0.0002', 'total_loss': '0.00750012', 'main_loss': '0.00750012', 'time_per_step': '2.60599'}
2026-03-17 14:28:53,712 - train_greyscale_FA_MoE.py - {'step': '354900', 'lr': '0.0002', 'total_loss': '0.00782744', 'main_loss': '0.00782744', 'time_per_step': '2.6145'}
2026-03-17 14:33:23,988 - train_greyscale_FA_MoE.py - {'step': '355000', 'lr': '0.0002', 'total_loss': '0.0109792', 'main_loss': '0.0109792', 'time_per_step': '2.61366'}
2026-03-17 14:37:54,223 - train_greyscale_FA_MoE.py - {'step': '355100', 'lr': '0.0002', 'total_loss': '0.00936005', 'main_loss': '0.00936005', 'time_per_step': '2.54237'}
2026-03-17 14:42:24,042 - train_greyscale_FA_MoE.py - {'step': '355200', 'lr': '0.0002', 'total_loss': '0.00654117', 'main_loss': '0.00654117', 'time_per_step': '2.52643'}
2026-03-17 14:46:54,892 - train_greyscale_FA_MoE.py - {'step': '355300', 'lr': '0.0002', 'total_loss': '0.00670913', 'main_loss': '0.00670913', 'time_per_step': '2.66655'}
2026-03-17 14:51:24,204 - train_greyscale_FA_MoE.py - {'step': '355400', 'lr': '0.0002', 'total_loss': '0.00863746', 'main_loss': '0.00863746', 'time_per_step': '2.60352'}
2026-03-17 14:55:53,253 - train_greyscale_FA_MoE.py - {'step': '355500', 'lr': '0.0002', 'total_loss': '0.00803065', 'main_loss': '0.00803065', 'time_per_step': '2.62775'}
2026-03-17 15:00:24,029 - train_greyscale_FA_MoE.py - {'step': '355600', 'lr': '0.0002', 'total_loss': '0.00716484', 'main_loss': '0.00716484', 'time_per_step': '2.59348'}
2026-03-17 15:04:54,421 - train_greyscale_FA_MoE.py - {'step': '355700', 'lr': '0.0002', 'total_loss': '0.00844341', 'main_loss': '0.00844341', 'time_per_step': '2.62429'}
2026-03-17 15:09:23,923 - train_greyscale_FA_MoE.py - {'step': '355800', 'lr': '0.0002', 'total_loss': '0.00703234', 'main_loss': '0.00703234', 'time_per_step': '2.60552'}
2026-03-17 15:13:54,429 - train_greyscale_FA_MoE.py - {'step': '355900', 'lr': '0.0002', 'total_loss': '0.00999497', 'main_loss': '0.00999497', 'time_per_step': '2.61366'}
2026-03-17 15:18:24,659 - train_greyscale_FA_MoE.py - {'step': '356000', 'lr': '0.0002', 'total_loss': '0.00980238', 'main_loss': '0.00980238', 'time_per_step': '2.61226'}
2026-03-17 15:22:54,671 - train_greyscale_FA_MoE.py - {'step': '356100', 'lr': '0.0002', 'total_loss': '0.00607889', 'main_loss': '0.00607889', 'time_per_step': '2.60712'}
2026-03-17 15:27:24,973 - train_greyscale_FA_MoE.py - {'step': '356200', 'lr': '0.0002', 'total_loss': '0.00894304', 'main_loss': '0.00894304', 'time_per_step': '2.68449'}
2026-03-17 15:31:54,171 - train_greyscale_FA_MoE.py - {'step': '356300', 'lr': '0.0002', 'total_loss': '0.00665161', 'main_loss': '0.00665161', 'time_per_step': '2.54588'}
2026-03-17 15:36:22,972 - train_greyscale_FA_MoE.py - {'step': '356400', 'lr': '0.0002', 'total_loss': '0.00489816', 'main_loss': '0.00489816', 'time_per_step': '2.53038'}
2026-03-17 15:40:53,276 - train_greyscale_FA_MoE.py - {'step': '356500', 'lr': '0.0002', 'total_loss': '0.0108552', 'main_loss': '0.0108552', 'time_per_step': '2.61132'}
2026-03-17 15:45:23,474 - train_greyscale_FA_MoE.py - {'step': '356600', 'lr': '0.0002', 'total_loss': '0.00566438', 'main_loss': '0.00566438', 'time_per_step': '2.61452'}
2026-03-17 15:49:53,511 - train_greyscale_FA_MoE.py - {'step': '356700', 'lr': '0.0002', 'total_loss': '0.00960424', 'main_loss': '0.00960424', 'time_per_step': '2.61202'}
2026-03-17 15:54:23,910 - train_greyscale_FA_MoE.py - {'step': '356800', 'lr': '0.0002', 'total_loss': '0.00909094', 'main_loss': '0.00909094', 'time_per_step': '2.6061'}
2026-03-17 15:58:53,966 - train_greyscale_FA_MoE.py - {'step': '356900', 'lr': '0.0002', 'total_loss': '0.00505095', 'main_loss': '0.00505095', 'time_per_step': '2.61099'}
2026-03-17 16:03:23,523 - train_greyscale_FA_MoE.py - {'step': '357000', 'lr': '0.0002', 'total_loss': '0.00858581', 'main_loss': '0.00858581', 'time_per_step': '2.61852'}
2026-03-17 16:07:53,687 - train_greyscale_FA_MoE.py - {'step': '357100', 'lr': '0.0002', 'total_loss': '0.00690607', 'main_loss': '0.00690607', 'time_per_step': '2.60564'}
2026-03-17 16:12:22,985 - train_greyscale_FA_MoE.py - {'step': '357200', 'lr': '0.0002', 'total_loss': '0.00919509', 'main_loss': '0.00919509', 'time_per_step': '2.61229'}
2026-03-17 16:16:53,424 - train_greyscale_FA_MoE.py - {'step': '357300', 'lr': '0.0002', 'total_loss': '0.00603903', 'main_loss': '0.00603903', 'time_per_step': '2.6171'}
2026-03-17 16:21:22,760 - train_greyscale_FA_MoE.py - {'step': '357400', 'lr': '0.0002', 'total_loss': '0.00699043', 'main_loss': '0.00699043', 'time_per_step': '2.61647'}
2026-03-17 16:25:52,727 - train_greyscale_FA_MoE.py - {'step': '357500', 'lr': '0.0002', 'total_loss': '0.0098692', 'main_loss': '0.0098692', 'time_per_step': '2.5292'}
2026-03-17 16:30:22,658 - train_greyscale_FA_MoE.py - {'step': '357600', 'lr': '0.0002', 'total_loss': '0.00686593', 'main_loss': '0.00686593', 'time_per_step': '2.53022'}
2026-03-17 16:34:52,600 - train_greyscale_FA_MoE.py - {'step': '357700', 'lr': '0.0002', 'total_loss': '0.00922797', 'main_loss': '0.00922797', 'time_per_step': '2.58796'}
2026-03-17 16:39:21,745 - train_greyscale_FA_MoE.py - {'step': '357800', 'lr': '0.0002', 'total_loss': '0.00521636', 'main_loss': '0.00521636', 'time_per_step': '2.58286'}
2026-03-17 16:43:52,126 - train_greyscale_FA_MoE.py - {'step': '357900', 'lr': '0.0002', 'total_loss': '0.0090776', 'main_loss': '0.0090776', 'time_per_step': '2.62211'}
2026-03-17 16:48:22,209 - train_greyscale_FA_MoE.py - {'step': '358000', 'lr': '0.0002', 'total_loss': '0.00526883', 'main_loss': '0.00526883', 'time_per_step': '2.60542'}
2026-03-17 16:52:51,454 - train_greyscale_FA_MoE.py - {'step': '358100', 'lr': '0.0002', 'total_loss': '0.00884923', 'main_loss': '0.00884923', 'time_per_step': '2.62238'}
2026-03-17 16:57:22,202 - train_greyscale_FA_MoE.py - {'step': '358200', 'lr': '0.0002', 'total_loss': '0.00777053', 'main_loss': '0.00777053', 'time_per_step': '2.60844'}
2026-03-17 17:01:52,118 - train_greyscale_FA_MoE.py - {'step': '358300', 'lr': '0.0002', 'total_loss': '0.00721997', 'main_loss': '0.00721997', 'time_per_step': '2.58918'}
2026-03-17 17:06:22,052 - train_greyscale_FA_MoE.py - {'step': '358400', 'lr': '0.0002', 'total_loss': '0.00836571', 'main_loss': '0.00836571', 'time_per_step': '2.61211'}
2026-03-17 17:10:52,323 - train_greyscale_FA_MoE.py - {'step': '358500', 'lr': '0.0002', 'total_loss': '0.00896798', 'main_loss': '0.00896798', 'time_per_step': '2.60661'}
2026-03-17 17:15:21,871 - train_greyscale_FA_MoE.py - {'step': '358600', 'lr': '0.0002', 'total_loss': '0.00792998', 'main_loss': '0.00792998', 'time_per_step': '2.61461'}
2026-03-17 17:19:51,814 - train_greyscale_FA_MoE.py - {'step': '358700', 'lr': '0.0002', 'total_loss': '0.00998549', 'main_loss': '0.00998549', 'time_per_step': '2.51651'}
2026-03-17 17:24:21,767 - train_greyscale_FA_MoE.py - {'step': '358800', 'lr': '0.0002', 'total_loss': '0.00712474', 'main_loss': '0.00712474', 'time_per_step': '2.52605'}
2026-03-17 17:28:53,129 - train_greyscale_FA_MoE.py - {'step': '358900', 'lr': '0.0002', 'total_loss': '0.00733893', 'main_loss': '0.00733893', 'time_per_step': '2.6014'}
2026-03-17 17:33:22,304 - train_greyscale_FA_MoE.py - {'step': '359000', 'lr': '0.0002', 'total_loss': '0.00675689', 'main_loss': '0.00675689', 'time_per_step': '2.62871'}
2026-03-17 17:37:52,201 - train_greyscale_FA_MoE.py - {'step': '359100', 'lr': '0.0002', 'total_loss': '0.00908859', 'main_loss': '0.00908859', 'time_per_step': '2.61249'}
2026-03-17 17:42:21,572 - train_greyscale_FA_MoE.py - {'step': '359200', 'lr': '0.0002', 'total_loss': '0.00678159', 'main_loss': '0.00678159', 'time_per_step': '2.61688'}
2026-03-17 17:46:51,744 - train_greyscale_FA_MoE.py - {'step': '359300', 'lr': '0.0002', 'total_loss': '0.00863012', 'main_loss': '0.00863012', 'time_per_step': '2.6287'}
2026-03-17 17:51:21,753 - train_greyscale_FA_MoE.py - {'step': '359400', 'lr': '0.0002', 'total_loss': '0.00902932', 'main_loss': '0.00902932', 'time_per_step': '2.61899'}
2026-03-17 17:55:51,318 - train_greyscale_FA_MoE.py - {'step': '359500', 'lr': '0.0002', 'total_loss': '0.00728229', 'main_loss': '0.00728229', 'time_per_step': '2.61768'}
2026-03-17 18:00:22,006 - train_greyscale_FA_MoE.py - {'step': '359600', 'lr': '0.0002', 'total_loss': '0.00823903', 'main_loss': '0.00823903', 'time_per_step': '2.61294'}
2026-03-17 18:04:51,830 - train_greyscale_FA_MoE.py - {'step': '359700', 'lr': '0.0002', 'total_loss': '0.00447116', 'main_loss': '0.00447116', 'time_per_step': '2.63341'}
2026-03-17 18:09:21,831 - train_greyscale_FA_MoE.py - {'step': '359800', 'lr': '0.0002', 'total_loss': '0.0105482', 'main_loss': '0.0105482', 'time_per_step': '2.61793'}
2026-03-17 18:13:51,012 - train_greyscale_FA_MoE.py - {'step': '359900', 'lr': '0.0002', 'total_loss': '0.0083434', 'main_loss': '0.0083434', 'time_per_step': '2.54775'}
2026-03-17 18:18:20,956 - train_greyscale_FA_MoE.py - {'step': '360000', 'lr': '0.0002', 'total_loss': '0.00782926', 'main_loss': '0.00782926', 'time_per_step': '2.52643'}
2026-03-17 18:22:50,900 - train_greyscale_FA_MoE.py - {'step': '360100', 'lr': '0.0002', 'total_loss': '0.0100838', 'main_loss': '0.0100838', 'time_per_step': '2.58131'}
2026-03-17 18:27:20,993 - train_greyscale_FA_MoE.py - {'step': '360200', 'lr': '0.0002', 'total_loss': '0.0071292', 'main_loss': '0.0071292', 'time_per_step': '2.64516'}
2026-03-17 18:31:51,060 - train_greyscale_FA_MoE.py - {'step': '360300', 'lr': '0.0002', 'total_loss': '0.00692524', 'main_loss': '0.00692524', 'time_per_step': '2.61246'}
2026-03-17 18:36:20,578 - train_greyscale_FA_MoE.py - {'step': '360400', 'lr': '0.0002', 'total_loss': '0.00843585', 'main_loss': '0.00843585', 'time_per_step': '2.61682'}
2026-03-17 18:40:49,943 - train_greyscale_FA_MoE.py - {'step': '360500', 'lr': '0.0002', 'total_loss': '0.00980332', 'main_loss': '0.00980332', 'time_per_step': '2.62574'}
2026-03-17 18:45:20,240 - train_greyscale_FA_MoE.py - {'step': '360600', 'lr': '0.0002', 'total_loss': '0.00832875', 'main_loss': '0.00832875', 'time_per_step': '2.62775'}
2026-03-17 18:49:50,046 - train_greyscale_FA_MoE.py - {'step': '360700', 'lr': '0.0002', 'total_loss': '0.00956483', 'main_loss': '0.00956483', 'time_per_step': '2.63158'}
2026-03-17 18:54:19,310 - train_greyscale_FA_MoE.py - {'step': '360800', 'lr': '0.0002', 'total_loss': '0.00698164', 'main_loss': '0.00698164', 'time_per_step': '2.62949'}
2026-03-17 18:58:49,766 - train_greyscale_FA_MoE.py - {'step': '360900', 'lr': '0.0002', 'total_loss': '0.00462266', 'main_loss': '0.00462266', 'time_per_step': '2.60552'}
2026-03-17 19:03:20,002 - train_greyscale_FA_MoE.py - {'step': '361000', 'lr': '0.0002', 'total_loss': '0.00731365', 'main_loss': '0.00731365', 'time_per_step': '2.61743'}
2026-03-17 19:07:50,162 - train_greyscale_FA_MoE.py - {'step': '361100', 'lr': '0.0002', 'total_loss': '0.0107277', 'main_loss': '0.0107277', 'time_per_step': '2.54671'}
2026-03-17 19:12:19,864 - train_greyscale_FA_MoE.py - {'step': '361200', 'lr': '0.0002', 'total_loss': '0.00876699', 'main_loss': '0.00876699', 'time_per_step': '2.5323'}
2026-03-17 19:16:49,755 - train_greyscale_FA_MoE.py - {'step': '361300', 'lr': '0.0002', 'total_loss': '0.00835096', 'main_loss': '0.00835096', 'time_per_step': '2.6209'}
2026-03-17 19:21:19,014 - train_greyscale_FA_MoE.py - {'step': '361400', 'lr': '0.0002', 'total_loss': '0.00668573', 'main_loss': '0.00668573', 'time_per_step': '2.60573'}
2026-03-17 19:25:49,331 - train_greyscale_FA_MoE.py - {'step': '361500', 'lr': '0.0002', 'total_loss': '0.00638503', 'main_loss': '0.00638503', 'time_per_step': '2.63709'}
2026-03-17 19:30:19,378 - train_greyscale_FA_MoE.py - {'step': '361600', 'lr': '0.0002', 'total_loss': '0.00619071', 'main_loss': '0.00619071', 'time_per_step': '2.61549'}
2026-03-17 19:34:48,396 - train_greyscale_FA_MoE.py - {'step': '361700', 'lr': '0.0002', 'total_loss': '0.00440846', 'main_loss': '0.00440846', 'time_per_step': '2.6125'}
2026-03-17 19:39:17,653 - train_greyscale_FA_MoE.py - {'step': '361800', 'lr': '0.0002', 'total_loss': '0.0107915', 'main_loss': '0.0107915', 'time_per_step': '2.60929'}
2026-03-17 19:43:47,046 - train_greyscale_FA_MoE.py - {'step': '361900', 'lr': '0.0002', 'total_loss': '0.00584551', 'main_loss': '0.00584551', 'time_per_step': '2.61261'}
2026-03-17 19:48:16,575 - train_greyscale_FA_MoE.py - {'step': '362000', 'lr': '0.0002', 'total_loss': '0.00912945', 'main_loss': '0.00912945', 'time_per_step': '2.60628'}
2026-03-17 19:52:46,068 - train_greyscale_FA_MoE.py - {'step': '362100', 'lr': '0.0002', 'total_loss': '0.00819543', 'main_loss': '0.00819543', 'time_per_step': '2.62944'}
2026-03-17 19:57:15,310 - train_greyscale_FA_MoE.py - {'step': '362200', 'lr': '0.0002', 'total_loss': '0.0081666', 'main_loss': '0.0081666', 'time_per_step': '2.59781'}
2026-03-17 20:01:45,202 - train_greyscale_FA_MoE.py - {'step': '362300', 'lr': '0.0002', 'total_loss': '0.00531112', 'main_loss': '0.00531112', 'time_per_step': '2.54591'}
2026-03-17 20:06:14,740 - train_greyscale_FA_MoE.py - {'step': '362400', 'lr': '0.0002', 'total_loss': '0.00997425', 'main_loss': '0.00997425', 'time_per_step': '2.50933'}
2026-03-17 20:10:45,469 - train_greyscale_FA_MoE.py - {'step': '362500', 'lr': '0.0002', 'total_loss': '0.00859061', 'main_loss': '0.00859061', 'time_per_step': '2.60816'}
2026-03-17 20:15:14,673 - train_greyscale_FA_MoE.py - {'step': '362600', 'lr': '0.0002', 'total_loss': '0.00455472', 'main_loss': '0.00455472', 'time_per_step': '2.66777'}
2026-03-17 20:19:45,086 - train_greyscale_FA_MoE.py - {'step': '362700', 'lr': '0.0002', 'total_loss': '0.00738201', 'main_loss': '0.00738201', 'time_per_step': '2.61622'}
2026-03-17 20:24:14,450 - train_greyscale_FA_MoE.py - {'step': '362800', 'lr': '0.0002', 'total_loss': '0.00756344', 'main_loss': '0.00756344', 'time_per_step': '2.62928'}
2026-03-17 20:28:44,633 - train_greyscale_FA_MoE.py - {'step': '362900', 'lr': '0.0002', 'total_loss': '0.00731781', 'main_loss': '0.00731781', 'time_per_step': '2.592'}
2026-03-17 20:33:14,579 - train_greyscale_FA_MoE.py - {'step': '363000', 'lr': '0.0002', 'total_loss': '0.00665267', 'main_loss': '0.00665267', 'time_per_step': '2.61612'}
2026-03-17 20:37:44,147 - train_greyscale_FA_MoE.py - {'step': '363100', 'lr': '0.0002', 'total_loss': '0.00827088', 'main_loss': '0.00827088', 'time_per_step': '2.61526'}
2026-03-17 20:42:13,812 - train_greyscale_FA_MoE.py - {'step': '363200', 'lr': '0.0002', 'total_loss': '0.0081401', 'main_loss': '0.0081401', 'time_per_step': '2.60818'}
2026-03-17 20:46:44,017 - train_greyscale_FA_MoE.py - {'step': '363300', 'lr': '0.0002', 'total_loss': '0.0113168', 'main_loss': '0.0113168', 'time_per_step': '2.62151'}
2026-03-17 20:51:13,701 - train_greyscale_FA_MoE.py - {'step': '363400', 'lr': '0.0002', 'total_loss': '0.00533023', 'main_loss': '0.00533023', 'time_per_step': '2.58358'}
2026-03-17 20:55:42,607 - train_greyscale_FA_MoE.py - {'step': '363500', 'lr': '0.0002', 'total_loss': '0.00556864', 'main_loss': '0.00556864', 'time_per_step': '2.5434'}
2026-03-17 21:00:12,058 - train_greyscale_FA_MoE.py - {'step': '363600', 'lr': '0.0002', 'total_loss': '0.0110189', 'main_loss': '0.0110189', 'time_per_step': '2.53078'}
2026-03-17 21:04:42,691 - train_greyscale_FA_MoE.py - {'step': '363700', 'lr': '0.0002', 'total_loss': '0.00998211', 'main_loss': '0.00998211', 'time_per_step': '2.59278'}
2026-03-17 21:09:12,781 - train_greyscale_FA_MoE.py - {'step': '363800', 'lr': '0.0002', 'total_loss': '0.0119866', 'main_loss': '0.0119866', 'time_per_step': '2.59848'}
2026-03-17 21:13:43,158 - train_greyscale_FA_MoE.py - {'step': '363900', 'lr': '0.0002', 'total_loss': '0.00865084', 'main_loss': '0.00865084', 'time_per_step': '2.63219'}
2026-03-17 21:18:13,285 - train_greyscale_FA_MoE.py - {'step': '364000', 'lr': '0.0002', 'total_loss': '0.00773956', 'main_loss': '0.00773956', 'time_per_step': '2.61379'}
2026-03-17 21:22:43,416 - train_greyscale_FA_MoE.py - {'step': '364100', 'lr': '0.0002', 'total_loss': '0.00631131', 'main_loss': '0.00631131', 'time_per_step': '2.61391'}
2026-03-17 21:27:13,881 - train_greyscale_FA_MoE.py - {'step': '364200', 'lr': '0.0002', 'total_loss': '0.00738136', 'main_loss': '0.00738136', 'time_per_step': '2.61216'}
2026-03-17 21:31:43,071 - train_greyscale_FA_MoE.py - {'step': '364300', 'lr': '0.0002', 'total_loss': '0.00773439', 'main_loss': '0.00773439', 'time_per_step': '2.61636'}
2026-03-17 21:36:12,212 - train_greyscale_FA_MoE.py - {'step': '364400', 'lr': '0.0002', 'total_loss': '0.00961212', 'main_loss': '0.00961212', 'time_per_step': '2.61472'}
2026-03-17 21:40:42,355 - train_greyscale_FA_MoE.py - {'step': '364500', 'lr': '0.0002', 'total_loss': '0.00756554', 'main_loss': '0.00756554', 'time_per_step': '2.63677'}
2026-03-17 21:45:12,428 - train_greyscale_FA_MoE.py - {'step': '364600', 'lr': '0.0002', 'total_loss': '0.00731027', 'main_loss': '0.00731027', 'time_per_step': '2.61883'}
2026-03-17 21:49:41,787 - train_greyscale_FA_MoE.py - {'step': '364700', 'lr': '0.0002', 'total_loss': '0.00945656', 'main_loss': '0.00945656', 'time_per_step': '2.5426'}
2026-03-17 21:54:11,062 - train_greyscale_FA_MoE.py - {'step': '364800', 'lr': '0.0002', 'total_loss': '0.00675737', 'main_loss': '0.00675737', 'time_per_step': '2.53192'}
2026-03-17 21:58:42,445 - train_greyscale_FA_MoE.py - {'step': '364900', 'lr': '0.0002', 'total_loss': '0.00956011', 'main_loss': '0.00956011', 'time_per_step': '2.6074'}
2026-03-17 22:03:11,619 - train_greyscale_FA_MoE.py - {'step': '365000', 'lr': '0.0002', 'total_loss': '0.00995104', 'main_loss': '0.00995104', 'time_per_step': '2.59259'}
2026-03-17 22:07:41,311 - train_greyscale_FA_MoE.py - {'step': '365100', 'lr': '0.0002', 'total_loss': '0.0085806', 'main_loss': '0.0085806', 'time_per_step': '2.59086'}
2026-03-17 22:12:10,410 - train_greyscale_FA_MoE.py - {'step': '365200', 'lr': '0.0002', 'total_loss': '0.00991579', 'main_loss': '0.00991579', 'time_per_step': '2.60065'}
2026-03-17 22:16:41,078 - train_greyscale_FA_MoE.py - {'step': '365300', 'lr': '0.0002', 'total_loss': '0.00829102', 'main_loss': '0.00829102', 'time_per_step': '2.61145'}
2026-03-17 22:21:10,706 - train_greyscale_FA_MoE.py - {'step': '365400', 'lr': '0.0002', 'total_loss': '0.0063622', 'main_loss': '0.0063622', 'time_per_step': '2.5792'}
2026-03-17 22:25:40,712 - train_greyscale_FA_MoE.py - {'step': '365500', 'lr': '0.0002', 'total_loss': '0.00806791', 'main_loss': '0.00806791', 'time_per_step': '2.59525'}
2026-03-17 22:30:10,841 - train_greyscale_FA_MoE.py - {'step': '365600', 'lr': '0.0002', 'total_loss': '0.00640078', 'main_loss': '0.00640078', 'time_per_step': '2.59813'}
2026-03-17 22:34:41,194 - train_greyscale_FA_MoE.py - {'step': '365700', 'lr': '0.0002', 'total_loss': '0.00660483', 'main_loss': '0.00660483', 'time_per_step': '2.62111'}
2026-03-17 22:39:11,107 - train_greyscale_FA_MoE.py - {'step': '365800', 'lr': '0.0002', 'total_loss': '0.00884136', 'main_loss': '0.00884136', 'time_per_step': '2.60219'}
2026-03-17 22:43:40,247 - train_greyscale_FA_MoE.py - {'step': '365900', 'lr': '0.0002', 'total_loss': '0.00854455', 'main_loss': '0.00854455', 'time_per_step': '2.55436'}
2026-03-17 22:48:09,886 - train_greyscale_FA_MoE.py - {'step': '366000', 'lr': '0.0002', 'total_loss': '0.00713859', 'main_loss': '0.00713859', 'time_per_step': '2.53299'}
2026-03-17 22:52:39,570 - train_greyscale_FA_MoE.py - {'step': '366100', 'lr': '0.0002', 'total_loss': '0.00511276', 'main_loss': '0.00511276', 'time_per_step': '2.57867'}
2026-03-17 22:57:10,159 - train_greyscale_FA_MoE.py - {'step': '366200', 'lr': '0.0002', 'total_loss': '0.00603563', 'main_loss': '0.00603563', 'time_per_step': '2.61498'}
2026-03-17 23:01:39,435 - train_greyscale_FA_MoE.py - {'step': '366300', 'lr': '0.0002', 'total_loss': '0.0103368', 'main_loss': '0.0103368', 'time_per_step': '2.61511'}
2026-03-17 23:06:09,473 - train_greyscale_FA_MoE.py - {'step': '366400', 'lr': '0.0002', 'total_loss': '0.00706633', 'main_loss': '0.00706633', 'time_per_step': '2.6267'}
2026-03-17 23:10:39,676 - train_greyscale_FA_MoE.py - {'step': '366500', 'lr': '0.0002', 'total_loss': '0.00731334', 'main_loss': '0.00731334', 'time_per_step': '2.59499'}
2026-03-17 23:15:08,840 - train_greyscale_FA_MoE.py - {'step': '366600', 'lr': '0.0002', 'total_loss': '0.00610629', 'main_loss': '0.00610629', 'time_per_step': '2.62899'}
2026-03-17 23:19:38,673 - train_greyscale_FA_MoE.py - {'step': '366700', 'lr': '0.0002', 'total_loss': '0.0104082', 'main_loss': '0.0104082', 'time_per_step': '2.61781'}
2026-03-17 23:24:08,803 - train_greyscale_FA_MoE.py - {'step': '366800', 'lr': '0.0002', 'total_loss': '0.00742438', 'main_loss': '0.00742438', 'time_per_step': '2.62073'}
2026-03-17 23:28:38,659 - train_greyscale_FA_MoE.py - {'step': '366900', 'lr': '0.0002', 'total_loss': '0.00608606', 'main_loss': '0.00608606', 'time_per_step': '2.62895'}
2026-03-17 23:33:08,099 - train_greyscale_FA_MoE.py - {'step': '367000', 'lr': '0.0002', 'total_loss': '0.00809911', 'main_loss': '0.00809911', 'time_per_step': '2.65808'}
2026-03-17 23:37:38,271 - train_greyscale_FA_MoE.py - {'step': '367100', 'lr': '0.0002', 'total_loss': '0.00924065', 'main_loss': '0.00924065', 'time_per_step': '2.5614'}
2026-03-17 23:42:07,890 - train_greyscale_FA_MoE.py - {'step': '367200', 'lr': '0.0002', 'total_loss': '0.00614673', 'main_loss': '0.00614673', 'time_per_step': '2.53012'}
2026-03-17 23:46:37,747 - train_greyscale_FA_MoE.py - {'step': '367300', 'lr': '0.0002', 'total_loss': '0.00713449', 'main_loss': '0.00713449', 'time_per_step': '2.62868'}
2026-03-17 23:51:08,493 - train_greyscale_FA_MoE.py - {'step': '367400', 'lr': '0.0002', 'total_loss': '0.00978033', 'main_loss': '0.00978033', 'time_per_step': '2.61366'}
2026-03-17 23:55:38,172 - train_greyscale_FA_MoE.py - {'step': '367500', 'lr': '0.0002', 'total_loss': '0.0059995', 'main_loss': '0.0059995', 'time_per_step': '2.61171'}
2026-03-18 00:00:08,629 - train_greyscale_FA_MoE.py - {'step': '367600', 'lr': '0.0002', 'total_loss': '0.00676858', 'main_loss': '0.00676858', 'time_per_step': '2.63897'}
2026-03-18 00:04:38,865 - train_greyscale_FA_MoE.py - {'step': '367700', 'lr': '0.0002', 'total_loss': '0.00765967', 'main_loss': '0.00765967', 'time_per_step': '2.61857'}
2026-03-18 00:09:08,956 - train_greyscale_FA_MoE.py - {'step': '367800', 'lr': '0.0002', 'total_loss': '0.00618084', 'main_loss': '0.00618084', 'time_per_step': '2.61799'}
2026-03-18 00:13:38,165 - train_greyscale_FA_MoE.py - {'step': '367900', 'lr': '0.0002', 'total_loss': '0.00910353', 'main_loss': '0.00910353', 'time_per_step': '2.65953'}
2026-03-18 00:18:08,587 - train_greyscale_FA_MoE.py - {'step': '368000', 'lr': '0.0002', 'total_loss': '0.00577533', 'main_loss': '0.00577533', 'time_per_step': '2.62483'}
2026-03-18 00:22:40,516 - train_greyscale_FA_MoE.py - {'step': '368100', 'lr': '0.0002', 'total_loss': '0.00723893', 'main_loss': '0.00723893', 'time_per_step': '2.6353'}
2026-03-18 00:27:10,667 - train_greyscale_FA_MoE.py - {'step': '368200', 'lr': '0.0002', 'total_loss': '0.0110722', 'main_loss': '0.0110722', 'time_per_step': '2.61798'}
2026-03-18 00:31:41,035 - train_greyscale_FA_MoE.py - {'step': '368300', 'lr': '0.0002', 'total_loss': '0.00753134', 'main_loss': '0.00753134', 'time_per_step': '2.55149'}
2026-03-18 00:36:10,906 - train_greyscale_FA_MoE.py - {'step': '368400', 'lr': '0.0002', 'total_loss': '0.0112729', 'main_loss': '0.0112729', 'time_per_step': '2.52832'}
2026-03-18 00:40:46,603 - train_greyscale_FA_MoE.py - {'step': '368500', 'lr': '0.0002', 'total_loss': '0.00722031', 'main_loss': '0.00722031', 'time_per_step': '2.58714'}
2026-03-18 00:45:16,868 - train_greyscale_FA_MoE.py - {'step': '368600', 'lr': '0.0002', 'total_loss': '0.0104223', 'main_loss': '0.0104223', 'time_per_step': '2.63507'}
2026-03-18 00:49:47,443 - train_greyscale_FA_MoE.py - {'step': '368700', 'lr': '0.0002', 'total_loss': '0.0127761', 'main_loss': '0.0127761', 'time_per_step': '2.59601'}
2026-03-18 00:54:21,390 - train_greyscale_FA_MoE.py - {'step': '368800', 'lr': '0.0002', 'total_loss': '0.00809976', 'main_loss': '0.00809976', 'time_per_step': '2.6121'}
2026-03-18 00:58:51,817 - train_greyscale_FA_MoE.py - {'step': '368900', 'lr': '0.0002', 'total_loss': '0.00683665', 'main_loss': '0.00683665', 'time_per_step': '2.60169'}
2026-03-18 01:03:21,854 - train_greyscale_FA_MoE.py - {'step': '369000', 'lr': '0.0002', 'total_loss': '0.00785613', 'main_loss': '0.00785613', 'time_per_step': '2.63416'}
2026-03-18 01:07:51,882 - train_greyscale_FA_MoE.py - {'step': '369100', 'lr': '0.0002', 'total_loss': '0.00692879', 'main_loss': '0.00692879', 'time_per_step': '2.62971'}
2026-03-18 01:12:27,049 - train_greyscale_FA_MoE.py - {'step': '369200', 'lr': '0.0002', 'total_loss': '0.00577464', 'main_loss': '0.00577464', 'time_per_step': '2.73152'}
2026-03-18 01:16:57,212 - train_greyscale_FA_MoE.py - {'step': '369300', 'lr': '0.0002', 'total_loss': '0.00989521', 'main_loss': '0.00989521', 'time_per_step': '2.70217'}
2026-03-18 01:21:27,284 - train_greyscale_FA_MoE.py - {'step': '369400', 'lr': '0.0002', 'total_loss': '0.00714584', 'main_loss': '0.00714584', 'time_per_step': '2.74422'}
2026-03-18 01:26:02,866 - train_greyscale_FA_MoE.py - {'step': '369500', 'lr': '0.0002', 'total_loss': '0.00664655', 'main_loss': '0.00664655', 'time_per_step': '2.55017'}
2026-03-18 01:30:32,809 - train_greyscale_FA_MoE.py - {'step': '369600', 'lr': '0.0002', 'total_loss': '0.00785582', 'main_loss': '0.00785582', 'time_per_step': '2.52861'}
2026-03-18 01:35:02,606 - train_greyscale_FA_MoE.py - {'step': '369700', 'lr': '0.0002', 'total_loss': '0.00724545', 'main_loss': '0.00724545', 'time_per_step': '2.64953'}
2026-03-18 01:39:31,697 - train_greyscale_FA_MoE.py - {'step': '369800', 'lr': '0.0002', 'total_loss': '0.00618361', 'main_loss': '0.00618361', 'time_per_step': '2.62104'}
2026-03-18 01:44:06,078 - train_greyscale_FA_MoE.py - {'step': '369900', 'lr': '0.0002', 'total_loss': '0.00997579', 'main_loss': '0.00997579', 'time_per_step': '2.59514'}
2026-03-18 01:48:36,517 - train_greyscale_FA_MoE.py - {'step': '370000', 'lr': '0.0002', 'total_loss': '0.00988562', 'main_loss': '0.00988562', 'time_per_step': '2.59838'}
2026-03-18 01:53:05,750 - train_greyscale_FA_MoE.py - {'step': '370100', 'lr': '0.0002', 'total_loss': '0.00625497', 'main_loss': '0.00625497', 'time_per_step': '2.61271'}
2026-03-18 01:57:41,329 - train_greyscale_FA_MoE.py - {'step': '370200', 'lr': '0.0002', 'total_loss': '0.010396', 'main_loss': '0.010396', 'time_per_step': '2.59533'}
2026-03-18 02:02:11,478 - train_greyscale_FA_MoE.py - {'step': '370300', 'lr': '0.0002', 'total_loss': '0.00802556', 'main_loss': '0.00802556', 'time_per_step': '2.60669'}
2026-03-18 02:06:40,982 - train_greyscale_FA_MoE.py - {'step': '370400', 'lr': '0.0002', 'total_loss': '0.00943779', 'main_loss': '0.00943779', 'time_per_step': '2.59726'}
2026-03-18 02:11:10,045 - train_greyscale_FA_MoE.py - {'step': '370500', 'lr': '0.0002', 'total_loss': '0.0120877', 'main_loss': '0.0120877', 'time_per_step': '2.61147'}
2026-03-18 02:15:45,620 - train_greyscale_FA_MoE.py - {'step': '370600', 'lr': '0.0002', 'total_loss': '0.0107276', 'main_loss': '0.0107276', 'time_per_step': '2.60864'}
2026-03-18 02:20:14,449 - train_greyscale_FA_MoE.py - {'step': '370700', 'lr': '0.0002', 'total_loss': '0.0107885', 'main_loss': '0.0107885', 'time_per_step': '2.54237'}
2026-03-18 02:24:44,306 - train_greyscale_FA_MoE.py - {'step': '370800', 'lr': '0.0002', 'total_loss': '0.0096493', 'main_loss': '0.0096493', 'time_per_step': '2.52431'}
2026-03-18 02:29:19,217 - train_greyscale_FA_MoE.py - {'step': '370900', 'lr': '0.0002', 'total_loss': '0.00712908', 'main_loss': '0.00712908', 'time_per_step': '2.59591'}
2026-03-18 02:33:48,843 - train_greyscale_FA_MoE.py - {'step': '371000', 'lr': '0.0002', 'total_loss': '0.00857665', 'main_loss': '0.00857665', 'time_per_step': '2.65132'}
2026-03-18 02:38:19,158 - train_greyscale_FA_MoE.py - {'step': '371100', 'lr': '0.0002', 'total_loss': '0.0088962', 'main_loss': '0.0088962', 'time_per_step': '2.61578'}
2026-03-18 02:42:49,242 - train_greyscale_FA_MoE.py - {'step': '371200', 'lr': '0.0002', 'total_loss': '0.0094449', 'main_loss': '0.0094449', 'time_per_step': '2.62837'}
2026-03-18 02:47:23,424 - train_greyscale_FA_MoE.py - {'step': '371300', 'lr': '0.0002', 'total_loss': '0.00857728', 'main_loss': '0.00857728', 'time_per_step': '2.60961'}
2026-03-18 02:51:52,658 - train_greyscale_FA_MoE.py - {'step': '371400', 'lr': '0.0002', 'total_loss': '0.00792786', 'main_loss': '0.00792786', 'time_per_step': '2.61643'}
2026-03-18 02:56:22,695 - train_greyscale_FA_MoE.py - {'step': '371500', 'lr': '0.0002', 'total_loss': '0.00761628', 'main_loss': '0.00761628', 'time_per_step': '2.60835'}
2026-03-18 03:00:57,664 - train_greyscale_FA_MoE.py - {'step': '371600', 'lr': '0.0002', 'total_loss': '0.00710919', 'main_loss': '0.00710919', 'time_per_step': '2.59769'}
2026-03-18 03:05:28,184 - train_greyscale_FA_MoE.py - {'step': '371700', 'lr': '0.0002', 'total_loss': '0.00819755', 'main_loss': '0.00819755', 'time_per_step': '2.76069'}
2026-03-18 03:09:58,239 - train_greyscale_FA_MoE.py - {'step': '371800', 'lr': '0.0002', 'total_loss': '0.0063632', 'main_loss': '0.0063632', 'time_per_step': '2.60688'}
2026-03-18 03:14:28,345 - train_greyscale_FA_MoE.py - {'step': '371900', 'lr': '0.0002', 'total_loss': '0.00667825', 'main_loss': '0.00667825', 'time_per_step': '2.69764'}
2026-03-18 03:19:02,532 - train_greyscale_FA_MoE.py - {'step': '372000', 'lr': '0.0002', 'total_loss': '0.00742191', 'main_loss': '0.00742191', 'time_per_step': '2.52778'}
2026-03-18 03:23:38,059 - train_greyscale_FA_MoE.py - {'step': '372100', 'lr': '0.0002', 'total_loss': '0.0115102', 'main_loss': '0.0115102', 'time_per_step': '2.58733'}
2026-03-18 03:28:08,710 - train_greyscale_FA_MoE.py - {'step': '372200', 'lr': '0.0002', 'total_loss': '0.00962662', 'main_loss': '0.00962662', 'time_per_step': '2.6215'}
2026-03-18 03:32:38,295 - train_greyscale_FA_MoE.py - {'step': '372300', 'lr': '0.0002', 'total_loss': '0.00822311', 'main_loss': '0.00822311', 'time_per_step': '2.60776'}
2026-03-18 03:37:08,475 - train_greyscale_FA_MoE.py - {'step': '372400', 'lr': '0.0002', 'total_loss': '0.00714247', 'main_loss': '0.00714247', 'time_per_step': '2.63771'}
2026-03-18 03:41:42,792 - train_greyscale_FA_MoE.py - {'step': '372500', 'lr': '0.0002', 'total_loss': '0.0083113', 'main_loss': '0.0083113', 'time_per_step': '2.63065'}
2026-03-18 03:46:11,877 - train_greyscale_FA_MoE.py - {'step': '372600', 'lr': '0.0002', 'total_loss': '0.00853603', 'main_loss': '0.00853603', 'time_per_step': '2.62536'}
2026-03-18 03:50:42,487 - train_greyscale_FA_MoE.py - {'step': '372700', 'lr': '0.0002', 'total_loss': '0.00952979', 'main_loss': '0.00952979', 'time_per_step': '2.59898'}
2026-03-18 03:55:16,644 - train_greyscale_FA_MoE.py - {'step': '372800', 'lr': '0.0002', 'total_loss': '0.00928799', 'main_loss': '0.00928799', 'time_per_step': '2.60905'}
2026-03-18 03:59:46,965 - train_greyscale_FA_MoE.py - {'step': '372900', 'lr': '0.0002', 'total_loss': '0.00719362', 'main_loss': '0.00719362', 'time_per_step': '2.61936'}
2026-03-18 04:04:17,018 - train_greyscale_FA_MoE.py - {'step': '373000', 'lr': '0.0002', 'total_loss': '0.00916644', 'main_loss': '0.00916644', 'time_per_step': '2.59911'}
2026-03-18 04:08:46,374 - train_greyscale_FA_MoE.py - {'step': '373100', 'lr': '0.0002', 'total_loss': '0.00892614', 'main_loss': '0.00892614', 'time_per_step': '2.54334'}
2026-03-18 04:13:20,144 - train_greyscale_FA_MoE.py - {'step': '373200', 'lr': '0.0002', 'total_loss': '0.00946598', 'main_loss': '0.00946598', 'time_per_step': '2.52533'}
2026-03-18 04:17:50,079 - train_greyscale_FA_MoE.py - {'step': '373300', 'lr': '0.0002', 'total_loss': '0.00712418', 'main_loss': '0.00712418', 'time_per_step': '2.62856'}
2026-03-18 04:22:19,970 - train_greyscale_FA_MoE.py - {'step': '373400', 'lr': '0.0002', 'total_loss': '0.00630616', 'main_loss': '0.00630616', 'time_per_step': '2.59592'}
2026-03-18 04:26:51,922 - train_greyscale_FA_MoE.py - {'step': '373500', 'lr': '0.0002', 'total_loss': '0.00849593', 'main_loss': '0.00849593', 'time_per_step': '2.61071'}
2026-03-18 04:31:21,994 - train_greyscale_FA_MoE.py - {'step': '373600', 'lr': '0.0002', 'total_loss': '0.00823285', 'main_loss': '0.00823285', 'time_per_step': '2.60806'}
2026-03-18 04:35:52,065 - train_greyscale_FA_MoE.py - {'step': '373700', 'lr': '0.0002', 'total_loss': '0.00656294', 'main_loss': '0.00656294', 'time_per_step': '2.62559'}
2026-03-18 04:40:21,880 - train_greyscale_FA_MoE.py - {'step': '373800', 'lr': '0.0002', 'total_loss': '0.00858922', 'main_loss': '0.00858922', 'time_per_step': '2.63665'}
2026-03-18 04:44:56,908 - train_greyscale_FA_MoE.py - {'step': '373900', 'lr': '0.0002', 'total_loss': '0.00724392', 'main_loss': '0.00724392', 'time_per_step': '2.71116'}
2026-03-18 04:49:26,629 - train_greyscale_FA_MoE.py - {'step': '374000', 'lr': '0.0002', 'total_loss': '0.00545472', 'main_loss': '0.00545472', 'time_per_step': '2.70033'}
2026-03-18 04:53:56,782 - train_greyscale_FA_MoE.py - {'step': '374100', 'lr': '0.0002', 'total_loss': '0.00573258', 'main_loss': '0.00573258', 'time_per_step': '2.71837'}
2026-03-18 04:58:32,214 - train_greyscale_FA_MoE.py - {'step': '374200', 'lr': '0.0002', 'total_loss': '0.0130789', 'main_loss': '0.0130789', 'time_per_step': '2.60462'}
2026-03-18 05:03:02,459 - train_greyscale_FA_MoE.py - {'step': '374300', 'lr': '0.0002', 'total_loss': '0.0109374', 'main_loss': '0.0109374', 'time_per_step': '2.5451'}
2026-03-18 05:07:36,030 - train_greyscale_FA_MoE.py - {'step': '374400', 'lr': '0.0002', 'total_loss': '0.00993339', 'main_loss': '0.00993339', 'time_per_step': '2.53619'}
2026-03-18 05:12:06,136 - train_greyscale_FA_MoE.py - {'step': '374500', 'lr': '0.0002', 'total_loss': '0.00726579', 'main_loss': '0.00726579', 'time_per_step': '2.61521'}
2026-03-18 05:16:36,233 - train_greyscale_FA_MoE.py - {'step': '374600', 'lr': '0.0002', 'total_loss': '0.00615604', 'main_loss': '0.00615604', 'time_per_step': '2.59824'}
2026-03-18 05:21:12,497 - train_greyscale_FA_MoE.py - {'step': '374700', 'lr': '0.0002', 'total_loss': '0.00862992', 'main_loss': '0.00862992', 'time_per_step': '2.62533'}
2026-03-18 05:25:43,081 - train_greyscale_FA_MoE.py - {'step': '374800', 'lr': '0.0002', 'total_loss': '0.00606824', 'main_loss': '0.00606824', 'time_per_step': '2.60992'}
2026-03-18 05:30:12,938 - train_greyscale_FA_MoE.py - {'step': '374900', 'lr': '0.0002', 'total_loss': '0.00976695', 'main_loss': '0.00976695', 'time_per_step': '2.60502'}
2026-03-18 05:34:42,109 - train_greyscale_FA_MoE.py - {'step': '375000', 'lr': '0.0002', 'total_loss': '0.00601477', 'main_loss': '0.00601477', 'time_per_step': '2.6291'}
2026-03-18 05:34:42,153 - train_greyscale_FA_MoE.py - Saved expert distribution of layer in_block_0 to output_shift_fa/acdc_wholeheart_uncond_fa_ec_4moe8_greyscale_uvit_mid_4by4_l8r9_low16_Y_bound/samples/expert_distribution_in_block_0_step375000.npy
2026-03-18 05:34:44,613 - train_greyscale_FA_MoE.py - Saved expert distribution of layer out_block_7 to output_shift_fa/acdc_wholeheart_uncond_fa_ec_4moe8_greyscale_uvit_mid_4by4_l8r9_low16_Y_bound/samples/expert_distribution_out_block_7_step375000.npy
2026-03-18 05:34:46,864 - train_greyscale_FA_MoE.py - Save a grid of 16 samples into output_shift_fa/acdc_wholeheart_uncond_fa_ec_4moe8_greyscale_uvit_mid_4by4_l8r9_low16_Y_bound/samples/375000.png by DPM-Solver
2026-03-18 05:34:53,063 - train_greyscale_FA_MoE.py - Finished saving sample grid to output_shift_fa/acdc_wholeheart_uncond_fa_ec_4moe8_greyscale_uvit_mid_4by4_l8r9_low16_Y_bound/samples/375000.png by DPM-Solver.
2026-03-18 05:34:53,118 - train_greyscale_FA_MoE.py - Save and eval checkpoint 375000...
2026-03-18 05:34:55,913 - train_greyscale_FA_MoE.py - eval_step: n_samples=50000, sample_steps=50, algorithm=dpm_solver, mini_batch_size=500, samples save into output_shift_fa/acdc_wholeheart_uncond_fa_ec_4moe8_greyscale_uvit_mid_4by4_l8r9_low16_Y_bound/samples/acdc_wholeheart_uncond_uvit_FA_EC_4MoE8_greyscale_mid_4by4_low16_375000_dpm
2026-03-18 06:30:32,112 - train_greyscale_FA_MoE.py - step=375000 fid50000=11.567413236208495
2026-03-18 06:37:05,261 - is_lpips.py - LPIPS: 0.5142 ± 0.0496
2026-03-18 06:37:05,266 - train_greyscale_FA_MoE.py - step=375000 LPIPS50000=0.5141883733939228
2026-03-18 06:41:56,748 - train_greyscale_FA_MoE.py - {'step': '375100', 'lr': '0.0002', 'total_loss': '0.00596253', 'main_loss': '0.00596253', 'time_per_step': '2.71898'}
2026-03-18 06:46:26,546 - train_greyscale_FA_MoE.py - {'step': '375200', 'lr': '0.0002', 'total_loss': '0.0107858', 'main_loss': '0.0107858', 'time_per_step': '2.67133'}
2026-03-18 06:50:56,993 - train_greyscale_FA_MoE.py - {'step': '375300', 'lr': '0.0002', 'total_loss': '0.00835536', 'main_loss': '0.00835536', 'time_per_step': '2.70002'}
2026-03-18 06:55:27,118 - train_greyscale_FA_MoE.py - {'step': '375400', 'lr': '0.0002', 'total_loss': '0.00652909', 'main_loss': '0.00652909', 'time_per_step': '2.73118'}
2026-03-18 06:59:58,480 - train_greyscale_FA_MoE.py - {'step': '375500', 'lr': '0.0002', 'total_loss': '0.0081791', 'main_loss': '0.0081791', 'time_per_step': '2.51829'}
2026-03-18 07:04:27,762 - train_greyscale_FA_MoE.py - {'step': '375600', 'lr': '0.0002', 'total_loss': '0.00917485', 'main_loss': '0.00917485', 'time_per_step': '2.73649'}
2026-03-18 07:08:57,556 - train_greyscale_FA_MoE.py - {'step': '375700', 'lr': '0.0002', 'total_loss': '0.00880024', 'main_loss': '0.00880024', 'time_per_step': '2.59543'}
2026-03-18 07:13:27,537 - train_greyscale_FA_MoE.py - {'step': '375800', 'lr': '0.0002', 'total_loss': '0.00931669', 'main_loss': '0.00931669', 'time_per_step': '2.65236'}
2026-03-18 07:17:57,829 - train_greyscale_FA_MoE.py - {'step': '375900', 'lr': '0.0002', 'total_loss': '0.0098971', 'main_loss': '0.0098971', 'time_per_step': '2.61691'}
2026-03-18 07:22:28,333 - train_greyscale_FA_MoE.py - {'step': '376000', 'lr': '0.0002', 'total_loss': '0.00626315', 'main_loss': '0.00626315', 'time_per_step': '2.74344'}
2026-03-18 07:26:58,239 - train_greyscale_FA_MoE.py - {'step': '376100', 'lr': '0.0002', 'total_loss': '0.0043579', 'main_loss': '0.0043579', 'time_per_step': '2.60718'}
2026-03-18 07:31:34,354 - train_greyscale_FA_MoE.py - {'step': '376200', 'lr': '0.0002', 'total_loss': '0.00687594', 'main_loss': '0.00687594', 'time_per_step': '2.62894'}
2026-03-18 07:36:08,360 - train_greyscale_FA_MoE.py - {'step': '376300', 'lr': '0.0002', 'total_loss': '0.0125446', 'main_loss': '0.0125446', 'time_per_step': '2.6253'}
2026-03-18 07:40:53,065 - train_greyscale_FA_MoE.py - {'step': '376400', 'lr': '0.0002', 'total_loss': '0.0095448', 'main_loss': '0.0095448', 'time_per_step': '2.60737'}
2026-03-18 07:45:23,048 - train_greyscale_FA_MoE.py - {'step': '376500', 'lr': '0.0002', 'total_loss': '0.00724151', 'main_loss': '0.00724151', 'time_per_step': '2.62242'}
2026-03-18 07:49:53,726 - train_greyscale_FA_MoE.py - {'step': '376600', 'lr': '0.0002', 'total_loss': '0.00509463', 'main_loss': '0.00509463', 'time_per_step': '3.85522'}
2026-03-18 07:54:22,917 - train_greyscale_FA_MoE.py - {'step': '376700', 'lr': '0.0002', 'total_loss': '0.00600489', 'main_loss': '0.00600489', 'time_per_step': '2.55125'}
2026-03-18 07:58:54,089 - train_greyscale_FA_MoE.py - {'step': '376800', 'lr': '0.0002', 'total_loss': '0.00541484', 'main_loss': '0.00541484', 'time_per_step': '2.52854'}
2026-03-18 08:03:24,502 - train_greyscale_FA_MoE.py - {'step': '376900', 'lr': '0.0002', 'total_loss': '0.0109744', 'main_loss': '0.0109744', 'time_per_step': '2.60786'}
2026-03-18 08:07:54,952 - train_greyscale_FA_MoE.py - {'step': '377000', 'lr': '0.0002', 'total_loss': '0.00896742', 'main_loss': '0.00896742', 'time_per_step': '2.69794'}
2026-03-18 08:12:24,647 - train_greyscale_FA_MoE.py - {'step': '377100', 'lr': '0.0002', 'total_loss': '0.00715417', 'main_loss': '0.00715417', 'time_per_step': '2.6198'}
2026-03-18 08:16:54,713 - train_greyscale_FA_MoE.py - {'step': '377200', 'lr': '0.0002', 'total_loss': '0.00528572', 'main_loss': '0.00528572', 'time_per_step': '2.62572'}
2026-03-18 08:21:25,066 - train_greyscale_FA_MoE.py - {'step': '377300', 'lr': '0.0002', 'total_loss': '0.0074075', 'main_loss': '0.0074075', 'time_per_step': '2.6994'}
2026-03-18 08:25:55,435 - train_greyscale_FA_MoE.py - {'step': '377400', 'lr': '0.0002', 'total_loss': '0.00821973', 'main_loss': '0.00821973', 'time_per_step': '2.6763'}
2026-03-18 08:30:25,924 - train_greyscale_FA_MoE.py - {'step': '377500', 'lr': '0.0002', 'total_loss': '0.00786086', 'main_loss': '0.00786086', 'time_per_step': '3.79743'}
2026-03-18 08:34:55,257 - train_greyscale_FA_MoE.py - {'step': '377600', 'lr': '0.0002', 'total_loss': '0.00836285', 'main_loss': '0.00836285', 'time_per_step': '2.68507'}
2026-03-18 08:39:26,637 - train_greyscale_FA_MoE.py - {'step': '377700', 'lr': '0.0002', 'total_loss': '0.0103846', 'main_loss': '0.0103846', 'time_per_step': '2.72172'}
2026-03-18 08:44:01,655 - train_greyscale_FA_MoE.py - {'step': '377800', 'lr': '0.0002', 'total_loss': '0.007868', 'main_loss': '0.007868', 'time_per_step': '2.62291'}
2026-03-18 08:48:35,980 - train_greyscale_FA_MoE.py - {'step': '377900', 'lr': '0.0002', 'total_loss': '0.00533342', 'main_loss': '0.00533342', 'time_per_step': '2.56046'}
2026-03-18 08:53:11,926 - train_greyscale_FA_MoE.py - {'step': '378000', 'lr': '0.0002', 'total_loss': '0.00494107', 'main_loss': '0.00494107', 'time_per_step': '2.81403'}
2026-03-18 08:57:49,011 - train_greyscale_FA_MoE.py - {'step': '378100', 'lr': '0.0002', 'total_loss': '0.0107235', 'main_loss': '0.0107235', 'time_per_step': '2.59275'}
2026-03-18 09:02:23,556 - train_greyscale_FA_MoE.py - {'step': '378200', 'lr': '0.0002', 'total_loss': '0.00831584', 'main_loss': '0.00831584', 'time_per_step': '2.60835'}
2026-03-18 09:06:59,246 - train_greyscale_FA_MoE.py - {'step': '378300', 'lr': '0.0002', 'total_loss': '0.00726766', 'main_loss': '0.00726766', 'time_per_step': '2.57625'}
2026-03-18 09:11:32,652 - train_greyscale_FA_MoE.py - {'step': '378400', 'lr': '0.0002', 'total_loss': '0.00960812', 'main_loss': '0.00960812', 'time_per_step': '2.63154'}
2026-03-18 09:16:05,856 - train_greyscale_FA_MoE.py - {'step': '378500', 'lr': '0.0002', 'total_loss': '0.00704582', 'main_loss': '0.00704582', 'time_per_step': '2.6213'}
2026-03-18 09:20:37,078 - train_greyscale_FA_MoE.py - {'step': '378600', 'lr': '0.0002', 'total_loss': '0.00540083', 'main_loss': '0.00540083', 'time_per_step': '2.62768'}
2026-03-18 09:25:08,740 - train_greyscale_FA_MoE.py - {'step': '378700', 'lr': '0.0002', 'total_loss': '0.00969634', 'main_loss': '0.00969634', 'time_per_step': '2.73656'}
2026-03-18 09:29:42,896 - train_greyscale_FA_MoE.py - {'step': '378800', 'lr': '0.0002', 'total_loss': '0.00660592', 'main_loss': '0.00660592', 'time_per_step': '2.61644'}
2026-03-18 09:34:14,978 - train_greyscale_FA_MoE.py - {'step': '378900', 'lr': '0.0002', 'total_loss': '0.00996331', 'main_loss': '0.00996331', 'time_per_step': '2.62732'}
2026-03-18 09:38:47,131 - train_greyscale_FA_MoE.py - {'step': '379000', 'lr': '0.0002', 'total_loss': '0.00477727', 'main_loss': '0.00477727', 'time_per_step': '2.6358'}
2026-03-18 09:43:16,973 - train_greyscale_FA_MoE.py - {'step': '379100', 'lr': '0.0002', 'total_loss': '0.00722593', 'main_loss': '0.00722593', 'time_per_step': '2.54479'}
2026-03-18 09:47:47,286 - train_greyscale_FA_MoE.py - {'step': '379200', 'lr': '0.0002', 'total_loss': '0.00653035', 'main_loss': '0.00653035', 'time_per_step': '2.53221'}
2026-03-18 09:52:18,044 - train_greyscale_FA_MoE.py - {'step': '379300', 'lr': '0.0002', 'total_loss': '0.00471725', 'main_loss': '0.00471725', 'time_per_step': '2.59064'}
2026-03-18 09:56:48,756 - train_greyscale_FA_MoE.py - {'step': '379400', 'lr': '0.0002', 'total_loss': '0.0107656', 'main_loss': '0.0107656', 'time_per_step': '2.61016'}
2026-03-18 10:01:18,047 - train_greyscale_FA_MoE.py - {'step': '379500', 'lr': '0.0002', 'total_loss': '0.00645518', 'main_loss': '0.00645518', 'time_per_step': '2.62178'}
2026-03-18 10:05:53,754 - train_greyscale_FA_MoE.py - {'step': '379600', 'lr': '0.0002', 'total_loss': '0.00912261', 'main_loss': '0.00912261', 'time_per_step': '2.61744'}
2026-03-18 10:10:37,725 - train_greyscale_FA_MoE.py - {'step': '379700', 'lr': '0.0002', 'total_loss': '0.00892767', 'main_loss': '0.00892767', 'time_per_step': '2.61782'}
2026-03-18 10:15:20,477 - train_greyscale_FA_MoE.py - {'step': '379800', 'lr': '0.0002', 'total_loss': '0.00919184', 'main_loss': '0.00919184', 'time_per_step': '2.5808'}
2026-03-18 10:20:02,569 - train_greyscale_FA_MoE.py - {'step': '379900', 'lr': '0.0002', 'total_loss': '0.00577535', 'main_loss': '0.00577535', 'time_per_step': '2.91197'}
2026-03-18 10:24:43,056 - train_greyscale_FA_MoE.py - {'step': '380000', 'lr': '0.0002', 'total_loss': '0.00947751', 'main_loss': '0.00947751', 'time_per_step': '2.62232'}
2026-03-18 10:29:19,409 - train_greyscale_FA_MoE.py - {'step': '380100', 'lr': '0.0002', 'total_loss': '0.00517958', 'main_loss': '0.00517958', 'time_per_step': '2.63554'}
2026-03-18 10:33:52,401 - train_greyscale_FA_MoE.py - {'step': '380200', 'lr': '0.0002', 'total_loss': '0.00610793', 'main_loss': '0.00610793', 'time_per_step': '2.61774'}
2026-03-18 10:38:26,106 - train_greyscale_FA_MoE.py - {'step': '380300', 'lr': '0.0002', 'total_loss': '0.00692949', 'main_loss': '0.00692949', 'time_per_step': '2.61991'}
2026-03-18 10:42:56,348 - train_greyscale_FA_MoE.py - {'step': '380400', 'lr': '0.0002', 'total_loss': '0.00680579', 'main_loss': '0.00680579', 'time_per_step': '2.60632'}
2026-03-18 10:47:26,379 - train_greyscale_FA_MoE.py - {'step': '380500', 'lr': '0.0002', 'total_loss': '0.00780592', 'main_loss': '0.00780592', 'time_per_step': '2.65387'}
2026-03-18 10:51:55,854 - train_greyscale_FA_MoE.py - {'step': '380600', 'lr': '0.0002', 'total_loss': '0.00645935', 'main_loss': '0.00645935', 'time_per_step': '2.68815'}
2026-03-18 10:56:26,168 - train_greyscale_FA_MoE.py - {'step': '380700', 'lr': '0.0002', 'total_loss': '0.00568147', 'main_loss': '0.00568147', 'time_per_step': '2.66217'}
2026-03-18 11:00:56,885 - train_greyscale_FA_MoE.py - {'step': '380800', 'lr': '0.0002', 'total_loss': '0.0098797', 'main_loss': '0.0098797', 'time_per_step': '2.68537'}
2026-03-18 11:05:28,213 - train_greyscale_FA_MoE.py - {'step': '380900', 'lr': '0.0002', 'total_loss': '0.00841239', 'main_loss': '0.00841239', 'time_per_step': '2.74767'}
2026-03-18 11:09:58,116 - train_greyscale_FA_MoE.py - {'step': '381000', 'lr': '0.0002', 'total_loss': '0.00614383', 'main_loss': '0.00614383', 'time_per_step': '2.60423'}
2026-03-18 11:14:28,271 - train_greyscale_FA_MoE.py - {'step': '381100', 'lr': '0.0002', 'total_loss': '0.00647672', 'main_loss': '0.00647672', 'time_per_step': '2.77402'}
2026-03-18 11:18:58,160 - train_greyscale_FA_MoE.py - {'step': '381200', 'lr': '0.0002', 'total_loss': '0.00736474', 'main_loss': '0.00736474', 'time_per_step': '2.60874'}
2026-03-18 11:23:28,385 - train_greyscale_FA_MoE.py - {'step': '381300', 'lr': '0.0002', 'total_loss': '0.00666549', 'main_loss': '0.00666549', 'time_per_step': '2.69308'}
2026-03-18 11:27:57,808 - train_greyscale_FA_MoE.py - {'step': '381400', 'lr': '0.0002', 'total_loss': '0.0129526', 'main_loss': '0.0129526', 'time_per_step': '2.60385'}
2026-03-18 11:32:26,782 - train_greyscale_FA_MoE.py - {'step': '381500', 'lr': '0.0002', 'total_loss': '0.00765443', 'main_loss': '0.00765443', 'time_per_step': '2.57948'}
2026-03-18 11:36:56,102 - train_greyscale_FA_MoE.py - {'step': '381600', 'lr': '0.0002', 'total_loss': '0.00679231', 'main_loss': '0.00679231', 'time_per_step': '2.59999'}
2026-03-18 11:41:26,183 - train_greyscale_FA_MoE.py - {'step': '381700', 'lr': '0.0002', 'total_loss': '0.00571484', 'main_loss': '0.00571484', 'time_per_step': '2.71612'}
2026-03-18 11:45:55,902 - train_greyscale_FA_MoE.py - {'step': '381800', 'lr': '0.0002', 'total_loss': '0.00709188', 'main_loss': '0.00709188', 'time_per_step': '2.6847'}
2026-03-18 11:50:25,948 - train_greyscale_FA_MoE.py - {'step': '381900', 'lr': '0.0002', 'total_loss': '0.00841445', 'main_loss': '0.00841445', 'time_per_step': '2.71626'}
2026-03-18 11:54:55,437 - train_greyscale_FA_MoE.py - {'step': '382000', 'lr': '0.0002', 'total_loss': '0.00483814', 'main_loss': '0.00483814', 'time_per_step': '2.659'}
2026-03-18 11:59:24,964 - train_greyscale_FA_MoE.py - {'step': '382100', 'lr': '0.0002', 'total_loss': '0.00754187', 'main_loss': '0.00754187', 'time_per_step': '2.70695'}
2026-03-18 12:03:55,251 - train_greyscale_FA_MoE.py - {'step': '382200', 'lr': '0.0002', 'total_loss': '0.0100286', 'main_loss': '0.0100286', 'time_per_step': '2.67288'}
2026-03-18 12:08:25,484 - train_greyscale_FA_MoE.py - {'step': '382300', 'lr': '0.0002', 'total_loss': '0.010006', 'main_loss': '0.010006', 'time_per_step': '2.70599'}
2026-03-18 12:12:54,121 - train_greyscale_FA_MoE.py - {'step': '382400', 'lr': '0.0002', 'total_loss': '0.00638224', 'main_loss': '0.00638224', 'time_per_step': '2.61892'}
2026-03-18 12:17:23,550 - train_greyscale_FA_MoE.py - {'step': '382500', 'lr': '0.0002', 'total_loss': '0.0104948', 'main_loss': '0.0104948', 'time_per_step': '2.61084'}
2026-03-18 12:21:52,584 - train_greyscale_FA_MoE.py - {'step': '382600', 'lr': '0.0002', 'total_loss': '0.00869985', 'main_loss': '0.00869985', 'time_per_step': '2.60789'}
2026-03-18 12:26:22,225 - train_greyscale_FA_MoE.py - {'step': '382700', 'lr': '0.0002', 'total_loss': '0.00470613', 'main_loss': '0.00470613', 'time_per_step': '2.53332'}
2026-03-18 12:30:51,995 - train_greyscale_FA_MoE.py - {'step': '382800', 'lr': '0.0002', 'total_loss': '0.0055254', 'main_loss': '0.0055254', 'time_per_step': '2.52679'}
2026-03-18 12:35:22,212 - train_greyscale_FA_MoE.py - {'step': '382900', 'lr': '0.0002', 'total_loss': '0.00762069', 'main_loss': '0.00762069', 'time_per_step': '2.5932'}
2026-03-18 12:39:51,166 - train_greyscale_FA_MoE.py - {'step': '383000', 'lr': '0.0002', 'total_loss': '0.00616933', 'main_loss': '0.00616933', 'time_per_step': '2.59403'}
2026-03-18 12:44:20,840 - train_greyscale_FA_MoE.py - {'step': '383100', 'lr': '0.0002', 'total_loss': '0.00907228', 'main_loss': '0.00907228', 'time_per_step': '2.60886'}
2026-03-18 12:48:51,158 - train_greyscale_FA_MoE.py - {'step': '383200', 'lr': '0.0002', 'total_loss': '0.00733111', 'main_loss': '0.00733111', 'time_per_step': '3.64916'}
2026-03-18 12:53:20,043 - train_greyscale_FA_MoE.py - {'step': '383300', 'lr': '0.0002', 'total_loss': '0.00369971', 'main_loss': '0.00369971', 'time_per_step': '2.59948'}
2026-03-18 12:57:50,576 - train_greyscale_FA_MoE.py - {'step': '383400', 'lr': '0.0002', 'total_loss': '0.00791914', 'main_loss': '0.00791914', 'time_per_step': '2.60688'}
2026-03-18 13:02:20,133 - train_greyscale_FA_MoE.py - {'step': '383500', 'lr': '0.0002', 'total_loss': '0.0118144', 'main_loss': '0.0118144', 'time_per_step': '2.60689'}
2026-03-18 13:06:50,381 - train_greyscale_FA_MoE.py - {'step': '383600', 'lr': '0.0002', 'total_loss': '0.00944066', 'main_loss': '0.00944066', 'time_per_step': '2.62344'}
2026-03-18 13:11:20,473 - train_greyscale_FA_MoE.py - {'step': '383700', 'lr': '0.0002', 'total_loss': '0.0103368', 'main_loss': '0.0103368', 'time_per_step': '2.59972'}
2026-03-18 13:15:49,814 - train_greyscale_FA_MoE.py - {'step': '383800', 'lr': '0.0002', 'total_loss': '0.00759905', 'main_loss': '0.00759905', 'time_per_step': '2.59892'}
2026-03-18 13:20:18,975 - train_greyscale_FA_MoE.py - {'step': '383900', 'lr': '0.0002', 'total_loss': '0.00698127', 'main_loss': '0.00698127', 'time_per_step': '2.51702'}
2026-03-18 13:24:48,992 - train_greyscale_FA_MoE.py - {'step': '384000', 'lr': '0.0002', 'total_loss': '0.00870287', 'main_loss': '0.00870287', 'time_per_step': '2.53623'}
2026-03-18 13:29:18,434 - train_greyscale_FA_MoE.py - {'step': '384100', 'lr': '0.0002', 'total_loss': '0.00878846', 'main_loss': '0.00878846', 'time_per_step': '2.60018'}
2026-03-18 13:33:48,453 - train_greyscale_FA_MoE.py - {'step': '384200', 'lr': '0.0002', 'total_loss': '0.00768623', 'main_loss': '0.00768623', 'time_per_step': '2.60425'}
2026-03-18 13:38:18,146 - train_greyscale_FA_MoE.py - {'step': '384300', 'lr': '0.0002', 'total_loss': '0.00715542', 'main_loss': '0.00715542', 'time_per_step': '2.60025'}
2026-03-18 13:42:47,865 - train_greyscale_FA_MoE.py - {'step': '384400', 'lr': '0.0002', 'total_loss': '0.00492571', 'main_loss': '0.00492571', 'time_per_step': '2.61888'}
2026-03-18 13:47:17,781 - train_greyscale_FA_MoE.py - {'step': '384500', 'lr': '0.0002', 'total_loss': '0.00823638', 'main_loss': '0.00823638', 'time_per_step': '2.67321'}
2026-03-18 13:51:47,271 - train_greyscale_FA_MoE.py - {'step': '384600', 'lr': '0.0002', 'total_loss': '0.00671068', 'main_loss': '0.00671068', 'time_per_step': '2.63348'}
2026-03-18 13:56:17,152 - train_greyscale_FA_MoE.py - {'step': '384700', 'lr': '0.0002', 'total_loss': '0.00620428', 'main_loss': '0.00620428', 'time_per_step': '2.61561'}
2026-03-18 14:00:47,674 - train_greyscale_FA_MoE.py - {'step': '384800', 'lr': '0.0002', 'total_loss': '0.00768178', 'main_loss': '0.00768178', 'time_per_step': '2.60394'}
2026-03-18 14:05:17,364 - train_greyscale_FA_MoE.py - {'step': '384900', 'lr': '0.0002', 'total_loss': '0.00926301', 'main_loss': '0.00926301', 'time_per_step': '2.64371'}
2026-03-18 14:09:46,133 - train_greyscale_FA_MoE.py - {'step': '385000', 'lr': '0.0002', 'total_loss': '0.00771155', 'main_loss': '0.00771155', 'time_per_step': '2.61341'}
2026-03-18 14:14:16,092 - train_greyscale_FA_MoE.py - {'step': '385100', 'lr': '0.0002', 'total_loss': '0.00707489', 'main_loss': '0.00707489', 'time_per_step': '2.53631'}
2026-03-18 14:18:45,522 - train_greyscale_FA_MoE.py - {'step': '385200', 'lr': '0.0002', 'total_loss': '0.00926203', 'main_loss': '0.00926203', 'time_per_step': '2.52649'}
2026-03-18 14:23:15,503 - train_greyscale_FA_MoE.py - {'step': '385300', 'lr': '0.0002', 'total_loss': '0.00795898', 'main_loss': '0.00795898', 'time_per_step': '2.58966'}
2026-03-18 14:27:45,006 - train_greyscale_FA_MoE.py - {'step': '385400', 'lr': '0.0002', 'total_loss': '0.00781283', 'main_loss': '0.00781283', 'time_per_step': '2.61608'}
2026-03-18 14:32:14,806 - train_greyscale_FA_MoE.py - {'step': '385500', 'lr': '0.0002', 'total_loss': '0.0104614', 'main_loss': '0.0104614', 'time_per_step': '2.60267'}
2026-03-18 14:36:44,645 - train_greyscale_FA_MoE.py - {'step': '385600', 'lr': '0.0002', 'total_loss': '0.00669507', 'main_loss': '0.00669507', 'time_per_step': '2.59691'}
2026-03-18 14:41:14,571 - train_greyscale_FA_MoE.py - {'step': '385700', 'lr': '0.0002', 'total_loss': '0.0063631', 'main_loss': '0.0063631', 'time_per_step': '2.60751'}
2026-03-18 14:45:44,599 - train_greyscale_FA_MoE.py - {'step': '385800', 'lr': '0.0002', 'total_loss': '0.00910063', 'main_loss': '0.00910063', 'time_per_step': '2.59256'}
2026-03-18 14:50:13,824 - train_greyscale_FA_MoE.py - {'step': '385900', 'lr': '0.0002', 'total_loss': '0.00458837', 'main_loss': '0.00458837', 'time_per_step': '2.63161'}
2026-03-18 14:54:43,760 - train_greyscale_FA_MoE.py - {'step': '386000', 'lr': '0.0002', 'total_loss': '0.00453892', 'main_loss': '0.00453892', 'time_per_step': '2.58584'}
2026-03-18 14:59:13,660 - train_greyscale_FA_MoE.py - {'step': '386100', 'lr': '0.0002', 'total_loss': '0.0113103', 'main_loss': '0.0113103', 'time_per_step': '2.61222'}
2026-03-18 15:03:42,938 - train_greyscale_FA_MoE.py - {'step': '386200', 'lr': '0.0002', 'total_loss': '0.0120035', 'main_loss': '0.0120035', 'time_per_step': '2.59612'}
2026-03-18 15:08:12,110 - train_greyscale_FA_MoE.py - {'step': '386300', 'lr': '0.0002', 'total_loss': '0.00693699', 'main_loss': '0.00693699', 'time_per_step': '2.5386'}
2026-03-18 15:12:41,952 - train_greyscale_FA_MoE.py - {'step': '386400', 'lr': '0.0002', 'total_loss': '0.0141357', 'main_loss': '0.0141357', 'time_per_step': '2.53002'}
2026-03-18 15:17:12,737 - train_greyscale_FA_MoE.py - {'step': '386500', 'lr': '0.0002', 'total_loss': '0.00822283', 'main_loss': '0.00822283', 'time_per_step': '2.5888'}
2026-03-18 15:21:42,402 - train_greyscale_FA_MoE.py - {'step': '386600', 'lr': '0.0002', 'total_loss': '0.00567409', 'main_loss': '0.00567409', 'time_per_step': '2.6149'}
2026-03-18 15:26:12,420 - train_greyscale_FA_MoE.py - {'step': '386700', 'lr': '0.0002', 'total_loss': '0.00677778', 'main_loss': '0.00677778', 'time_per_step': '2.59551'}
2026-03-18 15:30:41,395 - train_greyscale_FA_MoE.py - {'step': '386800', 'lr': '0.0002', 'total_loss': '0.011827', 'main_loss': '0.011827', 'time_per_step': '2.60216'}
2026-03-18 15:35:10,536 - train_greyscale_FA_MoE.py - {'step': '386900', 'lr': '0.0002', 'total_loss': '0.00814052', 'main_loss': '0.00814052', 'time_per_step': '2.63607'}
2026-03-18 15:39:39,557 - train_greyscale_FA_MoE.py - {'step': '387000', 'lr': '0.0002', 'total_loss': '0.00840721', 'main_loss': '0.00840721', 'time_per_step': '2.60814'}
2026-03-18 15:44:08,626 - train_greyscale_FA_MoE.py - {'step': '387100', 'lr': '0.0002', 'total_loss': '0.00960236', 'main_loss': '0.00960236', 'time_per_step': '2.61484'}
2026-03-18 15:48:38,030 - train_greyscale_FA_MoE.py - {'step': '387200', 'lr': '0.0002', 'total_loss': '0.00476898', 'main_loss': '0.00476898', 'time_per_step': '2.62313'}
2026-03-18 15:53:06,985 - train_greyscale_FA_MoE.py - {'step': '387300', 'lr': '0.0002', 'total_loss': '0.00780015', 'main_loss': '0.00780015', 'time_per_step': '2.60813'}
2026-03-18 15:57:37,255 - train_greyscale_FA_MoE.py - {'step': '387400', 'lr': '0.0002', 'total_loss': '0.00790027', 'main_loss': '0.00790027', 'time_per_step': '2.60091'}
2026-03-18 16:02:08,826 - train_greyscale_FA_MoE.py - {'step': '387500', 'lr': '0.0002', 'total_loss': '0.00805572', 'main_loss': '0.00805572', 'time_per_step': '2.53576'}
2026-03-18 16:06:38,546 - train_greyscale_FA_MoE.py - {'step': '387600', 'lr': '0.0002', 'total_loss': '0.00912569', 'main_loss': '0.00912569', 'time_per_step': '2.52572'}
2026-03-18 16:11:08,117 - train_greyscale_FA_MoE.py - {'step': '387700', 'lr': '0.0002', 'total_loss': '0.00966605', 'main_loss': '0.00966605', 'time_per_step': '2.59128'}
2026-03-18 16:15:38,921 - train_greyscale_FA_MoE.py - {'step': '387800', 'lr': '0.0002', 'total_loss': '0.00575602', 'main_loss': '0.00575602', 'time_per_step': '2.63031'}
2026-03-18 16:20:08,668 - train_greyscale_FA_MoE.py - {'step': '387900', 'lr': '0.0002', 'total_loss': '0.00748783', 'main_loss': '0.00748783', 'time_per_step': '2.5998'}
2026-03-18 16:24:38,342 - train_greyscale_FA_MoE.py - {'step': '388000', 'lr': '0.0002', 'total_loss': '0.0100269', 'main_loss': '0.0100269', 'time_per_step': '2.60469'}
2026-03-18 16:29:07,922 - train_greyscale_FA_MoE.py - {'step': '388100', 'lr': '0.0002', 'total_loss': '0.0118158', 'main_loss': '0.0118158', 'time_per_step': '2.62392'}
2026-03-18 16:33:37,477 - train_greyscale_FA_MoE.py - {'step': '388200', 'lr': '0.0002', 'total_loss': '0.00629957', 'main_loss': '0.00629957', 'time_per_step': '2.62266'}
2026-03-18 16:38:07,041 - train_greyscale_FA_MoE.py - {'step': '388300', 'lr': '0.0002', 'total_loss': '0.00766093', 'main_loss': '0.00766093', 'time_per_step': '2.60171'}
2026-03-18 16:42:36,850 - train_greyscale_FA_MoE.py - {'step': '388400', 'lr': '0.0002', 'total_loss': '0.00662811', 'main_loss': '0.00662811', 'time_per_step': '2.58304'}
2026-03-18 16:47:08,008 - train_greyscale_FA_MoE.py - {'step': '388500', 'lr': '0.0002', 'total_loss': '0.00905088', 'main_loss': '0.00905088', 'time_per_step': '2.64362'}
2026-03-18 16:51:36,671 - train_greyscale_FA_MoE.py - {'step': '388600', 'lr': '0.0002', 'total_loss': '0.00522336', 'main_loss': '0.00522336', 'time_per_step': '2.59794'}
2026-03-18 16:56:05,635 - train_greyscale_FA_MoE.py - {'step': '388700', 'lr': '0.0002', 'total_loss': '0.00854432', 'main_loss': '0.00854432', 'time_per_step': '2.53772'}
2026-03-18 17:00:37,064 - train_greyscale_FA_MoE.py - {'step': '388800', 'lr': '0.0002', 'total_loss': '0.00860474', 'main_loss': '0.00860474', 'time_per_step': '2.52644'}
2026-03-18 17:05:06,702 - train_greyscale_FA_MoE.py - {'step': '388900', 'lr': '0.0002', 'total_loss': '0.00592534', 'main_loss': '0.00592534', 'time_per_step': '2.5939'}
2026-03-18 17:09:35,803 - train_greyscale_FA_MoE.py - {'step': '389000', 'lr': '0.0002', 'total_loss': '0.00680163', 'main_loss': '0.00680163', 'time_per_step': '2.63456'}
2026-03-18 17:14:05,380 - train_greyscale_FA_MoE.py - {'step': '389100', 'lr': '0.0002', 'total_loss': '0.00834675', 'main_loss': '0.00834675', 'time_per_step': '2.58299'}
2026-03-18 17:18:34,235 - train_greyscale_FA_MoE.py - {'step': '389200', 'lr': '0.0002', 'total_loss': '0.00565565', 'main_loss': '0.00565565', 'time_per_step': '2.58834'}
2026-03-18 17:23:05,288 - train_greyscale_FA_MoE.py - {'step': '389300', 'lr': '0.0002', 'total_loss': '0.00889766', 'main_loss': '0.00889766', 'time_per_step': '2.61604'}
2026-03-18 17:27:34,392 - train_greyscale_FA_MoE.py - {'step': '389400', 'lr': '0.0002', 'total_loss': '0.0060549', 'main_loss': '0.0060549', 'time_per_step': '2.64261'}
2026-03-18 17:32:03,539 - train_greyscale_FA_MoE.py - {'step': '389500', 'lr': '0.0002', 'total_loss': '0.0120528', 'main_loss': '0.0120528', 'time_per_step': '2.62966'}
2026-03-18 17:36:32,369 - train_greyscale_FA_MoE.py - {'step': '389600', 'lr': '0.0002', 'total_loss': '0.00910361', 'main_loss': '0.00910361', 'time_per_step': '2.59325'}
2026-03-18 17:41:01,523 - train_greyscale_FA_MoE.py - {'step': '389700', 'lr': '0.0002', 'total_loss': '0.00995738', 'main_loss': '0.00995738', 'time_per_step': '2.6307'}
2026-03-18 17:45:30,423 - train_greyscale_FA_MoE.py - {'step': '389800', 'lr': '0.0002', 'total_loss': '0.00731217', 'main_loss': '0.00731217', 'time_per_step': '2.59235'}
2026-03-18 17:49:59,803 - train_greyscale_FA_MoE.py - {'step': '389900', 'lr': '0.0002', 'total_loss': '0.00656733', 'main_loss': '0.00656733', 'time_per_step': '2.54734'}
2026-03-18 17:54:29,167 - train_greyscale_FA_MoE.py - {'step': '390000', 'lr': '0.0002', 'total_loss': '0.00808719', 'main_loss': '0.00808719', 'time_per_step': '2.52789'}
2026-03-18 17:59:00,485 - train_greyscale_FA_MoE.py - {'step': '390100', 'lr': '0.0002', 'total_loss': '0.00902368', 'main_loss': '0.00902368', 'time_per_step': '2.60242'}
2026-03-18 18:03:29,903 - train_greyscale_FA_MoE.py - {'step': '390200', 'lr': '0.0002', 'total_loss': '0.00685966', 'main_loss': '0.00685966', 'time_per_step': '2.6024'}
2026-03-18 18:07:58,759 - train_greyscale_FA_MoE.py - {'step': '390300', 'lr': '0.0002', 'total_loss': '0.00699973', 'main_loss': '0.00699973', 'time_per_step': '2.63678'}
2026-03-18 18:12:28,205 - train_greyscale_FA_MoE.py - {'step': '390400', 'lr': '0.0002', 'total_loss': '0.00579606', 'main_loss': '0.00579606', 'time_per_step': '2.70648'}
2026-03-18 18:16:57,870 - train_greyscale_FA_MoE.py - {'step': '390500', 'lr': '0.0002', 'total_loss': '0.00952585', 'main_loss': '0.00952585', 'time_per_step': '2.59644'}
2026-03-18 18:21:28,074 - train_greyscale_FA_MoE.py - {'step': '390600', 'lr': '0.0002', 'total_loss': '0.00851158', 'main_loss': '0.00851158', 'time_per_step': '2.7336'}
2026-03-18 18:25:57,739 - train_greyscale_FA_MoE.py - {'step': '390700', 'lr': '0.0002', 'total_loss': '0.011694', 'main_loss': '0.011694', 'time_per_step': '2.64407'}
2026-03-18 18:30:27,656 - train_greyscale_FA_MoE.py - {'step': '390800', 'lr': '0.0002', 'total_loss': '0.00835508', 'main_loss': '0.00835508', 'time_per_step': '2.69927'}
2026-03-18 18:34:57,224 - train_greyscale_FA_MoE.py - {'step': '390900', 'lr': '0.0002', 'total_loss': '0.0052103', 'main_loss': '0.0052103', 'time_per_step': '2.65213'}
2026-03-18 18:39:26,260 - train_greyscale_FA_MoE.py - {'step': '391000', 'lr': '0.0002', 'total_loss': '0.00549723', 'main_loss': '0.00549723', 'time_per_step': '2.70258'}
2026-03-18 18:43:56,417 - train_greyscale_FA_MoE.py - {'step': '391100', 'lr': '0.0002', 'total_loss': '0.00789601', 'main_loss': '0.00789601', 'time_per_step': '2.59513'}
2026-03-18 18:48:24,778 - train_greyscale_FA_MoE.py - {'step': '391200', 'lr': '0.0002', 'total_loss': '0.00720213', 'main_loss': '0.00720213', 'time_per_step': '2.56487'}
2026-03-18 18:52:54,357 - train_greyscale_FA_MoE.py - {'step': '391300', 'lr': '0.0002', 'total_loss': '0.00721367', 'main_loss': '0.00721367', 'time_per_step': '2.62756'}
2026-03-18 18:57:23,904 - train_greyscale_FA_MoE.py - {'step': '391400', 'lr': '0.0002', 'total_loss': '0.0106568', 'main_loss': '0.0106568', 'time_per_step': '2.61148'}
2026-03-18 19:01:53,732 - train_greyscale_FA_MoE.py - {'step': '391500', 'lr': '0.0002', 'total_loss': '0.00900294', 'main_loss': '0.00900294', 'time_per_step': '2.61232'}
2026-03-18 19:06:23,743 - train_greyscale_FA_MoE.py - {'step': '391600', 'lr': '0.0002', 'total_loss': '0.00818773', 'main_loss': '0.00818773', 'time_per_step': '2.60505'}
2026-03-18 19:10:53,113 - train_greyscale_FA_MoE.py - {'step': '391700', 'lr': '0.0002', 'total_loss': '0.0100875', 'main_loss': '0.0100875', 'time_per_step': '2.57903'}
2026-03-18 19:15:22,561 - train_greyscale_FA_MoE.py - {'step': '391800', 'lr': '0.0002', 'total_loss': '0.00635726', 'main_loss': '0.00635726', 'time_per_step': '2.58333'}
2026-03-18 19:19:52,685 - train_greyscale_FA_MoE.py - {'step': '391900', 'lr': '0.0002', 'total_loss': '0.00937182', 'main_loss': '0.00937182', 'time_per_step': '2.61698'}
2026-03-18 19:24:22,625 - train_greyscale_FA_MoE.py - {'step': '392000', 'lr': '0.0002', 'total_loss': '0.00812044', 'main_loss': '0.00812044', 'time_per_step': '2.61258'}
2026-03-18 19:28:51,365 - train_greyscale_FA_MoE.py - {'step': '392100', 'lr': '0.0002', 'total_loss': '0.00803892', 'main_loss': '0.00803892', 'time_per_step': '2.61382'}
2026-03-18 19:33:21,029 - train_greyscale_FA_MoE.py - {'step': '392200', 'lr': '0.0002', 'total_loss': '0.00949574', 'main_loss': '0.00949574', 'time_per_step': '2.62454'}
2026-03-18 19:37:50,250 - train_greyscale_FA_MoE.py - {'step': '392300', 'lr': '0.0002', 'total_loss': '0.0092741', 'main_loss': '0.0092741', 'time_per_step': '2.56754'}
2026-03-18 19:42:19,598 - train_greyscale_FA_MoE.py - {'step': '392400', 'lr': '0.0002', 'total_loss': '0.00773951', 'main_loss': '0.00773951', 'time_per_step': '2.5384'}
2026-03-18 19:46:50,135 - train_greyscale_FA_MoE.py - {'step': '392500', 'lr': '0.0002', 'total_loss': '0.00620432', 'main_loss': '0.00620432', 'time_per_step': '2.64448'}
2026-03-18 19:51:19,742 - train_greyscale_FA_MoE.py - {'step': '392600', 'lr': '0.0002', 'total_loss': '0.00969722', 'main_loss': '0.00969722', 'time_per_step': '2.6648'}
2026-03-18 19:55:49,372 - train_greyscale_FA_MoE.py - {'step': '392700', 'lr': '0.0002', 'total_loss': '0.0081105', 'main_loss': '0.0081105', 'time_per_step': '2.62068'}
2026-03-18 20:00:20,038 - train_greyscale_FA_MoE.py - {'step': '392800', 'lr': '0.0002', 'total_loss': '0.00731852', 'main_loss': '0.00731852', 'time_per_step': '2.6265'}
2026-03-18 20:04:49,657 - train_greyscale_FA_MoE.py - {'step': '392900', 'lr': '0.0002', 'total_loss': '0.00906842', 'main_loss': '0.00906842', 'time_per_step': '2.6173'}
2026-03-18 20:09:18,613 - train_greyscale_FA_MoE.py - {'step': '393000', 'lr': '0.0002', 'total_loss': '0.00862955', 'main_loss': '0.00862955', 'time_per_step': '2.6118'}
2026-03-18 20:13:47,767 - train_greyscale_FA_MoE.py - {'step': '393100', 'lr': '0.0002', 'total_loss': '0.0111702', 'main_loss': '0.0111702', 'time_per_step': '2.62367'}
2026-03-18 20:18:17,738 - train_greyscale_FA_MoE.py - {'step': '393200', 'lr': '0.0002', 'total_loss': '0.00758644', 'main_loss': '0.00758644', 'time_per_step': '2.63215'}
2026-03-18 20:22:47,759 - train_greyscale_FA_MoE.py - {'step': '393300', 'lr': '0.0002', 'total_loss': '0.00770774', 'main_loss': '0.00770774', 'time_per_step': '2.6047'}
2026-03-18 20:27:17,291 - train_greyscale_FA_MoE.py - {'step': '393400', 'lr': '0.0002', 'total_loss': '0.00964261', 'main_loss': '0.00964261', 'time_per_step': '2.60341'}
2026-03-18 20:31:46,346 - train_greyscale_FA_MoE.py - {'step': '393500', 'lr': '0.0002', 'total_loss': '0.0109249', 'main_loss': '0.0109249', 'time_per_step': '2.53239'}
2026-03-18 20:36:15,175 - train_greyscale_FA_MoE.py - {'step': '393600', 'lr': '0.0002', 'total_loss': '0.00898954', 'main_loss': '0.00898954', 'time_per_step': '2.52779'}
2026-03-18 20:40:44,995 - train_greyscale_FA_MoE.py - {'step': '393700', 'lr': '0.0002', 'total_loss': '0.0061581', 'main_loss': '0.0061581', 'time_per_step': '2.62479'}
2026-03-18 20:45:14,299 - train_greyscale_FA_MoE.py - {'step': '393800', 'lr': '0.0002', 'total_loss': '0.00584044', 'main_loss': '0.00584044', 'time_per_step': '2.61724'}
2026-03-18 20:49:44,343 - train_greyscale_FA_MoE.py - {'step': '393900', 'lr': '0.0002', 'total_loss': '0.0118285', 'main_loss': '0.0118285', 'time_per_step': '2.64527'}
2026-03-18 20:54:14,470 - train_greyscale_FA_MoE.py - {'step': '394000', 'lr': '0.0002', 'total_loss': '0.00889303', 'main_loss': '0.00889303', 'time_per_step': '2.60275'}
2026-03-18 20:58:44,380 - train_greyscale_FA_MoE.py - {'step': '394100', 'lr': '0.0002', 'total_loss': '0.00916571', 'main_loss': '0.00916571', 'time_per_step': '2.6119'}
2026-03-18 21:03:14,160 - train_greyscale_FA_MoE.py - {'step': '394200', 'lr': '0.0002', 'total_loss': '0.00980286', 'main_loss': '0.00980286', 'time_per_step': '2.60758'}
2026-03-18 21:07:46,683 - train_greyscale_FA_MoE.py - {'step': '394300', 'lr': '0.0002', 'total_loss': '0.00484603', 'main_loss': '0.00484603', 'time_per_step': '2.60019'}
2026-03-18 21:12:15,859 - train_greyscale_FA_MoE.py - {'step': '394400', 'lr': '0.0002', 'total_loss': '0.00679246', 'main_loss': '0.00679246', 'time_per_step': '2.60951'}
2026-03-18 21:16:44,739 - train_greyscale_FA_MoE.py - {'step': '394500', 'lr': '0.0002', 'total_loss': '0.00737911', 'main_loss': '0.00737911', 'time_per_step': '2.60811'}
2026-03-18 21:21:13,867 - train_greyscale_FA_MoE.py - {'step': '394600', 'lr': '0.0002', 'total_loss': '0.00867843', 'main_loss': '0.00867843', 'time_per_step': '2.59973'}
2026-03-18 21:25:42,800 - train_greyscale_FA_MoE.py - {'step': '394700', 'lr': '0.0002', 'total_loss': '0.00765126', 'main_loss': '0.00765126', 'time_per_step': '2.51639'}
2026-03-18 21:30:11,914 - train_greyscale_FA_MoE.py - {'step': '394800', 'lr': '0.0002', 'total_loss': '0.00545926', 'main_loss': '0.00545926', 'time_per_step': '2.52639'}
2026-03-18 21:34:42,202 - train_greyscale_FA_MoE.py - {'step': '394900', 'lr': '0.0002', 'total_loss': '0.00746772', 'main_loss': '0.00746772', 'time_per_step': '2.61407'}
2026-03-18 21:39:12,279 - train_greyscale_FA_MoE.py - {'step': '395000', 'lr': '0.0002', 'total_loss': '0.00476345', 'main_loss': '0.00476345', 'time_per_step': '2.61754'}
2026-03-18 21:43:42,267 - train_greyscale_FA_MoE.py - {'step': '395100', 'lr': '0.0002', 'total_loss': '0.0124319', 'main_loss': '0.0124319', 'time_per_step': '2.59795'}
2026-03-18 21:48:11,956 - train_greyscale_FA_MoE.py - {'step': '395200', 'lr': '0.0002', 'total_loss': '0.00680328', 'main_loss': '0.00680328', 'time_per_step': '2.61009'}
2026-03-18 21:52:41,794 - train_greyscale_FA_MoE.py - {'step': '395300', 'lr': '0.0002', 'total_loss': '0.00923585', 'main_loss': '0.00923585', 'time_per_step': '2.60171'}
2026-03-18 21:57:12,122 - train_greyscale_FA_MoE.py - {'step': '395400', 'lr': '0.0002', 'total_loss': '0.00519514', 'main_loss': '0.00519514', 'time_per_step': '2.60756'}
2026-03-18 22:01:42,201 - train_greyscale_FA_MoE.py - {'step': '395500', 'lr': '0.0002', 'total_loss': '0.0131149', 'main_loss': '0.0131149', 'time_per_step': '2.60952'}
2026-03-18 22:06:11,255 - train_greyscale_FA_MoE.py - {'step': '395600', 'lr': '0.0002', 'total_loss': '0.00947836', 'main_loss': '0.00947836', 'time_per_step': '2.59367'}
2026-03-18 22:10:41,428 - train_greyscale_FA_MoE.py - {'step': '395700', 'lr': '0.0002', 'total_loss': '0.00596352', 'main_loss': '0.00596352', 'time_per_step': '2.60898'}
2026-03-18 22:15:11,487 - train_greyscale_FA_MoE.py - {'step': '395800', 'lr': '0.0002', 'total_loss': '0.00646135', 'main_loss': '0.00646135', 'time_per_step': '2.61998'}
2026-03-18 22:19:41,627 - train_greyscale_FA_MoE.py - {'step': '395900', 'lr': '0.0002', 'total_loss': '0.00591923', 'main_loss': '0.00591923', 'time_per_step': '2.5314'}
2026-03-18 22:24:10,571 - train_greyscale_FA_MoE.py - {'step': '396000', 'lr': '0.0002', 'total_loss': '0.00905022', 'main_loss': '0.00905022', 'time_per_step': '2.52747'}
2026-03-18 22:28:41,130 - train_greyscale_FA_MoE.py - {'step': '396100', 'lr': '0.0002', 'total_loss': '0.00577593', 'main_loss': '0.00577593', 'time_per_step': '2.64159'}
2026-03-18 22:33:10,928 - train_greyscale_FA_MoE.py - {'step': '396200', 'lr': '0.0002', 'total_loss': '0.0085887', 'main_loss': '0.0085887', 'time_per_step': '2.63226'}
2026-03-18 22:37:40,800 - train_greyscale_FA_MoE.py - {'step': '396300', 'lr': '0.0002', 'total_loss': '0.00632696', 'main_loss': '0.00632696', 'time_per_step': '2.60619'}
2026-03-18 22:42:09,778 - train_greyscale_FA_MoE.py - {'step': '396400', 'lr': '0.0002', 'total_loss': '0.00513854', 'main_loss': '0.00513854', 'time_per_step': '2.59909'}
2026-03-18 22:46:38,948 - train_greyscale_FA_MoE.py - {'step': '396500', 'lr': '0.0002', 'total_loss': '0.0100414', 'main_loss': '0.0100414', 'time_per_step': '2.61926'}
2026-03-18 22:51:07,781 - train_greyscale_FA_MoE.py - {'step': '396600', 'lr': '0.0002', 'total_loss': '0.00695789', 'main_loss': '0.00695789', 'time_per_step': '2.62906'}
2026-03-18 22:55:36,884 - train_greyscale_FA_MoE.py - {'step': '396700', 'lr': '0.0002', 'total_loss': '0.00878597', 'main_loss': '0.00878597', 'time_per_step': '2.61166'}
2026-03-18 23:00:07,627 - train_greyscale_FA_MoE.py - {'step': '396800', 'lr': '0.0002', 'total_loss': '0.0107816', 'main_loss': '0.0107816', 'time_per_step': '2.61685'}
2026-03-18 23:04:37,299 - train_greyscale_FA_MoE.py - {'step': '396900', 'lr': '0.0002', 'total_loss': '0.00672779', 'main_loss': '0.00672779', 'time_per_step': '2.60309'}
2026-03-18 23:09:07,415 - train_greyscale_FA_MoE.py - {'step': '397000', 'lr': '0.0002', 'total_loss': '0.00964653', 'main_loss': '0.00964653', 'time_per_step': '2.61035'}
2026-03-18 23:13:36,471 - train_greyscale_FA_MoE.py - {'step': '397100', 'lr': '0.0002', 'total_loss': '0.00800759', 'main_loss': '0.00800759', 'time_per_step': '2.52795'}
2026-03-18 23:18:05,225 - train_greyscale_FA_MoE.py - {'step': '397200', 'lr': '0.0002', 'total_loss': '0.00588113', 'main_loss': '0.00588113', 'time_per_step': '2.52818'}
2026-03-18 23:22:35,258 - train_greyscale_FA_MoE.py - {'step': '397300', 'lr': '0.0002', 'total_loss': '0.00803282', 'main_loss': '0.00803282', 'time_per_step': '2.61069'}
2026-03-18 23:27:04,037 - train_greyscale_FA_MoE.py - {'step': '397400', 'lr': '0.0002', 'total_loss': '0.00659127', 'main_loss': '0.00659127', 'time_per_step': '2.59031'}
2026-03-18 23:31:33,634 - train_greyscale_FA_MoE.py - {'step': '397500', 'lr': '0.0002', 'total_loss': '0.00860698', 'main_loss': '0.00860698', 'time_per_step': '2.64469'}
2026-03-18 23:36:03,417 - train_greyscale_FA_MoE.py - {'step': '397600', 'lr': '0.0002', 'total_loss': '0.00730911', 'main_loss': '0.00730911', 'time_per_step': '2.60745'}
2026-03-18 23:40:33,342 - train_greyscale_FA_MoE.py - {'step': '397700', 'lr': '0.0002', 'total_loss': '0.0053866', 'main_loss': '0.0053866', 'time_per_step': '2.61506'}
2026-03-18 23:45:03,197 - train_greyscale_FA_MoE.py - {'step': '397800', 'lr': '0.0002', 'total_loss': '0.00567203', 'main_loss': '0.00567203', 'time_per_step': '2.64847'}
2026-03-18 23:49:32,959 - train_greyscale_FA_MoE.py - {'step': '397900', 'lr': '0.0002', 'total_loss': '0.00947254', 'main_loss': '0.00947254', 'time_per_step': '2.6095'}
2026-03-18 23:54:02,573 - train_greyscale_FA_MoE.py - {'step': '398000', 'lr': '0.0002', 'total_loss': '0.00922852', 'main_loss': '0.00922852', 'time_per_step': '2.60542'}
2026-03-18 23:58:33,022 - train_greyscale_FA_MoE.py - {'step': '398100', 'lr': '0.0002', 'total_loss': '0.00990872', 'main_loss': '0.00990872', 'time_per_step': '2.60477'}
2026-03-19 00:03:02,753 - train_greyscale_FA_MoE.py - {'step': '398200', 'lr': '0.0002', 'total_loss': '0.00585592', 'main_loss': '0.00585592', 'time_per_step': '2.62471'}
2026-03-19 00:07:31,752 - train_greyscale_FA_MoE.py - {'step': '398300', 'lr': '0.0002', 'total_loss': '0.00932253', 'main_loss': '0.00932253', 'time_per_step': '2.53044'}
2026-03-19 00:12:01,387 - train_greyscale_FA_MoE.py - {'step': '398400', 'lr': '0.0002', 'total_loss': '0.0107469', 'main_loss': '0.0107469', 'time_per_step': '2.5341'}
2026-03-19 00:16:31,890 - train_greyscale_FA_MoE.py - {'step': '398500', 'lr': '0.0002', 'total_loss': '0.00702761', 'main_loss': '0.00702761', 'time_per_step': '2.62465'}
2026-03-19 00:21:01,825 - train_greyscale_FA_MoE.py - {'step': '398600', 'lr': '0.0002', 'total_loss': '0.00545264', 'main_loss': '0.00545264', 'time_per_step': '2.63209'}
2026-03-19 00:25:31,538 - train_greyscale_FA_MoE.py - {'step': '398700', 'lr': '0.0002', 'total_loss': '0.00914918', 'main_loss': '0.00914918', 'time_per_step': '2.59826'}
2026-03-19 00:30:00,537 - train_greyscale_FA_MoE.py - {'step': '398800', 'lr': '0.0002', 'total_loss': '0.0105269', 'main_loss': '0.0105269', 'time_per_step': '2.62419'}
2026-03-19 00:34:29,782 - train_greyscale_FA_MoE.py - {'step': '398900', 'lr': '0.0002', 'total_loss': '0.00846811', 'main_loss': '0.00846811', 'time_per_step': '2.60228'}
2026-03-19 00:38:59,289 - train_greyscale_FA_MoE.py - {'step': '399000', 'lr': '0.0002', 'total_loss': '0.00693904', 'main_loss': '0.00693904', 'time_per_step': '2.58594'}
2026-03-19 00:43:28,567 - train_greyscale_FA_MoE.py - {'step': '399100', 'lr': '0.0002', 'total_loss': '0.00820409', 'main_loss': '0.00820409', 'time_per_step': '2.67299'}
2026-03-19 00:47:58,671 - train_greyscale_FA_MoE.py - {'step': '399200', 'lr': '0.0002', 'total_loss': '0.0124447', 'main_loss': '0.0124447', 'time_per_step': '2.58439'}
2026-03-19 00:52:28,601 - train_greyscale_FA_MoE.py - {'step': '399300', 'lr': '0.0002', 'total_loss': '0.00848624', 'main_loss': '0.00848624', 'time_per_step': '2.62007'}
2026-03-19 00:56:58,814 - train_greyscale_FA_MoE.py - {'step': '399400', 'lr': '0.0002', 'total_loss': '0.00767253', 'main_loss': '0.00767253', 'time_per_step': '2.60965'}
2026-03-19 01:01:28,601 - train_greyscale_FA_MoE.py - {'step': '399500', 'lr': '0.0002', 'total_loss': '0.0068885', 'main_loss': '0.0068885', 'time_per_step': '2.61327'}
2026-03-19 01:05:57,819 - train_greyscale_FA_MoE.py - {'step': '399600', 'lr': '0.0002', 'total_loss': '0.00497683', 'main_loss': '0.00497683', 'time_per_step': '2.53136'}
2026-03-19 01:10:27,360 - train_greyscale_FA_MoE.py - {'step': '399700', 'lr': '0.0002', 'total_loss': '0.00676985', 'main_loss': '0.00676985', 'time_per_step': '2.71306'}
2026-03-19 01:14:56,370 - train_greyscale_FA_MoE.py - {'step': '399800', 'lr': '0.0002', 'total_loss': '0.00891863', 'main_loss': '0.00891863', 'time_per_step': '2.69612'}
2026-03-19 01:19:26,250 - train_greyscale_FA_MoE.py - {'step': '399900', 'lr': '0.0002', 'total_loss': '0.00487029', 'main_loss': '0.00487029', 'time_per_step': '2.70555'}
2026-03-19 01:23:55,212 - train_greyscale_FA_MoE.py - {'step': '400000', 'lr': '0.0002', 'total_loss': '0.00584831', 'main_loss': '0.00584831', 'time_per_step': '2.69676'}
2026-03-19 01:23:55,232 - train_greyscale_FA_MoE.py - Saved expert distribution of layer in_block_0 to output_shift_fa/acdc_wholeheart_uncond_fa_ec_4moe8_greyscale_uvit_mid_4by4_l8r9_low16_Y_bound/samples/expert_distribution_in_block_0_step400000.npy
2026-03-19 01:23:57,658 - train_greyscale_FA_MoE.py - Saved expert distribution of layer out_block_7 to output_shift_fa/acdc_wholeheart_uncond_fa_ec_4moe8_greyscale_uvit_mid_4by4_l8r9_low16_Y_bound/samples/expert_distribution_out_block_7_step400000.npy
2026-03-19 01:24:00,084 - train_greyscale_FA_MoE.py - Save a grid of 16 samples into output_shift_fa/acdc_wholeheart_uncond_fa_ec_4moe8_greyscale_uvit_mid_4by4_l8r9_low16_Y_bound/samples/400000.png by DPM-Solver
2026-03-19 01:24:06,281 - train_greyscale_FA_MoE.py - Finished saving sample grid to output_shift_fa/acdc_wholeheart_uncond_fa_ec_4moe8_greyscale_uvit_mid_4by4_l8r9_low16_Y_bound/samples/400000.png by DPM-Solver.
2026-03-19 01:24:06,341 - train_greyscale_FA_MoE.py - Save and eval checkpoint 400000...
2026-03-19 01:24:09,064 - train_greyscale_FA_MoE.py - eval_step: n_samples=50000, sample_steps=50, algorithm=dpm_solver, mini_batch_size=500, samples save into output_shift_fa/acdc_wholeheart_uncond_fa_ec_4moe8_greyscale_uvit_mid_4by4_l8r9_low16_Y_bound/samples/acdc_wholeheart_uncond_uvit_FA_EC_4MoE8_greyscale_mid_4by4_low16_400000_dpm
2026-03-19 02:19:50,819 - train_greyscale_FA_MoE.py - step=400000 fid50000=11.447751044262418
2026-03-19 02:26:11,209 - is_lpips.py - LPIPS: 0.5135 ± 0.0500
2026-03-19 02:26:11,214 - train_greyscale_FA_MoE.py - step=400000 LPIPS50000=0.5135175196373385
2026-03-19 02:31:40,941 - train_greyscale_FA_MoE.py - {'step': '400100', 'lr': '0.0002', 'total_loss': '0.00814601', 'main_loss': '0.00814601', 'time_per_step': '2.60916'}
2026-03-19 02:36:10,956 - train_greyscale_FA_MoE.py - {'step': '400200', 'lr': '0.0002', 'total_loss': '0.00848788', 'main_loss': '0.00848788', 'time_per_step': '2.62109'}
2026-03-19 02:40:40,852 - train_greyscale_FA_MoE.py - {'step': '400300', 'lr': '0.0002', 'total_loss': '0.00934094', 'main_loss': '0.00934094', 'time_per_step': '2.60113'}
2026-03-19 02:45:10,104 - train_greyscale_FA_MoE.py - {'step': '400400', 'lr': '0.0002', 'total_loss': '0.0102199', 'main_loss': '0.0102199', 'time_per_step': '2.64021'}
2026-03-19 02:49:39,310 - train_greyscale_FA_MoE.py - {'step': '400500', 'lr': '0.0002', 'total_loss': '0.0095885', 'main_loss': '0.0095885', 'time_per_step': '2.606'}
2026-03-19 02:54:08,850 - train_greyscale_FA_MoE.py - {'step': '400600', 'lr': '0.0002', 'total_loss': '0.0104108', 'main_loss': '0.0104108', 'time_per_step': '2.6072'}
2026-03-19 02:58:39,217 - train_greyscale_FA_MoE.py - {'step': '400700', 'lr': '0.0002', 'total_loss': '0.00880047', 'main_loss': '0.00880047', 'time_per_step': '2.54618'}
2026-03-19 03:03:08,710 - train_greyscale_FA_MoE.py - {'step': '400800', 'lr': '0.0002', 'total_loss': '0.0110562', 'main_loss': '0.0110562', 'time_per_step': '2.52791'}
2026-03-19 03:07:39,491 - train_greyscale_FA_MoE.py - {'step': '400900', 'lr': '0.0002', 'total_loss': '0.00683784', 'main_loss': '0.00683784', 'time_per_step': '2.59094'}
2026-03-19 03:12:09,583 - train_greyscale_FA_MoE.py - {'step': '401000', 'lr': '0.0002', 'total_loss': '0.0100965', 'main_loss': '0.0100965', 'time_per_step': '2.60984'}
2026-03-19 03:16:39,632 - train_greyscale_FA_MoE.py - {'step': '401100', 'lr': '0.0002', 'total_loss': '0.0114785', 'main_loss': '0.0114785', 'time_per_step': '2.62172'}
2026-03-19 03:21:12,294 - train_greyscale_FA_MoE.py - {'step': '401200', 'lr': '0.0002', 'total_loss': '0.00734561', 'main_loss': '0.00734561', 'time_per_step': '2.62525'}
2026-03-19 03:25:43,718 - train_greyscale_FA_MoE.py - {'step': '401300', 'lr': '0.0002', 'total_loss': '0.00752473', 'main_loss': '0.00752473', 'time_per_step': '2.57854'}
2026-03-19 03:30:13,134 - train_greyscale_FA_MoE.py - {'step': '401400', 'lr': '0.0002', 'total_loss': '0.00923209', 'main_loss': '0.00923209', 'time_per_step': '2.62132'}
2026-03-19 03:34:42,768 - train_greyscale_FA_MoE.py - {'step': '401500', 'lr': '0.0002', 'total_loss': '0.00801891', 'main_loss': '0.00801891', 'time_per_step': '2.63333'}
2026-03-19 03:39:13,563 - train_greyscale_FA_MoE.py - {'step': '401600', 'lr': '0.0002', 'total_loss': '0.00917291', 'main_loss': '0.00917291', 'time_per_step': '2.61646'}
2026-03-19 03:43:43,635 - train_greyscale_FA_MoE.py - {'step': '401700', 'lr': '0.0002', 'total_loss': '0.00636182', 'main_loss': '0.00636182', 'time_per_step': '2.62665'}
2026-03-19 03:48:13,675 - train_greyscale_FA_MoE.py - {'step': '401800', 'lr': '0.0002', 'total_loss': '0.00783609', 'main_loss': '0.00783609', 'time_per_step': '2.6172'}
2026-03-19 03:52:43,649 - train_greyscale_FA_MoE.py - {'step': '401900', 'lr': '0.0002', 'total_loss': '0.00634967', 'main_loss': '0.00634967', 'time_per_step': '2.54686'}
2026-03-19 03:57:13,321 - train_greyscale_FA_MoE.py - {'step': '402000', 'lr': '0.0002', 'total_loss': '0.00805754', 'main_loss': '0.00805754', 'time_per_step': '2.52917'}
2026-03-19 04:01:44,169 - train_greyscale_FA_MoE.py - {'step': '402100', 'lr': '0.0002', 'total_loss': '0.00806063', 'main_loss': '0.00806063', 'time_per_step': '2.61536'}
2026-03-19 04:06:13,914 - train_greyscale_FA_MoE.py - {'step': '402200', 'lr': '0.0002', 'total_loss': '0.00850545', 'main_loss': '0.00850545', 'time_per_step': '2.59286'}
2026-03-19 04:10:43,080 - train_greyscale_FA_MoE.py - {'step': '402300', 'lr': '0.0002', 'total_loss': '0.0103859', 'main_loss': '0.0103859', 'time_per_step': '2.60935'}
2026-03-19 04:15:12,397 - train_greyscale_FA_MoE.py - {'step': '402400', 'lr': '0.0002', 'total_loss': '0.0073189', 'main_loss': '0.0073189', 'time_per_step': '2.61689'}
2026-03-19 04:19:42,229 - train_greyscale_FA_MoE.py - {'step': '402500', 'lr': '0.0002', 'total_loss': '0.00985611', 'main_loss': '0.00985611', 'time_per_step': '2.61082'}
2026-03-19 04:24:12,401 - train_greyscale_FA_MoE.py - {'step': '402600', 'lr': '0.0002', 'total_loss': '0.00629202', 'main_loss': '0.00629202', 'time_per_step': '2.6167'}
2026-03-19 04:28:42,299 - train_greyscale_FA_MoE.py - {'step': '402700', 'lr': '0.0002', 'total_loss': '0.0067136', 'main_loss': '0.0067136', 'time_per_step': '2.61385'}
2026-03-19 04:33:11,832 - train_greyscale_FA_MoE.py - {'step': '402800', 'lr': '0.0002', 'total_loss': '0.00727461', 'main_loss': '0.00727461', 'time_per_step': '2.61414'}
2026-03-19 04:37:41,868 - train_greyscale_FA_MoE.py - {'step': '402900', 'lr': '0.0002', 'total_loss': '0.00885205', 'main_loss': '0.00885205', 'time_per_step': '2.6008'}
2026-03-19 04:42:12,053 - train_greyscale_FA_MoE.py - {'step': '403000', 'lr': '0.0002', 'total_loss': '0.00960742', 'main_loss': '0.00960742', 'time_per_step': '2.61928'}
2026-03-19 04:46:41,350 - train_greyscale_FA_MoE.py - {'step': '403100', 'lr': '0.0002', 'total_loss': '0.00784722', 'main_loss': '0.00784722', 'time_per_step': '2.53843'}
2026-03-19 04:51:11,405 - train_greyscale_FA_MoE.py - {'step': '403200', 'lr': '0.0002', 'total_loss': '0.00679614', 'main_loss': '0.00679614', 'time_per_step': '2.53086'}
2026-03-19 04:55:42,659 - train_greyscale_FA_MoE.py - {'step': '403300', 'lr': '0.0002', 'total_loss': '0.00639171', 'main_loss': '0.00639171', 'time_per_step': '2.6013'}
2026-03-19 05:00:12,632 - train_greyscale_FA_MoE.py - {'step': '403400', 'lr': '0.0002', 'total_loss': '0.0091565', 'main_loss': '0.0091565', 'time_per_step': '2.60555'}
2026-03-19 05:04:42,268 - train_greyscale_FA_MoE.py - {'step': '403500', 'lr': '0.0002', 'total_loss': '0.00597355', 'main_loss': '0.00597355', 'time_per_step': '2.62757'}
2026-03-19 05:09:12,414 - train_greyscale_FA_MoE.py - {'step': '403600', 'lr': '0.0002', 'total_loss': '0.00982157', 'main_loss': '0.00982157', 'time_per_step': '2.60277'}
2026-03-19 05:13:42,313 - train_greyscale_FA_MoE.py - {'step': '403700', 'lr': '0.0002', 'total_loss': '0.00860032', 'main_loss': '0.00860032', 'time_per_step': '2.62464'}
2026-03-19 05:18:11,396 - train_greyscale_FA_MoE.py - {'step': '403800', 'lr': '0.0002', 'total_loss': '0.00579696', 'main_loss': '0.00579696', 'time_per_step': '2.623'}
2026-03-19 05:22:41,594 - train_greyscale_FA_MoE.py - {'step': '403900', 'lr': '0.0002', 'total_loss': '0.00991216', 'main_loss': '0.00991216', 'time_per_step': '2.63156'}
2026-03-19 05:27:10,719 - train_greyscale_FA_MoE.py - {'step': '404000', 'lr': '0.0002', 'total_loss': '0.0063001', 'main_loss': '0.0063001', 'time_per_step': '2.62041'}
2026-03-19 05:31:40,817 - train_greyscale_FA_MoE.py - {'step': '404100', 'lr': '0.0002', 'total_loss': '0.00583965', 'main_loss': '0.00583965', 'time_per_step': '2.59737'}
2026-03-19 05:36:09,928 - train_greyscale_FA_MoE.py - {'step': '404200', 'lr': '0.0002', 'total_loss': '0.0086406', 'main_loss': '0.0086406', 'time_per_step': '2.61514'}
2026-03-19 05:40:39,421 - train_greyscale_FA_MoE.py - {'step': '404300', 'lr': '0.0002', 'total_loss': '0.00612835', 'main_loss': '0.00612835', 'time_per_step': '2.54909'}
2026-03-19 05:45:08,805 - train_greyscale_FA_MoE.py - {'step': '404400', 'lr': '0.0002', 'total_loss': '0.00961132', 'main_loss': '0.00961132', 'time_per_step': '2.5301'}
2026-03-19 05:49:39,460 - train_greyscale_FA_MoE.py - {'step': '404500', 'lr': '0.0002', 'total_loss': '0.00466281', 'main_loss': '0.00466281', 'time_per_step': '2.59269'}
2026-03-19 05:54:08,851 - train_greyscale_FA_MoE.py - {'step': '404600', 'lr': '0.0002', 'total_loss': '0.00828954', 'main_loss': '0.00828954', 'time_per_step': '2.60765'}
2026-03-19 05:58:39,026 - train_greyscale_FA_MoE.py - {'step': '404700', 'lr': '0.0002', 'total_loss': '0.00963613', 'main_loss': '0.00963613', 'time_per_step': '2.62972'}
2026-03-19 06:03:08,801 - train_greyscale_FA_MoE.py - {'step': '404800', 'lr': '0.0002', 'total_loss': '0.0123017', 'main_loss': '0.0123017', 'time_per_step': '2.6094'}
2026-03-19 06:07:38,300 - train_greyscale_FA_MoE.py - {'step': '404900', 'lr': '0.0002', 'total_loss': '0.0102607', 'main_loss': '0.0102607', 'time_per_step': '2.6086'}
2026-03-19 06:12:08,540 - train_greyscale_FA_MoE.py - {'step': '405000', 'lr': '0.0002', 'total_loss': '0.00799561', 'main_loss': '0.00799561', 'time_per_step': '2.61529'}
2026-03-19 06:16:37,861 - train_greyscale_FA_MoE.py - {'step': '405100', 'lr': '0.0002', 'total_loss': '0.00536793', 'main_loss': '0.00536793', 'time_per_step': '2.61112'}
2026-03-19 06:21:07,963 - train_greyscale_FA_MoE.py - {'step': '405200', 'lr': '0.0002', 'total_loss': '0.007316', 'main_loss': '0.007316', 'time_per_step': '2.60446'}
2026-03-19 06:25:38,488 - train_greyscale_FA_MoE.py - {'step': '405300', 'lr': '0.0002', 'total_loss': '0.00450521', 'main_loss': '0.00450521', 'time_per_step': '2.62452'}
2026-03-19 06:30:08,796 - train_greyscale_FA_MoE.py - {'step': '405400', 'lr': '0.0002', 'total_loss': '0.0120922', 'main_loss': '0.0120922', 'time_per_step': '2.61713'}
2026-03-19 06:34:38,893 - train_greyscale_FA_MoE.py - {'step': '405500', 'lr': '0.0002', 'total_loss': '0.00479227', 'main_loss': '0.00479227', 'time_per_step': '2.55059'}
2026-03-19 06:39:07,886 - train_greyscale_FA_MoE.py - {'step': '405600', 'lr': '0.0002', 'total_loss': '0.00755206', 'main_loss': '0.00755206', 'time_per_step': '2.52885'}
2026-03-19 06:43:39,913 - train_greyscale_FA_MoE.py - {'step': '405700', 'lr': '0.0002', 'total_loss': '0.0076409', 'main_loss': '0.0076409', 'time_per_step': '2.61759'}
2026-03-19 06:48:08,883 - train_greyscale_FA_MoE.py - {'step': '405800', 'lr': '0.0002', 'total_loss': '0.0119926', 'main_loss': '0.0119926', 'time_per_step': '2.62254'}
2026-03-19 06:52:38,247 - train_greyscale_FA_MoE.py - {'step': '405900', 'lr': '0.0002', 'total_loss': '0.0105132', 'main_loss': '0.0105132', 'time_per_step': '2.61319'}
2026-03-19 06:57:09,398 - train_greyscale_FA_MoE.py - {'step': '406000', 'lr': '0.0002', 'total_loss': '0.0100284', 'main_loss': '0.0100284', 'time_per_step': '2.58904'}
2026-03-19 07:01:39,064 - train_greyscale_FA_MoE.py - {'step': '406100', 'lr': '0.0002', 'total_loss': '0.00714394', 'main_loss': '0.00714394', 'time_per_step': '2.6248'}
2026-03-19 07:06:09,255 - train_greyscale_FA_MoE.py - {'step': '406200', 'lr': '0.0002', 'total_loss': '0.00896324', 'main_loss': '0.00896324', 'time_per_step': '2.62681'}
2026-03-19 07:10:39,428 - train_greyscale_FA_MoE.py - {'step': '406300', 'lr': '0.0002', 'total_loss': '0.00899008', 'main_loss': '0.00899008', 'time_per_step': '2.60923'}
2026-03-19 07:15:09,246 - train_greyscale_FA_MoE.py - {'step': '406400', 'lr': '0.0002', 'total_loss': '0.00711048', 'main_loss': '0.00711048', 'time_per_step': '2.61816'}
2026-03-19 07:19:39,857 - train_greyscale_FA_MoE.py - {'step': '406500', 'lr': '0.0002', 'total_loss': '0.00908102', 'main_loss': '0.00908102', 'time_per_step': '2.60301'}
2026-03-19 07:24:09,395 - train_greyscale_FA_MoE.py - {'step': '406600', 'lr': '0.0002', 'total_loss': '0.0111931', 'main_loss': '0.0111931', 'time_per_step': '2.61253'}
2026-03-19 07:28:38,839 - train_greyscale_FA_MoE.py - {'step': '406700', 'lr': '0.0002', 'total_loss': '0.0104384', 'main_loss': '0.0104384', 'time_per_step': '2.54471'}
2026-03-19 07:33:13,390 - train_greyscale_FA_MoE.py - {'step': '406800', 'lr': '0.0002', 'total_loss': '0.010609', 'main_loss': '0.010609', 'time_per_step': '2.52888'}
2026-03-19 07:37:49,434 - train_greyscale_FA_MoE.py - {'step': '406900', 'lr': '0.0002', 'total_loss': '0.00531085', 'main_loss': '0.00531085', 'time_per_step': '2.63'}
2026-03-19 07:42:26,905 - train_greyscale_FA_MoE.py - {'step': '407000', 'lr': '0.0002', 'total_loss': '0.00719931', 'main_loss': '0.00719931', 'time_per_step': '2.68646'}
2026-03-19 07:46:58,312 - train_greyscale_FA_MoE.py - {'step': '407100', 'lr': '0.0002', 'total_loss': '0.00798576', 'main_loss': '0.00798576', 'time_per_step': '2.58526'}
2026-03-19 07:51:27,825 - train_greyscale_FA_MoE.py - {'step': '407200', 'lr': '0.0002', 'total_loss': '0.00813446', 'main_loss': '0.00813446', 'time_per_step': '2.70097'}
2026-03-19 07:55:57,016 - train_greyscale_FA_MoE.py - {'step': '407300', 'lr': '0.0002', 'total_loss': '0.0126041', 'main_loss': '0.0126041', 'time_per_step': '2.67643'}
2026-03-19 08:00:27,739 - train_greyscale_FA_MoE.py - {'step': '407400', 'lr': '0.0002', 'total_loss': '0.00537101', 'main_loss': '0.00537101', 'time_per_step': '2.73896'}
2026-03-19 08:04:57,443 - train_greyscale_FA_MoE.py - {'step': '407500', 'lr': '0.0002', 'total_loss': '0.00483452', 'main_loss': '0.00483452', 'time_per_step': '2.58111'}
2026-03-19 08:09:27,299 - train_greyscale_FA_MoE.py - {'step': '407600', 'lr': '0.0002', 'total_loss': '0.00471506', 'main_loss': '0.00471506', 'time_per_step': '3.56702'}
2026-03-19 08:13:56,238 - train_greyscale_FA_MoE.py - {'step': '407700', 'lr': '0.0002', 'total_loss': '0.00595512', 'main_loss': '0.00595512', 'time_per_step': '2.68849'}
2026-03-19 08:18:26,576 - train_greyscale_FA_MoE.py - {'step': '407800', 'lr': '0.0002', 'total_loss': '0.00798704', 'main_loss': '0.00798704', 'time_per_step': '2.68761'}
2026-03-19 08:22:56,210 - train_greyscale_FA_MoE.py - {'step': '407900', 'lr': '0.0002', 'total_loss': '0.00733163', 'main_loss': '0.00733163', 'time_per_step': '2.58835'}
2026-03-19 08:27:25,938 - train_greyscale_FA_MoE.py - {'step': '408000', 'lr': '0.0002', 'total_loss': '0.00647745', 'main_loss': '0.00647745', 'time_per_step': '2.57822'}
2026-03-19 08:31:56,589 - train_greyscale_FA_MoE.py - {'step': '408100', 'lr': '0.0002', 'total_loss': '0.00845555', 'main_loss': '0.00845555', 'time_per_step': '2.68097'}
2026-03-19 08:36:25,942 - train_greyscale_FA_MoE.py - {'step': '408200', 'lr': '0.0002', 'total_loss': '0.00820538', 'main_loss': '0.00820538', 'time_per_step': '2.67556'}
2026-03-19 08:40:55,982 - train_greyscale_FA_MoE.py - {'step': '408300', 'lr': '0.0002', 'total_loss': '0.00776309', 'main_loss': '0.00776309', 'time_per_step': '2.69116'}
2026-03-19 08:45:25,652 - train_greyscale_FA_MoE.py - {'step': '408400', 'lr': '0.0002', 'total_loss': '0.00596694', 'main_loss': '0.00596694', 'time_per_step': '2.6794'}
2026-03-19 08:49:55,881 - train_greyscale_FA_MoE.py - {'step': '408500', 'lr': '0.0002', 'total_loss': '0.00486824', 'main_loss': '0.00486824', 'time_per_step': '2.68548'}
2026-03-19 08:54:26,128 - train_greyscale_FA_MoE.py - {'step': '408600', 'lr': '0.0002', 'total_loss': '0.0089675', 'main_loss': '0.0089675', 'time_per_step': '2.68047'}
2026-03-19 08:58:57,121 - train_greyscale_FA_MoE.py - {'step': '408700', 'lr': '0.0002', 'total_loss': '0.00769139', 'main_loss': '0.00769139', 'time_per_step': '2.70121'}
2026-03-19 09:03:26,410 - train_greyscale_FA_MoE.py - {'step': '408800', 'lr': '0.0002', 'total_loss': '0.00602208', 'main_loss': '0.00602208', 'time_per_step': '2.68952'}
2026-03-19 09:07:55,425 - train_greyscale_FA_MoE.py - {'step': '408900', 'lr': '0.0002', 'total_loss': '0.00694841', 'main_loss': '0.00694841', 'time_per_step': '2.65866'}
2026-03-19 09:12:24,520 - train_greyscale_FA_MoE.py - {'step': '409000', 'lr': '0.0002', 'total_loss': '0.00909885', 'main_loss': '0.00909885', 'time_per_step': '2.60054'}
2026-03-19 09:16:53,715 - train_greyscale_FA_MoE.py - {'step': '409100', 'lr': '0.0002', 'total_loss': '0.00932361', 'main_loss': '0.00932361', 'time_per_step': '2.54891'}
2026-03-19 09:21:23,147 - train_greyscale_FA_MoE.py - {'step': '409200', 'lr': '0.0002', 'total_loss': '0.00956941', 'main_loss': '0.00956941', 'time_per_step': '2.52747'}
2026-03-19 09:25:53,813 - train_greyscale_FA_MoE.py - {'step': '409300', 'lr': '0.0002', 'total_loss': '0.014087', 'main_loss': '0.014087', 'time_per_step': '2.60278'}
2026-03-19 09:30:22,807 - train_greyscale_FA_MoE.py - {'step': '409400', 'lr': '0.0002', 'total_loss': '0.00610131', 'main_loss': '0.00610131', 'time_per_step': '2.58407'}
2026-03-19 09:34:52,326 - train_greyscale_FA_MoE.py - {'step': '409500', 'lr': '0.0002', 'total_loss': '0.00981588', 'main_loss': '0.00981588', 'time_per_step': '2.61416'}
2026-03-19 09:39:21,894 - train_greyscale_FA_MoE.py - {'step': '409600', 'lr': '0.0002', 'total_loss': '0.00751521', 'main_loss': '0.00751521', 'time_per_step': '2.59564'}
2026-03-19 09:43:51,837 - train_greyscale_FA_MoE.py - {'step': '409700', 'lr': '0.0002', 'total_loss': '0.00790941', 'main_loss': '0.00790941', 'time_per_step': '2.59902'}
2026-03-19 09:48:21,933 - train_greyscale_FA_MoE.py - {'step': '409800', 'lr': '0.0002', 'total_loss': '0.00662732', 'main_loss': '0.00662732', 'time_per_step': '2.61367'}
2026-03-19 09:52:52,162 - train_greyscale_FA_MoE.py - {'step': '409900', 'lr': '0.0002', 'total_loss': '0.00566726', 'main_loss': '0.00566726', 'time_per_step': '2.60916'}
2026-03-19 09:57:22,409 - train_greyscale_FA_MoE.py - {'step': '410000', 'lr': '0.0002', 'total_loss': '0.00669555', 'main_loss': '0.00669555', 'time_per_step': '2.60228'}
2026-03-19 10:01:52,314 - train_greyscale_FA_MoE.py - {'step': '410100', 'lr': '0.0002', 'total_loss': '0.00858052', 'main_loss': '0.00858052', 'time_per_step': '2.62103'}
2026-03-19 10:06:21,769 - train_greyscale_FA_MoE.py - {'step': '410200', 'lr': '0.0002', 'total_loss': '0.0089353', 'main_loss': '0.0089353', 'time_per_step': '2.60878'}
2026-03-19 10:10:50,990 - train_greyscale_FA_MoE.py - {'step': '410300', 'lr': '0.0002', 'total_loss': '0.00865599', 'main_loss': '0.00865599', 'time_per_step': '2.53425'}
2026-03-19 10:15:20,344 - train_greyscale_FA_MoE.py - {'step': '410400', 'lr': '0.0002', 'total_loss': '0.00925335', 'main_loss': '0.00925335', 'time_per_step': '2.51644'}
2026-03-19 10:19:51,314 - train_greyscale_FA_MoE.py - {'step': '410500', 'lr': '0.0002', 'total_loss': '0.00891672', 'main_loss': '0.00891672', 'time_per_step': '2.58273'}
2026-03-19 10:24:20,699 - train_greyscale_FA_MoE.py - {'step': '410600', 'lr': '0.0002', 'total_loss': '0.00629503', 'main_loss': '0.00629503', 'time_per_step': '2.61273'}
2026-03-19 10:28:51,433 - train_greyscale_FA_MoE.py - {'step': '410700', 'lr': '0.0002', 'total_loss': '0.00582977', 'main_loss': '0.00582977', 'time_per_step': '2.59511'}
2026-03-19 10:33:21,560 - train_greyscale_FA_MoE.py - {'step': '410800', 'lr': '0.0002', 'total_loss': '0.00872681', 'main_loss': '0.00872681', 'time_per_step': '2.60421'}
2026-03-19 10:37:52,005 - train_greyscale_FA_MoE.py - {'step': '410900', 'lr': '0.0002', 'total_loss': '0.0095141', 'main_loss': '0.0095141', 'time_per_step': '2.58821'}
2026-03-19 10:42:22,006 - train_greyscale_FA_MoE.py - {'step': '411000', 'lr': '0.0002', 'total_loss': '0.00844117', 'main_loss': '0.00844117', 'time_per_step': '2.6247'}
2026-03-19 10:46:52,026 - train_greyscale_FA_MoE.py - {'step': '411100', 'lr': '0.0002', 'total_loss': '0.00880917', 'main_loss': '0.00880917', 'time_per_step': '2.60389'}
2026-03-19 10:51:21,177 - train_greyscale_FA_MoE.py - {'step': '411200', 'lr': '0.0002', 'total_loss': '0.00772411', 'main_loss': '0.00772411', 'time_per_step': '2.60508'}
2026-03-19 10:55:51,162 - train_greyscale_FA_MoE.py - {'step': '411300', 'lr': '0.0002', 'total_loss': '0.0057601', 'main_loss': '0.0057601', 'time_per_step': '2.61896'}
2026-03-19 11:00:22,472 - train_greyscale_FA_MoE.py - {'step': '411400', 'lr': '0.0002', 'total_loss': '0.00861688', 'main_loss': '0.00861688', 'time_per_step': '2.63755'}
2026-03-19 11:04:52,500 - train_greyscale_FA_MoE.py - {'step': '411500', 'lr': '0.0002', 'total_loss': '0.00588661', 'main_loss': '0.00588661', 'time_per_step': '2.53309'}
2026-03-19 11:09:21,540 - train_greyscale_FA_MoE.py - {'step': '411600', 'lr': '0.0002', 'total_loss': '0.00613991', 'main_loss': '0.00613991', 'time_per_step': '2.52778'}
2026-03-19 11:13:52,800 - train_greyscale_FA_MoE.py - {'step': '411700', 'lr': '0.0002', 'total_loss': '0.00760732', 'main_loss': '0.00760732', 'time_per_step': '2.60923'}
2026-03-19 11:18:23,018 - train_greyscale_FA_MoE.py - {'step': '411800', 'lr': '0.0002', 'total_loss': '0.00730183', 'main_loss': '0.00730183', 'time_per_step': '2.60932'}
2026-03-19 11:22:53,632 - train_greyscale_FA_MoE.py - {'step': '411900', 'lr': '0.0002', 'total_loss': '0.00976339', 'main_loss': '0.00976339', 'time_per_step': '2.60638'}
2026-03-19 11:27:23,959 - train_greyscale_FA_MoE.py - {'step': '412000', 'lr': '0.0002', 'total_loss': '0.00712085', 'main_loss': '0.00712085', 'time_per_step': '2.63299'}
2026-03-19 11:31:53,209 - train_greyscale_FA_MoE.py - {'step': '412100', 'lr': '0.0002', 'total_loss': '0.0107288', 'main_loss': '0.0107288', 'time_per_step': '2.60405'}
2026-03-19 11:36:23,365 - train_greyscale_FA_MoE.py - {'step': '412200', 'lr': '0.0002', 'total_loss': '0.00882989', 'main_loss': '0.00882989', 'time_per_step': '2.61702'}
2026-03-19 11:40:53,995 - train_greyscale_FA_MoE.py - {'step': '412300', 'lr': '0.0002', 'total_loss': '0.00586773', 'main_loss': '0.00586773', 'time_per_step': '2.5945'}
2026-03-19 11:45:24,672 - train_greyscale_FA_MoE.py - {'step': '412400', 'lr': '0.0002', 'total_loss': '0.0110116', 'main_loss': '0.0110116', 'time_per_step': '2.61358'}
2026-03-19 11:49:55,492 - train_greyscale_FA_MoE.py - {'step': '412500', 'lr': '0.0002', 'total_loss': '0.00488713', 'main_loss': '0.00488713', 'time_per_step': '2.71214'}
2026-03-19 11:54:25,141 - train_greyscale_FA_MoE.py - {'step': '412600', 'lr': '0.0002', 'total_loss': '0.00667224', 'main_loss': '0.00667224', 'time_per_step': '2.65584'}
2026-03-19 11:58:56,301 - train_greyscale_FA_MoE.py - {'step': '412700', 'lr': '0.0002', 'total_loss': '0.00779861', 'main_loss': '0.00779861', 'time_per_step': '2.60581'}
2026-03-19 12:03:26,497 - train_greyscale_FA_MoE.py - {'step': '412800', 'lr': '0.0002', 'total_loss': '0.00586996', 'main_loss': '0.00586996', 'time_per_step': '2.58163'}
2026-03-19 12:07:57,652 - train_greyscale_FA_MoE.py - {'step': '412900', 'lr': '0.0002', 'total_loss': '0.00848883', 'main_loss': '0.00848883', 'time_per_step': '2.6303'}
2026-03-19 12:12:26,725 - train_greyscale_FA_MoE.py - {'step': '413000', 'lr': '0.0002', 'total_loss': '0.00812581', 'main_loss': '0.00812581', 'time_per_step': '2.67836'}
2026-03-19 12:16:57,120 - train_greyscale_FA_MoE.py - {'step': '413100', 'lr': '0.0002', 'total_loss': '0.00532734', 'main_loss': '0.00532734', 'time_per_step': '2.68582'}
2026-03-19 12:21:27,517 - train_greyscale_FA_MoE.py - {'step': '413200', 'lr': '0.0002', 'total_loss': '0.00603652', 'main_loss': '0.00603652', 'time_per_step': '2.58917'}
2026-03-19 12:25:57,913 - train_greyscale_FA_MoE.py - {'step': '413300', 'lr': '0.0002', 'total_loss': '0.0134969', 'main_loss': '0.0134969', 'time_per_step': '2.60405'}
2026-03-19 12:30:27,901 - train_greyscale_FA_MoE.py - {'step': '413400', 'lr': '0.0002', 'total_loss': '0.0066693', 'main_loss': '0.0066693', 'time_per_step': '2.57876'}
2026-03-19 12:34:58,250 - train_greyscale_FA_MoE.py - {'step': '413500', 'lr': '0.0002', 'total_loss': '0.0093433', 'main_loss': '0.0093433', 'time_per_step': '2.58197'}
2026-03-19 12:39:28,205 - train_greyscale_FA_MoE.py - {'step': '413600', 'lr': '0.0002', 'total_loss': '0.00649157', 'main_loss': '0.00649157', 'time_per_step': '2.59209'}
2026-03-19 12:43:59,017 - train_greyscale_FA_MoE.py - {'step': '413700', 'lr': '0.0002', 'total_loss': '0.0064425', 'main_loss': '0.0064425', 'time_per_step': '2.59958'}
2026-03-19 12:48:29,343 - train_greyscale_FA_MoE.py - {'step': '413800', 'lr': '0.0002', 'total_loss': '0.0120653', 'main_loss': '0.0120653', 'time_per_step': '2.58309'}
2026-03-19 12:53:00,239 - train_greyscale_FA_MoE.py - {'step': '413900', 'lr': '0.0002', 'total_loss': '0.00855228', 'main_loss': '0.00855228', 'time_per_step': '2.75498'}
2026-03-19 12:57:30,879 - train_greyscale_FA_MoE.py - {'step': '414000', 'lr': '0.0002', 'total_loss': '0.00997114', 'main_loss': '0.00997114', 'time_per_step': '2.52912'}
2026-03-19 13:02:04,838 - train_greyscale_FA_MoE.py - {'step': '414100', 'lr': '0.0002', 'total_loss': '0.00826646', 'main_loss': '0.00826646', 'time_per_step': '2.62958'}
2026-03-19 13:06:35,251 - train_greyscale_FA_MoE.py - {'step': '414200', 'lr': '0.0002', 'total_loss': '0.0107033', 'main_loss': '0.0107033', 'time_per_step': '2.59357'}
2026-03-19 13:11:05,377 - train_greyscale_FA_MoE.py - {'step': '414300', 'lr': '0.0002', 'total_loss': '0.00721722', 'main_loss': '0.00721722', 'time_per_step': '2.62424'}
2026-03-19 13:15:35,376 - train_greyscale_FA_MoE.py - {'step': '414400', 'lr': '0.0002', 'total_loss': '0.00681546', 'main_loss': '0.00681546', 'time_per_step': '2.61506'}
2026-03-19 13:20:05,612 - train_greyscale_FA_MoE.py - {'step': '414500', 'lr': '0.0002', 'total_loss': '0.00703216', 'main_loss': '0.00703216', 'time_per_step': '2.61826'}
2026-03-19 13:24:36,300 - train_greyscale_FA_MoE.py - {'step': '414600', 'lr': '0.0002', 'total_loss': '0.00594472', 'main_loss': '0.00594472', 'time_per_step': '2.61682'}
2026-03-19 13:29:06,504 - train_greyscale_FA_MoE.py - {'step': '414700', 'lr': '0.0002', 'total_loss': '0.0109778', 'main_loss': '0.0109778', 'time_per_step': '2.60364'}
2026-03-19 13:33:35,533 - train_greyscale_FA_MoE.py - {'step': '414800', 'lr': '0.0002', 'total_loss': '0.00819696', 'main_loss': '0.00819696', 'time_per_step': '2.61423'}
2026-03-19 13:38:05,858 - train_greyscale_FA_MoE.py - {'step': '414900', 'lr': '0.0002', 'total_loss': '0.00631994', 'main_loss': '0.00631994', 'time_per_step': '2.62738'}
2026-03-19 13:42:36,265 - train_greyscale_FA_MoE.py - {'step': '415000', 'lr': '0.0002', 'total_loss': '0.00503896', 'main_loss': '0.00503896', 'time_per_step': '2.61522'}
2026-03-19 13:47:06,711 - train_greyscale_FA_MoE.py - {'step': '415100', 'lr': '0.0002', 'total_loss': '0.00868331', 'main_loss': '0.00868331', 'time_per_step': '2.52785'}
2026-03-19 13:51:36,840 - train_greyscale_FA_MoE.py - {'step': '415200', 'lr': '0.0002', 'total_loss': '0.00759134', 'main_loss': '0.00759134', 'time_per_step': '2.52707'}
2026-03-19 13:56:07,258 - train_greyscale_FA_MoE.py - {'step': '415300', 'lr': '0.0002', 'total_loss': '0.00648185', 'main_loss': '0.00648185', 'time_per_step': '2.59199'}
2026-03-19 14:00:38,152 - train_greyscale_FA_MoE.py - {'step': '415400', 'lr': '0.0002', 'total_loss': '0.00692554', 'main_loss': '0.00692554', 'time_per_step': '2.59103'}
2026-03-19 14:05:08,135 - train_greyscale_FA_MoE.py - {'step': '415500', 'lr': '0.0002', 'total_loss': '0.0078379', 'main_loss': '0.0078379', 'time_per_step': '2.59237'}
2026-03-19 14:09:38,319 - train_greyscale_FA_MoE.py - {'step': '415600', 'lr': '0.0002', 'total_loss': '0.0091743', 'main_loss': '0.0091743', 'time_per_step': '2.59928'}
2026-03-19 14:14:07,532 - train_greyscale_FA_MoE.py - {'step': '415700', 'lr': '0.0002', 'total_loss': '0.00819265', 'main_loss': '0.00819265', 'time_per_step': '2.63083'}
2026-03-19 14:18:37,806 - train_greyscale_FA_MoE.py - {'step': '415800', 'lr': '0.0002', 'total_loss': '0.00903989', 'main_loss': '0.00903989', 'time_per_step': '2.60429'}
2026-03-19 14:23:08,435 - train_greyscale_FA_MoE.py - {'step': '415900', 'lr': '0.0002', 'total_loss': '0.00560543', 'main_loss': '0.00560543', 'time_per_step': '2.60221'}
2026-03-19 14:27:38,189 - train_greyscale_FA_MoE.py - {'step': '416000', 'lr': '0.0002', 'total_loss': '0.00465981', 'main_loss': '0.00465981', 'time_per_step': '2.62841'}
2026-03-19 14:32:07,506 - train_greyscale_FA_MoE.py - {'step': '416100', 'lr': '0.0002', 'total_loss': '0.00669708', 'main_loss': '0.00669708', 'time_per_step': '2.60104'}
2026-03-19 14:36:37,756 - train_greyscale_FA_MoE.py - {'step': '416200', 'lr': '0.0002', 'total_loss': '0.0101584', 'main_loss': '0.0101584', 'time_per_step': '2.62189'}
2026-03-19 14:41:08,122 - train_greyscale_FA_MoE.py - {'step': '416300', 'lr': '0.0002', 'total_loss': '0.00744824', 'main_loss': '0.00744824', 'time_per_step': '2.53949'}
2026-03-19 14:45:36,828 - train_greyscale_FA_MoE.py - {'step': '416400', 'lr': '0.0002', 'total_loss': '0.00863732', 'main_loss': '0.00863732', 'time_per_step': '2.52502'}
2026-03-19 14:50:06,654 - train_greyscale_FA_MoE.py - {'step': '416500', 'lr': '0.0002', 'total_loss': '0.00821248', 'main_loss': '0.00821248', 'time_per_step': '2.62615'}
2026-03-19 14:54:35,674 - train_greyscale_FA_MoE.py - {'step': '416600', 'lr': '0.0002', 'total_loss': '0.0111497', 'main_loss': '0.0111497', 'time_per_step': '2.62048'}
2026-03-19 14:59:07,765 - train_greyscale_FA_MoE.py - {'step': '416700', 'lr': '0.0002', 'total_loss': '0.0102901', 'main_loss': '0.0102901', 'time_per_step': '2.61107'}
2026-03-19 15:03:38,909 - train_greyscale_FA_MoE.py - {'step': '416800', 'lr': '0.0002', 'total_loss': '0.00991613', 'main_loss': '0.00991613', 'time_per_step': '2.59765'}
2026-03-19 15:08:08,256 - train_greyscale_FA_MoE.py - {'step': '416900', 'lr': '0.0002', 'total_loss': '0.00589801', 'main_loss': '0.00589801', 'time_per_step': '2.59906'}
2026-03-19 15:12:37,899 - train_greyscale_FA_MoE.py - {'step': '417000', 'lr': '0.0002', 'total_loss': '0.00507273', 'main_loss': '0.00507273', 'time_per_step': '2.59778'}
2026-03-19 15:17:08,121 - train_greyscale_FA_MoE.py - {'step': '417100', 'lr': '0.0002', 'total_loss': '0.00681218', 'main_loss': '0.00681218', 'time_per_step': '2.60876'}
2026-03-19 15:21:38,167 - train_greyscale_FA_MoE.py - {'step': '417200', 'lr': '0.0002', 'total_loss': '0.00685545', 'main_loss': '0.00685545', 'time_per_step': '2.62174'}
2026-03-19 15:26:08,743 - train_greyscale_FA_MoE.py - {'step': '417300', 'lr': '0.0002', 'total_loss': '0.00873517', 'main_loss': '0.00873517', 'time_per_step': '2.94611'}
2026-03-19 15:30:38,868 - train_greyscale_FA_MoE.py - {'step': '417400', 'lr': '0.0002', 'total_loss': '0.00607461', 'main_loss': '0.00607461', 'time_per_step': '2.62595'}
2026-03-19 15:35:10,411 - train_greyscale_FA_MoE.py - {'step': '417500', 'lr': '0.0002', 'total_loss': '0.0051189', 'main_loss': '0.0051189', 'time_per_step': '2.54344'}
2026-03-19 15:39:39,928 - train_greyscale_FA_MoE.py - {'step': '417600', 'lr': '0.0002', 'total_loss': '0.00873333', 'main_loss': '0.00873333', 'time_per_step': '2.52901'}
2026-03-19 15:44:11,610 - train_greyscale_FA_MoE.py - {'step': '417700', 'lr': '0.0002', 'total_loss': '0.00678095', 'main_loss': '0.00678095', 'time_per_step': '2.59052'}
2026-03-19 15:48:41,858 - train_greyscale_FA_MoE.py - {'step': '417800', 'lr': '0.0002', 'total_loss': '0.00907481', 'main_loss': '0.00907481', 'time_per_step': '2.6238'}
2026-03-19 15:53:15,744 - train_greyscale_FA_MoE.py - {'step': '417900', 'lr': '0.0002', 'total_loss': '0.00820478', 'main_loss': '0.00820478', 'time_per_step': '2.60948'}
2026-03-19 15:57:49,596 - train_greyscale_FA_MoE.py - {'step': '418000', 'lr': '0.0002', 'total_loss': '0.00983137', 'main_loss': '0.00983137', 'time_per_step': '2.63863'}
2026-03-19 16:02:21,553 - train_greyscale_FA_MoE.py - {'step': '418100', 'lr': '0.0002', 'total_loss': '0.00739236', 'main_loss': '0.00739236', 'time_per_step': '2.61868'}
2026-03-19 16:06:51,149 - train_greyscale_FA_MoE.py - {'step': '418200', 'lr': '0.0002', 'total_loss': '0.00508072', 'main_loss': '0.00508072', 'time_per_step': '2.63559'}
2026-03-19 16:11:22,476 - train_greyscale_FA_MoE.py - {'step': '418300', 'lr': '0.0002', 'total_loss': '0.0093574', 'main_loss': '0.0093574', 'time_per_step': '2.60271'}
2026-03-19 16:15:51,383 - train_greyscale_FA_MoE.py - {'step': '418400', 'lr': '0.0002', 'total_loss': '0.00687498', 'main_loss': '0.00687498', 'time_per_step': '2.60687'}
2026-03-19 16:20:20,866 - train_greyscale_FA_MoE.py - {'step': '418500', 'lr': '0.0002', 'total_loss': '0.011026', 'main_loss': '0.011026', 'time_per_step': '2.60059'}
2026-03-19 16:24:50,008 - train_greyscale_FA_MoE.py - {'step': '418600', 'lr': '0.0002', 'total_loss': '0.00756957', 'main_loss': '0.00756957', 'time_per_step': '2.6173'}
2026-03-19 16:29:19,998 - train_greyscale_FA_MoE.py - {'step': '418700', 'lr': '0.0002', 'total_loss': '0.00635063', 'main_loss': '0.00635063', 'time_per_step': '2.53116'}
2026-03-19 16:33:50,513 - train_greyscale_FA_MoE.py - {'step': '418800', 'lr': '0.0002', 'total_loss': '0.00970648', 'main_loss': '0.00970648', 'time_per_step': '2.52049'}
2026-03-19 16:38:20,968 - train_greyscale_FA_MoE.py - {'step': '418900', 'lr': '0.0002', 'total_loss': '0.00756304', 'main_loss': '0.00756304', 'time_per_step': '2.59992'}
2026-03-19 16:42:50,854 - train_greyscale_FA_MoE.py - {'step': '419000', 'lr': '0.0002', 'total_loss': '0.00690365', 'main_loss': '0.00690365', 'time_per_step': '2.60016'}
2026-03-19 16:47:20,743 - train_greyscale_FA_MoE.py - {'step': '419100', 'lr': '0.0002', 'total_loss': '0.00747358', 'main_loss': '0.00747358', 'time_per_step': '2.66071'}
2026-03-19 16:51:50,469 - train_greyscale_FA_MoE.py - {'step': '419200', 'lr': '0.0002', 'total_loss': '0.00563313', 'main_loss': '0.00563313', 'time_per_step': '2.62674'}
2026-03-19 16:56:19,429 - train_greyscale_FA_MoE.py - {'step': '419300', 'lr': '0.0002', 'total_loss': '0.00546774', 'main_loss': '0.00546774', 'time_per_step': '2.60504'}
2026-03-19 17:00:49,820 - train_greyscale_FA_MoE.py - {'step': '419400', 'lr': '0.0002', 'total_loss': '0.00552136', 'main_loss': '0.00552136', 'time_per_step': '2.60493'}
2026-03-19 17:05:19,202 - train_greyscale_FA_MoE.py - {'step': '419500', 'lr': '0.0002', 'total_loss': '0.00828758', 'main_loss': '0.00828758', 'time_per_step': '2.65598'}
2026-03-19 17:09:48,102 - train_greyscale_FA_MoE.py - {'step': '419600', 'lr': '0.0002', 'total_loss': '0.00751057', 'main_loss': '0.00751057', 'time_per_step': '2.58823'}
2026-03-19 17:14:17,303 - train_greyscale_FA_MoE.py - {'step': '419700', 'lr': '0.0002', 'total_loss': '0.00808163', 'main_loss': '0.00808163', 'time_per_step': '2.6059'}
2026-03-19 17:18:46,473 - train_greyscale_FA_MoE.py - {'step': '419800', 'lr': '0.0002', 'total_loss': '0.00760776', 'main_loss': '0.00760776', 'time_per_step': '2.60392'}
2026-03-19 17:23:16,136 - train_greyscale_FA_MoE.py - {'step': '419900', 'lr': '0.0002', 'total_loss': '0.0056124', 'main_loss': '0.0056124', 'time_per_step': '2.53351'}
2026-03-19 17:27:45,654 - train_greyscale_FA_MoE.py - {'step': '420000', 'lr': '0.0002', 'total_loss': '0.0065143', 'main_loss': '0.0065143', 'time_per_step': '2.52705'}
2026-03-19 17:32:16,221 - train_greyscale_FA_MoE.py - {'step': '420100', 'lr': '0.0002', 'total_loss': '0.00649148', 'main_loss': '0.00649148', 'time_per_step': '2.60821'}
2026-03-19 17:36:45,537 - train_greyscale_FA_MoE.py - {'step': '420200', 'lr': '0.0002', 'total_loss': '0.00896545', 'main_loss': '0.00896545', 'time_per_step': '2.61476'}
2026-03-19 17:41:15,121 - train_greyscale_FA_MoE.py - {'step': '420300', 'lr': '0.0002', 'total_loss': '0.0083144', 'main_loss': '0.0083144', 'time_per_step': '2.62897'}
2026-03-19 17:45:44,793 - train_greyscale_FA_MoE.py - {'step': '420400', 'lr': '0.0002', 'total_loss': '0.011232', 'main_loss': '0.011232', 'time_per_step': '2.62497'}
2026-03-19 17:50:14,691 - train_greyscale_FA_MoE.py - {'step': '420500', 'lr': '0.0002', 'total_loss': '0.00761928', 'main_loss': '0.00761928', 'time_per_step': '2.5946'}
2026-03-19 17:54:44,551 - train_greyscale_FA_MoE.py - {'step': '420600', 'lr': '0.0002', 'total_loss': '0.00710133', 'main_loss': '0.00710133', 'time_per_step': '2.62728'}
2026-03-19 17:59:14,713 - train_greyscale_FA_MoE.py - {'step': '420700', 'lr': '0.0002', 'total_loss': '0.00629032', 'main_loss': '0.00629032', 'time_per_step': '2.60859'}
2026-03-19 18:03:43,974 - train_greyscale_FA_MoE.py - {'step': '420800', 'lr': '0.0002', 'total_loss': '0.00584552', 'main_loss': '0.00584552', 'time_per_step': '2.58799'}
2026-03-19 18:08:13,105 - train_greyscale_FA_MoE.py - {'step': '420900', 'lr': '0.0002', 'total_loss': '0.00808825', 'main_loss': '0.00808825', 'time_per_step': '2.62027'}
2026-03-19 18:12:42,345 - train_greyscale_FA_MoE.py - {'step': '421000', 'lr': '0.0002', 'total_loss': '0.00509764', 'main_loss': '0.00509764', 'time_per_step': '2.65389'}
2026-03-19 18:17:11,026 - train_greyscale_FA_MoE.py - {'step': '421100', 'lr': '0.0002', 'total_loss': '0.00694254', 'main_loss': '0.00694254', 'time_per_step': '2.53925'}
2026-03-19 18:21:39,819 - train_greyscale_FA_MoE.py - {'step': '421200', 'lr': '0.0002', 'total_loss': '0.0108519', 'main_loss': '0.0108519', 'time_per_step': '2.53042'}
2026-03-19 18:26:09,942 - train_greyscale_FA_MoE.py - {'step': '421300', 'lr': '0.0002', 'total_loss': '0.00464943', 'main_loss': '0.00464943', 'time_per_step': '2.58357'}
2026-03-19 18:30:39,498 - train_greyscale_FA_MoE.py - {'step': '421400', 'lr': '0.0002', 'total_loss': '0.00570889', 'main_loss': '0.00570889', 'time_per_step': '2.60047'}
2026-03-19 18:35:09,626 - train_greyscale_FA_MoE.py - {'step': '421500', 'lr': '0.0002', 'total_loss': '0.00952084', 'main_loss': '0.00952084', 'time_per_step': '2.60704'}
2026-03-19 18:39:38,852 - train_greyscale_FA_MoE.py - {'step': '421600', 'lr': '0.0002', 'total_loss': '0.0063707', 'main_loss': '0.0063707', 'time_per_step': '2.60662'}
2026-03-19 18:44:08,212 - train_greyscale_FA_MoE.py - {'step': '421700', 'lr': '0.0002', 'total_loss': '0.00862279', 'main_loss': '0.00862279', 'time_per_step': '2.60358'}
2026-03-19 18:48:38,204 - train_greyscale_FA_MoE.py - {'step': '421800', 'lr': '0.0002', 'total_loss': '0.00625054', 'main_loss': '0.00625054', 'time_per_step': '2.58448'}
2026-03-19 18:53:08,194 - train_greyscale_FA_MoE.py - {'step': '421900', 'lr': '0.0002', 'total_loss': '0.0090542', 'main_loss': '0.0090542', 'time_per_step': '2.59062'}
2026-03-19 18:57:37,466 - train_greyscale_FA_MoE.py - {'step': '422000', 'lr': '0.0002', 'total_loss': '0.0073339', 'main_loss': '0.0073339', 'time_per_step': '2.62426'}
2026-03-19 19:02:06,649 - train_greyscale_FA_MoE.py - {'step': '422100', 'lr': '0.0002', 'total_loss': '0.00569901', 'main_loss': '0.00569901', 'time_per_step': '2.6017'}
2026-03-19 19:06:35,450 - train_greyscale_FA_MoE.py - {'step': '422200', 'lr': '0.0002', 'total_loss': '0.00661848', 'main_loss': '0.00661848', 'time_per_step': '2.60896'}
2026-03-19 19:11:04,959 - train_greyscale_FA_MoE.py - {'step': '422300', 'lr': '0.0002', 'total_loss': '0.00865213', 'main_loss': '0.00865213', 'time_per_step': '2.53965'}
2026-03-19 19:15:33,570 - train_greyscale_FA_MoE.py - {'step': '422400', 'lr': '0.0002', 'total_loss': '0.00635657', 'main_loss': '0.00635657', 'time_per_step': '2.52872'}
2026-03-19 19:20:03,845 - train_greyscale_FA_MoE.py - {'step': '422500', 'lr': '0.0002', 'total_loss': '0.00654623', 'main_loss': '0.00654623', 'time_per_step': '2.5948'}
2026-03-19 19:24:33,531 - train_greyscale_FA_MoE.py - {'step': '422600', 'lr': '0.0002', 'total_loss': '0.00814503', 'main_loss': '0.00814503', 'time_per_step': '2.60242'}
2026-03-19 19:29:03,068 - train_greyscale_FA_MoE.py - {'step': '422700', 'lr': '0.0002', 'total_loss': '0.0107892', 'main_loss': '0.0107892', 'time_per_step': '2.58248'}
2026-03-19 19:33:31,764 - train_greyscale_FA_MoE.py - {'step': '422800', 'lr': '0.0002', 'total_loss': '0.0106956', 'main_loss': '0.0106956', 'time_per_step': '2.63347'}
2026-03-19 19:38:01,359 - train_greyscale_FA_MoE.py - {'step': '422900', 'lr': '0.0002', 'total_loss': '0.00632001', 'main_loss': '0.00632001', 'time_per_step': '2.62676'}
2026-03-19 19:42:30,529 - train_greyscale_FA_MoE.py - {'step': '423000', 'lr': '0.0002', 'total_loss': '0.0126327', 'main_loss': '0.0126327', 'time_per_step': '2.58325'}
2026-03-19 19:46:59,706 - train_greyscale_FA_MoE.py - {'step': '423100', 'lr': '0.0002', 'total_loss': '0.00796754', 'main_loss': '0.00796754', 'time_per_step': '2.68722'}
2026-03-19 19:51:28,663 - train_greyscale_FA_MoE.py - {'step': '423200', 'lr': '0.0002', 'total_loss': '0.00721817', 'main_loss': '0.00721817', 'time_per_step': '2.61286'}
2026-03-19 19:55:57,615 - train_greyscale_FA_MoE.py - {'step': '423300', 'lr': '0.0002', 'total_loss': '0.00648277', 'main_loss': '0.00648277', 'time_per_step': '2.58874'}
2026-03-19 20:00:28,698 - train_greyscale_FA_MoE.py - {'step': '423400', 'lr': '0.0002', 'total_loss': '0.00820516', 'main_loss': '0.00820516', 'time_per_step': '2.60946'}
2026-03-19 20:04:58,256 - train_greyscale_FA_MoE.py - {'step': '423500', 'lr': '0.0002', 'total_loss': '0.0099466', 'main_loss': '0.0099466', 'time_per_step': '2.54493'}
2026-03-19 20:09:27,038 - train_greyscale_FA_MoE.py - {'step': '423600', 'lr': '0.0002', 'total_loss': '0.0107271', 'main_loss': '0.0107271', 'time_per_step': '2.58424'}
2026-03-19 20:13:56,490 - train_greyscale_FA_MoE.py - {'step': '423700', 'lr': '0.0002', 'total_loss': '0.00868753', 'main_loss': '0.00868753', 'time_per_step': '2.64251'}
2026-03-19 20:18:25,497 - train_greyscale_FA_MoE.py - {'step': '423800', 'lr': '0.0002', 'total_loss': '0.00766453', 'main_loss': '0.00766453', 'time_per_step': '2.65753'}
2026-03-19 20:22:54,525 - train_greyscale_FA_MoE.py - {'step': '423900', 'lr': '0.0002', 'total_loss': '0.00968828', 'main_loss': '0.00968828', 'time_per_step': '2.58223'}
2026-03-19 20:27:23,495 - train_greyscale_FA_MoE.py - {'step': '424000', 'lr': '0.0002', 'total_loss': '0.00449464', 'main_loss': '0.00449464', 'time_per_step': '2.59593'}
2026-03-19 20:31:52,512 - train_greyscale_FA_MoE.py - {'step': '424100', 'lr': '0.0002', 'total_loss': '0.00964832', 'main_loss': '0.00964832', 'time_per_step': '2.6168'}
2026-03-19 20:36:21,637 - train_greyscale_FA_MoE.py - {'step': '424200', 'lr': '0.0002', 'total_loss': '0.00663054', 'main_loss': '0.00663054', 'time_per_step': '2.61195'}
2026-03-19 20:40:50,849 - train_greyscale_FA_MoE.py - {'step': '424300', 'lr': '0.0002', 'total_loss': '0.00591135', 'main_loss': '0.00591135', 'time_per_step': '2.58475'}
2026-03-19 20:45:20,927 - train_greyscale_FA_MoE.py - {'step': '424400', 'lr': '0.0002', 'total_loss': '0.0098305', 'main_loss': '0.0098305', 'time_per_step': '2.61532'}
2026-03-19 20:49:50,723 - train_greyscale_FA_MoE.py - {'step': '424500', 'lr': '0.0002', 'total_loss': '0.00601055', 'main_loss': '0.00601055', 'time_per_step': '2.61149'}
2026-03-19 20:54:19,730 - train_greyscale_FA_MoE.py - {'step': '424600', 'lr': '0.0002', 'total_loss': '0.00928878', 'main_loss': '0.00928878', 'time_per_step': '2.60615'}
2026-03-19 20:58:50,108 - train_greyscale_FA_MoE.py - {'step': '424700', 'lr': '0.0002', 'total_loss': '0.0063602', 'main_loss': '0.0063602', 'time_per_step': '2.55484'}
2026-03-19 21:03:19,400 - train_greyscale_FA_MoE.py - {'step': '424800', 'lr': '0.0002', 'total_loss': '0.00843467', 'main_loss': '0.00843467', 'time_per_step': '2.53732'}
2026-03-19 21:07:49,912 - train_greyscale_FA_MoE.py - {'step': '424900', 'lr': '0.0002', 'total_loss': '0.00465482', 'main_loss': '0.00465482', 'time_per_step': '2.65038'}
2026-03-19 21:12:19,111 - train_greyscale_FA_MoE.py - {'step': '425000', 'lr': '0.0002', 'total_loss': '0.00842415', 'main_loss': '0.00842415', 'time_per_step': '2.59408'}
2026-03-19 21:12:19,153 - train_greyscale_FA_MoE.py - Saved expert distribution of layer in_block_0 to output_shift_fa/acdc_wholeheart_uncond_fa_ec_4moe8_greyscale_uvit_mid_4by4_l8r9_low16_Y_bound/samples/expert_distribution_in_block_0_step425000.npy
2026-03-19 21:12:21,586 - train_greyscale_FA_MoE.py - Saved expert distribution of layer out_block_7 to output_shift_fa/acdc_wholeheart_uncond_fa_ec_4moe8_greyscale_uvit_mid_4by4_l8r9_low16_Y_bound/samples/expert_distribution_out_block_7_step425000.npy
2026-03-19 21:12:24,053 - train_greyscale_FA_MoE.py - Save a grid of 16 samples into output_shift_fa/acdc_wholeheart_uncond_fa_ec_4moe8_greyscale_uvit_mid_4by4_l8r9_low16_Y_bound/samples/425000.png by DPM-Solver
2026-03-19 21:12:30,271 - train_greyscale_FA_MoE.py - Finished saving sample grid to output_shift_fa/acdc_wholeheart_uncond_fa_ec_4moe8_greyscale_uvit_mid_4by4_l8r9_low16_Y_bound/samples/425000.png by DPM-Solver.
2026-03-19 21:12:30,351 - train_greyscale_FA_MoE.py - Save and eval checkpoint 425000...
2026-03-19 21:12:33,075 - train_greyscale_FA_MoE.py - eval_step: n_samples=50000, sample_steps=50, algorithm=dpm_solver, mini_batch_size=500, samples save into output_shift_fa/acdc_wholeheart_uncond_fa_ec_4moe8_greyscale_uvit_mid_4by4_l8r9_low16_Y_bound/samples/acdc_wholeheart_uncond_uvit_FA_EC_4MoE8_greyscale_mid_4by4_low16_425000_dpm
2026-03-19 22:08:12,617 - train_greyscale_FA_MoE.py - step=425000 fid50000=11.291692135725157
2026-03-19 22:14:40,181 - is_lpips.py - LPIPS: 0.5144 ± 0.0494
2026-03-19 22:14:40,186 - train_greyscale_FA_MoE.py - step=425000 LPIPS50000=0.5143988396363198
2026-03-19 22:20:09,766 - train_greyscale_FA_MoE.py - {'step': '425100', 'lr': '0.0002', 'total_loss': '0.00805327', 'main_loss': '0.00805327', 'time_per_step': '2.59963'}
2026-03-19 22:24:40,182 - train_greyscale_FA_MoE.py - {'step': '425200', 'lr': '0.0002', 'total_loss': '0.00535459', 'main_loss': '0.00535459', 'time_per_step': '2.61745'}
2026-03-19 22:29:09,970 - train_greyscale_FA_MoE.py - {'step': '425300', 'lr': '0.0002', 'total_loss': '0.00697459', 'main_loss': '0.00697459', 'time_per_step': '2.63014'}
2026-03-19 22:33:40,192 - train_greyscale_FA_MoE.py - {'step': '425400', 'lr': '0.0002', 'total_loss': '0.00890207', 'main_loss': '0.00890207', 'time_per_step': '2.61521'}
2026-03-19 22:38:10,421 - train_greyscale_FA_MoE.py - {'step': '425500', 'lr': '0.0002', 'total_loss': '0.0107292', 'main_loss': '0.0107292', 'time_per_step': '2.60334'}
2026-03-19 22:42:39,879 - train_greyscale_FA_MoE.py - {'step': '425600', 'lr': '0.0002', 'total_loss': '0.00935923', 'main_loss': '0.00935923', 'time_per_step': '2.61466'}
2026-03-19 22:47:09,996 - train_greyscale_FA_MoE.py - {'step': '425700', 'lr': '0.0002', 'total_loss': '0.00635587', 'main_loss': '0.00635587', 'time_per_step': '2.60868'}
2026-03-19 22:51:39,994 - train_greyscale_FA_MoE.py - {'step': '425800', 'lr': '0.0002', 'total_loss': '0.00949589', 'main_loss': '0.00949589', 'time_per_step': '2.6107'}
2026-03-19 22:56:09,263 - train_greyscale_FA_MoE.py - {'step': '425900', 'lr': '0.0002', 'total_loss': '0.00594195', 'main_loss': '0.00594195', 'time_per_step': '2.54624'}
2026-03-19 23:00:38,894 - train_greyscale_FA_MoE.py - {'step': '426000', 'lr': '0.0002', 'total_loss': '0.00603851', 'main_loss': '0.00603851', 'time_per_step': '2.52849'}
2026-03-19 23:05:09,742 - train_greyscale_FA_MoE.py - {'step': '426100', 'lr': '0.0002', 'total_loss': '0.00797794', 'main_loss': '0.00797794', 'time_per_step': '2.60282'}
2026-03-19 23:09:39,382 - train_greyscale_FA_MoE.py - {'step': '426200', 'lr': '0.0002', 'total_loss': '0.00566007', 'main_loss': '0.00566007', 'time_per_step': '2.61123'}
2026-03-19 23:14:09,360 - train_greyscale_FA_MoE.py - {'step': '426300', 'lr': '0.0002', 'total_loss': '0.00802644', 'main_loss': '0.00802644', 'time_per_step': '2.61383'}
2026-03-19 23:18:39,681 - train_greyscale_FA_MoE.py - {'step': '426400', 'lr': '0.0002', 'total_loss': '0.0113782', 'main_loss': '0.0113782', 'time_per_step': '2.61209'}
2026-03-19 23:23:10,138 - train_greyscale_FA_MoE.py - {'step': '426500', 'lr': '0.0002', 'total_loss': '0.00668406', 'main_loss': '0.00668406', 'time_per_step': '2.606'}
2026-03-19 23:27:40,149 - train_greyscale_FA_MoE.py - {'step': '426600', 'lr': '0.0002', 'total_loss': '0.00783478', 'main_loss': '0.00783478', 'time_per_step': '2.60522'}
2026-03-19 23:32:09,534 - train_greyscale_FA_MoE.py - {'step': '426700', 'lr': '0.0002', 'total_loss': '0.00811672', 'main_loss': '0.00811672', 'time_per_step': '2.61357'}
2026-03-19 23:36:38,818 - train_greyscale_FA_MoE.py - {'step': '426800', 'lr': '0.0002', 'total_loss': '0.00827889', 'main_loss': '0.00827889', 'time_per_step': '2.62399'}
2026-03-19 23:41:08,886 - train_greyscale_FA_MoE.py - {'step': '426900', 'lr': '0.0002', 'total_loss': '0.0069531', 'main_loss': '0.0069531', 'time_per_step': '2.61967'}
2026-03-19 23:45:38,979 - train_greyscale_FA_MoE.py - {'step': '427000', 'lr': '0.0002', 'total_loss': '0.00795542', 'main_loss': '0.00795542', 'time_per_step': '2.61115'}
2026-03-19 23:50:08,499 - train_greyscale_FA_MoE.py - {'step': '427100', 'lr': '0.0002', 'total_loss': '0.00618677', 'main_loss': '0.00618677', 'time_per_step': '2.54548'}
2026-03-19 23:54:38,235 - train_greyscale_FA_MoE.py - {'step': '427200', 'lr': '0.0002', 'total_loss': '0.00693191', 'main_loss': '0.00693191', 'time_per_step': '2.52909'}
2026-03-19 23:59:08,984 - train_greyscale_FA_MoE.py - {'step': '427300', 'lr': '0.0002', 'total_loss': '0.00826993', 'main_loss': '0.00826993', 'time_per_step': '2.59624'}
2026-03-20 00:03:38,230 - train_greyscale_FA_MoE.py - {'step': '427400', 'lr': '0.0002', 'total_loss': '0.0075022', 'main_loss': '0.0075022', 'time_per_step': '2.62683'}
2026-03-20 00:08:08,217 - train_greyscale_FA_MoE.py - {'step': '427500', 'lr': '0.0002', 'total_loss': '0.00772642', 'main_loss': '0.00772642', 'time_per_step': '2.60795'}
2026-03-20 00:12:38,851 - train_greyscale_FA_MoE.py - {'step': '427600', 'lr': '0.0002', 'total_loss': '0.00573358', 'main_loss': '0.00573358', 'time_per_step': '2.61838'}
2026-03-20 00:17:08,270 - train_greyscale_FA_MoE.py - {'step': '427700', 'lr': '0.0002', 'total_loss': '0.00712018', 'main_loss': '0.00712018', 'time_per_step': '2.61375'}
2026-03-20 00:21:38,081 - train_greyscale_FA_MoE.py - {'step': '427800', 'lr': '0.0002', 'total_loss': '0.00926846', 'main_loss': '0.00926846', 'time_per_step': '2.60762'}
2026-03-20 00:26:08,209 - train_greyscale_FA_MoE.py - {'step': '427900', 'lr': '0.0002', 'total_loss': '0.00703249', 'main_loss': '0.00703249', 'time_per_step': '2.62262'}
2026-03-20 00:30:38,259 - train_greyscale_FA_MoE.py - {'step': '428000', 'lr': '0.0002', 'total_loss': '0.00806272', 'main_loss': '0.00806272', 'time_per_step': '2.61921'}
2026-03-20 00:35:07,675 - train_greyscale_FA_MoE.py - {'step': '428100', 'lr': '0.0002', 'total_loss': '0.010171', 'main_loss': '0.010171', 'time_per_step': '2.61637'}
2026-03-20 00:39:36,861 - train_greyscale_FA_MoE.py - {'step': '428200', 'lr': '0.0002', 'total_loss': '0.0107233', 'main_loss': '0.0107233', 'time_per_step': '2.62732'}
2026-03-20 00:44:06,878 - train_greyscale_FA_MoE.py - {'step': '428300', 'lr': '0.0002', 'total_loss': '0.00968386', 'main_loss': '0.00968386', 'time_per_step': '2.54797'}
2026-03-20 00:48:36,894 - train_greyscale_FA_MoE.py - {'step': '428400', 'lr': '0.0002', 'total_loss': '0.0097959', 'main_loss': '0.0097959', 'time_per_step': '2.53138'}
2026-03-20 00:53:06,943 - train_greyscale_FA_MoE.py - {'step': '428500', 'lr': '0.0002', 'total_loss': '0.0100108', 'main_loss': '0.0100108', 'time_per_step': '2.58069'}
2026-03-20 00:57:36,967 - train_greyscale_FA_MoE.py - {'step': '428600', 'lr': '0.0002', 'total_loss': '0.00497342', 'main_loss': '0.00497342', 'time_per_step': '2.62747'}
2026-03-20 01:02:07,005 - train_greyscale_FA_MoE.py - {'step': '428700', 'lr': '0.0002', 'total_loss': '0.00798694', 'main_loss': '0.00798694', 'time_per_step': '2.62528'}
2026-03-20 01:06:37,027 - train_greyscale_FA_MoE.py - {'step': '428800', 'lr': '0.0002', 'total_loss': '0.00930809', 'main_loss': '0.00930809', 'time_per_step': '2.6182'}
2026-03-20 01:11:07,010 - train_greyscale_FA_MoE.py - {'step': '428900', 'lr': '0.0002', 'total_loss': '0.00780978', 'main_loss': '0.00780978', 'time_per_step': '2.62898'}
2026-03-20 01:15:37,243 - train_greyscale_FA_MoE.py - {'step': '429000', 'lr': '0.0002', 'total_loss': '0.00821382', 'main_loss': '0.00821382', 'time_per_step': '2.6268'}
2026-03-20 01:20:07,111 - train_greyscale_FA_MoE.py - {'step': '429100', 'lr': '0.0002', 'total_loss': '0.00674848', 'main_loss': '0.00674848', 'time_per_step': '2.61429'}
2026-03-20 01:24:36,934 - train_greyscale_FA_MoE.py - {'step': '429200', 'lr': '0.0002', 'total_loss': '0.00945831', 'main_loss': '0.00945831', 'time_per_step': '2.6121'}
2026-03-20 01:29:06,110 - train_greyscale_FA_MoE.py - {'step': '429300', 'lr': '0.0002', 'total_loss': '0.00518617', 'main_loss': '0.00518617', 'time_per_step': '2.61147'}
2026-03-20 01:33:36,074 - train_greyscale_FA_MoE.py - {'step': '429400', 'lr': '0.0002', 'total_loss': '0.00858043', 'main_loss': '0.00858043', 'time_per_step': '2.61033'}
2026-03-20 01:38:05,417 - train_greyscale_FA_MoE.py - {'step': '429500', 'lr': '0.0002', 'total_loss': '0.00758735', 'main_loss': '0.00758735', 'time_per_step': '2.5605'}
2026-03-20 01:42:35,358 - train_greyscale_FA_MoE.py - {'step': '429600', 'lr': '0.0002', 'total_loss': '0.00650461', 'main_loss': '0.00650461', 'time_per_step': '2.52825'}
2026-03-20 01:47:06,333 - train_greyscale_FA_MoE.py - {'step': '429700', 'lr': '0.0002', 'total_loss': '0.00850046', 'main_loss': '0.00850046', 'time_per_step': '2.5974'}
2026-03-20 01:51:36,851 - train_greyscale_FA_MoE.py - {'step': '429800', 'lr': '0.0002', 'total_loss': '0.00558798', 'main_loss': '0.00558798', 'time_per_step': '2.6193'}
2026-03-20 01:56:07,067 - train_greyscale_FA_MoE.py - {'step': '429900', 'lr': '0.0002', 'total_loss': '0.00689945', 'main_loss': '0.00689945', 'time_per_step': '2.61862'}
2026-03-20 02:00:37,658 - train_greyscale_FA_MoE.py - {'step': '430000', 'lr': '0.0002', 'total_loss': '0.00684041', 'main_loss': '0.00684041', 'time_per_step': '2.6315'}
2026-03-20 02:05:07,818 - train_greyscale_FA_MoE.py - {'step': '430100', 'lr': '0.0002', 'total_loss': '0.0119331', 'main_loss': '0.0119331', 'time_per_step': '2.6218'}
2026-03-20 02:09:37,977 - train_greyscale_FA_MoE.py - {'step': '430200', 'lr': '0.0002', 'total_loss': '0.006459', 'main_loss': '0.006459', 'time_per_step': '2.62101'}
2026-03-20 02:14:08,358 - train_greyscale_FA_MoE.py - {'step': '430300', 'lr': '0.0002', 'total_loss': '0.00715362', 'main_loss': '0.00715362', 'time_per_step': '2.6046'}
2026-03-20 02:18:37,708 - train_greyscale_FA_MoE.py - {'step': '430400', 'lr': '0.0002', 'total_loss': '0.00670013', 'main_loss': '0.00670013', 'time_per_step': '2.61616'}
2026-03-20 02:23:07,767 - train_greyscale_FA_MoE.py - {'step': '430500', 'lr': '0.0002', 'total_loss': '0.00593203', 'main_loss': '0.00593203', 'time_per_step': '2.6214'}
2026-03-20 02:27:37,265 - train_greyscale_FA_MoE.py - {'step': '430600', 'lr': '0.0002', 'total_loss': '0.00818744', 'main_loss': '0.00818744', 'time_per_step': '2.6096'}
2026-03-20 02:32:07,752 - train_greyscale_FA_MoE.py - {'step': '430700', 'lr': '0.0002', 'total_loss': '0.0052714', 'main_loss': '0.0052714', 'time_per_step': '2.56329'}
2026-03-20 02:36:37,253 - train_greyscale_FA_MoE.py - {'step': '430800', 'lr': '0.0002', 'total_loss': '0.00867849', 'main_loss': '0.00867849', 'time_per_step': '2.52744'}
2026-03-20 02:41:07,877 - train_greyscale_FA_MoE.py - {'step': '430900', 'lr': '0.0002', 'total_loss': '0.00808678', 'main_loss': '0.00808678', 'time_per_step': '2.64751'}
2026-03-20 02:45:37,972 - train_greyscale_FA_MoE.py - {'step': '431000', 'lr': '0.0002', 'total_loss': '0.00941348', 'main_loss': '0.00941348', 'time_per_step': '2.58996'}
2026-03-20 02:50:07,585 - train_greyscale_FA_MoE.py - {'step': '431100', 'lr': '0.0002', 'total_loss': '0.00814453', 'main_loss': '0.00814453', 'time_per_step': '2.62364'}
2026-03-20 02:54:37,627 - train_greyscale_FA_MoE.py - {'step': '431200', 'lr': '0.0002', 'total_loss': '0.00885769', 'main_loss': '0.00885769', 'time_per_step': '2.6133'}
2026-03-20 02:59:07,577 - train_greyscale_FA_MoE.py - {'step': '431300', 'lr': '0.0002', 'total_loss': '0.0115977', 'main_loss': '0.0115977', 'time_per_step': '2.61773'}
2026-03-20 03:03:37,704 - train_greyscale_FA_MoE.py - {'step': '431400', 'lr': '0.0002', 'total_loss': '0.00776055', 'main_loss': '0.00776055', 'time_per_step': '2.61365'}
2026-03-20 03:08:07,687 - train_greyscale_FA_MoE.py - {'step': '431500', 'lr': '0.0002', 'total_loss': '0.0123816', 'main_loss': '0.0123816', 'time_per_step': '2.61392'}
2026-03-20 03:12:37,882 - train_greyscale_FA_MoE.py - {'step': '431600', 'lr': '0.0002', 'total_loss': '0.00685946', 'main_loss': '0.00685946', 'time_per_step': '2.62192'}
2026-03-20 03:17:07,157 - train_greyscale_FA_MoE.py - {'step': '431700', 'lr': '0.0002', 'total_loss': '0.0125759', 'main_loss': '0.0125759', 'time_per_step': '2.61279'}
2026-03-20 03:21:37,755 - train_greyscale_FA_MoE.py - {'step': '431800', 'lr': '0.0002', 'total_loss': '0.00703612', 'main_loss': '0.00703612', 'time_per_step': '2.62204'}
2026-03-20 03:26:08,044 - train_greyscale_FA_MoE.py - {'step': '431900', 'lr': '0.0002', 'total_loss': '0.00744718', 'main_loss': '0.00744718', 'time_per_step': '2.5454'}
2026-03-20 03:30:37,158 - train_greyscale_FA_MoE.py - {'step': '432000', 'lr': '0.0002', 'total_loss': '0.00509632', 'main_loss': '0.00509632', 'time_per_step': '2.52936'}
2026-03-20 03:35:07,923 - train_greyscale_FA_MoE.py - {'step': '432100', 'lr': '0.0002', 'total_loss': '0.00950797', 'main_loss': '0.00950797', 'time_per_step': '2.64534'}
2026-03-20 03:39:37,107 - train_greyscale_FA_MoE.py - {'step': '432200', 'lr': '0.0002', 'total_loss': '0.00661196', 'main_loss': '0.00661196', 'time_per_step': '2.60904'}
2026-03-20 03:44:07,107 - train_greyscale_FA_MoE.py - {'step': '432300', 'lr': '0.0002', 'total_loss': '0.00843252', 'main_loss': '0.00843252', 'time_per_step': '2.62397'}
2026-03-20 03:48:36,710 - train_greyscale_FA_MoE.py - {'step': '432400', 'lr': '0.0002', 'total_loss': '0.00531745', 'main_loss': '0.00531745', 'time_per_step': '2.63108'}
2026-03-20 03:53:06,823 - train_greyscale_FA_MoE.py - {'step': '432500', 'lr': '0.0002', 'total_loss': '0.00652786', 'main_loss': '0.00652786', 'time_per_step': '2.62028'}
2026-03-20 03:57:37,315 - train_greyscale_FA_MoE.py - {'step': '432600', 'lr': '0.0002', 'total_loss': '0.00927326', 'main_loss': '0.00927326', 'time_per_step': '2.6369'}
2026-03-20 04:02:07,443 - train_greyscale_FA_MoE.py - {'step': '432700', 'lr': '0.0002', 'total_loss': '0.00545022', 'main_loss': '0.00545022', 'time_per_step': '2.62297'}
2026-03-20 04:06:37,562 - train_greyscale_FA_MoE.py - {'step': '432800', 'lr': '0.0002', 'total_loss': '0.00836688', 'main_loss': '0.00836688', 'time_per_step': '2.62813'}
2026-03-20 04:11:09,425 - train_greyscale_FA_MoE.py - {'step': '432900', 'lr': '0.0002', 'total_loss': '0.0111152', 'main_loss': '0.0111152', 'time_per_step': '2.62531'}
2026-03-20 04:15:38,712 - train_greyscale_FA_MoE.py - {'step': '433000', 'lr': '0.0002', 'total_loss': '0.00434437', 'main_loss': '0.00434437', 'time_per_step': '2.61727'}
2026-03-20 04:20:08,086 - train_greyscale_FA_MoE.py - {'step': '433100', 'lr': '0.0002', 'total_loss': '0.00632058', 'main_loss': '0.00632058', 'time_per_step': '2.55601'}
2026-03-20 04:24:37,618 - train_greyscale_FA_MoE.py - {'step': '433200', 'lr': '0.0002', 'total_loss': '0.006665', 'main_loss': '0.006665', 'time_per_step': '2.5307'}
2026-03-20 04:29:08,357 - train_greyscale_FA_MoE.py - {'step': '433300', 'lr': '0.0002', 'total_loss': '0.00682059', 'main_loss': '0.00682059', 'time_per_step': '2.60286'}
2026-03-20 04:33:37,709 - train_greyscale_FA_MoE.py - {'step': '433400', 'lr': '0.0002', 'total_loss': '0.00826297', 'main_loss': '0.00826297', 'time_per_step': '2.61413'}
2026-03-20 04:38:07,723 - train_greyscale_FA_MoE.py - {'step': '433500', 'lr': '0.0002', 'total_loss': '0.00488986', 'main_loss': '0.00488986', 'time_per_step': '2.60601'}
2026-03-20 04:42:37,952 - train_greyscale_FA_MoE.py - {'step': '433600', 'lr': '0.0002', 'total_loss': '0.00524489', 'main_loss': '0.00524489', 'time_per_step': '2.62065'}
2026-03-20 04:47:07,433 - train_greyscale_FA_MoE.py - {'step': '433700', 'lr': '0.0002', 'total_loss': '0.00925749', 'main_loss': '0.00925749', 'time_per_step': '2.61994'}
2026-03-20 04:51:37,040 - train_greyscale_FA_MoE.py - {'step': '433800', 'lr': '0.0002', 'total_loss': '0.00602249', 'main_loss': '0.00602249', 'time_per_step': '2.62442'}
2026-03-20 04:56:07,320 - train_greyscale_FA_MoE.py - {'step': '433900', 'lr': '0.0002', 'total_loss': '0.00678463', 'main_loss': '0.00678463', 'time_per_step': '3.44711'}
2026-03-20 05:00:36,634 - train_greyscale_FA_MoE.py - {'step': '434000', 'lr': '0.0002', 'total_loss': '0.00758738', 'main_loss': '0.00758738', 'time_per_step': '2.60953'}
2026-03-20 05:05:07,004 - train_greyscale_FA_MoE.py - {'step': '434100', 'lr': '0.0002', 'total_loss': '0.0061756', 'main_loss': '0.0061756', 'time_per_step': '2.61952'}
2026-03-20 05:09:36,256 - train_greyscale_FA_MoE.py - {'step': '434200', 'lr': '0.0002', 'total_loss': '0.00720889', 'main_loss': '0.00720889', 'time_per_step': '2.62477'}
2026-03-20 05:14:06,428 - train_greyscale_FA_MoE.py - {'step': '434300', 'lr': '0.0002', 'total_loss': '0.00870922', 'main_loss': '0.00870922', 'time_per_step': '2.55375'}
2026-03-20 05:18:36,360 - train_greyscale_FA_MoE.py - {'step': '434400', 'lr': '0.0002', 'total_loss': '0.00777688', 'main_loss': '0.00777688', 'time_per_step': '2.53034'}
2026-03-20 05:23:06,901 - train_greyscale_FA_MoE.py - {'step': '434500', 'lr': '0.0002', 'total_loss': '0.00665371', 'main_loss': '0.00665371', 'time_per_step': '2.58752'}
2026-03-20 05:27:37,120 - train_greyscale_FA_MoE.py - {'step': '434600', 'lr': '0.0002', 'total_loss': '0.00662099', 'main_loss': '0.00662099', 'time_per_step': '2.62134'}
2026-03-20 05:32:07,038 - train_greyscale_FA_MoE.py - {'step': '434700', 'lr': '0.0002', 'total_loss': '0.00441915', 'main_loss': '0.00441915', 'time_per_step': '2.62129'}
2026-03-20 05:36:36,114 - train_greyscale_FA_MoE.py - {'step': '434800', 'lr': '0.0002', 'total_loss': '0.00842527', 'main_loss': '0.00842527', 'time_per_step': '2.60923'}
2026-03-20 05:41:06,191 - train_greyscale_FA_MoE.py - {'step': '434900', 'lr': '0.0002', 'total_loss': '0.00879749', 'main_loss': '0.00879749', 'time_per_step': '2.61019'}
2026-03-20 05:45:36,483 - train_greyscale_FA_MoE.py - {'step': '435000', 'lr': '0.0002', 'total_loss': '0.00790691', 'main_loss': '0.00790691', 'time_per_step': '2.618'}
2026-03-20 05:50:06,358 - train_greyscale_FA_MoE.py - {'step': '435100', 'lr': '0.0002', 'total_loss': '0.00824942', 'main_loss': '0.00824942', 'time_per_step': '2.61643'}
2026-03-20 05:54:36,341 - train_greyscale_FA_MoE.py - {'step': '435200', 'lr': '0.0002', 'total_loss': '0.0123937', 'main_loss': '0.0123937', 'time_per_step': '2.61193'}
2026-03-20 05:59:06,243 - train_greyscale_FA_MoE.py - {'step': '435300', 'lr': '0.0002', 'total_loss': '0.00821058', 'main_loss': '0.00821058', 'time_per_step': '2.62841'}
2026-03-20 06:03:36,111 - train_greyscale_FA_MoE.py - {'step': '435400', 'lr': '0.0002', 'total_loss': '0.00504775', 'main_loss': '0.00504775', 'time_per_step': '2.60331'}
2026-03-20 06:08:06,123 - train_greyscale_FA_MoE.py - {'step': '435500', 'lr': '0.0002', 'total_loss': '0.00886266', 'main_loss': '0.00886266', 'time_per_step': '2.54044'}
2026-03-20 06:12:35,354 - train_greyscale_FA_MoE.py - {'step': '435600', 'lr': '0.0002', 'total_loss': '0.00564358', 'main_loss': '0.00564358', 'time_per_step': '2.5284'}
2026-03-20 06:17:05,086 - train_greyscale_FA_MoE.py - {'step': '435700', 'lr': '0.0002', 'total_loss': '0.00644613', 'main_loss': '0.00644613', 'time_per_step': '2.61063'}
2026-03-20 06:21:34,420 - train_greyscale_FA_MoE.py - {'step': '435800', 'lr': '0.0002', 'total_loss': '0.0102061', 'main_loss': '0.0102061', 'time_per_step': '2.62198'}
2026-03-20 06:26:03,536 - train_greyscale_FA_MoE.py - {'step': '435900', 'lr': '0.0002', 'total_loss': '0.00986571', 'main_loss': '0.00986571', 'time_per_step': '2.63462'}
2026-03-20 06:30:33,569 - train_greyscale_FA_MoE.py - {'step': '436000', 'lr': '0.0002', 'total_loss': '0.00662571', 'main_loss': '0.00662571', 'time_per_step': '2.61049'}
2026-03-20 06:35:03,739 - train_greyscale_FA_MoE.py - {'step': '436100', 'lr': '0.0002', 'total_loss': '0.00516878', 'main_loss': '0.00516878', 'time_per_step': '2.61448'}
2026-03-20 06:39:33,525 - train_greyscale_FA_MoE.py - {'step': '436200', 'lr': '0.0002', 'total_loss': '0.00918404', 'main_loss': '0.00918404', 'time_per_step': '2.63417'}
2026-03-20 06:44:03,041 - train_greyscale_FA_MoE.py - {'step': '436300', 'lr': '0.0002', 'total_loss': '0.00851964', 'main_loss': '0.00851964', 'time_per_step': '2.57649'}
2026-03-20 06:48:32,354 - train_greyscale_FA_MoE.py - {'step': '436400', 'lr': '0.0002', 'total_loss': '0.0083034', 'main_loss': '0.0083034', 'time_per_step': '2.62042'}
2026-03-20 06:53:01,170 - train_greyscale_FA_MoE.py - {'step': '436500', 'lr': '0.0002', 'total_loss': '0.00575676', 'main_loss': '0.00575676', 'time_per_step': '2.6364'}
2026-03-20 06:57:30,820 - train_greyscale_FA_MoE.py - {'step': '436600', 'lr': '0.0002', 'total_loss': '0.00720444', 'main_loss': '0.00720444', 'time_per_step': '2.58691'}
2026-03-20 07:02:00,816 - train_greyscale_FA_MoE.py - {'step': '436700', 'lr': '0.0002', 'total_loss': '0.00734139', 'main_loss': '0.00734139', 'time_per_step': '2.53155'}
2026-03-20 07:06:30,402 - train_greyscale_FA_MoE.py - {'step': '436800', 'lr': '0.0002', 'total_loss': '0.00677885', 'main_loss': '0.00677885', 'time_per_step': '2.53044'}
2026-03-20 07:11:00,289 - train_greyscale_FA_MoE.py - {'step': '436900', 'lr': '0.0002', 'total_loss': '0.00536341', 'main_loss': '0.00536341', 'time_per_step': '2.73578'}
2026-03-20 07:15:30,009 - train_greyscale_FA_MoE.py - {'step': '437000', 'lr': '0.0002', 'total_loss': '0.00645007', 'main_loss': '0.00645007', 'time_per_step': '2.60711'}
2026-03-20 07:20:00,498 - train_greyscale_FA_MoE.py - {'step': '437100', 'lr': '0.0002', 'total_loss': '0.00827512', 'main_loss': '0.00827512', 'time_per_step': '2.70566'}
2026-03-20 07:24:29,738 - train_greyscale_FA_MoE.py - {'step': '437200', 'lr': '0.0002', 'total_loss': '0.0065208', 'main_loss': '0.0065208', 'time_per_step': '2.57659'}
2026-03-20 07:28:59,583 - train_greyscale_FA_MoE.py - {'step': '437300', 'lr': '0.0002', 'total_loss': '0.00716881', 'main_loss': '0.00716881', 'time_per_step': '2.69589'}
2026-03-20 07:33:28,742 - train_greyscale_FA_MoE.py - {'step': '437400', 'lr': '0.0002', 'total_loss': '0.00861419', 'main_loss': '0.00861419', 'time_per_step': '2.63158'}
2026-03-20 07:37:57,865 - train_greyscale_FA_MoE.py - {'step': '437500', 'lr': '0.0002', 'total_loss': '0.0101334', 'main_loss': '0.0101334', 'time_per_step': '2.62066'}
2026-03-20 07:42:34,317 - train_greyscale_FA_MoE.py - {'step': '437600', 'lr': '0.0002', 'total_loss': '0.00822522', 'main_loss': '0.00822522', 'time_per_step': '2.59463'}
2026-03-20 07:47:03,899 - train_greyscale_FA_MoE.py - {'step': '437700', 'lr': '0.0002', 'total_loss': '0.00512458', 'main_loss': '0.00512458', 'time_per_step': '2.65166'}
2026-03-20 07:51:33,702 - train_greyscale_FA_MoE.py - {'step': '437800', 'lr': '0.0002', 'total_loss': '0.00923539', 'main_loss': '0.00923539', 'time_per_step': '2.64806'}
2026-03-20 07:56:04,142 - train_greyscale_FA_MoE.py - {'step': '437900', 'lr': '0.0002', 'total_loss': '0.00768288', 'main_loss': '0.00768288', 'time_per_step': '2.54796'}
2026-03-20 08:00:34,281 - train_greyscale_FA_MoE.py - {'step': '438000', 'lr': '0.0002', 'total_loss': '0.00683851', 'main_loss': '0.00683851', 'time_per_step': '2.53382'}
2026-03-20 08:05:05,398 - train_greyscale_FA_MoE.py - {'step': '438100', 'lr': '0.0002', 'total_loss': '0.0055164', 'main_loss': '0.0055164', 'time_per_step': '2.61421'}
2026-03-20 08:09:34,705 - train_greyscale_FA_MoE.py - {'step': '438200', 'lr': '0.0002', 'total_loss': '0.00751546', 'main_loss': '0.00751546', 'time_per_step': '2.60852'}
2026-03-20 08:14:05,051 - train_greyscale_FA_MoE.py - {'step': '438300', 'lr': '0.0002', 'total_loss': '0.0111347', 'main_loss': '0.0111347', 'time_per_step': '2.58841'}
2026-03-20 08:18:34,253 - train_greyscale_FA_MoE.py - {'step': '438400', 'lr': '0.0002', 'total_loss': '0.00905996', 'main_loss': '0.00905996', 'time_per_step': '2.58769'}
2026-03-20 08:23:04,223 - train_greyscale_FA_MoE.py - {'step': '438500', 'lr': '0.0002', 'total_loss': '0.0092792', 'main_loss': '0.0092792', 'time_per_step': '2.62067'}
2026-03-20 08:27:33,521 - train_greyscale_FA_MoE.py - {'step': '438600', 'lr': '0.0002', 'total_loss': '0.00700411', 'main_loss': '0.00700411', 'time_per_step': '2.61369'}
2026-03-20 08:32:03,578 - train_greyscale_FA_MoE.py - {'step': '438700', 'lr': '0.0002', 'total_loss': '0.00730494', 'main_loss': '0.00730494', 'time_per_step': '2.64195'}
2026-03-20 08:36:33,525 - train_greyscale_FA_MoE.py - {'step': '438800', 'lr': '0.0002', 'total_loss': '0.00916008', 'main_loss': '0.00916008', 'time_per_step': '2.59792'}
2026-03-20 08:41:03,043 - train_greyscale_FA_MoE.py - {'step': '438900', 'lr': '0.0002', 'total_loss': '0.00706074', 'main_loss': '0.00706074', 'time_per_step': '2.58554'}
2026-03-20 08:45:32,252 - train_greyscale_FA_MoE.py - {'step': '439000', 'lr': '0.0002', 'total_loss': '0.010159', 'main_loss': '0.010159', 'time_per_step': '2.62183'}
2026-03-20 08:50:02,045 - train_greyscale_FA_MoE.py - {'step': '439100', 'lr': '0.0002', 'total_loss': '0.00523687', 'main_loss': '0.00523687', 'time_per_step': '2.5302'}
2026-03-20 08:54:31,942 - train_greyscale_FA_MoE.py - {'step': '439200', 'lr': '0.0002', 'total_loss': '0.0100522', 'main_loss': '0.0100522', 'time_per_step': '2.52219'}
2026-03-20 08:59:02,399 - train_greyscale_FA_MoE.py - {'step': '439300', 'lr': '0.0002', 'total_loss': '0.00795306', 'main_loss': '0.00795306', 'time_per_step': '2.59806'}
2026-03-20 09:03:32,331 - train_greyscale_FA_MoE.py - {'step': '439400', 'lr': '0.0002', 'total_loss': '0.0109192', 'main_loss': '0.0109192', 'time_per_step': '2.60974'}
2026-03-20 09:08:02,344 - train_greyscale_FA_MoE.py - {'step': '439500', 'lr': '0.0002', 'total_loss': '0.00621022', 'main_loss': '0.00621022', 'time_per_step': '2.59973'}
2026-03-20 09:12:31,813 - train_greyscale_FA_MoE.py - {'step': '439600', 'lr': '0.0002', 'total_loss': '0.00790832', 'main_loss': '0.00790832', 'time_per_step': '2.61069'}
2026-03-20 09:17:01,630 - train_greyscale_FA_MoE.py - {'step': '439700', 'lr': '0.0002', 'total_loss': '0.00994723', 'main_loss': '0.00994723', 'time_per_step': '2.62459'}
2026-03-20 09:21:31,810 - train_greyscale_FA_MoE.py - {'step': '439800', 'lr': '0.0002', 'total_loss': '0.00992636', 'main_loss': '0.00992636', 'time_per_step': '2.61307'}
2026-03-20 09:26:01,645 - train_greyscale_FA_MoE.py - {'step': '439900', 'lr': '0.0002', 'total_loss': '0.00562755', 'main_loss': '0.00562755', 'time_per_step': '2.62393'}
2026-03-20 09:30:31,431 - train_greyscale_FA_MoE.py - {'step': '440000', 'lr': '0.0002', 'total_loss': '0.00596155', 'main_loss': '0.00596155', 'time_per_step': '2.63801'}
2026-03-20 09:35:01,417 - train_greyscale_FA_MoE.py - {'step': '440100', 'lr': '0.0002', 'total_loss': '0.00635305', 'main_loss': '0.00635305', 'time_per_step': '2.61883'}
2026-03-20 09:39:30,435 - train_greyscale_FA_MoE.py - {'step': '440200', 'lr': '0.0002', 'total_loss': '0.0118272', 'main_loss': '0.0118272', 'time_per_step': '2.60789'}
2026-03-20 09:44:00,143 - train_greyscale_FA_MoE.py - {'step': '440300', 'lr': '0.0002', 'total_loss': '0.0112834', 'main_loss': '0.0112834', 'time_per_step': '2.71608'}
2026-03-20 09:48:29,079 - train_greyscale_FA_MoE.py - {'step': '440400', 'lr': '0.0002', 'total_loss': '0.00785139', 'main_loss': '0.00785139', 'time_per_step': '2.52996'}
2026-03-20 09:52:59,737 - train_greyscale_FA_MoE.py - {'step': '440500', 'lr': '0.0002', 'total_loss': '0.00899716', 'main_loss': '0.00899716', 'time_per_step': '2.68643'}
2026-03-20 09:57:30,150 - train_greyscale_FA_MoE.py - {'step': '440600', 'lr': '0.0002', 'total_loss': '0.00738292', 'main_loss': '0.00738292', 'time_per_step': '2.60637'}
2026-03-20 10:01:59,936 - train_greyscale_FA_MoE.py - {'step': '440700', 'lr': '0.0002', 'total_loss': '0.00911672', 'main_loss': '0.00911672', 'time_per_step': '2.71729'}
2026-03-20 10:06:29,128 - train_greyscale_FA_MoE.py - {'step': '440800', 'lr': '0.0002', 'total_loss': '0.00460541', 'main_loss': '0.00460541', 'time_per_step': '2.59654'}
2026-03-20 10:10:57,988 - train_greyscale_FA_MoE.py - {'step': '440900', 'lr': '0.0002', 'total_loss': '0.00555794', 'main_loss': '0.00555794', 'time_per_step': '2.60807'}
2026-03-20 10:15:28,054 - train_greyscale_FA_MoE.py - {'step': '441000', 'lr': '0.0002', 'total_loss': '0.00689219', 'main_loss': '0.00689219', 'time_per_step': '2.58568'}
2026-03-20 10:19:57,206 - train_greyscale_FA_MoE.py - {'step': '441100', 'lr': '0.0002', 'total_loss': '0.00839466', 'main_loss': '0.00839466', 'time_per_step': '2.69288'}
2026-03-20 10:24:27,362 - train_greyscale_FA_MoE.py - {'step': '441200', 'lr': '0.0002', 'total_loss': '0.00744116', 'main_loss': '0.00744116', 'time_per_step': '2.66504'}
2026-03-20 10:28:56,965 - train_greyscale_FA_MoE.py - {'step': '441300', 'lr': '0.0002', 'total_loss': '0.0069573', 'main_loss': '0.0069573', 'time_per_step': '2.69706'}
2026-03-20 10:33:27,093 - train_greyscale_FA_MoE.py - {'step': '441400', 'lr': '0.0002', 'total_loss': '0.00973144', 'main_loss': '0.00973144', 'time_per_step': '2.69758'}
2026-03-20 10:37:57,096 - train_greyscale_FA_MoE.py - {'step': '441500', 'lr': '0.0002', 'total_loss': '0.00637816', 'main_loss': '0.00637816', 'time_per_step': '2.59422'}
2026-03-20 10:42:26,102 - train_greyscale_FA_MoE.py - {'step': '441600', 'lr': '0.0002', 'total_loss': '0.00876504', 'main_loss': '0.00876504', 'time_per_step': '2.60612'}
2026-03-20 10:46:55,829 - train_greyscale_FA_MoE.py - {'step': '441700', 'lr': '0.0002', 'total_loss': '0.00659156', 'main_loss': '0.00659156', 'time_per_step': '2.69011'}
2026-03-20 10:51:25,144 - train_greyscale_FA_MoE.py - {'step': '441800', 'lr': '0.0002', 'total_loss': '0.0109374', 'main_loss': '0.0109374', 'time_per_step': '2.67372'}
2026-03-20 10:55:54,020 - train_greyscale_FA_MoE.py - {'step': '441900', 'lr': '0.0002', 'total_loss': '0.00958147', 'main_loss': '0.00958147', 'time_per_step': '2.632'}
2026-03-20 11:00:24,332 - train_greyscale_FA_MoE.py - {'step': '442000', 'lr': '0.0002', 'total_loss': '0.00546732', 'main_loss': '0.00546732', 'time_per_step': '2.61863'}
2026-03-20 11:04:54,131 - train_greyscale_FA_MoE.py - {'step': '442100', 'lr': '0.0002', 'total_loss': '0.00664145', 'main_loss': '0.00664145', 'time_per_step': '2.58639'}
2026-03-20 11:09:23,826 - train_greyscale_FA_MoE.py - {'step': '442200', 'lr': '0.0002', 'total_loss': '0.0131903', 'main_loss': '0.0131903', 'time_per_step': '2.63389'}
2026-03-20 11:13:53,927 - train_greyscale_FA_MoE.py - {'step': '442300', 'lr': '0.0002', 'total_loss': '0.00714368', 'main_loss': '0.00714368', 'time_per_step': '2.63627'}
2026-03-20 11:18:24,045 - train_greyscale_FA_MoE.py - {'step': '442400', 'lr': '0.0002', 'total_loss': '0.00863222', 'main_loss': '0.00863222', 'time_per_step': '2.60669'}
2026-03-20 11:22:53,716 - train_greyscale_FA_MoE.py - {'step': '442500', 'lr': '0.0002', 'total_loss': '0.00453731', 'main_loss': '0.00453731', 'time_per_step': '2.60694'}
2026-03-20 11:27:23,271 - train_greyscale_FA_MoE.py - {'step': '442600', 'lr': '0.0002', 'total_loss': '0.0100375', 'main_loss': '0.0100375', 'time_per_step': '2.60943'}
2026-03-20 11:31:53,288 - train_greyscale_FA_MoE.py - {'step': '442700', 'lr': '0.0002', 'total_loss': '0.00891276', 'main_loss': '0.00891276', 'time_per_step': '2.53479'}
2026-03-20 11:36:21,986 - train_greyscale_FA_MoE.py - {'step': '442800', 'lr': '0.0002', 'total_loss': '0.00704378', 'main_loss': '0.00704378', 'time_per_step': '2.53'}
2026-03-20 11:40:52,003 - train_greyscale_FA_MoE.py - {'step': '442900', 'lr': '0.0002', 'total_loss': '0.00651445', 'main_loss': '0.00651445', 'time_per_step': '2.64903'}
2026-03-20 11:45:22,286 - train_greyscale_FA_MoE.py - {'step': '443000', 'lr': '0.0002', 'total_loss': '0.0077114', 'main_loss': '0.0077114', 'time_per_step': '2.60667'}
2026-03-20 11:49:52,507 - train_greyscale_FA_MoE.py - {'step': '443100', 'lr': '0.0002', 'total_loss': '0.00663027', 'main_loss': '0.00663027', 'time_per_step': '2.59878'}
2026-03-20 11:54:21,599 - train_greyscale_FA_MoE.py - {'step': '443200', 'lr': '0.0002', 'total_loss': '0.00788405', 'main_loss': '0.00788405', 'time_per_step': '2.61202'}
2026-03-20 11:58:52,014 - train_greyscale_FA_MoE.py - {'step': '443300', 'lr': '0.0002', 'total_loss': '0.00964017', 'main_loss': '0.00964017', 'time_per_step': '2.64069'}
2026-03-20 12:03:22,455 - train_greyscale_FA_MoE.py - {'step': '443400', 'lr': '0.0002', 'total_loss': '0.00929498', 'main_loss': '0.00929498', 'time_per_step': '2.62429'}
2026-03-20 12:07:51,631 - train_greyscale_FA_MoE.py - {'step': '443500', 'lr': '0.0002', 'total_loss': '0.0105027', 'main_loss': '0.0105027', 'time_per_step': '2.62972'}
2026-03-20 12:12:21,577 - train_greyscale_FA_MoE.py - {'step': '443600', 'lr': '0.0002', 'total_loss': '0.00500974', 'main_loss': '0.00500974', 'time_per_step': '2.62215'}
2026-03-20 12:16:50,627 - train_greyscale_FA_MoE.py - {'step': '443700', 'lr': '0.0002', 'total_loss': '0.011617', 'main_loss': '0.011617', 'time_per_step': '2.61617'}
2026-03-20 12:21:20,693 - train_greyscale_FA_MoE.py - {'step': '443800', 'lr': '0.0002', 'total_loss': '0.00833189', 'main_loss': '0.00833189', 'time_per_step': '2.61027'}
2026-03-20 12:25:50,332 - train_greyscale_FA_MoE.py - {'step': '443900', 'lr': '0.0002', 'total_loss': '0.00816548', 'main_loss': '0.00816548', 'time_per_step': '2.5482'}
2026-03-20 12:30:20,222 - train_greyscale_FA_MoE.py - {'step': '444000', 'lr': '0.0002', 'total_loss': '0.00788804', 'main_loss': '0.00788804', 'time_per_step': '2.52964'}
2026-03-20 12:34:50,829 - train_greyscale_FA_MoE.py - {'step': '444100', 'lr': '0.0002', 'total_loss': '0.00533379', 'main_loss': '0.00533379', 'time_per_step': '2.6127'}
2026-03-20 12:39:19,997 - train_greyscale_FA_MoE.py - {'step': '444200', 'lr': '0.0002', 'total_loss': '0.00915077', 'main_loss': '0.00915077', 'time_per_step': '2.59357'}
2026-03-20 12:43:49,280 - train_greyscale_FA_MoE.py - {'step': '444300', 'lr': '0.0002', 'total_loss': '0.00916239', 'main_loss': '0.00916239', 'time_per_step': '2.63452'}
2026-03-20 12:48:18,704 - train_greyscale_FA_MoE.py - {'step': '444400', 'lr': '0.0002', 'total_loss': '0.00548498', 'main_loss': '0.00548498', 'time_per_step': '2.60467'}
2026-03-20 12:52:48,653 - train_greyscale_FA_MoE.py - {'step': '444500', 'lr': '0.0002', 'total_loss': '0.00852169', 'main_loss': '0.00852169', 'time_per_step': '2.62042'}
2026-03-20 12:57:17,848 - train_greyscale_FA_MoE.py - {'step': '444600', 'lr': '0.0002', 'total_loss': '0.0056923', 'main_loss': '0.0056923', 'time_per_step': '2.61549'}
2026-03-20 13:01:47,900 - train_greyscale_FA_MoE.py - {'step': '444700', 'lr': '0.0002', 'total_loss': '0.00732344', 'main_loss': '0.00732344', 'time_per_step': '2.63456'}
2026-03-20 13:06:17,570 - train_greyscale_FA_MoE.py - {'step': '444800', 'lr': '0.0002', 'total_loss': '0.00721173', 'main_loss': '0.00721173', 'time_per_step': '2.61754'}
2026-03-20 13:10:47,620 - train_greyscale_FA_MoE.py - {'step': '444900', 'lr': '0.0002', 'total_loss': '0.00657852', 'main_loss': '0.00657852', 'time_per_step': '2.60203'}
2026-03-20 13:15:17,680 - train_greyscale_FA_MoE.py - {'step': '445000', 'lr': '0.0002', 'total_loss': '0.00572703', 'main_loss': '0.00572703', 'time_per_step': '2.63428'}
2026-03-20 13:19:46,903 - train_greyscale_FA_MoE.py - {'step': '445100', 'lr': '0.0002', 'total_loss': '0.00735218', 'main_loss': '0.00735218', 'time_per_step': '2.52992'}
2026-03-20 13:24:15,730 - train_greyscale_FA_MoE.py - {'step': '445200', 'lr': '0.0002', 'total_loss': '0.00681787', 'main_loss': '0.00681787', 'time_per_step': '2.52614'}
2026-03-20 13:28:46,280 - train_greyscale_FA_MoE.py - {'step': '445300', 'lr': '0.0002', 'total_loss': '0.00787712', 'main_loss': '0.00787712', 'time_per_step': '2.64676'}
2026-03-20 13:33:16,296 - train_greyscale_FA_MoE.py - {'step': '445400', 'lr': '0.0002', 'total_loss': '0.0101825', 'main_loss': '0.0101825', 'time_per_step': '2.61431'}
2026-03-20 13:37:45,613 - train_greyscale_FA_MoE.py - {'step': '445500', 'lr': '0.0002', 'total_loss': '0.00650059', 'main_loss': '0.00650059', 'time_per_step': '2.60139'}
2026-03-20 13:42:14,864 - train_greyscale_FA_MoE.py - {'step': '445600', 'lr': '0.0002', 'total_loss': '0.00824984', 'main_loss': '0.00824984', 'time_per_step': '2.62567'}
2026-03-20 13:46:44,027 - train_greyscale_FA_MoE.py - {'step': '445700', 'lr': '0.0002', 'total_loss': '0.00652748', 'main_loss': '0.00652748', 'time_per_step': '2.64367'}
2026-03-20 13:51:13,901 - train_greyscale_FA_MoE.py - {'step': '445800', 'lr': '0.0002', 'total_loss': '0.00847934', 'main_loss': '0.00847934', 'time_per_step': '2.62627'}
2026-03-20 13:55:44,044 - train_greyscale_FA_MoE.py - {'step': '445900', 'lr': '0.0002', 'total_loss': '0.0113018', 'main_loss': '0.0113018', 'time_per_step': '2.65163'}
2026-03-20 14:00:13,633 - train_greyscale_FA_MoE.py - {'step': '446000', 'lr': '0.0002', 'total_loss': '0.0111915', 'main_loss': '0.0111915', 'time_per_step': '2.60842'}
2026-03-20 14:04:43,570 - train_greyscale_FA_MoE.py - {'step': '446100', 'lr': '0.0002', 'total_loss': '0.00865366', 'main_loss': '0.00865366', 'time_per_step': '2.62057'}
2026-03-20 14:09:13,868 - train_greyscale_FA_MoE.py - {'step': '446200', 'lr': '0.0002', 'total_loss': '0.00744391', 'main_loss': '0.00744391', 'time_per_step': '2.60771'}
2026-03-20 14:13:43,128 - train_greyscale_FA_MoE.py - {'step': '446300', 'lr': '0.0002', 'total_loss': '0.00667516', 'main_loss': '0.00667516', 'time_per_step': '2.54707'}
2026-03-20 14:18:12,115 - train_greyscale_FA_MoE.py - {'step': '446400', 'lr': '0.0002', 'total_loss': '0.00457286', 'main_loss': '0.00457286', 'time_per_step': '2.53053'}
2026-03-20 14:22:42,457 - train_greyscale_FA_MoE.py - {'step': '446500', 'lr': '0.0002', 'total_loss': '0.00773242', 'main_loss': '0.00773242', 'time_per_step': '2.59499'}
2026-03-20 14:27:12,683 - train_greyscale_FA_MoE.py - {'step': '446600', 'lr': '0.0002', 'total_loss': '0.00882921', 'main_loss': '0.00882921', 'time_per_step': '2.6084'}
2026-03-20 14:31:42,501 - train_greyscale_FA_MoE.py - {'step': '446700', 'lr': '0.0002', 'total_loss': '0.00647529', 'main_loss': '0.00647529', 'time_per_step': '2.60053'}
2026-03-20 14:36:12,398 - train_greyscale_FA_MoE.py - {'step': '446800', 'lr': '0.0002', 'total_loss': '0.00742498', 'main_loss': '0.00742498', 'time_per_step': '2.61364'}
2026-03-20 14:40:42,675 - train_greyscale_FA_MoE.py - {'step': '446900', 'lr': '0.0002', 'total_loss': '0.00693913', 'main_loss': '0.00693913', 'time_per_step': '2.60703'}
2026-03-20 14:45:12,194 - train_greyscale_FA_MoE.py - {'step': '447000', 'lr': '0.0002', 'total_loss': '0.00658215', 'main_loss': '0.00658215', 'time_per_step': '2.60613'}
2026-03-20 14:49:41,918 - train_greyscale_FA_MoE.py - {'step': '447100', 'lr': '0.0002', 'total_loss': '0.0065341', 'main_loss': '0.0065341', 'time_per_step': '2.63027'}
2026-03-20 14:54:12,068 - train_greyscale_FA_MoE.py - {'step': '447200', 'lr': '0.0002', 'total_loss': '0.0107361', 'main_loss': '0.0107361', 'time_per_step': '2.59718'}
2026-03-20 14:58:41,440 - train_greyscale_FA_MoE.py - {'step': '447300', 'lr': '0.0002', 'total_loss': '0.0108375', 'main_loss': '0.0108375', 'time_per_step': '2.6091'}
2026-03-20 15:03:11,118 - train_greyscale_FA_MoE.py - {'step': '447400', 'lr': '0.0002', 'total_loss': '0.00706453', 'main_loss': '0.00706453', 'time_per_step': '2.63986'}
2026-03-20 15:07:40,697 - train_greyscale_FA_MoE.py - {'step': '447500', 'lr': '0.0002', 'total_loss': '0.0102659', 'main_loss': '0.0102659', 'time_per_step': '2.54539'}
2026-03-20 15:12:09,974 - train_greyscale_FA_MoE.py - {'step': '447600', 'lr': '0.0002', 'total_loss': '0.00673117', 'main_loss': '0.00673117', 'time_per_step': '2.52851'}
2026-03-20 15:16:40,332 - train_greyscale_FA_MoE.py - {'step': '447700', 'lr': '0.0002', 'total_loss': '0.00736039', 'main_loss': '0.00736039', 'time_per_step': '2.62102'}
2026-03-20 15:21:10,290 - train_greyscale_FA_MoE.py - {'step': '447800', 'lr': '0.0002', 'total_loss': '0.00538958', 'main_loss': '0.00538958', 'time_per_step': '2.63391'}
2026-03-20 15:25:39,452 - train_greyscale_FA_MoE.py - {'step': '447900', 'lr': '0.0002', 'total_loss': '0.00833607', 'main_loss': '0.00833607', 'time_per_step': '2.60071'}
2026-03-20 15:30:08,552 - train_greyscale_FA_MoE.py - {'step': '448000', 'lr': '0.0002', 'total_loss': '0.00594842', 'main_loss': '0.00594842', 'time_per_step': '2.60616'}
2026-03-20 15:34:37,551 - train_greyscale_FA_MoE.py - {'step': '448100', 'lr': '0.0002', 'total_loss': '0.00699525', 'main_loss': '0.00699525', 'time_per_step': '2.62686'}
2026-03-20 15:39:06,530 - train_greyscale_FA_MoE.py - {'step': '448200', 'lr': '0.0002', 'total_loss': '0.00993678', 'main_loss': '0.00993678', 'time_per_step': '2.59149'}
2026-03-20 15:43:35,782 - train_greyscale_FA_MoE.py - {'step': '448300', 'lr': '0.0002', 'total_loss': '0.00980042', 'main_loss': '0.00980042', 'time_per_step': '2.61995'}
2026-03-20 15:48:05,663 - train_greyscale_FA_MoE.py - {'step': '448400', 'lr': '0.0002', 'total_loss': '0.0146371', 'main_loss': '0.0146371', 'time_per_step': '2.65833'}
2026-03-20 15:52:35,445 - train_greyscale_FA_MoE.py - {'step': '448500', 'lr': '0.0002', 'total_loss': '0.0145375', 'main_loss': '0.0145375', 'time_per_step': '2.62585'}
2026-03-20 15:57:06,267 - train_greyscale_FA_MoE.py - {'step': '448600', 'lr': '0.0002', 'total_loss': '0.00675469', 'main_loss': '0.00675469', 'time_per_step': '2.59371'}
2026-03-20 16:01:36,384 - train_greyscale_FA_MoE.py - {'step': '448700', 'lr': '0.0002', 'total_loss': '0.00866951', 'main_loss': '0.00866951', 'time_per_step': '2.55229'}
2026-03-20 16:06:05,587 - train_greyscale_FA_MoE.py - {'step': '448800', 'lr': '0.0002', 'total_loss': '0.00683715', 'main_loss': '0.00683715', 'time_per_step': '2.52031'}
2026-03-20 16:10:35,325 - train_greyscale_FA_MoE.py - {'step': '448900', 'lr': '0.0002', 'total_loss': '0.00670534', 'main_loss': '0.00670534', 'time_per_step': '2.58344'}
2026-03-20 16:15:04,395 - train_greyscale_FA_MoE.py - {'step': '449000', 'lr': '0.0002', 'total_loss': '0.0104123', 'main_loss': '0.0104123', 'time_per_step': '2.62883'}
2026-03-20 16:19:34,149 - train_greyscale_FA_MoE.py - {'step': '449100', 'lr': '0.0002', 'total_loss': '0.00744622', 'main_loss': '0.00744622', 'time_per_step': '2.58848'}
2026-03-20 16:24:03,965 - train_greyscale_FA_MoE.py - {'step': '449200', 'lr': '0.0002', 'total_loss': '0.00676445', 'main_loss': '0.00676445', 'time_per_step': '2.60659'}
2026-03-20 16:28:34,152 - train_greyscale_FA_MoE.py - {'step': '449300', 'lr': '0.0002', 'total_loss': '0.00760371', 'main_loss': '0.00760371', 'time_per_step': '2.61868'}
2026-03-20 16:33:04,090 - train_greyscale_FA_MoE.py - {'step': '449400', 'lr': '0.0002', 'total_loss': '0.00650431', 'main_loss': '0.00650431', 'time_per_step': '2.60348'}
2026-03-20 16:37:34,670 - train_greyscale_FA_MoE.py - {'step': '449500', 'lr': '0.0002', 'total_loss': '0.0114317', 'main_loss': '0.0114317', 'time_per_step': '2.60706'}
2026-03-20 16:42:04,123 - train_greyscale_FA_MoE.py - {'step': '449600', 'lr': '0.0002', 'total_loss': '0.00493455', 'main_loss': '0.00493455', 'time_per_step': '2.62621'}
2026-03-20 16:46:33,750 - train_greyscale_FA_MoE.py - {'step': '449700', 'lr': '0.0002', 'total_loss': '0.00692591', 'main_loss': '0.00692591', 'time_per_step': '2.62342'}
2026-03-20 16:51:03,967 - train_greyscale_FA_MoE.py - {'step': '449800', 'lr': '0.0002', 'total_loss': '0.00946664', 'main_loss': '0.00946664', 'time_per_step': '2.61684'}
2026-03-20 16:55:33,079 - train_greyscale_FA_MoE.py - {'step': '449900', 'lr': '0.0002', 'total_loss': '0.00956599', 'main_loss': '0.00956599', 'time_per_step': '2.52417'}
2026-03-20 17:00:03,451 - train_greyscale_FA_MoE.py - {'step': '450000', 'lr': '0.0002', 'total_loss': '0.00757362', 'main_loss': '0.00757362', 'time_per_step': '2.52991'}
2026-03-20 17:00:03,479 - train_greyscale_FA_MoE.py - Saved expert distribution of layer in_block_0 to output_shift_fa/acdc_wholeheart_uncond_fa_ec_4moe8_greyscale_uvit_mid_4by4_l8r9_low16_Y_bound/samples/expert_distribution_in_block_0_step450000.npy
2026-03-20 17:00:05,908 - train_greyscale_FA_MoE.py - Saved expert distribution of layer out_block_7 to output_shift_fa/acdc_wholeheart_uncond_fa_ec_4moe8_greyscale_uvit_mid_4by4_l8r9_low16_Y_bound/samples/expert_distribution_out_block_7_step450000.npy
2026-03-20 17:00:08,168 - train_greyscale_FA_MoE.py - Save a grid of 16 samples into output_shift_fa/acdc_wholeheart_uncond_fa_ec_4moe8_greyscale_uvit_mid_4by4_l8r9_low16_Y_bound/samples/450000.png by DPM-Solver
2026-03-20 17:00:14,378 - train_greyscale_FA_MoE.py - Finished saving sample grid to output_shift_fa/acdc_wholeheart_uncond_fa_ec_4moe8_greyscale_uvit_mid_4by4_l8r9_low16_Y_bound/samples/450000.png by DPM-Solver.
2026-03-20 17:00:14,465 - train_greyscale_FA_MoE.py - Save and eval checkpoint 450000...
2026-03-20 17:00:17,155 - train_greyscale_FA_MoE.py - eval_step: n_samples=50000, sample_steps=50, algorithm=dpm_solver, mini_batch_size=500, samples save into output_shift_fa/acdc_wholeheart_uncond_fa_ec_4moe8_greyscale_uvit_mid_4by4_l8r9_low16_Y_bound/samples/acdc_wholeheart_uncond_uvit_FA_EC_4MoE8_greyscale_mid_4by4_low16_450000_dpm
2026-03-20 17:55:59,157 - train_greyscale_FA_MoE.py - step=450000 fid50000=11.33556128246812
2026-03-20 18:02:26,200 - is_lpips.py - LPIPS: 0.5140 ± 0.0499
2026-03-20 18:02:26,205 - train_greyscale_FA_MoE.py - step=450000 LPIPS50000=0.5139821414248342
2026-03-20 18:08:08,448 - train_greyscale_FA_MoE.py - {'step': '450100', 'lr': '0.0002', 'total_loss': '0.00999901', 'main_loss': '0.00999901', 'time_per_step': '2.62729'}
2026-03-20 18:12:38,539 - train_greyscale_FA_MoE.py - {'step': '450200', 'lr': '0.0002', 'total_loss': '0.0069338', 'main_loss': '0.0069338', 'time_per_step': '2.61841'}
2026-03-20 18:17:08,672 - train_greyscale_FA_MoE.py - {'step': '450300', 'lr': '0.0002', 'total_loss': '0.00947774', 'main_loss': '0.00947774', 'time_per_step': '2.61182'}
2026-03-20 18:21:38,097 - train_greyscale_FA_MoE.py - {'step': '450400', 'lr': '0.0002', 'total_loss': '0.0106396', 'main_loss': '0.0106396', 'time_per_step': '2.60874'}
2026-03-20 18:26:07,557 - train_greyscale_FA_MoE.py - {'step': '450500', 'lr': '0.0002', 'total_loss': '0.0103369', 'main_loss': '0.0103369', 'time_per_step': '2.6207'}
2026-03-20 18:30:37,336 - train_greyscale_FA_MoE.py - {'step': '450600', 'lr': '0.0002', 'total_loss': '0.00829573', 'main_loss': '0.00829573', 'time_per_step': '2.62593'}
2026-03-20 18:35:07,494 - train_greyscale_FA_MoE.py - {'step': '450700', 'lr': '0.0002', 'total_loss': '0.0055671', 'main_loss': '0.0055671', 'time_per_step': '2.61505'}
2026-03-20 18:39:37,936 - train_greyscale_FA_MoE.py - {'step': '450800', 'lr': '0.0002', 'total_loss': '0.00600863', 'main_loss': '0.00600863', 'time_per_step': '2.61639'}
2026-03-20 18:44:07,184 - train_greyscale_FA_MoE.py - {'step': '450900', 'lr': '0.0002', 'total_loss': '0.010669', 'main_loss': '0.010669', 'time_per_step': '2.61535'}
2026-03-20 18:48:37,205 - train_greyscale_FA_MoE.py - {'step': '451000', 'lr': '0.0002', 'total_loss': '0.00728067', 'main_loss': '0.00728067', 'time_per_step': '2.6035'}
2026-03-20 18:53:07,152 - train_greyscale_FA_MoE.py - {'step': '451100', 'lr': '0.0002', 'total_loss': '0.00753062', 'main_loss': '0.00753062', 'time_per_step': '2.55532'}
2026-03-20 18:57:37,323 - train_greyscale_FA_MoE.py - {'step': '451200', 'lr': '0.0002', 'total_loss': '0.00701708', 'main_loss': '0.00701708', 'time_per_step': '2.52955'}
2026-03-20 19:02:07,337 - train_greyscale_FA_MoE.py - {'step': '451300', 'lr': '0.0002', 'total_loss': '0.00871461', 'main_loss': '0.00871461', 'time_per_step': '2.57237'}
2026-03-20 19:06:37,496 - train_greyscale_FA_MoE.py - {'step': '451400', 'lr': '0.0002', 'total_loss': '0.00674994', 'main_loss': '0.00674994', 'time_per_step': '2.61033'}
2026-03-20 19:11:07,468 - train_greyscale_FA_MoE.py - {'step': '451500', 'lr': '0.0002', 'total_loss': '0.00775385', 'main_loss': '0.00775385', 'time_per_step': '2.60125'}
2026-03-20 19:15:36,985 - train_greyscale_FA_MoE.py - {'step': '451600', 'lr': '0.0002', 'total_loss': '0.00977963', 'main_loss': '0.00977963', 'time_per_step': '2.61456'}
2026-03-20 19:20:07,356 - train_greyscale_FA_MoE.py - {'step': '451700', 'lr': '0.0002', 'total_loss': '0.00997358', 'main_loss': '0.00997358', 'time_per_step': '2.61684'}
2026-03-20 19:24:37,270 - train_greyscale_FA_MoE.py - {'step': '451800', 'lr': '0.0002', 'total_loss': '0.0116707', 'main_loss': '0.0116707', 'time_per_step': '2.62439'}
2026-03-20 19:29:06,986 - train_greyscale_FA_MoE.py - {'step': '451900', 'lr': '0.0002', 'total_loss': '0.00970643', 'main_loss': '0.00970643', 'time_per_step': '2.61777'}
2026-03-20 19:33:37,335 - train_greyscale_FA_MoE.py - {'step': '452000', 'lr': '0.0002', 'total_loss': '0.00732915', 'main_loss': '0.00732915', 'time_per_step': '2.63586'}
2026-03-20 19:38:06,956 - train_greyscale_FA_MoE.py - {'step': '452100', 'lr': '0.0002', 'total_loss': '0.0122401', 'main_loss': '0.0122401', 'time_per_step': '2.62042'}
2026-03-20 19:42:36,152 - train_greyscale_FA_MoE.py - {'step': '452200', 'lr': '0.0002', 'total_loss': '0.00635068', 'main_loss': '0.00635068', 'time_per_step': '2.62046'}
2026-03-20 19:47:06,338 - train_greyscale_FA_MoE.py - {'step': '452300', 'lr': '0.0002', 'total_loss': '0.00830191', 'main_loss': '0.00830191', 'time_per_step': '2.54975'}
2026-03-20 19:51:36,204 - train_greyscale_FA_MoE.py - {'step': '452400', 'lr': '0.0002', 'total_loss': '0.00902318', 'main_loss': '0.00902318', 'time_per_step': '2.5292'}
2026-03-20 19:56:06,254 - train_greyscale_FA_MoE.py - {'step': '452500', 'lr': '0.0002', 'total_loss': '0.00927862', 'main_loss': '0.00927862', 'time_per_step': '2.62265'}
2026-03-20 20:00:37,306 - train_greyscale_FA_MoE.py - {'step': '452600', 'lr': '0.0002', 'total_loss': '0.00636734', 'main_loss': '0.00636734', 'time_per_step': '2.6085'}
2026-03-20 20:05:06,715 - train_greyscale_FA_MoE.py - {'step': '452700', 'lr': '0.0002', 'total_loss': '0.00815233', 'main_loss': '0.00815233', 'time_per_step': '2.58623'}
2026-03-20 20:09:36,631 - train_greyscale_FA_MoE.py - {'step': '452800', 'lr': '0.0002', 'total_loss': '0.00461849', 'main_loss': '0.00461849', 'time_per_step': '2.61709'}
2026-03-20 20:14:06,861 - train_greyscale_FA_MoE.py - {'step': '452900', 'lr': '0.0002', 'total_loss': '0.0104562', 'main_loss': '0.0104562', 'time_per_step': '2.622'}
2026-03-20 20:18:36,370 - train_greyscale_FA_MoE.py - {'step': '453000', 'lr': '0.0002', 'total_loss': '0.0053723', 'main_loss': '0.0053723', 'time_per_step': '2.61845'}
2026-03-20 20:23:05,785 - train_greyscale_FA_MoE.py - {'step': '453100', 'lr': '0.0002', 'total_loss': '0.00764412', 'main_loss': '0.00764412', 'time_per_step': '2.62562'}
2026-03-20 20:27:36,040 - train_greyscale_FA_MoE.py - {'step': '453200', 'lr': '0.0002', 'total_loss': '0.0081321', 'main_loss': '0.0081321', 'time_per_step': '2.61655'}
2026-03-20 20:32:06,301 - train_greyscale_FA_MoE.py - {'step': '453300', 'lr': '0.0002', 'total_loss': '0.00780318', 'main_loss': '0.00780318', 'time_per_step': '2.62297'}
2026-03-20 20:36:36,525 - train_greyscale_FA_MoE.py - {'step': '453400', 'lr': '0.0002', 'total_loss': '0.0100196', 'main_loss': '0.0100196', 'time_per_step': '2.62452'}
2026-03-20 20:41:06,905 - train_greyscale_FA_MoE.py - {'step': '453500', 'lr': '0.0002', 'total_loss': '0.00835373', 'main_loss': '0.00835373', 'time_per_step': '2.54607'}
2026-03-20 20:45:36,355 - train_greyscale_FA_MoE.py - {'step': '453600', 'lr': '0.0002', 'total_loss': '0.00703231', 'main_loss': '0.00703231', 'time_per_step': '2.52911'}
2026-03-20 20:50:06,272 - train_greyscale_FA_MoE.py - {'step': '453700', 'lr': '0.0002', 'total_loss': '0.00502678', 'main_loss': '0.00502678', 'time_per_step': '2.60302'}
2026-03-20 20:54:36,357 - train_greyscale_FA_MoE.py - {'step': '453800', 'lr': '0.0002', 'total_loss': '0.00654055', 'main_loss': '0.00654055', 'time_per_step': '2.63053'}
2026-03-20 20:59:06,599 - train_greyscale_FA_MoE.py - {'step': '453900', 'lr': '0.0002', 'total_loss': '0.00633194', 'main_loss': '0.00633194', 'time_per_step': '2.61527'}
2026-03-20 21:03:36,133 - train_greyscale_FA_MoE.py - {'step': '454000', 'lr': '0.0002', 'total_loss': '0.00454848', 'main_loss': '0.00454848', 'time_per_step': '2.62683'}
2026-03-20 21:08:06,431 - train_greyscale_FA_MoE.py - {'step': '454100', 'lr': '0.0002', 'total_loss': '0.00552862', 'main_loss': '0.00552862', 'time_per_step': '2.62587'}
2026-03-20 21:12:36,518 - train_greyscale_FA_MoE.py - {'step': '454200', 'lr': '0.0002', 'total_loss': '0.00721413', 'main_loss': '0.00721413', 'time_per_step': '2.62707'}
2026-03-20 21:17:06,770 - train_greyscale_FA_MoE.py - {'step': '454300', 'lr': '0.0002', 'total_loss': '0.00618371', 'main_loss': '0.00618371', 'time_per_step': '2.6099'}
2026-03-20 21:21:36,960 - train_greyscale_FA_MoE.py - {'step': '454400', 'lr': '0.0002', 'total_loss': '0.00864255', 'main_loss': '0.00864255', 'time_per_step': '2.61446'}
2026-03-20 21:26:07,146 - train_greyscale_FA_MoE.py - {'step': '454500', 'lr': '0.0002', 'total_loss': '0.00550912', 'main_loss': '0.00550912', 'time_per_step': '2.60132'}
2026-03-20 21:30:37,100 - train_greyscale_FA_MoE.py - {'step': '454600', 'lr': '0.0002', 'total_loss': '0.0103301', 'main_loss': '0.0103301', 'time_per_step': '2.62301'}
2026-03-20 21:35:07,121 - train_greyscale_FA_MoE.py - {'step': '454700', 'lr': '0.0002', 'total_loss': '0.00720251', 'main_loss': '0.00720251', 'time_per_step': '2.54657'}
2026-03-20 21:39:36,755 - train_greyscale_FA_MoE.py - {'step': '454800', 'lr': '0.0002', 'total_loss': '0.00989152', 'main_loss': '0.00989152', 'time_per_step': '2.52361'}
2026-03-20 21:44:06,751 - train_greyscale_FA_MoE.py - {'step': '454900', 'lr': '0.0002', 'total_loss': '0.00572047', 'main_loss': '0.00572047', 'time_per_step': '2.60873'}
2026-03-20 21:48:37,320 - train_greyscale_FA_MoE.py - {'step': '455000', 'lr': '0.0002', 'total_loss': '0.00696953', 'main_loss': '0.00696953', 'time_per_step': '2.6136'}
2026-03-20 21:53:06,977 - train_greyscale_FA_MoE.py - {'step': '455100', 'lr': '0.0002', 'total_loss': '0.00957193', 'main_loss': '0.00957193', 'time_per_step': '2.61981'}
2026-03-20 21:57:37,441 - train_greyscale_FA_MoE.py - {'step': '455200', 'lr': '0.0002', 'total_loss': '0.00855367', 'main_loss': '0.00855367', 'time_per_step': '2.60933'}
2026-03-20 22:02:07,724 - train_greyscale_FA_MoE.py - {'step': '455300', 'lr': '0.0002', 'total_loss': '0.00943386', 'main_loss': '0.00943386', 'time_per_step': '2.60659'}
2026-03-20 22:06:38,060 - train_greyscale_FA_MoE.py - {'step': '455400', 'lr': '0.0002', 'total_loss': '0.00784411', 'main_loss': '0.00784411', 'time_per_step': '2.61392'}
2026-03-20 22:11:08,253 - train_greyscale_FA_MoE.py - {'step': '455500', 'lr': '0.0002', 'total_loss': '0.00929639', 'main_loss': '0.00929639', 'time_per_step': '2.60944'}
2026-03-20 22:15:38,594 - train_greyscale_FA_MoE.py - {'step': '455600', 'lr': '0.0002', 'total_loss': '0.00758185', 'main_loss': '0.00758185', 'time_per_step': '2.61823'}
2026-03-20 22:20:08,852 - train_greyscale_FA_MoE.py - {'step': '455700', 'lr': '0.0002', 'total_loss': '0.00621596', 'main_loss': '0.00621596', 'time_per_step': '2.58699'}
2026-03-20 22:24:38,045 - train_greyscale_FA_MoE.py - {'step': '455800', 'lr': '0.0002', 'total_loss': '0.00543906', 'main_loss': '0.00543906', 'time_per_step': '2.61326'}
2026-03-20 22:29:07,356 - train_greyscale_FA_MoE.py - {'step': '455900', 'lr': '0.0002', 'total_loss': '0.00774304', 'main_loss': '0.00774304', 'time_per_step': '2.53896'}
2026-03-20 22:33:37,168 - train_greyscale_FA_MoE.py - {'step': '456000', 'lr': '0.0002', 'total_loss': '0.00750909', 'main_loss': '0.00750909', 'time_per_step': '2.53324'}
2026-03-20 22:38:07,944 - train_greyscale_FA_MoE.py - {'step': '456100', 'lr': '0.0002', 'total_loss': '0.0112043', 'main_loss': '0.0112043', 'time_per_step': '2.57741'}
2026-03-20 22:42:37,854 - train_greyscale_FA_MoE.py - {'step': '456200', 'lr': '0.0002', 'total_loss': '0.00793945', 'main_loss': '0.00793945', 'time_per_step': '2.63358'}
2026-03-20 22:47:07,185 - train_greyscale_FA_MoE.py - {'step': '456300', 'lr': '0.0002', 'total_loss': '0.00752195', 'main_loss': '0.00752195', 'time_per_step': '2.63315'}
2026-03-20 22:51:37,245 - train_greyscale_FA_MoE.py - {'step': '456400', 'lr': '0.0002', 'total_loss': '0.00601828', 'main_loss': '0.00601828', 'time_per_step': '2.61075'}
2026-03-20 22:56:07,784 - train_greyscale_FA_MoE.py - {'step': '456500', 'lr': '0.0002', 'total_loss': '0.0101368', 'main_loss': '0.0101368', 'time_per_step': '2.62081'}
2026-03-20 23:00:37,373 - train_greyscale_FA_MoE.py - {'step': '456600', 'lr': '0.0002', 'total_loss': '0.00718438', 'main_loss': '0.00718438', 'time_per_step': '2.62537'}
2026-03-20 23:05:07,373 - train_greyscale_FA_MoE.py - {'step': '456700', 'lr': '0.0002', 'total_loss': '0.00691459', 'main_loss': '0.00691459', 'time_per_step': '2.62441'}
2026-03-20 23:09:37,506 - train_greyscale_FA_MoE.py - {'step': '456800', 'lr': '0.0002', 'total_loss': '0.00715258', 'main_loss': '0.00715258', 'time_per_step': '2.61609'}
2026-03-20 23:14:07,597 - train_greyscale_FA_MoE.py - {'step': '456900', 'lr': '0.0002', 'total_loss': '0.00808125', 'main_loss': '0.00808125', 'time_per_step': '2.6154'}
2026-03-20 23:18:37,728 - train_greyscale_FA_MoE.py - {'step': '457000', 'lr': '0.0002', 'total_loss': '0.0103647', 'main_loss': '0.0103647', 'time_per_step': '2.62439'}
2026-03-20 23:23:07,968 - train_greyscale_FA_MoE.py - {'step': '457100', 'lr': '0.0002', 'total_loss': '0.00547971', 'main_loss': '0.00547971', 'time_per_step': '2.5558'}
2026-03-20 23:27:37,433 - train_greyscale_FA_MoE.py - {'step': '457200', 'lr': '0.0002', 'total_loss': '0.0107962', 'main_loss': '0.0107962', 'time_per_step': '2.53347'}
2026-03-20 23:32:08,492 - train_greyscale_FA_MoE.py - {'step': '457300', 'lr': '0.0002', 'total_loss': '0.00922995', 'main_loss': '0.00922995', 'time_per_step': '2.59097'}
2026-03-20 23:36:38,249 - train_greyscale_FA_MoE.py - {'step': '457400', 'lr': '0.0002', 'total_loss': '0.00855177', 'main_loss': '0.00855177', 'time_per_step': '2.62605'}
2026-03-20 23:41:07,473 - train_greyscale_FA_MoE.py - {'step': '457500', 'lr': '0.0002', 'total_loss': '0.0103997', 'main_loss': '0.0103997', 'time_per_step': '2.61611'}
2026-03-20 23:45:37,520 - train_greyscale_FA_MoE.py - {'step': '457600', 'lr': '0.0002', 'total_loss': '0.00482763', 'main_loss': '0.00482763', 'time_per_step': '2.61565'}
2026-03-20 23:50:07,618 - train_greyscale_FA_MoE.py - {'step': '457700', 'lr': '0.0002', 'total_loss': '0.00519844', 'main_loss': '0.00519844', 'time_per_step': '2.62449'}
2026-03-20 23:54:37,227 - train_greyscale_FA_MoE.py - {'step': '457800', 'lr': '0.0002', 'total_loss': '0.00465984', 'main_loss': '0.00465984', 'time_per_step': '2.61543'}
2026-03-20 23:59:08,101 - train_greyscale_FA_MoE.py - {'step': '457900', 'lr': '0.0002', 'total_loss': '0.00854583', 'main_loss': '0.00854583', 'time_per_step': '2.61733'}
2026-03-21 00:03:37,647 - train_greyscale_FA_MoE.py - {'step': '458000', 'lr': '0.0002', 'total_loss': '0.00894319', 'main_loss': '0.00894319', 'time_per_step': '2.61988'}
2026-03-21 00:08:07,571 - train_greyscale_FA_MoE.py - {'step': '458100', 'lr': '0.0002', 'total_loss': '0.00720392', 'main_loss': '0.00720392', 'time_per_step': '2.6315'}
2026-03-21 00:12:38,017 - train_greyscale_FA_MoE.py - {'step': '458200', 'lr': '0.0002', 'total_loss': '0.00543442', 'main_loss': '0.00543442', 'time_per_step': '2.6129'}
2026-03-21 00:17:07,330 - train_greyscale_FA_MoE.py - {'step': '458300', 'lr': '0.0002', 'total_loss': '0.00928131', 'main_loss': '0.00928131', 'time_per_step': '2.5493'}
2026-03-21 00:21:36,233 - train_greyscale_FA_MoE.py - {'step': '458400', 'lr': '0.0002', 'total_loss': '0.00725694', 'main_loss': '0.00725694', 'time_per_step': '2.52909'}
2026-03-21 00:26:48,197 - train_greyscale_FA_MoE.py - ckpt_root: output_shift_fa/acdc_wholeheart_uncond_fa_ec_4moe8_greyscale_uvit_mid_4by4_l8r9_low16_Y_bound/ckpts
dataset:
  SNR_scale: 4.0
  Y_bound: !!python/tuple
  - 502.5
  Y_entropy: !!python/tuple
  - 5.883
  - 3.501
  - 3.575
  - 2.418
  - 2.75
  - 2.341
  - 1.479
  - 2.017
  - 2.044
  - 1.453
  - 1.316
  - 1.586
  - 1.365
  - 1.174
  - 1.108
  - 1.0
  Y_max: !!python/tuple
  - 262.0
  - 112.375
  - 125.812
  - 49.0
  - 58.5
  - 46.5
  - 20.344
  - 32.906
  - 33.406
  - 19.953
  - 15.953
  - 22.0
  - 16.984
  - 12.812
  - 11.68
  - 7.461
  Y_mean: !!python/tuple
  - -270.982
  - -0.725
  - 0.44
  - 0.107
  - 0.009
  - 0.154
  - -0.058
  - 0.0
  - -0.008
  - 0.019
  - 0.009
  - -0.012
  - 0.005
  - 0.002
  - 0.004
  - -0.002
  Y_min: !!python/tuple
  - -502.5
  - -119.312
  - -122.375
  - -51.25
  - -58.906
  - -49.5
  - -20.703
  - -32.906
  - -33.094
  - -19.891
  - -15.891
  - -21.75
  - -16.969
  - -12.773
  - -11.648
  - -7.492
  Y_std: !!python/tuple
  - 182.433
  - 32.822
  - 34.997
  - 14.001
  - 17.621
  - 13.189
  - 5.791
  - 9.609
  - 9.805
  - 5.653
  - 4.634
  - 6.503
  - 4.964
  - 3.796
  - 3.44
  - 2.178
  block_sz: 4
  dataset_type: wholeheart
  frequency_aware_tokens: true
  greyscale: true
  low_freqs: 16
  name: acdc_uncond
  num_fa_length: 8
  num_fa_repeats: 9
  num_fa_repeats_x: 3
  num_fa_repeats_y: 3
  path: data/scratch/datasets/ACDC/Unlabeled/Wholeheart
  resolution: 96
  reweight: true
  reweight_dim: -1
  temperature: 0.0
  tokens: 128
  tokenwise_normalization: Y_bound
eval:
  cleanup_samples: true
  eval_start: 400000
  is_batch_size: 32
  lpips_batch_size: 32
  mini_batch_size: 500
  n_samples: 50000
  sample_steps: 100
eval_dir: output/evaluation/FA_EC_l8r9_4by4_low16
lr_scheduler:
  name: customized
  warmup_steps: 5000
mixed_precision: 'no'
name: acdc_wholeheart_uncond_uvit_FA_EC_4MoE8_greyscale_mid_4by4_low16
nnet:
  MoE:
    aux_loss_alpha: 0.0
    depth: 1
    noise_eps: 0.01
    num_experts: 8
    router: topk
    top_k: 4
    type: ecmoe
  depth: 16
  embed_dim: 768
  in_chans: 72
  low_freqs: 16
  mlp_ratio: 4
  mlp_time_embed: true
  name: uvit_greyscale_moe
  num_classes: -1
  num_heads: 12
  qkv_bias: false
  tokens: 128
  use_moe: true
optimizer:
  betas: !!python/tuple
  - 0.99
  - 0.99
  lr: 0.0002
  name: adamw
  weight_decay: 0.03
pred: noise_pred
private:
  accountant: prv
  dp_method: dpsgd
  max_grad_norm: 1.0
  noise_multiplier: 0.5
  secure_mode: false
  target_delta: 1.0e-05
  target_epsilon: 10
  use_dp: false
sample:
  algorithm: euler_maruyama_ode
  mini_batch_size: 500
  n_samples: 50000
  path: data/scratch/samples
  sample_steps: 100
  save_npz: ''
  save_start: 20000
sample_dir: output_shift_fa/acdc_wholeheart_uncond_fa_ec_4moe8_greyscale_uvit_mid_4by4_l8r9_low16_Y_bound/samples
seed: 1234
train:
  batch_size: 512
  eval_interval: 25000
  log_interval: 100
  mode: uncond
  n_steps: 500000
  save_interval: 25000
workdir: output_shift_fa/acdc_wholeheart_uncond_fa_ec_4moe8_greyscale_uvit_mid_4by4_l8r9_low16_Y_bound

2026-03-21 00:27:58,802 - train_greyscale_FA_MoE.py - dataset samples: 25022
2026-03-21 00:27:58,802 - train_greyscale_FA_MoE.py - Using Y_bound for positional token normalization
2026-03-21 00:28:08,412 - utils.py - nnet has 200958792 parameters
2026-03-21 00:28:09,239 - utils.py - resume from output_shift_fa/acdc_wholeheart_uncond_fa_ec_4moe8_greyscale_uvit_mid_4by4_l8r9_low16_Y_bound/ckpts/450000.ckpt
2026-03-21 00:28:09,239 - utils.py - load from output_shift_fa/acdc_wholeheart_uncond_fa_ec_4moe8_greyscale_uvit_mid_4by4_l8r9_low16_Y_bound/ckpts/450000.ckpt
2026-03-21 00:28:12,241 - train_greyscale_FA_MoE.py - using [5.883 3.501 3.575 2.418 2.75  2.341 1.479 2.017 2.044 1.453 1.316 1.586
 1.365 1.174 1.108 1.   ] for loss reweighting
2026-03-21 00:28:12,243 - train_greyscale_FA_MoE.py - Using temperature 0.0 for loss reweighting
2026-03-21 00:28:12,260 - train_greyscale_FA_MoE.py - Start fitting, step=450000, mixed_precision=no
2026-03-21 00:33:05,553 - train_greyscale_FA_MoE.py - {'step': '450100', 'lr': '0.0002', 'total_loss': '0.00741679', 'main_loss': '0.00741679', 'time_per_step': '2.64682'}
2026-03-21 00:37:36,842 - train_greyscale_FA_MoE.py - {'step': '450200', 'lr': '0.0002', 'total_loss': '0.00746471', 'main_loss': '0.00746471', 'time_per_step': '2.63404'}
2026-03-21 00:42:08,335 - train_greyscale_FA_MoE.py - {'step': '450300', 'lr': '0.0002', 'total_loss': '0.00591749', 'main_loss': '0.00591749', 'time_per_step': '2.62433'}
2026-03-21 00:46:38,660 - train_greyscale_FA_MoE.py - {'step': '450400', 'lr': '0.0002', 'total_loss': '0.00618668', 'main_loss': '0.00618668', 'time_per_step': '2.62498'}
2026-03-21 00:51:09,965 - train_greyscale_FA_MoE.py - {'step': '450500', 'lr': '0.0002', 'total_loss': '0.00929389', 'main_loss': '0.00929389', 'time_per_step': '2.62618'}
2026-03-21 00:55:40,950 - train_greyscale_FA_MoE.py - {'step': '450600', 'lr': '0.0002', 'total_loss': '0.00975239', 'main_loss': '0.00975239', 'time_per_step': '2.61815'}
2026-03-21 01:00:12,334 - train_greyscale_FA_MoE.py - {'step': '450700', 'lr': '0.0002', 'total_loss': '0.00963698', 'main_loss': '0.00963698', 'time_per_step': '2.64142'}
2026-03-21 01:04:43,363 - train_greyscale_FA_MoE.py - {'step': '450800', 'lr': '0.0002', 'total_loss': '0.00645925', 'main_loss': '0.00645925', 'time_per_step': '2.64311'}
2026-03-21 01:09:14,048 - train_greyscale_FA_MoE.py - {'step': '450900', 'lr': '0.0002', 'total_loss': '0.0101103', 'main_loss': '0.0101103', 'time_per_step': '2.6339'}
2026-03-21 01:13:45,105 - train_greyscale_FA_MoE.py - {'step': '451000', 'lr': '0.0002', 'total_loss': '0.00635872', 'main_loss': '0.00635872', 'time_per_step': '2.62626'}
2026-03-21 01:18:15,844 - train_greyscale_FA_MoE.py - {'step': '451100', 'lr': '0.0002', 'total_loss': '0.00956213', 'main_loss': '0.00956213', 'time_per_step': '2.5609'}
2026-03-21 01:22:46,210 - train_greyscale_FA_MoE.py - {'step': '451200', 'lr': '0.0002', 'total_loss': '0.00807256', 'main_loss': '0.00807256', 'time_per_step': '2.5351'}
2026-03-21 01:27:17,061 - train_greyscale_FA_MoE.py - {'step': '451300', 'lr': '0.0002', 'total_loss': '0.0083395', 'main_loss': '0.0083395', 'time_per_step': '2.61332'}
2026-03-21 01:31:48,184 - train_greyscale_FA_MoE.py - {'step': '451400', 'lr': '0.0002', 'total_loss': '0.00999632', 'main_loss': '0.00999632', 'time_per_step': '2.59034'}
2026-03-21 01:36:19,391 - train_greyscale_FA_MoE.py - {'step': '451500', 'lr': '0.0002', 'total_loss': '0.00469443', 'main_loss': '0.00469443', 'time_per_step': '2.69861'}
2026-03-21 01:40:50,704 - train_greyscale_FA_MoE.py - {'step': '451600', 'lr': '0.0002', 'total_loss': '0.00461119', 'main_loss': '0.00461119', 'time_per_step': '2.68935'}
2026-03-21 01:45:21,694 - train_greyscale_FA_MoE.py - {'step': '451700', 'lr': '0.0002', 'total_loss': '0.00732164', 'main_loss': '0.00732164', 'time_per_step': '2.61352'}
2026-03-21 01:49:52,112 - train_greyscale_FA_MoE.py - {'step': '451800', 'lr': '0.0002', 'total_loss': '0.00974835', 'main_loss': '0.00974835', 'time_per_step': '2.61958'}
2026-03-21 01:54:23,700 - train_greyscale_FA_MoE.py - {'step': '451900', 'lr': '0.0002', 'total_loss': '0.011315', 'main_loss': '0.011315', 'time_per_step': '2.62925'}
2026-03-21 01:58:55,274 - train_greyscale_FA_MoE.py - {'step': '452000', 'lr': '0.0002', 'total_loss': '0.0088667', 'main_loss': '0.0088667', 'time_per_step': '2.63123'}
2026-03-21 02:03:26,474 - train_greyscale_FA_MoE.py - {'step': '452100', 'lr': '0.0002', 'total_loss': '0.00845524', 'main_loss': '0.00845524', 'time_per_step': '2.61679'}
2026-03-21 02:07:56,718 - train_greyscale_FA_MoE.py - {'step': '452200', 'lr': '0.0002', 'total_loss': '0.00914831', 'main_loss': '0.00914831', 'time_per_step': '2.62437'}
2026-03-21 02:12:27,837 - train_greyscale_FA_MoE.py - {'step': '452300', 'lr': '0.0002', 'total_loss': '0.00644093', 'main_loss': '0.00644093', 'time_per_step': '2.55713'}
2026-03-21 02:16:58,481 - train_greyscale_FA_MoE.py - {'step': '452400', 'lr': '0.0002', 'total_loss': '0.00517441', 'main_loss': '0.00517441', 'time_per_step': '2.53876'}
2026-03-21 02:21:29,455 - train_greyscale_FA_MoE.py - {'step': '452500', 'lr': '0.0002', 'total_loss': '0.0100457', 'main_loss': '0.0100457', 'time_per_step': '2.61475'}
2026-03-21 02:26:00,625 - train_greyscale_FA_MoE.py - {'step': '452600', 'lr': '0.0002', 'total_loss': '0.00677773', 'main_loss': '0.00677773', 'time_per_step': '2.73097'}
2026-03-21 02:30:31,884 - train_greyscale_FA_MoE.py - {'step': '452700', 'lr': '0.0002', 'total_loss': '0.00902912', 'main_loss': '0.00902912', 'time_per_step': '2.62631'}
2026-03-21 02:35:02,984 - train_greyscale_FA_MoE.py - {'step': '452800', 'lr': '0.0002', 'total_loss': '0.00753938', 'main_loss': '0.00753938', 'time_per_step': '2.58961'}
2026-03-21 02:39:33,854 - train_greyscale_FA_MoE.py - {'step': '452900', 'lr': '0.0002', 'total_loss': '0.00636247', 'main_loss': '0.00636247', 'time_per_step': '2.63129'}
2026-03-21 02:44:05,334 - train_greyscale_FA_MoE.py - {'step': '453000', 'lr': '0.0002', 'total_loss': '0.0100769', 'main_loss': '0.0100769', 'time_per_step': '2.63677'}
2026-03-21 02:48:35,470 - train_greyscale_FA_MoE.py - {'step': '453100', 'lr': '0.0002', 'total_loss': '0.0114629', 'main_loss': '0.0114629', 'time_per_step': '2.63245'}
2026-03-21 02:53:06,102 - train_greyscale_FA_MoE.py - {'step': '453200', 'lr': '0.0002', 'total_loss': '0.00930021', 'main_loss': '0.00930021', 'time_per_step': '2.61547'}
2026-03-21 02:57:36,902 - train_greyscale_FA_MoE.py - {'step': '453300', 'lr': '0.0002', 'total_loss': '0.00780891', 'main_loss': '0.00780891', 'time_per_step': '2.63373'}
2026-03-21 03:02:07,753 - train_greyscale_FA_MoE.py - {'step': '453400', 'lr': '0.0002', 'total_loss': '0.00870703', 'main_loss': '0.00870703', 'time_per_step': '2.59976'}
2026-03-21 03:06:38,555 - train_greyscale_FA_MoE.py - {'step': '453500', 'lr': '0.0002', 'total_loss': '0.00756815', 'main_loss': '0.00756815', 'time_per_step': '2.56068'}
2026-03-21 03:11:09,711 - train_greyscale_FA_MoE.py - {'step': '453600', 'lr': '0.0002', 'total_loss': '0.00451879', 'main_loss': '0.00451879', 'time_per_step': '2.53674'}
2026-03-21 03:15:41,227 - train_greyscale_FA_MoE.py - {'step': '453700', 'lr': '0.0002', 'total_loss': '0.00516184', 'main_loss': '0.00516184', 'time_per_step': '2.59093'}
2026-03-21 03:20:11,949 - train_greyscale_FA_MoE.py - {'step': '453800', 'lr': '0.0002', 'total_loss': '0.00595669', 'main_loss': '0.00595669', 'time_per_step': '2.62422'}
2026-03-21 03:24:42,366 - train_greyscale_FA_MoE.py - {'step': '453900', 'lr': '0.0002', 'total_loss': '0.00913595', 'main_loss': '0.00913595', 'time_per_step': '2.63461'}
2026-03-21 03:29:12,599 - train_greyscale_FA_MoE.py - {'step': '454000', 'lr': '0.0002', 'total_loss': '0.00944191', 'main_loss': '0.00944191', 'time_per_step': '2.62921'}
2026-03-21 03:33:43,677 - train_greyscale_FA_MoE.py - {'step': '454100', 'lr': '0.0002', 'total_loss': '0.00766347', 'main_loss': '0.00766347', 'time_per_step': '2.63687'}
2026-03-21 03:38:14,550 - train_greyscale_FA_MoE.py - {'step': '454200', 'lr': '0.0002', 'total_loss': '0.00526084', 'main_loss': '0.00526084', 'time_per_step': '2.63194'}
2026-03-21 03:42:44,594 - train_greyscale_FA_MoE.py - {'step': '454300', 'lr': '0.0002', 'total_loss': '0.00844987', 'main_loss': '0.00844987', 'time_per_step': '2.62895'}
2026-03-21 03:47:14,712 - train_greyscale_FA_MoE.py - {'step': '454400', 'lr': '0.0002', 'total_loss': '0.00688437', 'main_loss': '0.00688437', 'time_per_step': '2.6543'}
2026-03-21 03:51:45,998 - train_greyscale_FA_MoE.py - {'step': '454500', 'lr': '0.0002', 'total_loss': '0.00482502', 'main_loss': '0.00482502', 'time_per_step': '2.62267'}
2026-03-21 03:56:17,018 - train_greyscale_FA_MoE.py - {'step': '454600', 'lr': '0.0002', 'total_loss': '0.00858024', 'main_loss': '0.00858024', 'time_per_step': '2.59792'}
2026-03-21 04:00:48,958 - train_greyscale_FA_MoE.py - {'step': '454700', 'lr': '0.0002', 'total_loss': '0.00748117', 'main_loss': '0.00748117', 'time_per_step': '2.62108'}
2026-03-21 04:05:19,444 - train_greyscale_FA_MoE.py - {'step': '454800', 'lr': '0.0002', 'total_loss': '0.00674091', 'main_loss': '0.00674091', 'time_per_step': '2.61282'}
2026-03-21 04:09:50,186 - train_greyscale_FA_MoE.py - {'step': '454900', 'lr': '0.0002', 'total_loss': '0.00616736', 'main_loss': '0.00616736', 'time_per_step': '2.70721'}
2026-03-21 04:14:20,362 - train_greyscale_FA_MoE.py - {'step': '455000', 'lr': '0.0002', 'total_loss': '0.00956264', 'main_loss': '0.00956264', 'time_per_step': '2.69752'}
2026-03-21 04:18:51,497 - train_greyscale_FA_MoE.py - {'step': '455100', 'lr': '0.0002', 'total_loss': '0.00695971', 'main_loss': '0.00695971', 'time_per_step': '2.627'}
2026-03-21 04:23:22,645 - train_greyscale_FA_MoE.py - {'step': '455200', 'lr': '0.0002', 'total_loss': '0.007421', 'main_loss': '0.007421', 'time_per_step': '2.60598'}
2026-03-21 04:27:53,746 - train_greyscale_FA_MoE.py - {'step': '455300', 'lr': '0.0002', 'total_loss': '0.00597986', 'main_loss': '0.00597986', 'time_per_step': '2.63525'}
2026-03-21 04:32:23,933 - train_greyscale_FA_MoE.py - {'step': '455400', 'lr': '0.0002', 'total_loss': '0.00515138', 'main_loss': '0.00515138', 'time_per_step': '2.62434'}
2026-03-21 04:36:54,919 - train_greyscale_FA_MoE.py - {'step': '455500', 'lr': '0.0002', 'total_loss': '0.00710369', 'main_loss': '0.00710369', 'time_per_step': '2.61812'}
2026-03-21 04:41:25,996 - train_greyscale_FA_MoE.py - {'step': '455600', 'lr': '0.0002', 'total_loss': '0.0106149', 'main_loss': '0.0106149', 'time_per_step': '2.61536'}
2026-03-21 04:45:56,800 - train_greyscale_FA_MoE.py - {'step': '455700', 'lr': '0.0002', 'total_loss': '0.0104894', 'main_loss': '0.0104894', 'time_per_step': '2.61319'}
2026-03-21 04:50:27,349 - train_greyscale_FA_MoE.py - {'step': '455800', 'lr': '0.0002', 'total_loss': '0.00535815', 'main_loss': '0.00535815', 'time_per_step': '2.6119'}
2026-03-21 04:54:57,448 - train_greyscale_FA_MoE.py - {'step': '455900', 'lr': '0.0002', 'total_loss': '0.00844568', 'main_loss': '0.00844568', 'time_per_step': '2.55732'}
2026-03-21 04:59:28,954 - train_greyscale_FA_MoE.py - {'step': '456000', 'lr': '0.0002', 'total_loss': '0.0100246', 'main_loss': '0.0100246', 'time_per_step': '2.53742'}
2026-03-21 05:04:00,901 - train_greyscale_FA_MoE.py - {'step': '456100', 'lr': '0.0002', 'total_loss': '0.00671818', 'main_loss': '0.00671818', 'time_per_step': '2.59341'}
2026-03-21 05:08:32,106 - train_greyscale_FA_MoE.py - {'step': '456200', 'lr': '0.0002', 'total_loss': '0.00993413', 'main_loss': '0.00993413', 'time_per_step': '2.62923'}
2026-03-21 05:13:03,093 - train_greyscale_FA_MoE.py - {'step': '456300', 'lr': '0.0002', 'total_loss': '0.00699642', 'main_loss': '0.00699642', 'time_per_step': '2.59131'}
2026-03-21 05:17:33,889 - train_greyscale_FA_MoE.py - {'step': '456400', 'lr': '0.0002', 'total_loss': '0.00715678', 'main_loss': '0.00715678', 'time_per_step': '2.61637'}
2026-03-21 05:22:04,545 - train_greyscale_FA_MoE.py - {'step': '456500', 'lr': '0.0002', 'total_loss': '0.00652333', 'main_loss': '0.00652333', 'time_per_step': '2.62688'}
2026-03-21 05:26:35,498 - train_greyscale_FA_MoE.py - {'step': '456600', 'lr': '0.0002', 'total_loss': '0.00711791', 'main_loss': '0.00711791', 'time_per_step': '2.61463'}
2026-03-21 05:31:06,171 - train_greyscale_FA_MoE.py - {'step': '456700', 'lr': '0.0002', 'total_loss': '0.00543339', 'main_loss': '0.00543339', 'time_per_step': '2.63605'}
2026-03-21 05:35:36,205 - train_greyscale_FA_MoE.py - {'step': '456800', 'lr': '0.0002', 'total_loss': '0.00890665', 'main_loss': '0.00890665', 'time_per_step': '2.62702'}
2026-03-21 05:40:06,517 - train_greyscale_FA_MoE.py - {'step': '456900', 'lr': '0.0002', 'total_loss': '0.00815273', 'main_loss': '0.00815273', 'time_per_step': '2.62953'}
2026-03-21 05:44:37,739 - train_greyscale_FA_MoE.py - {'step': '457000', 'lr': '0.0002', 'total_loss': '0.0062619', 'main_loss': '0.0062619', 'time_per_step': '2.61666'}
2026-03-21 05:49:08,618 - train_greyscale_FA_MoE.py - {'step': '457100', 'lr': '0.0002', 'total_loss': '0.00859918', 'main_loss': '0.00859918', 'time_per_step': '2.55437'}
2026-03-21 05:53:39,406 - train_greyscale_FA_MoE.py - {'step': '457200', 'lr': '0.0002', 'total_loss': '0.00958008', 'main_loss': '0.00958008', 'time_per_step': '2.5386'}
2026-03-21 05:58:11,019 - train_greyscale_FA_MoE.py - {'step': '457300', 'lr': '0.0002', 'total_loss': '0.00684927', 'main_loss': '0.00684927', 'time_per_step': '2.59672'}
2026-03-21 06:02:42,365 - train_greyscale_FA_MoE.py - {'step': '457400', 'lr': '0.0002', 'total_loss': '0.00643115', 'main_loss': '0.00643115', 'time_per_step': '2.61298'}
2026-03-21 06:07:13,165 - train_greyscale_FA_MoE.py - {'step': '457500', 'lr': '0.0002', 'total_loss': '0.00753466', 'main_loss': '0.00753466', 'time_per_step': '2.62944'}
2026-03-21 06:11:43,795 - train_greyscale_FA_MoE.py - {'step': '457600', 'lr': '0.0002', 'total_loss': '0.0089252', 'main_loss': '0.0089252', 'time_per_step': '2.6316'}
2026-03-21 06:16:13,921 - train_greyscale_FA_MoE.py - {'step': '457700', 'lr': '0.0002', 'total_loss': '0.00671666', 'main_loss': '0.00671666', 'time_per_step': '2.62431'}
2026-03-21 06:20:45,006 - train_greyscale_FA_MoE.py - {'step': '457800', 'lr': '0.0002', 'total_loss': '0.00545738', 'main_loss': '0.00545738', 'time_per_step': '2.61488'}
2026-03-21 06:25:15,448 - train_greyscale_FA_MoE.py - {'step': '457900', 'lr': '0.0002', 'total_loss': '0.00784848', 'main_loss': '0.00784848', 'time_per_step': '2.62174'}
2026-03-21 06:29:46,154 - train_greyscale_FA_MoE.py - {'step': '458000', 'lr': '0.0002', 'total_loss': '0.00696588', 'main_loss': '0.00696588', 'time_per_step': '2.60796'}
2026-03-21 06:34:17,185 - train_greyscale_FA_MoE.py - {'step': '458100', 'lr': '0.0002', 'total_loss': '0.0104996', 'main_loss': '0.0104996', 'time_per_step': '2.62512'}
2026-03-21 06:38:48,181 - train_greyscale_FA_MoE.py - {'step': '458200', 'lr': '0.0002', 'total_loss': '0.00713907', 'main_loss': '0.00713907', 'time_per_step': '2.63037'}
2026-03-21 06:43:18,715 - train_greyscale_FA_MoE.py - {'step': '458300', 'lr': '0.0002', 'total_loss': '0.00812923', 'main_loss': '0.00812923', 'time_per_step': '2.60873'}
2026-03-21 06:47:49,076 - train_greyscale_FA_MoE.py - {'step': '458400', 'lr': '0.0002', 'total_loss': '0.00872821', 'main_loss': '0.00872821', 'time_per_step': '2.59345'}
2026-03-21 06:52:20,483 - train_greyscale_FA_MoE.py - {'step': '458500', 'lr': '0.0002', 'total_loss': '0.00586072', 'main_loss': '0.00586072', 'time_per_step': '2.68833'}
2026-03-21 06:56:51,030 - train_greyscale_FA_MoE.py - {'step': '458600', 'lr': '0.0002', 'total_loss': '0.00655902', 'main_loss': '0.00655902', 'time_per_step': '2.59272'}
2026-03-21 07:01:21,809 - train_greyscale_FA_MoE.py - {'step': '458700', 'lr': '0.0002', 'total_loss': '0.00905363', 'main_loss': '0.00905363', 'time_per_step': '2.59761'}
2026-03-21 07:05:51,980 - train_greyscale_FA_MoE.py - {'step': '458800', 'lr': '0.0002', 'total_loss': '0.0111937', 'main_loss': '0.0111937', 'time_per_step': '2.61256'}
2026-03-21 07:10:23,163 - train_greyscale_FA_MoE.py - {'step': '458900', 'lr': '0.0002', 'total_loss': '0.00803515', 'main_loss': '0.00803515', 'time_per_step': '2.59627'}
2026-03-21 07:14:54,079 - train_greyscale_FA_MoE.py - {'step': '459000', 'lr': '0.0002', 'total_loss': '0.00970703', 'main_loss': '0.00970703', 'time_per_step': '2.61923'}
2026-03-21 07:19:24,827 - train_greyscale_FA_MoE.py - {'step': '459100', 'lr': '0.0002', 'total_loss': '0.00915817', 'main_loss': '0.00915817', 'time_per_step': '2.59791'}
2026-03-21 07:23:55,869 - train_greyscale_FA_MoE.py - {'step': '459200', 'lr': '0.0002', 'total_loss': '0.0100969', 'main_loss': '0.0100969', 'time_per_step': '2.63761'}
2026-03-21 07:28:27,041 - train_greyscale_FA_MoE.py - {'step': '459300', 'lr': '0.0002', 'total_loss': '0.0124113', 'main_loss': '0.0124113', 'time_per_step': '2.61321'}
2026-03-21 07:32:57,185 - train_greyscale_FA_MoE.py - {'step': '459400', 'lr': '0.0002', 'total_loss': '0.00632271', 'main_loss': '0.00632271', 'time_per_step': '2.61384'}
2026-03-21 07:37:27,141 - train_greyscale_FA_MoE.py - {'step': '459500', 'lr': '0.0002', 'total_loss': '0.00888878', 'main_loss': '0.00888878', 'time_per_step': '2.55476'}
2026-03-21 07:41:57,765 - train_greyscale_FA_MoE.py - {'step': '459600', 'lr': '0.0002', 'total_loss': '0.00922668', 'main_loss': '0.00922668', 'time_per_step': '2.54467'}
2026-03-21 07:46:29,262 - train_greyscale_FA_MoE.py - {'step': '459700', 'lr': '0.0002', 'total_loss': '0.0109236', 'main_loss': '0.0109236', 'time_per_step': '2.61053'}
2026-03-21 07:51:00,952 - train_greyscale_FA_MoE.py - {'step': '459800', 'lr': '0.0002', 'total_loss': '0.00814023', 'main_loss': '0.00814023', 'time_per_step': '2.59488'}
2026-03-21 07:55:39,795 - train_greyscale_FA_MoE.py - {'step': '459900', 'lr': '0.0002', 'total_loss': '0.00897248', 'main_loss': '0.00897248', 'time_per_step': '2.62314'}
2026-03-21 08:00:13,890 - train_greyscale_FA_MoE.py - {'step': '460000', 'lr': '0.0002', 'total_loss': '0.00670354', 'main_loss': '0.00670354', 'time_per_step': '2.65616'}
2026-03-21 08:04:46,882 - train_greyscale_FA_MoE.py - {'step': '460100', 'lr': '0.0002', 'total_loss': '0.00615099', 'main_loss': '0.00615099', 'time_per_step': '2.61837'}
2026-03-21 08:09:19,051 - train_greyscale_FA_MoE.py - {'step': '460200', 'lr': '0.0002', 'total_loss': '0.00506733', 'main_loss': '0.00506733', 'time_per_step': '2.6867'}
2026-03-21 08:13:49,751 - train_greyscale_FA_MoE.py - {'step': '460300', 'lr': '0.0002', 'total_loss': '0.00652773', 'main_loss': '0.00652773', 'time_per_step': '2.67608'}
2026-03-21 08:18:20,045 - train_greyscale_FA_MoE.py - {'step': '460400', 'lr': '0.0002', 'total_loss': '0.0059388', 'main_loss': '0.0059388', 'time_per_step': '2.67275'}
2026-03-21 08:22:50,368 - train_greyscale_FA_MoE.py - {'step': '460500', 'lr': '0.0002', 'total_loss': '0.00476597', 'main_loss': '0.00476597', 'time_per_step': '2.71967'}
2026-03-21 08:27:21,323 - train_greyscale_FA_MoE.py - {'step': '460600', 'lr': '0.0002', 'total_loss': '0.0056848', 'main_loss': '0.0056848', 'time_per_step': '2.60531'}
2026-03-21 08:31:52,314 - train_greyscale_FA_MoE.py - {'step': '460700', 'lr': '0.0002', 'total_loss': '0.0094524', 'main_loss': '0.0094524', 'time_per_step': '2.55573'}
2026-03-21 08:36:22,725 - train_greyscale_FA_MoE.py - {'step': '460800', 'lr': '0.0002', 'total_loss': '0.0101863', 'main_loss': '0.0101863', 'time_per_step': '2.53451'}
2026-03-21 08:40:54,475 - train_greyscale_FA_MoE.py - {'step': '460900', 'lr': '0.0002', 'total_loss': '0.00784574', 'main_loss': '0.00784574', 'time_per_step': '2.6193'}
2026-03-21 08:45:25,406 - train_greyscale_FA_MoE.py - {'step': '461000', 'lr': '0.0002', 'total_loss': '0.00559741', 'main_loss': '0.00559741', 'time_per_step': '2.6395'}
2026-03-21 08:49:56,152 - train_greyscale_FA_MoE.py - {'step': '461100', 'lr': '0.0002', 'total_loss': '0.00747575', 'main_loss': '0.00747575', 'time_per_step': '2.62803'}
2026-03-21 08:54:26,916 - train_greyscale_FA_MoE.py - {'step': '461200', 'lr': '0.0002', 'total_loss': '0.00767841', 'main_loss': '0.00767841', 'time_per_step': '2.60279'}
2026-03-21 08:58:58,146 - train_greyscale_FA_MoE.py - {'step': '461300', 'lr': '0.0002', 'total_loss': '0.00668957', 'main_loss': '0.00668957', 'time_per_step': '2.65129'}
2026-03-21 09:03:28,323 - train_greyscale_FA_MoE.py - {'step': '461400', 'lr': '0.0002', 'total_loss': '0.00800174', 'main_loss': '0.00800174', 'time_per_step': '2.62247'}
2026-03-21 09:07:59,271 - train_greyscale_FA_MoE.py - {'step': '461500', 'lr': '0.0002', 'total_loss': '0.00559703', 'main_loss': '0.00559703', 'time_per_step': '2.6372'}
2026-03-21 09:12:30,117 - train_greyscale_FA_MoE.py - {'step': '461600', 'lr': '0.0002', 'total_loss': '0.00778004', 'main_loss': '0.00778004', 'time_per_step': '2.6247'}
2026-03-21 09:17:00,866 - train_greyscale_FA_MoE.py - {'step': '461700', 'lr': '0.0002', 'total_loss': '0.00868511', 'main_loss': '0.00868511', 'time_per_step': '2.60487'}
2026-03-21 09:21:32,094 - train_greyscale_FA_MoE.py - {'step': '461800', 'lr': '0.0002', 'total_loss': '0.00867367', 'main_loss': '0.00867367', 'time_per_step': '2.64377'}
2026-03-21 09:26:02,303 - train_greyscale_FA_MoE.py - {'step': '461900', 'lr': '0.0002', 'total_loss': '0.00631626', 'main_loss': '0.00631626', 'time_per_step': '2.53158'}
2026-03-21 09:30:32,824 - train_greyscale_FA_MoE.py - {'step': '462000', 'lr': '0.0002', 'total_loss': '0.0103207', 'main_loss': '0.0103207', 'time_per_step': '2.52891'}
2026-03-21 09:35:03,590 - train_greyscale_FA_MoE.py - {'step': '462100', 'lr': '0.0002', 'total_loss': '0.00834295', 'main_loss': '0.00834295', 'time_per_step': '2.6069'}
2026-03-21 09:39:34,244 - train_greyscale_FA_MoE.py - {'step': '462200', 'lr': '0.0002', 'total_loss': '0.0071282', 'main_loss': '0.0071282', 'time_per_step': '2.63113'}
2026-03-21 09:44:04,439 - train_greyscale_FA_MoE.py - {'step': '462300', 'lr': '0.0002', 'total_loss': '0.00673852', 'main_loss': '0.00673852', 'time_per_step': '2.63496'}
2026-03-21 09:48:35,086 - train_greyscale_FA_MoE.py - {'step': '462400', 'lr': '0.0002', 'total_loss': '0.00794398', 'main_loss': '0.00794398', 'time_per_step': '2.6241'}
2026-03-21 09:53:05,623 - train_greyscale_FA_MoE.py - {'step': '462500', 'lr': '0.0002', 'total_loss': '0.00862114', 'main_loss': '0.00862114', 'time_per_step': '2.63877'}
2026-03-21 09:57:37,260 - train_greyscale_FA_MoE.py - {'step': '462600', 'lr': '0.0002', 'total_loss': '0.00683197', 'main_loss': '0.00683197', 'time_per_step': '2.62016'}
2026-03-21 10:02:07,897 - train_greyscale_FA_MoE.py - {'step': '462700', 'lr': '0.0002', 'total_loss': '0.00860713', 'main_loss': '0.00860713', 'time_per_step': '2.62139'}
2026-03-21 10:06:38,372 - train_greyscale_FA_MoE.py - {'step': '462800', 'lr': '0.0002', 'total_loss': '0.00851639', 'main_loss': '0.00851639', 'time_per_step': '2.63247'}
2026-03-21 10:11:09,020 - train_greyscale_FA_MoE.py - {'step': '462900', 'lr': '0.0002', 'total_loss': '0.00558265', 'main_loss': '0.00558265', 'time_per_step': '2.64225'}
2026-03-21 10:15:39,973 - train_greyscale_FA_MoE.py - {'step': '463000', 'lr': '0.0002', 'total_loss': '0.00877038', 'main_loss': '0.00877038', 'time_per_step': '2.62335'}
2026-03-21 10:20:11,856 - train_greyscale_FA_MoE.py - {'step': '463100', 'lr': '0.0002', 'total_loss': '0.00920714', 'main_loss': '0.00920714', 'time_per_step': '2.55436'}
2026-03-21 10:24:41,513 - train_greyscale_FA_MoE.py - {'step': '463200', 'lr': '0.0002', 'total_loss': '0.0101805', 'main_loss': '0.0101805', 'time_per_step': '2.53618'}
2026-03-21 10:29:13,203 - train_greyscale_FA_MoE.py - {'step': '463300', 'lr': '0.0002', 'total_loss': '0.0108859', 'main_loss': '0.0108859', 'time_per_step': '2.61986'}
2026-03-21 10:33:43,996 - train_greyscale_FA_MoE.py - {'step': '463400', 'lr': '0.0002', 'total_loss': '0.00957742', 'main_loss': '0.00957742', 'time_per_step': '2.62236'}
2026-03-21 10:38:15,540 - train_greyscale_FA_MoE.py - {'step': '463500', 'lr': '0.0002', 'total_loss': '0.00657219', 'main_loss': '0.00657219', 'time_per_step': '2.60654'}
2026-03-21 10:42:46,402 - train_greyscale_FA_MoE.py - {'step': '463600', 'lr': '0.0002', 'total_loss': '0.0126146', 'main_loss': '0.0126146', 'time_per_step': '2.62313'}
2026-03-21 10:47:17,202 - train_greyscale_FA_MoE.py - {'step': '463700', 'lr': '0.0002', 'total_loss': '0.00820988', 'main_loss': '0.00820988', 'time_per_step': '2.62202'}
2026-03-21 10:51:47,418 - train_greyscale_FA_MoE.py - {'step': '463800', 'lr': '0.0002', 'total_loss': '0.00745126', 'main_loss': '0.00745126', 'time_per_step': '2.62492'}
2026-03-21 10:56:18,408 - train_greyscale_FA_MoE.py - {'step': '463900', 'lr': '0.0002', 'total_loss': '0.00584866', 'main_loss': '0.00584866', 'time_per_step': '2.68468'}
2026-03-21 11:00:49,879 - train_greyscale_FA_MoE.py - {'step': '464000', 'lr': '0.0002', 'total_loss': '0.00941642', 'main_loss': '0.00941642', 'time_per_step': '2.72747'}
2026-03-21 11:05:19,647 - train_greyscale_FA_MoE.py - {'step': '464100', 'lr': '0.0002', 'total_loss': '0.0105543', 'main_loss': '0.0105543', 'time_per_step': '2.70613'}
2026-03-21 11:09:49,587 - train_greyscale_FA_MoE.py - {'step': '464200', 'lr': '0.0002', 'total_loss': '0.00763341', 'main_loss': '0.00763341', 'time_per_step': '2.71325'}
2026-03-21 11:14:20,642 - train_greyscale_FA_MoE.py - {'step': '464300', 'lr': '0.0002', 'total_loss': '0.00881705', 'main_loss': '0.00881705', 'time_per_step': '2.59562'}
2026-03-21 11:18:51,107 - train_greyscale_FA_MoE.py - {'step': '464400', 'lr': '0.0002', 'total_loss': '0.00515107', 'main_loss': '0.00515107', 'time_per_step': '2.53411'}
2026-03-21 11:23:22,123 - train_greyscale_FA_MoE.py - {'step': '464500', 'lr': '0.0002', 'total_loss': '0.0105827', 'main_loss': '0.0105827', 'time_per_step': '2.60203'}
2026-03-21 11:27:53,364 - train_greyscale_FA_MoE.py - {'step': '464600', 'lr': '0.0002', 'total_loss': '0.00683512', 'main_loss': '0.00683512', 'time_per_step': '2.60147'}
2026-03-21 11:32:24,567 - train_greyscale_FA_MoE.py - {'step': '464700', 'lr': '0.0002', 'total_loss': '0.00714435', 'main_loss': '0.00714435', 'time_per_step': '2.6151'}
2026-03-21 11:36:55,255 - train_greyscale_FA_MoE.py - {'step': '464800', 'lr': '0.0002', 'total_loss': '0.00592206', 'main_loss': '0.00592206', 'time_per_step': '2.63478'}
2026-03-21 11:41:25,417 - train_greyscale_FA_MoE.py - {'step': '464900', 'lr': '0.0002', 'total_loss': '0.00585257', 'main_loss': '0.00585257', 'time_per_step': '2.63667'}
2026-03-21 11:45:56,724 - train_greyscale_FA_MoE.py - {'step': '465000', 'lr': '0.0002', 'total_loss': '0.0098063', 'main_loss': '0.0098063', 'time_per_step': '3.76808'}
2026-03-21 11:50:26,872 - train_greyscale_FA_MoE.py - {'step': '465100', 'lr': '0.0002', 'total_loss': '0.00689775', 'main_loss': '0.00689775', 'time_per_step': '2.62003'}
2026-03-21 11:54:57,870 - train_greyscale_FA_MoE.py - {'step': '465200', 'lr': '0.0002', 'total_loss': '0.00447812', 'main_loss': '0.00447812', 'time_per_step': '2.63895'}
2026-03-21 11:59:29,965 - train_greyscale_FA_MoE.py - {'step': '465300', 'lr': '0.0002', 'total_loss': '0.00597293', 'main_loss': '0.00597293', 'time_per_step': '2.61442'}
2026-03-21 12:04:00,896 - train_greyscale_FA_MoE.py - {'step': '465400', 'lr': '0.0002', 'total_loss': '0.009625', 'main_loss': '0.009625', 'time_per_step': '2.59307'}
2026-03-21 12:08:31,701 - train_greyscale_FA_MoE.py - {'step': '465500', 'lr': '0.0002', 'total_loss': '0.00610289', 'main_loss': '0.00610289', 'time_per_step': '2.54415'}
2026-03-21 12:13:02,265 - train_greyscale_FA_MoE.py - {'step': '465600', 'lr': '0.0002', 'total_loss': '0.00476752', 'main_loss': '0.00476752', 'time_per_step': '2.53329'}
2026-03-21 12:17:33,515 - train_greyscale_FA_MoE.py - {'step': '465700', 'lr': '0.0002', 'total_loss': '0.00653727', 'main_loss': '0.00653727', 'time_per_step': '2.62257'}
2026-03-21 12:22:04,208 - train_greyscale_FA_MoE.py - {'step': '465800', 'lr': '0.0002', 'total_loss': '0.00682361', 'main_loss': '0.00682361', 'time_per_step': '2.62196'}
2026-03-21 12:26:34,472 - train_greyscale_FA_MoE.py - {'step': '465900', 'lr': '0.0002', 'total_loss': '0.00555767', 'main_loss': '0.00555767', 'time_per_step': '2.67089'}
2026-03-21 12:31:04,197 - train_greyscale_FA_MoE.py - {'step': '466000', 'lr': '0.0002', 'total_loss': '0.00691279', 'main_loss': '0.00691279', 'time_per_step': '2.62508'}
2026-03-21 12:35:35,000 - train_greyscale_FA_MoE.py - {'step': '466100', 'lr': '0.0002', 'total_loss': '0.0103088', 'main_loss': '0.0103088', 'time_per_step': '2.60929'}
2026-03-21 12:40:05,159 - train_greyscale_FA_MoE.py - {'step': '466200', 'lr': '0.0002', 'total_loss': '0.00648594', 'main_loss': '0.00648594', 'time_per_step': '2.6351'}
2026-03-21 12:44:36,135 - train_greyscale_FA_MoE.py - {'step': '466300', 'lr': '0.0002', 'total_loss': '0.00757869', 'main_loss': '0.00757869', 'time_per_step': '2.62506'}
2026-03-21 12:49:07,344 - train_greyscale_FA_MoE.py - {'step': '466400', 'lr': '0.0002', 'total_loss': '0.00589562', 'main_loss': '0.00589562', 'time_per_step': '2.61219'}
2026-03-21 12:53:37,418 - train_greyscale_FA_MoE.py - {'step': '466500', 'lr': '0.0002', 'total_loss': '0.012037', 'main_loss': '0.012037', 'time_per_step': '2.62202'}
2026-03-21 12:58:08,542 - train_greyscale_FA_MoE.py - {'step': '466600', 'lr': '0.0002', 'total_loss': '0.0138571', 'main_loss': '0.0138571', 'time_per_step': '2.60766'}
2026-03-21 13:02:39,646 - train_greyscale_FA_MoE.py - {'step': '466700', 'lr': '0.0002', 'total_loss': '0.00573705', 'main_loss': '0.00573705', 'time_per_step': '2.54255'}
2026-03-21 13:07:10,166 - train_greyscale_FA_MoE.py - {'step': '466800', 'lr': '0.0002', 'total_loss': '0.00586074', 'main_loss': '0.00586074', 'time_per_step': '2.53366'}
2026-03-21 13:11:40,827 - train_greyscale_FA_MoE.py - {'step': '466900', 'lr': '0.0002', 'total_loss': '0.0110991', 'main_loss': '0.0110991', 'time_per_step': '2.59221'}
2026-03-21 13:16:11,171 - train_greyscale_FA_MoE.py - {'step': '467000', 'lr': '0.0002', 'total_loss': '0.0125678', 'main_loss': '0.0125678', 'time_per_step': '2.63247'}
2026-03-21 13:20:41,827 - train_greyscale_FA_MoE.py - {'step': '467100', 'lr': '0.0002', 'total_loss': '0.0101427', 'main_loss': '0.0101427', 'time_per_step': '2.62599'}
2026-03-21 13:25:12,916 - train_greyscale_FA_MoE.py - {'step': '467200', 'lr': '0.0002', 'total_loss': '0.00705602', 'main_loss': '0.00705602', 'time_per_step': '2.62623'}
2026-03-21 13:29:43,595 - train_greyscale_FA_MoE.py - {'step': '467300', 'lr': '0.0002', 'total_loss': '0.00809385', 'main_loss': '0.00809385', 'time_per_step': '2.63763'}
2026-03-21 13:34:14,318 - train_greyscale_FA_MoE.py - {'step': '467400', 'lr': '0.0002', 'total_loss': '0.00892968', 'main_loss': '0.00892968', 'time_per_step': '2.6477'}
2026-03-21 13:38:44,520 - train_greyscale_FA_MoE.py - {'step': '467500', 'lr': '0.0002', 'total_loss': '0.0127728', 'main_loss': '0.0127728', 'time_per_step': '2.6432'}
2026-03-21 13:43:15,482 - train_greyscale_FA_MoE.py - {'step': '467600', 'lr': '0.0002', 'total_loss': '0.00596853', 'main_loss': '0.00596853', 'time_per_step': '2.61986'}
2026-03-21 13:47:46,744 - train_greyscale_FA_MoE.py - {'step': '467700', 'lr': '0.0002', 'total_loss': '0.00935463', 'main_loss': '0.00935463', 'time_per_step': '2.62188'}
2026-03-21 13:52:17,069 - train_greyscale_FA_MoE.py - {'step': '467800', 'lr': '0.0002', 'total_loss': '0.00805262', 'main_loss': '0.00805262', 'time_per_step': '2.63847'}
2026-03-21 13:56:48,428 - train_greyscale_FA_MoE.py - {'step': '467900', 'lr': '0.0002', 'total_loss': '0.00706589', 'main_loss': '0.00706589', 'time_per_step': '2.59499'}
2026-03-21 14:01:18,727 - train_greyscale_FA_MoE.py - {'step': '468000', 'lr': '0.0002', 'total_loss': '0.010123', 'main_loss': '0.010123', 'time_per_step': '2.59154'}
2026-03-21 14:05:50,303 - train_greyscale_FA_MoE.py - {'step': '468100', 'lr': '0.0002', 'total_loss': '0.00806103', 'main_loss': '0.00806103', 'time_per_step': '2.68771'}
2026-03-21 14:10:20,367 - train_greyscale_FA_MoE.py - {'step': '468200', 'lr': '0.0002', 'total_loss': '0.00700983', 'main_loss': '0.00700983', 'time_per_step': '2.69973'}
2026-03-21 14:14:51,194 - train_greyscale_FA_MoE.py - {'step': '468300', 'lr': '0.0002', 'total_loss': '0.00886295', 'main_loss': '0.00886295', 'time_per_step': '2.58244'}
2026-03-21 14:19:22,134 - train_greyscale_FA_MoE.py - {'step': '468400', 'lr': '0.0002', 'total_loss': '0.0080941', 'main_loss': '0.0080941', 'time_per_step': '2.62388'}
2026-03-21 14:23:52,930 - train_greyscale_FA_MoE.py - {'step': '468500', 'lr': '0.0002', 'total_loss': '0.0112185', 'main_loss': '0.0112185', 'time_per_step': '2.61068'}
2026-03-21 14:28:23,273 - train_greyscale_FA_MoE.py - {'step': '468600', 'lr': '0.0002', 'total_loss': '0.0130579', 'main_loss': '0.0130579', 'time_per_step': '2.60504'}
2026-03-21 14:32:53,140 - train_greyscale_FA_MoE.py - {'step': '468700', 'lr': '0.0002', 'total_loss': '0.00815559', 'main_loss': '0.00815559', 'time_per_step': '2.58494'}
2026-03-21 14:37:24,479 - train_greyscale_FA_MoE.py - {'step': '468800', 'lr': '0.0002', 'total_loss': '0.00578286', 'main_loss': '0.00578286', 'time_per_step': '2.6207'}
2026-03-21 14:41:55,264 - train_greyscale_FA_MoE.py - {'step': '468900', 'lr': '0.0002', 'total_loss': '0.0084324', 'main_loss': '0.0084324', 'time_per_step': '2.61639'}
2026-03-21 14:46:25,343 - train_greyscale_FA_MoE.py - {'step': '469000', 'lr': '0.0002', 'total_loss': '0.00595999', 'main_loss': '0.00595999', 'time_per_step': '2.61472'}
2026-03-21 14:50:56,372 - train_greyscale_FA_MoE.py - {'step': '469100', 'lr': '0.0002', 'total_loss': '0.00842502', 'main_loss': '0.00842502', 'time_per_step': '2.54296'}
2026-03-21 14:55:26,888 - train_greyscale_FA_MoE.py - {'step': '469200', 'lr': '0.0002', 'total_loss': '0.00862201', 'main_loss': '0.00862201', 'time_per_step': '2.53167'}
2026-03-21 14:59:58,555 - train_greyscale_FA_MoE.py - {'step': '469300', 'lr': '0.0002', 'total_loss': '0.00951344', 'main_loss': '0.00951344', 'time_per_step': '2.60379'}
2026-03-21 15:04:28,985 - train_greyscale_FA_MoE.py - {'step': '469400', 'lr': '0.0002', 'total_loss': '0.00833549', 'main_loss': '0.00833549', 'time_per_step': '2.59785'}
2026-03-21 15:09:00,211 - train_greyscale_FA_MoE.py - {'step': '469500', 'lr': '0.0002', 'total_loss': '0.00604373', 'main_loss': '0.00604373', 'time_per_step': '2.76756'}
2026-03-21 15:13:29,995 - train_greyscale_FA_MoE.py - {'step': '469600', 'lr': '0.0002', 'total_loss': '0.00581522', 'main_loss': '0.00581522', 'time_per_step': '2.61361'}
2026-03-21 15:18:00,915 - train_greyscale_FA_MoE.py - {'step': '469700', 'lr': '0.0002', 'total_loss': '0.00793413', 'main_loss': '0.00793413', 'time_per_step': '2.58557'}
2026-03-21 15:22:31,433 - train_greyscale_FA_MoE.py - {'step': '469800', 'lr': '0.0002', 'total_loss': '0.0046041', 'main_loss': '0.0046041', 'time_per_step': '2.61211'}
2026-03-21 15:27:02,716 - train_greyscale_FA_MoE.py - {'step': '469900', 'lr': '0.0002', 'total_loss': '0.00615967', 'main_loss': '0.00615967', 'time_per_step': '2.58435'}
2026-03-21 15:31:33,383 - train_greyscale_FA_MoE.py - {'step': '470000', 'lr': '0.0002', 'total_loss': '0.0100406', 'main_loss': '0.0100406', 'time_per_step': '2.61049'}
2026-03-21 15:36:04,375 - train_greyscale_FA_MoE.py - {'step': '470100', 'lr': '0.0002', 'total_loss': '0.0078238', 'main_loss': '0.0078238', 'time_per_step': '2.62012'}
2026-03-21 15:40:35,405 - train_greyscale_FA_MoE.py - {'step': '470200', 'lr': '0.0002', 'total_loss': '0.00693613', 'main_loss': '0.00693613', 'time_per_step': '2.6358'}
2026-03-21 15:45:06,218 - train_greyscale_FA_MoE.py - {'step': '470300', 'lr': '0.0002', 'total_loss': '0.00778755', 'main_loss': '0.00778755', 'time_per_step': '2.54494'}
2026-03-21 15:49:36,532 - train_greyscale_FA_MoE.py - {'step': '470400', 'lr': '0.0002', 'total_loss': '0.00795615', 'main_loss': '0.00795615', 'time_per_step': '2.53527'}
2026-03-21 15:54:06,781 - train_greyscale_FA_MoE.py - {'step': '470500', 'lr': '0.0002', 'total_loss': '0.00513544', 'main_loss': '0.00513544', 'time_per_step': '2.58724'}
2026-03-21 15:58:37,560 - train_greyscale_FA_MoE.py - {'step': '470600', 'lr': '0.0002', 'total_loss': '0.00715895', 'main_loss': '0.00715895', 'time_per_step': '2.61188'}
2026-03-21 16:03:08,582 - train_greyscale_FA_MoE.py - {'step': '470700', 'lr': '0.0002', 'total_loss': '0.00490222', 'main_loss': '0.00490222', 'time_per_step': '2.61765'}
2026-03-21 16:07:39,562 - train_greyscale_FA_MoE.py - {'step': '470800', 'lr': '0.0002', 'total_loss': '0.00753657', 'main_loss': '0.00753657', 'time_per_step': '2.62148'}
2026-03-21 16:12:10,673 - train_greyscale_FA_MoE.py - {'step': '470900', 'lr': '0.0002', 'total_loss': '0.00856871', 'main_loss': '0.00856871', 'time_per_step': '2.63146'}
2026-03-21 16:16:40,964 - train_greyscale_FA_MoE.py - {'step': '471000', 'lr': '0.0002', 'total_loss': '0.010217', 'main_loss': '0.010217', 'time_per_step': '2.60265'}
2026-03-21 16:21:11,823 - train_greyscale_FA_MoE.py - {'step': '471100', 'lr': '0.0002', 'total_loss': '0.00821815', 'main_loss': '0.00821815', 'time_per_step': '2.61817'}
2026-03-21 16:25:42,740 - train_greyscale_FA_MoE.py - {'step': '471200', 'lr': '0.0002', 'total_loss': '0.010838', 'main_loss': '0.010838', 'time_per_step': '2.6083'}
2026-03-21 16:30:13,644 - train_greyscale_FA_MoE.py - {'step': '471300', 'lr': '0.0002', 'total_loss': '0.00669071', 'main_loss': '0.00669071', 'time_per_step': '2.61507'}
2026-03-21 16:34:43,631 - train_greyscale_FA_MoE.py - {'step': '471400', 'lr': '0.0002', 'total_loss': '0.0083512', 'main_loss': '0.0083512', 'time_per_step': '2.63548'}
2026-03-21 16:39:14,592 - train_greyscale_FA_MoE.py - {'step': '471500', 'lr': '0.0002', 'total_loss': '0.00748786', 'main_loss': '0.00748786', 'time_per_step': '2.56695'}
2026-03-21 16:43:44,918 - train_greyscale_FA_MoE.py - {'step': '471600', 'lr': '0.0002', 'total_loss': '0.00910213', 'main_loss': '0.00910213', 'time_per_step': '2.53284'}
2026-03-21 16:48:15,588 - train_greyscale_FA_MoE.py - {'step': '471700', 'lr': '0.0002', 'total_loss': '0.00688804', 'main_loss': '0.00688804', 'time_per_step': '2.60075'}
2026-03-21 16:52:45,547 - train_greyscale_FA_MoE.py - {'step': '471800', 'lr': '0.0002', 'total_loss': '0.00832889', 'main_loss': '0.00832889', 'time_per_step': '2.61112'}
2026-03-21 16:57:16,633 - train_greyscale_FA_MoE.py - {'step': '471900', 'lr': '0.0002', 'total_loss': '0.00631315', 'main_loss': '0.00631315', 'time_per_step': '2.61821'}
2026-03-21 17:01:46,826 - train_greyscale_FA_MoE.py - {'step': '472000', 'lr': '0.0002', 'total_loss': '0.00784031', 'main_loss': '0.00784031', 'time_per_step': '2.61805'}
2026-03-21 17:06:17,704 - train_greyscale_FA_MoE.py - {'step': '472100', 'lr': '0.0002', 'total_loss': '0.00687398', 'main_loss': '0.00687398', 'time_per_step': '2.59763'}
2026-03-21 17:10:48,455 - train_greyscale_FA_MoE.py - {'step': '472200', 'lr': '0.0002', 'total_loss': '0.00885065', 'main_loss': '0.00885065', 'time_per_step': '2.71661'}
2026-03-21 17:15:18,079 - train_greyscale_FA_MoE.py - {'step': '472300', 'lr': '0.0002', 'total_loss': '0.00936471', 'main_loss': '0.00936471', 'time_per_step': '2.61584'}
2026-03-21 17:19:48,836 - train_greyscale_FA_MoE.py - {'step': '472400', 'lr': '0.0002', 'total_loss': '0.00722512', 'main_loss': '0.00722512', 'time_per_step': '2.67733'}
2026-03-21 17:24:19,786 - train_greyscale_FA_MoE.py - {'step': '472500', 'lr': '0.0002', 'total_loss': '0.00849867', 'main_loss': '0.00849867', 'time_per_step': '2.66734'}
2026-03-21 17:28:50,740 - train_greyscale_FA_MoE.py - {'step': '472600', 'lr': '0.0002', 'total_loss': '0.0106877', 'main_loss': '0.0106877', 'time_per_step': '2.67991'}
2026-03-21 17:33:20,914 - train_greyscale_FA_MoE.py - {'step': '472700', 'lr': '0.0002', 'total_loss': '0.00906846', 'main_loss': '0.00906846', 'time_per_step': '2.59855'}
2026-03-21 17:37:51,278 - train_greyscale_FA_MoE.py - {'step': '472800', 'lr': '0.0002', 'total_loss': '0.0124911', 'main_loss': '0.0124911', 'time_per_step': '2.53349'}
2026-03-21 17:42:22,346 - train_greyscale_FA_MoE.py - {'step': '472900', 'lr': '0.0002', 'total_loss': '0.00660576', 'main_loss': '0.00660576', 'time_per_step': '2.60645'}
2026-03-21 17:46:53,444 - train_greyscale_FA_MoE.py - {'step': '473000', 'lr': '0.0002', 'total_loss': '0.00753587', 'main_loss': '0.00753587', 'time_per_step': '2.60762'}
2026-03-21 17:51:24,339 - train_greyscale_FA_MoE.py - {'step': '473100', 'lr': '0.0002', 'total_loss': '0.00758957', 'main_loss': '0.00758957', 'time_per_step': '2.62364'}
2026-03-21 17:55:54,292 - train_greyscale_FA_MoE.py - {'step': '473200', 'lr': '0.0002', 'total_loss': '0.00415861', 'main_loss': '0.00415861', 'time_per_step': '2.62215'}
2026-03-21 18:00:26,399 - train_greyscale_FA_MoE.py - {'step': '473300', 'lr': '0.0002', 'total_loss': '0.00599835', 'main_loss': '0.00599835', 'time_per_step': '2.61013'}
2026-03-21 18:04:56,205 - train_greyscale_FA_MoE.py - {'step': '473400', 'lr': '0.0002', 'total_loss': '0.00755464', 'main_loss': '0.00755464', 'time_per_step': '2.62248'}
2026-03-21 18:09:27,201 - train_greyscale_FA_MoE.py - {'step': '473500', 'lr': '0.0002', 'total_loss': '0.00703996', 'main_loss': '0.00703996', 'time_per_step': '2.62753'}
2026-03-21 18:13:57,974 - train_greyscale_FA_MoE.py - {'step': '473600', 'lr': '0.0002', 'total_loss': '0.00887325', 'main_loss': '0.00887325', 'time_per_step': '2.61395'}
2026-03-21 18:18:28,285 - train_greyscale_FA_MoE.py - {'step': '473700', 'lr': '0.0002', 'total_loss': '0.00689884', 'main_loss': '0.00689884', 'time_per_step': '2.60921'}
2026-03-21 18:22:59,594 - train_greyscale_FA_MoE.py - {'step': '473800', 'lr': '0.0002', 'total_loss': '0.00899189', 'main_loss': '0.00899189', 'time_per_step': '2.74121'}
2026-03-21 18:27:29,774 - train_greyscale_FA_MoE.py - {'step': '473900', 'lr': '0.0002', 'total_loss': '0.00705306', 'main_loss': '0.00705306', 'time_per_step': '2.58164'}
2026-03-21 18:32:00,500 - train_greyscale_FA_MoE.py - {'step': '474000', 'lr': '0.0002', 'total_loss': '0.0090651', 'main_loss': '0.0090651', 'time_per_step': '2.62515'}
2026-03-21 18:36:32,433 - train_greyscale_FA_MoE.py - {'step': '474100', 'lr': '0.0002', 'total_loss': '0.00836041', 'main_loss': '0.00836041', 'time_per_step': '3.73704'}
2026-03-21 18:41:02,447 - train_greyscale_FA_MoE.py - {'step': '474200', 'lr': '0.0002', 'total_loss': '0.00508384', 'main_loss': '0.00508384', 'time_per_step': '2.61901'}
2026-03-21 18:45:33,321 - train_greyscale_FA_MoE.py - {'step': '474300', 'lr': '0.0002', 'total_loss': '0.00487085', 'main_loss': '0.00487085', 'time_per_step': '2.60736'}
2026-03-21 18:50:03,703 - train_greyscale_FA_MoE.py - {'step': '474400', 'lr': '0.0002', 'total_loss': '0.010298', 'main_loss': '0.010298', 'time_per_step': '2.62877'}
2026-03-21 18:54:34,678 - train_greyscale_FA_MoE.py - {'step': '474500', 'lr': '0.0002', 'total_loss': '0.00553684', 'main_loss': '0.00553684', 'time_per_step': '2.61764'}
2026-03-21 18:59:06,232 - train_greyscale_FA_MoE.py - {'step': '474600', 'lr': '0.0002', 'total_loss': '0.00721902', 'main_loss': '0.00721902', 'time_per_step': '2.60895'}
2026-03-21 19:03:37,064 - train_greyscale_FA_MoE.py - {'step': '474700', 'lr': '0.0002', 'total_loss': '0.00425929', 'main_loss': '0.00425929', 'time_per_step': '2.61816'}
2026-03-21 19:08:07,210 - train_greyscale_FA_MoE.py - {'step': '474800', 'lr': '0.0002', 'total_loss': '0.00579391', 'main_loss': '0.00579391', 'time_per_step': '2.61956'}
2026-03-21 19:12:38,225 - train_greyscale_FA_MoE.py - {'step': '474900', 'lr': '0.0002', 'total_loss': '0.00534485', 'main_loss': '0.00534485', 'time_per_step': '2.61791'}
2026-03-21 19:17:09,055 - train_greyscale_FA_MoE.py - {'step': '475000', 'lr': '0.0002', 'total_loss': '0.00776922', 'main_loss': '0.00776922', 'time_per_step': '2.63846'}
2026-03-21 19:17:09,079 - train_greyscale_FA_MoE.py - Saved expert distribution of layer in_block_0 to output_shift_fa/acdc_wholeheart_uncond_fa_ec_4moe8_greyscale_uvit_mid_4by4_l8r9_low16_Y_bound/samples/expert_distribution_in_block_0_step475000.npy
2026-03-21 19:17:11,600 - train_greyscale_FA_MoE.py - Saved expert distribution of layer out_block_7 to output_shift_fa/acdc_wholeheart_uncond_fa_ec_4moe8_greyscale_uvit_mid_4by4_l8r9_low16_Y_bound/samples/expert_distribution_out_block_7_step475000.npy
2026-03-21 19:17:13,705 - train_greyscale_FA_MoE.py - Save a grid of 16 samples into output_shift_fa/acdc_wholeheart_uncond_fa_ec_4moe8_greyscale_uvit_mid_4by4_l8r9_low16_Y_bound/samples/475000.png by DPM-Solver
2026-03-21 19:17:20,323 - train_greyscale_FA_MoE.py - Finished saving sample grid to output_shift_fa/acdc_wholeheart_uncond_fa_ec_4moe8_greyscale_uvit_mid_4by4_l8r9_low16_Y_bound/samples/475000.png by DPM-Solver.
2026-03-21 19:17:20,835 - train_greyscale_FA_MoE.py - Save and eval checkpoint 475000...
2026-03-21 19:17:23,559 - train_greyscale_FA_MoE.py - eval_step: n_samples=50000, sample_steps=50, algorithm=dpm_solver, mini_batch_size=500, samples save into output_shift_fa/acdc_wholeheart_uncond_fa_ec_4moe8_greyscale_uvit_mid_4by4_l8r9_low16_Y_bound/samples/acdc_wholeheart_uncond_uvit_FA_EC_4MoE8_greyscale_mid_4by4_low16_475000_dpm
2026-03-21 20:13:09,167 - train_greyscale_FA_MoE.py - step=475000 fid50000=11.100464276562604
2026-03-21 20:19:42,549 - is_lpips.py - LPIPS: 0.5139 ± 0.0499
2026-03-21 20:19:42,554 - train_greyscale_FA_MoE.py - step=475000 LPIPS50000=0.5139376155347384
2026-03-21 20:25:19,834 - train_greyscale_FA_MoE.py - {'step': '475100', 'lr': '0.0002', 'total_loss': '0.00757614', 'main_loss': '0.00757614', 'time_per_step': '2.64698'}
2026-03-21 20:29:50,759 - train_greyscale_FA_MoE.py - {'step': '475200', 'lr': '0.0002', 'total_loss': '0.0076083', 'main_loss': '0.0076083', 'time_per_step': '2.56958'}
2026-03-21 20:34:22,579 - train_greyscale_FA_MoE.py - {'step': '475300', 'lr': '0.0002', 'total_loss': '0.00832675', 'main_loss': '0.00832675', 'time_per_step': '2.58915'}
2026-03-21 20:38:52,628 - train_greyscale_FA_MoE.py - {'step': '475400', 'lr': '0.0002', 'total_loss': '0.00752988', 'main_loss': '0.00752988', 'time_per_step': '2.58598'}
2026-03-21 20:43:23,553 - train_greyscale_FA_MoE.py - {'step': '475500', 'lr': '0.0002', 'total_loss': '0.00570907', 'main_loss': '0.00570907', 'time_per_step': '2.62122'}
2026-03-21 20:47:53,903 - train_greyscale_FA_MoE.py - {'step': '475600', 'lr': '0.0002', 'total_loss': '0.00804158', 'main_loss': '0.00804158', 'time_per_step': '2.62845'}
2026-03-21 20:52:24,908 - train_greyscale_FA_MoE.py - {'step': '475700', 'lr': '0.0002', 'total_loss': '0.00660365', 'main_loss': '0.00660365', 'time_per_step': '2.62399'}
2026-03-21 20:56:56,174 - train_greyscale_FA_MoE.py - {'step': '475800', 'lr': '0.0002', 'total_loss': '0.0077104', 'main_loss': '0.0077104', 'time_per_step': '2.63142'}
2026-03-21 21:01:26,930 - train_greyscale_FA_MoE.py - {'step': '475900', 'lr': '0.0002', 'total_loss': '0.00943145', 'main_loss': '0.00943145', 'time_per_step': '2.64351'}
2026-03-21 21:05:57,734 - train_greyscale_FA_MoE.py - {'step': '476000', 'lr': '0.0002', 'total_loss': '0.00707193', 'main_loss': '0.00707193', 'time_per_step': '2.62972'}
2026-03-21 21:10:28,465 - train_greyscale_FA_MoE.py - {'step': '476100', 'lr': '0.0002', 'total_loss': '0.00805277', 'main_loss': '0.00805277', 'time_per_step': '2.64004'}
2026-03-21 21:14:59,101 - train_greyscale_FA_MoE.py - {'step': '476200', 'lr': '0.0002', 'total_loss': '0.00467405', 'main_loss': '0.00467405', 'time_per_step': '2.63334'}
2026-03-21 21:19:30,130 - train_greyscale_FA_MoE.py - {'step': '476300', 'lr': '0.0002', 'total_loss': '0.00832432', 'main_loss': '0.00832432', 'time_per_step': '2.57397'}
2026-03-21 21:24:00,941 - train_greyscale_FA_MoE.py - {'step': '476400', 'lr': '0.0002', 'total_loss': '0.00889926', 'main_loss': '0.00889926', 'time_per_step': '2.53676'}
2026-03-21 21:28:31,562 - train_greyscale_FA_MoE.py - {'step': '476500', 'lr': '0.0002', 'total_loss': '0.00689057', 'main_loss': '0.00689057', 'time_per_step': '2.66364'}
2026-03-21 21:33:02,524 - train_greyscale_FA_MoE.py - {'step': '476600', 'lr': '0.0002', 'total_loss': '0.00948805', 'main_loss': '0.00948805', 'time_per_step': '2.58889'}
2026-03-21 21:37:32,652 - train_greyscale_FA_MoE.py - {'step': '476700', 'lr': '0.0002', 'total_loss': '0.00648825', 'main_loss': '0.00648825', 'time_per_step': '2.6212'}
2026-03-21 21:42:03,705 - train_greyscale_FA_MoE.py - {'step': '476800', 'lr': '0.0002', 'total_loss': '0.00677761', 'main_loss': '0.00677761', 'time_per_step': '2.62267'}
2026-03-21 21:46:34,697 - train_greyscale_FA_MoE.py - {'step': '476900', 'lr': '0.0002', 'total_loss': '0.00918171', 'main_loss': '0.00918171', 'time_per_step': '2.60721'}
2026-03-21 21:51:05,009 - train_greyscale_FA_MoE.py - {'step': '477000', 'lr': '0.0002', 'total_loss': '0.0094293', 'main_loss': '0.0094293', 'time_per_step': '2.64163'}
2026-03-21 21:55:35,894 - train_greyscale_FA_MoE.py - {'step': '477100', 'lr': '0.0002', 'total_loss': '0.00583957', 'main_loss': '0.00583957', 'time_per_step': '2.63221'}
2026-03-21 22:00:07,217 - train_greyscale_FA_MoE.py - {'step': '477200', 'lr': '0.0002', 'total_loss': '0.00957298', 'main_loss': '0.00957298', 'time_per_step': '2.63202'}
2026-03-21 22:04:38,285 - train_greyscale_FA_MoE.py - {'step': '477300', 'lr': '0.0002', 'total_loss': '0.00693999', 'main_loss': '0.00693999', 'time_per_step': '2.62621'}
2026-03-21 22:09:08,201 - train_greyscale_FA_MoE.py - {'step': '477400', 'lr': '0.0002', 'total_loss': '0.00575245', 'main_loss': '0.00575245', 'time_per_step': '2.61401'}
2026-03-21 22:13:38,589 - train_greyscale_FA_MoE.py - {'step': '477500', 'lr': '0.0002', 'total_loss': '0.00562782', 'main_loss': '0.00562782', 'time_per_step': '2.55032'}
2026-03-21 22:18:09,443 - train_greyscale_FA_MoE.py - {'step': '477600', 'lr': '0.0002', 'total_loss': '0.00451312', 'main_loss': '0.00451312', 'time_per_step': '2.53494'}
2026-03-21 22:22:40,831 - train_greyscale_FA_MoE.py - {'step': '477700', 'lr': '0.0002', 'total_loss': '0.00797105', 'main_loss': '0.00797105', 'time_per_step': '2.59551'}
2026-03-21 22:27:10,902 - train_greyscale_FA_MoE.py - {'step': '477800', 'lr': '0.0002', 'total_loss': '0.0113814', 'main_loss': '0.0113814', 'time_per_step': '2.60146'}
2026-03-21 22:31:41,548 - train_greyscale_FA_MoE.py - {'step': '477900', 'lr': '0.0002', 'total_loss': '0.00630011', 'main_loss': '0.00630011', 'time_per_step': '2.62124'}
2026-03-21 22:36:11,703 - train_greyscale_FA_MoE.py - {'step': '478000', 'lr': '0.0002', 'total_loss': '0.00664713', 'main_loss': '0.00664713', 'time_per_step': '2.62259'}
2026-03-21 22:40:42,720 - train_greyscale_FA_MoE.py - {'step': '478100', 'lr': '0.0002', 'total_loss': '0.00823915', 'main_loss': '0.00823915', 'time_per_step': '2.62782'}
2026-03-21 22:45:13,850 - train_greyscale_FA_MoE.py - {'step': '478200', 'lr': '0.0002', 'total_loss': '0.00903144', 'main_loss': '0.00903144', 'time_per_step': '2.62542'}
2026-03-21 22:49:43,808 - train_greyscale_FA_MoE.py - {'step': '478300', 'lr': '0.0002', 'total_loss': '0.00776201', 'main_loss': '0.00776201', 'time_per_step': '2.62289'}
2026-03-21 22:54:14,421 - train_greyscale_FA_MoE.py - {'step': '478400', 'lr': '0.0002', 'total_loss': '0.00912124', 'main_loss': '0.00912124', 'time_per_step': '2.63272'}
2026-03-21 22:58:45,463 - train_greyscale_FA_MoE.py - {'step': '478500', 'lr': '0.0002', 'total_loss': '0.00559009', 'main_loss': '0.00559009', 'time_per_step': '2.61589'}
2026-03-21 23:03:16,191 - train_greyscale_FA_MoE.py - {'step': '478600', 'lr': '0.0002', 'total_loss': '0.00667311', 'main_loss': '0.00667311', 'time_per_step': '2.60888'}
2026-03-21 23:07:46,722 - train_greyscale_FA_MoE.py - {'step': '478700', 'lr': '0.0002', 'total_loss': '0.0107756', 'main_loss': '0.0107756', 'time_per_step': '2.55121'}
2026-03-21 23:12:19,363 - train_greyscale_FA_MoE.py - {'step': '478800', 'lr': '0.0002', 'total_loss': '0.00725225', 'main_loss': '0.00725225', 'time_per_step': '2.60965'}
2026-03-21 23:16:52,325 - train_greyscale_FA_MoE.py - {'step': '478900', 'lr': '0.0002', 'total_loss': '0.0079998', 'main_loss': '0.0079998', 'time_per_step': '2.63863'}
2026-03-21 23:21:23,058 - train_greyscale_FA_MoE.py - {'step': '479000', 'lr': '0.0002', 'total_loss': '0.00461299', 'main_loss': '0.00461299', 'time_per_step': '2.58944'}
2026-03-21 23:25:53,478 - train_greyscale_FA_MoE.py - {'step': '479100', 'lr': '0.0002', 'total_loss': '0.00610239', 'main_loss': '0.00610239', 'time_per_step': '2.58212'}
2026-03-21 23:30:23,329 - train_greyscale_FA_MoE.py - {'step': '479200', 'lr': '0.0002', 'total_loss': '0.00620804', 'main_loss': '0.00620804', 'time_per_step': '2.59925'}
2026-03-21 23:34:54,252 - train_greyscale_FA_MoE.py - {'step': '479300', 'lr': '0.0002', 'total_loss': '0.00701384', 'main_loss': '0.00701384', 'time_per_step': '2.63562'}
2026-03-21 23:39:25,812 - train_greyscale_FA_MoE.py - {'step': '479400', 'lr': '0.0002', 'total_loss': '0.00858688', 'main_loss': '0.00858688', 'time_per_step': '2.62343'}
2026-03-21 23:43:56,794 - train_greyscale_FA_MoE.py - {'step': '479500', 'lr': '0.0002', 'total_loss': '0.00614801', 'main_loss': '0.00614801', 'time_per_step': '2.6207'}
2026-03-21 23:48:27,889 - train_greyscale_FA_MoE.py - {'step': '479600', 'lr': '0.0002', 'total_loss': '0.00536263', 'main_loss': '0.00536263', 'time_per_step': '2.61073'}
2026-03-21 23:52:58,032 - train_greyscale_FA_MoE.py - {'step': '479700', 'lr': '0.0002', 'total_loss': '0.00744841', 'main_loss': '0.00744841', 'time_per_step': '2.63045'}
2026-03-21 23:57:29,504 - train_greyscale_FA_MoE.py - {'step': '479800', 'lr': '0.0002', 'total_loss': '0.00989835', 'main_loss': '0.00989835', 'time_per_step': '2.6154'}
2026-03-22 00:02:00,663 - train_greyscale_FA_MoE.py - {'step': '479900', 'lr': '0.0002', 'total_loss': '0.00647343', 'main_loss': '0.00647343', 'time_per_step': '2.54935'}
2026-03-22 00:06:30,992 - train_greyscale_FA_MoE.py - {'step': '480000', 'lr': '0.0002', 'total_loss': '0.00821748', 'main_loss': '0.00821748', 'time_per_step': '2.53688'}
2026-03-22 00:11:02,468 - train_greyscale_FA_MoE.py - {'step': '480100', 'lr': '0.0002', 'total_loss': '0.0063366', 'main_loss': '0.0063366', 'time_per_step': '2.59197'}
2026-03-22 00:15:32,337 - train_greyscale_FA_MoE.py - {'step': '480200', 'lr': '0.0002', 'total_loss': '0.0070578', 'main_loss': '0.0070578', 'time_per_step': '2.6525'}
2026-03-22 00:20:03,205 - train_greyscale_FA_MoE.py - {'step': '480300', 'lr': '0.0002', 'total_loss': '0.00611321', 'main_loss': '0.00611321', 'time_per_step': '2.59275'}
2026-03-22 00:24:33,410 - train_greyscale_FA_MoE.py - {'step': '480400', 'lr': '0.0002', 'total_loss': '0.00683962', 'main_loss': '0.00683962', 'time_per_step': '2.62665'}
2026-03-22 00:29:04,357 - train_greyscale_FA_MoE.py - {'step': '480500', 'lr': '0.0002', 'total_loss': '0.00750062', 'main_loss': '0.00750062', 'time_per_step': '2.62726'}
2026-03-22 00:33:34,786 - train_greyscale_FA_MoE.py - {'step': '480600', 'lr': '0.0002', 'total_loss': '0.00913168', 'main_loss': '0.00913168', 'time_per_step': '2.61257'}
2026-03-22 00:38:04,753 - train_greyscale_FA_MoE.py - {'step': '480700', 'lr': '0.0002', 'total_loss': '0.00908983', 'main_loss': '0.00908983', 'time_per_step': '2.62269'}
2026-03-22 00:42:35,938 - train_greyscale_FA_MoE.py - {'step': '480800', 'lr': '0.0002', 'total_loss': '0.0075922', 'main_loss': '0.0075922', 'time_per_step': '2.64556'}
2026-03-22 00:47:06,299 - train_greyscale_FA_MoE.py - {'step': '480900', 'lr': '0.0002', 'total_loss': '0.00839765', 'main_loss': '0.00839765', 'time_per_step': '2.61328'}
2026-03-22 00:51:37,440 - train_greyscale_FA_MoE.py - {'step': '481000', 'lr': '0.0002', 'total_loss': '0.00807489', 'main_loss': '0.00807489', 'time_per_step': '2.5864'}
2026-03-22 00:56:07,261 - train_greyscale_FA_MoE.py - {'step': '481100', 'lr': '0.0002', 'total_loss': '0.00882782', 'main_loss': '0.00882782', 'time_per_step': '2.55143'}
2026-03-22 01:00:38,151 - train_greyscale_FA_MoE.py - {'step': '481200', 'lr': '0.0002', 'total_loss': '0.00583883', 'main_loss': '0.00583883', 'time_per_step': '2.53524'}
2026-03-22 01:05:09,743 - train_greyscale_FA_MoE.py - {'step': '481300', 'lr': '0.0002', 'total_loss': '0.00778054', 'main_loss': '0.00778054', 'time_per_step': '2.62632'}
2026-03-22 01:09:40,201 - train_greyscale_FA_MoE.py - {'step': '481400', 'lr': '0.0002', 'total_loss': '0.00827799', 'main_loss': '0.00827799', 'time_per_step': '2.61886'}
2026-03-22 01:14:11,087 - train_greyscale_FA_MoE.py - {'step': '481500', 'lr': '0.0002', 'total_loss': '0.00635923', 'main_loss': '0.00635923', 'time_per_step': '2.61967'}
2026-03-22 01:18:41,607 - train_greyscale_FA_MoE.py - {'step': '481600', 'lr': '0.0002', 'total_loss': '0.00602882', 'main_loss': '0.00602882', 'time_per_step': '2.61281'}
2026-03-22 01:23:11,989 - train_greyscale_FA_MoE.py - {'step': '481700', 'lr': '0.0002', 'total_loss': '0.00866878', 'main_loss': '0.00866878', 'time_per_step': '2.62505'}
2026-03-22 01:27:43,084 - train_greyscale_FA_MoE.py - {'step': '481800', 'lr': '0.0002', 'total_loss': '0.00616334', 'main_loss': '0.00616334', 'time_per_step': '2.63556'}
2026-03-22 01:32:13,871 - train_greyscale_FA_MoE.py - {'step': '481900', 'lr': '0.0002', 'total_loss': '0.0128739', 'main_loss': '0.0128739', 'time_per_step': '2.63531'}
2026-03-22 01:36:43,710 - train_greyscale_FA_MoE.py - {'step': '482000', 'lr': '0.0002', 'total_loss': '0.00631784', 'main_loss': '0.00631784', 'time_per_step': '2.62041'}
2026-03-22 01:41:13,863 - train_greyscale_FA_MoE.py - {'step': '482100', 'lr': '0.0002', 'total_loss': '0.00888776', 'main_loss': '0.00888776', 'time_per_step': '2.60646'}
2026-03-22 01:45:44,878 - train_greyscale_FA_MoE.py - {'step': '482200', 'lr': '0.0002', 'total_loss': '0.0076509', 'main_loss': '0.0076509', 'time_per_step': '2.61198'}
2026-03-22 01:50:15,760 - train_greyscale_FA_MoE.py - {'step': '482300', 'lr': '0.0002', 'total_loss': '0.00930955', 'main_loss': '0.00930955', 'time_per_step': '2.55078'}
2026-03-22 01:54:45,557 - train_greyscale_FA_MoE.py - {'step': '482400', 'lr': '0.0002', 'total_loss': '0.00485467', 'main_loss': '0.00485467', 'time_per_step': '2.53146'}
2026-03-22 01:59:17,933 - train_greyscale_FA_MoE.py - {'step': '482500', 'lr': '0.0002', 'total_loss': '0.0091408', 'main_loss': '0.0091408', 'time_per_step': '2.60176'}
2026-03-22 02:03:48,795 - train_greyscale_FA_MoE.py - {'step': '482600', 'lr': '0.0002', 'total_loss': '0.0115048', 'main_loss': '0.0115048', 'time_per_step': '2.67322'}
2026-03-22 02:08:19,424 - train_greyscale_FA_MoE.py - {'step': '482700', 'lr': '0.0002', 'total_loss': '0.00809468', 'main_loss': '0.00809468', 'time_per_step': '2.70554'}
2026-03-22 02:12:49,319 - train_greyscale_FA_MoE.py - {'step': '482800', 'lr': '0.0002', 'total_loss': '0.00543383', 'main_loss': '0.00543383', 'time_per_step': '2.66765'}
2026-03-22 02:17:19,323 - train_greyscale_FA_MoE.py - {'step': '482900', 'lr': '0.0002', 'total_loss': '0.0107848', 'main_loss': '0.0107848', 'time_per_step': '2.68727'}
2026-03-22 02:21:49,462 - train_greyscale_FA_MoE.py - {'step': '483000', 'lr': '0.0002', 'total_loss': '0.00662778', 'main_loss': '0.00662778', 'time_per_step': '2.70145'}
2026-03-22 02:26:20,541 - train_greyscale_FA_MoE.py - {'step': '483100', 'lr': '0.0002', 'total_loss': '0.00609928', 'main_loss': '0.00609928', 'time_per_step': '2.72377'}
2026-03-22 02:30:50,900 - train_greyscale_FA_MoE.py - {'step': '483200', 'lr': '0.0002', 'total_loss': '0.00809624', 'main_loss': '0.00809624', 'time_per_step': '2.6816'}
2026-03-22 02:35:21,780 - train_greyscale_FA_MoE.py - {'step': '483300', 'lr': '0.0002', 'total_loss': '0.0069235', 'main_loss': '0.0069235', 'time_per_step': '2.62191'}
2026-03-22 02:39:52,272 - train_greyscale_FA_MoE.py - {'step': '483400', 'lr': '0.0002', 'total_loss': '0.00603923', 'main_loss': '0.00603923', 'time_per_step': '2.60261'}
2026-03-22 02:44:23,062 - train_greyscale_FA_MoE.py - {'step': '483500', 'lr': '0.0002', 'total_loss': '0.00779286', 'main_loss': '0.00779286', 'time_per_step': '2.51947'}
2026-03-22 02:48:54,052 - train_greyscale_FA_MoE.py - {'step': '483600', 'lr': '0.0002', 'total_loss': '0.0103077', 'main_loss': '0.0103077', 'time_per_step': '2.53671'}
2026-03-22 02:53:24,876 - train_greyscale_FA_MoE.py - {'step': '483700', 'lr': '0.0002', 'total_loss': '0.010271', 'main_loss': '0.010271', 'time_per_step': '2.61987'}
2026-03-22 02:57:55,459 - train_greyscale_FA_MoE.py - {'step': '483800', 'lr': '0.0002', 'total_loss': '0.0058122', 'main_loss': '0.0058122', 'time_per_step': '2.62619'}
2026-03-22 03:02:25,837 - train_greyscale_FA_MoE.py - {'step': '483900', 'lr': '0.0002', 'total_loss': '0.00929768', 'main_loss': '0.00929768', 'time_per_step': '2.62393'}
2026-03-22 03:06:56,893 - train_greyscale_FA_MoE.py - {'step': '484000', 'lr': '0.0002', 'total_loss': '0.00886414', 'main_loss': '0.00886414', 'time_per_step': '2.61136'}
2026-03-22 03:11:27,492 - train_greyscale_FA_MoE.py - {'step': '484100', 'lr': '0.0002', 'total_loss': '0.00741091', 'main_loss': '0.00741091', 'time_per_step': '2.61'}
2026-03-22 03:15:57,634 - train_greyscale_FA_MoE.py - {'step': '484200', 'lr': '0.0002', 'total_loss': '0.00770954', 'main_loss': '0.00770954', 'time_per_step': '2.59786'}
2026-03-22 03:20:28,414 - train_greyscale_FA_MoE.py - {'step': '484300', 'lr': '0.0002', 'total_loss': '0.0082587', 'main_loss': '0.0082587', 'time_per_step': '2.62308'}
2026-03-22 03:24:58,263 - train_greyscale_FA_MoE.py - {'step': '484400', 'lr': '0.0002', 'total_loss': '0.0114198', 'main_loss': '0.0114198', 'time_per_step': '2.60896'}
2026-03-22 03:29:29,674 - train_greyscale_FA_MoE.py - {'step': '484500', 'lr': '0.0002', 'total_loss': '0.00501436', 'main_loss': '0.00501436', 'time_per_step': '2.6331'}
2026-03-22 03:34:00,441 - train_greyscale_FA_MoE.py - {'step': '484600', 'lr': '0.0002', 'total_loss': '0.00825956', 'main_loss': '0.00825956', 'time_per_step': '2.74028'}
2026-03-22 03:38:30,137 - train_greyscale_FA_MoE.py - {'step': '484700', 'lr': '0.0002', 'total_loss': '0.00640705', 'main_loss': '0.00640705', 'time_per_step': '2.53663'}
2026-03-22 03:43:00,072 - train_greyscale_FA_MoE.py - {'step': '484800', 'lr': '0.0002', 'total_loss': '0.00838916', 'main_loss': '0.00838916', 'time_per_step': '2.79385'}
2026-03-22 03:47:31,544 - train_greyscale_FA_MoE.py - {'step': '484900', 'lr': '0.0002', 'total_loss': '0.00859823', 'main_loss': '0.00859823', 'time_per_step': '2.59574'}
2026-03-22 03:52:02,362 - train_greyscale_FA_MoE.py - {'step': '485000', 'lr': '0.0002', 'total_loss': '0.00925431', 'main_loss': '0.00925431', 'time_per_step': '2.59811'}
2026-03-22 03:56:32,440 - train_greyscale_FA_MoE.py - {'step': '485100', 'lr': '0.0002', 'total_loss': '0.00712866', 'main_loss': '0.00712866', 'time_per_step': '2.62386'}
2026-03-22 04:01:03,608 - train_greyscale_FA_MoE.py - {'step': '485200', 'lr': '0.0002', 'total_loss': '0.0115107', 'main_loss': '0.0115107', 'time_per_step': '2.62342'}
2026-03-22 04:05:34,470 - train_greyscale_FA_MoE.py - {'step': '485300', 'lr': '0.0002', 'total_loss': '0.00679102', 'main_loss': '0.00679102', 'time_per_step': '2.62631'}
2026-03-22 04:10:04,740 - train_greyscale_FA_MoE.py - {'step': '485400', 'lr': '0.0002', 'total_loss': '0.00988221', 'main_loss': '0.00988221', 'time_per_step': '2.62757'}
2026-03-22 04:14:36,000 - train_greyscale_FA_MoE.py - {'step': '485500', 'lr': '0.0002', 'total_loss': '0.00932858', 'main_loss': '0.00932858', 'time_per_step': '2.59305'}
2026-03-22 04:19:05,946 - train_greyscale_FA_MoE.py - {'step': '485600', 'lr': '0.0002', 'total_loss': '0.00825504', 'main_loss': '0.00825504', 'time_per_step': '2.62959'}
2026-03-22 04:23:37,304 - train_greyscale_FA_MoE.py - {'step': '485700', 'lr': '0.0002', 'total_loss': '0.00807234', 'main_loss': '0.00807234', 'time_per_step': '2.63249'}
2026-03-22 04:28:08,461 - train_greyscale_FA_MoE.py - {'step': '485800', 'lr': '0.0002', 'total_loss': '0.0109112', 'main_loss': '0.0109112', 'time_per_step': '2.59076'}
2026-03-22 04:32:39,260 - train_greyscale_FA_MoE.py - {'step': '485900', 'lr': '0.0002', 'total_loss': '0.00517231', 'main_loss': '0.00517231', 'time_per_step': '2.54744'}
2026-03-22 04:37:09,705 - train_greyscale_FA_MoE.py - {'step': '486000', 'lr': '0.0002', 'total_loss': '0.00944128', 'main_loss': '0.00944128', 'time_per_step': '2.53307'}
2026-03-22 04:41:41,057 - train_greyscale_FA_MoE.py - {'step': '486100', 'lr': '0.0002', 'total_loss': '0.00887377', 'main_loss': '0.00887377', 'time_per_step': '2.59509'}
2026-03-22 04:46:11,954 - train_greyscale_FA_MoE.py - {'step': '486200', 'lr': '0.0002', 'total_loss': '0.00646943', 'main_loss': '0.00646943', 'time_per_step': '2.66256'}
2026-03-22 04:50:42,033 - train_greyscale_FA_MoE.py - {'step': '486300', 'lr': '0.0002', 'total_loss': '0.00631702', 'main_loss': '0.00631702', 'time_per_step': '2.61753'}
2026-03-22 04:55:13,150 - train_greyscale_FA_MoE.py - {'step': '486400', 'lr': '0.0002', 'total_loss': '0.00682517', 'main_loss': '0.00682517', 'time_per_step': '2.61736'}
2026-03-22 04:59:44,111 - train_greyscale_FA_MoE.py - {'step': '486500', 'lr': '0.0002', 'total_loss': '0.00583437', 'main_loss': '0.00583437', 'time_per_step': '2.63258'}
2026-03-22 05:04:15,175 - train_greyscale_FA_MoE.py - {'step': '486600', 'lr': '0.0002', 'total_loss': '0.00688915', 'main_loss': '0.00688915', 'time_per_step': '2.62439'}
2026-03-22 05:08:45,979 - train_greyscale_FA_MoE.py - {'step': '486700', 'lr': '0.0002', 'total_loss': '0.0088155', 'main_loss': '0.0088155', 'time_per_step': '2.60988'}
2026-03-22 05:13:17,194 - train_greyscale_FA_MoE.py - {'step': '486800', 'lr': '0.0002', 'total_loss': '0.00766992', 'main_loss': '0.00766992', 'time_per_step': '2.62031'}
2026-03-22 05:17:47,289 - train_greyscale_FA_MoE.py - {'step': '486900', 'lr': '0.0002', 'total_loss': '0.00678318', 'main_loss': '0.00678318', 'time_per_step': '2.61534'}
2026-03-22 05:22:18,549 - train_greyscale_FA_MoE.py - {'step': '487000', 'lr': '0.0002', 'total_loss': '0.00830643', 'main_loss': '0.00830643', 'time_per_step': '2.68652'}
2026-03-22 05:26:49,033 - train_greyscale_FA_MoE.py - {'step': '487100', 'lr': '0.0002', 'total_loss': '0.00695966', 'main_loss': '0.00695966', 'time_per_step': '2.60144'}
2026-03-22 05:31:18,982 - train_greyscale_FA_MoE.py - {'step': '487200', 'lr': '0.0002', 'total_loss': '0.00812925', 'main_loss': '0.00812925', 'time_per_step': '2.56588'}
2026-03-22 05:35:50,819 - train_greyscale_FA_MoE.py - {'step': '487300', 'lr': '0.0002', 'total_loss': '0.00701939', 'main_loss': '0.00701939', 'time_per_step': '2.67921'}
2026-03-22 05:40:20,891 - train_greyscale_FA_MoE.py - {'step': '487400', 'lr': '0.0002', 'total_loss': '0.00722195', 'main_loss': '0.00722195', 'time_per_step': '2.69167'}
2026-03-22 05:44:51,909 - train_greyscale_FA_MoE.py - {'step': '487500', 'lr': '0.0002', 'total_loss': '0.005773', 'main_loss': '0.005773', 'time_per_step': '2.59773'}
2026-03-22 05:49:22,916 - train_greyscale_FA_MoE.py - {'step': '487600', 'lr': '0.0002', 'total_loss': '0.00518913', 'main_loss': '0.00518913', 'time_per_step': '2.59152'}
2026-03-22 05:53:53,018 - train_greyscale_FA_MoE.py - {'step': '487700', 'lr': '0.0002', 'total_loss': '0.00537088', 'main_loss': '0.00537088', 'time_per_step': '2.58512'}
2026-03-22 05:58:25,153 - train_greyscale_FA_MoE.py - {'step': '487800', 'lr': '0.0002', 'total_loss': '0.00533272', 'main_loss': '0.00533272', 'time_per_step': '2.61751'}
2026-03-22 06:02:56,152 - train_greyscale_FA_MoE.py - {'step': '487900', 'lr': '0.0002', 'total_loss': '0.00900061', 'main_loss': '0.00900061', 'time_per_step': '2.62491'}
2026-03-22 06:07:27,843 - train_greyscale_FA_MoE.py - {'step': '488000', 'lr': '0.0002', 'total_loss': '0.00643691', 'main_loss': '0.00643691', 'time_per_step': '2.60702'}
2026-03-22 06:11:59,357 - train_greyscale_FA_MoE.py - {'step': '488100', 'lr': '0.0002', 'total_loss': '0.00865332', 'main_loss': '0.00865332', 'time_per_step': '2.71192'}
2026-03-22 06:16:30,062 - train_greyscale_FA_MoE.py - {'step': '488200', 'lr': '0.0002', 'total_loss': '0.00948189', 'main_loss': '0.00948189', 'time_per_step': '2.61873'}
2026-03-22 06:21:00,155 - train_greyscale_FA_MoE.py - {'step': '488300', 'lr': '0.0002', 'total_loss': '0.00923079', 'main_loss': '0.00923079', 'time_per_step': '2.68809'}
2026-03-22 06:25:29,435 - train_greyscale_FA_MoE.py - {'step': '488400', 'lr': '0.0002', 'total_loss': '0.00553785', 'main_loss': '0.00553785', 'time_per_step': '2.53155'}
2026-03-22 06:30:01,097 - train_greyscale_FA_MoE.py - {'step': '488500', 'lr': '0.0002', 'total_loss': '0.0079023', 'main_loss': '0.0079023', 'time_per_step': '2.61293'}
2026-03-22 06:34:32,213 - train_greyscale_FA_MoE.py - {'step': '488600', 'lr': '0.0002', 'total_loss': '0.00989134', 'main_loss': '0.00989134', 'time_per_step': '2.6331'}
2026-03-22 06:39:03,071 - train_greyscale_FA_MoE.py - {'step': '488700', 'lr': '0.0002', 'total_loss': '0.00767338', 'main_loss': '0.00767338', 'time_per_step': '2.58547'}
2026-03-22 06:43:33,997 - train_greyscale_FA_MoE.py - {'step': '488800', 'lr': '0.0002', 'total_loss': '0.00574411', 'main_loss': '0.00574411', 'time_per_step': '2.61676'}
2026-03-22 06:48:05,452 - train_greyscale_FA_MoE.py - {'step': '488900', 'lr': '0.0002', 'total_loss': '0.00714708', 'main_loss': '0.00714708', 'time_per_step': '2.62747'}
2026-03-22 06:52:35,944 - train_greyscale_FA_MoE.py - {'step': '489000', 'lr': '0.0002', 'total_loss': '0.0065322', 'main_loss': '0.0065322', 'time_per_step': '2.62214'}
2026-03-22 06:57:07,594 - train_greyscale_FA_MoE.py - {'step': '489100', 'lr': '0.0002', 'total_loss': '0.00838975', 'main_loss': '0.00838975', 'time_per_step': '2.6264'}
2026-03-22 07:01:38,743 - train_greyscale_FA_MoE.py - {'step': '489200', 'lr': '0.0002', 'total_loss': '0.0067111', 'main_loss': '0.0067111', 'time_per_step': '2.61547'}
2026-03-22 07:06:08,469 - train_greyscale_FA_MoE.py - {'step': '489300', 'lr': '0.0002', 'total_loss': '0.00719101', 'main_loss': '0.00719101', 'time_per_step': '2.63755'}
2026-03-22 07:10:39,338 - train_greyscale_FA_MoE.py - {'step': '489400', 'lr': '0.0002', 'total_loss': '0.00678891', 'main_loss': '0.00678891', 'time_per_step': '2.6147'}
2026-03-22 07:15:10,410 - train_greyscale_FA_MoE.py - {'step': '489500', 'lr': '0.0002', 'total_loss': '0.0120554', 'main_loss': '0.0120554', 'time_per_step': '2.56392'}
2026-03-22 07:19:40,207 - train_greyscale_FA_MoE.py - {'step': '489600', 'lr': '0.0002', 'total_loss': '0.00516984', 'main_loss': '0.00516984', 'time_per_step': '2.5371'}
2026-03-22 07:24:11,864 - train_greyscale_FA_MoE.py - {'step': '489700', 'lr': '0.0002', 'total_loss': '0.00850494', 'main_loss': '0.00850494', 'time_per_step': '2.63135'}
2026-03-22 07:28:42,737 - train_greyscale_FA_MoE.py - {'step': '489800', 'lr': '0.0002', 'total_loss': '0.0106071', 'main_loss': '0.0106071', 'time_per_step': '2.66568'}
2026-03-22 07:33:18,135 - train_greyscale_FA_MoE.py - {'step': '489900', 'lr': '0.0002', 'total_loss': '0.00743354', 'main_loss': '0.00743354', 'time_per_step': '2.61487'}
2026-03-22 07:37:53,442 - train_greyscale_FA_MoE.py - {'step': '490000', 'lr': '0.0002', 'total_loss': '0.00898013', 'main_loss': '0.00898013', 'time_per_step': '2.61471'}
2026-03-22 07:42:34,095 - train_greyscale_FA_MoE.py - {'step': '490100', 'lr': '0.0002', 'total_loss': '0.00907988', 'main_loss': '0.00907988', 'time_per_step': '2.61609'}
2026-03-22 07:47:03,734 - train_greyscale_FA_MoE.py - {'step': '490200', 'lr': '0.0002', 'total_loss': '0.00695047', 'main_loss': '0.00695047', 'time_per_step': '2.62212'}
2026-03-22 07:51:33,690 - train_greyscale_FA_MoE.py - {'step': '490300', 'lr': '0.0002', 'total_loss': '0.00981839', 'main_loss': '0.00981839', 'time_per_step': '2.61155'}
2026-03-22 07:56:04,745 - train_greyscale_FA_MoE.py - {'step': '490400', 'lr': '0.0002', 'total_loss': '0.00544762', 'main_loss': '0.00544762', 'time_per_step': '2.60351'}
2026-03-22 08:00:36,534 - train_greyscale_FA_MoE.py - {'step': '490500', 'lr': '0.0002', 'total_loss': '0.00633092', 'main_loss': '0.00633092', 'time_per_step': '2.61711'}
2026-03-22 08:05:07,774 - train_greyscale_FA_MoE.py - {'step': '490600', 'lr': '0.0002', 'total_loss': '0.008468', 'main_loss': '0.008468', 'time_per_step': '2.62631'}
2026-03-22 08:09:37,572 - train_greyscale_FA_MoE.py - {'step': '490700', 'lr': '0.0002', 'total_loss': '0.00929547', 'main_loss': '0.00929547', 'time_per_step': '2.53996'}
2026-03-22 08:14:08,337 - train_greyscale_FA_MoE.py - {'step': '490800', 'lr': '0.0002', 'total_loss': '0.00430686', 'main_loss': '0.00430686', 'time_per_step': '2.53263'}
2026-03-22 08:18:39,595 - train_greyscale_FA_MoE.py - {'step': '490900', 'lr': '0.0002', 'total_loss': '0.00597873', 'main_loss': '0.00597873', 'time_per_step': '2.61616'}
2026-03-22 08:23:09,992 - train_greyscale_FA_MoE.py - {'step': '491000', 'lr': '0.0002', 'total_loss': '0.00903496', 'main_loss': '0.00903496', 'time_per_step': '2.61649'}
2026-03-22 08:27:39,565 - train_greyscale_FA_MoE.py - {'step': '491100', 'lr': '0.0002', 'total_loss': '0.009355', 'main_loss': '0.009355', 'time_per_step': '2.62363'}
2026-03-22 08:32:11,143 - train_greyscale_FA_MoE.py - {'step': '491200', 'lr': '0.0002', 'total_loss': '0.00779048', 'main_loss': '0.00779048', 'time_per_step': '2.61576'}
2026-03-22 08:36:41,709 - train_greyscale_FA_MoE.py - {'step': '491300', 'lr': '0.0002', 'total_loss': '0.00960365', 'main_loss': '0.00960365', 'time_per_step': '2.61882'}
2026-03-22 08:41:11,980 - train_greyscale_FA_MoE.py - {'step': '491400', 'lr': '0.0002', 'total_loss': '0.00689393', 'main_loss': '0.00689393', 'time_per_step': '2.65541'}
2026-03-22 08:45:42,745 - train_greyscale_FA_MoE.py - {'step': '491500', 'lr': '0.0002', 'total_loss': '0.00830812', 'main_loss': '0.00830812', 'time_per_step': '2.64118'}
2026-03-22 08:50:13,242 - train_greyscale_FA_MoE.py - {'step': '491600', 'lr': '0.0002', 'total_loss': '0.00691087', 'main_loss': '0.00691087', 'time_per_step': '2.63617'}
2026-03-22 08:54:44,013 - train_greyscale_FA_MoE.py - {'step': '491700', 'lr': '0.0002', 'total_loss': '0.00767969', 'main_loss': '0.00767969', 'time_per_step': '2.62821'}
2026-03-22 08:59:14,899 - train_greyscale_FA_MoE.py - {'step': '491800', 'lr': '0.0002', 'total_loss': '0.00602522', 'main_loss': '0.00602522', 'time_per_step': '2.60126'}
2026-03-22 09:03:45,662 - train_greyscale_FA_MoE.py - {'step': '491900', 'lr': '0.0002', 'total_loss': '0.00854447', 'main_loss': '0.00854447', 'time_per_step': '2.54778'}
2026-03-22 09:08:15,941 - train_greyscale_FA_MoE.py - {'step': '492000', 'lr': '0.0002', 'total_loss': '0.00726619', 'main_loss': '0.00726619', 'time_per_step': '2.5619'}
2026-03-22 09:12:46,209 - train_greyscale_FA_MoE.py - {'step': '492100', 'lr': '0.0002', 'total_loss': '0.0062648', 'main_loss': '0.0062648', 'time_per_step': '2.6077'}
2026-03-22 09:17:17,135 - train_greyscale_FA_MoE.py - {'step': '492200', 'lr': '0.0002', 'total_loss': '0.00602927', 'main_loss': '0.00602927', 'time_per_step': '2.6008'}
2026-03-22 09:21:47,798 - train_greyscale_FA_MoE.py - {'step': '492300', 'lr': '0.0002', 'total_loss': '0.00873255', 'main_loss': '0.00873255', 'time_per_step': '2.60426'}
2026-03-22 09:26:18,569 - train_greyscale_FA_MoE.py - {'step': '492400', 'lr': '0.0002', 'total_loss': '0.00787278', 'main_loss': '0.00787278', 'time_per_step': '2.67603'}
2026-03-22 09:30:48,932 - train_greyscale_FA_MoE.py - {'step': '492500', 'lr': '0.0002', 'total_loss': '0.0104393', 'main_loss': '0.0104393', 'time_per_step': '2.67569'}
2026-03-22 09:35:19,516 - train_greyscale_FA_MoE.py - {'step': '492600', 'lr': '0.0002', 'total_loss': '0.00536191', 'main_loss': '0.00536191', 'time_per_step': '2.69132'}
2026-03-22 09:39:49,989 - train_greyscale_FA_MoE.py - {'step': '492700', 'lr': '0.0002', 'total_loss': '0.00817799', 'main_loss': '0.00817799', 'time_per_step': '2.68722'}
2026-03-22 09:44:20,159 - train_greyscale_FA_MoE.py - {'step': '492800', 'lr': '0.0002', 'total_loss': '0.0119196', 'main_loss': '0.0119196', 'time_per_step': '2.68365'}
2026-03-22 09:48:51,249 - train_greyscale_FA_MoE.py - {'step': '492900', 'lr': '0.0002', 'total_loss': '0.00553536', 'main_loss': '0.00553536', 'time_per_step': '2.5902'}
2026-03-22 09:53:20,841 - train_greyscale_FA_MoE.py - {'step': '493000', 'lr': '0.0002', 'total_loss': '0.00630106', 'main_loss': '0.00630106', 'time_per_step': '2.6676'}
2026-03-22 09:57:52,400 - train_greyscale_FA_MoE.py - {'step': '493100', 'lr': '0.0002', 'total_loss': '0.00767221', 'main_loss': '0.00767221', 'time_per_step': '2.54548'}
2026-03-22 10:02:23,053 - train_greyscale_FA_MoE.py - {'step': '493200', 'lr': '0.0002', 'total_loss': '0.0075673', 'main_loss': '0.0075673', 'time_per_step': '2.54606'}
2026-03-22 10:06:53,837 - train_greyscale_FA_MoE.py - {'step': '493300', 'lr': '0.0002', 'total_loss': '0.00744729', 'main_loss': '0.00744729', 'time_per_step': '2.61101'}
2026-03-22 10:11:23,763 - train_greyscale_FA_MoE.py - {'step': '493400', 'lr': '0.0002', 'total_loss': '0.00703799', 'main_loss': '0.00703799', 'time_per_step': '2.61596'}
2026-03-22 10:15:54,461 - train_greyscale_FA_MoE.py - {'step': '493500', 'lr': '0.0002', 'total_loss': '0.00545235', 'main_loss': '0.00545235', 'time_per_step': '2.61866'}
2026-03-22 10:20:24,417 - train_greyscale_FA_MoE.py - {'step': '493600', 'lr': '0.0002', 'total_loss': '0.00765983', 'main_loss': '0.00765983', 'time_per_step': '2.60942'}
2026-03-22 10:24:55,228 - train_greyscale_FA_MoE.py - {'step': '493700', 'lr': '0.0002', 'total_loss': '0.00794538', 'main_loss': '0.00794538', 'time_per_step': '2.6428'}
2026-03-22 10:29:26,159 - train_greyscale_FA_MoE.py - {'step': '493800', 'lr': '0.0002', 'total_loss': '0.0137799', 'main_loss': '0.0137799', 'time_per_step': '2.64647'}
2026-03-22 10:33:55,837 - train_greyscale_FA_MoE.py - {'step': '493900', 'lr': '0.0002', 'total_loss': '0.0082321', 'main_loss': '0.0082321', 'time_per_step': '2.62739'}
2026-03-22 10:38:25,874 - train_greyscale_FA_MoE.py - {'step': '494000', 'lr': '0.0002', 'total_loss': '0.00808261', 'main_loss': '0.00808261', 'time_per_step': '2.61705'}
2026-03-22 10:42:56,699 - train_greyscale_FA_MoE.py - {'step': '494100', 'lr': '0.0002', 'total_loss': '0.00723246', 'main_loss': '0.00723246', 'time_per_step': '2.62455'}
2026-03-22 10:47:27,459 - train_greyscale_FA_MoE.py - {'step': '494200', 'lr': '0.0002', 'total_loss': '0.00718361', 'main_loss': '0.00718361', 'time_per_step': '2.60651'}
2026-03-22 10:51:58,010 - train_greyscale_FA_MoE.py - {'step': '494300', 'lr': '0.0002', 'total_loss': '0.00614155', 'main_loss': '0.00614155', 'time_per_step': '2.56102'}
2026-03-22 10:56:27,707 - train_greyscale_FA_MoE.py - {'step': '494400', 'lr': '0.0002', 'total_loss': '0.00860996', 'main_loss': '0.00860996', 'time_per_step': '2.53334'}
2026-03-22 11:01:00,170 - train_greyscale_FA_MoE.py - {'step': '494500', 'lr': '0.0002', 'total_loss': '0.010399', 'main_loss': '0.010399', 'time_per_step': '2.79465'}
2026-03-22 11:05:30,865 - train_greyscale_FA_MoE.py - {'step': '494600', 'lr': '0.0002', 'total_loss': '0.0086957', 'main_loss': '0.0086957', 'time_per_step': '2.62509'}
2026-03-22 11:10:02,634 - train_greyscale_FA_MoE.py - {'step': '494700', 'lr': '0.0002', 'total_loss': '0.00715343', 'main_loss': '0.00715343', 'time_per_step': '2.60177'}
2026-03-22 11:14:32,209 - train_greyscale_FA_MoE.py - {'step': '494800', 'lr': '0.0002', 'total_loss': '0.008401', 'main_loss': '0.008401', 'time_per_step': '2.63213'}
2026-03-22 11:19:01,946 - train_greyscale_FA_MoE.py - {'step': '494900', 'lr': '0.0002', 'total_loss': '0.00722876', 'main_loss': '0.00722876', 'time_per_step': '2.61054'}
2026-03-22 11:23:32,547 - train_greyscale_FA_MoE.py - {'step': '495000', 'lr': '0.0002', 'total_loss': '0.0109009', 'main_loss': '0.0109009', 'time_per_step': '2.62119'}
2026-03-22 11:28:02,300 - train_greyscale_FA_MoE.py - {'step': '495100', 'lr': '0.0002', 'total_loss': '0.00945683', 'main_loss': '0.00945683', 'time_per_step': '2.59945'}
2026-03-22 11:32:32,963 - train_greyscale_FA_MoE.py - {'step': '495200', 'lr': '0.0002', 'total_loss': '0.00931706', 'main_loss': '0.00931706', 'time_per_step': '2.61709'}
2026-03-22 11:37:02,872 - train_greyscale_FA_MoE.py - {'step': '495300', 'lr': '0.0002', 'total_loss': '0.00793146', 'main_loss': '0.00793146', 'time_per_step': '2.59878'}
2026-03-22 11:41:33,190 - train_greyscale_FA_MoE.py - {'step': '495400', 'lr': '0.0002', 'total_loss': '0.00573233', 'main_loss': '0.00573233', 'time_per_step': '2.63755'}
2026-03-22 11:46:03,254 - train_greyscale_FA_MoE.py - {'step': '495500', 'lr': '0.0002', 'total_loss': '0.00832197', 'main_loss': '0.00832197', 'time_per_step': '2.56135'}
2026-03-22 11:50:33,713 - train_greyscale_FA_MoE.py - {'step': '495600', 'lr': '0.0002', 'total_loss': '0.00551112', 'main_loss': '0.00551112', 'time_per_step': '2.53542'}
2026-03-22 11:55:04,150 - train_greyscale_FA_MoE.py - {'step': '495700', 'lr': '0.0002', 'total_loss': '0.0068557', 'main_loss': '0.0068557', 'time_per_step': '2.60019'}
2026-03-22 11:59:34,721 - train_greyscale_FA_MoE.py - {'step': '495800', 'lr': '0.0002', 'total_loss': '0.0081287', 'main_loss': '0.0081287', 'time_per_step': '2.61601'}
2026-03-22 12:04:05,268 - train_greyscale_FA_MoE.py - {'step': '495900', 'lr': '0.0002', 'total_loss': '0.00459597', 'main_loss': '0.00459597', 'time_per_step': '2.6108'}
2026-03-22 12:08:35,653 - train_greyscale_FA_MoE.py - {'step': '496000', 'lr': '0.0002', 'total_loss': '0.00881521', 'main_loss': '0.00881521', 'time_per_step': '2.61815'}
2026-03-22 12:13:05,776 - train_greyscale_FA_MoE.py - {'step': '496100', 'lr': '0.0002', 'total_loss': '0.00842002', 'main_loss': '0.00842002', 'time_per_step': '2.63299'}
2026-03-22 12:17:36,063 - train_greyscale_FA_MoE.py - {'step': '496200', 'lr': '0.0002', 'total_loss': '0.00570859', 'main_loss': '0.00570859', 'time_per_step': '2.61697'}
2026-03-22 12:22:06,684 - train_greyscale_FA_MoE.py - {'step': '496300', 'lr': '0.0002', 'total_loss': '0.0100075', 'main_loss': '0.0100075', 'time_per_step': '2.62131'}
2026-03-22 12:26:37,428 - train_greyscale_FA_MoE.py - {'step': '496400', 'lr': '0.0002', 'total_loss': '0.00777078', 'main_loss': '0.00777078', 'time_per_step': '2.61914'}
2026-03-22 12:31:07,149 - train_greyscale_FA_MoE.py - {'step': '496500', 'lr': '0.0002', 'total_loss': '0.00659199', 'main_loss': '0.00659199', 'time_per_step': '2.62002'}
2026-03-22 12:35:36,808 - train_greyscale_FA_MoE.py - {'step': '496600', 'lr': '0.0002', 'total_loss': '0.00796895', 'main_loss': '0.00796895', 'time_per_step': '2.63051'}
2026-03-22 12:40:07,276 - train_greyscale_FA_MoE.py - {'step': '496700', 'lr': '0.0002', 'total_loss': '0.00493612', 'main_loss': '0.00493612', 'time_per_step': '2.54459'}
2026-03-22 12:44:36,895 - train_greyscale_FA_MoE.py - {'step': '496800', 'lr': '0.0002', 'total_loss': '0.00500455', 'main_loss': '0.00500455', 'time_per_step': '2.53404'}
2026-03-22 12:49:08,054 - train_greyscale_FA_MoE.py - {'step': '496900', 'lr': '0.0002', 'total_loss': '0.00646085', 'main_loss': '0.00646085', 'time_per_step': '2.60579'}
2026-03-22 12:53:37,919 - train_greyscale_FA_MoE.py - {'step': '497000', 'lr': '0.0002', 'total_loss': '0.00432079', 'main_loss': '0.00432079', 'time_per_step': '2.61266'}
2026-03-22 12:58:09,136 - train_greyscale_FA_MoE.py - {'step': '497100', 'lr': '0.0002', 'total_loss': '0.00994133', 'main_loss': '0.00994133', 'time_per_step': '2.64246'}
2026-03-22 13:02:39,861 - train_greyscale_FA_MoE.py - {'step': '497200', 'lr': '0.0002', 'total_loss': '0.00798555', 'main_loss': '0.00798555', 'time_per_step': '2.64311'}
2026-03-22 13:07:09,978 - train_greyscale_FA_MoE.py - {'step': '497300', 'lr': '0.0002', 'total_loss': '0.00703542', 'main_loss': '0.00703542', 'time_per_step': '2.6184'}
2026-03-22 13:11:40,335 - train_greyscale_FA_MoE.py - {'step': '497400', 'lr': '0.0002', 'total_loss': '0.0122557', 'main_loss': '0.0122557', 'time_per_step': '2.61825'}
2026-03-22 13:16:09,907 - train_greyscale_FA_MoE.py - {'step': '497500', 'lr': '0.0002', 'total_loss': '0.00756658', 'main_loss': '0.00756658', 'time_per_step': '2.59854'}
2026-03-22 13:20:40,165 - train_greyscale_FA_MoE.py - {'step': '497600', 'lr': '0.0002', 'total_loss': '0.00883072', 'main_loss': '0.00883072', 'time_per_step': '2.60831'}
2026-03-22 13:25:10,599 - train_greyscale_FA_MoE.py - {'step': '497700', 'lr': '0.0002', 'total_loss': '0.0107215', 'main_loss': '0.0107215', 'time_per_step': '2.6128'}
2026-03-22 13:29:40,744 - train_greyscale_FA_MoE.py - {'step': '497800', 'lr': '0.0002', 'total_loss': '0.00817183', 'main_loss': '0.00817183', 'time_per_step': '2.61738'}
2026-03-22 13:34:11,566 - train_greyscale_FA_MoE.py - {'step': '497900', 'lr': '0.0002', 'total_loss': '0.00686784', 'main_loss': '0.00686784', 'time_per_step': '2.54695'}
2026-03-22 13:38:41,126 - train_greyscale_FA_MoE.py - {'step': '498000', 'lr': '0.0002', 'total_loss': '0.00802691', 'main_loss': '0.00802691', 'time_per_step': '2.53259'}
2026-03-22 13:43:12,848 - train_greyscale_FA_MoE.py - {'step': '498100', 'lr': '0.0002', 'total_loss': '0.00778198', 'main_loss': '0.00778198', 'time_per_step': '2.59911'}
2026-03-22 13:47:43,747 - train_greyscale_FA_MoE.py - {'step': '498200', 'lr': '0.0002', 'total_loss': '0.00816787', 'main_loss': '0.00816787', 'time_per_step': '2.65198'}
2026-03-22 13:52:13,947 - train_greyscale_FA_MoE.py - {'step': '498300', 'lr': '0.0002', 'total_loss': '0.0089491', 'main_loss': '0.0089491', 'time_per_step': '2.61211'}
2026-03-22 13:56:45,697 - train_greyscale_FA_MoE.py - {'step': '498400', 'lr': '0.0002', 'total_loss': '0.00834775', 'main_loss': '0.00834775', 'time_per_step': '2.60814'}
2026-03-22 14:01:16,505 - train_greyscale_FA_MoE.py - {'step': '498500', 'lr': '0.0002', 'total_loss': '0.00528173', 'main_loss': '0.00528173', 'time_per_step': '2.61946'}
2026-03-22 14:05:46,685 - train_greyscale_FA_MoE.py - {'step': '498600', 'lr': '0.0002', 'total_loss': '0.0118379', 'main_loss': '0.0118379', 'time_per_step': '2.60515'}
2026-03-22 14:10:17,431 - train_greyscale_FA_MoE.py - {'step': '498700', 'lr': '0.0002', 'total_loss': '0.00515042', 'main_loss': '0.00515042', 'time_per_step': '2.61804'}
2026-03-22 14:14:47,286 - train_greyscale_FA_MoE.py - {'step': '498800', 'lr': '0.0002', 'total_loss': '0.00819425', 'main_loss': '0.00819425', 'time_per_step': '2.59184'}
2026-03-22 14:19:18,156 - train_greyscale_FA_MoE.py - {'step': '498900', 'lr': '0.0002', 'total_loss': '0.00752244', 'main_loss': '0.00752244', 'time_per_step': '2.62116'}
2026-03-22 14:23:47,960 - train_greyscale_FA_MoE.py - {'step': '499000', 'lr': '0.0002', 'total_loss': '0.0111921', 'main_loss': '0.0111921', 'time_per_step': '2.60143'}
2026-03-22 14:28:18,874 - train_greyscale_FA_MoE.py - {'step': '499100', 'lr': '0.0002', 'total_loss': '0.00799559', 'main_loss': '0.00799559', 'time_per_step': '2.59293'}
2026-03-22 14:32:48,993 - train_greyscale_FA_MoE.py - {'step': '499200', 'lr': '0.0002', 'total_loss': '0.0107017', 'main_loss': '0.0107017', 'time_per_step': '2.58743'}
2026-03-22 14:37:19,294 - train_greyscale_FA_MoE.py - {'step': '499300', 'lr': '0.0002', 'total_loss': '0.0049875', 'main_loss': '0.0049875', 'time_per_step': '2.70505'}
2026-03-22 14:41:50,107 - train_greyscale_FA_MoE.py - {'step': '499400', 'lr': '0.0002', 'total_loss': '0.00933401', 'main_loss': '0.00933401', 'time_per_step': '2.67652'}
2026-03-22 14:46:20,776 - train_greyscale_FA_MoE.py - {'step': '499500', 'lr': '0.0002', 'total_loss': '0.00679444', 'main_loss': '0.00679444', 'time_per_step': '2.6856'}
2026-03-22 14:50:52,028 - train_greyscale_FA_MoE.py - {'step': '499600', 'lr': '0.0002', 'total_loss': '0.00826904', 'main_loss': '0.00826904', 'time_per_step': '2.60216'}
2026-03-22 14:55:22,652 - train_greyscale_FA_MoE.py - {'step': '499700', 'lr': '0.0002', 'total_loss': '0.00738548', 'main_loss': '0.00738548', 'time_per_step': '2.58624'}
2026-03-22 14:59:53,272 - train_greyscale_FA_MoE.py - {'step': '499800', 'lr': '0.0002', 'total_loss': '0.00718709', 'main_loss': '0.00718709', 'time_per_step': '2.60467'}
2026-03-22 15:04:23,990 - train_greyscale_FA_MoE.py - {'step': '499900', 'lr': '0.0002', 'total_loss': '0.00921', 'main_loss': '0.00921', 'time_per_step': '2.61907'}
2026-03-22 15:08:53,553 - train_greyscale_FA_MoE.py - {'step': '500000', 'lr': '0.0002', 'total_loss': '0.00548985', 'main_loss': '0.00548985', 'time_per_step': '2.59147'}
2026-03-22 15:08:53,590 - train_greyscale_FA_MoE.py - Saved expert distribution of layer in_block_0 to output_shift_fa/acdc_wholeheart_uncond_fa_ec_4moe8_greyscale_uvit_mid_4by4_l8r9_low16_Y_bound/samples/expert_distribution_in_block_0_step500000.npy
2026-03-22 15:08:56,159 - train_greyscale_FA_MoE.py - Saved expert distribution of layer out_block_7 to output_shift_fa/acdc_wholeheart_uncond_fa_ec_4moe8_greyscale_uvit_mid_4by4_l8r9_low16_Y_bound/samples/expert_distribution_out_block_7_step500000.npy
2026-03-22 15:08:58,483 - train_greyscale_FA_MoE.py - Save a grid of 16 samples into output_shift_fa/acdc_wholeheart_uncond_fa_ec_4moe8_greyscale_uvit_mid_4by4_l8r9_low16_Y_bound/samples/500000.png by DPM-Solver
2026-03-22 15:09:04,701 - train_greyscale_FA_MoE.py - Finished saving sample grid to output_shift_fa/acdc_wholeheart_uncond_fa_ec_4moe8_greyscale_uvit_mid_4by4_l8r9_low16_Y_bound/samples/500000.png by DPM-Solver.
2026-03-22 15:09:04,769 - train_greyscale_FA_MoE.py - Save and eval checkpoint 500000...
2026-03-22 15:09:07,508 - train_greyscale_FA_MoE.py - eval_step: n_samples=50000, sample_steps=50, algorithm=dpm_solver, mini_batch_size=500, samples save into output_shift_fa/acdc_wholeheart_uncond_fa_ec_4moe8_greyscale_uvit_mid_4by4_l8r9_low16_Y_bound/samples/acdc_wholeheart_uncond_uvit_FA_EC_4MoE8_greyscale_mid_4by4_low16_500000_dpm
2026-03-22 16:04:56,769 - train_greyscale_FA_MoE.py - step=500000 fid50000=11.035808963381328
2026-03-22 16:11:05,716 - is_lpips.py - LPIPS: 0.5143 ± 0.0492
2026-03-22 16:11:05,720 - train_greyscale_FA_MoE.py - step=500000 LPIPS50000=0.5143464750854977
2026-03-22 16:11:44,286 - train_greyscale_FA_MoE.py - Finish fitting, step=500000
2026-03-22 16:11:45,575 - train_greyscale_FA_MoE.py - all done!
